S02B0000433A2F55736572732F6A697368752F53696D706C696369747953747564696F2F76365F776F726B7386
S214000000C00A0020ED5100000D2002000D20020065
S214000010433C02000D2002000D2002000D200200CD
S2140000200D2002000D2002000D2002000D2002000F
S2140000300D2002000D200200951E02000D20020079
S2140000400D2002000D2002000D2002000D200200EF
S2140000500D2002000D2002000D2002000D200200DF
S2140000600D2002000D2002000D2002000D200200CF
S214000070C19400000D2002000D2002000D20020099
S2140000800D2002000D2002000D2002000D200200AF
S2140000900D200200995E00000D2002000D200200D7
S2140000A00D200200A55A0000855A00000D2002000F
S2140000B00D200200E5FB01000D200200890402006D
S2140000C089EB020085EB02002DFC01009FEB02008D
S2140000D08DEB02005904020091EB0200C9040200F5
S2140000E0E5E10100A9E30100350502000D2002004C
S2140000F00D2002000D2002000D2002000D2002003F
S2140001000D2002000D2002000D2002000D2002002E
S2140001100D2002000D2002000D2002000D2002001E
S2140001200D2002000D2002000D2002000D2002000E
S2140001300D2002000D20020071AB00004D450200AC
S21400014082B0BFF34F8FBFF36F8F30BF074BD3F82C
S214000150F030DB0704D500230193019B052B01DD5E
S21400016002B07047019B0133F6E700BF00ED00E0E8
S214000170000000000000000000000000000000007A
S2140001800348044B834202D0034B03B11847704721
S2140001908C2F00208C2F002000000000064B074903
S2140001A0C91A891048BF0131491003D0044B0BB15E
S2140001B001481847704700BF8C2F00208C2F002066
S2140001C00000000010B5064C237843B9FFF7D8FFAF
S2140001D0044B13B10448AFF300800123237010BD15
S2140001E09E240020000000005C73030008B5054B49
S2140001F01BB105490548AFF30080BDE80840FFF78E
S214000200CDBF00BF00000000500D00205C7303004F
S214000210A3F5803A704700BF174B002B08BF134B5F
S2140002209D46FFF7F5FF00218B460F461348144AFC
S214000230121A24F02AFA0E4B002B00D098470D4BCA
S214000240002B00D098470020002104000D000D4828
S214000250002802D00C48AFF300800BF0E5FB20002E
S214000260290024F075F90BF053F800BF00000800D1
S2140002700000000000000000C00A0020C00A0020A5
S214000280002A0020000000000000000030B585B005
S214000290054611F0BDF900284ED12A4B2877AB61F0
S2140002A0AB6843F48013AB6023F031FDAB68A880E5
S2140002B01B030CD4B0F5FA7F09D92FF084FF012177
S2140002C0044608462EF0C0FF20462FF077FF28464B
S2140002D011F0C6F9044680BBE86888B313F012FF35
S2140002E027F063FB25F063FE0FF068FA10F062F863
S2140002F028F023FC26F03BFE134A01AB1068516839
S214000300127A03C301A81A7026F0F8FB0446A0B9B7
S21400031002460221042027F039FB68468DF800408B
S21400032011F07AFB0321042013F09CF80A200DF04C
S21400033005FE284621F0A4FD0024204605B030BD69
S2140003400248CBE705040300E00603005C2F00200C
S21400035008B50449044819F0FBFEBDE8084019F04A
S21400036029BF00BFEC060300AC0703004FF0805225
S214000370014B5A60704700BF00ED00E008B52FF053
S21400038099FB024BC3E9000108BD00BFC00A00206C
S21400039008B52DED028B2FF08DFB0A4AD2E900320C
S2140003A0C01A61EB02010AF0DDFD08EE100A2FF01C
S2140003B09BFB00EE100AB8EE400A88EE000ABDEC81
S2140003C0028B08BDC00A0020012337B54FF47A71AE
S2140003D00093164A0023164805F0C0F8054618B3E1
S2140003E0144C1549206822F07CFD1449206822F040
S2140003F078FD21F06EFE21F06DFE114B114A009340
S21400040011495723206822F06CFD10492B46104AEC
S214000410206822F066FD284604F09AFF0D49206801
S21400042022F05FFD00BEFDE703B030BDA71E020050
S214000430680D0020140F0020D518030038080300AC
S214000440250903003D080300D8080300E708030059
S214000450E4080300FC08030037B5154805F060F80B
S214000460054618B3134C1449206822F03AFD134988
S214000470206822F036FD21F02CFE21F02BFE104BDA
S214000480104A009310496223206822F02AFD0F4983
S2140004902B460F4A206822F024FD284604F058FF19
S2140004A00C49206822F01DFD00BEFDE703B030BDFC
S2140004B0680D0020140F0020D5180300380803002C
S2140004C00D0903003D080300D8080300E7080300F1
S2140004D0E4080300FC080300012837B50C462AD0C0
S2140004E002284ED0002872D1002900F095804B4D8E
S2140004F04B49286822F0F5FC4A49286822F0F1FCAE
S21400050021F0E7FD21F0E6FD474B484A00934849B5
S2140005102C23286822F0E5FC46492346464A2868EC
S21400052022F0DFFC204604F013FF4449286822F03E
S214000530D8FC00BEFDE700296ED0384D3849286843
S21400054022F0CFFC3749286822F0CBFC21F0C1FD11
S21400055021F0C0FD344B354A0093354930232868D6
S21400056022F0BFFC33492346334A286822F0B9FC00
S214000570204604F0EDFE3249286822F0B2FC00BEA8
S214000580FDE7002948D0254D2549286822F0A9FC1A
S2140005902449286822F0A5FC21F09BFD21F09AFD55
S2140005A0214B224A009322493423286822F099FCE2
S2140005B020492346204A286822F093FC204604F06F
S2140005C0C7FE2049286822F08CFC00BEFDE719B360
S2140005D0124D1349286822F084FC1249286822F03C
S2140005E080FC21F076FD21F075FD0F4B0F4A00933D
S2140005F00F493823286822F074FC0E4923460E4A19
S214000600286822F06EFC204604F0A2FE0E492868F8
S21400061022F067FC00BEFDE703B030BD140F0020DB
S214000620D5180300380803006A0A03003E090300D1
S214000630D8080300E7080300E70D0300CE0903000F
S214000640F90903001F0A0300450A030000B589B034
S2140006501C22002101A824F018F819238DF8043074
S2140006600C4B0D4902930D4B01A8039302238DF802
S21400067010304FF4806305930A23ADF8183004F069
S21400068087FE014610B10020FFF726FF09B05DF88F
S21400069004FB00BF010C0000A00D0020D9040000E0
S2140006A0014B186821F058BDA00D002008B5064B78
S2140006B0186821F06DFD014620B1BDE80840012014
S2140006C0FFF70ABF08BD00BFA00D002008B5064B07
S2140006D0186821F06BFD014620B1BDE808400220F5
S2140006E0FFF7FABE08BD00BFA00D0020FF22114B89
S2140006F04FF6FF711A704FF0FF330F4A13600F4A20
S21400070013800F4A11800F4A0121138000230E4ADE
S21400071013700E4A13600E4A13600E4A13700E4A88
S21400072011700E4AC2E90F33C2E91133D382D36483
S214000730704700BF6D2F0020442A00206E2C00203A
S2140007406C2C00206A2C0020A0240020AC0D002079
S214000750A80D0020A12400206E2F0020502A002083
S21400076030B58BB005AB029306AB019304AD07AB77
S21400077000930C4603950A4908AB09AA0BF0D4F877
S21400078006280AD1631E053455F8042B03F8012FFA
S214000790A342F9D101200BB030BD0020FBE700BF1B
S2140007A07B0A030038B5054CA06B10B9A063012086
S2140007B038BD856822F0F7FF2846F6E7502A002065
S2140007C02DE9FF4104461B4D06222146284623F00C
S2140007D032FF68B3AF680FB13D46F5E70C2022F054
S2140007E0D5FE064620B3DFF858801349A860D8F82F
S2140007F0000022F076FB21F06CFC21F06BFC2378E5
S2140008000E49039363780293A3780193E3780093E9
S21400081023796279D8F8000022F063FB0120236870
S2140008202B60A388AF71AB80B76004B0BDE8F081E1
S2140008300020FAE7802A0020930A0300980A0300A3
S214000840140F002010B50446FFF7A2FDFCEEC07A98
S2140008500A4A0B4BC2ED147AD3ED007AB2EE007A58
S214000860F8EE677A67EE877A87EE807AFCEEC77ACC
S214000870C2ED0F7A0CB1C4ED007A10BD502A0020EC
S214000880AC0D00200B4B10B51B788BB10A4B5A7879
S214000890042A0DD0022807D1084A11600024987057
S2140008A021F004FB204610BD0128F7D1044AF4E7E6
S2140008B00224F5E7A4260020502A00204C2A002017
S2140008C0482A0020074B1B7853B1074B5A78042A56
S2140008D006D0D870013801288CBF2620002070472B
S2140008E002207047A4260020502A0020064B1B78C2
S2140008F043B1064B5B78042B04D10122044B002045
S2140009001A70704702207047A4260020502A002044
S214000910A3260020094B01461B7863B1084B5B7881
S214000920023B012B07D8074B082814BF02460422B7
S214000930187819F07BB90220704700BFA426002063
S214000940502A00206D2F0020064B1B7843B1064B23
S214000950187830B9054B5878043818BF012070470E
S21400096001207047A4260020A3240020502A00203F
S214000970064B1B7843B1064B1B782BB9054B5878B2
S214000980042818BF0120704701207047A4260020C5
S214000990A3240020502A0020F0B5334C85B0E3781D
S2140009A001278DF80D300023304AC4E91133136057
S2140009B02F4AE36313602F4AE36413702E4A0546FA
S2140009C017702E4A1370FFF747FD2D4B1B784BB957
S2140009D02FF0F9FB0646394638462EF035FC3046F1
S2140009E02FF0ECFB002D32D00DF10E0325492648E2
S2140009F000930122098800780DF10D0315F0F2F836
S214000A00054620B3214C2249206822F06AFA214983
S214000A10206822F066FA21F05CFB21F05BFB1E4B9F
S214000A201E4A00931E4940F2BA33206822F059FA53
S214000A301C492B461C4A206822F053FA284604F02C
S214000A4087FC1A49206822F04CFA00BEFDE7042015
S214000A50607009F069FF09F01BFFFFF78FFC21F0BB
S214000A6025FA05B0F0BD00BF502A0020AC0D0020CE
S214000A70A80D0020A12400206E2F0020A224002014
S214000A80A32400206A2C00206D2F0020140F0020C5
S214000A90D518030038080300D20F0300D70A030056
S214000AA0D8080300E7080300E4080300FC08030076
S214000AB008B5074B1B7843B1064B5B78032B04D174
S214000AC00120FFF769FF002008BD0220FCE700BFF9
S214000AD0A4260020502A0020002330B5364D0446B8
S214000AE0287885B08DF80D3000283CD1FFF7AAFE97
S214000AF001232B70314B002C38D083ED000A30498F
S214000B000DF10E032F4800930122098800780DF19D
S214000B100D0315F067F80546002849D02A4C2B49E6
S214000B20206822F0DEF92A49206822F0DAF921F05E
S214000B30D0FA21F0CFFA274B274A0093274940F2F4
S214000B407333206822F0CDF925492B46254A2068C4
S214000B5022F0C7F9284604F0FBFB2349206822F060
S214000B60C0F900BEFDE79FED210AC3E7204A1470D6
S214000B7000221A601F4B1B784BB92FF024FB05464A
S214000B80214601202EF060FB28462FF017FB1A4C5A
S214000B901A4B1968236D61640093E06BD4E9123236
S214000BA009F092FE0320607009F0BEFEFFF70CFC11
S214000BB021F07CF905B030BDA2240020A40D002051
S214000BC06A2C00206D2F0020140F0020D51803007B
S214000BD038080300B30F0300D70A0300D808030041
S214000BE0E7080300E4080300FC0803000000000018
S214000BF0A3260020A3240020502A0020A80D0020B1
S214000C0038B5FFF753FD1D4B1B781BB31C4B5A78AA
S214000C10042A1FD19D781B4C012D18D1FFF7B8FB75
S214000C20194BD3ED007AF8EE677AB4EEE70AF1EEE8
S214000C3010FA0CDB2570154CD4ED007AF5EE407AF0
S214000C40F1EE10FA0AD10120FFF746FF02E0237802
S214000C50002BF0D1BDE83840FFF738BDFFF798FB12
S214000C60D4ED007A30EE670AF7EE007AB4EEE70AC3
S214000C70F1EE10FAEEDD0020E6E700BFA426002025
S214000C80502A0020A3260020482A0020A40D002079
S214000C907F2337B58DF80730114B1878FF280ED014
S214000CA0104D6B78042B0AD00DF1070118F0D2FF17
S214000CB0044630B99DF90700287421F007F903B0FF
S214000CC030BD094D0949286822F00BF921F001FAD8
S214000CD021F000FA22460649286822F002F9EEE7DB
S214000CE06D2F0020502A0020140F0020930A0300C6
S214000CF0870B0300F8B50E461546114C114F04F04D
S214000D0021FA04F039F83946206822F0EAF821F092
S214000D10E0F921F0DFF932460B49206822F0E1F8CD
S214000D203946206822F0DDF821F0D3F921F0D2F917
S214000D302A4620680549BDE8F84022F0D2B800BF30
S214000D40140F00205F0B0300A80B0300B70B030073
S214000D5073B50446124D1349286822F0C2F821F0F4
S214000D60B8F921F0B7F91049104814F0020F14BF73
S214000D7002460A4614F0010F14BF03460B4614F051
S214000D80040F14BF06460E4614F0080F18BF01469F
S214000D90CDE900610649286822F0A3F802B070BDCC
S214000DA0140F00205F0B0300B8140300AA140300FE
S214000DB0C60B0300034610B5244C25492068052BB6
S214000DC03CD8DFE803F003131B232B3322F089F80B
S214000DD021F07FF921F07EF91E49206822F081F883
S214000DE020681D49BDE8104022F07BB822F079F853
S214000DF021F06FF921F06EF91849EEE722F071F84C
S214000E0021F067F921F066F91549E6E722F069F85E
S214000E1021F05FF921F05EF91249DEE722F061F871
S214000E2021F057F921F056F90F49D6E722F059F884
S214000E3021F04FF921F04EF90C49CEE722F051F897
S214000E4021F047F921F046F90949C6E7140F0020BA
S214000E505F0B03000A0C0300D51803001A0C0300EE
S214000E60300C0300400C0300530C03006E0C030010
S214000E70820C03002DE9F04F074688460024684D93
S214000E80164695F82C2085B00392664A03F1FF3982
S214000E90D2F800B04C4504DB05B0BDE8F04F21F0B9
S214000EA004B833195B7816F804A0092B09D1584604
S214000EB023F01FFCA31C02465946F01823F0BBFB88
S214000EC018B1A2440AF10104E4E7039B022BE3D124
S214000ED0AE6B554C2046A4681CB946B105B0BDE8BB
S214000EE0F08F0622394623F0A6FB0028F2D14F4C9D
S214000EF04F49206821F0F5FF21F0EBF821F0EAF8E1
S214000F004C49206821F0EDFF18F018FF064610B394
S214000F104949206821F0E5FF4849206821F0E1FFB3
S214000F2021F0D7F821F0D6F8454B464A00934649BB
S214000F30F323206821F0D5FF44493346444A20680D
S214000F4021F0CFFF304604F003FA4249206821F032
S214000F50C8FF00BEFDE74FF00109484685F82C9013
S214000F60FFF728FF3146DFF8F8A0CDF800A07A7921
S214000F703B79386843EA022363F30F014246AB79B4
S214000F8018F028FE2128054623D13349206821F091
S214000F90A8FF21F09EF821F09DF82B462C4A2B49FD
S214000FA0206821F09EFF284604F0D2F92B492068DD
S214000FB021F097FF3146CDF800A07A793B79386862
S214000FC043EA022363F30F0142464B4618F002FE43
S214000FD00546002D82D01849206821F082FF174967
S214000FE0206821F07EFF21F074F821F073F8144B8E
S214000FF0144A009314494FF48573206821F071FF5A
S21400100012492B46124A206821F06BFF284604F04E
S2140010109FF91049206821F064FF00BEFDE700BF7D
S214001020502A0020402A0020802A0020140F00208A
S2140010305F0B0300950C0300D51803003808030067
S21400104013100300D70A0300D8080300E7080300BC
S214001050E4080300FC080300930A0300A50C030041
S2140010606D2F002008B5FFF7F7F9FF220020054B8B
S2140010701A70054B83F82C00FFF79CFEBDE808406D
S214001080FFF734BB6D2F0020502A00207FB5784C28
S214001090FFF70CFB7749206821F023FF21F019F8B1
S2140010A021F018F87449206821F01BFF0022022066
S2140010B0724B734D1A7085F82C00FFF77BFE95F97E
S2140010C005106FF0630001EB81010DF10E0303AA1A
S2140010D0490018F041FE064618B36A49206821F018
S2140010E000FF6949206821F0FCFE20F0F2FF20F0A6
S2140010F0F1FF664B664A0093664940F22E3320683D
S21400110021F0EFFE64493346644A206821F0E9FE88
S214001110304604F01DF96249206821F0E2FE00BE68
S214001120FDE70A23BDF90E0090FBF3F040B22871EC
S21400113020F0C5FE294631F8080F14F09DFE06463D
S21400114018B35049206821F0CCFE4F49206821F0A2
S214001150C8FE20F0BEFF20F0BDFF4C4B4C4A00936B
S2140011604C4940F23333206821F0BBFE4A493346EF
S2140011704A4A206821F0B5FE304604F0E9F84849AE
S214001180206821F0AEFE00BEFDE747F6FF73CDE90E
S21400119000032B8DAA8C298CA88B18F0FBFC064626
S2140011A018B33849206821F09CFE3749206821F0A2
S2140011B098FE20F08EFF20F08DFF344B344A0093CB
S2140011C034494FF44F73206821F08BFE3249334682
S2140011D0324A206821F085FE304604F0B9F83049DE
S2140011E0206821F07EFE00BEFDE70121287E18F073
S2140011F091FD002837D001262A4920682E7621F056
S21400120070FE20F066FF20F065FF2749206821F079
S21400121068FE287E314618F07DFD054618B319494C
S214001220206821F05EFE1849206821F05AFE20F062
S21400123050FF20F04FFF154B154A0093154940F21A
S2140012404633206821F04DFE13492B46134A20688A
S21400125021F047FE284604F07BF81149206821F06B
S21400126040FE00BEFDE7FFF731FA04B070BD00BFD8
S214001270140F00205F0B0300110D0300A0240020B4
S214001280502A0020D518030038080300910F0300E9
S214001290D70A0300D8080300E7080300E4080300A1
S2140012A0FC080300930A0300260D030070B5FF2612
S2140012B092B0FFF7FBF920F0A6FE324600211E484A
S2140012C023F0E3F9002132461C4823F0DEF90A2217
S2140012D01B4C1C4B62712022C4E907224FF47A7221
S2140012E001252360002326812646A262164AC4E909
S2140012F0113384F82D306362E363E3641370A571E1
S2140013002576FFF7F3F9607809F00EFB16F8100B58
S21400131020F0CEFD31464422684623F0DDF994E8FD
S2140013200F0020F034FEFFF7B1FE084B1D7012B020
S214001330BDE87040FFF7CAB9A4250020A524002008
S214001340502A002001010001A4240020A426002029
S214001350F7B59B4D04462B78002B00F09E84FFF7D4
S214001360A5F92368974A23F47F4323F007039342A3
S21400137000F009812BD802F17F42934200F0788476
S21400138013D802F17F42934255D002F54032934281
S21400139000F06684A2F58022934241D0FFF796F9CA
S2140013A003B0BDE8F04020F081BD874A934200F0CC
S2140013B0808302F57C029342F0D123799B07EDD01F
S2140013C0237F002BEAD1A37F04F11F022EE07F4A81
S2140013D0934200F0E58010D802F17C42934200F080
S2140013E0198302F1FE7202F580329342D6D16079FB
S2140013F0774B987120F071FDD0E7764A934200F063
S2140014006C8302F1FE7202F580329342C6D1704BB5
S214001410B4F805001989588280B220F075FDBDE742
S21400142023799A07BAD0A37D04F11702E17A601DEA
S214001430FFF720FDB2E7684B207B684F19783870BD
S21400144018F024FC1128044624D1654D6549286807
S21400145021F047FD6449286821F043FD20F039FE5D
S21400146020F038FE614B624A009362494FF40973DC
S214001470286821F036FD60492346604A286821F036
S21400148030FD204603F064FF5D49286821F029FD01
S21400149000BEFDE720B3524D5249286821F021FDD9
S2140014A05149286821F01DFD20F013FE20F012FEA1
S2140014B04E4B4F4A00934F4940F22723286821F0AD
S2140014C010FD4D4923464D4A286821F00AFD204666
S2140014D003F03EFF4B49286821F003FD00BEFDE700
S2140014E002203B4D687009F01FFAA879FFF712FA40
S2140014F00446A8B13A4E4449306821F0F2FC20F088
S214001500E8FD20F0E7FD3C4923463C4A306821F0E0
S214001510E8FC204603F01CFF3C49306821F0E1FC63
S214001520032085F82C00FFF745FC1021384A387850
S21400153014F00AFB054600283FF430AF284C294932
S214001540206821F0CEFC2849206821F0CAFC20F053
S214001550C0FD20F0BFFD254B254A0093254940F2EB
S2140015603523206821F0BDFC23492B46234A2068FA
S21400157021F0B7FC284603F0EBFE2249206821F054
S214001580B0FC00BEFDE7B4F80500114BD860B4F817
S21400159007105962B4F809209A62FFF7ABFBFDE624
S2140015A01C4DB4F805402B78013B052B3FF6F6AEF4
S2140015B0DFE813F032009000A801F4002A010002D0
S2140015C0A4260020A0000602A0000901A00009062B
S2140015D0502A0020A0000907A42400206D2F002018
S2140015E0140F0020D5180300380803002510030048
S2140015F0D70A0300D8080300E7080300E40803003E
S214001600610D0300FC080300930A0300BC0D0300F1
S214001610791003009F24002000232B7024B3A84DCC
S214001620A849286821F05DFCA749286821F059FCE4
S21400163020F04FFD20F04EFDA44BA54A0093A5498F
S21400164040F23513286821F04CFCA3492346A34AF0
S214001650286821F046FC204603F07AFEA049286858
S21400166021F03FFC00BEFDE79E4B19689E4B1878A4
S21400167014F07EFA064620B3914C9249206821F079
S21400168030FC9149206821F02CFC20F022FD20F04F
S21400169021FD8E4B8E4A00938E4940F23913206806
S2140016A021F01FFC8C493346904A206821F019FC33
S2140016B0304603F04DFE8A49206821F012FC00BE39
S2140016C0FDE7022304202B70894B83F82C00FFF7DC
S2140016D071FB63E600232B7024B3794D79492868A3
S2140016E021F0FFFB7849286821F0FBFB20F0F1FC95
S2140016F020F0F0FC754B764A0093764940F2411391
S214001700286821F0EEFB74492346744A286821F0C5
S214001710E8FB204603F01CFE7149286821F0E1FB37
S21400172000BEFDE7734B1B780F2B7FF437AE05200A
S2140017306F4B83F82C00FFF73DFB6F4B0122198897
S214001740694B187814F028FA064620B35C4C5D49BD
S214001750206821F0C6FB5C49206821F0C2FB20F01F
S214001760B8FC20F0B7FC594B594A0093594940F24F
S2140017704713206821F0B5FB574933465B4A20687B
S21400178021F0AFFB304603F0E3FD5549206821F019
S214001790A8FB00BEFDE704232B70FFE500232B709B
S2140017A024B3474D4749286821F09BFB46492868E3
S2140017B021F097FB20F08DFC20F08CFC434B444A34
S2140017C0009344494FF4A773286821F08AFB4249E6
S2140017D02346424A286821F084FB204603F0B8FDE1
S2140017E03F49286821F07DFB00BEFDE70120404B05
S2140017F0987520F079FB414B022219883A4B1878ED
S21400180014F0CAF90523C7E724B32D4D2D492868DF
S21400181021F067FB2C49286821F063FB20F059FC77
S21400182020F058FC294B2A4A00932A4940F25913C3
S214001830286821F056FB28492346284A286821F0C4
S21400184050FB204603F084FD2549286821F049FB1B
S21400185000BEFDE70220264BD87520F04CFB284B37
S21400186001221988204B187814F096F9064620B302
S214001870134C1449206821F034FB1349206821F0EA
S21400188030FB20F026FC20F025FC104B104A00937D
S214001890104940F25F13206821F023FB0E493346BF
S2140018A0124A206821F01DFB304603F051FD0C491A
S2140018B0206821F016FB00BEFDE703236CE700BF9F
S2140018C0140F0020D518030038080300F20F030099
S2140018D0D70A0300D8080300E7080300DD0D03005D
S2140018E0FC080300442A00206D2F0020E4080300B3
S2140018F0502A0020A02400206E2C00206C2C0020F3
S2140019006A2C002000232B7024B39E4D9E49286825
S21400191021F0E7FA9D49286821F0E3FA20F0D9FB88
S21400192020F0D8FB9A4B9B4A00939B4940F26513E4
S214001930286821F0D6FA99492346994A286821F062
S214001940D0FA204603F004FD9649286821F0C9FA2B
S21400195000BEFDE7944B02221988944B187814F0C9
S2140019601BF9064620B3874C8749206821F0B9FA50
S2140019708649206821F0B5FA20F0ABFB20F0AAFBE0
S214001980834B844A0093844940F26913206821F00F
S214001990A8FA82493346864A206821F0A2FA3046E1
S2140019A003F0D6FC7F49206821F09BFA00BEFDE7D5
S2140019B00623F1E600232B7024B3724D7249286883
S2140019C021F08FFA7149286821F08BFA20F081FB0C
S2140019D020F080FB6E4B6F4A00936F4940F26F1306
S2140019E0286821F07EFA6D4923466D4A286821F062
S2140019F078FA204603F0ACFC6A49286821F071FAB0
S214001A0000BEFDE703206B4B587008F08DFFFEF715
S214001A10DBFCC3E4267A102E7FF4C0AC04F1090583
S214001A2032462946644822F006FE68B9A2796379F0
S214001A3043EA0223614A1380614B187840F00200A3
S214001A401870FFF785F9A9E4324629465D4822F06A
S214001A50F2FD50B9A279637943EA02235A4A138009
S214001A60574B187840F00100EAE7324629465748B7
S214001A7022F0E1FD50B9A279637943EA0223544A81
S214001A8013804F4B187840F00400D9E710222946FF
S214001A90504822F0D0FD00287FF480ACA27963790C
S214001AA043EA0223404A1380454B187840F008006A
S214001AB0C6E7627A102A7FF471AC474804F10A013F
S214001AC022F0B9FD00287FF469AC444BD4F8052019
S214001AD01A60434B01221A7060E43D4AB4F80530A0
S214001AE012889A4238D1237B002B31D00020FEF793
S214001AF053FF354AB4F8053012889A423BD02F4A35
S214001B0012889A427FF44AAC6289D1B290B2002918
S214001B1070D128498B6C01338B64324C254D236879
S214001B2003442360AB8A834202D0AA8220F0EAF9FB
S214001B302D4A136801331360AB78022B7FF42EAC6A
S214001B402A4B22681B689A42FFF428AC284BC1E750
S214001B500122274B1A70CCE7134A12889A42C8D142
S214001B60E3791D2B7FF41AAC207914F02BF80020B3
S214001B70FEF7B2FF12E4E3791D2BC5D1207914F0ED
S214001B8021F8C1E7140F0020D51803003808030019
S214001B90F20F0300D70A0300D8080300E708030083
S214001BA0DD0D0300FC080300682C00206D2F0020CC
S214001BB0E4080300502A0020591003006E2C002071
S214001BC0A0240020691003006C2C0020491003009C
S214001BD06A2C00203910030079100300442A0020E4
S214001BE09F240020AC0D0020A80D00204C2A0020C9
S214001BF0A32600202A4B267B1F782A4D3FB30027BA
S214001C002E701F702B789E420ED0DFF89CC098BFB7
S214001C10C3F16403DCF84C708CBFF31A9B19DBB27B
S214001C201F44CCF84C702E7001251A260C348D42B9
S214001C30BFF673AF6B1EB3FBF6FC06FB1C3314F843
S214001C40017F61339F427FF464AF0135EFE764277D
S214001C502B780133B3FBF7FC07FB1C332B70D1E763
S214001C60B4F80510104B1981588A89B2FFF7D5BB16
S214001C700D4C6378062B09D100232B706370FFF799
S214001C80F1F9607808F050FEFFF788BB0123637017
S214001C90FFF7E8F9FFF7FAF9F3E703B0F0BD00BF86
S214001CA06E2F0020A1240020502A002073B5204E5D
S214001CB096F82C30022B38D11E4C1F49206821F094
S214001CC010F920F006FA20F005FA1C49206821F0E9
S214001CD008F918F033F8054618B31949206821F0BA
S214001CE000F91849206821F0FCF820F0F2F920F0FD
S214001CF0F1F9154B154A009315494FF444732068C3
S214001D0021F0EFF813492B46134A206821F0E9F832
S214001D10284603F01DFB1149206821F0E2F800BEBA
S214001D20FDE786F82C00FFF745F802B070BD00BF4F
S214001D30502A0020140F00205F0B0300950C0300B0
S214001D40D5180300380803004C0F0300D70A030019
S214001D50D8080300E7080300E4080300FC080300B3
S214001D60F0B52F4B2F4C1B782646677893B0002B88
S214001D7053D0012F2AD02C4B187817F09BFF05461E
S214001D8030B32A4C2A49206821F0ABF8294920684C
S214001D9021F0A7F820F09DF920F09CF9264B274A61
S214001DA0009327494FF47573206821F09AF8254967
S214001DB02B46254A206821F094F8284603F0C8FAF6
S214001DC02249206821F08DF800BEFDE7FFF76EFF80
S214001DD0FF2200211E4822F058FCFF2200211D4849
S214001DE022F053FC012363700023C4E9113384F806
S214001DF02D30E363E364FEF779FC012F01D1FFF792
S214001E0045F9607808F090FD44221349684622F0B0
S214001E1063FC96E80F0020F0BAF813B0F0BD00BFE0
S214001E20A4260020502A00206D2F0020140F00202A
S214001E30D5180300380803006D0F0300D70A030007
S214001E40D8080300E7080300E4080300FC080300C2
S214001E50A4250020A5240020602A002070B5064690
S214001E600D461446FEF722FC0A4B1B787BB10A4B44
S214001E705A78042A0BD05E71084B1D70084B1C70F4
S214001E80FFF76EFF0024FEF721FC204670BD0224FB
S214001E90F9E700BFA4260020502A0020A424002032
S214001EA0A324002038B50F4D6B78042B17D0FFF70E
S214001EB0FDFE6B78012B0BD00B4B187817F0FAFE53
S214001EC0062304466B70687808F02EFD204638BD61
S214001ED00024064B6C701C70FFF7C4F8F3E702246E
S214001EE0F4E700BF502A00206D2F0020A426002013
S214001EF00E4B10B51B780E4C2BB920F0EAF820F0EC
S214001F00E9F80C490CE00C4B5B78042BF5D1FEF796
S214001F10EDFC0028F1D120F0DCF820F0DBF80749D2
S214001F202068BDE8104020F0DCBF00BFA4260020DB
S214001F30140F0020EE0D0300502A0020F50D0300BC
S214001F40124B10B51B78124C2BB920F0C2F820F0BB
S214001F50C1F8104915E0104B5B78032BF5D1D0E99A
S214001F60023253F822301878FEF7ACFC0028ECD189
S214001F70FEF79EFD0028E8D120F0ABF820F0AAF886
S214001F8006492068BDE8104020F0ABBFA42600201C
S214001F90140F0020EE0D0300502A0020F50D03005C
S214001FA038B52E4B2E4C1B784BB920F092F820F00B
S214001FB091F82C492068BDE8384020F092BF2A4DA1
S214001FC06B78013B032B3DD8DFE803F02A0230365E
S214001FD020F07FF820F07EF82449206820F081FF6A
S214001FE020F077F820F076F82149206820F079FF75
S214001FF02B786BBB20F06DF820F06CF81D4920683C
S21400200020F06FFF20F065F820F064F8184920688B
S21400201020F067FF20F05DF820F05CF81649C9E76D
S21400202020F057F820F056F81449D6E720F051F87B
S21400203020F050F81249D0E720F04BF820F04AF88C
S2140020401049CAE720F045F820F044F80E49C4E7E6
S21400205020F03FF820F03EF80C49D0E7A4260020F8
S214002060140F0020EE0D0300502A0020F90D030087
S214002070D51803003B0E0300F50D0300070E030002
S214002080140E0300230E03002F0E03004C0E030055
S214002090124B10B51B78124C2BB920F01AF820F012
S2140020A019F8104915E0104B5B78042BF5D0D0E9F1
S2140020B0023203EB8201496853F822300988187807
S2140020C0FEF7E0FB0028E8D120F003F820F002F845
S2140020D006492068BDE8104020F003BFA426002073
S2140020E0140F0020EE0D0300502A0020F50D03000B
S2140020F0144B13B51B78144C53B91FF0EAFF1FF0AE
S214002100E9FF1249206802B0BDE8104020F0E9BEA1
S2140021101FF0DFFF1FF0DEFF0D49206820F0E1FE14
S2140021201FF0D7FF1FF0D6FF0A4B0B4A1B680B4960
S21400213000930B4B92781B68206820F0D2FE02B00A
S21400214010BD00BFA4260020140F0020EE0D0300D3
S2140021505A0E0300482A0020502A0020690E030069
S2140021604C2A0020294B37B51B78294C53B91FF051
S214002170B0FF1FF0AFFF2749206803B0BDE830402E
S21400218020F0AFBE244B5B78042BF0D0D0E90230B1
S21400219003EB80018A68496812780978003A53F898
S2140021A0203018BF0122003918BF012193F9000022
S2140021B0FFF754FE054628B91FF08BFF1FF08AFF75
S2140021C01649D9E71649206820F08BFE1549206885
S2140021D020F087FE1FF07DFF1FF07CFF124B134A96
S2140021E00093134940F25673206820F07AFE114996
S2140021F02B46114A206820F074FE284603F0A8F803
S2140022000E49206820F06DFE00BEFDE7A4260020E3
S214002210140F0020EE0D0300502A0020F50D0300D9
S214002220D518030038080300280F0300D70A030058
S214002230D8080300E7080300E4080300FC080300CE
S214002240144B13B51B78144C53B91FF042FF1FF004
S21400225041FF1249206802B0BDE8104020F041BEA0
S2140022601FF037FF1FF036FF0D49206820F039FEBB
S2140022701FF02FFF1FF02EFF0A4B0B4A1B780B494F
S21400228000930B4B92F904201B78206820F029FE5F
S21400229002B010BDA4260020140F0020EE0D03008F
S2140022A0750E0300A3240020502A0020880E030089
S2140022B0A4240020124B10B51B78124C4BB91FF00B
S2140022C008FF1FF007FF20680F49BDE8104020F008
S2140022D008BE0E4B5A78042AF1D0D0E9022152F8F3
S2140022E0212012781A811FF0F4FE1FF0F3FE2068FA
S2140022F0074920F0F6FDBDE81040FFF731BD00BFEE
S214002300A4260020140F0020EE0D0300502A002003
S214002310F50D0300114B10B51B78114C4BB91FF08F
S214002320D8FE1FF0D7FE20680E49BDE8104020F00A
S214002330D8BD1FF0CEFE1FF0CDFE0B49206820F062
S214002340D0FD1FF0C6FE1FF0C5FE084B20681A8998
S2140023500749BDE8104020F0C4BD00BFA4260020F9
S214002360140F0020EE0D0300920E0300502A0020EA
S2140023708E0E0300104B10B51B78104C4BB91FF097
S214002380A8FE1FF0A7FE0E492068BDE8104020F00A
S214002390A8BD0C4B5A78042AF1D0D0E9022152F895
S2140023A0212012781A76FFF7DBFC1FF092FE1FF052
S2140023B091FE0549E8E700BFA4260020140F002080
S2140023C0EE0D0300502A0020F50D030038B5124B21
S2140023D0124C1B782BB91FF07CFE1FF07BFE1049B9
S2140023E010E0104B5A78042AF5D0D0E9021551F8BF
S2140023F02510012A08780AD198711FF06AFE1FF08E
S21400240069FE09492068BDE8384020F06ABDFEF73D
S21400241081FA0028DFD1F0E7A4260020140F002060
S214002420EE0D0300502A0020F50D0300114B10B5E9
S2140024301B78114C4BB91FF04CFE1FF04BFE20686A
S2140024400E49BDE8104020F04CBD1FF042FE1FF0C4
S21400245041FE0B49206820F044FD1FF03AFE1FF0B5
S21400246039FE084A206893790749127EBDE8104075
S21400247020F037BDA4260020140F0020EE0D030028
S214002480980E0300502A00208B0E030038B5174B19
S214002490174C1B784BB91FF01CFE1FF01BFE206864
S2140024A01449BDE8384020F01CBD134A5378042B6D
S2140024B0F1D0D0E9023153F8210003EB81035968CB
S2140024C0056808689968DB6809681B68C2E90750F0
S2140024D0C2E909131FF0FDFD1FF0FCFD2068074947
S2140024E020F0FFFCBDE83840FFF73ABCA4260020E9
S2140024F0140F0020EE0D0300502A0020F50D0300F7
S214002500144B13B51B78144C53B91FF0E2FD1FF0A3
S214002510E1FD1249206802B0BDE8104020F0E1BCA1
S2140025201FF0D7FD1FF0D6FD0D49206820F0D9FC1E
S2140025301FF0CFFD1FF0CEFD0A4A0B49936A0193A8
S214002540536A00932068D2E9072320F0CAFC02B041
S21400255010BD00BFA4260020140F0020EE0D0300BF
S214002560A60E0300502A0020BB0E03001A4B13B51C
S2140025701B781A4C53B91FF0ACFD1FF0ABFD184981
S214002580206802B0BDE8104020F0ABBC154B5B786D
S214002590042BF0D0D0E90232694653F82200FEF749
S2140025A0DFF878B16846FEF70BF958B11FF091FDD9
S2140025B01FF090FD0C49206820F093FCFFF7D0FB3D
S2140025C002B010BD1FF085FD1FF084FD0449206891
S2140025D020F087FCF4E700BFA4260020140F00209C
S2140025E0EE0D0300502A0020F50D0300104B10B529
S2140025F01B78104C4BB91FF06CFD1FF06BFD20686C
S2140026000D49BDE8104020F06CBC0C4B5B78042BE9
S214002610F1D0FEF7C7F81FF05CFD1FF05BFD2068E9
S214002620074920F05EFCBDE81040FFF799BB00BFED
S214002630A4260020140F0020EE0D0300502A0020D0
S214002640F50D03007FB5264B264D1B7853B91FF0BA
S21400265040FD1FF03FFD2449286804B0BDE87040E7
S21400266020F03FBC1FF035FD1FF034FD1F492868E1
S21400267020F037FC1FF02DFD1FF02CFD1C492868AC
S21400268020F02FFC1FF025FD1FF024FD19492868B7
S21400269020F027FC1FF01DFD1FF01CFD14492868C4
S2140026A020F01FFC144C154EA3682BB91FF011FD2B
S2140026B01FF010FD0E49CFE71FF00BFD1FF00AFDBF
S2140026C0217823796279039161780291A17801914A
S2140026D0E17800912868314620F003FCA468E3E71F
S2140026E0A4260020140F0020EE0D0300CC0E0300DD
S2140026F0D70E0300EE0E0300802A0020050F03000D
S214002700012837B50C462AD002284ED0002872D1B0
S214002710002900F095804B4D4B49286820F0E1FBDE
S2140027204A49286820F0DDFB1FF0D3FC1FF0D2FCDE
S214002730474B484A009348492C23286820F0D1FB91
S21400274046492346464A286820F0CBFB204602F03E
S214002750FFFD4449286820F0C4FB00BEFDE70029C1
S2140027606ED0384D3849286820F0BBFB37492868BA
S21400277020F0B7FB1FF0ADFC1FF0ACFC344B354A25
S214002780009335493023286820F0ABFB33492346B5
S214002790334A286820F0A5FB204602F0D9FD3249CE
S2140027A0286820F09EFB00BEFDE7002948D0254D96
S2140027B02549286820F095FB2449286820F091FBDD
S2140027C01FF087FC1FF086FC214B224A009322490B
S2140027D03423286820F085FB20492346204A2868B1
S2140027E020F07FFB204602F0B3FD2049286820F049
S2140027F078FB00BEFDE719B3124D1349286820F098
S21400280070FB1249286820F06CFB1FF062FC1FF07A
S21400281061FC0F4B0F4A00930F493823286820F0BD
S21400282060FB0E4923460E4A286820F05AFB2046D5
S21400283002F08EFD0E49286820F053FB00BEFDE72F
S21400284003B030BD140F0020D5180300380803006D
S2140028502F11030099100300D8080300E7080300AF
S214002860E70D0300CE090300F90903001F0A030061
S214002870450A030000B589B01C22002101A821F0FA
S21400288004FF19238DF804300C4B0D4902930D4BB1
S21400289001A8039302238DF810304FF4806305934C
S2140028A00A23ADF8183002F073FD014610B100207F
S2140028B0FFF726FF09B05DF804FB00BFB530000047
S2140028C0B00D002001270000014B18681FF044BC23
S2140028D0B00D002008B5064B18681FF059FC0146DD
S2140028E020B1BDE808400120FFF70ABF08BD00BFC1
S2140028F0B00D002008B5064B18681FF057FC0146BF
S21400290020B1BDE808400220FFF7FABE08BD00BFB0
S214002910B00D0020F0B501201A250D4C0D4A237885
S2140029200D4916880B70864207DC64220133B3FB20
S214002930F2F102FB11332370F0BD421EB2FBF5F735
S21400294005FB1722613201F8012F0130EBE700BFCB
S214002950A526002054240020B2270020F0B5012030
S2140029601A250D4C0D4A23780D4916880B708642A1
S21400297007DC64220133B3FBF2F102FB1133237050
S214002980F0BD421EB2FBF5F705FB1722613201F8D7
S214002990012F0130EBE700BFA526002056240020BB
S2140029A0B32600200122014B1A707047B126002082
S2140029B00122014B1A707047B026002038B5FFF789
S2140029C089FF1C4B1C481A781AB10389023B9342B4
S2140029D002DC0289033A92B2184B1A80184B1B7815
S2140029E01BB101890239994221DC418A99B10389D8
S2140029F08BB19942134C09D85B1A043393FBF1F35D
S214002A00013313FB01F3073B238004E0CD1A042DAA
S214002A100BDC07392180C3789B075CBF094B1A88FB
S214002A20BDE838408282FFF765BF033BECE7054907
S214002A300B80F0E7AA2600206C0E0020562400200B
S214002A40AB26002054240020FF2208B5094B0A4874
S214002A501A7002F065FD094802F062FD0023084A7C
S214002A60D382084A1370084A1370BDE808401FF066
S214002A7056BA00BF722F0020340E0020FC0D002036
S214002A806C0E0020B5280020B428002038B5044677
S214002A900D46FFF71FFF0B4B1B788BB10A4B5A787E
S214002AA0042A0DD0022C07D1084A15609C70002419
S214002AB0FFF720FF204638BD012CF7D1044AF4E783
S214002AC00224F5E7B32800206C0E0020AC2A002074
S214002AD0A82A002010B5FFF7FDFE084B1B785BB157
S214002AE0074B5B78042B07D101220024054B1A7094
S214002AF0FFF700FF204610BD0224F9E7B3280020A8
S214002B006C0E0020B2280020064B1B7843B1064B03
S214002B10187830B9054B5878043818BF012070472C
S214002B2001207047B3280020B22600206C0E00203B
S214002B30064B1B7843B1064B1B782BB9054B5878D0
S214002B40042818BF0120704701207047B3280020D2
S214002B50B22600206C0E002038B5174D6B78042B7B
S214002B6027D0164B1878FF2809D16B78012B13D184
S214002B700024134B6C701C70FFF766FF13E016F012
S214002B8083FF044630B90F4B187816F07DFF0446D5
S214002B900028EAD0204638BD0B4B187817F08AF884
S214002BA0062304466B70687807F0D2FE1FF0B7F96C
S214002BB0F0E70224EEE700BF6C0E0020712F002025
S214002BC0B3280020702F0020722F002008B50B4B72
S214002BD09A7D012A02D0DA7D022A0CD1084A1278A0
S214002BE04AB1084A1278002A0CBF02200320587007
S214002BF007F0AEFE08BD0220F9E700BF6C0E00200D
S214002C00B5280020B4280020002337B50121544AF7
S214002C10544C1360544A05461370544A5448136083
S214002C20544AC4E912331370534AE3631170534A8B
S214002C3063641370524A1370524A1370524A1370E8
S214002C4002F06EFC514802F06BFC514802F068FC42
S214002C50E378DA0701D5FFF75DFEE3789B0701D539
S214002C60FFF77CFE002D2DD04A48012223214A4B37
S214002C70007813F065F9054620B3484C48492068AB
S214002C8020F02FF94749206820F02BF91FF021FA91
S214002C901FF020FA444B454A0093454940F2CF23A3
S214002CA0206820F01EF943492B46434A206820F04E
S214002CB018F9284602F04CFB4049206820F011F92C
S214002CC000BEFDE7A378012B2ED100233C490093DC
S214002CD03C4A09682D4802F041FC054620B32F4CBB
S214002CE02F49206820F0FDF82E49206820F0F9F8DA
S214002CF01FF0EFF91FF0EEF92B4B2C4A00932C49EE
S214002D004FF43673206820F0ECF82A492B462A4AFE
S214002D10206820F0E6F8284602F01AFB27492068CB
S214002D2020F0DFF800BEFDE7274B1B784BB92DF0EF
S214002D304AFA0121054608462CF086FA28462DF068
S214002D403DFA0420607007F003FE07F05DFD2CF0EE
S214002D50B1FE1E4B186003B0BDE830401FF0DFB870
S214002D60B80D00206C0E0020A5260020B40D002013
S214002D70C40D0020A92600206F2F0020B0260020BA
S214002D80AF260020AD260020B1260020FC0D002036
S214002D90340E0020722F0020FB130300140F0020B7
S214002DA0D518030038080300E4120300401103009E
S214002DB0D8080300E7080300E4080300FC08030043
S214002DC0A82A0020A5290000B2260020C00D002059
S214002DD02DE9F04117461E46174C184DDDF81880B1
S214002DE007F02EFD2946206820F07BF81FF071F9C9
S214002DF01FF070F93A461249206820F072F829460A
S214002E00206820F06EF81FF064F91FF063F9324670
S214002E100C49206820F065F82946206820F061F803
S214002E201FF057F91FF056F9424620680649BDE8DC
S214002E30F04120F056B800BF140F00205F0B0300CF
S214002E40640B0300700B03007B0B03002DE9F043BB
S214002E502DED028B794C83B00646FFF73BFD637879
S214002E60052B28D00025052375486370E57002F011
S214002E7057FB744B1E70744B1D70744B1D70744B57
S214002E801D70744B1D70744B1D70744B1D70EEB12D
S214002E90734801222321734B007813F051F8002861
S214002EA000F08A80FFF726FD03B0BDEC028BBDE87C
S214002EB0F0431FF034B81EB1634B1B78002BE7D0ED
S214002EC0DFF8888198F80030002B7BD12CF0F2FDDB
S214002ED0654B664D1B68C01A07EE900A644BB8EE49
S214002EE0678A1B68286063642CF0FEFD07EE100AF4
S214002EF0B8EE477AC8EE077A5E4BFCEEE77A93EDBB
S214002F00008AC4ED147AB8EE488AF2EE007AD5ED5F
S214002F10008A28EE278A2CF0E7FD07EE900AF8EEE6
S214002F20688AF8EE677A88EEA77AC8EE077A0023F2
S214002F30FCEEE77A464A4A481370474A2721137040
S214002F4000784D4B0422C4ED0F7A13F011F80346B7
S214002F500028A7D101213D4A117000904FF4FA7164
S214002F60464A374802F0FAFA054600289AD0444CFA
S214002F70444920681FF0B5FF434920681FF0B1FFA1
S214002F801FF0A7F81FF0A6F8404B414A00934149AE
S214002F904FF41E7320681FF0A4FF3F492B463F4A9C
S214002FA020681FF09EFF284602F0D2F93C492068B0
S214002FB01FF097FF00BEFDE70122234B1A70234B3C
S214002FC018706FE7224F244E3B781BB93378002BDE
S214002FD03FF468AF334B93F80090B9F1000F09D176
S214002FE02DF0F1F80546494601202CF02DF928462B
S214002FF02DF0E4F8FFF7EAFD0023134A88F80030C6
S2140030001370144A3B701370012233704FF47A71B8
S21400301000922548254A02F0A1FA254B1B7823B1D9
S214003020616CE06B07F00CFC3CE7236D0093616C71
S214003030E06BD4E91232FFF7CBFE33E76C0E0020CC
S214003040C40D0020B1280020AE260020AF260020A8
S214003050AD260020B1260020B0260020B228002091
S214003060722F0020FA130300C00D0020BC0D0020B4
S214003070B40D0020B80D0020A80E0020B1290000D5
S214003080140F0020D5180300380803004A13030065
S21400309040110300D8080300E7080300E408030013
S2140030A0FC080300B2260020340E00200939000078
S2140030B0A8260020624B2DE9F3411F78002F40F030
S2140030C0BB80604C6378042B40F0AD80E3789A07B1
S2140030D026D55D4E3378002B3ED0DFF8908198F8E9
S2140030E00030002B33D0594D594B2A681B8859485D
S2140030F01344594A2B6013680133136002F010FA28
S214003100A3783770022B88F8007019D1534B2A68C1
S2140031101B689A4214D30120FFF798FE1EF0FFFEAC
S214003120E378DB0740F188804D4B1A78002A58D0A8
S2140031300120FFF78BFE02B0BDE8F0411EF0EFBEA7
S214003140484B1A78002AE9D000221A70E3E7464B6B
S2140031501B78002BE2D0DEE7414B1D78002DDAD13C
S214003160FFF7FCFB414B3B481D7002F0D9F9384A8B
S2140031703F481B213F4B1288007812F0F9FE0123CE
S2140031804FF4FA7133703C4A2B460095314802F0F2
S214003190E5F905460028C1D0384C394920681FF0AB
S2140031A0A0FE384920681FF09CFE1EF092FF1EF01D
S2140031B091FF354B354A0093354940F2433320683A
S2140031C01FF08FFE33492B46334A20681FF089FED6
S2140031D0284602F0BDF8314920681FF082FE00BE86
S2140031E0FDE7204B197809B11A70A1E72C4D20484D
S2140031F01F212C4B2A88007812F0A2FE00289AD1B4
S214003200124B2D881A681544134A1D601368013343
S2140032101360FFF77FFBA378022B8CD10F4B1B6844
S2140032209D4288D384E7052B06D11F4B187802B041
S214003230BDE8F041FFF70ABE02B0BDE8F08100BF6E
S214003240A82600206C0E0020AF260020B80D002017
S21400325056240020C40D0020B40D0020AC2A002007
S214003260B2280020B1260020B0260020AD2600207F
S214003270722F0020B3260020B1290000140F002072
S214003280D5180300380803006C1303004011030030
S214003290D8080300E7080300E4080300FC0803005E
S2140032A054240020B2270020B1280020F0B5AA4DF3
S2140032B085B0AA4CFFF70EFBA94F287816F0E4FB62
S2140032C0207816F0E1FB97F905106FF0630001EB2C
S2140032D081010DF10E0303AA490016F03DFD0646D6
S2140032E020B3A04CA04920681FF0FBFD9F49206832
S2140032F01FF0F7FD1EF0EDFE1EF0ECFE9C4B9D4A07
S21400330000939D4940F2251320681FF0EAFD9B4973
S21400331033469B4A20681FF0E4FD304602F018F85A
S214003320984920681FF0DDFD00BEFDE70A23BDF9C1
S2140033300E0090FBF3F040B238711EF0F2FD3946F5
S21400334031F8080F12F098FD064620B3854C8649E2
S21400335020681FF0C6FD854920681FF0C2FD1EF0DC
S214003360B8FE1EF0B7FE824B824A0093824940F2B6
S2140033702B1320681FF0B5FD80493346804A20682D
S2140033801FF0AFFD304601F0E3FF7E4920681FF0D6
S214003390A8FD00BEFDE7287816F086FB207816F01C
S2140033A083FB284616F00EFB064620B36D4C6E498E
S2140033B020681FF096FD6D4920681FF092FD1EF0F4
S2140033C088FE1EF087FE6A4B6A4A00936A494FF4ED
S2140033D09B7320681FF085FD68493346684A20685D
S2140033E01FF07FFD304601F0B3FF664920681FF0EE
S2140033F078FD00BEFDE70221287816F065FB06463C
S21400340020B3584C584920681FF06BFD5749206878
S2140034101FF067FD1EF05DFE1EF05CFE544B554A25
S2140034200093554940F23B1320681FF05AFD53495C
S2140034303346534A20681FF054FD304601F088FF9B
S214003440504920681FF04DFD00BEFDE7C8220090E1
S21400345003461146287816F0CFFA064620B3414CAC
S214003460414920681FF03DFD404920681FF039FDA6
S2140034701EF02FFE1EF02EFE3D4B3E4A00933E49A8
S2140034804FF4A17320681FF02CFD3C4933463C4A9C
S21400349020681FF026FD304601F05AFF39492068A3
S2140034A01FF01FFD00BEFDE70721287816F0C4FABE
S2140034B0064620B32B4C2C4920681FF012FD2B49E2
S2140034C020681FF00EFD1EF004FE1EF003FE284BC3
S2140034D0284A0093284940F2451320681FF001FD52
S2140034E026493346264A20681FF0FBFC304601F08A
S2140034F02FFF244920681FF0F4FC00BEFDE7287863
S214003500022116F0F5FA054600283DD0154C16495E
S21400351020681FF0E6FC154920681FF0E2FC1EF04C
S214003520D8FD1EF0D7FD124B124A0093124940F206
S214003530491320681FF0D5FC10492B46104A206816
S2140035401FF0CFFC284601F003FF0E4920681FF04D
S214003550C8FC00BEFDE700BF712F0020702F0020C2
S2140035606C0E0020140F0020D51803003808030046
S2140035709213030040110300D8080300E708030075
S214003580E4080300FC080300204616F01BFA054674
S21400359020B3974C974920681FF0A3FC96492068F3
S2140035A01FF09FFC1EF095FD1EF094FD934B944A71
S2140035B00093944940F24F1320681FF092FC924902
S2140035C02B46924A20681FF08CFC284601F0C0FE6D
S2140035D08F4920681FF085FC00BEFDE70146207875
S2140035E016F03EFA054620B3814C824920681FF04B
S2140035F078FC814920681FF074FC1EF06AFD1EF0FE
S21400360069FD7E4B7E4A00937E4940F25313206844
S2140036101FF067FC7C492B467C4A20681FF061FC43
S214003620284601F095FE7A4920681FF05AFC00BE35
S214003630FDE70221207816F083FA054620B36C4C8D
S2140036406C4920681FF04DFC6B4920681FF049FC50
S2140036501EF03FFD1EF03EFD684B694A0093694927
S2140036604FF4AC7320681FF03CFC67492B46674A52
S21400367020681FF036FC284601F06AFE6449206880
S2140036801FF02FFC00BEFDE70023A022009311468A
S214003690207816F0B1F9054620B3554C55492068F8
S2140036A01FF01FFC544920681FF01BFC1EF011FD84
S2140036B01EF010FD514B524A0093524940F25F13E0
S2140036C020681FF00EFC50492B46504A20681FF019
S2140036D008FC284601F03CFE4D4920681FF001FC1E
S2140036E000BEFDE70721207816F0A6F9054620B3B0
S2140036F03F4C404920681FF0F4FB3F4920681FF00C
S214003700F0FB1EF0E6FC1EF0E5FC3C4B3C4A00934A
S2140037103C4940F2631320681FF0E3FB3A492B460E
S2140037203A4A20681FF0DDFB284601F011FE3849B2
S21400373020681FF0D6FB00BEFDE704222078114665
S21400374016F0EAF9054618B321284DD0284C294929
S21400375020681FF0C6FB284920681FF0C2FB1EF039
S214003760B8FC1EF0B7FC254B254A009325494FF4BC
S214003770B57320681FF0B5FB264A274920681FF05E
S214003780B0FB2A46254920681FF0ABFB00BEFDE7CC
S21400379002220421207816F0E7F9054620B3144CDF
S2140037A0144920681FF09DFB134920681FF099FB01
S2140037B01EF08FFC1EF08EFC104B114A0093114930
S2140037C04FF4B97320681FF08CFB0F492B460F4A45
S2140037D020681FF086FB284601F0BAFD0C492068D9
S2140037E01FF07FFB00BEFDE7FFF784F805B0F0BDD5
S2140037F0140F0020D51803003808030092130300A6
S21400380040110300D8080300E7080300E40803009B
S214003810FC080300CE1103000A1203002212030064
S21400382070B5FF2492B01EF0EEFB22460021194828
S21400383020F02BFF22460021174820F026FF4FF4E9
S2140038408073164C002523800A236371F723012614
S2140038502381134BC4E911551D70A5702574A671FC
S214003860E56065826561E563E564FFF71FFD0D4B66
S21400387004F11001442268461E7020F02DFF94E8E3
S2140038800F001EF084FB084B1D7012B0BDE87040A0
S2140038901EF045BBB2270020B32600206C0E002089
S2140038A0AC260020B3280020A826002070B50646C7
S2140038B00C461546FFF70EF80E4B1B78BBB10E4AAA
S2140038C05378042B13D056710C4A012B15700C4AF2
S2140038D0147008D00B4B187816F0ECF90446FFF776
S2140038E009F8204670BDFFF7E1FC0024F7E7022444
S2140038F0F5E700BFB32800206C0E0020B22600209B
S214003900AC260020722F002037B5FEF7E3FF7F239A
S2140039108DF80730124B187870B1124D6B78042B67
S2140039200AD00DF1070116F095F9044640B99DF945
S214003930070028741EF0FCFAFEF7DCFF03B030BD6B
S214003940094D0A4928681FF0CCFA1EF0C2FB1EF08B
S214003950C1FB2246064928681FF0C3FAECE700BF01
S214003960722F00206C0E0020140F0020930A030014
S2140039705D120300F8B507460E461546FEF7AAFF89
S214003980144B1B781BB3144C6378042B1FD0134BBB
S21400399027811E70124B1D70FFF710F8A38A22892C
S2140039A0618AE0681EF0D2FA6378012B09D12146BD
S2140039B031F8080F12F060FA0446FEF79BFF204627
S2140039C0F8BD084B0024187816F074F9F5E70224C1
S2140039D0F3E700BFB32800206C0E0020AA260020C4
S2140039E0AB260020722F002038B50546FEF772FF82
S2140039F0224B1B78002B39D0214C6378032B35D112
S214003A00E37D9B072BD5A37DD80707D545B10123BA
S214003A10022DE3702ED10223E37001E0022DFAD0CE
S214003A20E3782BB3DA0748BF164A618A48BF128884
S214003A30E06848BFA2829B0748BF134B228944BF59
S214003A401B88A382A38A1EF081FA0120FFF7DCF808
S214003A500024FEF74FFF1EF062FA204638BD012D07
S214003A60DED1A37DD907DBD50123D5E70224F0E715
S214003A702624EEE7012DD3D1F6E700BFB3280020B9
S214003A806C0E00205424002056240020F7B5AC4EBF
S214003A9004463578002D00F05187FEF71BFF23689B
S214003AA0A84A23F47F4323F00703934200F0B4842C
S214003AB03CD802F17D4202F57F02934200F09486E4
S214003AC013D802F17F42934200F0038102F57D0293
S214003AD0934200F0A68302F17F42934200F0B58342
S214003AE003B0BDE8F040FEF705BF974A934200F0EA
S214003AF07C8102F540329342F2D1267A102EEFD125
S214003B0004F1090532462946904820F094FD002825
S214003B1040F04486A279637943EA02238C4A1380F4
S214003B208C4A137843F002031370D9E78A4A93420B
S214003B3000F06C8644D802F17E4202F57D02934284
S214003B4000F0BC8002F54032934200F09D8402F102
S214003B507D4202F57D029342C2D1804E62793346A1
S214003B60002103F8062F2C20012212F0BDF905468D
S214003B70002800F026837A4C7A4920681FF0B1F9B5
S214003B80794920681FF0ADF91EF0A3FA1EF0A2FADC
S214003B90764B774A0093774940F2BE4320681FF081
S214003BA0A0F975492B46754A20681FF09AF92846F1
S214003BB001F0CEFB724920681FF093F900BEFDE7C6
S214003BC0704A93423AD002F1FE72934288D1A279AB
S214003BD06379624D43EA02236B82FEF7EFFE012112
S214003BE03C2005F1120212F0DBF90646002800F030
S214003BF0E1825B4C5B4920681FF073F95A492068E4
S214003C001FF06FF91EF065FA1EF064FA574B584A1B
S214003C10009358494FF4966320681FF062F956499E
S214003C203346564A20681FF05CF9304601F090FB98
S214003C30534920681FF055F900BEFDE7B4F805307B
S214003C40232B7FF44DAF454B207B5A7888B3032A4D
S214003C5007D000254C4B2A462321187812F05AF933
S214003C603EE70022DA709A7DD97DBAB102F00102F1
S214003C70B9B162B1C4070AD50122DA70DB789A07B7
S214003C8012D5FEF76BFE0020FEF7BEFFE2E78907BF
S214003C90F4D510F0020FF1D00222EEE711F0020F79
S214003CA0F9E7002AE8D1E9E7DB07D2D5FEF732FECE
S214003CB0E9E7042ACDD1FFF7C9F8CBE7274B5A78B6
S214003CC0042A3FF40DAF94F9060018711EF029F986
S214003CD006E7A2796379214D43EA02232B81FEF79A
S214003CE06DFE01220021402005F1080312F0FCF8C9
S214003CF0064600284AD01A4C1A4920681FF0F1F8E8
S214003D00194920681FF0EDF81EF0E3F91EF0E2F9FD
S214003D10164B174A0093174940F25F4320681FF07E
S214003D20E0F815493346154A20681FF0DAF83046A1
S214003D3001F00EFB124920681FF0D3F800BEFDE725
S214003D40B3280020A0000A03A0000602CA1303003E
S214003D50742C0020A7260020A00009076C0E002067
S214003D60140F0020D518030038080300281303009A
S214003D7040110300D8080300E7080300E408030026
S214003D80FC080300A0000A07722F00200121402033
S214003D9005F1080212F004F90646002800F00A822F
S214003DA0A04CA14920681FF09CF8A04920681FF08D
S214003DB098F81EF08EF91EF08DF99D4B9D4A0093E3
S214003DC09D4940F2644320681FF08BF89B493346B8
S214003DD09B4A20681FF085F8304601F0B9FA9949E9
S214003DE020681FF07EF800BEFDE7B4F80530964D5B
S214003DF02079EB60B4F8073005F108016B62B4F87F
S214003E000930AB6212F054F8044620B3854D86495B
S214003E1028681FF066F8854928681FF062F81EF0CB
S214003E2058F91EF057F9824B824A0093824940F2B5
S214003E30754328681FF055F880492346804A28684D
S214003E401FF04FF8204601F083FA7E4928681FF0DD
S214003E5048F800BEFDE7FEF7B1FD214601223C20F2
S214003E6005F1120312F040F8044620B36D4D6E497A
S214003E7028681FF036F86D4928681FF032F81EF0E3
S214003E8028F91EF027F96A4B6A4A00936A4940F2FD
S214003E907D4328681FF025F868492346684A286845
S214003EA01FF01FF8204601F053FA664928681FF0F5
S214003EB018F800BEFDE701460122402005F1080380
S214003EC012F012F8044620B3564D574928681FF0E2
S214003ED008F8564928681FF004F81EF0FAF81EF095
S214003EE0F9F8534B534A0093534940F282432868EB
S214003EF01EF0F7FF51492346514A28681EF0F1FF8D
S214003F00204601F025FA4F4928681EF0EAFF00BE59
S214003F10FDE701460422302005F10C0311F0E4FF12
S214003F20064620B33F4C404920681EF0DAFF3F4962
S214003F3020681EF0D6FF1EF0CCF81EF0CBF83C4BE7
S214003F403C4A00933C4940F2874320681EF0C9FF74
S214003F503A4933463A4A20681EF0C3FF304601F01D
S214003F60F7F9384920681EF0BCFF00BEFDE70422C2
S214003F7000213420354B11F0B7FF044620B3294DFD
S214003F80294928681EF0ADFF284928681EF0A9FFB9
S214003F901EF09FF81EF09EF8254B264A00932649F1
S214003FA040F28C4328681EF09CFF24492346244A8E
S214003FB028681EF096FF204601F0CAF921492868B5
S214003FC01EF08FFF00BEFDE7014604223820204B7E
S214003FD011F08AFF064600283CD0124C1249206891
S214003FE01EF07FFF114920681EF07BFF1EF071F85F
S214003FF01EF070F80E4B0F4A00930F4940F29143A3
S21400400020681EF06EFF0D4933460D4A20681EF0EC
S21400401068FF304601F09CF90A4920681EF061FFEF
S21400402000BEFDE7140F0020D51803003808030073
S2140040302813030040110300D8080300E708030014
S214004040E4080300FC0803006C0E0020900E00201D
S214004050940E002001214020964A11F0A1FF06464A
S21400406020B3954C954920681EF03BFF9449206884
S2140040701EF037FF1EF02DF81EF02CF8914B924ADA
S2140040800093924940F2964320681EF02AFF90491A
S2140040903346904A20681EF024FF304601F058F957
S2140040A08D4920681EF01DFF00BEFDE7042130206C
S2140040B08A4A11F075FF064620B37F4C7F49206878
S2140040C01EF00FFF7E4920681EF00BFF1EF001F861
S2140040D01EF000F87B4B7C4A00937C4940F29A43E2
S2140040E020681EF0FEFE7A4933467A4A20681EF0A3
S2140040F0F8FE304601F02CF9774920681EF0F1FEF4
S21400410000BEFDE704213420754A11F049FF06463B
S21400411020B3694C694920681EF0E3FE68492068B0
S2140041201EF0DFFE1DF0D5FF1DF0D4FF654B664A7E
S2140041300093664940F29E4320681EF0D2FE644912
S2140041403346644A20681EF0CCFE304601F000F983
S214004150614920681EF0C5FE00BEFDE70421382038
S214004160604A11F01DFF064620B3534C53492068A1
S2140041701EF0B7FE524920681EF0B3FE1DF0A9FFE0
S2140041801DF0A8FF4F4B504A0093504940F2A243FF
S21400419020681EF0A6FE4E4933464E4A20681EF0A2
S2140041A0A0FE304601F0D4F84B4920681EF099FE78
S2140041B000BEFDE7AB8A2A89698AE8681DF0C6FE5C
S2140041C08EE401212C20B21D11F0EAFE054620B334
S2140041D0394C3A4920681EF084FE394920681EF0A2
S2140041E080FE1DF076FF1DF075FF364B364A0093B5
S2140041F0364940F2C34320681EF073FE34492B460E
S214004200344A20681EF06DFE284601F0A1F83249B7
S21400421020681EF066FE00BEFDE7B0791DF08FFE3A
S2140042205EE4314C6378062B08D100253570FEF726
S2140042300BFC6570607806F08BFB51E4012363701D
S214004240FEF702FCFFF732F8F4E7274F7B78012BE6
S2140042507FF446AC237B254E3370254B187815F03B
S21400426013FC0546002845D0134C144920681EF060
S21400427038FE134920681EF034FE1DF02AFF1DF09C
S21400428029FF104B104A0093104940F2DE43206885
S2140042901EF027FE0E492B460E4A20681EF021FE11
S2140042A0284601F055F80C4920681EF01AFE00BE9C
S2140042B0FDE700BF740E0020140F0020D518030081
S2140042C0380803002813030040110300D808030031
S2140042D0E7080300E4080300FC080300780E00204B
S2140042E0900E0020940E00206C0E0020722F0020EE
S2140042F0712F00209C4B187815F0C6FB044620B39F
S2140043009A4D9B4928681EF0ECFD9A4928681EF0D5
S214004310E8FD1DF0DEFE1DF0DDFE974B974A00938C
S214004320974940F2E24328681EF0DBFD9549234694
S214004330954A28681EF0D5FD204601F009F89349F5
S21400434028681EF0CEFD00BEFDE702237B70FEF758
S2140043503DFC01234FF47A718D4A00938D48234625
S21400436001F0FCF88C4B3078197815F08FFC054678
S21400437020B37E4C7E4920681EF0B3FD7D49206840
S2140043801EF0AFFD1DF0A5FE1DF0A4FE7A4B7B4A85
S21400439000937B494FF49E6320681EF0A2FD794986
S2140043A02B46794A20681EF09CFD284600F0D0FF78
S2140043B0764920681EF095FD00BEFDE71021774A7D
S2140043C0307811F0C1FB054600283FF489AB674CF6
S2140043D0674920681EF085FD664920681EF081FD4D
S2140043E01DF077FE1DF076FE634B644A0093644929
S2140043F040F2F64320681EF074FD62492B46624A7E
S21400440020681EF06EFD284600F0A2FF5F49206877
S2140044101EF067FD00BEFDE7B4F80520E379272A05
S2140044200BD1022B15D0012B7FF45AAB22895C4BA3
S2140044301A70FEF7CBFBFFF753BB1B2A07D0012BE6
S2140044407FF44EAB232A13D12289564BF0E7022B7A
S21400445004D1554B01221A70FFF742BB012B7FF4A3
S2140044603FAB2089514B00F00200D8751DF088FD47
S214004470B4F805301F2BDCD120894C4B00F001002E
S21400448098751DF076FDD4E7494DB4F805402B78B5
S214004490013B042B3FF624AB01A252F823F000BFE9
S2140044A0B5440000C5450000E13A00007F46000024
S2140044B0E146000000232B7024B32C4D2C492868BD
S2140044C01EF00FFD2B4928681EF00BFD1DF001FEA7
S2140044D01DF000FE374B294A0093294940F2573316
S2140044E028681EF0FEFC27492346334A28681EF03B
S2140044F0F8FC204600F02CFF244928681EF0F1FC4A
S21400450000BEFDE72D4B19682D4B187811F030FBD7
S214004510064620B3154C164920681EF0E2FC1549E5
S21400452020681EF0DEFC1DF0D4FD1DF0D3FD214BEF
S214004530124A0093124940F25B3320681EF0D1FC09
S21400454010493346104A20681EF0CBFC304600F077
S214004550FFFE0E4920681EF0C4FC00BEFDE70223E5
S2140045602B70FFF7BDBA00BF702F0020140F00207D
S214004570D518030038080300281303004011030071
S214004580D8080300E7080300E4080300FC0803005B
S21400459009390000340E0020AC260020EA13030080
S2140045A0B5280020B4280020AD2600206C0E002080
S2140045B0A626002007130300DD0D0300A42A002012
S2140045C0722F002000232B7024B3A84DA84928681A
S2140045D01EF087FCA74928681EF083FC1DF079FDB5
S2140045E01DF078FDA44BA54A0093A54940F261331F
S2140045F028681EF076FCA3492346A34A28681EF0C6
S21400460070FC204600F0A4FEA04928681EF069FC55
S21400461000BEFDE79E4B1B78072B7FF461AA9D4BDF
S214004620012219889C4B187811F0B6FA064620B37A
S2140046308E4C8F4920681EF054FC8E4920681EF070
S21400464050FC1DF046FD1DF045FD8B4B8B4A00933C
S2140046508B4940F2653320681EF043FC8949334697
S2140046608E4A20681EF03DFC304600F071FE8749F9
S21400467020681EF036FC00BEFDE7042370E700232A
S2140046802B7024B3794D7A4928681EF02AFC7949A4
S21400469028681EF026FC1DF01CFD1DF01BFD764B49
S2140046A0764A009376494FF45B7328681EF019FC2F
S2140046B074492346744A28681EF013FC204600F00E
S2140046C047FE724928681EF00CFC00BEFDE7744BDE
S2140046D002221988704B187811F05EFA05233FE71E
S2140046E024B3624D624928681EF0FBFB61492868C6
S2140046F01EF0F7FB1DF0EDFC1DF0ECFC5E4B5F4A78
S21400470000935F494FF45D7328681EF0EAFB5D492D
S21400471023465D4A28681EF0E4FB204600F018FE9B
S2140047205A4928681EF0DDFB00BEFDE75D4B0122FE
S2140047301988594B187811F02FFA064620B34B4CBF
S2140047404B4920681EF0CDFB4A4920681EF0C9FB85
S2140047501DF0BFFC1DF0BEFC474B484A009348497D
S21400476040F2773320681EF0BCFB464933464B4A7E
S21400477020681EF0B6FB304600F0EAFD434920688C
S2140047801EF0AFFB00BEFDE700F006FD204600F081
S21400479009FD00F0F1FA2C70FFF7A2B9324629465F
S2140047A041481FF048FF58B9A279637943EA0223CB
S2140047B03B4A1380364A137843F00103FFF7B4B937
S2140047C01022294639481FF036FF00287FF488A9B2
S2140047D0A279637943EA0223324A13802C4A13787B
S2140047E043F00403FFF7A0B9627A102A7FF478A991
S2140047F02F4804F10A011FF01EFF00287FF470A95D
S2140048002C4BD4F805201A602B4B23E6254AB4F827
S214004810053012889A420DD1247B284D34B10123ED
S21400482000202B70FEF7F0F9FFF75AB92046FEF786
S2140048300DFBB0E71A4A12889A4247D0154A1288EA
S2140048409A427FF44DA9628912F0FF0145D11C49B6
S2140048508B6C01338B641B490B6813441A4A0B603C
S214004860136801331360FFF73BB900BF140F002035
S214004870D51803003808030007130300401103008F
S214004880D8080300E7080300DD0D0300FC0803005A
S214004890A7260020742C0020722F0020E4080300B6
S2140048A0722C0020702C0020DA130300BA130300C9
S2140048B0EA130300A42A0020A6260020A82600202B
S2140048C06C0E0020B80D0020B40D0020E3791D2BDF
S2140048D0B9D1207911F076F9B5E7194B257B1E780A
S2140048E0184816B3002605701E7003789D420BD03C
S2140048F0154F98BFC3F16403FE6C8CBFEB1A5B19AF
S214004900DBB21E44FE64057001201A250C34884272
S214004910A1DA431EB3FBF5F705FB173314F8016F56
S21400492061339E4293D10130F1E764260378013368
S214004930B3FBF6F706FB17330370D6E703B0F0BDFC
S2140049406F2F0020A92600206C0E00200E4B10B5FD
S2140049501B780E4C2BB91DF0BCFB1DF0BBFB0C49A5
S2140049600CE00C4B5B78042BF5D1FEF7B3F800286F
S214004970F1D11DF0AEFB1DF0ADFB07492068BDE888
S21400498010401EF0AEBA00BFB3280020140F00205F
S214004990EE0D03006C0E0020F50D0300104B10B555
S2140049A01B78104C2BB91DF094FB1DF093FB0E49A1
S2140049B011E00E4B5B78032BF5D1D0E9023253F8A9
S2140049C022301878FFF710F80028ECD11DF081FB94
S2140049D01DF080FB06492068BDE810401EF081BA35
S2140049E0B3280020140F0020EE0D03006C0E0020EC
S2140049F0F50D030038B52E4B2E4C1B784BB91DF029
S214004A0068FB1DF067FB2C492068BDE838401EF0A7
S214004A1068BA2A4D6B78013B032B3DD8DFE803F0DC
S214004A202A0230361DF055FB1DF054FB2449206841
S214004A301EF057FA1DF04DFB1DF04CFB2149206877
S214004A401EF04FFA2B786BBB1DF043FB1DF042FBAC
S214004A501D4920681EF045FA1DF03BFB1DF03AFB91
S214004A60184920681EF03DFA1DF033FB1DF032FB9E
S214004A701649C9E71DF02DFB1DF02CFB1449D6E79F
S214004A801DF027FB1DF026FB1249D0E71DF021FB89
S214004A901DF020FB1049CAE71DF01BFB1DF01AFB9A
S214004AA00E49C4E71DF015FB1DF014FB0C49D0E7BA
S214004AB0B3280020140F0020EE0D03006C0E00201B
S214004AC0F90D0300D51803003B0E0300F50D030097
S214004AD0070E0300140E0300230E03002F0E030020
S214004AE04C0E0300124B10B51B78124C2BB91DF060
S214004AF0F0FA1DF0EFFA104915E0104B5B78042B26
S214004B00F5D0D0E9023203EB8201496853F822302F
S214004B1009881878FDF7BAFF0028E8D11DF0D9FA01
S214004B201DF0D8FA06492068BDE810401EF0D9B935
S214004B30B3280020140F0020EE0D03006C0E00209A
S214004B40F50D0300144B13B51B78144C53B91DF028
S214004B50C0FA1DF0BFFA1249206802B0BDE8104046
S214004B601EF0BFB91DF0B5FA1DF0B4FA0D49206865
S214004B701EF0B7F91DF0ADFA1DF0ACFA0A4B0B4A61
S214004B801B680B4900930B4B92781B6820681EF03D
S214004B90A8F902B010BD00BFB3280020140F0020F3
S214004BA0EE0D03007F120300A82A00206C0E0020E2
S214004BB0690E0300AC2A0020174B10B51B78174C63
S214004BC02BB91DF086FA1DF085FA15491EE0154B27
S214004BD05B78042BF5D0D0E9023003EB80018A68BD
S214004BE0496812780978003A53F8203018BF012235
S214004BF0003918BF012193F90000FEF757FE002880
S214004C00DFD11DF066FA1DF065FA07492068BDE899
S214004C1010401EF066B900BFB3280020140F002015
S214004C20EE0D03006C0E0020F50D0300144B13B5BB
S214004C301B78144C53B91DF04CFA1DF04BFA124970
S214004C40206802B0BDE810401EF04BB91DF041FAD6
S214004C501DF040FA0D4920681EF043F91DF039FAA0
S214004C601DF038FA0A4B0B4A1B780B4900930B4B86
S214004C7092F904201B7820681EF033F902B010BDAC
S214004C80B3280020140F0020EE0D0300A31203002B
S214004C90B22600206C0E0020880E0300AC260020F2
S214004CA0134B10B51B78134C2BB91DF012FA1DF0E0
S214004CB011FA114917E0114B5B78042BF5D0D0E9B7
S214004CC0023203EB820153F82230D1E90110027858
S214004CD009781878FEF74EFE0028E6D11DF0F9F99F
S214004CE01DF0F8F906492068BDE810401EF0F9B836
S214004CF0B3280020140F0020EE0D03006C0E0020D9
S214004D00F50D0300144B13B51B78144C53B91DF066
S214004D10E0F91DF0DFF91249206802B0BDE8104046
S214004D201EF0DFB81DF0D5F91DF0D4F90D49206846
S214004D301EF0D7F81DF0CDF91DF0CCF90A4B0B4A42
S214004D401B880B4900930B4B12891B8820681EF0AA
S214004D50C8F802B010BD00BFB3280020140F002012
S214004D60EE0D0300C0120300542400206C0E002039
S214004D70880E0300562400202DE9F0411226B54C7B
S214004D80B54D1DF0A6F9013E1DF0A4F92946206890
S214004D901EF0A7F816F0FF06F3D11DF09AF91DF0E5
S214004DA099F9AE4920681EF09CF8AD4FAD4DDFF87E
S214004DB0AC821DF08EF91DF08DF9394620681EF084
S214004DC090F8F3B2013B0B2B0DD8DFE813F0580038
S214004DD08A009A00DC00A500B700C600CD001C01C2
S214004DE033018D0197012B78002B3AD11DF071F914
S214004DF01DF070F99C4920681EF073F81DF069F9E3
S214004E001DF068F9994920681EF06BF81DF061F9ED
S214004E101DF060F9394620681EF063F801361DF073
S214004E2058F91DF057F9414620681EF05AF80D2E25
S214004E30BFD11225884E1DF04CF9013D1DF04AF9F0
S214004E40314620681EF04DF815F0FF05F3D11DF031
S214004E5040F91DF03FF920688049BDE8F0411EF09A
S214004E6040B81DF036F91DF035F9814920681EF06E
S214004E7038F81DF02EF91DF02DF97E49C3E76B7842
S214004E80032B09D0042B15D0022B21D11DF021F9BC
S214004E901DF020F97849E9E71DF01BF91DF01AF915
S214004EA0764920681EF01DF81DF013F91DF012F962
S214004EB07349A8E71DF00DF91DF00CF9714920683B
S214004EC01EF00FF81DF005F91DF004F96E499AE77B
S214004ED01DF0FFF81DF0FEF86C4920681EF001F882
S214004EE009E01DF0F6F81DF0F5F895F9042068497C
S214004EF020681DF0F6FF1DF0ECF81DF0EBF8654994
S214004F0081E71DF0E6F81DF0E5F895F910206249F6
S214004F1020681DF0E6FFC7E71DF0DBF81DF0DAF8A5
S214004F20D5ED037AB7EE047AF8EE677A67EE877AFD
S214004F30FDEEE77A594917EE902AE9E71DF0C9F821
S214004F401DF0C8F86A8A564920681DF0CAFF1DF091
S214004F50C0F81DF0BFF8534955E71DF0BAF81DF02C
S214004F60B9F82A895049EFE71DF0B3F81DF0B2F8FA
S214004F704E49AA8A20681DF0B4FF1DF0AAF81DF05D
S214004F80A9F84B493FE7AB79013B072B2DD8DFE863
S214004F9003F004122C182C2C2C261DF09AF81DF069
S214004FA099F8444920681DF09CFF1DF092F81DF00A
S214004FB091F8414927E71DF08CF81DF08BF83F4922
S214004FC0F0E71DF086F81DF085F83D4920681DF0D5
S214004FD088FF1DF07EF81DF07DF83A4913E71DF0B6
S214004FE078F81DF077F83849F0E71DF072F81DF0F4
S214004FF071F8364920681DF074FF1DF06AF81DF040
S21400500069F83349FFE6AB7D012B05D11DF061F849
S2140050101DF060F82F4952E71DF05BF81DF05AF8B6
S2140050202D4920681DF05DFF1DF053F81DF052F865
S2140050302A49E8E6EB7D022B05D11DF04AF81DF063
S21400504049F8274912E71DF044F81DF043F82549B2
S21400505043E700BF140F0020FC130300D51803001D
S214005060FE130300C00E00203B0E0300EC310300CD
S2140050704C0E030085140300F90D0300140E030004
S21400508086140300230E030083140300070E030098
S21400509000140300841403000D1403001C14030002
S2140050A02B14030080140300341403003D14030083
S2140050B081140300471403007F1403004F140300F9
S2140050C057140300871403006714030077140300C3
S2140050D07E14030089140300951403008214030051
S2140050E0A0140300AE1403001CF0F3FF1CF0F2FF44
S2140050F0EA6B064920681DF0F4FE6AE71CF0E9FF3B
S2140051001CF0E8FF6A6C024902E700BFBB1403000C
S214005110C8140300014B5870704700BFC00E002033
S214005120014B1870704700BFC00E0020014B18716D
S214005130704700BFC00E0020014B1874704700BFB8
S214005140C00E0020014BD860704700BFC00E002084
S214005150014B5882704700BFC00E0020014B1881DB
S214005160704700BFC00E0020014B9882704700BFFA
S214005170C00E0020014B9871704700BFC00E002083
S214005180014B9875704700BFC00E0020014BD875C4
S214005190704700BFC00E0020014BD863704700BFA9
S2140051A0C00E0020014B5864704700BFC00E0020A0
S2140051B008B503482BF03BF8BDE808401FF068B977
S2140051C02017030001482BF032B800BF2017030059
S2140051D00348044A0449121A92101CF018BF00BF74
S2140051E04001000080010000002A002008B5154B91
S2140051F083F30A8800F030F8FFF7EAFF124B1349F2
S2140052008B4212D30020124B12498B4218D3FBF765
S21400521003F8186850F82240586840F822400132D7
S21400522098688242F5D30C33EAE70022F8E71C6858
S21400523044F8220001325C68A242F8D30833E4E75F
S2140052400022F8E700000020647303007073030078
S21400525070730300707303004FF40041134B144A3D
S21400526070B59A60D3F88820124D42F47002C3F8E5
S2140052708820114A05F5005491664FF0FF322266E9
S2140052804FF6DF7262660222C3F8D020BFF34F8F5C
S214005290BFF36F8F4FF44036032003F055F9032019
S2140052A0E66003F035F92E6170BD00BF00ED00E04A
S2140052B0000000000080004400900050014B186081
S2140052C0704700BFB42A0020054B1860054B1B6FC3
S2140052D003F00703032B01D129F068BE704700BF17
S2140052E0BC2A00200080005070B5D0B1C9B10E4E67
S2140052F0431E013913F8014F2046325D02F00302C7
S214005300012A11F8012F08BF04F12000B55C05F052
S2140053100305012D08BF2032801A01D1002CE9D1E7
S21400532070BD0120FCE700BF2E2F030008B503F078
S21400533025F9014B186008BD140F0020024B0349E5
S21400534018681DF0CEBD00BF140F0020D214030055
S21400535070B50C4C0C49064620681DF0C2FD03F0E3
S2140053600DF90546206803F0FDF83046FFF7E6FF26
S214005370284603F0F7F820680449BDE870401DF0A1
S214005380B0BD00BF140F0020D4140300D6140300D1
S214005390F8B50F460546002843D0002941D00378CB
S2140053A04268980702D01AB9212428E0002AFBD1C7
S2140053B0190702D5AA8A002AF6D09A0605D5EB8ADE
S2140053C0002BF1D0AB69002BEED02C201EF0DEF8BF
S2140053D0064640B32C2200211FF057F92B46321DFB
S2140053E005F11C0153F8040B8B4242F8040BF9D16B
S2140053F02B785B0705D53E606B686BB900242046AA
S214005400F8BD012130461CF07BFE04460028F2D091
S21400541030461EF0C8F9F2E7314604481CF00BFE91
S214005420ECE72224EBE71924E9E700BF180F002079
S21400543008B503481CF0F8FDBDE808401FF00AB8A0
S214005440180F00200B4B10B51C680CB901200AE0A1
S2140054502AF0B9FE94F8202003462AB1A26A1AB1AF
S2140054602AF0ACFE002010BD18462AF0A7FE2468DD
S214005470EBE700BF180F00200B4B10B51C680CB9EB
S21400548001200AE02AF09FFE94F8202003462AB165
S214005490A26A1AB12AF092FE042010BD18462AF01D
S2140054A08DFE2468EBE700BF180F00200C4B10B5EC
S2140054B01C6804B910BD2AF086FE94F82030024617
S2140054C04BB1A36A3BB1013BA3622AF077FEA36807
S2140054D098472468EDE710462AF070FEF9E700BF0B
S2140054E0180F002038B505462AF076FE00230B4A32
S2140054F014685CB1AC4206D1A96A6BB199622AF015
S21400550066FE012007E02346A46AF2E7002DF3D0EA
S2140055102AF05DFE204638BD1160F0E71C0F002023
S21400552010B50446B0B12AF04BFA2046FFF7DAFF72
S21400553010B194F82C300BB9002010BD064C23682F
S214005540002BF9D02AF048FE2368013B23602AF09E
S2140055503EFEF1E72220F0E7200F00202DE9F04381
S21400556085B00546914698460E469DF8307009B9B6
S214005570002F5CD12846FFF7D3FF0446002836D11B
S21400558085F82C00686303F059FF864233D92AF069
S214005590ABFA2146844640F2E7304FF47A72002395
S2140055A0E6FB0C0105F024FD4FF0FF32002305F06A
S2140055B01FFD2B46E88611462846CDE900441D4AC5
S2140055C02AF0F5FE044690B9C5E9089885F82D70CE
S2140055D02E632AF001FE184A136833B31A469B6AF4
S2140055E0002BFBD195620023AB622AF0F0FD20462B
S2140055F005B0BDE8F08347B12B4631462846CDE9D5
S21400560000440C4A2AF0C2FADCE7304603A92AF026
S21400561071FA04460028EAD12B462846CDE90077E1
S214005620044A03992AF09FFECCE71560DBE72124A5
S214005630DDE700BF3D5600001C0F002091F82C301F
S21400564013B50C4683B98B8ECA8E93420ED243B9DD
S214005650CDE9003320460B46124A4FF0FF312AF0C0
S21400566066FEA38E0133A38602B010BD52B191F838
S2140056702D3093B101230093D1E908232046096B0E
S214005680FFF76CFF012384F82C30074B1A680132B1
S2140056901EBF1A6801321A60E6E708462AF090F93B
S2140056A0F0E700BF3D560000200F00202DE9F04136
S2140056B0154E336833B34FF00008144F2AF08CFDB4
S2140056C005463C6824B92846BDE8F0412AF07FBD6F
S2140056D094F82C30A3B1336884F82C8013B1336867
S2140056E0013B336094F82D3013B92046FFF7FAFEDD
S2140056F028462AF06CFDD4E9083120469847DDE7B5
S214005700A46ADFE7BDE8F081200F00201C0F002010
S214005710034B1B68002B14BF04200120704700BFFA
S214005720200F0020024B1868B0FA80F0400970473E
S214005730200F002030B5056887B0AB8804461848AF
S214005740ADF80C302AF073FD0022012103A81CF0EE
S21400575001FE0DF10B0103A81CF04EFE9DF80B3068
S21400576083F001032B70AB79022B15D14FF0FF337A
S2140057700022CDE9043304A90A4B009403A800F0E4
S21400578047F9049B009401330CBF04220122054B09
S21400579005A903A800F0D6F8002007B030BD00BF6A
S2140057A0201703006B220200002307B52948019347
S2140057B02AF03DFD4FF44073012204216846ADF8FF
S2140057C000301CF0C7FD0122234B0520C3F84424FB
S2140057D001A92AF027FD002839D1204BD3F8F02064
S2140057E042F00102C3F8F020D3F8FC2042F08072A9
S2140057F0C3F8FC201A4AA3F55D431A60019B194AB8
S21400580003F5D52303F2FC43B3FBF2F3164A013B40
S21400581013610223C2F8F0304FF48073C2F80433E9
S2140058204FF06043114AC3F8B02F114AC3F8802ED8
S214005830D3F8002E42F48072C3F8002EFF2283F8BD
S2140058402020D3F8002E22F48072C3F8002E03B076
S2140058505DF804FB2017030000D0035000ED00E0C5
S214005860FF030040F8590D00000004E055CEACC51B
S214005870090001004FF06043D3F8802E30B5D20700
S21400588015D501240B4D8440D5F8FC2042F08072DB
S214005890C5F8FC20D3F8002E2243C3F8002E53F898
S2140058A02020002AF0D003F82010002030BD112060
S2140058B0FCE700BF00ED00E0F8B504460127124DF6
S2140058C00CB314F001000BD0002024F0010405EB0B
S2140058D0C0021668002EF3D05168C0B2B047EFE79A
S2140058E02246013020284FEA520201D0D307F8D5CD
S2140058F007FA00F20F2824EA0204E8D9421E05EB54
S214005900C2021038E5E7F8BD240F002008B50C48A1
S2140059102AF08DFC192002F009FE28B1192002F0A9
S21400592013FE192002F0F4FD1A2002F0FFFD28B144
S2140059301A2002F009FE1A2002F0EAFD002008BD37
S214005940201703002DE9F0410D4690461F460446F9
S214005950002837D0002935D02AF03EFC23780646AA
S214005960FF2B05D042462046296801F04FFE2860EE
S2140059702B68013309D12378FF2B06D1124B6078B0
S214005980D3F824141CF058FE28602A68531C13D041
S2140059900E49069B41F8327001EBC2014B6023783A
S2140059A0FF2B04D001239340094AC2F82434304622
S2140059B02AF00DFC002003E030462AF008FC2D20DB
S2140059C0BDE8F0812220FBE700C00350240F002032
S2140059D000D003500F2838B5054613D82AF0FCFB34
S2140059E001230024084AAB40C2F82034C2F824340D
S2140059F0064B43F8354003EBC5035C602AF0E7FB33
S214005A00204638BD2120FCE700E00350240F00208C
S214005A102DE9F0410D4690461F46044660B359B343
S214005A202AF0DAFB23780646FF2B05D042462046AE
S214005A30296801F071FE28602A68531C16D00F49A9
S214005A4002F10F0341F8337001EBC301069B4B6074
S214005A502378FF2B05D0012310329340084AC2F862
S214005A60243430462AF0B3FB002003E030462AF008
S214005A70AEFB2D20BDE8F0812220FBE7240F00209E
S214005A8000D0035008B501F061FD054B00F055301D
S214005A9020F05020C3F82004BDE80840FFF70CBFF4
S214005AA000E0035008B501F051FD054B00F0AA30A8
S214005AB020F0A020C3F82004BDE80840FFF7FCBE95
S214005AC000E0035013B504460A482AF0B0FBA2785B
S214005AD00421B2FA82F2237852098DF804306378F2
S214005AE00DEB01008DF805301CF034FC002002B0F0
S214005AF010BD00BF201703002DE9F04F9A46564B05
S214005B0085B01B7806460F461546DDF83C909DF896
S214005B1044B0DDF85080002B00F09780072A00F292
S214005B2096800E9B002B00F09280B9F1000F00F0DB
S214005B308E80129BB3F5006F00F38980012803D195
S214005B40109B002B00F08380444B03EB05131B7B5C
S214005B50002B7ED0424C1022002168461EF095FD98
S214005B6004EB45141022A7BB394620461EF08DFDD7
S214005B7043F210036380BBF1000F03D1E37843F0D8
S214005B800303E370364A0E9B02EB451CCCE90193F7
S214005B90129B6901581E9DF84C30C0F30A0003F0B2
S214005BA003039B0643EA001E53582E48012E00EAC4
S214005BB003004EEA0003CDF800A0535017D0B8F10A
S214005BC0000F2ED19CF8023068F304138CF80230D4
S214005BD027E0002120461EF058FD4FF444736380F2
S214005BE0BBF1000FCED1E37843F03003C9E71323AF
S214005BF00CF1100ECCF80C309CE80F008EE80F006D
S214005C006FF00301DCF81C20109B61F39F02012F4C
S214005C10CCF81C20CCF8143003D1CCF81890CCF873
S214005C20043000270D4A290102EB051342F80180D3
S214005C30159A28465A60694622469F605E7301F0B0
S214005C407DFB384605B0BDE8F08F0748FAE7074801
S214005C50F8E70748F6E700BFB62800201411002032
S214005C60141000200F80FFF3028000F0018000F087
S214005C70078000F038B5124B05461B78DBB1E0B163
S214005C802AF0AAFA0F4A00231146147B54B92B6057
S214005C9001251A0101EB03131D738C502AF097FAA5
S214005CA0204638BD0133082B02F11002EDD12AF050
S214005CB08EFA0548F5E70548F3E70548F1E700BF23
S214005CC0B628002014110020048000F0028000F0A6
S214005CD0018000F038B52AF07FFA002305460B4A0B
S214005CE0147B6CB90133082B02F11002F8D101F0D5
S214005CF0D1FA074B28461C702AF069FA204603E0C2
S214005D0028462AF064FA034838BD00BF1411002064
S214005D10B6280020058000F00D4B10B51B78044611
S214005D2093B1072812D82AF057FA0A4B03EB04134C
S214005D301A7B2AB100241C732AF049FA204610BDAB
S214005D402AF045FA0448FAE70448F8E70448F6E774
S214005D50B628002014110020068000F0028000F013
S214005D60018000F0154B13B51868002301908DF8DC
S214005D7004302AF031FA124B1C7824B12AF027FAA4
S214005D80104802B010BD01221A702AF020FA0E4BFD
S214005D9001A81C731C7783F82C4083F83C4083F8DA
S214005DA04C4083F85C4083F86C4083F87C400823C2
S214005DB08DF8073001F092FA2046E2E7D914030086
S214005DC0B6280020038000F014110020F8B50D4D11
S214005DD02D7885B1072810DC0B4D060105EB001465
S214005DE0277B67B1AB510025069BA560636001F079
S214005DF0A5FA2846F8BD0548FCE70548FAE7054831
S214005E00F8E700BFB628002014110020028000F03A
S214005E10018000F0078000F00A4A08B512785AB1EF
S214005E2007280BD8084A02EB00131B7B43B100215E
S214005E3001F046FA002008BD0448FCE70448FAE7EB
S214005E400448F8E7B628002014110020028000F06D
S214005E50018000F0078000F00A4A08B512785AB1AF
S214005E6007280BD8084A02EB00131B7B43B101211D
S214005E7001F026FA002008BD0448FCE70448FAE7CB
S214005E800448F8E7B628002014110020028000F02D
S214005E90018000F0078000F0184B2DE9F0411F6DDF
S214005EA05B6D1F4000D5FEE701260025144CDFF889
S214005EB05880374218D02368C8F85060A3B1A1684C
S214005EC0284601316268A1609847637B012B0BD19D
S214005ED050B90C4B03EB45131A7B60F341021A735F
S214005EE01A7F60F341021A770135082D4FEA4606FD
S214005EF004F11004DDD1BDE8F08100BF00000450BD
S214005F00141100201410002000200450044BD3F875
S214005F108420D206FBD4D3F88400C0F381107047E7
S214005F200040005038B5184B0546D3F824010C46FF
S214005F3000F00700062823D8DFE800F0040A121A4B
S214005F401E0E1600012305B1286004B1236038BD7B
S214005F5029F006F80523F6E729F002F80623F2E70B
S214005F6029F03EF80323EEE729F03AF80423EAE79F
S214005F7029F032F80223E6E729F038F80723E2E7AB
S214005F8000231846DFE700BF0080005038B5104BEE
S214005F900546D3F800310C4603F00303022B0BD062
S214005FA0032B0DD0012B0FD129F01AF8032305B1CE
S214005FB0286004B1236038BD29F01CF80823F6E7F2
S214005FC029F014F80723F2E701230020EFE700BFCB
S214005FD00080005038B5104B0546D3F820310C46EB
S214005FE003F00303022B0BD0032B0DD0012B0FD194
S214005FF028F0B6FF052305B1286004B1236038BD3C
S21400600028F0EEFF0323F6E728F0E6FF0223F2E788
S21400601001230020EFE700BF0080005038B5104B8A
S2140060200546D3F840310C4603F00303022B0BD091
S214006030032B0DD0012B0FD12AF0BAF8092305B196
S214006040286004B1236038BD28F0D4FF0823F6E7A3
S2140060502AF0B1F80B23F2E701230020EFE700BF98
S2140060600080005038B5104B0546D3F860310C461A
S21400607003F00303022B0BD0032B0DD0012B0FD103
S2140060802AF096F8092305B1286004B1236038BDCC
S21400609028F0B0FF0823F6E72AF08DF80B23F2E786
S2140060A001230020EFE700BF008000503C4B9842E1
S2140060B072D02AD83B4B98426BD014D83A4B9842B1
S2140060C064D00AD8394B984243D0394B984240D0D6
S2140060D0384B98423DD000207047374B9842FAD153
S2140060E0364B586E7047364B984235D003F537130B
S2140060F003F5D863984232D0A3F5B703A3F55863E7
S2140061009842E8D12D4B186F70472E4B984231D0ED
S2140061100FD82D4B984225D02C4B984226D0A3F56D
S2140061203703A3F5D8539842D5D1244BD3F8800033
S2140061307047274B984221D003F5740303F510539C
S21400614098421FD0234B9842C5D11C4BD3F89000E1
S21400615070471A4B986D7047184B586F7047174B1F
S214006160986F7047154BD3F884007047134BD3F8DD
S21400617088007047114BD3F88C0070470F4BD3F84C
S214006180940070470D4BD3F8980070470B4BD86DB2
S21400619070470A4B986E7047084BD86F704700BF21
S2140061A0002D310180969800404B4C0080841E00E4
S2140061B000093D0040420F00C0CF6A000080E00F9B
S2140061C00024F400006CDC020048E80180D543029D
S2140061D00090D003007E560373B50D4600210E4B8B
S2140061E00191D3F88041064604F00304012C09D03F
S2140061F0022C0CD00C460EB1019B336005B12C600E
S21400620002B070BD01A8FFF7E5FE0F24F3E728F003
S214006210E3FE0190EFE700BF0080005038B5104B5A
S2140062200546D3F840320C4603F00303022B0BD08E
S214006230032B0DD0012B0FD129F0BAFF092305B18E
S214006240286004B1236038BD28F0D4FE0823F6E7A2
S21400625029F0B1FF0B23F2E700231846EFE700BF53
S2140062600080005038B5144B0546D3F800020C46A3
S21400627000F0070004281BD8DFE800F003090D1122
S2140062801500012305B1286004B1236038BD29F04C
S2140062908FFF0923F6E728F0ADFE0823F2E729F082
S2140062A08AFF0B23EEE728F081FE0E23800AE9E73B
S2140062B000231846E6E700BF0080005010B40D4CDF
S2140062C00B46D4F8204204F00304012C0AD0022C1A
S2140062D00CD008B1002101600BB100221A605DF8F5
S2140062E0044B70475DF8044BFFF774BE5DF8044B33
S2140062F0FFF794BE00800050B0F5207F1FD009D86D
S214006300B0F5007F15D003D868B1B0F5C07F0AD0CD
S21400631000200CE0B0F5607FFAD10B4BD3F880007C
S214006320C0F3011003E0084B186FC0F303300130D0
S2140063307047054BD3F89000C0F30460F7E7024BB4
S214006340186FC0F38020F2E7008000504FF4003250
S2140063500E4B014610B500209A66FFF7CDFF484366
S21400636041F671320A490B4B884294BF0020012047
S214006370DC69DA639A6822F4401242EA00529A60B4
S214006380E20344BF0022DA6310BD00BF0090005055
S214006390005A620200000350420910B50FD0012ACD
S2140063A00FD00A4B0A4C022A18BF234600F01F00E3
S2140063B049B103F58053012282401A6010BD13468E
S2140063C0F4E7044BF2E703F50053F4E76880005067
S2140063D060820050648000501FB50021B0F5807FB9
S2140063E00446019100F0068100F29D80612800F2CB
S2140063F095801F2805D8002840F0928028F0D6FD0A
S214006400DCE0A0F12004412C00F28A8001A353F8BE
S21400641024F000BFFD630000C1650000FD630000BE
S214006420C1650000E1650000E1650000E16500006F
S214006430E1650000C1650000C16500009B650000C5
S21400644055650000176600002166000055650000CF
S214006450C1650000C1650000C1650000216500003F
S214006460216500002165000021650000216500000F
S21400647021650000EB65000077650000C16500003F
S214006480C1650000C1650000356600002B6600008F
S214006490C16500002165000021650000216500003F
S2140064A021650000216500002165000021650000CF
S2140064B021650000216500002165000021650000BF
S2140064C02165000021650000FD63000021650000D5
S2140064D0FD630000FD630000FD630000E165000051
S2140064E0216500002165000021650000216500008F
S2140064F0216500002165000021650000216500007F
S214006500216500002165000021650000216500006E
S21400651021650000FD630000FD63000080284BD06D
S214006520019804B010BDB0F5A06F5ED028D8B0F5C5
S214006530607F50D019D8B0F5007F4CD004D8B0F5A5
S214006540C07F3FF45BAFEBE7B0F5207F38D0B0F507
S214006550407FE5D128F02AFD02464FF42070FFF771
S214006560CBFEB2FBF0F2520833E0B0F5806F37D0C6
S214006570B0F5906FD4D1002101A8FFF7D3FCCFE788
S214006580B0F5E06F51D00DD8B0F5C06F43D0B0F580
S214006590D06F45D0B0F5B06FC2D1002101A8FFF78B
S2140065A01BFEBDE7B0F5F06F44D0B0F5086FB7D16D
S2140065B001A8FFF7EBFCB3E728F0D8FC0190AFE7A3
S2140065C028F0F4FC02464FF42070FFF795FEB2FB6D
S2140065D0F0F20192A4E728F0C9FC02462046F4E750
S2140065E0002101A8FFF7F6FC9AE7002101A8FFF7B3
S2140065F065FE95E74FF0E02302911B695B0705D522
S21400660028F0D4FC0290029B019389E703A902A814
S214006610FFF704FDF7E7002101A8FFF7FFFC7FE77F
S214006620002101A8FFF71EFE7AE7002101A8FFF768
S214006630F5FD75E7002101A8FFF714FD70E700BF20
S21400664008B58020FFF7C8FE034B98429EBF4FF464
S2140066508032024B1A6708BD005A620200A0005042
S2140066601FB503460020B3F5807F01906FD027D872
S214006670382B00F082800BD8243B092B0FD8092B2F
S2140066800DD8DFE803F05F5F5F5F0C0C5A0C3675C1
S214006690522B57D007D83D2B3AD03E2B72D00198BC
S2140066A005B05DF804FB802BF9D1394B1B6F03F066
S2140066B00703013B032BF2D8DFE803F03D36393BF6
S2140066C0B3F5D06F54D019D8B3F5A06F55D00AD80B
S2140066D0B3F5806F36D0B3F5906FE0D1002001A9F6
S2140066E0FFF720FCDBE7B3F5B06F26D0B3F5C06F3D
S2140066F0D5D1002001A9FFF791FCD0E7B3F5006FD4
S214006700ECD00AD8B3F5E06F3CD0B3F5F06FC6D145
S214006710002001A9FFF7A6FCC1E7B3F5086FBED1BC
S21400672001A9FFF733FCBAE705230193B7E7032374
S214006730FBE70723F9E70223F7E7002001A9FFF7A5
S2140067404BFDACE7002001A9FFF744FCA7E74FF09C
S214006750E02302901B695B0705D528F027FC0C2375
S2140067600393039BE1E703A902A8FFF757FCF8E7AA
S214006770002001A9FFF776FD91E7002001A9FFF7A9
S2140067809DFD8CE7002001A9FFF748FD87E700BFC5
S214006790008000504FF48032074B0849586E03F5CE
S2140067A080535A660B6A23F001030B62C3035CBF77
S2140067B0034B5A66704700BF0080005000C0075069
S2140067C000A0005008B5FFF74BFF082811D0093885
S2140067D0012802D94FF6FF7008BD4FF40012064B91
S2140067E05A6603F5D8335B6ADB07F3D54FF4FA70C5
S2140067F0F2E7024B1888EFE700900050782C002054
S21400680008B5FFF72DFF03280ABF024B4FF6FF70AF
S214006810188808BD762C0020F8B504468020FFF7BF
S2140068201FFF032800F087804FF40022424B02210E
S2140068305A6645F60E03414AC2F88030404B9962CC
S214006840012103F580539962936DD903FCD4D4E9F2
S21400685000131B0543EA0163E17B94F820500B43C9
S214006860217BE77E43EA0143617B6D0143EA013306
S214006870A17B43EA811313619169D4E904031B06E3
S21400688043EA806301F000410B43A17E94F82300A5
S2140068900B43217E43EA0143617E43EA0123936171
S2140068A0136AE66923F00D0394F8221043EA87037F
S2140068B0002E2DD11362966A94F8213045EA031310
S2140068C026F033052B4343F0010393621D4D1B4B0B
S2140068D09A6D35EA0202FBD10222194DAA621A65A8
S2140068E09A6D5200FCD41A69A56822F4700242EA36
S2140068F005521A614FF00042114B9A6119B90222F3
S21400690003F580539A6278B901220F4B9A620BE026
S214006910334343F008031362936A23F033030343BD
S2140069202B4343EA4103936294F824301BB1034B94
S214006930064AC3F88020F8BD0090005000C0005002
S21400694000D000500300014000E00050F1A7FFFF18
S214006950014B93F900007047B8280020F0B5D0E945
S21400696001434FF480061A4A4178057856664FF47C
S214006970D156022702F5B8325662164E4F29776076
S2140069804FF0010728BF4F2106F58056776016693D
S214006990F603FCD441EA052151611B01417B43EA21
S2140069A004230B43017B43EA41039360C37B817B53
S2140069B01B0143EA4113417C0B43017C43EA41033C
S2140069C05360837C13B16FF4D1535362F0BD00BFA4
S2140069D00090005000100250014B1880704700BF16
S2140069E0782C0020014B1880704700BF762C0020C2
S2140069F04FF4001208B5184B5A660223174A536024
S214006A00936813F48033FBD1012822D128F0E8FAEA
S214006A10134B984215D003F5122303F5F8639842FA
S214006A2013D0104B00EB8002400AB3FBF0F3520A7F
S214006A300A49CA620B6301234B620022074B5A6065
S214006A4008BD45F67A13084AF2E745F61A03074AE0
S214006A50EEE75362F1E700BF00900050004002509E
S214006A6000F0490264666666D8B80500BBCF05002C
S214006A70B0F5207F10B50C4642D008D8B0F5007FA0
S214006A8033D003D888B1B0F5C07F0ED010BDB0F5B6
S214006A90607FFBD11F4A4C1ED2F8803023F03003B3
S214006AA043EA0413C2F88030F0E71BF028FD1BF021
S214006AB034FD4FF48031184B164A1967136F013CAA
S214006AC023F4704343EA0433136728F06FFA04464E
S214006AD0FFF71CFAC0F1020120461BF018FD00F07B
S214006AE035F8BDE81040FFF7ABBD0A4A4C1ED2F899
S214006AF0903023F0F85343EA0463C2F89030C5E7B9
S214006B00044A4C1E136F23F4806343EA84231367FE
S214006B10BCE700BF008000500090005008B501217F
S214006B20022000F055F94FF42070FFF7E5FB054B07
S214006B3018701BF0E4FC1BF0F0FC4FF48032024BA4
S214006B401A6708BDB72800200090005008B54FF41B
S214006B50C070FFF741FCBDE808400449884294BF76
S214006B60012102214FF42070FFF782BF80F0FA0265
S214006B7038B5044628F01AFA0546FFF7C7F9C0F1FB
S214006B80020128461BF0C3FC0121002000F060F93A
S214006B902CB1FFF7DBFFBDE83840FFF751BD034BD4
S214006BA04FF420701978FFF763FFF4E7B72800204A
S214006BB04FF4C02270B50546FFF778FA314B04460D
S214006BC05A6603F598335A68012A04D12E494A605A
S214006BD09A699207FCD18020FFF742FD052807D16D
S214006BE01BF08DFC1BF099FC4FF48032254B1A6786
S214006BF0264B24F040749D4230D0254B9D4230D029
S214006C0028F0AEF98542064603D90121284600F051
S214006C101FF9204BDA6812F0060FFBD199689C60CA
S214006C209A68624012F4F81F1ED12846FEF746FB0B
S214006C308020FFF715FD05280DD128F0B7F904468A
S214006C40FFF764F9C0F1020120461BF060FCFFF775
S214006C507DFFFFF7F5FCAE420CD270BD44F0007429
S214006C60CEE744F08074CBE780209960FFF7F8FC0D
S214006C70052805D0BDE870400121002000F0E8B8E6
S214006C803546DAE70090005000E0015040420F0021
S214006C9080841E000000015010B5224B70B94FF4DE
S214006CA00031214A1860516602F598325268012A6E
S214006CB003D11E4AD2F800211A6010BD1B68002BB3
S214006CC0FBD01B4A5268012AF7D0184A8020C2F827
S214006CD00031FFF7C5FC05281FD14FF4C070FFF741
S214006CE00BFB0128044604D102214FF4C070FFF7C5
S214006CF0BFFE07220F4B1A610122A3F580535A608C
S214006D000B4A1369DB07FCD5012CD6D12146BDE81A
S214006D1010404FF4C070FFF7ABBE0122064B5A601E
S214006D20CBE700BF94110020009000500080005078
S214006D3000C0015000E0015000D00150044A4178E4
S214006D40536F23F4407343EA01235367704700BF31
S214006D500040005010B5044610B10020FFF79CFF1D
S214006D60124A136943F00403136128F027FD1BF051
S214006D70D9FB0F4B5B6E5B0142BF0E4B0E4AC3F84E
S214006D80202429F020FA29F0A7FC29F017FA1BF096
S214006D90CAFB02F0DBFA1CB9BDE8104028F006B9C1
S214006DA00120BDE81040FFF777BF00BF00ED00E010
S214006DB00080005000E003500000FF0F034A0179F6
S214006DC0D36E23F030030B43D36670470040005069
S214006DD0F8B504461C4BD3F88420D106FBD4D3F870
S214006DE08430C3F381139C422CD028F0BFF8012CCA
S214006DF0064602D121461BF08AFB29F0E4F94FF043
S214006E000072124B07465A6620461BF093FB4FF45F
S214006E1080630D4D621E93402B676B6E9A0103D400
S214006E20D5F884309B060AD5384629F0C7F9022CD7
S214006E3008D13046BDE8F84000211BF068BBD5F805
S214006E408430EAE7F8BD00BF004000500060005004
S214006E5010B50C4608B928F089F8074B21461B7870
S214006E603BB1064B984204D80120BDE81040FFF71E
S214006E70AFBF0220F9E700BFB9280020005A62021F
S214006E800278034B012100201A70FFF7E1BF00BF14
S214006E90B92800204FF0004238B5264B26495A66DE
S214006EA001224A604AF6CD3103F50B235D6C196466
S214006EB0154030BB9968C9070BD4002401221F4B2C
S214006EC05A6015B11E4B1F4A1A6427F096F82046E2
S214006ED038BD1A498A601C4AD96ACC0705D4904244
S214006EE001D10724EAE70130F6E79042E5D1F8E75A
S214006EF00132DC6A14F0080406D08A42F8D107246E
S214006F00DFE700221049F4E78A42F8D020220B4B34
S214006F100B495A620122A3F580539A6023460A4A17
S214006F20486A800603D49342E9D00133F8E79342D7
S214006F30C7D1E4E7009000500050095000600950A7
S214006F40004009503254FFFF40420F004FF000420D
S214006F5038B5174B174C5A66012203F50C235A60B6
S214006F604AF6CD33656C2364437893401343124A44
S214006F70D363C3788178A2689B0043EA011322F0AA
S214006F8074021343A3600279837943EA02232361E0
S214006F904279C37943EA022363610078FFF77AFFF8
S214006FA0EB0744BF054B236427F027F8012038BDC4
S214006FB00090005000400950004000503254FFFF3F
S214006FC010B504461BF0BBFA002341F20202084942
S214006FD0E360A360226104F50052E3616361A3618C
S214006FE023626362E362A3645164A36210BD00BFC0
S214006FF07F370C0138B50446154639B9184884421F
S21400700014BF08463820FFF7E7F901466368A3680F
S21400701003F0E003402B1AD003D8D3B1202B1AD0AC
S21400702038BD602B19D0802BFAD101236B43490160
S214007030B1FBF3F10B4A2039204602EAC1020121D6
S2140070401BF079FAA262BDE838401BF074BA06233A
S214007050ECE71023EAE70823E8E70423E6E700BFA7
S2140070600000035AF8FF7F00F8B5436804460D4653
S21400707016461BB140F2FF711BF05DFA2046FFF783
S2140070809FFFE9896B7B22690B43298A22F44C52C5
S2140070900B4322F0030213432361A268297E2B7B55
S2140070A022F080420B4322F0E20213436A6904F5A1
S2140070B080511343AA68A360EB69002A34D1A06804
S2140070C040F00040A060002B33D15EB396F820302D
S2140070D0DBB101238B614B60204629781BF04CFA0C
S2140070E0236CDB4313F4405FFAD1F8BD96F82030EA
S2140070F05BB101238B614B6020466968FFF77AFF1E
S214007100EAE796F82030002B78D196F822306069AE
S21400711096F8216020F009003343034343F001034F
S2140071204B6161E00123D6E71BB9002EDED10123B7
S214007130E1E7987A1F7A4004D4F808C040EA8750FE
S214007140304F0CEA070738439F8807F4C047384398
S2140071505F7840EA87005F7B40EAC7009F7B40EA93
S21400716007109F7840EA8720A060D4F80CC0D3E9C7
S214007170040738432CF4D81727F4C06738439F79A0
S21400718040EA8720DF7940EA4720E0601878012847
S21400719005D1E06840F00400E0601B4806E00328E4
S2140071A028D1E06840F00400E06018480127C0F8E5
S2140071B0C070587A086218B1E06840F40060E06079
S2140071C0D87A48B1E068124F40F40040E060187B7F
S2140071D000F00F00C7F88000E069DB7B20F00300BA
S2140071E00343E361002E8CD101234B60002A3FF459
S2140071F073AF81E702380128D7D9CEE701238B6128
S214007200F2E700BFE39BBDFF00E4035000D4035049
S21400721000900350F8B504460D461F4616464AB180
S21400722001238B403021184A01FB0022F7B141F2BE
S2140072301001535004EB4403072D4FF00F014FEAA3
S214007240031316D8A80006FA00F281400F48184427
S2140072501BF0BEF94EB9012330210B4AAB4001FBAF
S214007260042277B141F210015350F8BD42F21001EA
S214007270DFE7A5F10800800006FA00F28140044826
S214007280E5E742F21001EFE700C0035004C00350E8
S2140072900CC0035010B5152001F028F90024FF2279
S2140072A0064B21465C6520209A625C60FFF774F806
S2140072B02146BDE810402120FFF76EB800000450BC
S2140072C0044A054B002908BF1346012282401A6073
S2140072D0704700BF401004504020045010B50121F4
S2140072E004462020FFF758F801212120FFF754F824
S2140072F00122114B15205A60227812069A60617896
S214007300A27842EA01429A61FF229A6200229A63B8
S2140073101A644FF000425A654FF0FF3203F50053EF
S2140073201A6501F011F91520E1781BF07DFDBDE826
S2140073301040152001F0ECB800000450F8B5012507
S214007340C3B21E4FD1F800C09D408E7ACB7A0C4651
S214007350097B3D6507F5005747F820C04FF0300C15
S2140073600CFB00F01B05677B00F1A04043EA0643D8
S21400737000F5802043EA415322F003020766C36506
S214007380026728F029FF0E4B227A5D6502B11D6464
S214007390627A02B19D632279A37943EA0243074ADF
S2140073A093616179E37943EA014305498B61054BB3
S2140073B055639D64BDE8F84028F009BF00200450DE
S2140073C0001004500000045010B50124C0B28440E0
S2140073D028F002FF044B5A6D22EA04025A659C62AA
S2140073E0BDE8104028F0F3BE0000045010B501249C
S2140073F0C0B2844028F0F0FE074BDA6A224208D179
S2140074005B6B9C430CBF0124002428F0E0FE204662
S21400741010BD0024F9E700BF0000045070B5054613
S21400742028F0DAFE3022084B5E6B02FB05335C6EFA
S21400743028F0CDFE0123EDB2AB4033420ABFC4F3C1
S2140074400A100020013070BD00000450CB784A7846
S21400745010B55B010C7843EA82030A79234343EABA
S21400746002130C22424302F1B0421363012C02BF06
S2140074708A78024B43F8202010BD00BFE8800350F6
S21400748008B54FF0B0435A686AB958B15B680BB19B
S2140074901BF0ADF801210D4B59601BF0A8F84FF01A
S2140074A0B043D96008BD5B680BB11BF0A0F800289C
S2140074B0F0D11BF09CF84FF0B0430222DA601BF0CC
S2140074C096F80122024B5A60ECE700BF0010005805
S2140074D0002000584FF0B0414B6810B50BB11BF0C0
S2140074E086F801220B4BC4785A608378934043EAAF
S2140074F0840344782343047943EA0413447943EA33
S214007500C4038B60044B5A600378C3F10203CB605C
S21400751010BD00BF00200058001000584FF4803205
S214007520064B5A6603F5E6235B69C3F38512827041
S21400753003F03F021B0B4270037070470090005030
S214007540014B986CD96C70470080E00F034BD3F862
S2140075502424D3F820041040704700BF00C0035016
S214007560064BDA6E02F03002202A06D0DA6E22F0DF
S214007570300208B142F01002DA6670470040005050
S2140075802DE9F8431E4B0546D3F810334B1E0E2B41
S2140075900E46174690F8009044781DD909B34FF070
S2140075A000082846D7B128F02FFE09EB4903072C20
S2140075B04FF00F014FEA031315D8A400114808FA3C
S2140075C004F2A14018441BF01AF8BEB928468FB141
S2140075D0BDE8F84328F018BE8846E2E71BF01EF820
S2140075E0E3E78846E1E7083CA400074808FA04F207
S2140075F0A140E7E7BDE8F8431BF010B8BDE8F88304
S21400760000C0035004C003500CC003502DE9F041E5
S2140076102B4B1746D3F810234A1C06460C464078D8
S21400762004D1D3F824141BF007F80446002C2FDBF3
S214007630072C4FF0030532782DDC4FEA840805FA54
S21400764008F529461F4802FA08F21AF0D8FF29461C
S21400765072781D4802F0030202FA08F21AF0CFFF11
S214007660012317F0050F194A18BF194903FA04F346
S2140076700CBFC2F81034C1F8103417F0060F18BF4C
S214007680134AC2F814340123104AA340C2F8203427
S2140076902046BDE8F081A4F108084FEA880805FAFC
S2140076A008F529460B4802FA08F21AF0A8FF727885
S2140076B0294602F00302084802FA08F2CEE700BFA5
S2140076C000C0035000C4035008C4035000E0035039
S2140076D000D0035004C403500CC4035038B505460C
S2140076E00C4C0140D4F8303423EA0003C4F830349C
S2140076F0D4F830341943C4F83014D4F82C34034387
S214007700C4F82C34012004F50054FFF729FFC4F810
S214007710205438BD00C00350124B70B5D3F8103358
S21400772006461AF0A3FF0446481C154603D1621C01
S21400773005D1204670BD631CFBD08C420ED130466E
S214007740032185F00102FFF71BFF012004F110035F
S21400775005FA03F19840FFF7C1FFEAE74FF0FF3460
S214007760E7E700BF00C003500A4B1B68C3F307439C
S214007770012B0ED1084B04205A6E4FF48023074984
S214007780520358BF064A4B6601F51041086258BFBF
S214007790536670470080E00F008000500090005055
S2140077A000A000504FF48032084B5A6603F5E623DB
S2140077B05B691A0B027003F03F0242704FF6FF72CD
S2140077C0C3F3851342808380704700BF009000504B
S2140077D0014B986CD96C70470080E00F10B54FF4E1
S2140077E02F72002104461CF050FF8023C4F88C3012
S2140077F0054B04F19C00C4F88430012384F88830DB
S214007800BDE810401AF010BCDD14030010B5D0F827
S214007810A0400A468CB91BF023F9044610B9002490
S214007820204610BD2D2896BF064B074953F820105A
S214007830064A07481BF05AFAF2E7D0F8A41010469A
S214007840A047ECE798150300E0140300D5180300E2
S214007850C6160300F8B590F88060044616B10026F8
S2140078603046F8BD1AF036FF0028F8D1012384F818
S214007870803094F8883033B1D4F884101F4884F8E8
S21400788088601BF033FA4FF0FF37D4F8B402421C7E
S2140078901FD0C4F8B47210F0FF052CD020461AF0A2
S2140078A016FF2946204600F0C1FB0028EDD02046F2
S2140078B01AF012FF94F888303BB1D4F884100F48C1
S2140078C01BF014FA002384F88830002384F88030F4
S2140078D0C6E71BF0F0F9431CDDD1D4F88C30D4F8A1
S2140078E09420013B9A4204DB054A064906481BF0F1
S2140078F0FDF90126E9E70126C7E700BFC816030021
S214007900D5180300EE140300C6160300F8B50B786E
S2140079100446302B0D46164604D14B7803F0DF03A1
S214007920582B11D0284F6A1E12F8011F002934D197
S21400793028460A2203F096FE202C03460D4631D137
S214007940B1FA81F040091AE04A1C1F4912F8013FBB
S2140079508BB928461CF0CDFE1C4B02382340032B67
S21400796012D10134A41084420AD1A87837288CBFDB
S2140079700020012003E0CB5C13F04400E6D1F8BD04
S214007980CCBF01200020FAE7002CB8BF0334B0EBD0
S214007990A40FD4BF01200020F1E77B5C13F00400A5
S2140079A0C2D1ECE726B1084302D0013B61F10005E5
S2140079B00122A240013A1A40002D08BF9A420CBF8D
S2140079C001200020DBE700BF2E2F0300030000800D
S2140079D0F0B5037801467B2B17D106460224002219
S2140079E00B4F16F8015F7D2D05D10B5D6BB9D243A9
S2140079F002F0010008E07B5D13F0440002D0013283
S214007A000134EEE7202DFBD0F0BD0020FCE700BFE0
S214007A102E2F030070B506460D461CF06AFE04467F
S214007A2030461BF063F9044EAC4200D370BD3046BE
S214007A301BF05CF90134F7E7871403002DE9F84FD3
S214007A40044602216048FFF7E5FF1E212068FFF785
S214007A50E1FF636858681BF049F95C481BF046F97B
S214007A6067683B7BFD2B12D8D7F808804FF0FF34B1
S214007A7040461CF03EFE0646DFF84C91DFF8A8A113
S214007A80DFF864B10C3717F8013BFF2B01D1BDE8D6
S214007A90F88F212B14D8212B14D8DFE803F0178C8D
S214007AA08884807C78741313131313131313706C69
S214007AB06864605C58541313131313131313504C59
S214007AC0FE2B34D006B10134414D02E006B101343C
S214007AD0404D02214846FFF79DFF1E214846FFF70E
S214007AE099FF50461BF002F9594628461CF0EAFD5D
S214007AF03949002818BF294638481BF0F7F83B7864
S214007B00202B02D12B201BF0E5F835481BF0EEF8B1
S214007B104EB118F804301F2B05D018F804001F28A3
S214007B2001D0B4424BDB29481BF0E0F8ABE706B1C6
S214007B3001342C4DCDE706B101342B4DC9E7002E9C
S214007B40A1D001349FE706B10134284DC1E706B144
S214007B500134274DBDE706B10134264DB9E706B11D
S214007B600134254DB5E706B10134244DB1E706B121
S214007B700134234DADE706B10134224DA9E706B125
S214007B800134214DA5E706B10134204DA1E706B129
S214007B9001341F4D9DE706B101341E4D99E706B12D
S214007BA001341D4D95E706B101341C4D91E706B131
S214007BB001341B4D8DE706B101341A4D89E71BF0E1
S214007BC089F80134A9E700BFEC310300D51803009B
S214007BD05D16030057160300B4160300C81603000C
S214007BE03A080300651603006B16030074160300BC
S214007BF07B16030086160300901603009A160300F1
S214007C00851603008F16030099160300A2160300BC
S214007C10A6160300AE1603005116030058160300FE
S214007C20AD16030050160300B61603002DE9F04FFC
S214007C3093B005468B460024009204931CF059FD31
S214007C401C9F049B05901C6028463C600AAA09A954
S214007C501BF06EF8064658B90A981CF04AFD3446E2
S214007C60B146049B1860D5F89C300393039B1BB960
S214007C70204613B0BDE8F08F039B9B680193002B52
S214007C8069D02E4416F8013B202B12D000260C2378
S214007C907343019A02EB030AD3580293002B55D084
S214007CA0DDF82480C84551DB9AF808302BB1721CE9
S214007CB035E03B6801333B60E4E73B68D5F8942049
S214007CC00299D21A049B1A6012AB03EB890353F88D
S214007CD0203C184606931CF0E0FC07900028E6D1EE
S214007CE002981CF006FDDAF804100346087BD7F865
S214007CF000A0FE28079A16D108F1FF38C8452ED0F6
S214007D000B680698029201931CF0F3FC0AF101033B
S214007D10029A0344E95C21B13B6009F10109164669
S214007D20B5E70133F6E7D5F89420A2EB0A029A42AB
S214007D30BDDC584606931CF0DCFC069B03447B2BFC
S214007D401DD958461E4A00991AF0B0F92B46059AD6
S214007D502A449A422AD1039B1B68039386E7D5F8E8
S214007D609420A2EB0A029A42E3DDD1F8008058F88C
S214007D700C2B82B9059B3B60049B1A60E6E75846CD
S214007D80029A00991AF092F958460E4A0099013460
S214007D901AF08CF98BE7584600991AF087F958467E
S214007DA0084A00991AF082F90134E0E713F8011B3B
S214007DB00029CED14FF0200103F8011CC9E700BF0F
S214007DC0B8160300871403002DE9F047002486B098
S214007DD01C60DDE90EA8064689468AF80040116850
S214007DE0154888F8004017461D468DF81740FDF7E1
S214007DF07BFA18B901242B6801332B600020D6F8D3
S214007E009C6036B914B1012388F8003006B0BDE88E
S214007E10F087B06868B14B460021CDE902A8CDE9ED
S214007E2000750DF117021AF0B8FD9DF81730002BFB
S214007E30E8D13668E5E700BFBD1603002DE9F0433C
S214007E4000260446ADF5457D7C22314605A802AFE6
S214007E5004961CF01AFC80222046009703AB04A967
S214007E60FFF7E4FE01283ED104A81CF042FC03996B
S214007E703B68A0EB01080B44234428EAE878054653
S214007E8004A80144424618461CF026FC00F8086088
S214007E90D4F89060039B3968D4F890201944B14216
S214007EA012DCD4F89410E81A0244C4F89020014476
S214007EB004AAC4F89410D41825182B1B002B0DDC2C
S214007EC00DF5457DBDE8F083A05C1AF003FFD4F8FD
S214007ED0903001360133C4F89030DBE714F8010B1C
S214007EE01AF0F8FEE9E7EBDD24AD8022314628469D
S214007EF01CF0CBFB44AB4FF40072314618461CF026
S214007F00C4FB0DF1100903464A464FF001083146FE
S214007F1012F8016B002E49D104A843F828101CF073
S214007F20E8FB2946334619F8016B0DF5887C5CF8AA
S214007F30042B824243D10133984501F8016BF2DAF3
S214007F40D4F89060039BB34242DC2346354A04A92A
S214007F5035481AF0CBFE28461CF0CBFB0646039BA2
S214007F603F68F61A1F44E0191D4426EAE67204F13B
S214007F7098031744984204EB07014ED204F190038D
S214007F8099424AD96A1E81190B1A002B39DD12F85C
S214007F90013F00F8013BD4F890300133C4F890302C
S214007FA0D4F894300133C4F89430EDE7202E01F174
S214007FB0010104BF43F8281008F10108A8E70DF1F5
S214007FC0100E7244D25CB242B1D00022EA54B7E737
S214007FD0D4F890300136E05C1AF07CFED4F890308D
S214007FE00133C4F89030ADE7D4F89020013B01325D
S214007FF0C4F89020D4F894200132C4F89420002BC2
S214008000F2DC00232E44E355731B002B7FF758AF9A
S21400801015F8010B1AF05EFEF6E729461CF05CFB2D
S2140080203346ECE7DD140300C21603002DE9F843DF
S214008030D0E9245604460F46002294F89830012BC7
S21400804007D10A2F07D1002384F898300020BDE816
S214008050F88300F29F801B2F01D10223F4E70D2F37
S2140080600DD1012384F898300D201AF033FE0A2033
S2140080701AF030FE00230120C4E92433E7E74FF06E
S2140080800008082F84F8988034D1454530DDB54285
S2140080900FD138461AF01EFE20201AF01BFE013DB6
S2140080A038461AF017FE013E04F80580C4E9245647
S2140080B0CCE7FBDA05F1FF3938461AF00BFE04EB85
S2140080C00903A6EB0902611918461CF0C4FA04F865
S2140080D006800146013E48481AF008FE35464D45E2
S2140080E001DC4D46E2E708201AF0F4FD013DF6E714
S2140080F0ACD0DBE77F2F1CD1002EA7DDB542A5DA7A
S2140081006319691C21441846721B1CF0A4FA04F873
S2140081100680014639481AF0E9FD0820013E1AF0AB
S214008120D9FDB542F9D1D4F89430013BC4F8943067
S2140081308CE70A2F98D0092F03D12046FFF77EFE42
S21400814084E7D4F88C30013BB3427FF77FAFB5426B
S21400815004EB050805F101090CDB384688F80070C9
S214008160D4F89430C4F890900133C4F894301AF0E0
S214008170B1FD6BE74146721B04EB09001CF06BFA7D
S21400818040461AF0B3FD0820013E1AF0A3FDB542A2
S214008190F9DDE2E7022B06D15B2F01D1032353E77B
S2140081A084F8982049E7032B7FF450AF413F84F8CA
S2140081B09820032F3FF64AAFDFE807F002070A16BB
S2140081C0012120461AF037FD40E74FF0FF31F8E76F
S2140081D0B542BFF63BAF605D1AF07CFDD4F8903038
S2140081E00133C4F8903031E7002D7FF72FAF013D03
S2140081F00820C4F89050BAE7CB160300D016030048
S21400820070B504460D4627F0E7FF1D2C064608D835
S2140082100C2C0AD8082C2CD013D8BB23E340DB0741
S21400822018D4002321242B801EE00123174AA340E4
S214008230134224D1122C26D00D2CF2D14FF4F0602C
S21400824005E0092C18D00C2CEBD14FF4C060FEF7DB
S214008250B9FA02E08020FEF7D3FA4FF6FF73984291
S2140082600CBF0E2400242880304627F0B0FF20469E
S21400827070BD4FF48060EEE74FF49060EBE70023AC
S2140082800F242B80F0E74FF4E060E0E700809120B9
S21400829030B58BB06C466B4D0FCD0FC42B686A4A59
S2140082A023604FF60173ADF80030D2F84C3113F46A
S2140082B0802340F0BA80D2F850218DF801309DF826
S2140082C001306C46FF2B08BF192368465F4D8DF8BA
S2140082D00130FEF743FB3220FEF77EFB0FCD0FC4C6
S2140082E00FCD0FC495E8030084E80300564BD3F87F
S2140082F04C21120300F18380D3F85041E4B28DF88C
S2140083001940FEF725FB044484F3080450488DF812
S2140083101840FCF7D9FF6846FEF77EFA3220FEF7D3
S21400832061FB4C48FEF744FC4B4C4C4827F07FFF63
S2140083300020FEF75DFBFEF7F1FB236F002023F025
S214008340070343F003032367FEF712FC236F444939
S21400835023F474432367434BD3F8FC2012F0807257
S21400836053D1C1F880203C4BD3F8202122F00302E1
S21400837042F00202C3F82021D3F8242122F007029B
S21400838042F00202C3F82421D3F8802122F003022F
S21400839042F00102C3F88021D3F8402122F0030204
S2140083A042F00202C3F84021D3F8602122F0030213
S2140083B042F00202C3F86021D3F8402222F0030202
S2140083C042F00202C3F84022D3F8002222F007024D
S2140083D042F00202C3F80022D3F8202222F0030261
S2140083E042F00102C3F82022FEF7D4F94FF0E02253
S2140083F00020136943F0040313610BB030BD1A4B21
S2140084001C88FF2C88BF8C2479E7D3F8FC2022F048
S2140084108072C3F8FC200022C1F88020D3F8FC202C
S21400842042F08072C3F8FC209DE74FF07E6393F81D
S2140084309C2093F99C30002BFFF641AF8DF801206D
S2140084403DE700BFD41603000080E00FE8160300E7
S21400845000F0490200B4C404008000501C1703005A
S2140084600090005000ED00E00001E00F07B56B46FD
S214008470054A1068516803C36846FEF767FD00208A
S21400848003B05DF804FB00BF101703000028ACBF64
S21400849000F16040064B4FEA0111C9B2ABBF00F5D0
S2140084A0614000F00F0080F800131954704700BFB9
S2140084B014ED00E008B527F08FFE0B4B1A7872B962
S2140084C001221A7027F083FE6FF004021046013274
S2140084D0052152B2FFF7DAFF402AF7D108BDBDE802
S2140084E0084027F074BE00BFBA28002000280CDB26
S2140084F001220649430900F01F008240203341F85C
S2140085002320BFF34F8FBFF36F8F704700E100E06B
S214008510002807DB01234109034A00F01F008340BF
S21400852042F82130704700BF00E100E0054B4211E1
S21400853053F8223000F01F0023FA00F0C04300F08A
S2140085400100704700E100E0002808DB0122430933
S214008550034900F01F008240603341F82320704733
S21400856000E100E010B5044627F036FE024B1C6022
S21400857027F02DFE002010BDA011002010B527F01A
S2140085802BFE034B1C6827F022FE204610BD00BFC2
S214008590A011002038B50446D0F8A4301D682B6C16
S2140085A05906FCD5002394F8AD101A4694F8AC0092
S2140085B0FEF730FE002394F8AF101A4694F8AE008B
S2140085C0FEF728FE94F8B430DA0707D5002394F8AF
S2140085D0B1101A4694F8B000FEF71CFE94F8B430BA
S2140085E09B0707D5002394F8B3101A4694F8B200F8
S2140085F0FEF710FE012205F500539A6404220021BE
S2140086009A642846094D19F0B7FFD4F8A80027F059
S21400861011FE284604F1B80119F01CFD2B6813B9A9
S214008620034800F071FD002038BD00BFA4110020F3
S214008630A8110020012910B502D9022913D010BDB7
S214008640124B1C68B83C14F1B80FF8D0D4F8A80048
S21400865027F0EDFDD4F8A4300521186819F08CFF3A
S214008660D4F8B840EEE7094B1C68B83C14F1B80FD4
S214008670E5D094F8973033B994F895301BB9D4F810
S214008680A80027F0D7FDD4F8B840EEE7A4110020E4
S2140086902DE9F0471D4613688EB0D3F8009091F888
S2140086A0313082468846144606AE002B00F0DF8046
S2140086B0734F0FCF0FC697E80F0086E80F001822FB
S2140086C0002168461BF0E1FFA3680893237B012B7B
S2140086D000F0CF80022B0CBF4FF440730023ADF8A0
S2140086E02630637B0127032B8CBF4FF48053654AEB
S2140086F0CDF834D098BF32F813308DF80670ADF848
S2140087002830A37B29465A1E022A88BF00235E4AC9
S2140087108DF80030D8F8383050461A605B4A5A60F8
S2140087205B4A9A605B4ADA60424600F009FB0646FE
S214008730002840F0988023695748C5F8A830E37DA4
S21400874085F8AF30A37D85F8AE30637D85F8AD3013
S214008750237D85F8AC30637E85F8B130237E85F8BE
S214008760B030E37E85F8B330A37E85F8B230236858
S214008770C5F8A43027F05BFD3B460422617D207DD2
S214008780FEF748FD3B46E17D0222A07DFEF742FD56
S21400879085F8B460206927F04AFD98F831304846DD
S2140087A006A9002B68D019F00EFF95F8B43043F0F8
S2140087B0040385F8B4300222384BC3F8C020607D2D
S2140087C0217D41EA0041C3F8D010E07DA17D41EA59
S2140087D00041C3F8CC10A37B03F0FD03012B0AD1A4
S2140087E095F8B43043F0010385F8B430617E002379
S2140087F0207EFEF70FFDA37B023B012B0BD895F8DE
S214008800B430042243F0020385F8B430E17E00233E
S214008810A07EFEF7FFFC95F8B430DB070FD5637E2D
S214008820227E42EA03421E4BC3F8C4200122C3F84C
S214008830C020E17EA27E42EA0142C3F8C820194B5E
S2140088401B681BB91849194800F04CFC154805F17F
S214008850B80119F0ECFB164A09F500530521484605
S2140088605A6419F089FE30460EB0BDE8F087114F05
S2140088701FE74FF4007332E719F0A8FE9BE700BF2E
S2140088805817030050170300FD2E02002F2F02007A
S214008890132F0200958500002017030000C4035024
S2140088A000D40350A4110020C02A0020A8110020E4
S2140088B07F370C0178170300034B02221868002349
S2140088C08068194602F07CBF242B0020302337B581
S2140088D0007D0DF10701434303F1A04303F5802318
S2140088E0DD6E1C6F26F0B6FB9DF8070040B9054B01
S2140088F09D4203D184F00204C4F3400003B030BDAF
S2140089000120FBE7BB2800203021037D02464B43B5
S21400891003F1A04303F58023D86E07491B6F8842F6
S21400892008D113F0020006D0106A136D1B1A5842C5
S2140089305841704700207047BB28002070B5044699
S21400894008B9012070BD057D2846FDF765FA30237D
S2140089506B4303F1A04303F580232846DE6EFDF744
S2140089607BFA0A4B9E421CBF042384F8A13094F87D
S214008970953094F8A1002BB1022803D1012384F886
S214008980A130DFE70428DCD1F8E700BFBB280020D1
S2140089902DE9F743D0E9043404F17C07D0F80C90B5
S2140089A00646013B102200213846D4F874809DB25A
S2140089B01BF06BFE0B4BC5F30A0543EA0513C4E92F
S2140089C01F39012394F8780084F88C30C4F884802A
S2140089D03A46054B009604F16401FDF7F7F903B03B
S2140089E0BDE8F08300001030E12F02002DE9F04FC3
S2140089F004464FF444764FF030093F4D00F13807F7
S214008A001022002185B038461BF03FFE6687C4E979
S214008A100F55207DFDF700FA1022002138461BF086
S214008A2034FE6687207D354EC4E90F5509FB00638A
S214008A30DB6EAB4204D105B0BDE8F04FFDF70CBAD3
S214008A400DF10B0126F006FB9DF80B50002D4CD1C6
S214008A5020461AF0AFFA804603A9207D26F01CFBBC
S214008A60039B2946013B1FFA83FB04F118031D46AE
S214008A7010221846D4F810A01BF007FEA169204A61
S214008A80CBF30A031B010A4043F040731343C4E9C7
S214008A90063A237DC4F8208009FB0366336F94F8FA
S214008AA024205B0863F3410284F82420326F94F894
S214008AB0243025F0030562F3000384F82430336F76
S214008AC0626A9B0863F39F0245F002056262656472
S214008AD000943A4621460B4B207DFDF777F9207D22
S214008AE0FDF7BAF905B0BDE8F08F94F844306FF39F
S214008AF0410384F84430EBE7BB2800200000045014
S214008B000F80FFFC4F3002002DE9F04F99460023FE
S214008B1004468BB008910692C9F80030D9F8005088
S214008B20069B5E1B00F09D80089B5D1900F09980F7
S214008B30207DFDF771F92046FFF7E6FE8046207D92
S214008B40FDF78AF9B8F1000F40F08B8020461AF046
S214008B5031FA216D94F89AA088429CBFD4E912039A
S214008B60C018401A864228BF0646BAF1000F00F029
S214008B70A88027F031FB236D079020460993FFF766
S214008B80A5FE3746099B834698198342D4F89C2055
S214008B9070D1D4E9120303449A4208BFC4F89C007B
S214008BA0079827F014FBDA46207DFDF735F92046B6
S214008BB0FFF78CFE054620461AF0FCF9236D834627
S214008BC0984240F28C80A26CB5B293427FD1099352
S214008BD004F12808236910220021404607931BF061
S214008BE054FD3021079B013DE362099BC5F30A054E
S214008BF02363237D2D014B4328F0030803F1A04394
S214008C0045F0407548F0020203F58023A5621A6716
S214008C10236DD4E9121233440A44934208BF0B462C
S214008C205B45236505D10123204684F85430FFF7C1
S214008C30DDFE207DFDF710F994F89A303BB1BAF1CD
S214008C40000F04D0236E112120465B689847D9F8A0
S214008C50003037B1069A3B449342C9F80030FFF41F
S214008C605DAFD9F80030002B14BF00201B200BB0DE
S214008C70BDE8F08F013303F1FF3C624510D1C4F824
S214008C809C3013F8012C112A01D0132A15D1013F6C
S214008C90A2F111014A424A41D04684F8A02074E766
S214008CA013F8012C02F0FD0CBCF1110F06D1013FA8
S214008CB0B8F1000F3FF469AFEAE7D04605F8012B9C
S214008CC063E7324628461BF007FD37466CE7238DE0
S214008CD0C3F30A12154465F30E13238598E7207D27
S214008CE095B93023584300F1A04000F58020426E2D
S214008CF0436EC2F30A1223F4FF43324423F0700398
S214008D0043EA0213436683E70C4B04940393002361
S214008D10CDE90163012300935A462369216819F0BF
S214008D20D4FB3022237D534303F1A04303F5802375
S214008D305A6E22F480125A666AE700BF4F3002006D
S214008D40F0B50C4615460646A422002189B02046FA
S214008D501BF09BFC2746AC46BCE80F000FC7DCF8B0
S214008D60003005F1140C3B6004F16407BCE80F000A
S214008D700FC7DCF80030EA6A3B60AB6AC4E913232D
S214008D8095F83020A36484F8992095F83320C4F829
S214008D909C30012384F89A2084F8A03084F854305C
S214008DA0AB6B236695F8313084F898303F4B3460CF
S214008DB073603F4BB3603F4BF3603F4B73613F4B79
S214008DC0B3613F4B3361FCF7CDFF10B13D4B98428A
S214008DD00ED1002107A8FCF74DFF014640B9079BBE
S214008DE007A82375FCF746FF28B1207DFCF794FF03
S214008DF0102009B0F0BD0127079B84F87830324B6D
S214008E007362324B84F8A170F361314B95F83210DF
S214008E10336284F8960084F8957020461AF0E7F9D5
S214008E20AB6B93F91100FFF78FFBAB6B93F9110057
S214008E30FFF76EFB207DFCF7EFFF0028D8D1254B0F
S214008E400494CDE90203E36CCDE900732369A26CB8
S214008E502168207D19F039FB0028C9D13022237DF6
S214008E604FF48011534342F2640203F1A04303F52A
S214008E7080239950AB6B93F91000FFF765FBAB6B43
S214008E8093F91000FFF744FB04F1900019F0CCF8BA
S214008E903046FFF767FB2046FFF7A8FD207DFCF76E
S214008EA0DBFF003818BF01200001A2E7BF30020038
S214008EB009300200098B0000A32F0200A92F020030
S214008EC067320200038000F03D890000EF310200A7
S214008ED0AF2F02004F30020070B50568144E2C7D8F
S214008EE02046FCF799FF302303FB0463DA6E114B30
S214008EF09A420FD12846FFF7E9FC80B127F06CF9BB
S214008F0001230D4AA3405365A2F580529362536332
S214008F1027F05DF92046BDE87040FCF79DBF284667
S214008F20FFF7F2FC0028F5D10123A340B364F1E774
S214008F3000000450BB2800200020045013B5094C44
S214008F40684600F03FF8237853B9DDE900010222B5
S214008F50054B1AF058FE08B90123237002B010BD65
S214008F601220FBE7BC280020B011002007B50093B4
S214008F7013460A46014603481AF024FA03B05DF881
S214008F8004FB00BFB011002013460A460146014804
S214008F901AF008BBB011002007B5009313460A4626
S214008FA0014603481AF001FC03B05DF804FB00BF5D
S214008FB0B011002013460A46014601481AF01BBCB1
S214008FC0B01100200249034A0160521A42607047FD
S214008FD0902F002000800020BFF35F8F074B5A6A57
S214008FE022F480325A62D3F8942022F00102C3F8A9
S214008FF09420BFF34F8FBFF36F8F704700ED00E0F4
S21400900038B5FFF7E9FF274A2748D2F8C030274D82
S21400901023F0FF0343F0A003C2F8C030244B0468DB
S2140090209D4204F101011DD1224BC2F89840C2F8BE
S2140090309C3003F5FF437E33C2F8A0300160BFF3D7
S2140090405F8F0522174BC3F894205A6A42F4803289
S2140090505A62BFF34F8FBFF36F8FBFF34F8FBFF3CD
S2140090606F8F38BD23F01F03203BB3F1005F09D399
S214009070C2F898400F4C43F00103C2F89C40C2F877
S214009080A03001600C4B0168064A23F01F0343F032
S2140090900303C2F89810C2F89C30084B0131C2F89E
S2140090A0A030CBE700ED00E0D8110020402A0020D9
S2140090B0002A0020030000205F2A0020E17F002015
S2140090C0BFF34F8F0549064BCA6802F4E0621343AC
S2140090D0CB60BFF34F8F00BFFDE700BF00ED00E0A1
S2140090E00400FA0538B54160044627F06CF80546DA
S2140090F02146044818F09BFF2846BDE8384027F074
S2140091005DB800BFDC11002038B5054627F05BF8D7
S21400911004462946034818F09DFF2046BDE838401F
S21400912027F04CB8DC110020014818F07DBF00BFC6
S214009130DC11002070B527F046F8124D04461248A0
S21400914027F075F82E7886B9FFF7EEFF27F06FF94F
S2140091500E4B1E6026F0C8FC0D4B0E4A1860536F6F
S21400916043F0010353671AF070FD00F077F81AF029
S21400917083FD094B1860012320462B7027F01EF84C
S214009180002070BDC928002020170300E011002031
S2140091900812002000400050E411002038B50446B4
S2140091A027F011F80F4D02462B78FF2B04D1B4B1EF
S2140091B0BDE8384027F002B81BB9002CF8D00121D2
S2140091C003E0002C0CBFFF2101210B44DBB22B7007
S2140091D0B3FA83F304495B0910460B70E8E71946B7
S2140091E0F3E700BFC6280020C5280020054B1B68F3
S2140091F05843054B00F5742000F23F20B0FBF3F017
S214009200704700BF0812002040420F0073B5114E91
S2140092100446337883420FD04FF400730E4DADF8FA
S214009220043058B101A8FDF789FD4020FFF7DEFFA6
S2140092302B68181A2860347002B070BD8DF80500CF
S21400924001A8FDF77BFD4020FFF7D0FF2B681844F0
S214009250F0E700BF732F00204012002073B50024F3
S21400926001A88DF80440FDF70BFE2046FFF7CEFF61
S2140092702C4B2D4AD3F8003103F0030313604FF450
S21400928000222A4B5A664FF400325A6626F068F9D6
S2140092904FF4C870FFF7AAFF254B264A18602649E8
S2140092A013680134E4B20A2C41F8040BF9D10344E4
S2140092B000EBC00003441360204B214D1B7813B312
S2140092C0184BD3F8003103F00303022B23D0032BF3
S2140092D024D0012B17D125F083FE024698B1194BF6
S2140092E0194EDC6800231946C4F30B04013404EB62
S2140092F084040138E4FB060101F07AFEFFF776FFEE
S2140093002B6803442B601F20FFF770FF2B68034475
S2140093102B6002B070BD25F06DFEDEE725F066FE20
S214009320DBE700BF008000504C1200200090005089
S2140093300C1200201012002014120020CD2800204D
S2140093404012002000C0015040420F000122154B81
S21400935010B55A67144B154C1B7813B3022027F030
S21400936057F8F0B126F054FCD8B1A36DD90302D556
S214009370E36D9A0715D40D4B9B6DDB0711D40122C4
S2140093800B4B1A7027F038F8BDE81040094B0A4A14
S2140093901860136F23F0070343F00303136725F0E9
S2140093A005BE10BD00D00050CE28002000C00050E2
S2140093B0CB2800203C120020008000500122014BE8
S2140093C01A707047CE28002070B526F005FF144EA0
S2140093D005463478FCB9134B1C60134B1C60134BCA
S2140093E01C6000F031F8012026F0FAFC26F0ECFCB8
S2140093F00F4B0246186020B9284626F0E8FE2320C8
S21400940070BD234640F2E7310A4801F0F1FD0A4BF1
S214009410186001233370284626F0D9FE0020EFE7B7
S214009420D1280020601200205C1200206812002064
S2140094306412002018FCFFFF58120020014B186829
S214009440704700BF581200201FB50024194B18683B
S2140094509A880290D3F806009B7A00901648ADF8DA
S2140094600C208DF8043026F0E2FE02A88DF80840A5
S2140094708DF80C40FEF72EF8694601208DF8004066
S214009480FDF7E4FF40F2FF320C4B9A615A614FF051
S214009490B042936A13F00803FBD113620120FDF774
S2140094A0EFFF0C20FFF750F80C20FFF731F804B060
S2140094B010BD00BF9B1703001817030000200058BC
S2140094C010B526F089FE4FF0B04304465B695A0695
S2140094D0074A03F0010003F0510348BF40F00200C2
S2140094E0536126F0ABFB2046BDE8104026F06FBE69
S2140094F00020005830B502298FB005460C46ADF85E
S21400950006200DD10B238DF80B30002328461A4673
S2140095100DF10B0124F03AFE40B39DF80B0026E057
S21400952003A924F08EFD08BB9DF80C300CBB042B61
S21400953028BF042328468DF80B3024F07CFD002835
S214009540E3D02422002105A81BF09FF80D4A0E4BFD
S2140095502846002C08BF13460DF1060106930DF1B0
S2140095600B0205AB11F09EFB0028CED00C200FB0EE
S21400957030BD012CDED15A1FD2B2062A28BF0A23DC
S214009580D8E700BF00180D8FC0CA893670B50446EC
S21400959024F04DFD064630B90FCC044D0FC594E8B7
S2140095A0030085E80300304670BD00BF6C12002043
S2140095B047F6FF739A42F0B56FD002296FD8394B41
S2140095C05B5C012B6BD8384DDF0005EBC30415F848
S2140095D03330A178012B13D10025E078401A85425C
S2140095E002D30844C0B2F0BD431B6668A0EB530329
S2140095F036F913609642D4BF1D4603F1FF30EEE7FE
S21400960060680028EFD0B0F90040A24204DCB0F950
S21400961002409442B8BF144683883D44FF2B19BFCE
S214009620C8224FF0280CB0F90620B0F908C0A2EB0B
S21400963004030CBF0126002693FBFCF333446E782C
S2140096401BB29E4201DD002B01DA731E1BB24FF4E3
S2140096507A7C01339BB2071D5D1E2DB24FEAC50E04
S21400966000EBC505EA88AD689E4214FB025222EA6A
S214009670E27202F15C02B2FBFCF204DD37F8335012
S2140096800133AA42E8D900EB0E039888904228BF1F
S2140096901046884238BF0846A4E7FF20A3E700200C
S2140096A0A1E700BFA61703006C1200200229F0B540
S2140096B055D82C4B585C012851D82B4C04EBC001D4
S2140096C014F830004B6801280FD1C8788C78904287
S2140096D094BFC4EB0001C4EB0201001BCAB2824275
S2140096E0C8BF002233F91200F0BD002B37D08878AF
S2140096F0904202D3B3F90200F6E7CC78B3F9000043
S2140097009442F1D94C789988013CA1F1FF06714248
S21400971003F10405E4B2714103F10C07CEB2B44282
S21400972016D805EBC1014FF47A756A43B1F90240C9
S2140097304968521A04EBD47102EB610292FBF4F210
S2140097409042D1DBB3F902009042CDDC10B2CBE7F9
S21400975037F831C04E1C9445E3D33146DEE7034864
S214009760C2E700BFA61703006C1200200080FFFFB0
S21400977008B50448FFF70AFFBDE80840012024F0BA
S21400978058BC00BF4C35030011B9024924F03EBC5A
S214009790212070477A2C00200C2870B532D01B4C44
S2140097A0245C012C2ED81A4810F83450012D10D104
S2140097B000EBC40044683CB3C6788078B4F9005027
S2140097C0301A34F91040601B2828A8BF282000B2A1
S2140097D00DE0BDB900EBC4004068A8B18488B0F9BC
S2140097E00250FF2C0BD1B0F90640B0F9080001B1C9
S2140097F00D8002B1148003B11880002070BDB0F94E
S2140098000040E0E72120F9E70E20F7E7A61703005F
S2140098106C1200202DE9F04714461D46124A884671
S214009820DDF820900646FFF765FE21464B462A46A1
S2140098300746FFF7B1FF044698B995B1304624F0C5
S214009840FAFB70B147F6FF7241463046FFF752FE0C
S214009850874206D023462A462146BDE8F047FFF752
S2140098609BBF2046BDE8F0870080FFFF014B1868CD
S214009870704700BF0040025C014B5868704700BF4D
S2140098800010025C014B186B704700BF0010025CB2
S214009890014B1868704700BF0010025C014B9860CF
S2140098A0704700BF0010025C014B1864704700BF91
S2140098B00010025C014B5864704700BF0010025C49
S2140098C0014B5863704700BF0010025C0022014B3A
S2140098D01A6070470010025C024A136843F00103E6
S2140098E0136070470010025C024A136823F00103FD
S2140098F0136070470010025C43F20402014B1A60CA
S214009900704700BF0010025C024A136843F0300341
S214009910136070470010025C044B1A6842F48072B1
S2140099201A601A6822F480721A6070470010025C8F
S214009930024A136843F48063136070470010025CA9
S214009940034A136823F4702343EA00431360704706
S2140099500010025C044B1A6902605A6942609A69F8
S2140099608260DB69C36070470010025C0268044BCB
S2140099701A6142685A6182689A61C268DA61704701
S2140099800010025C024B1A6BD207FCD418627047B8
S2140099900010025C82B01FB507930A9B04AC8B4292
S2140099A028BF0B4604E907001048D100079948BFB6
S2140099B003330160099948BF23F0030323F0704383
S2140099C001F0E041194341F000518160002102F0AE
S2140099D0E042019C1A4342F00052C1600461826179
S2140099E0416304B0BDE8104002B070470000025C5E
S2140099F03F22034B1A631022DA6103229A637047F0
S214009A000000025C024AD36B9B07FCD4704700BF81
S214009A100000025C044B9B6A13F0240F14BF012065
S214009A2000208000704700BF0000025C08B5FFF70A
S214009A30F1FF064BDB6B23F47F4323F0EF03034376
S214009A401EBF0122024BC3F8FC2F08BD0000025CBB
S214009A5000F0FF3F70B598B0002843D02C4C08ADFE
S214009A600FCC0FC50FCC0FC50FCC0FC594E80F0059
S214009A7085E80F006D4604AE04F1100320340FCBCA
S214009A8085E80F0094E80F0086E80F00FFF744FF14
S214009A900420FFF755FFFFF72FFF3046FFF766FF5E
S214009AA0002408AE56F8040B0134FFF76BFF102CA9
S214009AB0F8D1FFF7E1FE0328FBD90024FFF706FFE5
S214009AC02646FFF7D3FE55F8043B01365840042ED1
S214009AD044EA0004F5D12CB1012206200D4B1A7081
S214009AE018B070BDFFF718FF0820FFF7D7FE00205C
S214009AF0FFF7DAFE0720FFF7DDFE4FF40070FFF7F2
S214009B00DFFE0820FFF71CFFFFF7E6FE0020E7E772
S214009B10AC170300D328002008B5FFF7FDFE01228E
S214009B20014B1A7008BD00BFD22800201FB51AF0DE
S214009B307EF9044630B1012206240D4B1A702046E9
S214009B4004B010BDFFF792FE0090FFF78FFE019065
S214009B50FFF78CFE0290FFF789FE03906846FFF73A
S214009B6005FFFFF7D9FFFFF7CFFEFFF7E1FEE6E7B9
S214009B70D328002006289ABF014B185C00207047A7
S214009B800C1803004FF40052034B00209A66032281
S214009B90C3F86022704700BF009000504FF4005298
S214009BA0034B00209A660322C3F86022704700BF6A
S214009BB000A000502DE9F04F89B00E4607461AF077
S214009BC0E1F804461AF0D6F804420AD1042501202A
S214009BD01AF03AF9002834D0013DF8D16FF092001F
S214009BE02CE0102200210DEB02001AF04EFD04A816
S214009BF01AF0CAF8049B002BE8D0059B002BE5D092
S214009C00069B002BE2D0079B002BDFD00025DFF859
S214009C10A08008F10409B54224D34FF48A751AF0DF
S214009C20AFF804461AF09EF82040062836D11AF0FF
S214009C309EF8044201D01AF09FF8002009B0BDE853
S214009C40F08F1AF09DF804461AF08CF804EA000328
S214009C5013F0FF03F5D0022BF3D01AF085F8044278
S214009C60D4D0B9E71AF08AF8A6EB050A8400544562
S214009C7028BF544699E8030000238DE80300CDE989
S214009C80054307EB050BCDF810B0029404AAD8F8EC
S214009C90003007CA1AF07AF82544BCE71AF062F8D2
S214009CA0204008289AD825FA00F0C30796D5B6E7CC
S214009CB03018030010B50A46044619B1024B0021BD
S214009CC01B68984710BD00BFC82A00200E4B0340F3
S214009CD0B3F1607F06D1B1F5885F14BF6FF08600E0
S214009CE000207047B3F1707F0BD101F4E043B3F569
S214009CF0005F06D111F4E06F0CBF6FF08600002005
S214009D0070476FF0860070470000C07F8A42F8B543
S214009D1007460C4600F019818F4922F4FF7323F0A2
S214009D2001038B420ED08D4B22F0FF01994209D0E1
S214009D308B4822F47F7323F00303834202D0894BBF
S214009D40994228D1884B24F0FF0199420FD114F094
S214009D50FF000BD0854B40F00070984240F0F78033
S214009D6082EA0400FF288CBF00200120F8BD7B4B50
S214009D709942ECD0A3F588539942E8D024F4FF73B7
S214009D8023F00103B3F1062FE1D076488142DED0FE
S214009D9073498B42DBD004F0FE43B3F1A06F14D1BD
S214009DA002F0FE43B3F1A06F40F0D18082EA0403D4
S214009DB033F47E1340F0CB8014F40040D6D0C4F3C6
S214009DC00540C2F305429042CDE7B3F1407F40F034
S214009DD0A88002F0FE43B3F1407F40F0B88082EAEC
S214009DE0040535F47E1540F0B28039462046FFF76C
S214009DF06DFF002840F0AB805D4B12F47C1603EA42
S214009E00020319D0B3F1607FC2F3054679D15949F0
S214009E10D3B243F000738B4277D003F17E43043B0A
S214009E200F2B5CD8DFE803F05A5A5B716567696BE5
S214009E3065675B5B6567696BB3F1607F34D14D49DD
S214009E40D3B243F000738B4244D003F17E43043B0D
S214009E500F2BDCD801A151F823F000BFD99E0000DB
S214009E60D99E00000F9E0000D59E0000539F000064
S214009E709D9E0000A19E0000A59E0000539F00002E
S214009E809D9E00000F9E00000F9E0000539F000046
S214009E909D9E0000A19E0000A59E00002026B6E71D
S214009EA03026B4E74026B2E7B3F1707F17D107F447
S214009EB0E043B3F5005F03D10126C7F302239E40BB
S214009EC007F4E043B3F5005F09D10125C7F302218B
S214009ED08D4004E010269AE7142698E7142514F41B
S214009EE07C1FC4F3054312D1B54214BF00200120E5
S214009EF03CE71C25F3E72025F1E73025EFE7402572
S214009F00EDE7B3F1707FEAD1DAE71025E7E712F460
S214009F107C1F01D1AB4218D022047FF527AFB34295
S214009F2021E7B3F1106F12D124F01F6020F47020E7
S214009F3068B902F0FE43B3F1106F7FF417AF0E4816
S214009F40104040F01060A042CFE701200EE700204E
S214009F500CE71C265BE700BF0002000600130006A5
S214009F60000400060009000600030006FF000002C9
S214009F700000C07F030000020000FFF637B50D4D5D
S214009F800C466B78022B12D12B78072B0FD10023AF
S214009F900A460193014601AB281D19F093FF20B92C
S214009FA0019BA34218BF6FF0930003B030BD6FF063
S214009FB08800FAE7881200202DE9F84388461746FD
S214009FC01C4600F039FA054688BBD8F80060B6F89B
S214009FD0009009F4E043B3F5804FB36808BF27F05C
S214009FE0010737EA03031AD10CB3254B24F0FF020E
S214009FF09A421FD114F0FF0304D0224A43F00073A4
S21400A000934232D022464846F168FFF77FFE074665
S21400A01068B9224648463169FFF778FE70BB6FF094
S21400A020840500233046C8F800301AF0FFF92846A9
S21400A030BDE8F883144B9A42DCD0A3F588539A42C5
S21400A040D8D024F4FF7323F00103B3F1062FD1D048
S21400A0500E498A42CED00E4A9342CBD004F0FE433D
S21400A060B3F1407F04D12304CCD56FF08605D8E742
S21400A070B3F1A06FF7D0034B9C42C2E73D46D6E74C
S21400A08000030006FF000002001300060009000699
S21400A0900004000600F0FE43B3F1407F70B50446AE
S21400A0A00E4619D1FFF712FE00285ED114F47C1F6D
S21400A0B015D0C4F30543032B137054D9554D2540D2
S21400A0C0B5F1607F40F09380534AE4B244F00074E8
S21400A0D0944256D1102B48D96FF0860045E04D4B80
S21400A0E02340B3F1607F39D14B4BE4B244F00074A7
S21400A0F09C4202D11023137037E004F17E44043CE6
S21400A1000F2C2ED801A353F824F000BF4DA1000059
S21400A1104DA1000063A10000F5A0000011A2000000
S21400A12051A1000055A1000059A1000011A2000095
S21400A13051A1000063A1000063A1000011A200006D
S21400A14051A1000055A1000059A100001423D2E738
S21400A150202307E0302305E0402303E0B3F1707FBF
S21400A16004D0002313706FF0850070BD01F4E04347
S21400A170B3F5005FF5D10123C1F302218B40DBB2BA
S21400A18099E704F17E44043C0F2CA5D801A252F8AE
S21400A19024F000BFE3A10000E3A10000D9A0000066
S21400A1A0D5A000000DA20000D5A10000E7A1000088
S21400A1B0EBA100000DA20000D5A10000D9A0000070
S21400A1C0D9A000000DA20000D5A10000E7A1000064
S21400A1D0EBA1000020218B423FF67EAF142BC4D9A2
S21400A1E0C1E7142B77E73021F5E74021F3E7B5F117
S21400A1F0707F7FF471AF06F4E042B2F5005F7FF443
S21400A2006BAF0121C6F302229140E4E71C21E2E78E
S21400A2101C23A7E70000C07F0300000210B5114C06
S21400A2202378580744BF23F0040323702378990744
S21400A23005D500F099F8237823F00203237063789D
S21400A2401BB10023084A63605360002308210648B8
S21400A2506370FFF72FFD2378DA0744BF23F001036E
S21400A260237010BD881200208C12002038B51A4CBE
S21400A27062782378022A01D1072B11D0DD0712D588
S21400A2802378980707D400F067F82378054643F04C
S21400A2900203237080B96278237882B15A0716D5F4
S21400A2A00025284638BD19F00BFE2378054643F0F6
S21400A2B0010323700028E3D0FFF7B0FFF1E7D907CA
S21400A2C0ECD5064962604A6002226270E6E743F017
S21400A2D004032370E4E700BF881200208C120020DD
S21400A2E000F14042012A38B504460D460CD8282114
S21400A2F0174B01FB02331A7E022A02D15A698242A8
S21400A30015D06FF08B001CE001211AF069F8C8B177
S21400A3100F4B1A7E022A02D15A69944207D093F84C
S21400A3204020022AEDD1DB6B9C42EAD1094B1A7E13
S21400A330022A0AD1DA69511C07D000200132DA61FC
S21400A3402B6038BD6FF08700FBE76FF09600F8E7EC
S21400A35094120020BC1200200122024B002083F839
S21400A360502070479412002070B501260325084C33
S21400A3702046E661257619F0BBFE04F128006664E7
S21400A38084F8405019F0B4FE002384F8503070BDB5
S21400A39094120020F8B5264C064694F850300F4626
S21400A3A0002B3BD0237E1BB3022B15D1E3699BB950
S21400A3B023798BB194F840305BB325462B7E022B75
S21400A3C004D1EB695A1C1CBF0133EB61284619F017
S21400A3D08FFE70B100251AE094F84030E3B1022BEE
S21400A3E01FD1636CEBB994F82C30D3B1114DE5E76F
S21400A3F025462B7EC3B901232B763EB12C1BE410D9
S21400A40003F1CC335C4304F18044346000203D60AB
S21400A410F8BD04F12805ECE7064DEAE76FF0880082
S21400A420D8E76FF08C00D5E76FF09600D2E700BF54
S21400A43094120020BC12002038B50025084B0D6091
S21400A44093F850300C4643B1FFF74AFF10F18C0FDB
S21400A45002D16FF08700256038BD6FF08800FBE7FB
S21400A4609412002038B51A4B05461B7883421FD03D
S21400A47043B1012B09D1F7F715FD044640B9154B3A
S21400A4801D7038BDF8F768FBF7E72D24114A1370E6
S21400A490114D1249286818F024FD17F01AFE17F01F
S21400A4A019FE224628680E49BDE8384018F019BD46
S21400A4B0094C0A49206818F014FD17F00AFE17F038
S21400A4C009FE20680749BDE8384018F00ABD00BFFD
S21400A4D0D9280020DA280020140F0020930A030051
S21400A4E0541803003C18030038B5084D286817F0C8
S21400A4F0B7FE431E5C4228685C4117F0B1FE012897
S21400A50008BF44F00204204638BD00BF102B0020D0
S21400A51008B5FFF7E9FF034B1870BDE8084000F0E8
S21400A52033BA00BFD62800200346054A022B107017
S21400A530044A106801D117F07CBF17F07DBF00BF3A
S21400A540752F0020142B002038B5384C384D0028C5
S21400A5504FD03849206818F0C4FC17F0BAFD17F041
S21400A560B9FD3549206818F0BCFC344B2A781878B9
S21400A570EAB9F9F739FA0546002856D03049206876
S21400A58018F0AFFC17F0A5FD17F0A4FD2A462D49DC
S21400A590206818F0A6FC022D47D12949206818F03B
S21400A5A0A0FC17F096FD17F095FD27490BE0F6F78F
S21400A5B089F968B12249206818F093FC17F089FDE4
S21400A5C017F088FD21492068BDE8384018F089BC9E
S21400A5D0F6F76EFA054640B31949206818F081FC74
S21400A5E017F077FD17F076FD1949206818F079FC0A
S21400A5F0D1E72B7863B9F8F76DFA60B11049206897
S21400A60018F06FFC17F065FD17F064FD1149DAE7E6
S21400A610F6F76CF9F1E70749206818F062FC17F0C6
S21400A62058FD17F057FD0C49CDE738BD140F002034
S21400A630D92800205F0B030089180300752F00201F
S21400A640930A03009B180300BD180300D7180300E5
S21400A650F1180300081903001E190300012008B5AD
S21400A660034B1870FFF770FFBDE8084000F08CB988
S21400A670D428002037B500F099F9D8B11F49204DED
S21400A68008782B781F4A204C28B3107818B39BB153
S21400A690217883EA01008B42107009D000231B4A00
S21400A6A04FF47A7113701A481A4A0093FAF756FF55
S21400A6B02B78237003B030BD0B7023781370002BFB
S21400A6C0F6D01348FAF72CFF104B1B7863B1002026
S21400A6D0FFF73AFFECE7217881EA03009942107011
S21400A6E0E6D0002BDAD1ECE70B4B1A78012A14BF20
S21400A6F0012002201870FFF717FFD9E7D72800209F
S21400A700D6280020D5280020D8280020D4280020CD
S21400A710E81200205DA60000752F0020F8B503683B
S21400A7202D4A23F47F4323F00703934239D002F1E6
S21400A7308072934244D0294A934221D1284D17F083
S21400A740C8FC17F0C7FC2749286818F0CAFBFFF7B3
S21400A750CBFE0446244F254E254928688CB101249B
S21400A76018F0BFFB17F0B5FC17F0B4FC21492868B9
S21400A77018F0B7FB3C703470F6F798FD1E4B1C7053
S21400A780F8BD18F0AEFB17F0A4FC17F0A3FC286881
S21400A7901A4918F0A6FB3C703470BDE8F840F9F78B
S21400A7A03FB80F4C1249206818F09BFB17F091FC3D
S21400A7B017F090FC12492068BDE8F84018F091BBED
S21400A7C0074C0B49206818F08CFB17F082FC17F03A
S21400A7D081FC0C49EFE700BFA0000600A0000100C6
S21400A7E0140F00202D190300D9280020DA28002095
S21400A7F05F0B03004A190300D728002079190300CD
S21400A8008F190300A219030010B5094C09492068E6
S21400A81018F067FB17F05DFC17F05CFC0649206833
S21400A82018F05FFB20680549BDE8104018F059BBDA
S21400A830140F00205F0B0300B5190300D5180300A2
S21400A84070B505460C460E4E0E49306818F049FBAA
S21400A85017F03FFC17F03EFC23462A460A493068AC
S21400A86018F03FFB0949306818F03BFB2846FAF71A
S21400A87093FC2046FAF796FCBDE87040FAF77CBADF
S21400A880140F00205F0B0300CD190300D51803003A
S21400A89010B5094C0949206818F023FB17F019FC7D
S21400A8A017F018FC0649206818F01BFB20680549BD
S21400A8B0BDE8104018F015BB140F00205F0B030016
S21400A8C0FC190300D51803002DE9F0431F46164671
S21400A8D005460C4685B0DFF84C80DDF830900F4911
S21400A8E0D8F8000018F0FDFA17F0F3FB17F0F2FBAB
S21400A8F0CDE90179009623462A460949D8F8000092
S21400A90018F0EFFA2846FAF747FC2046FAF74AFC12
S21400A91005B0BDE8F043FAF72FBA00BF5F0B03009F
S21400A9201F1A0300140F002010B50446FAF7F2FBB6
S21400A930FAF722FA3CB9044B1C70044B1C70BDE8B5
S21400A9401040F8F76DBF10BDD9280020DA28002087
S21400A95010B50446FAF7DEFBFAF70EFA44B90123FF
S21400A960044A1370044A1370BDE81040F6F79EBC04
S21400A97010BD00BFD9280020DA2800200022014B95
S21400A9801A8070475824002008B525F01CFC4FF6A6
S21400A990FF71054A13888B421CBF01331380BDE844
S21400A9A0084025F00BBC00BF5824002010B525F049
S21400A9B00AFC054A148814B1631E0124138025F08E
S21400A9C0FDFB204610BD00BF5824002000B5C3B0D4
S21400A9D00FF0B6FA094801F00DFE60B119F056FD09
S21400A9E048B14FF48271054801AA1AF04AFA10B924
S21400A9F001A819F03DFD43B05DF804FB702000206F
S21400AA001FB5094B094A1868094B01A91860094B7C
S21400AA101360094A0192094A1268CDE9022317F029
S21400AA206EFE05B05DF804FBD82A002098110020C1
S21400AA309C110020CC2A0020012E0300DC150020EB
S21400AA40014B186817F06FBED82A002038B5FDF7FE
S21400AA5095FD0446064D2B68D3F8B002FDF782FD3F
S21400AA60286817F073FE2046BDE83840FDF77ABD2B
S21400AA70D82A0020064B1B681A7A022A04D812B17C
S21400AA801B68044A13607047032AF9D0704700BF5A
S21400AA90DC2A0020DC15002070B51C4DA0B00AACE6
S21400AAA00FCD0FC495E8070084E8070000244FF494
S21400AAB080136E46CDE901440394009311AD0FCE8A
S21400AAC00FC5134BCDE906442B60124B089416AD08
S21400AAD005AE05930FCE0FC520220F4B11A92B6094
S21400AAE00E4B0F481B930F4B1E94CDE91C230E4BA9
S21400AAF00AAA1F930D4BFDF7CBFD054621464FF4E2
S21400AB00E13017F09AFB284620B070BD1C2E0300DB
S21400AB103400035A010010003C00035ADB280020D2
S21400AB209C16002000010100F02A0020E0150020FD
S21400AB3029B9074B186803684BB1FEF7CDB9012950
S21400AB4005D1034B186803680BB118F0C5BB7047F6
S21400AB50042B002008B504490448FEF7C3FABDE8F4
S21400AB600840FFF799BF00BF082B0020C41600203E
S21400AB70014818F0E4B900BF9C160020014B5A6A41
S21400AB80186810479C160020014817F064BB00BFE9
S21400AB90382E0300014817F049BC00BF502E0300B2
S21400ABA030B503687E4A23F47F4323F007039342BD
S21400ABB089B040F0F380062200211620794B0BF076
S21400ABC093F9044618B3784D7849286818F089F93F
S21400ABD07749286818F085F917F07BFA17F07AFAA3
S21400ABE0744B754A009375496C23286818F079F9F8
S21400ABF073492346734A286818F073F92046FAF713
S21400AC00A7FB7149286818F06CF900BEFDE70146FD
S21400AC10082212206D4B0BF067F9044618B3624DFC
S21400AC206249286818F05DF96149286818F059F9F2
S21400AC3017F04FFA17F04EFA5E4B5F4A00935F49E3
S21400AC407823286818F04DF95D4923465D4A286840
S21400AC5018F047F92046FAF77BFB5B49286818F09E
S21400AC6040F900BEFDE7014603221420584B0BF0C6
S21400AC703BF9054618B34C4C4C49206818F031F99E
S21400AC804B49206818F02DF917F023FA17F022FA2E
S21400AC90484B494A009349498623206818F021F911
S21400ACA047492B46474A206818F01BF92846FAF70A
S21400ACB04FFB4549206818F014F900BEFDE70DF17A
S21400ACC00F0104A80FF006F8044618B3364D3749AE
S21400ACD0286818F006F93649286818F002F917F0BF
S21400ACE0F8F917F0F7F9334B334A009333499523B5
S21400ACF0286818F0F6F832492346324A286818F0D1
S21400AD00F0F82046FAF724FB2F49286818F0E9F8EF
S21400AD1000BEFDE7BDF8143001465BBAADF818304A
S21400AD209DF8133008228DF81A30FF238DF81B305B
S21400AD30FE238DF81C309DF8123018208DF81D303B
S21400AD40BDF810305BBAADF81E3006AB0BF0CCF891
S21400AD50054618B3144C1549206818F0C2F8144973
S21400AD60206818F0BEF817F0B4F917F0B3F9114BD5
S21400AD70114A00931149A523206818F0B2F810492B
S21400AD802B46104A206818F0ACF82846FAF7E0FA86
S21400AD900D49206818F0A5F800BEFDE709B030BDE3
S21400ADA0A0000100272F0300140F0020D518030071
S21400ADB038080300E72E0300682E0300D8080300B7
S21400ADC0E7080300E4080300FC0803001F2F030045
S21400ADD01C2F030080F0004002E000BF81F000411D
S21400ADE042001FBF5FEA410392EA030F7FEA226C2C
S21400ADF07FEA236C6AD04FEA1262D2EB1363C1BFBC
S21400AE00D218414048404140B8BF5B42192B88BF2A
S21400AE10704710F0004F40F4000020F07F4018BF4D
S21400AE20404211F0004F41F4000121F07F4118BF6D
S21400AE30494292EA030F3FD0A2F1010241FA03FC15
S21400AE4010EB0C00C3F1200301FA03F100F00043FD
S21400AE5002D5494260EB4000B0F5000F13D3B0F1C5
S21400AE60807F06D340084FEA310102F10102FE2A34
S21400AE7051D2B1F1004F40EBC25008BF20F00100A4
S21400AE8040EA03007047490040EB0000013A28BF43
S21400AE90B0F5000FEDD2B0FA80FCACF1080CB2EBC6
S21400AEA00C0200FA0CF0AABF00EBC2505242184344
S21400AEB0BCBFD0401843704792F0000F81F40001E9
S21400AEC006BF80F400000132013BB5E74FEA4103BC
S21400AED07FEA226C18BF7FEA236C21D092EA030F28
S21400AEE004D092F0000F08BF0846704790EA010FA2
S21400AEF01CBF0020704712F07F4F04D1400028BFCF
S21400AF0040F00040704712F100723CBF00F50000B0
S21400AF10704700F0004343F0FE4040F400007047E6
S21400AF207FEA226216BF08467FEA23630146420292
S21400AF3006BF5FEA412390EA010F40F480007047A5
S21400AF404FF0000304E000BF10F0004348BF40424B
S21400AF505FEA000C08BF704743F0964301464FF087
S21400AF6000001CE050EA010208BF70474FF00003E3
S21400AF700AE000BF50EA010208BF704711F0004324
S21400AF8002D5404261EB41015FEA010C02BF8446F4
S21400AF900146002043F0B64308BFA3F18053A3F553
S21400AFA00003BCFA8CF2083AA3EBC25310DB01FA9A
S21400AFB002FC634400FA02FCC2F12002BCF1004F1E
S21400AFC020FA02F243EB020008BF20F001007047AF
S21400AFD002F1200201FA02FCC2F1200250EA4C0003
S21400AFE021FA02F243EB020008BF20EADC70704749
S21400AFF053B94AB9002908BF00281CBF4FF0FF31DB
S21400B0004FF0FF3000F082B9ADF1080C6DE904CEC8
S21400B01000F006F8DDF804E0DDE9022304B070472E
S21400B0202DE9F04F099D0C46002B4DD18A420F4664
S21400B03084469646B2FA82F360D94BB102FA03FE12
S21400B040C3F120029F4000FA03FC20FA02F21743E5
S21400B0504FEA1E461FFA8EF44FEA1C42B7FBF6F183
S21400B06006FB117701FB04F042EA0742904208D93A
S21400B0701EEB020201F1FF3702D2904200F231814C
S21400B0803946121A1FFA8CFCB2FBF6F006FB1022A9
S21400B09000FB04F44CEA024C644508D91EEB0C0C89
S21400B0A000F1FF3202D2644500F21E81104640EAEB
S21400B0B00140ACEB040C002125B12CFA03F300226E
S21400B0C0C5E90032BDE8F08F8B4205D90DB1C5E960
S21400B0D0000100210846F5E7B3FA83F100294DD1B7
S21400B0E0A342C0F0F380904280F0F08006462346EC
S21400B0F00846002DE6D0C5E90063E3E7002B40F0E4
S21400B100A3808A1A4FEA1E471FFA8EF60121B2FB69
S21400B110F7F407FB14204FEA1C4242EA004206FB03
S21400B12004F090420FD91EEB020204F1FF382CBF48
S21400B1304FF001094FF00009904203D9B9F1000F12
S21400B14000F0CC804446121A1FFA8CFCB2FBF7F0D3
S21400B15007FB102200FB06F64CEA024C664508D9AF
S21400B1601EEB0C0C00F1FF3202D2664500F2B380F3
S21400B1701046ACEB060C40EA04409DE7C1F1200601
S21400B1808B4004FA01FE22FA06F720FA06FCF44089
S21400B1908A401F434EEA0C0300FA01FE4FEA1748A6
S21400B1A04FEA13491FFA87FCB4FBF8F008FB10447B
S21400B1B049EA044400FB0CF9A1450ED93C1900F1FC
S21400B1C0FF3A2CBF4FF0010B4FF0000BA14503D9FF
S21400B1D0BBF1000F00F08B805046A4EB09041FFA69
S21400B1E083F9B4FBF8F308FB134403FB0CFC49EAB1
S21400B1F00444A44506D93C1903F1FF3801D2A445FE
S21400B2007BD8434643EA0040A4EB0C04A0FB02981C
S21400B2104445CC46434602D306D1CE4504D2013837
S21400B220B9EB020C68EB0703002D6CD0BEEB0C02EA
S21400B23064EB030422FA01F304FA06F6CC4000217C
S21400B2401E43C5E900643DE702FA03FEC3F1200190
S21400B25004FA03F200FA03FCCC404FEA1E4720FA39
S21400B26001F11FFA8EF6B4FBF7F00A4307FB104411
S21400B270110C41EA044100FB06F48C420ED91EEB89
S21400B280010100F1FF382CBF4FF001094FF0000913
S21400B2908C4202D9B9F1000F2CD04046091B92B25D
S21400B2A0B1FBF7F407FB141142EA014204FB06F176
S21400B2B0914207D91EEB020204F1FF3801D29142F7
S21400B2C01ED84446521A44EA004120E7861A64EB28
S21400B2D0030301200DE7F44402384AE7023C7244B7
S21400B2E031E702397244CCE6F4440238DFE602382D
S21400B2F03C4472E702387144D0E7023B3C4481E7A5
S21400B300023C7244DEE72946DCE600BF704700BF19
S21400B31008B5064B044613B10021AFF30080044B7A
S21400B3201B6803B19847204617F01CFE000000007B
S21400B33004180020242B2DE9F0478646904601D8B5
S21400B340012B06D100F06AFB162303600020BDE83F
S21400B350F0870D4635482A4615F8014B065D16F06F
S21400B3600806F8D12D2C24D12C780126951C2BBB51
S21400B370302C30D00A2306F1004C00220CF1FF3CA2
S21400B3801046BCFBF3F903FB19CAA4F13007092FDA
S21400B39028D83C46A34234DD571C07D081452DD320
S21400B3A001D1A2452ADB00FB0340012215F8014B20
S21400B3B0EBE72B2C04BF2C78951CD8E7102BDAD1A2
S21400B3C0302CD8D12A7802F0DF02582AD3D16C78F4
S21400B3D010230235CFE72B7803F0DF03582BF6D087
S21400B3E00823C8E7A4F14107192F01D8373CD1E755
S21400B3F0A4F16107192F04D8573CCBE74FF0FF3272
S21400B400D4E7531C08D122236046CEF80030B8F1AA
S21400B410000F9CD0691E06E006B14042B8F1000F4E
S21400B42095D0002AF6D1C8F8001090E72E2F03001A
S21400B43013460A46014602480068FFF77BBF00BF76
S21400B440242B00202DE9F04386460D46354E28462F
S21400B45015F8014B375D17F00807F8D12D2C26D1CB
S21400B4602C780127851C3BBB302C32D00A234FF0AA
S21400B470FF380026B8FBF3F803FB08F930466FEAFE
S21400B4800909A4F1300CBCF1090F29D86446A3427F
S21400B49037DDB6F1FF3F07D080452FD301D1A14558
S21400B4A02CDB00FB0340012615F8014BE9E72B2CAB
S21400B4B004BF2C78851CD6E7102BD8D1302CD6D1DB
S21400B4C0287800F0DF005828D1D16C781023023598
S21400B4D0CDE72B7803F0DF03582BF6D00823C6E71A
S21400B4E0A4F1410CBCF1190F01D8373CCFE7A4F109
S21400B4F0610CBCF1190F04D8573CC8E74FF0FF3673
S21400B500D2E7731C06D122233046CEF8003032B97B
S21400B510BDE8F08307B14042002AF9D006B1691EA3
S21400B5201160F5E72E2F030013460A46014602482F
S21400B5300068FFF787BF00BF242B00202DE9F04FDF
S21400B540904685B089461E460D46454A02902B46D3
S21400B55015F8014B175D17F00807F8D12D2C41D1CF
S21400B5602C7801279D1C002E41D1302C4CD00A2669
S21400B57007F1004A07F1FF3BF31732460AF1FF3A9C
S21400B580584603935146FFF733FD019200228E463C
S21400B590844611461046A4F13003092B05D9A4F1C0
S21400B5A04103192B37D8A4F137039E423DDD541CC6
S21400B5B015D084457EEB010234D38E4508BF844502
S21400B5C002D1019A9A422DDB039A714300FB0211C5
S21400B5D0A6FB00020A44181842EBE371012215F894
S21400B5E0014BD8E72B2C04BF2C789D1CBBE7102EF4
S21400B5F0BED1302CBCD12B7803F0DF03582BB7D14B
S21400B6006C7810260235B3E72B7803F0DF03582B4F
S21400B610F6D00826ACE7A4F16103192B05D8A4F1EF
S21400B6205703C2E74FF0FF32D9E7531C0AD1222353
S21400B630029A584651461360B8F1000F0AD105B079
S21400B640BDE8F08F17B1404261EB4101B8F1000F41
S21400B650F5D00AB105F1FF39C8F80090EFE700BF52
S21400B6602E2F030013460A46014602480068FFF7DD
S21400B67065BF00BF242B0020002310B5044683605E
S21400B680818119464366C28108228361C0E900337E
S21400B690C0E904335C3018F0F8FF0D4B2462636297
S21400B6A00C4BA3620C4BE3620C4B23630C4B9C428B
S21400B6B006D003F16802944202D0D0339C4205D1F2
S21400B6C004F15800BDE8104018F0F9BF10BD00BFE7
S21400B6D0AD450200D34502000B4602002F4602008D
S21400B6E0CC160020024A0349034818F041BF00BFA9
S21400B6F0182B0020EF490200282B002041680C4B35
S21400B700994210B5044601D019F071F9A168094BA9
S21400B710994202D0204619F06AF9E168064B994230
S21400B72004D02046BDE8104019F061B910BD00BF36
S21400B730CC160020341700209C17002010B50B4BA9
S21400B74004210B4C0B4A20461A600022FFF794FF98
S21400B75004F1680001220921FFF78EFF04F1D000F2
S21400B76002221221BDE81040FFF786BF0418002011
S21400B770CC160020E5B60000014818F0A1BF00BFB7
S21400B780FB280020014818F09CBF00BFFB280020C3
S21400B79010B50446FFF7F0FF236A1BB1BDE8104062
S21400B7A0FFF7F0BF044B2362044B1B68002BF5D158
S21400B7B0FFF7C4FFF2E700BFFDB600000418002044
S21400B7C02DE9F7431D46574B04460E461F68904624
S21400B7D027B13B6A13B93846FFF7DAFFB8F1020F14
S21400B7E006D0B8F1010F00F29980002DC0F29680C5
S21400B7F0636ED90705D4A3899A0502D4A06D18F004
S21400B8005FFF2146384619F0F2F8616B41B104F14A
S21400B8104403994202D0384618F047F90023636380
S21400B8200023A3616360A3891B0603D521693846FC
S21400B83018F03BF9A389B8F1020F23F44A6323F00A
S21400B8400303A38160D001AB6A462146384619F04F
S21400B850F6F8A3891843A0812DBB009D284600F06A
S21400B86007F90646002851D1DDF80090A9453FD1DA
S21400B8704FF0FF35B4F90C3043F00202A2810022EB
S21400B880A26004F147022260226101226261626EB8
S21400B890D60704D4980502D4A06D18F012FF2846E7
S21400B8A003B0BDE8F083002ED8D03B6A13B9384603
S21400B8B0FFF76EFFB8F1010F266002BFA38943F0C1
S21400B8C00103A381B4F90C3013F00802C4E904653F
S21400B8D01ED0D90745BF00226D42A560A26048BFB2
S21400B8E0A561626ED20701D49B0513D50025D6E765
S21400B8F0484600F0BDF806460028B9D0A3894D4654
S21400B90043F08003A381D0E70025B3E7A946F5E717
S21400B910A260E6E7A06D18F0D4FEE7E74FF0FF352B
S21400B920BDE700BF242B00200EB430B59CB04FF40A
S21400B93001721FACADF81420029054F8045B069018
S21400B94018F0D7FE0B4B2A46039002A90B93002350
S21400B95007900F9314934FF6FF730748ADF8163011
S21400B96023460068019400F08BF81CB0BDE8304018
S21400B97003B07047CF450200242B00200B46034936
S21400B98002460868816800F0F1B900BF242B002049
S21400B99038B50023054D044608462B6017F0E0FA3C
S21400B9A0431C02D12B6803B1236038BD0818002061
S21400B9B038B50446064D0846114600222A601A4647
S21400B9C017F0D8FA431C02D12B6803B1236038BDA8
S21400B9D00818002038B50446064D084611460022D1
S21400B9E02A601A4617F0C8FA431C02D12B6803B126
S21400B9F0236038BD0818002038B50446064D0846B2
S21400BA00114600222A601A4617F0C4FA431C02D1D7
S21400BA102B6803B1236038BD08180020014B186856
S21400BA20704700BF242B002070B50D4D00260D4C2E
S21400BA30641BA410A64209D10B4D00260B4C24F023
S21400BA403FFE641BA410A64205D170BD55F8043B0A
S21400BA5001369847EEE755F8043B01369847F2E77B
S21400BA60842F0020842F0020842F0020882F002081
S21400BA70024B0146186818F015B800BF242B0020AA
S21400BA802DE9F0470C46ADF5227D002106460DF166
S21400BA900408A64F0093CDF81881CDE94411A449B7
S21400BAA0A091A449A1911378002B00F05A81F95C6B
S21400BAB0551C11F0080119D06368002B0FDD2368B0
S21400BAC01A78BA5C120701D42A46ECE7459A013385
S21400BAD00132236045926268013A6260ECE7A19BFE
S21400BAE02146304698470028E9D0EDE7252B12D0AE
S21400BAF099466368002B40F39480226813784B4580
S21400BB0040F02F8163680132013B22606360459BF1
S21400BB1001334593D8E74191439153782A2B04BFCC
S21400BB201023951C4FF00A0208BF4193A94619F846
S21400BB30011BA1F13003092B1ED9DFF8FCA103225B
S21400BB40504619F08BF838B1A0EB0A000123419A51
S21400BB504D4683401343419315F8013B782B06D896
S21400BB60572B10D8252BC3D056D8002B64D00323D0
S21400BB7047930A2342936AE0439B4D4602FB031118
S21400BB8030394391D2E7A3F15802202AEFD801A119
S21400BB9051F822F083BC00006FBB00006FBB0000B2
S21400BBA0A5BC00006FBB00006FBB00006FBB0000B1
S21400BBB06FBB00006FBB00006FBB00006FBB0000D8
S21400BBC0BBBC0000A1BC00001FBC00001FBC0000E6
S21400BBD01FBC00006FBB000095BC00006FBB0000E0
S21400BBE06FBB00006FBB00006FBB0000CBBC00004B
S21400BBF09DBC00003FBC00006FBB00006FBB000098
S21400BC00C7BC00006FBB0000A1BC00006FBB0000FB
S21400BC106FBB000083BC0000453B022BA7D8052362
S21400BC2014E0A19B21463046984700283FF465AFB4
S21400BC304498002840F08D804FF0FF308DE0419B07
S21400BC4043F4087341931023429304234793636895
S21400BC50002B49DD419B590604D423681A78BA5C48
S21400BC60120748D4479B022B57DC6B46224641A955
S21400BC70304600F0BFFA012873D002287FF424AFC4
S21400BC80D6E7419A42F40072419210226E2B4292FD
S21400BC9002D9DAE7002342930323D7E70823D3E742
S21400BCA00A22F3E72946404618F02AFF419B05463C
S21400BCB043F0400341930123C8E7419B43F0400310
S21400BCC041930023C2E70223C0E74198C3063FF52D
S21400BCD0FBAE009BC007459A03F1040100911B6868
S21400BCE04CBF1A801A60EFE6A19B21463046984763
S21400BCF00028AFD09CE7459A013245926268013A27
S21400BD00002A626002DD01332360A6E7A19B21467C
S21400BD10304698470028A0D08AE7042B0EDC6B46F6
S21400BD20224641A9304600F0BFFAA4E72E2F0300B2
S21400BD3003470200794702002E3003000A4B002B0F
S21400BD403FF4C2AE6B46224641A93046AFF30080B0
S21400BD5091E7A3895B063FF56FAF0DF5227DBDE841
S21400BD60F0874498F9E700BF000000002DE9F04F87
S21400BD700D469DB014469846064618B1036A0BB9A0
S21400BD80FFF706FD6B6ED90705D4AB899A0502D47A
S21400BD90A86D18F095FCAB891B0701D52B699BB9DC
S21400BDA02946304600F07EFB70B16B6EDC0704D58A
S21400BDB04FF0FF301DB0BDE8F08FAB899805F7D483
S21400BDC0A86D18F07EFCF3E70023CDF80C804FF04A
S21400BDD00109DFF8B481099320238DF82930302338
S21400BDE08DF82A3023469A4613F8012B0AB1252AE5
S21400BDF0F9D1BAEB040B0BD05B46224629463046F7
S21400BE0018F0EEFC013000F0A780099A5A44099217
S21400BE109AF80030002B00F09F8000234FF0FF328E
S21400BE200AF1010A049307938DF853301A93CDE96B
S21400BE30052354460522544814F8011B18F00EFF3B
S21400BE40049AD8B9D10644BF20238DF8533013077F
S21400BE5044BF2B238DF853309AF800302A2B15D088
S21400BE60079A544600204FF00A0C214611F8013B71
S21400BE70303B092B4BD9B0B1079214E0A0EB080376
S21400BE80A24609FA03F313430493D2E7039B191D52
S21400BE901B68002B0391BBBF5B4242F00202079374
S21400BEA00793B8BF049223782E2B0AD163782A2BE7
S21400BEB032D1039B02341A1D1B6843EAE3730392D4
S21400BEC00593DFF8D4A003222178504618F0C6FE6A
S21400BED038B1A0EB0A004022049B01348240134391
S21400BEE0049314F8011B062228488DF8281018F031
S21400BEF0B5FE00283FD0264B1BBB039B073323F021
S21400BF00070308330393099B3B4409936AE70CFB3A
S21400BF1002320C460120A8E7002301344FF00A0C39
S21400BF2019460593204610F8012B303A092A03D902
S21400BF30002BC6D00591C4E70CFB01210446012363
S21400BF40F0E703AB2A4604A930460093114BAFF343
S21400BF5000800746781CD6D16B6ED90705D4AB890E
S21400BF609A0502D4A86D18F0ACFBAB895B063FF5CA
S21400BF701FAF09981EE703AB2A4604A93046009374
S21400BF80044B00F00BF8E4E73230030038300300CF
S21400BF9000000000E14702002E3003002DE9FF47B5
S21400BFA00F7E914680460C46782F9A460C9E01F1ED
S21400BFB0430207D8622F0AD8002F00F0DD80582FE2
S21400BFC000F0C38004F1420684F842703AE0A7F11C
S21400BFD06303152BF6D801A151F823F035C00000F5
S21400BFE049C00000C5BF0000C5BF0000C5BF0000B7
S21400BFF0C5BF000049C00000C5BF0000C5BF0000A7
S21400C000C5BF0000C5BF00005FC10000D7C000006C
S21400C01017C10000C5BF0000C5BF000081C10000F9
S21400C020C5BF0000D7C00000C5BF0000C5BF0000E8
S21400C0301FC1000033681A1D1B68326004F14206F7
S21400C04084F842300123A8E031682368081D306078
S21400C0501E0601D50D6803E05D06FBD5B1F900505C
S21400C060002D616878DA2D200029A16084F843004D
S21400C0702DDA6D425D480A231646B5FBF3F103FB45
S21400C0801157C75D06F8017D2F460D46BB42F4D911
S21400C090082B0BD12368DF0708D52369616899420E
S21400C0A0DEBF302306F8013C06F1FF36921B226104
S21400C0B04B4603AA21464046CDF800A018F0A2FB46
S21400C0C001306FD14FF0FF3004B0BDE8F08723F0A9
S21400C0D004032360CDE721683368080653F8045B41
S21400C0E002D4490648BFADB26F2F33603F4814BF35
S21400C0F00A230823002184F843106668002EA660F1
S21400C100BADB216821F004012160002DB4D1002E95
S21400C110B2D11646BCE7236843F020032360782795
S21400C1203348236884F845701F06316851F8045B6D
S21400C13002D45F0648BFADB23160D90744BF43F0B2
S21400C140200323601DB11023D4E72848E9E72368BD
S21400C15023F020032360F6E724480A23CDE733685C
S21400C1602568181D616930602E061B6801D51960A8
S21400C17002E06806FBD5198000231646236197E780
S21400C180336800211A1D32601E686268304618F057
S21400C19065FD08B1801B606063682361002384F836
S21400C1A0433085E72369324649464046D04701304A
S21400C1B088D023689B0714D4E068039B9842B8BFD6
S21400C1C0184681E70123324649464046D0470130AB
S21400C1D03FF478AF0135E36803995B1AAB42F1DCB4
S21400C1E0EAE7002504F11906F5E700BF3F30030033
S21400C1F0503003002DE9F84315468A6880460C4601
S21400C20032B98A69002A14BF4FF0FF3201228A60D1
S21400C21022680027DFF88C90D1065FBF1A68111DD0
S21400C22019601668A06988B1012807D12B681A78AA
S21400C23063699B5C53B9002F31D022E0022820D1DD
S21400C2402B681B7819F803301B071AD423680137AC
S21400C250DA065EBF2B681B7806F8013B2A686B6817
S21400C2600132013B2A60A2686B60013AA26042B1CB
S21400C270002BD7DCD4F88031294640469847002862
S21400C280D0D0236813F0100305D1E2680132E260D3
S21400C290A26902B13370236900203B442361BDE8E4
S21400C2A0F88300BF2E2F03002DE9F04F984687B085
S21400C2B0784B0C468246164627464FF0000B93E80E
S21400C2C0070003AB83E80700734BA169734A032991
S21400C2D008BF1A46A36801925A1EB2F5AE7F89BF00
S21400C2E06FF4AE754FF0000903EB050940F25D13DD
S21400C2F088BFA36057F81C3B43F450633D46236059
S21400C300316803AB0222097853F82B0018F0A6FC1C
S21400C310002840D0BBF1010F12D162682AB922680A
S21400C320082142F4007261602260226822F4A06252
S21400C3302260A268511EA160DAB94FF0020BDFE757
S21400C340BBF1020F06D0A268511EA1608AB94FF059
S21400C350010BD5E7226802F4C061B1F5007F1FD15A
S21400C36042F4807210212260A2686160511EA160B2
S21400C370B2B13268511C3160127805F8012B726830
S21400C380013A002A726006DCD4F880213146504615
S21400C3909047002874D10BF1010BBBF1030FAFD10E
S21400C3A063680BB90A23636063684FF0000B3C496F
S21400C3B06069C91A18F0A4FBA368226873B33168D1
S21400C3C0606991F800C010F80C0038B3BCF1300F6B
S21400C3D016D1100514D50BF1010BB9F1000F03D0DF
S21400C3E0013309F1FF39A3607368013B002B7360CA
S21400C3F00DDD336801333360A368013BA360DBE7E0
S21400C40022F4106222600B7805F8013BECE7D4F8C2
S21400C41080313146504698470028EDD02368D9052C
S21400C4200DD5BD4209D905F1FF3915F8011CD4F820
S21400C4307C3132464D4650469847BD4228D0226849
S21400C44012F0100213D12A70394663685046019ED6
S21400C450B047D8F8003021681A1D11F0200FC8F830
S21400C46000201B680FD01860E3680133E360ED1B03
S21400C470236900205D442B44236107B0BDE8F08F9C
S21400C4804FF0000BCAE7CA074CBF18801860EBE7EE
S21400C4900120F2E77C300300694502006D4502008A
S21400C4A07130030038B5294B05460C46186818B19C
S21400C4B0036A0BB9FFF76CF9B4F90C30190722D4EC
S21400C4C0DA0607D409222A6043F040034FF0FF3013
S21400C4D0A38133E0580712D5616B41B104F14403E0
S21400C4E0994202D0284617F0E0FA00236363A38936
S21400C4F023F02403A3810023636023692360A389B8
S21400C50043F00803A38123694BB9A38903F420737E
S21400C510B3F5007F03D02146284618F0B5FAB4F9E3
S21400C5200C3013F001020AD00022A2606269524267
S21400C530A261226942B913F08000C5D138BD9907BF
S21400C54058BF6269A260F4E70020F7E7242B0020BA
S21400C55038B50023064D0446084611462B6016F0F3
S21400C56002FD431C02D12B6803B1236038BD00BF17
S21400C5700818002038B50023054D044608462B60F1
S21400C58016F0F6FC431C02D12B6803B1236038BDBD
S21400C5900818002030B5837985B001901844C0682B
S21400C5A00D4600F0380014F093FF044628B901A8A1
S21400C5B018F059FD022005B030BD2946019818F044
S21400C5C05CFD45220A490DF10F0018F091FC019917
S21400C5D004F10C0018F035FE472205490DF10F0056
S21400C5E018F087FC204621F0D2FB0020E3E700BFCE
S21400C5F08830030037B50446094DD92229460DF187
S21400C600070018F075FCE06818F065FD0446DB22AC
S21400C6100DF10700294618F06CFC204603B030BD2B
S21400C6208830030037B504460B4D4FF42572294673
S21400C6300DF1070018F05CFC04F10C0018F031FD59
S21400C640044640F296220DF10700294618F051FCE8
S21400C650204603B030BD00BF88300300054B10B540
S21400C66053F8204004B910BD2046636898472468F4
S21400C670F8E700BF241800200020134B10B51870F0
S21400C680124B134CC3E90000124B20601870606018
S21400C690A06000F03BFA80B2A0F10E036380A0F128
S21400C6A01403013060810C49201DE38016F03CFE27
S21400C6B020460A4916F038FE04F108000849BDE88D
S21400C6C0104016F031BE00BFFD28002024180020C0
S21400C6D05A240020FC280020D6300300DF30030058
S21400C6E0E930030070B5044658B323F075FD63794E
S21400C6F005466FF382036371237913F0100605D0A5
S21400C70010232371BDE8704023F061BD0D4903F08E
S21400C710030331F823203046013A21F8232021462E
S21400C720094C00F0E3F923781BB13046FFF796FF7B
S21400C7302670064B5B6813B10120FFF78FFF284673
S21400C740E0E770BD5A240020FD28002024180020B1
S21400C75038B50446057A23F03FFD054B53F82520EF
S21400C760226043F82540BDE8384023F030BD00BFC6
S21400C7702418002010B5064B00F0E0001A78541C70
S21400C7801C70044B03F8320003EBC203596010BD63
S21400C790FC2800200C1800200022F8B50E4C0F498B
S21400C7A02378934214D951F83260551C86424FEADA
S21400C7B0C2070ED15E1E0A48B21AD20007F108015F
S21400C7C001449D4288BF0022384417F044FF26707B
S21400C7D0F8BD2A46E5E700BFFC2800201018002018
S21400C7E00C1800202DE9F04F044689B00492420749
S21400C7F048BF00F0F704029123F0EEFC5E4D04F013
S21400C800030605EB860335F826205B8880469A42A9
S21400C81004F0EF094FEA860733D2002000F048F90B
S21400C820834650B335F826304046013325F8263087
S21400C83023F0CDFC584618F0D5FD029B029A8BF8E3
S21400C8400630049B8BF8049013448BF807304B4B50
S21400C8505B6843B123F0C0FC04460120FFF7FEFEF0
S21400C860204623F0B4FC05EB86004522594616F018
S21400C87060FD584609B0BDE8F08F01224046404BA7
S21400C8801A7023F0A4FC23071BD51F2C19D94FF0D0
S21400C890000A04F0E003039323F09EFCEB195B8888
S21400C8A035F82670DFF8E0809F422CBF002701276E
S21400C8B023F08DFC05EB86030593324B1B789A45D7
S21400C8C009D384F004004946C0F3800000F07AF8EB
S21400C8D04FF0000BC7E798F80030039A1A4205D0CD
S21400C8E0D8F804300193019B1B6823B90AF1010AAA
S21400C8F008F10808E1E707935A79D00707D51A79AF
S21400C900510704D547B989EA0202920704D0019379
S21400C9101B68002BF0D1E6E7019818F0C2FB0779F8
S21400C920079007A818F09FFB3946002000F04AF849
S21400C93023F052FC059B35F826205B8883469A42F6
S21400C94034BF0127002709D2002000F0B1F8079075
S21400C95068B135F82630013325F82630584623F0DE
S21400C96036FCDDF81CB0BBF1000FBCD062E701223C
S21400C970034B1A70F2E700BF5A2400202418002048
S21400C980FD280020FC2800200C1800200022014B67
S21400C9901A6070472C18002010B5044623F01CFCC3
S21400C9A0074A13682BB914602360BDE8104023F0D3
S21400C9B00EBCA34202D01A461B68F3E710BD00BFA8
S21400C9C02C18002070B505460E46054B1C6804B9A9
S21400C9D070BD63683146284698472468F7E700BF6D
S21400C9E02C1800202DE9F0474FF6FC780024164658
S21400C9F01B4F03311B4B07EB001501EA08084FEAF3
S21400CA00001A1B686A80814627F80A8002FB08F035
S21400CA10EC60984718FB06F39BB2024668602B81D1
S21400CA20D8B11149284651F8291016F07FFC214646
S21400CA302A89686817F029FE214623469E4204DCB0
S21400CA40002057447E80BDE8F0876A68E86854187E
S21400CA5050500133EC604144F0E71A20F3E700BF82
S21400CA605C19002030180020A431030038B5094CAA
S21400CA7004EB00156B682BB1284616F059FC686865
S21400CA8018F065FE2846BDE838401022002117F051
S21400CA90FCBD00BF5C190020034B0201C3E9001077
S21400CAA00021024817F0F1BD301800205C19002064
S21400CAB038B5094B020103EB0015EC682846214601
S21400CAC09A5A16F036FC24B12368EB606B88013B5B
S21400CAD06B80204638BD00BF5C190020024B03EB7C
S21400CAE000139878704700BF5C19002030B4064CDD
S21400CAF004EB0013DD685A880D600132184630BC1E
S21400CB00D9605A8016F016BC5C190020044A010150
S21400CB1002EB0013505A10B11B89B3FBF0F07047BC
S21400CB205C1900200149084616F0FEBBD831030008
S21400CB30012838BF012038B5C41C24F00304204661
S21400CB4016F024FD054601462246084816F0F1FB7D
S21400CB502DB921460220FFF735FF284638BD22466C
S21400CB600021284617F091FDF7E700BFD8310300F3
S21400CB70F0B5477B057B7B1CB7EB951F04464FF053
S21400CB80000689B0437306D38673312009B0BDE82A
S21400CB90F04007F0EFB81C4807F086F87F001B4906
S21400CBA01B4B3D41CDE9041305F00305E37A25351B
S21400CBB004A88DF81830CDF81A60ADF81E608DF810
S21400CBC0195000F0BFFD2368CDE902660193A37AF1
S21400CBD08DF809302389C3F3402252008DF80A20CD
S21400CBE0627B012A01D8DA0705D523F001032381E9
S21400CBF001238DF8083001A818F0FCFF20691CF00E
S21400CC0027F909B0F0BD00BF4DCC0000D6BE898E16
S21400CC1055555500222810B50C460DD0562812D171
S21400CC2000F0AAFC084807F03FF80123A373312060
S21400CC30BDE8104007F09EB800F09EFCBDE810402E
S21400CC40014807F031B810BD53570200512808B507
S21400CC5005D0552814D0BDE80840FFF7DBBF0A8989
S21400CC60920508D50120897A00F064FABDE80840EC
S21400CC70074807F019B80846BDE80840FFF778BF30
S21400CC8001228A733120BDE8084007F073B800BF60
S21400CC9095CC00002DE9F04F53280C4685B006D001
S21400CCA055287ED005B0BDE8F04FFFF7B3BF00F0C3
S21400CCB001FB83688046DD0771D543210DF10F0225
S21400CCC006F074FC43780646252B68D8057805F0F0
S21400CCD00F05032D01D0052D61D120691CF0B3F896
S21400CCE022890146C2F3400230461CF0C9F80028EB
S21400CCF055D1B34627891BF802AB18F04CFD07F454
S21400CD00C07980F00103B9F10002CAF3801A5946CF
S21400CD1018BF01225046DBB21CF0DDF9014690B385
S21400CD20032D1DD121893046C1F380011CF0BFF8C8
S21400CD30032841D0052832D100254046A57300F0CF
S21400CD40F7FA40461BF0B2FF00F016FC254806F046
S21400CD50ABFF3120A57305B0BDE8F04F07F00AB869
S21400CD60052D1CD1218904F118030193C1F380130A
S21400CD700093C1F30012C1F340033046C1F3C00173
S21400CD801CF09EF8D4E718F00EFD40B9B9F1000F7C
S21400CD90C6D0FF43032DBFB209D13906C2D400F076
S21400CDA0EBFB204605B0BDE8F04FFFF7E1BE052DD2
S21400CDB0F5D1FA05F3D5D5E70B4806F075FFA17A4D
S21400CDC0002000F0A1F960691CF042F823899B0658
S21400CDD005D5404605B0BDE8F04F1BF067BF05B06F
S21400CDE0BDE8F08F53570200615702000120014949
S21400CDF006F048BF5357020021281FB50C4634D111
S21400CE001C4806F051FF04F1100000F09BFC94F85B
S21400CE1025001BF0A1FE94F82030626813F0010391
S21400CE2094F8221012D00023CDE90233A368684696
S21400CE3013440193012300928DF80A308DF80B10ED
S21400CE408DF80C3000F098F904B010BDCDE9013330
S21400CE500223684600928DF805108DF8063018F00B
S21400CE60C9FE204618F0C1FCEEE704B0BDE810404D
S21400CE7018F09EBC1D5902000320014906F002BFAF
S21400CE80F9CD0000074B586940F20D1338B9002B56
S21400CE90C1BF45224433B3FBF2F0C0B2704700680E
S21400CEA0453BF3E7C80A00202DE9F0414FF00008A3
S21400CEB082B0CDF80480F8B10546154F01AC09E004
S21400CEC023601B687B612368C3F800802668002DFA
S21400CED0344611DD7B69453D002BF1D1012018F069
S21400CEE08DFA064620600028F1D101A818F0BBF89C
S21400CEF0304602B0BDE8F081102000F0C1FD019E72
S21400CF003046737943F00103737102B0BDE8F081D7
S21400CF10C80A002037B5174D0446EB6993F87D2004
S21400CF2012B9002003B030BD01281AD002280CBF69
S21400CF30022201228DF8042001228DF805209A6F26
S21400CF40286922F044029A6701A920F0FAFF002817
S21400CF50E8D1012C07D1EA69936F43F04003936749
S21400CF60DFE70422E6E7022CDBD1EA69936F43F0A1
S21400CF700403F4E7C80A002037B5184D0446EA69EA
S21400CF8092F87D3013B9002003B030BD01281CD0C4
S21400CF9002280CBF022301238DF8043001238DF8EC
S21400CFA00530936F286923F4805323F002039367B8
S21400CFB001A920F0DCFF0028E6D1012C07D1EA69A0
S21400CFC0936F43F002039367DDE70423E4E7022C44
S21400CFD0D9D1EA69936F43F48053F4E7C80A002076
S21400CFE00422F0B51D4E0546F36985B083F87C2013
S21400CFF0407918F0ECFD2C79074694B1A879FFF734
S21400D00089FF044638BB01466A79012018F0B6FD50
S21400D0103B4622467179306905B0BDE8F04020F005
S21400D02027BF2B6868790394029318F0D0FD009010
S21400D03022467179306902AB20F01CFF044650B9D5
S21400D040A879FFF767FF044628B9024601216B79E5
S21400D050286818F094FD204605B0F0BDC80A0020E8
S21400D060014B186921F097B8C80A0020014B1869CF
S21400D07021F093B8C80A00200C4B10B55A6900235B
S21400D080591C82B94522DBB25343418B028B0A44BA
S21400D0900A3293422CBF0124002402D2102000F052
S21400D0A0EFFC204610BD0B461268E9E7C80A0020D0
S21400D0B008B507F009F9024B1030D86108BD00BF6B
S21400D0C0C80A002038B50446094DFFF7F1FFEB69A2
S21400D0D02A689A6754B1A08806F044FA06F05EFA09
S21400D0E00122EB69002083F87C2038BD0120F5E79B
S21400D0F0C80A0020034BDA69936F43F480339367C2
S21400D100704700BFC80A0020042238B5084B0D46F9
S21400D110DB6983F87C20FFF7FDFE044608B100F0CB
S21400D120BBFC2A460021012018F028FD204638BD09
S21400D130C80A0020022238B5094B0D46DB6983F881
S21400D1407C20FFF719FF044608B100F0A5FC2A462C
S21400D1500021012018F012FD18F035FD204638BDDC
S21400D160C80A0020034A136823F40043136000F043
S21400D170BFBE00BFC80A00207FB52E4D0446EE692C
S21400D180102296F87C300021022B14BF02230823BD
S21400D190684686F87C3017F078FA237A03B30123C2
S21400D1A08DF8043063680293A37A53B196F87D0035
S21400D1B006F0C2F9029B02881344029301238DF8FD
S21400D1C00D30637A207B8DF80E30FFF7D5FE50B118
S21400D1D0EA69936F23F48033936700F05DFC20E0E8
S21400D1E023680093DEE7E07A18F0F1FC6A4603460F
S21400D1F06979286920F040FE0028E9D1EB69227A97
S21400D200B3F87A10E37A01F0010162B11A46012000
S21400D21018F0B4FC18F0D7FCEA69936F23F4803357
S21400D220936704B070BD0A462068012118F0A7FC79
S21400D230F0E700BFC80A0020082270B51C4D0E4655
S21400D240EB6986B083F87C20017A04464B1ED9B27F
S21400D250437A0529184628BF00212B7118F06FFC69
S21400D260ADF8103000236871024660688DF8123001
S21400D2700290ADF81430206802AB00933368039038
S21400D280286920F0E9FFEB69227A83F87D2018B13F
S21400D29000F002FC06B070BD307BFFF76DFE002884
S21400D2A0F6D1EA69936F43F480739367F2E700BFA1
S21400D2B0C80A00202DE9F0431C4A87B0D56995F8C6
S21400D2C06C3003EBC3004FEA800855F8087005EB96
S21400D2D080061FB1304607B0BDE8F08311791069AB
S21400D2E0717301AA0321B760B77320F0AEFEDDE9C3
S21400D2F0031245F80800304608F11003E9501D44B3
S21400D3006A60BDF80630BDF80820B7839B1A3283E2
S21400D3109DF804207383072A08BFB368376204BFEA
S21400D32043F00103B36007B0BDE8F083C80A0020ED
S21400D33083689B0700D5704730B5154D87B0044607
S21400D34001686A46286920F082FE50B9238B628BFA
S21400D3506946134403332869ADF8043020F079FE9B
S21400D36008B107B030BD009B9DF90E00636000F069
S21400D370AFFD2073EB699DF8111093F87D0006F061
S21400D380CFF8A368A07343F00203A36007B030BDD4
S21400D390C80A00202DE9F04F4FF6FF741F46A14241
S21400D3A0038B458B08BF818B1D4418BF8183A94220
S21400D3B0064683B059DA4FF6FF708242A5EB0105A8
S21400D3C002D09542A8BF15468B42ADB20BD84FF09F
S21400D3D00008A8452AD345462846B38B2B44B3837A
S21400D3E003B0BDE8F08FA3EB0108A845A8BFA84688
S21400D3F032691FFA88F802EB010BB8F1000F62D011
S21400D400002F5ED0B946C2465246452A594628BF26
S21400D4104522484617F003FE83B2AAEB0304A4B2E3
S21400D42083443CBB318B0B46A845D4D2C91A7369DA
S21400D430A5EB080913FA81F41FFA89F9002FCAD060
S21400D4404A46452A214628BF4522384617F0E7FDBA
S21400D4501FFA80F8A9EB08039BB20444002BBBD04C
S21400D4603A68CAB117469946EAE70025284603B047
S21400D470BDE8F08FD9F8002012B19146A246C3E766
S21400D48099F80400019317F0B9FF019BC9F8000052
S21400D49060B18146A246B7E73879019317F0AEFF30
S21400D4A0386040B1019B07469946C9E7A3EB0A03DB
S21400D4B043449DB290E7A8EB0908A8441FFA88F5F4
S21400D4C08AE73D4688E719460B46ADE7F8B5124FA2
S21400D4D0FC6994F86D6006EBC60104EB810118F058
S21400D4E092FB054622F078FE242202FB0644002624
S21400D4F0F969266291F86D305A438E500322013343
S21400D500B3FBF2F202EB42029B1A81F86D3022F076
S21400D5105EFE2846F8BD00BFC80A0020044BD96945
S21400D52091F86C3003EBC30301EB830118F06BBB7F
S21400D530C80A002010B5094CE369986F10F4007013
S21400D5400AD0206920F09DFD30B90121206920F025
S21400D55096FD80F00100C0B210BD00BFC80A0020D2
S21400D560044BDA69926F920503D50021186920F002
S21400D57086BD7047C80A002010B5154CE36993F8BD
S21400D5807C30012B08D000221146104618F0F6FA1F
S21400D5900122E36983F87C2000220321206920F021
S21400D5A062FC00220121206920F055FDFFF7D8FF1C
S21400D5B0002018F010FB18F010FB002018F00FFBEE
S21400D5C0E269936F23F4847343F4C043936710BDFA
S21400D5D0C80A002010B522F0FFFD0446FFF7CCFF76
S21400D5E0074B5620DA69B2F874300133A2F874306B
S21400D5F006F00CFC2046BDE8104022F0E8BD00BF57
S21400D600C80A0020F8B51C4DEA69936F1C0704D5BC
S21400D61023F008039367FFF7DDFFEB699B6FD806DF
S21400D6200FD522F0D9FD0646FFF72CFC0446134F13
S21400D63024B1012017F0E2FE0146B0B9304622F0D0
S21400D640C6FDEA69936F990615D523F02003936704
S21400D65006F04CFE78B122F0BFFD0446FFF7BAFF95
S21400D6602046BDE8F84022F0B2BD3846013C17F02F
S21400D670F2FDE4B2DCE7F8BDC80A0020DC0A0020B0
S21400D68008B5FFF779FF00F033FC034A136823F46C
S21400D6900043136008BD00BFC80A0020014B18698C
S21400D6A020F0FCBCC80A0020002210B5094C104629
S21400D6B0114618F063FA20690CF0A8FE18F08AFAF2
S21400D6C004F1140017F0CFFCE269936F23F0100307
S21400D6D0936710BDC80A0020024B1868C0F380206C
S21400D6E0704700BFC80A002038B5154C0546E369E8
S21400D6F093F87D3083420ED0431E042B08D8DFE813
S21400D70003F0030B0F14160020690DF001FB10B98F
S21400D710E36983F87D5038BD206918F062FAF6E7B1
S21400D7200021206918F05FFAF1E70221F9E7FFF718
S21400D730D3FF0028ECD0206918F057FAE7E700BFBF
S21400D740C80A00207FB50446114E407A0025307185
S21400D75018F0F5F97071207AFFF7C6FF636869461E
S21400D7600093236830690193637A8DF80A50ADF808
S21400D7700830ADF80C5020F062FD2A4629462846AF
S21400D78018F020FA206818F027FA04B070BD00BF21
S21400D790C80A002038B50B4C05462368206923F4D8
S21400D7A08063236020F0FBFC38B10DB9002038BD43
S21400D7B0236843F480632360F8E7002DF6D00C203E
S21400D7C0F5E700BFC80A0020F0B53E4C07462168C2
S21400D7D089B011F001016BD12022204616F055FFCA
S21400D7E0394820F054FB064610B1102009B0F0BDB1
S21400D7F0364D374B01A82B6006F06AFD029B284683
S21400D800AB82019B2B62334B1B886B82324B1B68AF
S21400D810EB61324B1B882B82314B1B68AB6118F0D7
S21400D820D5F920464FF0FF333246294640F8103FE0
S21400D8300CF090FD0028D8D1BB68DB023AD401205A
S21400D84000F062FB0028D0D102224FF0FF312069A1
S21400D85020F0BCFB0028C8D10120FFF79BFF206901
S21400D86020F0C2FC0028C0D13C2394220393CDE9CB
S21400D870013296232822059001A92069CDE90623C6
S21400D88004930CF06BFE0028AFD1012120690CF048
S21400D890C7FD0028A9D1134A1349206918F070F96A
S21400D8A000F02AFA0028A0D1236843F00103236081
S21400D8B000209BE70D4920690CF08AFD0028BED0A9
S21400D8C093E700BFC80A0020690345EC381800201B
S21400D8D0C1DA00002C360300303603002E36030073
S21400D8E0343603003B5B0200695B0200E231030052
S21400D8F070B505460E4614460AB118F065F9044898
S21400D900234632462946BDE87040006920F09BBB9E
S21400D910C80A00202DE9F04105460E46FFF7CAFC6E
S21400D9202F680446C7B9638B008B18440A30FFF78C
S21400D930BBFA03462860C0B182790C321344A26851
S21400D9401A71618B228BDF710A441A81084A0A21F8
S21400D95012799A7117F057FB20462B68B2B24FF631
S21400D960FF71BDE8F041FFF715BDBDE8F08100BFCF
S21400D970C80A002070B505460D4BDC6994F86C604B
S21400D98006EBC60004EB8000FFF7D2FCAA790C3247
S21400D990AB18197941F002011971242101FB0644E4
S21400D9A06168A950227B5A71A27BDA7170BD00BFF4
S21400D9B0C80A002038B503F031FDC8B1847DC4B96B
S21400D9C02A4DEB6993F87C20022A10D1B3F8702018
S21400D9D053200132A3F8702006F018FA012018F040
S21400D9E0FEF82421EA6992F86C304B43D45038BDD7
S21400D9F0FF24204606F04EF9002832D01B4CE3697F
S21400DA0093F87C20022AF2D1B3F87020532001321A
S21400DA10A3F8702006F0FAF9012018F0E0F8236861
S21400DA201D0407D5E36993F87C30012B02D0522001
S21400DA3006F0ECF92422E16991F86C305A43881814
S21400DA408068C0F38004400741BF03220133B3FB64
S21400DA50F2F202EB420246BF9B1A81F86C308C5001
S21400DA60C5E73220BDE8384006F0D0B9C80A002025
S21400DA70024BDB6993F87D00704700BFC80A0020A0
S21400DA80044BDA69936F034393674FF000600CF022
S21400DA90E9BA00BFC80A002038B5054622F093FB55
S21400DAA00446064B0820DB6983F87E50FFF7E8FF44
S21400DAB02046BDE8384022F081BB00BFC80A0020DF
S21400DAC0F8B515461C4606461946104618F081F865
S21400DAD02A462346304618F0DEF8414FD7E902239F
S21400DAE000EA020401EA030554EA050339D0A4F16A
S21400DAF008032B4327D0A4F58043083B2B4331D0A3
S21400DB00A4F10C032B431BD0231F2B4346D0354BCD
S21400DB1023402BB124F0011323F4A0432B434DD014
S21400DB2004F17F432B433CD0610129D5FB69996FF3
S21400DB30CA0525D521F4807193F87C20996707E003
S21400DB40002018F04CF8FFF735FFFB6993F87C20AF
S21400DB50082A04BF022283F87C202046294618F0B3
S21400DB6010F8F8BDFFF726FFFB6993F87C20022A21
S21400DB70EED140F60201986F814318BF012229E0DA
S21400DB8022F021FB64220646FB69082083F87E20EB
S21400DB90FFF776FF304622F011FBD6E718F020F8A4
S21400DBA0D3E7FA695120B2F86E300133A2F86E302E
S21400DBB006F02CF9012018F012F8C6E7FB6993F876
S21400DBC07C20012AC9D040F60202996F8A4314BF0E
S21400DBD001220222552083F87C2006F017F9B4E7CC
S21400DBE0C80A00200150010030B50C460021054649
S21400DBF085B009480091006903AB0DF10E02FBF7F2
S21400DC0009FE15B1BDF80E302B8014B1BDF80C30EE
S21400DC10238005B030BD00BFC80A002013B50446F7
S21400DC200DF106010020FFF7DFFFBDF90600074BE8
S21400DC30C828A8BFC820A042A8BF2046B3F9042021
S21400DC409042B8BF1046588002B010BD662400202F
S21400DC5070B586B0ADF80C20ADF80E304FF0C81297
S21400DC604FF08213ADF80800ADF80A1000200DF151
S21400DC700601CDE90423FFF7B7FF02A804220346F6
S21400DC80BDF9066004ACB0F9001034F9025BB1428D
S21400DC90A8BF3146A942A8BF2946013A12F0FF02A2
S21400DCA020F8021BEFD103CB034AC2F80600C2F8E5
S21400DCB00A1006B070BD00BF6624002013B50446E7
S21400DCC000210DF10600FFF78FFFBDF90600084A98
S21400DCD0084B9042B8BF1046A042B8BF2046B3F9E2
S21400DCE002209042A8BF1046988002B010BD00BF28
S21400DCF0D4FEFFFF662400200F4B10B500211869E4
S21400DD00FBF742FD002447F6FF730C49881C0C60A5
S21400DD104C608C6021F8023CFFF766FFC820FFF7D6
S21400DD207DFF0748FFF7CAFF642318461A461946C0
S21400DD30FFF78EFF204610BDC80A0020682400208A
S21400DD40D4FEFFFF084B10B5B3F9024030B903EB21
S21400DD504103B3F904309C42A8BF1C46A242A8BFA8
S21400DD602246104610BD00BF662400200346044A23
S21400DD70B2F904001BB1034B1B8BC01A00B27047EC
S21400DD8066240020C80A0020C82838B50EDC084BD8
S21400DD90084D1A8B801AB5F9002004B2A24205D0AD
S21400DDA0214618690CF0A4FD00B92C8038BD00BFD0
S21400DDB0C80A00206624002007B5074BADF8060009
S21400DDC0002118690DF1060215F0AFFFBDF9060037
S21400DDD003B05DF804FB00BFC80A00202DE9FF472A
S21400DDE04FF00A090DF10E0307463048009303AAC8
S21400DDF00E460DF10A0300210069FBF70BFDBDF985
S21400DE000C30BDF90A406FF0004AE41A94FBF9F4AE
S21400DE100134600017F096FC01233370BDF90C3016
S21400DE208046002BB4BF6FF004020522134493FB18
S21400DE30F9F309FB03F30380BDF80C50BDF80E3070
S21400DE401D442DB2BDF90A30AB420ADA47F6FF721E
S21400DE503378A34225D30020C7F8008004B0BDE87D
S21400DE60F0872846FFF7A8FF031EB4BF6FF0040232
S21400DE700522134493FBF9F3327809FB03F352446B
S21400DE80510038F912201BB29A4205D008EB010265
S21400DE905380337801333370BDF80E302B441DB2F7
S21400DEA0D0E728F813200133D3E700BFC80A0020C4
S21400DEB08BB200294FF00A01B4BF053B05331BB2F5
S21400DEC093FBF1F3014A108353837047C80A00207E
S21400DED0024B5B8BC01A40B2704700BFC80A0020D6
S21400DEE0024B1B8BC01A00B2704700BFC80A002046
S21400DEF00022044BDB691A605A629A64A3F86C200D
S21400DF00704700BFC80A002007B50A490A4AD1E987
S21400DF100203024343F02003C1E90223CDE90023B4
S21400DF204FF0FF324FF0FF33086920F022F803B0BD
S21400DF305DF804FBC80A00200DD50155014B18708A
S21400DF40704700BF792F002070B505460C4CB0F81E
S21400DF505260237E216906F5FA7606FB1311A06847
S21400DF6000F0E6FB217E6B68002006FB01316A7D2F
S21400DF701BF01CF8A068BDE8704006F0CFB900BFE3
S21400DF802C1A002038B50446104B0D461B68627DDF
S21400DF90D87AA9B19B781044984200DCC3B22046D8
S21400DFA0A16A637517F0AFFE20B1002194F88500D2
S21400DFB018F00EFA29462046BDE8384019F0CBBFC7
S21400DFC0DB78121A9A42A8BFD3B2E8E79C1A002060
S21400DFD070B5002490260C4D2B79A34200DC70BD52
S21400DFE02B6806FB043393F85920FF2A03D0986C5D
S21400DFF018B117F0F0FE0134EEE7586C0028FAD09E
S21400E00017F06AFEF7E700BF2C1A00202DE9F74F3D
S21400E010164688469946054603F0CEFC0446284632
S21400E02003F074FB17F0C5FD0190304698F80070B9
S21400E03017F0A5F8DFF844B10021BBF91430C61A72
S21400E040384600F057FB7B0748BF073026EAE676DF
S21400E0503318FF2BC4BF47F01007C0F1FC0617F0BB
S21400E060100A0CD017F069FD2523B0FBF3F101FB75
S21400E07013010020C9B200F0F3FB85F88500B9F162
S21400E080000F01D095F8509000234A4639462046A6
S21400E09017F0A4FF2946204618F006F92946204620
S21400E0A017F0C6FF2046019917F0EBFF29462046D9
S21400E0B018F02CF8BAF1000F45D0204695F88510D8
S21400E0C095F8842000F0ECFA2946204618F02EF841
S21400E0D040BBB5F98810204618F02BF82046019969
S21400E0E017F0FBFF2946204618F020F820B1A86C50
S21400E0F010B1214617F067FE3146204618F02DF87D
S21400E100BAF1000F08D0FF2195F8840018F061F8E6
S21400E1100146204600F00CFB304688F8007003B03D
S21400E120BDE8F08F6B68DBF81010E2791944A3792C
S21400E130A86CD21A0C3353FA82F2224498B9686C4F
S21400E14017F0CBFD11E0204695F8751095F8742071
S21400E15000F0A6FA2946204617F0E8FF0028E1D18D
S21400E160B5F97810B7E717F02CFEC1B2204616F0C6
S21400E1704AFFBAF1000FACD1F2E700BF2C1A00201C
S21400E1802DE9F34704468DF807101646002190F84F
S21400E1908520984690F88430B0F9540018F019F9A4
S21400E1A004F17C050146284617F078FD28461AF04B
S21400E1B0E6FE00221146104617F004FD9DF80750B3
S21400E1C06B0709D5204603F0A1FA17F0F2FC0021F0
S21400E1D00246042017F0F6FC03F0EEFB25F01005CF
S21400E1E08146324620469DF828300DF107018DF80D
S21400E1F00750FFF70BFFDFF858A00746AAF81600EF
S21400E200B8F1000F17D19DF8075015F0100015D182
S21400E2100C4B6168A361DAF81030627D19441AF07D
S21400E220C5FE3B4631464846BAF9142006F094F837
S21400E23002B0BDE8F0870220034BEAE74046034BF6
S21400E240E7E700BF075F0200275F020039E400002F
S21400E2502C1A002073B5044690F8611017F08CFD58
S21400E260B4F8502094F86130910703F0EF0505D11B
S21400E270960601D4C10701D503F0EE05606C50BBCD
S21400E280A06C002832D1204645F0080603F03EFA7E
S21400E29017F08FFC48B1C3799B0606D5636C23B98B
S21400E2A0838845F00C060133838000220121124B3F
S21400E2B020469A82B4F85030A26A13F0020F18BFB4
S21400E2C0002213F0030318BF0B4600913146FFF7F8
S21400E2D057FF02B070BD17F002FD0028D0D0B4F88A
S21400E2E050309A07CFD145F02005CCE717F009FD4E
S21400E2F00028F4D1C7E700BF2C1A002038B51D4906
S21400E30004460B7E4A7E0133DBB2B3EB921F0B76DC
S21400E31003D3032300200B7638BD5B001A4102F0BE
S21400E3200302253280F87520B4F8505090F8743007
S21400E33015F01001B0F9540016D118F04AF804F19F
S21400E3406C050146284617F0A9FC28461AF017FE69
S21400E35000221146104617F035FC94F8750000218F
S21400E36018F036F80120D7E7024619460020FFF7D6
S21400E370E9FCE4E72C1A002010B5037D044623F0E0
S21400E380080303750C4B8361FFF7B8FF20B12046E6
S21400E390BDE81040FFF7D8BD2046A16A17F0B3FCD1
S21400E3A020B12046BDE81040FFF754BF2046BDE828
S21400E3B010400121FFF7E6BD195F020037B504469D
S21400E3C019F097FD28B12046A16A17F0BEFC84F824
S21400E3D06100174D94F8580019F0E9FAB4F8523075
S21400E3E06A7E03F5FA7392095343204603F5967343
S21400E3F02B61FFF783FF0F4B94F86110A361237D19
S21400E400204643F00103237517F0B6FC01238DF870
S21400E4100700002220460DF10701FFF7F7FD002256
S21400E4202046AB681A6003B0BDE83040FFF78CBDED
S21400E4302C1A0020195F0200512837B50C4620D14F
S21400E440124DFF21AB8AEA8A94F884001344AB820B
S21400E45017F0BFFE2B6994F8611003442B61B4F8E3
S21400E4605030D4E90A0213F0020F4FF0000308BF41
S21400E47002460093204601F04801FFF781FE03B0F4
S21400E48030BD03B0BDE8304017F013BD2C1A002095
S21400E49000232DE9F04387B004464FF0FF3105A86E
S21400E4A00593FFF737FA059D002D00F09A80AB79AB
S21400E4B00C331D442B79D90740F19080EB7A252B3D
S21400E4C000F28C80724FB4F85020B96805F10A0843
S21400E4D08B7982F010020C334046C2F300121944C6
S21400E4E01AF0CEFC002879D1266A95F80A9017F023
S21400E4F052F906F0600680F00103321EC9F3801957
S21400E50005F10C0118BF01224846DBB21AF0E3FD04
S21400E5100146002854D0AB7A03F00F03032B38D102
S21400E520B4F850104046C1F340011AF0C0FC03286E
S21400E5305ED0052852D1059E617DB37900200C334C
S21400E5401E44FEF7E1FD534BB868A361B17A06F1AD
S21400E5500C038679256A0644367BC5F3400CC5F362
S21400E560C00215F4005518BF04F15B05C6F380160B
S21400E570CDE901C5C1F38011009617F0B2FE002365
S21400E580B868036005F0CAFE0598A063FFF7F2F9C5
S21400E59075E0052B22D104F16202B4F85010019206
S21400E5A0226A81F01003C2F3800200924046C1F353
S21400E5B08002C3F3001301F001011AF081FCB6E7F4
S21400E5C017F0F1F850B9AB7A03F00F03002EA5D080
S21400E5D0032B86F0600606D1B206A1D405A816F075
S21400E5E042FD01204CE0052BF8D1B609F6D0D2E763
S21400E5F003F0E2F909230546617D00208DF813300B
S21400E600FEF782FD0123E26A0DF113012046FFF7B3
S21400E610FDFCAA7903461544AA7BE16A6FF38712CC
S21400E620AA730022F882B868BA8205F095FE9DF8B3
S21400E6301330194A13F0100F184B18BF13460598DD
S21400E640A361FFF797F9059A93790C33D0180189DF
S21400E650C079D5581AF017FD6368C3F196032B44AA
S21400E66003443B61236ADB060DD5059904F140009F
S21400E67016F0E7FD4FF40031204619F065FC002047
S21400E68007B0BDE8F08305A816F0EDFCF7E700BF7D
S21400E6902C1A0020FB5C020039E40000075F020031
S21400E6A07FB50E4610210546144617F08AFCE0B1E9
S21400E6B00F4B18681B7902908DF80C300023ADF8CC
S21400E6C0043066F305038DF8043063180DEB03047D
S21400E6D04FF0000314F8082C284662F3471301A9EC
S21400E6E003228DF8063016F09AFC04B070BD00BF09
S21400E6F0ED31030003460D4A82B010680090908802
S21400E7009279ADF804008DF8062013B9481C02B0C3
S21400E71070476A460220D90748BF117802F1010205
S21400E72048BF40185B08F6D1F1E700BFE5310300AB
S21400E73038B583790C460C33C518C35C03F00F0359
S21400E740072B25D1AB789A0622D0E878C3061FD5CA
S21400E750012100F00F00FFF7CDFF0E4B02359C4263
S21400E76095BF1E234FF496730021012194BFB4FB7E
S21400E770F3F4B4FBF3F42B5C2A1861F3C7132B54A1
S21400E7809378547023F01F03C4F304242343937038
S21400E79038BD00BFC3BF03004840704700EB001001
S21400E7A0084480B2704700BF90FAA0F000BA80B26A
S21400E7B0704700BF044BD3F8012002605B7903F07A
S21400E7C01F030371704700BFFE280020234B2DE96E
S21400E7D0F041002914BF0C461C4600250646174685
S21400E7E013688AB0C4F801301379257063715FFA34
S21400E7F085F84146384617F0DFFD38B1237803F137
S21400E80028026A44013302F8288C23700135252D2E
S21400E810EDD194F800803EB142466946A01D15F041
S21400E8205BFF0AB0BDE8F081B8F1000FF9D00534FF
S21400E830F5B22946384617F0BFFD40B9B5FBF8F3E8
S21400E84008FB13550AAB53FA85F515F8285C013614
S21400E850252E04F8015FEBD1E3E700BFFE28002079
S21400E860034B002818BF03460B449879704700BF37
S21400E870FE280020F8B50D4682EA124296B23146CE
S21400E88003462846FFF788FFFFF78EFFFFF786FF51
S21400E890FFF78AFFFFF782FFFFF786FFFFF77EFF8F
S21400E8A00546FFF779FF164C002B14BF1F46274678
S21400E8B00446144B781CA3FB0423E21A03EB520312
S21400E8C05B0903EBC30203EB8203E41AE4B22146BE
S21400E8D017F072FD40B93B786E40B6B206FB03F304
S21400E8E007EB1347B879F8BD7B1D2A3701E09F4236
S21400E8F004D013F8010F8442F9D1F4E72046F8BD9E
S21400E900FE2800204D91CFBA10B5094A094B14785D
S21400E910094A08441B78126801B29C4202DA32F9AE
S21400E920140010BD32F913008842FADA0133F4E716
S21400E93034290020332900205C18002030B50A4B0B
S21400E94002461C78094B196800230239D8B2844263
S21400E95004D9013331F913509542F7DD00B930BDC3
S21400E9600138C0B2FBE700BF352900205C18002044
S21400E97070B5044621F030FC0B4E0546306818B1E1
S21400E98016F0E5FE0023336034B104EB0414600097
S21400E99016F0D8FE30B130600024284621F017FC6F
S21400E9A0204670BD1A24F8E76018002010B50E4BFC
S21400E9B00E4C1A78236833F9122090B9FFF7C2F983
S21400E9C00028B4BF6FF00403052318440A2390FB05
S21400E9D0F3F0584300B2FFF7B1FF236800B233F9F3
S21400E9E01020104610BD00BF342900205C180020FF
S21400E9F008B517F0EEFC0028B4BF6FF0040305233B
S21400EA0018440A2390FBF3F0584300B2FFF796FF32
S21400EA10024B00B21B6833F9100008BD5C180020DA
S21400EA20F8B521F0D9FB04460020FFF79FF9031E36
S21400EA30B4BF6FF00402052213440A2293FBF2F3DC
S21400EA40534300221E4E1F4D317828681BB28A425F
S21400EA5003DB08D140F203451CE030F912709F42F8
S21400EA601DDB194B1A70C82202210120FFF76AF934
S21400EA70021EB4BF6FF0040305231A440A2392FB58
S21400EA80F3F25A4300233178286812B28B4208DB2F
S21400EA9012D00025204621F09AFB2846F8BD013208
S21400EAA0D5E730F91350AA4202D1084A1370F0E7AE
S21400EAB004DA012BB8BF0123013BF6E70133E5E793
S21400EAC0352900205C180020332900203429002036
S21400EAD008B503F0D9FB431C1BBF2222034B0020C2
S21400EAE01B6818BF02FB003008BD00BF601800207E
S21400EAF02DE9F0410F46164619F01BFB00224FFA8F
S21400EB0080F8044639461A4817F08CFC40450546FE
S21400EB1006DB01223946164817F084FC404517DD0F
S21400EB2001223946124817F07DFC054405EBD575E1
S21400EB30C4EB650040B20F4A92F90030834209DA0E
S21400EB40C01A00EBD07003EB600358B2BDE8F0814A
S21400EB500020F0E792F901308342F7DDB2F9023087
S21400EB60B342DCBF00EBD07040F34700EEE700BFD7
S21400EB702A29002074240020064808B503680BB133
S21400EB80002008BD0449FFF729F90028F8D01A200C
S21400EB90F7E700BF5C18002035290020014B1878E5
S21400EBA0704700BF3629002008B5074B1B6843B1E5
S21400EBB04FF4005005F00AFA18B1BDE80840FFF718
S21400EBC02FBF002008BD00BF5C1800202DE9FF47BE
S21400EBD004464FF4005005F0F9F9002863D021F000
S21400EBE0FBFA81462046FFF773FF324BB0F91E60F2
S21400EBF01A78314BB4F832811B68A4F8326133F9C5
S21400EC00127094F830A1B742054653464FF0C8003C
S21400EC1094F8312104F14801B4BF00270127FFF71B
S21400EC20E7FE6B8BA6EB08088642B4BF00260126DB
S21400EC300FFA88F8D3B901210AF1FF3AB5F91E3068
S21400EC405FFA8AFA01FA0AF146EA47020093C9B265
S21400EC504346204618F022FD204619F013FB830891
S21400EC6003F548724308B2FBF3F36B83204619F0B2
S21400EC704CFAC30411D5204647EA460703F004FBC6
S21400EC80CDF808800197B5F91E3080B200930023B6
S21400EC9094F830111A4618F004F8484604B0BDE857
S21400ECA0F04721F094BA204619F012FB04B0BDE8F4
S21400ECB0F08700BF332900205C1800202DE9F04FB4
S21400ECC089B09A46129B894616460693139D80463F
S21400ECD0FFF7FEFE044621F07FFA4D4B05901A78AA
S21400ECE04C4B207E1B68494633F9123000F0010079
S21400ECF00793FFF75BFE09F1FF32D2B2BAF90010B4
S21400ED0002EB420204EB420461800021074640F217
S21400ED10F640B4F904B02970B6F90010079B81429A
S21400ED2048D10123A7EB0B02A780AAF80070328017
S21400ED302B70404619F0FDF9012207464946364831
S21400ED4017F070FB7BB28342D8BF0027069BC4BF78
S21400ED503F1AFFB21F70B6F900302BB3404619F0C9
S21400ED60D4F9C30416D5404603F08EFA2B78B6F9CC
S21400ED70002049460292C3F340025B0003F0020300
S21400ED8013430193BAF9003080B2009300231A4669
S21400ED9017F087FFB6F9003033B198F830314B459D
S21400EDA004BFA388A8F83231059809B0BDE8F04F33
S21400EDB021F00DBA69B99B45AAF800B0DEBF2B78E2
S21400EDC043F002032B705F45B3DC2B7843F001035E
S21400EDD0AEE758460793FFF797FD079B9842DBBFC1
S21400EDE0A3802B78A08043F00203D8BF2B70B4F921
S21400EDF00430BB42A1BFA7802B7843F001032B70E1
S21400EE00B4F90430AAF80030A3EB0B03338090E784
S21400EE10332900205C1800202A29002038B5002558
S21400EE20094C0A4B20681D7010B116F090FC256046
S21400EE30074C206818B116F08AFC002323600022D5
S21400EE40044B1A7038BD00BF601800203629002019
S21400EE505C1800203529002070B50546002845D0EE
S21400EE6003F054FC002843D1234B1A789ABB2C7A23
S21400EE700F2C84BF01221A7014F00F042FD003F059
S21400EE803FFC064600F0E8FB044640BB2B681B48E8
S21400EE9003606B6843602B7A037217F0E8FAE8B9F0
S21400EEA04FF60542164B588030461A80FFF760FD35
S21400EEB00446A0B9FFF760FE044680B9FFF7B0FD30
S21400EEC0044660B918F0A6F84FF4005005F06CF848
S21400EED001220C4B1A700024204670BD21244FF4EA
S21400EEE0005005F067F8FFF799FFF5E72124F3E7F0
S21400EEF041F20C04F0E700BF292900202A2900204F
S21400EF007424002036290020064A08B592688242FA
S21400EF1007D0427922F0030242F0030242710BF05E
S21400EF20FBF808BD6418002010B5064C204616F005
S21400EF309AF8201D16F097F804F10800BDE8104076
S21400EF4016F091B86418002010B5022016F056FA94
S21400EF50034C6060022016F051FAA06010BD00BF9E
S21400EF606418002008B5FFF7DFFF0022024BDA60C6
S21400EF70BDE80840FFF7E8BF64180020014B58685A
S21400EF80704700BF64180020014B9868704700BFA8
S21400EF906418002038B5104DEB681BB1EB68984735
S21400EFA00023EB602B688BB10B4816F07AF804460A
S21400EFB060B12B681BB14FF000400BF053F82046B1
S21400EFC016F096FE18B1204616F094FE38BD204680
S21400EFD01AF007FDFAE700BF6418002010B5084CC9
S21400EFE0E0604FF000400BF03DF800BF00BF00BFF0
S21400EFF000BFE3681BB1E36898470023E36010BDD9
S21400F0006418002038B58379044603445B7B13F00C
S21400F010300F437923F0030308BF43F00103437125
S21400F02021F0DAF805462146054816F00AF94FF0B1
S21400F03000400BF017F82846BDE8384021F0C7B866
S21400F040641800202DE9F041244E00217468FE204B
S21400F050A57902F08DFC074600F044FC50B141F261
S21400F0600C00C2B20023B06842F20501BDE8F041D0
S21400F07017F04DBD00F076FC0028F0D10C352C447E
S21400F080237AE51C9B09022BE9D0012B18D9237A99
S21400F090A11C03F03F02073443F0C00311F8010F30
S21400F0A08C4242EA000203EA0003F7D1002AD6D0D7
S21400F0B0FF2BD4D057B9284619F02BFE0020D0E7F6
S21400F0C0294619F039FE0028E1D0C8E72946384617
S21400F0D018F039FE0028EED0C3E700BF6418002001
S21400F0E0F0B5184E85B07568AB790C331D4404F046
S21400F0F0FBFFB5F80920B5F807108A421FD8032A87
S21400F1001DD903291BD96F79CFB1C04360F0050024
S21400F11010EA070413D1EB78A879CDE901742C79AD
S21400F120009400F097FB00280CBF0C22002242F24D
S21400F1304101B06805B0BDE8F04017F039BD1122B6
S21400F140F5E700BF6418002010B50D4C626893798F
S21400F1500C331A441179D078003918BF01210038D1
S21400F160B2F8073018BF0120B2F8052000F0A0FE64
S21400F17042F242010246A068BDE8104017F018BDF2
S21400F1806418002010B5084C6068837918440F3066
S21400F19019F0A3FD0023A0681A46BDE810404FF6FC
S21400F1A0284117F0B4BC00BF64180020242816D8E5
S21400F1B00F2805D802280CD8B0FA80F0400970470E
S21400F1C0084B103880B2C34003F0010383F00100FF
S21400F1D070470538012894BF0020012070470120A1
S21400F1E0704700BF2D2011002DE9F04F95B0FFF7B6
S21400F1F0C5FE42F23603867905460C3630F80680A0
S21400F200841998450ED1FFF7B9FE022115F0FBFED2
S21400F2107F22A3780233A370AA55002320222377E7
S21400F220627063770121E07802F0A2FB00230546B6
S21400F230ADF84630002800F0C080CDE91233E288F1
S21400F240237AADF848208DF84A30B4F80920E37ADE
S21400F250ADF84C208DF84E30A288E37802F01C0101
S21400F260FE2B4FF6FF7308BF4FF480431C2922D0B5
S21400F270DDE91201884203D81F2801D999421AD91C
S21400F28041F21105FFF780FE0446EAB2012341462B
S21400F29017F03DFCA3791C44BDF94630002BB4BFE3
S21400F2A06FF00402052213440A2293FBF2F3A374C0
S21400F2B015B0BDE8F08FD306E67D677E19D5012E22
S21400F2C014D1237B013B062BDAD8E07816F04FFEEC
S21400F2D018B1A088FFF76AFF40B1394B277F1B782B
S21400F2E023B3042F02D8637F042B24D941F21205DE
S21400F2F0C8E706F0FD03012BC2D17B1EDBB2022B52
S21400F300BED8237B013B062BBAD804F0EDFE032EB5
S21400F31008BF04260640F6B2002EB1D0032F08BF61
S21400F32004273840C0B20028CFD1A9E7002FA7D1C4
S21400F330637F002BA4D1E07D94F91630032808BF24
S21400F34004207F2B08BFC823667B94F81DB018BF27
S21400F35003EB83030E96A67B18BF5B00E188B4F828
S21400F360092094F80CE094F8159094F818A00F96DD
S21400F370ADF84630667EA388CDE90B7BE77E032E8C
S21400F38008BF0426003F18BF01270A9704F10F0C98
S21400F390A47ECDE9060A0DF14600CDE904900F984B
S21400F3A0DBB201900E98CDE9086400902846CDE9BE
S21400F3B002CE18F0FEFA054664E741F2070561E75B
S21400F3C037290020F8B507460D4616461C4623B9D1
S21400F3D0012016F013F80446C8B106220C21204678
S21400F3E017F0B7FB691EC9B2032988BF0022A379AC
S21400F3F098BF074A03F10C0398BF525C234420468B
S21400F4009F80DE70DA719A71FFF77EFD0120F8BDED
S21400F410F2310300F8B5FFF7B1FD83791844B0F870
S21400F4200F60B0B202F01CFF0446C0B119F028F914
S21400F4300138C0B2032814D800270B4B1C5CFFF71A
S21400F440A3FD054604233A4642F2300117F05FFB5F
S21400F450AB790C33E818C68004724472F8BD0227F4
S21400F460EDE700242746EAE7F23103002DE9F041F4
S21400F4701D46134307460C461646BDF8188006D1AF
S21400F4802046BDE8F0411A46194617F072BE4146BE
S21400F49020461AF0BCFB78B12146384618F02CFE00
S21400F4A040238674C5742146069338464346BDE815
S21400F4B0F041024A1AF0D1BBBDE8F0815172020059
S21400F4C0F7B504460D4619F0D8F806462021204622
S21400F4D018F023FE204617F01EFE3278C2F3030310
S21400F4E003EA1213184017F00DFE064620461AF0DF
S21400F4F053FC0746A8B936B1204619F0C1F804F007
S21400F50005F8B0420FD1204619F0BAF803F0FEFF16
S21400F5102B4601463A46204617F02BFE002003B045
S21400F520F0BD2327EFE73946204618F005FF1621E1
S21400F53028461AF046FB284605F0DCFA29464670AF
S21400F540867020461AF03BFB0321204618F02BFE5F
S21400F55040220346009221460120024A1AF07DFB13
S21400F560DCE700BF0572020010B50446002015F067
S21400F57045FF014610B90723184610BD204605F082
S21400F580E9FD03460028F7D115F038FF01460028AC
S21400F590F1D02046BDE81040014A1AF042BC00BF38
S21400F5A0C1F40000F7B50E46054619F066F8B379C3
S21400F5B00C3333445F789B781F400378C3F3030013
S21400F5C000EA1310384017F09DFD044668B9284637
S21400F5D017F0A1FD384017F095FD044628B92846D7
S21400F5E019F04EF803F092FF04462846002118F062
S21400F5F0A3FE172130461AF0E4FA304605F07AFAF0
S21400F60031464470847028461AF0D9FA03212846F9
S21400F61018F0C9FD40220346009229460020024AFF
S21400F6201AF01BFB03B0F0BD0572020037B50446A6
S21400F6301AF0C5FA0321204618F0B5FD002503464A
S21400F64021460120034A00951AF007FB284603B01E
S21400F65030BD00BF0174020010B5074C074A2046B3
S21400F66007491AF049FC204605F0CCF9002006218F
S21400F67004F0B2FC002010BD741800204374020091
S21400F6806D7402002DE9F04788462121044617468E
S21400F690994619F0CCF988B3204618F03CFD10F4D2
S21400F6A0103F2ED1022015F0A9FE054658B34FF0A4
S21400F6B00A0A23211AF085FA284605F01BFA0123C8
S21400F6C097FBFAF708F1FF329340437006468770BF
S21400F6D04846FEF705FC90FBFAF04FF48041F070C8
S21400F6E0204618F01AFD4146204616F07FFF2946B0
S21400F6F02046BDE8F047054A1AF093BB1120BDE846
S21400F700F0872320FBE70720F9E700BF2DF600006F
S21400F71008B581B2074819F0DBFD012001F050FD65
S21400F72030B9054A137D59075CBF43F002031375D1
S21400F73008BD00BF881800208018002001238340E1
S21400F740DB43064901F1240252E8002F1A4001F17A
S21400F750240C4CE800200028F4D1704780180020C4
S21400F7600123074A03FA00F002F1240353E8003F9E
S21400F770034302F1240C4CE800310029F4D1704711
S21400F78080180020044A4FF08040536A43F4002358
S21400F79053620AF067BC00BF8018002008B5FDF76A
S21400F7A07DFF054A516C50640B1A002BBFBFD36B0C
S21400F7B05B1A1B18D36308BD801800204FF0101387
S21400F7C070B51F4C0025A3644FF4E0632046012665
S21400F7D0A4F84C301B4B43F6FF71E3651A4B656289
S21400F7E040F8583F84F8606016F058FA04F07CFC45
S21400F7F04FF48073A4F85230144B84F85600A3617B
S21400F800134BA4F84E601A6884F85150A4F8B860F8
S21400F81084F8B55025751378527829461344334139
S21400F82004F108006375A4F8C050A4F8B65019F0A7
S21400F8304FFD294604F19400BDE8704019F048BD1C
S21400F8408018002055555500D6BE898E2B770200AD
S21400F8509C1A00202DE9F843214C9946636A0F460E
S21400F860DB0715469DF824609DF8288035D468B3DC
S21400F8700120FFF775FF626A9DF8203022F4C072FF
S21400F88042EAC312052E626284F8546007D1FDF77F
S21400F89023FF48B96D00ADB2BD4228BF3D4694F87F
S21400F8A0540017F038FF0646636A84F86060A4F8D0
S21400F8B04870A4F84A5084F84C90B8F1000F09D06C
S21400F8C043F4801301206362BDE8F8830120FFF74C
S21400F8D035FFD0E723F48013F4E70020F4E700BFF9
S21400F8E080180020024B586AC0F38000704700BFA3
S21400F8F08018002010B51A4CFFF7F4FF636A13F067
S21400F900010313D1A8B994F8613094F84D10253B43
S21400F910DBB20133DBB2032B28BF002341FA03F22C
S21400F920D207F6D5253384F8613014E094F85430C5
S21400F93010B194F85520134303F00503052BE2D1CC
S21400F940FDF7CAFE0028DED194F86030012B03D103
S21400F950032384F8603010BD012384F86030D2E7BA
S21400F96080180020024B586A00F00100704700BF64
S21400F9708018002040F271232DE9F0413D4C0E46E0
S21400F980E36018B1237D43F00803237540F2712528
S21400F990FDF784FEB4F84870216C7D436A18121A8D
S21400F9A0A2F59673A7B1AB4212DD8D4210D86FF464
S21400F9B096731A44B2FBF5F2B1FBF5F39A4228BFF0
S21400F9C01A4605FB1211A5F596731B1A21640B4403
S21400F9D040F27120D4E9021CB4F84A20E76BA2F189
S21400F9E004084243974200FB08F814D21CFA81F13F
S21400F9F07EB199420FDA217DD21B41F008012175B4
S21400FA009A42D4BF226123611A48BDE8F04117F03C
S21400FA108FBF4745EDD3237DA2F5E17223F008039F
S21400FA2023752261FFF766FF236C47451D444FF0A0
S21400FA300003114A65602564E3630BD2FFF752FFAB
S21400FA401368A8B1DA79197B637D5B1A93420BDAE7
S21400FA506275D9E7FFF746FF136838B19A791B7BC2
S21400FA60617D0B449342F3DC6375CDE71A78F6E7C5
S21400FA705A78E8E7801800209C1A002038B505461A
S21400FA800D4C80B10320FFF759FE002384F8513057
S21400FA900123A4F84E300420FFF750FEBDE838409E
S21400FAA01020FFF74BBE0520FFF748FE012384F821
S21400FAB0B550A4F8B830EEE780180020284A70B594
S21400FAC0536A0D4629B31C0749D502F1510602F1C7
S21400FAD04E0448B3DA0623D52388012B20D95B08C9
S21400FAE004202380FFF72AFE1020FFF727FE238836
S21400FAF00BB90123238016F020F82388B0FBF3F21D
S21400FB0002FB1300307045B30320BDE87040FFF7DA
S21400FB1015BE990623D502F1B50602F1B804D8E75A
S21400FB200420FFF71DFEDFE7DB0312D52388B2F8BB
S21400FB30521099420DD95B009BB22380B2F8522036
S21400FB401020934228BF13462380FFF7F7FD0420BA
S21400FB50CBE71020FFF704FEF9E70520D5E770BDD8
S21400FB608018002070B58AB005466B46484AAC79C6
S21400FB7010685168127A03C30C3408201A702C449B
S21400FB8004F024FA20B101222846A11D15F047FAF8
S21400FB900021A379CDF821108DF80F30A37AADF8A7
S21400FBA0251003F00F0303F128026A4412F8282CEC
S21400FBB08DF82010ADF81020062B08D8DFE803F0EB
S21400FBC0044F07075F074B000D20FFF7C9FDA37A18
S21400FBD00DF11301C3F380138DF81230E3680DF1B5
S21400FBE01200CDF81330238A09AEADF81730002383
S21400FBF01A4615F0C1FDE3791C218DF819304FF433
S21400FC007F43ADF81A307F238DF81C306379284681
S21400FC108DF81D300023ADF81E30AB7903AC1233DF
S21400FC20AB7115F067FAAB792B440C33224603CA46
S21400FC30B24218605960144603F10803F6D1106802
S21400FC4029461860134815F0FCFA4FF080400AF079
S21400FC5009FA0AB070BD0D20FFF770FDB7E7D4F8BB
S21400FC601230CDF82130E38AADF82530EB79063B2B
S21400FC70EB71A37AC3F3C0138DF82030A7E7064BC9
S21400FC805B6A9B0444BF42F00102ADF810209EE779
S21400FC90F6310300A01800208018002070B5837984
S21400FCA00C33C4182379DA0702D44FF0FF3070BD46
S21400FCB0A37AE27A03F00F05082DF6D8062D01D9AF
S21400FCC02846F4E7911F1F29EFD8012D1FD10C2AD3
S21400FCD0EBD1244E736A13F0060F01D1DB05EFD487
S21400FCE015F059FD20B915F04DFD0028E8D1DCE7E8
S21400FCF0A37A96F84C20C3F3C010B2EBD31FD4D12E
S21400FD0004F1120100F0010019F016F8EDE7042DD9
S21400FD10D6D11449144A486A0240002AC5D0096B55
S21400FD200029CDD08A79C3F380130C3288188A5CF8
S21400FD30B3EBD21F08D015F02EFD0028C0D115F069
S21400FD4016FD0028BCDBB0E704F10C0106220830E3
S21400FD5014F071FC044615F01EFD0028B0D1002CEE
S21400FD60AED0ECE78018002008000400F0B5214C67
S21400FD7087B0A06A00B3E76ABE7902F085FA02236C
S21400FD80FF210C36BA5DCDE90431BD1995F8233054
S21400FD9000215B090393AB8BD20902936B8B80B275
S21400FDA001932B8B009305F1080319F0BFFCA06AA2
S21400FDB002F018FD0023A362E06AFCF793FC002320
S21400FDC0E362636A23F00402DB07626208D594F8F4
S21400FDD05450052D06D1FDF77FFC18B184F860500D
S21400FDE007B0F0BD94F8540017F095FC84F8600056
S21400FDF0F6E700BF8018002013B5154C20F0ECF98C
S21400FE00236A01930023236220F0E1F9019BA3B942
S21400FE10636A1A0406D516F0FAFEA0B1636A23F4E4
S21400FE2000436362636A1B0305D5FFF79FFF636A9F
S21400FE3023F40023636202B010BD01A815F031F967
S21400FE4016F059FFE2E74FF080400AF00BF9E9E7B9
S21400FE508018002038B50E4D044603F0DBFB286BF7
S21400FE6018B1FCF73FFC00232B6300F09BFB09480E
S21400FE7004F0AAFCEB6A0BB1FFF784FC044884F09C
S21400FE80010117F061FDBDE83840034815F0EBB8F6
S21400FE908018002088180020A0180020034B586AFD
S21400FEA010F0050001D1FFF7D5BF7047801800207D
S21400FEB070B53B4C1646636A03F0010270B95AB13E
S21400FEC020F08AF9636A054623F001036362FFF7B0
S21400FED0E5FF284620F07BF9002070BD002AFBD104
S21400FEE09B0704D5236BBBB10120FFF7C7FD94F831
S21400FEF04C3003F0FD03012B16D020F06DF90546BB
S21400FF00C6B10E20FFF72CFCFDF7C8FB42F21073BB
S21400FF1003FB0600606310E0022015F06FFA206312
S21400FF200028E1D10720D8E718F01FFF0028E4D109
S21400FF301220D2E70E20FFF701FC0020FFF710FC8E
S21400FF40636A13F00403C4D140F27122E363B4F889
S21400FF504A30E260023B5343236115F0EEFD032373
S21400FF60B0FBF3F303EB4303C31A253384F8613085
S21400FF70FFF7C0FCFDF792FB60602064B4F8C00099
S21400FF80002808BFF520FFF7C3FB064B04481A6895
S21400FF901378527813445B10637517F0C9FC98E722
S21400FFA0801800209C1A002038B51B4C0546237D7F
S21400FFB023F00803237503F02DFBB4F8C0302BB9EB
S21400FFC0A36813F4601F08BFA4F8C03000211248CD
S21400FFD017F0BAFC114BA361636A5A0406D485F085
S21400FFE001000021BDE83840FFF7C4BC626B6168C1
S21400FFF0521A002AF3DA23F0010343F40043636243
S214010000FFF74CFF4FF080400AF02CF8FFF76AFC30
S2140100100028E4D138BD00BF801800202B770200ED
S21401002008B5FFF75FFCB0B10B4B586A20F004022D
S21401003010F001005A6203D1BDE80840FFF70ABF7D
S21401004003F0E8FA00F0AEFAFFF79CFBBDE80840C3
S2140100500020FFF7A9BF08BD801800202DE9F04F4A
S2140100604FF0000B2E4C89B0E66AA36AB779C4E953
S2140100700ABB0C37F51901936B6A9046824689468E
S2140100800393FDF779FAF35D05F108073946C3F3E3
S214010090C01306A88DF8183015F087FBFF238DF8DE
S2140100A01930636A01A8C3F380230E358DF81A3020
S2140100B0CDE904578DF808B08DF81BA08DF81C907B
S2140100C08DF81D8002F0FCFB3046FCF70BFB636AE3
S2140100D023F02402DB07626205D40120FFF7BAFE93
S2140100E009B0BDE8F08F0F4B94F854501A68052DEF
S2140100F01378527813444FEA630363750AD094F871
S214010100540017F008FB0546012084F86050FFF7FD
S2140101104BFFE5E7FDF7E0FA0028F0D0F4E700BF73
S214010120801800209C1A002037B50546084611465F
S214010130254A526A02F41072B2F5107F04D1022BDE
S21401014040D0032B08BF01230193162300F00102C0
S21401015000932846052317F027FBAC7919F0A2FC7B
S2140101600C342C440321C4F80E0004F1120005F0EF
S214010170C9FABDF8203004F11E002383BDF82430EF
S214010180E38202236375BDF818306383BDF81C3023
S214010190A383FEF70FFB0C22A37CB3FBF2F102FB59
S2140101A0113394F82320053363F3040284F82320E3
S2140101B003F0ECF994F8233060F3471384F8233006
S2140101C003B030BD0023BFE7801800202DE9F041C1
S2140101D0054686B000208846174615F00FF90646F4
S2140101E0002800F0AA80564C0620C4F8288095F80E
S2140101F0018018F0010800F09580FFF7B1FA2A791E
S214010200636A023A012A98BF88F001004FF000089D
S21401021093BF43F4007323F400730020636288BF26
S214010220636215F0C3FA05AB029304AB0193EB8945
S214010230CDE904880093AB89EA8AA98AA06A03F00B
S2140102401DF940F2E242059BCDF80C80B3FBF2F3B8
S2140102509BB202936B8A304601932B8A6A1D0093E8
S214010260A9782B79FFF760FFB379049A33441A63B0
S214010270E6621FF0B1FF06464046FFF7FFFB636AE2
S21401028043F0040363622F4B1A689379D2791344BF
S2140102905B106375ED7884F8555005F00505052D5E
S2140102A043D0284617F037FA0546636A84F860504B
S2140102B013F001022FD1E263002F3BD043F48013E9
S2140102C0B4F8C0006362002808BFF520FFF720FAE3
S2140102D040F27122B4F84A30E2605343A3F5E17369
S2140102E0236115F02AFC0323B0FBF3F303EB43036E
S2140102F0C01A00F1250343F6FF71134884F86130F4
S21401030015F0CCFCFFF7F6FAFDF7C8F9606020643B
S2140103100B4817F00DFB30461FF059FF002006B0C2
S214010320BDE8F081FFF70AFA69E7FDF7D5F900287D
S214010330B7D0BAE723F48013C2E70720EFE700BF80
S214010340801800209C1A0020D818002038B50546D1
S2140103504FF480200C4603F039FE48B140F22E439C
S2140103602046C4E90333BDE83840104901F078B8A7
S2140103700F4B9C4217D1042D14BF28460320FF21A2
S21401038018F081FE42F20F7300F5AF70984298BFE5
S21401039042F21073A4F18C04C4F898008CBFC4F820
S2140103A09C00C4F89C30012038BD00BF80969800A0
S2140103B00C19002038B500230125104CB4F8B610EE
S2140103C004F19400994208BFF521C4F8A43084F8DA
S2140103D0A05018F07DFF284600F0F2FE38B994F8D8
S2140103E0A0305A075CBF43F0020384F8A030012016
S2140103F0BDE838400249FFF7A9BF00BF80180020BA
S2140104000C190020F0B585B06D46274C0646FDF761
S214010410B3F804F158030FCB85E80F0094F8AC301D
S21401042094F8B4200021C8208DF808308DF80920F2
S21401043015F0CFFF0146284615F030FC284618F087
S2140104409EFD15F0B4FB00220146042015F0BAFB10
S2140104507568FDF723F9636A2D1A13F4003F4FF40C
S21401046080200CBF1027112703F0B0FD28B100F043
S2140104708FFEA0F52F7015F0B1FBD4F8BC30706874
S2140104808C2D00EB930194F8A13006DC1A46384611
S21401049018F0DAFD012005B0F0BD0A4601463846DF
S2140104A018F098FDF6E700BF8018002073B5437971
S2140104B001906FF30003437101221C2101A814F07F
S2140104C0DAFF48B1144A01A8536A43F40063536241
S2140104D014F0C9FD02B070BD019A104C537904F1B5
S2140104E0180643F001035371937913440C332546E0
S2140104F003CDB542186059602C4603F10803F6D1C6
S214010500286811461860064814F09BFE4FF080409C
S21401051009F0A8FDDEE700BF80180020E8180020DB
S214010520A018002010B50A4CD4F8A40020B194F805
S2140105308B30012B01D0002010BDFDF7AFF8D4F8A9
S214010540B030181AB0F57A7F94BF0020012010BD94
S2140105508018002010B5124C636A1B051FD50120B8
S21401056014F04CFF28B9BDE810404FF0804009F068
S21401057079BDB4F86C3023F0600343F04003A4F86F
S2140105806C30FFF793FF04F1240353E8003F23F494
S214010590006304F1240141E80032002AF3D110BDC2
S2140105A08018002010B50A4CD4F8A4305BB10121A4
S2140105B004F18C0017F0C8F904F1940004F004F972
S2140105C00023C4F8A430BDE81040FFF7C3BF00BF46
S2140105D08018002010B5044600F020FF844201D1A7
S2140105E0FCF7CAFF084BB3F8B62032B9D3F894200B
S2140105F012F4601F08BFA3F8B620FFF7D3FFBDE8CB
S21401060010400120FFF7D0BC801800202DE9F341EF
S2140106105F4C984605460E461746FDF73FF894F898
S2140106208B30022B05D0D4F88410091AB1F5FA7F65
S21401063049D2A54201D1FFF7B1F8AE61294694F837
S2140106407600FFF783FE06464FF4802003F0BEFCDB
S214010650A8B1B6B100F09CFDA0F52F7015F0BEFA5A
S2140106604C4B4D4A3846CDE90032D4F8843094F8E4
S214010670882094F8761018F0CBFC064601E0002E90
S214010680EED115F094FA00220146042015F09AFAEC
S214010690002003F0E5FAA54209D1D4F8A43033B11D
S2140106A0002104F18C0017F04FF9FFF77BFFD4F817
S2140106B08430C4F8B03094F8883084F8B4303046CA
S2140106C002B0BDE8F081A54216D1D5F8A4309BB1A1
S2140106D0D5F8B0301B1A994207D3FFF75FF801210E
S2140106E0284617F031F90126E9E7002105F18C00CB
S2140106F017F02AF9FFF756FFD4F88430A542C4F85C
S214010700B03094F8883084F8B43001D1FFF746F859
S2140107100121284617F018F92049D4F88430A1F1B0
S2140107203000C4F89030C4F8A46019F0ABF9D4F8DE
S214010730B0201A49D8F80030A1F13000D31A94F845
S214010740BA2004F0A3F815494FF416730122A1F15B
S214010750300019F09DF9637D84F8A130FFF7C2F8E7
S2140107600F4B1B6890B1DB7994F8A1200D49934299
S2140107703CBF02F1FF32D3B294F8760084F8A13080
S214010780FFF7E4FD074817F0D3F8ACE75B78EBE733
S2140107908018002055555500D6BE898E3C1900207C
S2140107A09C1A00200C1900202DE9F04F8D798BB092
S2140107B00C350D44EB7A07910390002B00F0158160
S2140107C017462E7B8B46B20916F03F0618BF6E7B86
S2140107D00292012F05F10E029046049200F0FD816F
S2140107E040F26F81FA1E012A00F2FF80029AB2FAE5
S2140107F082F94FEA5919B9F1000F00F0F6802A7B09
S21401080002F03F029A4280F2F080B44C636A23F40D
S214010810003363622B7BC3F38113013BDBB2012BF5
S21401082047D95846FDF7A6F8DDF81CB09BF806A098
S2140108300AF10C0ADA44002F3FD0042F07D1B4F88E
S2140108406C30580754BF0A230E23A4F86C30F10706
S21401085000F1DE81B20700F1D481730700F19380C5
S214010860300741BF98F8013008F10208C3F30313BB
S21401087084F87730012F40F0C1809AF80C3003F0ED
S214010880C003402B02D0802B40F0B8800023626A60
S214010890B4F86C0022F40032F10620F06000A4F8EF
S2140108A08A30626248BF08F1030880B2A4F86C007F
S2140108B0C6E0012FB5D1AA46C9E7FF207F214FF434
S2140108C07F4E2B7B94F860209B09052A9AF807C077
S2140108D0A4F86C30A4F87A7084F86E0084F8781066
S2140108E0A4F876E000F0F48084F875201BB1636A02
S2140108F043F400336362F20700F1FC80B307ACD522
S21401090094F84C00AA7AB0FA80F35B09B3EBD21FD5
S2140109104AD0003818BF0120414618F00DFA0346A8
S214010920A87A4146C009059314F037FF069014F0E3
S21401093025FF616A069A01F4807C05991346002911
S2140109403DD0AB7ADB09002A00F01F81BCF1000F15
S21401095000F01B81002840F01B81FE2384F87C30C8
S214010960D8F8003008F10608C4F87D30B4F86C30C9
S21401097038F8022C43F00403A4F86C30584B9A80E4
S21401098073077FF56DAF15F012F94FF6FF73CDF8CB
S21401099004B000930146534B94F86E20042008F1EE
S2140109A0010815F0FCF85BE74146D00914F0F5FEA6
S2140109B0059014F0E3FE616A059B01F4807C2BB17F
S2140109C0BCF1000FC6D1002840F0E280D4F8A43074
S2140109D04BB10121444816F0B7FF444803F0F4FE3A
S2140109E00023C4F8A430FFF7B5FD07A814F03BFBBD
S2140109F04FF0000948460BB0BDE8F08F3C4ADAF8E4
S214010A0000300192363A00924146324694F856003A
S214010A1015F0E7FB8044B4F86C0094F88A3020F0B7
S214010A206000626A80B2002B3FF440AF94F88930D0
S214010A3040F02000A4F86C0084F8763084F8AC30DE
S214010A4016F0200A1BBF98F8023098F80310CDF86C
S214010A5014A043EA01231EBFCDF81480A4F87A300F
S214010A6008F11208012F00F09A80069214F093FE06
S214010A70F1060ED4069A80F00100C2F3C01BC3B281
S214010A805A46184994F86E0018F025FB002800F025
S214010A909880042FDDF81CB045D8022F3ED8002FD1
S214010AA041D1029B626A022B00F0FB8194F88B30E5
S214010AB0002B40F04A81BAF1000F40F0A981D146DF
S214010AC037E0029AB2F1030918BF4FF0010992E626
S214010AD0BCF1040F14BF6246032205E7801800200C
S214010AE0FD180020EF1800200C1900201419002012
S214010AF03A190020D5F80E30049AC4F86F3092885F
S214010B00BE4B9A80AB7A13F0400340F02481626AB0
S214010B1022F48052626284F86E307EE094F88B3064
S214010B20002B40F00581BAF1000F40F07181D146EB
S214010B30626A710648BF98F80030CDF820B048BF09
S214010B4084F878302B7B03F03F08D30752D5002F6B
S214010B5040F0A280F0064DD44FF0FF3108A8FCF714
S214010B60D9FE0898FCF706FFAB7908A884F86B3025
S214010B706B7908F10D0184F8793014F07BFB089845
S214010B80002800F05F81C7809DE000283FF4E6AEB4
S214010B9094F84C30002B40F02C810223DEE65307FC
S214010BA03ED4C2F3C01B14F0F6FD80F001035A4692
S214010BB0924994F86E00DBB218F08DFA002840F0E6
S214010BC09A81BBF1000F00F0CB80BAF1000F40F024
S214010BD04A814FF0000907A80DE0894AB2F86C90E7
S214010BE0029A09F00309A9EB0209B9FA89F94FEA51
S214010BF0591900E608A814F036FA48460BB0BDE8C5
S214010C00F08FBB1E022B3FF67BAE08F1060824E6EA
S214010C1094F86E30FF2B3FF46DAF05F1140819E61A
S214010C20029BD807BDD5DDF81CB00297C2F300338E
S214010C3094F87620012100920020704A02F0B4FD5B
S214010C4081465846FCF796FEB9F1000F40F0368112
S214010C50BAF1000F40F0BD80029B002B00F000812E
S214010C60D4F824A014F097FD034683F00103CAF3D9
S214010C70C012624994F86E00DBB20AF0800A18F0DE
S214010C802AFA00285ED1BAF1000FA4D1514614F019
S214010C908AFD002856D09EE74FF0FF3108A8FCF7E2
S214010CA039FE0898FCF766FEAB7908A884F86B3025
S214010CB06B7908F10D0184F8793014F0DBFA0898A5
S214010CC0002800F0BF80B4F86C30099003F0600390
S214010CD0202B636A4FF001020CBF43F4006323F438
S214010CE00063636243791C216FF30003437109A813
S214010CF014F0C1FB002840F0CE80099E414C737968
S214010D00B57943F00103737135440FCCE86029616E
S214010D106A61AB6107CCE8612962A4F164003146DF
S214010D206A6214F08EFA4FF0804009F09BF961E692
S214010D302B46002203983449FFF768FC8146BAF136
S214010D40000F67D1DDF81CB0F2E62B4603982F4959
S214010D50C2F34042F0E7626A012342F48052D9E6C8
S214010D605946584614F01FFD00287FF42EAF042F75
S214010D70DDF81CB03FF6D7AE022F3FF6CFAE002F00
S214010D803FF48FAE012F7FF4CEAE626A029B51070D
S214010D9000F18F80012B04D902F00303032B00F02E
S214010DA0958094F88B30002B54D02B460398164927
S214010DB0C2F34042FFF72AFC034658469B46FCF71F
S214010DC0D9FDBBF1000F48D0BAF1000FBAD000230D
S214010DD0029394F87720094994F86E00D5F800B08C
S214010DE015F08EFE002840F08D80029B002BA9D0C6
S214010DF036E7012B08BF0323B0E500BFEF1800203C
S214010E0080180020E818002069780200290F0100E8
S214010E104FF0000994F87720414994F86E00D5F810
S214010E2000A015F06DFE00288CD005F10C0094F89A
S214010E3076B015F06AFE51460346059A584615F0F7
S214010E4061FE7FE7012014F0D9FA089000283FF4EC
S214010E50D1AD38E75846FCF78DFDBAF1000F4DD1FC
S214010E604FF000096EE794F877202D4994F86E004C
S214010E702E6815F045FE00283FF4ABAE05F10C00D8
S214010E8094F8764015F041FE31460346059A204611
S214010E9015F038FE9DE6636A09A843F400636362B1
S214010EA0A9E690073FF502AEBAF1000F3FF407AE90
S214010EB0AEE7DB07CED500230293B7E659460020FE
S214010EC002F05AFCBAF1000F8FD082E7584616F0AE
S214010ED05BFD08B9626A64E7A97A0498C1F38011D8
S214010EE002F00CFC0028B5D00E4B039A58469361CD
S214010EF0FCF740FD68E7DDF81CB046E7002399469D
S214010F00029366E705F10C0094F876A015F0FDFD56
S214010F1059460346059A504615F0F4FD65E700BFAD
S214010F20EF1800208D780200532810B50C4610D01B
S214010F3006D8512817D02146BDE8104016F05EBCF1
S214010F40A0F15503012BF6D82046BDE81040FFF767
S214010F5041BB0022064B0120A3F88A2016F069FC4B
S214010F600028F1D010BDBDE8104002F0EDBB00BF77
S214010F708018002053282DE9F74F0C4615D007D8C6
S214010F80512878D0214603B0BDE8F04F16F036BCA4
S214010F90A0F15503012BF5D8A0F1560358424FF0A6
S214010FA000015841FEF78AFD2FE04FF0000901A825
S214010FB04FF0FF31CDF80490FCF7ACFC0198DFF858
S214010FC0D88048B1FCF7D6FC0198FEF767FE0828E2
S214010FD021D001A814F047F800F020FA844201D18C
S214010FE0FCF7CAFA0021204616F0AEFCFFF7DAFA43
S214010FF0D8F824305A0703D500210846FEF75EFDCF
S214011000D8F8243013F0050F40D0204603B0BDE8D1
S214011010F04FFFF7DFBA019DD8F82C70AB79BE7997
S2140110200C331D4414F0A6FBE8B114F0A0FB002815
S21401103019DB0C36B85D07EB060B0BF1080A4A46BE
S2140110405146C00914F0ABFB68B1D5F80E30CBF8A9
S21401105008306B8AABF80C30AB7ABA5DC3F38013F9
S21401106063F3C712BA55002295F9051098F8760071
S214011070FEF7F4FFADE7074B11201B685978FCF724
S21401108059F8054A536A43F02003536203B0BDE89A
S214011090F08F00BF9C1A00208018002010B5074C66
S2140110A02368DA0607D523F01003236018B9022057
S2140110B0A16814F067FD0023A36010BD4419002049
S2140110C0F8B500230360037D04469D070CD550F850
S2140110D0081FC90C01F4FC7141F0050103F022FB65
S2140110E0237D23F002032375A06816F0F4FB237D0D
S2140110F00546180703D5FCF7D1FA28446060194F56
S21401110062683E4656F8041FAD1A79B9216034600C
S214011110BB68E3B1607D597D884219D2217D0907FC
S2140111200FD5BDE8F8400020FFF7B8BF886816F075
S214011130D2FB4B682B441B1A002BE7DA0E460968D4
S214011140E3E759681B690B449B1A002BE9DAF8BDE3
S214011150D3E9011016F0BFFBE3681A44521AC242E3
S214011160F5D5DEE744190020014610B504460320F4
S21401117014F008FD054B1B68D90305D4237D5A07D7
S2140111805CBF43F00203237510BD00BF4419002065
S214011190014BD868DC38704744190020034B10B562
S2140111A0DC68FCF77BFADC3C201A10BD44190020F1
S2140111B018220021014813F068BA00BF4419002024
S2140111C0034B1B6813EA004314BF0120002070473D
S2140111D04419002030B5C0B14268B2B1104C25693F
S2140111E02B469BB945B1AB68CB1A41BF5B42B3FBFB
S2140111F0F2F303FB022289180A4A816013684BB98D
S21401120003601060237D0133237530BD8342FCD01B
S2140112101B68E6E79D686D1A002DF1DA1A46EDE7C0
S214011220441900205419002040B1436833B1084BDB
S2140112301A7D013A1A7553F8102F02B97047904279
S214011240116801D11960704713460A46F5E700BFD9
S2140112504419002038B50446084D0846AB68A34239
S21401126001D1FFF71BFF6B68054A1BB1A342196842
S21401127001D1116038BD1A460B46F6E74419002025
S214011280481900202DE9F3475E4D2B685A0700F1F7
S2140112908680AB68002B40F0828055E8003F43F023
S2140112A0040345E80032002AF7D16C689CB1FCF7CC
S2140112B0F5F901AA01462046276916F014FB08B97C
S2140112C020461EE0019B2668FF1AA6B96368DC3734
S2140112D01F44C5E9024755E8003F23F0040345E8EB
S2140112E00032002AF7D1AC68002C4CD102B0BDE820
S2140112F0F047FCF7D9B9304601AA16F0F4FA18B946
S2140113003046FFF731FFD0E7D6E901A016F0E3FA41
S214011310337DAAEB0000DB0705D4019A33699B1ADB
S214011320F2689B1A18446268D3191B1A002B26DD33
S2140113309F4204D9E368801ADC3383421ED994F8AD
S214011340149019F0010F0FD1A06816F0C4FA2369A2
S214011350D6F80C801A44A2EB0A02E368A2EB080254
S214011360121ADC339A420CDC727D637D9A4206D2F5
S21401137019F0080FA4D0F768344600E0074636682F
S214011380A3E74746F8E7A36813F4601F0AD121468E
S2140113902B6843F010032B60012014F0F3FB02B01E
S2140113A0BDE8F08704F10806304603F0C9F92B685A
S2140113B0214643F010032B600028EDD1012014F0E4
S2140113C0E1FBA36813F4601F4FEAD341C3F3C244A1
S2140113D00ED0013CE4B201F4FC713046214303F027
S2140113E0A1F90321304603F009FA002CD7D103E016
S2140113F00321304603F002FA304602B0BDE8F0475A
S21401140003F0E2B94419002008B5034B996809B105
S21401141014F0B8FB08BD00BF44190020014B9868C2
S214011420704700BF441900200C4B70B59C6884427D
S21401143012D12146022014F0A5FBD4E9016016F072
S2140114404AFA0546FCF72AF9801BE84221464CBFBA
S2140114500120032014F096FB70BD00BF4419002044
S21401146002462DE9F84F002855D02C4ED0F80C80B6
S214011470B76805698742046808EB01090D441DD069
S2140114806FF0DB0A746854B99742C2E9039503D139
S2140114907B68DC332B44F3600120BDE8F88FA0683D
S2140114A016F019FA844653686068AAEB03030344EE
S2140114B0A3EB0C03002B03DA2468E4E7002CE3D04B
S2140114C06FF0DB0BD2F804A0ABEB0A0BA06816F0AA
S2140114D002FA63685B44181A814515D394F815C05F
S2140114E0537D9C4502D92468002CEFD10C4B9942C0
S2140114F011D180450FD89742C2E90300CCD10AF139
S214011500DC0A5044F060C7E7C2F80C908542D4BFAD
S21401151015611061C0E70020BFE700BF4419002035
S21401152080969800114B70B59D682E692C681CB981
S2140115306A6864B9B01870BD627D6B7D9A42F7D94E
S214011540204616F01DFA0028F2D12468EFE7A068BD
S21401155016F0C1F96FF0DB0361689B1A0B44296929
S2140115601B1A8B42D4BFD0185018E4E74419002048
S214011570884270B505460E46144621D0164B1B69A7
S2140115800BB35B68B3FBF2F302FB03F085420CD8A6
S214011590814215D2B0FBF5F5B0FBF5F0B04228BF9D
S2140115A03046B0FBF4F060430AE0B5FBF0F3DBB283
S2140115B000FB03F2954204D89642304628BF1046F7
S2140115C070BD0133F3E714F064FB731BB0FBF3F259
S2140115D002FB13002844E1E744190020542310B508
S2140115E004680A490D20B4FBF3F4FBF755FA00230F
S2140115F0A2B251211846FBF7F5F9044618B9FBF7D4
S2140116003BF8204610BD1924FBE700BF31CB000094
S214011610014B1878704700BF38290020437E0F4AD7
S2140116201B01DBB282F81F3382F8203382F82233A3
S21401163082F8213382F8233382F8243382F8253363
S21401164082F8263382F82A3382F82733037F23B9B8
S214011650037E1B01DBB282F8223C704700E100E00A
S21401166037B5054602F0C4FC044698B92846FFF78C
S214011670D5FFAB8A0DF10601ADF80430EB8A01A85F
S214011680ADF8063016F084F90122034B1A70204695
S21401169003B030BD0224FAE738290020902238B57D
S2140116A00546164B00211C682D0202FB004420460D
S2140116B012F0EBFF124B45F001051B6804F1080020
S2140116C0DB7800216375E58217F002FE4FF00823F0
S2140116D0E3641323A4F850304FF60773A4F8583088
S2140116E0FF23084A84F85A30074B2046C4E91B32C8
S2140116F0C4E91F32BDE8384016F0DEBB2C1A0020C4
S2140117009C1A002055555500D6BE898E034B1B6882
S214011710C01A034B00115843C0B270472C1A002060
S214011720398EE3382DE9F0411E46836904460F469B
S21401173015468BB169B91EF04FFD05463946A06CBA
S21401174014F03EFB2046394616F048FB28461EF0AC
S2140117503EFD0020BDE8F0810029FAD0B0F85030F7
S214011760DA0640F18380B4F85030DB0700F18A8056
S214011770204616F052FB0028ECD1B4F85030D906BA
S21401178000F18D80D4E90A12204600F0E7FA012E16
S21401179011D040F27123B4F84C205A4390420AD932
S2140117A0B4F84E205A4390427BD800F51C70B0FB2B
S2140117B0F3F0A4F84C003C4BE268A36122610023DD
S2140117C0B4F8502084F8573012F0100F0CBF4FF4C5
S2140117D08C778C27236A84F8566023F480732362FF
S2140117E007F2631755B140F27121B4F84E2043F465
S2140117F08073C2EB05124A4323626262236A04F1D4
S214011800080843F400632362284B1B68DB78637582
S2140118101EF0E2FC237D064643F0080340463946A7
S214011820237517F055FD0120FFF7CAFC28B9237D63
S2140118305A075CBF43F002032375A1684046C1F313
S214011840C84141F0900102F06DFF25B1FBF726FF7C
S214011850636A03446362204616F06AF830461EF057
S214011860B6FC0121A06C14F0ABFA72E798077FF57D
S2140118707AAFE06A13F083FC00287FF474AF41F27C
S2140118800C0067E7E36B002B7FF472AF00F056FFA6
S214011890E06300287FF46CAF41F209005AE7044B7D
S2140118A08AE741F2450055E7195F02009C1A0020BD
S2140118B0E91D010070B500249026094D2B79A3423D
S2140118C000DC70BD286806FB040090F85930FF2B39
S2140118D004D000231A461946FFF724FF0134EDE72A
S2140118E02C1A002038B50446002839D0083002F0FA
S2140118F06BFF0025FF2304F1280084F85930A56109
S21401190013F0B1FB04F12C0013F0ADFB04F1300031
S21401191013F0A9FB04F1340013F0A5FB04F1400019
S21401192013F0A1FB104B1868104B201A00115843F6
S214011930C0B214F03EF90146284614F033F9E06BC4
S21401194010B100F04FFFE563606C18B114F0CCF9EC
S21401195000236364A06C14F03DFA0020A06438BD37
S21401196041F24200FBE700BF2C1A0020398EE33813
S214011970F0B5104B02461E6893F804C035464FF08A
S214011980FF3400239C4508DC91B1631C10D09023E2
S21401199003FB046080F85920F0BD95F8597028467D
S2140119A09742F9D0FF2F08BF1C4690350133E9E76F
S2140119B00020F1E72C1A0020014B9868704700BF01
S2140119C02C1A002070B500249026064D2B79A342D0
S2140119D001DC002070BD286806FB0400FFF782FFCB
S2140119E00134F3E72C1A002038B50A4DFFF7EAFF59
S2140119F0AB6813B100221A60DA8015F0A0F9002452
S214011A002B79A34200DC38BD2046FFF747FE0134A0
S214011A10F6E700BF2C1A0020F8B5054600249027EB
S214011A20074E3279E3B29A4201D80020F8BD3068F9
S214011A30297807FB030016F09FF90134F1E700BF90
S214011A402C1A002070B5344C0546A06818B1FAF778
S214011A5049FE0023A360E06818B1FAF743FE0023AD
S214011A60E360FFF7C1FF002014F0A7F855B9032083
S214011A70257125606583FAF7F9FF207914F09DF842
S214011A8028B970BD022013F0B9FCA06088B9002502
S214011A90A06825712560002839D1E06818B1FAF7E9
S214011AA021FE0023E360002014F087F841F20700CE
S214011AB0E7E7022013F0A2FCE0600028E7D000264A
S214011AC00320257126606683FAF7D0FFB542D4DD80
S214011AD005EBC501090133460122032089B2FAF755
S214011AE081FF06460028D2D10320FAF7E1FF2060E5
S214011AF00028CCD0902231466A4312F0C6FD2379E5
S214011B00B342BADD3046FFF7C9FD0136F7E7FAF70B
S214011B10E9FDA560C1E700BF2C1A00202DE9F041C0
S214011B200025354E8AB03379AB4203DC01200AB07A
S214011B30BDE8F0819023346803FB054494F85930DE
S214011B40FF2B0DD0236A980306D504F140084046C2
S214011B5013F00DFB074628B9226A12F4A02F1ED1F6
S214011B600135E0E7BB7908A90C333B44D8689A7A7B
S214011B701B8AC2F38012ADF8243000238DF81F2093
S214011B8008901A460DF11F0013F0F6FD38469DF831
S214011B901F2094F8591008AB15F046F8D7E7B4F8AB
S214011BA0503003F01D031D2B16D13C23FF210020CE
S214011BB0CDE90431CDE902000121CDE9000004F1AF
S214011BC06203C2F3800217F0B1FD0028AFD0236A8A
S214011BD023F4A0232362C3E712F4803F08BF3C210D
S214011BE04FF0000218BF432194F8573094F859007B
S214011BF015F07AF9E9E700BF2C1A00202DE9F04329
S214011C0004468F798BB00C370DF10409CD190122EA
S214011C100E460DF10300494613F0C3FDE36B804603
S214011C2003930023E363B4F85030E879C3F3001359
S214011C308DF825302989F75917F025FA204B0744E6
S214011C401B6805975B7905F11802637501230692F7
S214011C508DF8103005F10C03B8F1000F24D09DF873
S214011C600330CDF81C908DF820309DF8252094F88F
S214011C7059308DF821300123DAB98DF8223094F8E5
S214011C8084308DF823306B7903A88DF8243000F06A
S214011C9017FE0121204616F0A1F83046FAF722FD7C
S214011CA001200BB0BDE8F0830793AB7AC3F3801332
S214011CB0D9E7AA7AC2F340128DF82220E1E700BFE5
S214011CC09C1A0020F7B5044613F037FFC0F30F2324
S214011CD0542B3ED9AA2B34BF01230223C0B27E283F
S214011CE08CBF0222012203218DF804301344B3FB7A
S214011CF0F1F000EB40001B1A8DF805301344B3FBDE
S214011D00F1F202EB42029B1A8DF8063000231846C8
S214011D101D461A46104901AF4B7617F8016B44FA77
S214011D2006FC1CF0010F06D053009E4001233043F1
S214011D300132C0B2D2B20135EDB2032DEDD103B1FD
S214011D4048764B7E43EA82134B76FF230B7603B02D
S214011D50F0BD0023C2E700BF2C1A0020F7B50546E8
S214011D606B461646174A0C461068516803C395F829
S214011D70583008336B4413F8087CB5F85030DA064F
S214011D8009D4334622463946284614F027F800F58A
S214011D90FA7003B0F0BD204613F0F1F9B5F85030F3
S214011DA000F10A049B074FEAC40405D0304613F03D
S214011DB0E6F904F50C740444E823781E584304FB42
S214011DC00700E4E700320300064B1B68D97ADA788D
S214011DD0437D5B1A9342A8BFDAB20021427516F022
S214011DE0BAB800BF9C1A00202DE9F04F03280C4614
S214011DF087B000F0668107D8012820D0022800F0BD
S214011E004E8107B0BDE8F08F312800F04F813228AF
S214011E10F7D1002305A80593FBF758FB0028F0D15E
S214011E2005998B790B449B7D03F00F03032B00F080
S214011E306381052BE5D12046FFF7E0FEE1E7B1F827
S214011E405020B24BD0071D68C2F340034FEA83030C
S214011E5048BF43F008032B81510742BF2B8943F04B
S214011E6010032B81236ADA0642BF2A8942F0200238
S214011E702A815F0742BF2A8942F040022A819E06D4
S214011E8042BF2A8942F080022A81580642BF2B8926
S214011E9043F480732B812B89590701D41A0702D585
S214011EA043F400732B81D4F8623004F16201AB6114
S214011EB0B4F866302046AB83039116F01AF816F094
S214011EC0C1FF0022DFF84C82D8F80830DA80A06A19
S214011ED013F055F90622D8F808608246B7790399B7
S214011EE00C37F35D06EB070903F04F03F355B4F81F
S214011EF050305FFA80FB103B89F801200D2B31D85A
S214011F00DFE803F0CA30C607300C303030303030EE
S214011F10300CF35D6FF30303F35523E00123F25D09
S214011F20206A63F30302F2550C2210F0080F89F8B9
S214011F30012009F108020CD001924FF0FF32C0F3E4
S214011F40800000921A4613F022FCF35D43F08003F2
S214011F50E2E7D4F86230C9F808308B889380236AA8
S214011F605907F2D4B4F85020F35D204662F34513C6
S214011F70F35509F1020114F06EF9F35D60F386136F
S214011F80F355B37999F8012002331344F371B4F889
S214011F90503003F01403142B05D0BBF1000F02D010
S214011FA0524489F8012000235A46A16AD8F808004D
S214011FB013F022FBD8F8080016F049FF2B89286198
S214011FC05A0738D54FF0000BD8F80C30A3F806B0F6
S214011FD0E06A13F0D4F8D8F80C608146B779204649
S214011FE00C37F35D06EB070A03F0400343F00403E6
S214011FF0F35506230AF102018AF8013014F02BF991
S214012000F35D5FFA89F260F38613F355B1799AF8B6
S214012010013002311944F17109F10603E16A8AF8C7
S2140120200130D8F80C005B4613F0E6FAD8F80C003D
S21401203016F00DFF686140F27121B4F84C30B4F827
S2140120404E2094F85800D21AE36803F59C530833DF
S21401205001FB02332361FFF735FE98F819302B7325
S21401206000236B7394F87430EB726368B4F97800EC
S2140120702B60FBF789FE2120237D1B0742BF2B899E
S21401208043F001032B8107B0BDE8F04F01F072BEAB
S214012090F35D62F303033FE70222F35DF9E7FFF71F
S2140120A0BDF984427FF4ADAE2220ECE70B7D23F030
S2140120B008030B75154B1B689B7B43B1012B7FF403
S2140120C0A0AE204607B0BDE8F04FFFF77DBE104B2F
S2140120D0497D1A68D37A92780B449342D8BFDAB214
S2140120E0A3696275002B3FF48CAE0121204607B030
S2140120F0BDE8F04F15F02FBF04F1400013F0A1F832
S2140121004FF40031204615F01FFF7AE6E01A002052
S2140121109C1A00202C1A002038B50446D0F8A400DA
S214012120D0B194F8305112F0D6FF81B2063128466C
S21401213016F0A9FF83B240F271200849B4F87C205A
S214012140098C424341438A42B8BF0A4603F54870A8
S2140121509042B8BF104638BD0346ECE7481A002047
S21401216030B5174B826A1B68D206597926D5828FFD
S2140121701C79836B1203B2FBF3F2631AB2FBF3F220
S214012180B0F8A03003B1013BD0F8A45005B15B1004
S2140121901B02B3FBF2F35B180CD090F899200F2AC0
S2140121A008D91209B3EB820FB8BF00234FEA8201A8
S2140121B0A8BF5B1A9C42A8BF1C46E1B2417530BD60
S2140121C09C1A002010B50446FFF728F9A0420AD150
S2140121D0054B1B6893F8203080F83430BDE810407A
S2140121E0222001F0C7BD10BDE01A00202DE9F04104
S2140121F01A4C06462368A3B92EB100254FF4A478DD
S214012200EFB2B74211DB0020BDE8F081206801354E
S21401221007FB030013F0BDFCA27BEBB29A42F5D894
S214012220EAE700254FF4A477F6E72068013508FBB6
S214012230070013F0ACFC0028E2D000254FF4A4768A
S21401224005E0206806FB050013F0A3FC0135EBB2A0
S214012250BB42F6D341F20700D6E700BF481A00207A
S214012260084B9A7B82420AD94FF4A4721B6802FB80
S2140122700030836A13F0040F08BF00207047002067
S214012280704700BF481A0020084A09491368C31A54
S214012290D810002B01FB00F005DB937B8342D8BFEF
S2140122A04FF0FF3070474FF0FF307047481A00205C
S2140122B0199C8FC170B504460E461DF08DFF05466C
S2140122C004F1300252E8003F334342E8003100296E
S2140122D0F8D12046FFF7D8FF01230B4A03FA00F096
S2140122E002F11C0353E8003F034302F11C0444E8D7
S2140122F000310029F4D14FF4807007F0B3FE284670
S214012300BDE870401DF063BF481A002070B5054651
S2140123100C46C2B90126204615F0ADFEB5F84010B0
S214012320441C284617F045FD14FB06F40028A4B209
S21401233007DD844205DB01280EBF044600F1FF30AD
S21401234084B2204670BD836ADE07E3D5C28F002AB9
S214012350E0D0D906DED5DA05DCD4D0F8A430002BDF
S214012360D8D10C4B1B6893F8213013F00C0FD1D148
S21401237003F01202122ACDD15B06CBD5FFF784FFFC
S21401238080B215F07AFE0028C4D1EE8F0136B6B2BF
S214012390C1E700BFE01A00202DE9F04789466A49E7
S2140123A00446CB8A63B9826812F4601F4FEAD243AF
S2140123B001BFC3F3C40303EB830302EB8302CA82A8
S2140123C0B9F1000F02D1204615F094FEB4F8A050E2
S2140123D0002D40F0A880A36A13F0100F0CBF3E2317
S2140123E0082384F87B302046FFF7BAFEFFF74CFF40
S2140123F086B20746304615F048FE8246304615F04E
S21401240042FE30B1304615F034FE0021304615F05C
S21401241039FE236B580409D54FF4804104F130008E
S21401242015F0EAFD00212046FFF744FFFFB24A46B9
S21401243039462046B4F84080FFF768FFB4F84030CC
S214012440A4F880001844A4F840005DB1204603F0CB
S2140124506BFA204613F09FFB2046B4F8401017F0A5
S2140124605CFB0546304615F010FE504510D0A36AB9
S214012470D9070DD44A4639462046A4F84080FFF7CE
S21401248045FFB4F84030A4F880001844A4F8400092
S214012490B4F84030434502D2304615F0F2FD3046DE
S2140124A015F0E8FDB4F88030B4F8A02094F8741064
S2140124B0D21AA4F8A02094F8732003FB0122252148
S2140124C0B2FBF1F001FB102284F873206DB3A26A0F
S2140124D0D20712D5A26B2046534340F2712204F173
S2140124E04401534394F8422002F0D0F9606C850809
S2140124F02046FFF711FE2844E06040F27125A16BEB
S21401250020460139694315F080FDA36BB4F880209D
S21401251020465A436368012105FB02336360BDE828
S214012520F04715F022BA01255DE72046082117F08D
S21401253030FB20460221FFF7BDFE29462046BDE8B6
S214012540F04715F001BA00BF481A002008B501F09F
S214012550CBFDFB22104B10F0020FDA7344F29022EF
S2140125601A820CBF012203224107197B48BF42F0A1
S214012570040262F3030119731A7BC2F3030161F3C8
S21401258007121A73032204211A76002219755A8239
S214012590DA61DA8208BD00BF481A00202DE9F84347
S2140125A0564C0546A06818B1FAF79CF80023A360BC
S2140125B0EEB2304613F073FF8046002839D130461C
S2140125C015F06CFDA8BBFFF711FE07460220FAF7CF
S2140125D04DFA002D59D005EB850105EBC101C90067
S2140125E043460122022089B2FAF7FCF90746002881
S2140125F046D102204FF4A479A673FAF759FA394660
S21401260009FB05F2206012F040F82368681EF9B253
S214012610814209FB01F207F101072CDB0021284664
S21401262099506360FFF7E2FD50BB304615F01CFD84
S21401263088B30025002013F032FF002015F02EFD90
S2140126400020FFF7D3FD0220FAF710FA2846C4E966
S2140126500055A57315F008FD284603F091F82846A5
S21401266015F0FEFC284613F0A6FA0220FAF7FEF94A
S2140126704FF007083FE002F5A47119449950C6E7E8
S2140126800023C4E90033A373D3E7C4E90055A57357
S214012690002FCAD0CDE7304603F072F80028C8D123
S2140126A0284613F088FA0028C3D1304615F0D8FC26
S2140126B00028BED1304615F0EBFC06460028B8D1FE
S2140126C0002D18DD022012F099FE0223A060C371CE
S2140126D083793146C3F102020C33D2B2184411F0A9
S2140126E0D4FF0121A3689A7913441A7B61F301028E
S2140126F01A73FFF72BFF4046BDE8F883481A0020FF
S214012700014B987B704700BF481A002030B50A4B32
S2140127104FF4A4751A689C7B002318462832D9B258
S2140127208C4200D830BD05FB03F1515801338906B0
S21401273044BF0130C0B2F2E7481A00202DE9F0414B
S2140127401DF04AFD254D06466C6824B91DF03FFD77
S2140127502046BDE8F0814FF4A47723683A4600216D
S2140127602046D4F81C806B6011F08FFF2023304682
S214012770A362C4F81C801DF02AFD0123237584F88A
S2140127803031A3F10113E367EB7BAA8984F8423168
S2140127902B8A0021A4F84031072384F88930104B96
S2140127A0A4F84421C4F88C3003F1CE5303F59813F2
S2140127B0C4F8903041F61B33A4F894301B2304F17F
S2140127C0080084F89630A4F88A7016F081FD204639
S2140127D0FFF75AFD80B215F049FCB9E7481A002008
S2140127E04801480170B5044615F003FD04F10800E0
S2140127F001F0EAFF1DF0F0FC4FF4A472054600213B
S2140128002046E66911F041FF064BE66153F8042FB6
S2140128102AB928461C60BDE870401DF0D8BC134696
S2140128201268F5E7481A00202DE9F04106464FF4F4
S21401283080400F4601F0CAFB044630B90E4B1D68B6
S21401284093F80E807535A04502D80020BDE8F081CA
S21401285055F84D3C5A0709D5C3F34003BB4205D191
S21401286006222946304611F0E6FE18B1013405F578
S214012870A475E8E70B20E9E7481A002010B50446DE
S21401288010B9084B198410BDA0F87C10A0F87E2062
S214012890FFF742FC2169E0602046BDE8104015F0D4
S2140128A0B4BB00BF481A0020014BD8731982704789
S2140128B0481A0020014BD87B704700BF481A0020F9
S2140128C02DE9F04FD0E9029590F9181087B0027DF6
S2140128D00291417E0192046807790369427D90F86E
S2140128E016A090F81780002940F0FC80A8F103019B
S2140128F001298CBF022603260393B5F808B084F895
S2140129009F202A4652F8101BBAF1000018BF01207A
S214012910C4F8281104F14801FBF758FF204617F0C8
S21401292031F9204615F0BCFB13F058FD414602462E
S214012930204613F0CDFDC8220DF116012046ADF854
S214012940162015F0A7FB43F6FF7104F5947013F0FB
S214012950A5F9AA88039BA4F82C21AA7984F82E212C
S2140129601A68C4F875209B88A4F87930019B1BB1BE
S214012970A36A43F00203A362BAF1000F03D0A36A6D
S21401298043F40073A3624FF4607001F01FFBC0F3C1
S214012990C01AC3054FEA8A1A48BF4AF0800A810561
S2140129A048BF4AF4807A1DF017FCA36A43F004037B
S2140129B0A362E36A43EA0A03E3621DF008FC94F8A3
S2140129C0343043F0100384F83430BB1E012B00F280
S2140129D08B80A36A43F48043A36201212046FFF75C
S2140129E069FC0421204617F0D4F86B7D2046C3F31A
S2140129F0040384F874306A8907F0FD075200A26365
S214012A00697B2A7B42EA0122E287E97BAA7B42EACA
S214012A100122A2876A7D84F87330C2F3421284F8D9
S214012A20422000220523A4F840200122A4F8A03069
S214012A30A4F88020029915F038FB01F04FFB20F432
S214012A400060C4E908012046FFF78AFB414BB3F852
S214012A5016A0BAF1000F05D1002F40F2C71A18BF11
S214012A604FF4D77A2046FFF70FFC3B4B000240F0AD
S214012A700300E082C4F80490A361002F3AD12046F7
S214012A80FFF74AFBB8F1010FE06005D0414620464A
S214012A9084F8308115F050FC04F1080630465146A2
S214012AA016F016FC0120FEF78BFB28B9237D5A078A
S214012AB05CBF43F002032375A1683046C1F3C841E9
S214012AC041F0880101F02EFE40F271216B8920460B
S214012AD0013B594315F099FA204614F029FF07B037
S214012AE0BDE8F08F012607E7012F7FF476AF40F2AD
S214012AF0014173E740F27127760006EB4B067E43F1
S214012B0009EB06036360A36A04F1440943F0010379
S214012B10A36294F83430494643F00103204684F812
S214012B20343016F0AFFF33464946204694F842202B
S214012B3001F0ACFEEB7901225B00494620467B435F
S214012B4016F0A6FF636C20469E08FFF7E5FA3044B0
S214012B5098E700BF481A00205930010010B4C46A33
S214012B6014F0080F11D144F0080423F41053C46282
S214012B7023F01003064C1B0414401B0CC0E9084349
S214012B8040215DF8044BFFF795BB5DF8044B704799
S214012B902FCF87F700232DE9F3474E790546B20775
S214012BA058BF06F00106084648BF0326ADF80430B4
S214012BB058BF01360C4612F0EFFF074607F01F0319
S214012BC0002BEB6A15BF4FF001084FF000084FF0DD
S214012BD003094FF002099B050CD59DF804302146E8
S214012BE066F3010368F345138DF804302846019A0D
S214012BF016F03DFB204612F0C2FA824649462046B0
S214012C0012F078FA9DF80430A27966F3010368F3AE
S214012C1045138DF804308DF805A0BDF804300C324C
S214012C20A3529DF80430A1189806637948BF8F70A7
S214012C3043F0010363711DF0CFFA2146074605F103
S214012C40A40012F0FEFA95F84631013385F84631B4
S214012C50AB6ADA070ED52846FFF716FB80B215F0E9
S214012C6006FA30B34388B5F880209A4202D928463E
S214012C7015F009FDFEF7D2FB854214D10E4B204616
S214012C801E6816F0E4F82C360146304615F07AFF39
S214012C90AB6ADB0707D4304615F06FFF022802D86F
S214012CA0232001F067F8384602B0BDE8F0471DF072
S214012CB08EBA0123D7E700BFE01A00202DE9F04FB6
S214012CC085B004460191084661B34B799A071AD438
S214012CD012F055FA019A60B9537901A8DB0742BF91
S214012CE0A36A43F40063A36212F0BDF905B0BDE820
S214012CF0F08FA36A1F0506D523F40063A3625379F8
S214012D0043F001035371019E1DF066FA7379314653
S214012D109E0705461ED504F1AC0012F0A1FA28461E
S214012D201DF055FADFF890911DF056FAA36A074692
S214012D305D0614D5D4F8AC3043B19A7913441B7BA5
S214012D403A2B03D829FA03F3D80711D438461DF0D5
S214012D503EFACBE704F1A80012F073FADFE794F924
S214012D604631022BF2DCD4E92A2372B9002BEDD0CE
S214012D7004F1AC0012F095F9054638461DF027FA25
S214012D8029462046FFF706FFCEE7002BF0D194F840
S214012D909680039304F1A80BD4F8A86096F807A0D0
S214012DA0B379AAEB030A5FFA8AFAC24527DC5846CA
S214012DB012F0DDF90546A8EB0A086B7929466FF390
S214012DC0C3036B7103A812F03CFAD4F8A8302BB1F8
S214012DD05B79990702D1B8F1000FDDD1039B002B77
S214012DE0B4D09B79022B40D8002012F007FB014695
S214012DF070BB039904F1A80012F032FAA6E700208E
S214012E0012F0FCFA054630B9039904F1A80012F055
S214012E1027FA03959AE78079B1790C300C3142464E
S214012E203144284411F058FCEB7953FA88F3EB71DE
S214012E30B379727953FA88F3B3716B794FF000085E
S214012E4062F300036B7173796FF300037371B4E778
S214012E50039B4A79587960F300024A715A7903A8AC
S214012E606FF300025A7112F0F6F9E36A9A0512D569
S214012E700398034600680028FBD1DB79C3F14503BC
S214012E80DBB2032B07D812F0B9FA01460028B0D0FE
S214012E9003A812F0D6F9D4F8A83013B15B79DB0792
S214012EA004D5039A537943F00803537138461DF04D
S214012EB08EF9039965E700BF7C2C020000232DE9FB
S214012EC0F041174D05F11C0252E8006F42E800344C
S214012ED0002CF7D14FF001086EB9F4B105F11C03CF
S214012EE053E8003F234305F11C0242E80030002866
S214012EF0F4D1BDE8F08196FAA6F0B0FA80F008FAAF
S214012F0000F726EA0706FFF7ABF90028E4D015F02C
S214012F10F5FB0028E0D13C43DEE70120E9E700BFEE
S214012F20481A00202DE9F74F04460190002860D08A
S214012F30C5794FF000080C3505441DF04DF946469D
S214012F4000904FF4A47A40462B4FBA7B5FFA88F97B
S214012F504A4517D90AFB09FB3A685A44916A4B0756
S214012F6044D5B2F89820C2F30B02002A3ED0E2798B
S214012F70C2F14502D2B2032A15D8022012F03EFA57
S214012F80044640B9002300987B821DF020F93046A4
S214012F9003B0BDE8F08F014601A812F052F90020F7
S214012FA0E5790C35254404220123002112FB003368
S214012FB005F82090E9543B6802FB005C5B44B3F8DB
S214012FC0983001368CF80230032312FB0032A954E4
S214012FD03B6801305B44B3F89820C0B261F30B0242
S214012FE0A3F89820E379F6B20433E37108F10108F7
S214012FF0ABE70646CBE700BF481A0020F7B56846A0
S214013000FBF7D8FB00254FF4A477124EB37BAB42F7
S21401301001DC03B0F0BD346807FB0544A36A03F086
S2140130200503042B13D10522694604F1490011F06A
S21401303002FB60B10121204616F063FF38B901207A
S21401304012F0DCF9014610B1204602F07DF8013598
S214013050DCE700BF481A00202DE9F04F31280C4666
S21401306085B000F093810AD8022800F0E380032897
S21401307000F0E680012847D005B0BDE8F08F322881
S21401308000F0EE803328F7D101F1A40012F009F820
S21401309094F846310390013B84F84631437903F0B6
S2140130A00A03082B20D1B4F8983004205A1C62F386
S2140130B00B03A4F8983000F089FFA8B12046FFF76B
S2140130C0E3F880B214F0D3FF002800F0578141885E
S2140130D0AB4A937C0B44DBB29374127D9A4203D8BD
S2140130E04FF0806006F0BEFF03A811F0BCFFD4F8D5
S2140130F0A8301BB9D4F8AC30002BBDD04FF48051AA
S2140131002046FFF7D7F8B7E791F8993008466FF3EE
S214013110071381F8993014F094FF84F831012046A2
S21401312013F02CFAB4F93401FAF72EFE954B20462B
S2140131301D68FFF7A9F885F8250094F8343085F85E
S2140131402030002385F8213085F82330E26A94F890
S214013150933002F4C062B2F5C06F03D10433FF2B83
S21401316028BFFF2385F8243063684FF400306B6076
S214013170A36ADB0742BF636C9B08AB6000F026FFC7
S21401318000284CD0FEF7CEF9D4F82831E8602B6140
S21401319094F831317A4E6B76D4F82C3105F12C0740
S2140131A06B6194F830312B76637D85F8223015F00B
S2140131B049FE384615F0DEFCB06815F048FE0023DF
S2140131C0A8620393D4F8A40003A915F066FF48BBD0
S2140131D0212000F0CFFDD4F8A83013B9D4F8AC30D4
S2140131E023B14FF480512046FFF764F8042000F025
S2140131F0EDFE00283FF440AFB37C002B3FF43CAF1C
S214013200F37C327E0133DBB29A42F3743FF634AF7D
S2140132104FF0806005B0BDE8F04F06F023BFFDF724
S214013220B7FFB1E7039815F012FE0146384615F0D0
S214013230A9FCC7E7084605B0BDE8F04FFEF7C2BFD8
S21401324091F89930C3F30312013262F3071381F840
S21401325099300021204605B0BDE8F04FFFF79CB835
S214013260002603A80396FAF731F92046FFF70CF873
S214013270C0B212F098FC05462046FFF705F8039BFE
S21401328029460193B4F8403082B2009302203346B7
S21401329012F085FC03998B7903F10C050D44AA7A8B
S2140132A00A3312F0200F14BF0322022213448B713B
S2140132B0E36A5F050FD5AB7AEA7A204643EA022233
S2140132C015F0EEFF38B903A811F0CDFE3D212046DA
S2140132D015F0F2FBD0E6A36A95F80AB01E0603992C
S2140132E00BF00302C3F3C01012D5032A8B79EAD17F
S2140132F00B441A7B3A2AE6D8234BD340D807E2D5AB
S2140133004B79204643F002034B7101F03DFCB3E6D6
S214013310032AF5D04B790BF0030B60F341034B7195
S214013320084695F8069095F905A011F028FF039E2A
S2140133300746B5792046063DEDB2B571FEF7A4FF06
S2140133400C35C0F3032306EB050843EA0B1388F894
S21401335003303346FFB288F80200A8F8047006F876
S21401336005A088F801905A796FF341025A711B68DB
S214013370002BF8D1304613F090FC7DE60121A7E63C
S214013380481A0020E01A00207C2C0200344B8E8F55
S2140133901D68360195F8203081F834308B6BE08F4C
S2140133A0B6FBF3F6B1F8A010B3B21B1A994295F822
S2140133B021204CDCD1064CBF0021022194F83101BA
S2140133C013F006F895F82130DB071BD5A36ADF0753
S2140133D006D52B682046636004F1440116F052FBC3
S2140133E095F82130D80602D4A36AD90606D4A4F8E3
S2140133F0A060204695F9271014F057FEA36A43F003
S2140134001003A36295F82020E36A92064CBF43F0AE
S214013410010323F00103E36295F821309B0606D5EC
S2140134202046FEF731FF012180B214F02BFE95F8FD
S2140134302130204603F01203122B0ED114F05BFE4E
S21401344095F82610204614F054FE012102E7920753
S214013450B8D5032194F83101B2E714F04BFEEFE73B
S214013460E01A0020012838BF0120012938BF0121B8
S214013470014B187519767047481A0020F0B587B0C9
S2140134801D4604460E9FFFF7F9F940F2E242BDF8E9
S214013490301002FB05F05143FEF76AF81A4B38600C
S2140134A0DE8A40F28A23002E08BF1E46FAF7F6F897
S2140134B03B68019000EB4302CDE90223E368054631
S2140134C001A8CDE9043612F05FFB9DF8043053B92C
S2140134D012F033FB4FF4FA63B0FBF3F202FB130076
S2140134E015FA80F002900299E36861603A68E06933
S2140134F012F050FB6168E069FDF76CFE62680D9B97
S2140135001A6007B0F0BD00BF481A00200138C0B2EB
S21401351003289ABF014B185C002070470B3203004A
S214013520431E012B05D9022902D8024B585C70476D
S2140135300020704708320300431E042B054A07D8B3
S214013540052808BF03200621431E01FB0320704700
S2140135501046704734320300014B53F82000704781
S2140135601032030010B560B10022074CD3B201330C
S21401357054F823101346814202F10102F6D2D8B262
S21401358010BD0120FCE700BF10320300024BDB69CF
S21401359093F87F00704700BFC80A0020024BDB6922
S2140135A083F87F00704700BFC80A002070B5164632
S2140135B0028B04468A420D461DD2438B23B90EB1B7
S2140135C0D5B23570206970BD0C4B0169184611F0F3
S2140135D083F80346208B61692D1A1844638B9D423C
S2140135E0A8BF1D46EAB211F077F816B1238B1D4429
S2140135F03570024870BD002EE3D1E3E7392900207B
S214013600034B5B6A13F0060F0CBFE220F1207047F4
S2140136108018002008B5FDF701FF054B834206D14F
S214013620F9F7AAFFBDE80840002000F019BB08BD65
S2140136308018002070B51E4C1E4800F011FB94F84F
S214013640603094F861200021C82012F0C2FE0146C5
S21401365004F1580012F022FB04F1580015F08FFC1B
S21401366000221146104612F0ADFA66686664FAF753
S21401367015F80246FFF7C4FFB61AB6F5FA6F054607
S2140136800BDCFDF785FD627DA0F5E171284615F09E
S214013690DBFCBDE87040F9F74DBF6668FDF778FDC5
S2140136A03146A0F5E172637D284615F093FCF0E7FC
S2140136B080180020253A010010B5F9F75DFFFDF7E7
S2140136C06DFD40F2EE2398420FDDFFF799FF0446A9
S2140136D0FDF75EFD084BA0F5E1715A7D204615F019
S2140136E0B3FCBDE81040F9F725BFFCF757F8BDE875
S2140136F01040002014F027B880180020F7B5104CB1
S214013700064694F851500F462DB10020013D84F82D
S214013710515003B0F0BD0B4B02201B685978F9F7E6
S214013720F3FC94F84C303A46CDE900533146032376
S214013730206B14F039F8206B00F0F0FD0120E8E76B
S214013740801800209C1A0020094A02F1240353E83D
S214013750003F43F0080302F1240040E8003100294D
S214013760F3D1044B01201B685978F9F7E3BC00BF7D
S214013770801800209C1A002070B50A4C636A5B070B
S2140137800DD58B790C33CD1850B9E879CE582989E7
S21401379015F079FC0644A6636B7984F8503070BD49
S2140137A00120F3E7801800202DE9F04F16468DB072
S2140137B0021E069108BF00211F46964B0592DD6A40
S2140137C05B6AAC7938460C342A5DC3F3801B61F31F
S2140137D045122A55314603F04002039211F0DDFFEF
S2140137E005EB04080790285D08F108094946C00959
S2140137F011F0D3FF039B8246002B44D1002844D10D
S21401380011F0C9FF80F00103DBB25A463146384653
S21401381003F0010315F05FFC0490002800F08A8095
S214013820039B002B33D1BAF1000F75D1079B002BF8
S21401383072D011F09FFF00286ED001220AA90DF167
S214013840270011F0AEFF002874D09DF827302A5DBE
S214013850591E4B424B41B3EBD21F6BD10622484651
S2140138600AA910F0E8FE002864D13368C8F80830C9
S214013870B388A9F804302B5D67F3C7132B554FF0B7
S214013880000AD34619E00123BFE7039BBDE7614B5E
S2140138905B6A13F4007A1CD115F804B0CBF3801BD5
S2140138A0504611F083FF3368C8F80830B388A9F88A
S2140138B004302B5D67F3C7132B55059B554E002B24
S2140138C03ED196F8B530002B3AD0013B86F8B5309C
S2140138D030E011F04CFF002806DA15F804B04FF07E
S2140138E0000ACBF3801BDBE700221146104611F0DD
S2140138F050FF15F804B08246CBF3801B0028CFD0CA
S214013900002302211A4608EB010013F025FF2B5D68
S21401391060F386132B55C3E77A1E57422B5D57413A
S214013920B7EBD31F06D106223146484610F083FE78
S2140139300028A4D00023049304980DB0BDE8F08FAE
S214013940F9F7ACFEF36A00F196019A7908F10E00D8
S21401395013441A6B059B00939DF8583015F04BF9EC
S2140139602D4B059A07461B68A2B959780220F9F72C
S214013970CBFBF06A00F0D2FCF36A9A7913441F631A
S214013980FDF74CFD254B8361069BBBB9736A23F497
S214013990806316E0D9790020F9F7B6FBF06A00F0EB
S2140139A0BDFCF36A1E489A7913441F6300F058F968
S2140139B0069BC3B9736A23F4806317E0736A43F402
S2140139C080637362039B9BB1BAF1000FB4D00023EE
S2140139D059461A4608F1020013F0BEFE2B5D60F34D
S2140139E086132B55A8E7736A43F480637362EBE78B
S2140139F02B5D0022C3F3C01349460AA88DF8283070
S214013A0011F0CFFE2B5D9DF8282062F3C7132B55CE
S214013A10DAE700BF801800209C1A0020750F01000D
S214013A20F93B01002DE9F04F532885B018D005D891
S214013A30512800F0D28005B0BDE8F08FA0F1550303
S214013A40012BF8D8553818BF01200121FCF736F8AC
S214013A50FBF7A4FE002005B0BDE8F04F13F073BEDF
S214013A60002503A84FF0FF310395F9F753FF03989C
S214013A705F4E58B1FCF712F90828804603D85D4B13
S214013A801F5C380709D403A811F0EDFA736A13F026
S214013A90060F20D0FFF710FE1DE0B8F1070F21D169
S214013AA0726A12F48012EED130460399FCF77CFE5E
S214013AB00028EBD0FCF736FD68B1FBF76FFE40F24D
S214013AC07122B6F84A305343F26B9A4203D201216F
S214013AD00846FBF74FFF0121084605B0BDE8F04F49
S214013AE0FBF7ECBF039CFDF759FB736A814613F0A5
S214013AF0040343D017F0020340D0A0F56E73002BE9
S214013B000DDD0120A2790C322244917A0090C1F396
S214013B1080130C32C1F34011FFF746FE05462046DE
S214013B20F9F728FF21460120FFF726FE736AD90719
S214013B302ED503F0800A94F806B011F02CFE0BF196
S214013B400C0BA34480F001039BF80A00BAF10002B3
S214013B5018BF0122DBB20BF10C01C0F3801015F087
S214013B60BAFA68B155BB736A20469A073AD5FB077D
S214013B7012D47B0739D5FBF7F5FF87E71D46CEE75D
S214013B80BAF1000F04D1514611F00DFE0028E9D01C
S214013B902046F8F7A7FD1CE013F0F6FE70B1A9F277
S214013BA01659B9F1000F09DDA0790C302044817A4D
S214013BB00C30C1F38011FFF7A1FD0546B8F1040FE3
S214013BC002D1736A9907E3D57A07E1D52046FBF758
S214013BD0C9FF002D7FF47FAF58E705B0BDE8F04F71
S214013BE0FFF7B2BDB8F1040FC3D1F8F77BFD4DE77F
S214013BF08018002087320300512808B50BD10848E9
S214013C0000F02EF80122074B104693F95010BDE83C
S214013C100840FCF723BABDE80840FFF703BF00BF22
S214013C20253A0100801800200022024BC3E9002239
S214013C30704700BF901A002010B5074C24220021BF
S214013C40204610F022FD06232384044BE36100F096
S214013C503BFB9430206010BD6C1A0020198E0200C8
S214013C6010B504461CF0AFFA0022044B5C60044B0E
S214013C70BDE81040DA611CF0A1BA00BF901A00201E
S214013C806C1A0020024B03EB80035960704700BF9B
S214013C906C1A0020034B03EB80035868003818BFEA
S214013CA0012070476C1A002010B504461CF08BFAF0
S214013CB00022044BDC61044BBDE810405A601CF046
S214013CC07DBA00BF6C1A0020901A002070B5C6B2EB
S214013CD0212E0446144D10D1F9F744FA230CC4F3EF
S214013CE0074405EB84042B846368EB61EB69CBB175
S214013CF030462968BDE870401847222EF6D11CF0E0
S214013D006BFAEB69044633B10020FFF7CDFFFF23C2
S214013D102B84F9F7B5FC00F021FA2046BDE8704087
S214013D201CF055BA70BD00BF6C1A002038B5104B98
S214013D3004461A7812B100221A7038BDC5B2FDF7D2
S214013D406DFB68B1C38AB3EB144F0BD1312D02D191
S214013D50012011F0C0FF2846BDE83840FDF754BBEE
S214013D60FF23F0E72846BDE8384015F038B800BF15
S214013D70901A002038B5A0F121030E2B04461AD85C
S214013D80FDF74CFBA8B3C08AFF2832D0212C4FEA9E
S214013D90004508D1002011F09EFF45F02100BDE846
S214013DA0384000F057BA222C44EA0500F7D1BDE8A6
S214013DB0384015F027B8A0F131031E2B0ED8114B51
S214013DC0188C44EA004000F059FA312C11D1002039
S214013DD0FFF76AFFBDE8384011F00BBFA0F11103F1
S214013DE00E2B06D8132C40F4C02003D006D9142C71
S214013DF0D5D038BD0122044B1A70D0E7BDE8384053
S214013E0000F03CBA6C1A0020901A00200B4A10B53C
S214013E10D36904461BB11168BDE810401847084B2A
S214013E205B6813B1BDE810401847FDF7F7FA014685
S214013E3018B183690BB12046EEE710BD6C1A00205D
S214013E40901A0020024B186908B106F00BB97047AA
S214013E50E80A00200C4B73B51C6804B10C3400252D
S214013E600A4B68461E68356000F032FA009B204611
S214013E707360F9F727F9284614F02FFF024802B0BD
S214013E80BDE8704011F0EFB8981A0020E01A002043
S214013E90002310B5424A02F1100151E8001F02F159
S214013EA0100C4CE80034002CF5D140EA0104A002C5
S214013EB001D5FDF7E7F9210101D5F9F7A3FBE203E7
S214013EC001D500F081F9002C01DAFBF763F86300F5
S214013ED001D5FBF791FFE00007D5FDF71FFE20B9DE
S214013EE04FF080512F4814F050FF610107D514F0B0
S214013EF08EFD20B94FF080612A4814F046FFA201DA
S214013F0005D512F064FAFFF779F811F05DFFE301C9
S214013F1008D512F0F8FD072804D14FF0807121482A
S214013F2014F033FF600201D5FAF752F8210201D5E9
S214013F3011F037FEE20207D514F094F820B94FF4D9
S214013F408011184814F021FFA30507D500F0B2FD33
S214013F5020B94FF40071134814F017FFE00507D598
S214013F60FEF7ACFF20B94FF480710E4814F00DFF38
S214013F70610503D511F0BAFE11F0B9FE220501D58F
S214013F8013F049F8A30309D511F0B5FE30B9BDE821
S214013F9010404FF40031034814F0F7BE10BD00BFC7
S214013FA0E80A0020F80A00200146014814F0EDBE98
S214013FB0E80A0020C043044A52E8003F034042E8B2
S214013FC000310029F8D17047E80A0020014B1B6830
S214013FD018407047E80A002010B5044BD3E90642A2
S214013FE004430A43C3E9064210BD00BFE80A0020A5
S214013FF038B50546354CFDF7DBF800212022204672
S21401400010F043FB4CF20C000021FFF7E5FFC5B1B1
S214014010AB684FF6FF720020698B2360FEF72EFC1B
S214014020022011F0EBF92A4B186000284BD02B46E2
S2140140300C3005F1200253F8041B934240F8041B90
S214014040F9D1244B2448A36000232373F8F780FB9F
S21401405000F044FB2846F9F7B7FB044670BBF8F7B7
S214014060FFFF20B14FF480700021FFF7B5FFF8F78E
S214014070FDFF20B14FF400600021FFF7ADFF2DB129
S214014080B5F91210B5F91000F9F712FF12F0AAF9F6
S21401409000F0F6FA01F022FB044678B9FAF762FF5F
S2140140A000F040F800F000F9FFF7BEFD00F074F8EC
S2140140B030B900F077F8044614F0C4FE204638BD47
S2140140C0FFF7C8FEF8E70124F8E700BFE80A00207A
S2140140D0981A0020453E0100EC0A0020014BD3E966
S2140140E006017047E80A0020054B9B69DA054CBFBC
S2140140F0032001201B0548BF40F00400704700BFA5
S214014100E80A0020014B1860704700BF9C1A002087
S2140141102022034BC3E900229A6000221A767047D8
S214014120C41A002038B50025094C0A4B1C22294622
S2140141302046C3E9005510F0A8FAFFF7E9FF30233F
S2140141400122C4E903336361034B65761A7038BDF7
S214014150C41A0020A01A00207A2F002008B51CF0EF
S2140141603BF8FFF7D5FF3023084A0949D3601361AE
S2140141705361CB600B614B610023537601224B7672
S214014180044B1A70BDE808401CF021B8A81A00209C
S214014190C41A00207A2F0020014B1878704700BF00
S2140141A07C29002010B5044C23781BB914F02CFE92
S2140141B001232370002010BD7C290020014B1868C4
S2140141C0704700BFA01A00202DE9F0411CF004F84A
S2140141D01C4F80463B7843B94FF4803005F042FFD0
S2140141E04046BDE8F0411BF0F2BF174E174C35466E
S2140141F00FCD0FC495E80700002584E80700FFF7F8
S21401420087FF30234046C6E90333736175763D70F8
S2140142101BF0DDFF0E4E103CE068302804D07368BA
S214014220C6E90030FFF782FD54F8040B202801D0C0
S214014230FFF74CFD0135EDB2032DEDD101233B70A7
S214014240BDE8F0817A2F0020C41A0020A81A0020A9
S214014250A01A002010B504461BF0BEFF064A137EC6
S21401426042F82340013313761BF0B1FFBDE810403E
S2140142704FF4803005F0F6BEC41A002010B504468F
S2140142801BF0AAFF074A537E02EB83010133CC6081
S21401429053761BF09CFFBDE810404FF4803005F0CC
S2140142A0E1BE00BFC41A0020F4220021014810F02C
S2140142B0ECB900BFE41A0020014B024A1A607047AD
S2140142C0E01A0020781B002000487047E41A0020FE
S2140142D0024A02604FF4007242607047D81B002009
S2140142E0014B186E80B2704700C001B80A4BD868FF
S2140142F000F07060B0F1106F0CD008D8B0F1E06F2C
S21401430008D0B0F1006F14BF002001207047B0F153
S214014310406FF8E701207047000002B838B5044640
S21401432080790C4D0C30204411F04EFC0123A1790C
S214014330E279521A0C3121442869D2B219F083FE6F
S214014340246804B938BDA179E2790023521A0C31E8
S214014350F1E700BFC80A00202DE9F0410546807943
S2140143600C460C30284416461F4611F02DFCA97940
S214014370EA79DFF85C80521A0C310123D8F8100074
S214014380D2B2294419F05FFE44B1E379A2799B1AAF
S214014390DBB2B34204D30CB1002F04DCBDE8F081DC
S2140143A02468F61AF0E7A179E57900236D1AEDB2D3
S2140143B0AD1BBD42A8BF3D460C3131442144D8F85F
S2140143C01000AAB219F03FFE002624687F1BE2E720
S2140143D0C80A00202DE9F04F87B0074692469B4653
S2140143E0ADF80C1010F0CBFEB0F1000945DD1BF066
S2140143F0F3FE0290002F43D03C464FF00008294EB2
S214014400A279E57902F10C01AD1AEDB2214406EB71
S21401441008002A4610F060F92468A844002CEFD161
S2140144209DF80C1020484A4601F023010DF11409AD
S21401443000915B46C0F808A01A49CDF804901CF01C
S214014440B4F8BA469AF806309AF8075003F10C0009
S214014450ED1AEDB2311950442A4610F03DF9DAF85A
S21401446000A02C44BAF1000FECD102981BF0AFFE6D
S21401447004224946384611F023F907B0BDE8F08F0B
S2140144809DF80C1008484A4601F023010DF1140965
S21401449000915B46C0F808A00249CDF804901CF0D4
S2140144A084F8E2E7D81D0020742B00202DE9F047A0
S2140144B084B0904699460390ADF8081010F05FFE60
S2140144C0071F002F25DD039D002D40D04FF0000A69
S2140144D0204EAB79EC7903F10C01E41AE4B22944DD
S2140144E006EB0A00224610F0F7F82D68A244002DCC
S2140144F0EFD11948F119C0F8088001919DF808100C
S2140145004B4601F0230100913A4612491CF041F84E
S21401451018B1002004B0BDE8F087039D7DB10746C1
S214014520AB79EC7903F10C00E41AE4B2F1192844F2
S214014530224610F0D1F82D682744002DF0D103A8AB
S214014540042110F0BEFE012004B0BDE8F087014E44
S214014550CFE700BFD81D0020742B002030B51446CD
S2140145600D460246064883B00195802183602346A6
S21401457000941CF026F8B0FA80F0400903B030BD74
S214014580742B00200023F0B50E46D1688BB009BA13
S2140145900291C17890F800C061F3070381781A4D43
S2140145A061F30F23417802AF61F317436CF31F6386
S2140145B00993936851681BBA0393836809BA1BBAB7
S2140145C00793136842681BBA0593C36812BA1BBAED
S2140145D006AC0491AF6008920693234680222946D2
S2140145E0012000941BF0F0FF0028F6D1DDE9081049
S2140145F0DDE9063200BA09BA12BA1BBA3060716038
S214014600B260F3600BB0F0BD742B00202DE9F84FBB
S214014610DFF868908246D9F800B088461746BBF1A5
S214014620000F28D0002699F80450B54207D13D70F6
S21401463099F80400A84214BF0120022017E074195B
S2140146406110C1EBC10159448879C4F3470400F0F5
S2140146500100B8EB000003D1062250460FF0EBFF35
S214014660002806DB02D0661CF6B2DEE73C70BDE829
S214014670F88F2546D9E70320F9E700BFE81E00209A
S2140146800022014B1A717047E81E0020F8B5054656
S2140146901BF0A2FD104C85F3070563790646AB4275
S2140146A005D1002430461BF092FD2046F8BD0027B8
S2140146B020686571277110B111F049F82760637998
S2140146C0002BEED0C5EBC500F8F732FA20600028C3
S2140146D0E7D160710724E5E7E81E0020104B1A7841
S2140146E042F0F0021A701A7C42F0F0021A7493F843
S2140146F0202042F0F00283F8202093F8302042F088
S214014700F00283F8302093F8402042F0F00283F85C
S214014710402093F8502042F0F00283F85020704772
S214014720F01E00200368054A23F07F6323F400236C
S21401473002EAC14213430360704700BF0000F80F4E
S214014740F8B54488054604F00704072C1C4E28D10A
S2140147501BF042FD00221101735C06EB02171B09D8
S2140147600F2B0AD00132062AF5D1164A13880133D7
S21401477013801BF02CFD1920F8BD2B6894B27B80AA
S214014780112373541BF023FDF8F788FF06EB04137F
S214014790D8602B68002023F4E02343EA04432B600F
S2140147A0EAE72301F15CC1F30312013202F00F02C2
S2140147B0052A28BF002262F30711F154E4E700BF7F
S2140147C0F01E00207824002038B54488054604F001
S2140147D00704072C0FD01BF0FFFC074A2401135DCA
S2140147E043F0F00313552B6843F4E0232B60BDE838
S2140147F038401BF0ECBC38BDF01E00202DE9F04718
S2140148004588074605F00705072D894637D01D4C14
S2140148104FEA051814F80860F8F740FF04EB051A8C
S214014820DAF80C30360906EBC506C01A04EB460664
S214014830708014F8083003F00F02042A9EBF01327C
S21401484062F3030304F80830B9F1030F14D114F826
S214014850081004EB0514A01C01F00F0115F07EFDF5
S21401486004461BF0B9FC3A68074B134023433B60F0
S214014870BDE8F0471BF0ABBC4FF6FF74F1E7BDE8AF
S214014880F08700BFF01E00200000FF7F2DE9F041F9
S2140148901D4690460E460746FEF778FEFEF75CFE7E
S2140148A004464046FEF758FE194B04449D4225D95E
S2140148B0184B9D4215D9184B013D93FBF4F3002B81
S2140148C0B8BF03339A1005EBA305B5FBF2F379687D
S2140148D03268A1EB930102EB430279603260BDE8D6
S2140148E0F0810E4B0E4AA3FB05535B0904FB03F351
S2140148F003F6C313A2FB0323DB0AE8E704FB05F375
S214014900084A03F574338F33A2FB03231B0CDEE73F
S2140149104C6210001366660640420F001F85EB517D
S2140149205917B7D183DE1B43034600F03F003F28EB
S21401493030B51FD090B11946002201321B2A4FEA2A
S214014940510105D100212E480A460124584007E0AE
S21401495001F03F003F280DD00028EED130BD0121E7
S21401496004FA02F5054202F1010205D1202AF7D127
S214014970022907D00020F1E7202A01F10101F7D032
S2140149800229ECD1DAB2C3F30721914225D00021E6
S2140149901C46084604F00305013D012D01F1010105
S2140149A098BF01301F294FEA54041ED11828E1DCB4
S2140149B0052000219B0E03F00304013C012C98BF47
S2140149C0013101384FEA5303F5D10129C6DD8AB911
S2140149D00228D4BF00200120C0E7C3F3074191425B
S2140149E0D5D1B2EB136FD2D1C4E71029D2D10B289F
S2140149F0D0DDBFE7D30748BF01305208E7E700BF65
S214014A00D6BE898E024B1A6802601860704700BFD6
S214014A10541F00200022024B1A6000F00DBA00BF9E
S214014A20541F00202DE9F843064613F07FFB044689
S214014A30002835D045784DB91BF0CEFB237863703E
S214014A401B4B1B68257063601BF0C1FB4FF0010810
S214014A50677837B923781BB34FF4007005F002FB73
S214014A601EE097FAA7F5B5FA85F508FA05F55FFA97
S214014A7085F9636833B90E4B27EA050565701B682F
S214014A806360E5E79B681BB963681B686360F0E7D2
S214014A90494630469847012805D163681B6863601C
S214014AA00120BDE8F8830228EED10020F9E700BF17
S214014AB0541F002070B500250D4EFDF721FEA842BB
S214014AC001D8012012E03068FDF7CAFB50B93468FE
S214014AD0FDF716FE0134B4FBF0F303FB1044013579
S214014AE03460EAE7FFF79EFF0028F0D170BD00BFF3
S214014AF0501F002010B50446837903441B7B3A2BD4
S214014B0096BF044AFF21D15C10F07DFAA0790C30E3
S214014B10204410BD4C320300F8B5174606460C4635
S214014B201D4613F0F8FA020713D50221304613F09A
S214014B307EFF70B11121204615F043F82046FFF79D
S214014B40D9FF4570877021463046BDE8F840FEF72C
S214014B50B5B829200B49C5F12002A5F12003E9408B
S214014B6000FA02F220FA03F311431943CB07E1D40A
S214014B700D21204615F025F82046FFF7BBFF4770AC
S214014B80E1E700BF000040842DE9F34105460C46ED
S214014B90019113F0BAFA030705D501A810F063FADC
S214014BA002B0BDE8F081019FBE790C36BB5D3A2BA1
S214014BB018D8164A12F80380B8F1FF0F12D03846FB
S214014BC010F0DDFA013840450CD1114B1E6896B93C
S214014BD021462846A37923441A7B02B0BDE8F0415A
S214014BE015F003B8019810F03EFA2846BA5D01990F
S214014BF014F0FBFFD4E773680BB93668E7E7214684
S214014C00284698470028F8D0CAE700BF4C32030070
S214014C10541F002037B504460D46082113F077FAD5
S214014C202946204613F0BCFA2146012015F084F8E7
S214014C302146002015F080F8012000232146034A72
S214014C40009015F00AF803B030BD00BF179B0200B4
S214014C5037B5044615F0ECF90321204613F0A3FA04
S214014C600025034621460120034A009514F0F5FF6E
S214014C70284603B030BD00BF179F02002DE9F74F4D
S214014C8080460F4613F047FA10F4801651D10220E1
S214014C9010F0B4FB054600284DD0BB7931460C33E5
S214014CA03B44B3F80490B3F806B0B3F808A014F088
S214014CB088FF2846FFF71EFF02210446404613F0F0
S214014CC072FAA4F804906081A4F806B0A4F808A0CB
S214014CD010F033FF09F10109B0FBF9F303FB1900EA
S214014CE0022360806370AB79BB71EA7903F10C0033
S214014CF0FA71D21AD2B2291838440FF0EDFC4146A7
S214014D00012013F0F9F91022C7606389414601209A
S214014D1000920A4A14F0A1FF4FF48031404613F086
S214014D20FCF94046294614F04AFF304603B0BDE878
S214014D30F08F2320FAE70720F8E700BF6DA00200F6
S214014D402DE9F34104460D460146012013F0D4F93E
S214014D5001210746284614F034FF2846FFF7CAFE0D
S214014D60064600F101084046F9F724FDD6F8013061
S214014D700221C7F8123073792046BB7513F013FA77
S214014D8029460746F080204614F019FF20232146C5
S214014D90009301203B46034A14F05FFF002002B057
S214014DA0BDE8F081FD9F02007FB504460D4613F075
S214014DB0ACF9C2073BD5204613F0ADF9430715D52C
S214014DC0002320461A460DF10F0113F00EFC9DF844
S214014DD00F30062B0AD82846F7F784FC0122002359
S214014DE02046FDF7BBFE002004B070BD0E2128460C
S214014DF014F0E7FE2846FFF77DFE0646FFF76EF93C
S214014E00C6F80510FFF76AF92946C6F801002046DC
S214014E1014F0D5FE0321204613F0C5F900220346FF
S214014E20009221460120034A14F017FFDBE7082110
S214014E30DDE700BF1B9F020010B5054C054A204662
S214014E40054915F059F82046BDE81040FFF7DABDD0
S214014E50581F0020EBA00200B94F01002DE9F041D8
S214014E6091F806800F4686B008F10C0803910446B7
S214014E7001EB08060146012013F03EF917F8083049
S214014E800546023B0F2B00F28E80DFE803F0088C0C
S214014E908C8C8C638C6D8C8C2D5C8C8C8C4D1BF06F
S214014EA09BF971780546204613F07AF908212046C9
S214014EB013F02DF92146012014F03EFF2146002073
S214014EC014F03AFF01230093002321461846374A7F
S214014ED014F0C3FE03A810F0C6F828461BF077F9B5
S214014EE0012006B0BDE8F081B3882046728871784B
S214014EF013F066FB204613F00EF9830708D420460C
S214014F00039915F095F80121204614F042FEE7E7D3
S214014F10AA68274B9A4203D12146012014F0DCFEF1
S214014F2003A810F0A0F8EEE7836843B103AA049241
S214014F30B27803218DF8142004AA2046984703A8C6
S214014F4010F091F8CCE78368002BF8D003AA0492FE
S214014F507278EEE78368002BF1D00022059203AA4F
S214014F600492042104AAE8E7039D21460120AE79B4
S214014F7013F0C2F80F4B82689A4203D02846F7F71F
S214014F80B1FBADE7AB19D3F80D202046D3F81130AD
S214014F90FDF7E4FD2846F7F7A5FB2146012014F0AE
S214014FA09BFE0221B0E700209BE700BF25A0020080
S214014FB0179F02001B9F02002DE9F3410D46044690
S214014FC013F0A3F810F0010FAB7974D00C3315F879
S214014FD00380EE18B8F1010F4AD0B8F1080F42D09D
S214014FE0B8F1000F5AD12046718914F024FEB38817
S214014FF072889A4294BF07460027092B38BF0923B7
S2140150007278013B9BB29A4219D8002A08BF002742
S2140150102046FDF739F980B213F029F888B14388A4
S214015020B18800930846F388328914F04AFD50B9D6
S2140150302846F7F757FB012002B0BDE8F081474646
S214015040E6E70123ECE7002FF2D02146002013F01B
S21401505053F81023C560009373891B4A214600202C
S21401506014F0FBFDE7E72946204614F079FFE2E756
S2140150702046F18814F0DFFD0746701C11F0C0F9D8
S2140150800028D5D0002FD3D02146002013F034F8C5
S2140150902023C5600093F3880C4ADFE729462046A3
S2140150A012F09CF90028C6D12946204602B0BDE878
S2140150B0F041FFF7D3BE2B441B7B0E2BD3D02946E2
S2140150C0204612F07AF9EDE76DA00200B59F0200C6
S2140150D038B504460D4613F01EF842070FD4204695
S2140150E013F019F883070AD42046022113F015F8A5
S2140150F029462046BDE83840034A14F092BE2846A9
S214015100F7F7F0FA002038BD514C010038B50446D7
S2140151100D4612F0FAFF00F0050004280CD12046D7
S21401512012F0F9FF10F4C02F06D129462046BDE83B
S2140151303840044A14F075BE2846F7F7D3FA0C2017
S21401514038BD00BF7D4C0100014A14F06ABE00BFA5
S214015150414D010070B505460C460146012012F08E
S214015160CBFF0646284612F0D6FF010704D5204697
S214015170F7F7B8FA002070BD33685A05F7D4284609
S21401518012F0C3FFC30708D521462846FFF7A0FF44
S21401519018B910F033F9044670B156E8003F43F4ED
S2140151A0806346E80032002AF7D121462846BDE84A
S2140151B07040024A14F035BE0720DCE7A94D010015
S2140151C073B504460E4612F0A0FF00F00C0004284A
S2140151D04FF0020031D110F011F9054678B343794A
S2140151E0022143F00203437114F0EBFC2846FFF75B
S2140151F081FC29464670204614F0E1FC1621204623
S21401520012F0CEFF0821204612F081FF2146012030
S21401521014F092FD2146002014F08EFD204614F075
S21401522035FE0121204612F0BEFF0346012021462D
S2140152300090044A14F011FD002002B070BD072052
S214015240FBE700BF459F0200F0B589B00D46044656
S21401525012F05BFF10F00100AB7900F0A1800C3377
S214015260EA18EB5C033B082B00F23381DFE813F00E
S21401527009003101310182003101310131015C0047
S2140152807C00D2F80100D2F8051003ABB2F8097021
S21401529003C302F1130301210B32204613F060FF12
S2140152A00421284614F08DFC2846FFF723FC064609
S2140152B00C2105A800F026FA05AB03CB3346C6F849
S2140152C00100C6F80510079A002143F8092F204669
S2140152D0721C13F045FF2146002012F00DFF034615
S2140152E003AA478303CAC3F81200C3F81610204660
S2140152F00821FCF7DFFF8021204612F008FF204638
S21401530013F04AFF2946204614F059FC0321204693
S21401531012F049FF0346002021466F4A009014F020
S2140153209CFC012009B0F0BD0B21284614F049FC75
S2140153302846FFF7DFFB2946204614F040FC1AF00A
S2140153404BFF0546C021204612F0E1FE4FF4805186
S214015350204612F0E2FE28461AF039FF4FF480612B
S214015360204612F0DEFEDCE72846F7F7BBF94FF4DD
S2140153700071F5E70621284614F023FC2846FFF7BE
S214015380B9FB204613F074F92946204614F017FCA1
S214015390204613F026FF2146002014F09DFCC0E7AE
S2140153A02B441B7B043B072BBCD801A252F823F0ED
S2140153B0D1530100F5530100575401002553010054
S2140153C02553010025530100255301006D540100AA
S2140153D02046802112F09BFEAA7920460C322A44F0
S2140153E002F109030021013213F0BAFE2846F7F74D
S2140153F079F996E74FF48060FEF7E8FDB0B1002733
S2140154004FF40061204612F088FE2046CDE905776C
S214015410FCF73AFF0646204612F075FE394603466B
S214015420009505AAB0B214F06BFA7AE7214601207E
S21401543012F062FE00F11201204613F0E7FE06218B
S214015440284614F0BEFB2846FFF754FB29462046A3
S21401545014F0B5FB65E72846F7F744F92146012025
S21401546014F06AFC204613F0BCFE5AE71AF0B4FEAC
S21401547006468021204612F04AFE4FF4805120460F
S21401548012F04BFE30461AF0A2FE4FF4C0612046E1
S21401549012F047FE2946204614F091FB21460120D2
S2140154A012F02AFEC268054682B1937901210C33B7
S2140154B01A4402F1130320460B3213F051FE204624
S2140154C013F06AFE2046E96814F079FB0023EB60CE
S2140154D027E7002026E700BF25A1020010B5074CEC
S2140154E007492046002214F007FD2046FFF78AFAF6
S2140154F0BDE8104001200021FEF76EBD641F0020AC
S2140155004952010038B50C468B7905460C331944CF
S214015510E35C142B03D0152B0FD0002038BD0131CE
S21401552014F07BFE15212846224614F0BEFE2146C5
S214015530284614F044FB0120F0E70146012012F052
S214015540DBFD0B4B82689A4203D02046F7F7CAF878
S214015550F1E7A179284621440D3114F05EFE20467C
S214015560F7F7C0F82946012014F0B6FBE3E700BFC1
S214015570FFA2020037B504460D460A46142114F070
S21401558094FE2946204614F01AFB0321204612F009
S2140155900AFE30220346009221460120024A14F0F8
S2140155A05CFB002003B030BDFFA2020010B5074C23
S2140155B007492046074A14F09FFC2046FFF722FAC7
S2140155C0BDE8104020200021FEF706BD701F002018
S2140155D00555010003A3020073B51E46ADF8002071
S2140155E08DF80230009B044601A801930D46114632
S2140155F014F0FDFD9DF80630B34203D1BDF804302A
S2140156008B4205D02846F7F76DF8122002B070BD20
S214015610204612F08FFE9DF80230827A9A4209D116
S2140156208288BDF800309A4204D12846F7F75AF826
S2140156300020EBE76946204613F067FA2946204624
S214015640014A14F0EEFBE1E7755501002DE9FF4133
S21401565007460E461446DFF8388043466946384604
S2140156600A4AFEF77BFF0028F7D0102C254628BFF4
S214015670102530462A4669460FF02EF8641B2F4443
S2140156802E44EAD104B0BDE8F08100BF8D29002088
S2140156907D29002030B589B020226946FFF7D6FF64
S2140156A06A460C4D04AB144603CC9C4228606960E4
S2140156B0224605F10805F6D1074C08AD1A4603CA7D
S2140156C0AA4220606160134604F10804F6D109B0CD
S2140156D030BD00BF7D2900208D29002010B588B07F
S2140156E0694620200CF0E6F9044630B96846FFF713
S2140156F0D1FF0122024B83F82020204608B010BDBE
S2140157007D29002070B5134B054693F820300C46D2
S2140157108CB00BB9FFF7E2FF0023CDE90033CDE9EA
S214015720023354B91C22214605A804940EF0ADFF9D
S21401573004A8FFF7AFFF0CB070BD102C264628BF9B
S2140157401026294632466846FFF780FF3544A41BDB
S214015750E7E700BF7D29002010B5FCF7D1FF062240
S2140157600121064B0138DB6840B20333040600D53D
S21401577010BD02FB00F401381955F7E77C1F002025
S21401578038B5094D0446E86818B10FF0E0FF00236C
S214015790EB602CB1062120460FF0D6FFE86008B179
S2140157A0002038BD1920FCE77C1F0020820800F08D
S2140157B0030030B5430003290FD8DFE801F0020FDC
S2140157C01A260120591C144C00FA01F1984041EAAE
S2140157D00003A15C21EA0303A35430BD01200E4C53
S2140157E000FA03F5A15C03442943984021EA00032B
S2140157F0F2E70120084C00FA03F5A15C21EA050155
S2140158000344984041EA0003E6E70120024C00FA0F
S21401581003F5A15C2943F3E77C1F0020F0B5164C85
S214015820054694E80700267C0127002485B001ABD5
S21401583003C31A80C4F3C403EA5C04F0070307FA3F
S21401584003F31A42E0B210D103210134FFF7AEFF91
S214015850252CEFD10A22084901A80EF0ECFE48B12A
S21401586005B0BDE8F040FFF777BF012E14BF002159
S2140158703146EAE705B0F0BD7C1F002008B5FCF70D
S21401588003FD054B00B2DB6800EB400013F8100087
S214015890431E5842584108BD7C1F0020F8B50546F6
S2140158A0FCF7F2FC144E03B2F26803EB43035F000D
S2140158B002EB4303DA78F2B19A88B5F880102846ED
S2140158C00A449A805B7803EB830303EB8303DC00D3
S2140158D012F0D8FC40F271234FF47A714343B3FBC4
S2140158E0F1F3F2689BB23A449188A4B24B439C42CE
S2140158F0BCBF0223D370F8BD7C1F002070B50546DF
S214015900FCF7C2FC074E04463146284600F050F824
S21401591038B9F26823B203EB430302EB4303D870B2
S214015920988070BD7C1F002037B50446FFF7A6FFA0
S21401593018B3204612F0E9FBC3071ED5104D2B7C89
S214015940012B05D16846F8F735FF6846FFF766FF75
S2140159502046FFF7A3FF2046FCF796FCEB6800B253
S21401596000EB400003EB4003DB78022B05D1204619
S21401597003B0BDE83040FFF7C1BF03B030BD00BF84
S2140159807C1F002013B5044614F019F903212046A4
S21401599012F009FC02220346009221460120034A26
S2140159A014F05BF9002002B010BD00BFA1A50200F3
S2140159B070B5064600200D460FF020FD0446A8B13E
S2140159C0292114F0FEF82046FFF794F82B682146AB
S2140159D0C0F801306B68064AC0F805302B89A0F87C
S2140159E009303046BDE8704014F01BBA072070BD80
S2140159F08559010030B50446457887B02A46811C92
S214015A0001A80EF069FE01A92078059517F0C6FDDC
S214015A100446034819F08FF9848007B030BD00BFF3
S214015A202002090210B5D0F80110007817F0CAFD5F
S214015A300446024819F07FF9848010BD200209034C
S214015A4030B585B00DF10E030093B0F80330B0F811
S214015A500110421D007817F0C1FD04460448BDF848
S214015A600E5019F068F98480C58005B030BD00BFBE
S214015A702004091A10B5B0F80110C278007817F0A2
S214015A80D3FD0446024819F056F9848010BD00BFC4
S214015A902002090510B5007817F0BCFD044602483F
S214015AA019F049F9848010BD2002090D20F000404C
S214015AB0A0F20540F8B5032817D8DFE800F0021772
S214015AC028330C790F78A4F11B02534253414E88B8
S214015AD0CD8801F10802194899000FF097F920B115
S214015AE00771A0F80560C4710581F8BD0E784D8870
S214015AF08C8801F10802124800210FF087F900286E
S214015B00F3D00671A0F80550A0F80740EDE70D4860
S214015B100D784C680FF042F90028E6D00571A0F820
S214015B200540E2E707480C780FF038F90028DCD08A
S214015B3007234371002304718371D6E7A83203005B
S214015B40A4320300A032030010B586B004460B460B
S214015B5000920649012203A80BF03CFC20B9049BE5
S214015B6003A81C7119F05DF806B010BDCC32030015
S214015B7030B585B005460C4601A806490BF00AFC6F
S214015B8030B9029B01A81D71C3F8054019F049F808
S214015B9005B030BDC43203007FB506460D4601A8E8
S214015BA0074914460BF0F6FB38B9029B01A81E7193
S214015BB0A3F80550DC7119F034F804B070BD00BFCD
S214015BC0BC3203001FB50446054901A80BF0E2FBF1
S214015BD020B9029B01A81C7119F023F804B010BD6E
S214015BE0B4320300F0B587B00093064613460D465F
S214015BF002220C4903A80C9F0BF0ECFB044670B97B
S214015C00049B03A81E71A3F805500BF031FC044653
S214015C1017B1049BDB883B8003A818F0FEFF2046E3
S214015C2007B0F0BDAC320300002110B5821D838899
S214015C30044608460FF071FD024648B16188208887
S214015C4016F0C4FB0446034819F075F8848010BDAD
S214015C501A24F8E720020A1737B5B0F80140C578CC
S214015C60007815F04AFC68B1002321462A46CDE9A2
S214015C70003316F0A7FD0446034819F05CF884804B
S214015C8003B030BD2524F7E720020A04002313B52C
S214015C90CDE90033421DB0F80330B0F801100078AA
S214015CA014F097FC0446034819F045F8848002B0C6
S214015CB010BD00BF20020A190023802213B5CDE9CA
S214015CC00032421DB0F80330B0F80110007814F02D
S214015CD080FC0446024819F02EF8848002B010BDFC
S214015CE020020A1A08B50146034631F8040B5A8801
S214015CF016F025FD034819F01EF8002303714371C1
S214015D0008BD00BF20020A1B38B50A4B1C68038871
S214015D10073CA4B29C4228BF1C46204600F082FFE6
S214015D20051E054818BF002419F005F88580C480B3
S214015D3038BD00BF6C20002020040A0A37B5007861
S214015D400DF1060114F0CCFD044610B10023ADF8A8
S214015D5006300448BDF8065018F0EDFF8480C58073
S214015D6003B030BD20040A0B40F2055320F000407A
S214015D7098422DE9F0410BD840F20153984209D8D8
S214015D8040F2014398420DD040F20A43984214D0A3
S214015D90BDE8F081A0F20350022816D8DFE800F033
S214015DA024495C000D784C882D480EF0F7FF00283A
S214015DB0EED00571A0F80540EAE72A480C780EF007
S214015DC0EDFF0028E4D00471E2E727480F784E88FB
S214015DD00D79CC880EF0E2FF0028D9D00771A0F823
S214015DE00560C5710481D3E78C684E880D790F78FC
S214015DF084B1B1F8068001F108021C4800210FF0B9
S214015E0005F80028C4D00771A0F80560C571A0F890
S214015E100880BDE723462246214614480EF0CFFFF0
S214015E200028B5D00771A0F80560C57104724472E8
S214015E30AEE70F4891F800804F880E79CD880C891F
S214015E400EF0ACFF0028A3D080F80480A0F80570FF
S214015E50C671058144819BE70D784C680548A4E727
S214015E60F8320300E4320300F4320300F032030098
S214015E70EC320300E83203007FB506460D4601A862
S214015E800A490BF087FA044660B9029B01A89E8076
S214015E900BF0EEFA044615B1029BDB882B8001A8B5
S214015EA018F0BBFE204604B070BD00BF2C330300C3
S214015EB07FB506460D4601A80A490BF06BFA044663
S214015EC060B9029B01A81E710BF0D2FA044615B107
S214015ED0029BDB882B8001A818F09FFE204604B0A9
S214015EE070BD00BF2433030030B587B005460C46AD
S214015EF000930749134603A802220BF06BFA28B950
S214015F00049B03A89D80DC8018F08BFE07B030BD93
S214015F101C3303007FB506460D4601A80749144603
S214015F200BF038FA38B9029B01A81E71A3F8055088
S214015F30DC7118F076FE04B070BD00BF14330300A8
S214015F4030B587B005460C4600930849134603A8AA
S214015F5002220BF03FFA30B9049B03A81D71A3F887
S214015F60054018F05EFE07B030BD00BF0C330300DD
S214015F7030B587B005460C4600930849134603A87A
S214015F8002220BF027FA30B9049B03A81D71A3F86F
S214015F90054018F046FE07B030BD00BF04330300CD
S214015FA010B586B004460B4600920649022203A8A5
S214015FB00BF010FA20B9049B03A89C8018F031FE60
S214015FC006B010BDFC32030038B50A4B04461B6808
S214015FD00D462BB143699B0702D515F015FA30B172
S214015FE02A4620680421BDE8384017F0B9BBA369EA
S214015FF09D6138BD901F0020014B1860704700BF9F
S214016000901F0020024B1868003818BF0120704707
S214016010901F002013B50446019120B901A80FF086
S21401602022F8212012E008460029FAD00FF0A7F83E
S21401603080B20028F2D0094B20461B6801994BB16B
S214016040984728B92046019901F0AEF902B010BD73
S2140160500020FBE701F0EAFDF3E700BF901F0020F8
S214016060436A70B55904044616D4154A03F400432E
S21401607092F82420012A10D1826A92040DD4002BB2
S21401608000F101010CBF5320142015F035F918B9A1
S214016090636A43F00803636270BD002BFCD1094DAF
S2140160A0661C2946304600F077FD0028F4D12B689F
S2140160B0C4F80130AB88A4F80530AB79E371E7E7A3
S2140160C0D01F0020DB1F00202DE9F0411E4E30714D
S2140160D0C0B3334600224821F2F75EFF38B90546C1
S2140160E04FF0480807463379AB4202DC0020BDE892
S2140160F0F0813468002108FB05441422A76104F1ED
S21401610034000EF0C2FAA0224FF4A073C4E90723AC
S214016110072304F1100084F83130E773E7710EF0BD
S214016120A2FF04F114000EF09EFF204614F0E3FBDC
S21401613040F20113E3857F23A76284F83230676259
S2140161400135D0E73060D1E7941F0020084A0346A6
S2140161501179814209D9106840B103EBC30300EB02
S214016160C300406A00F0010070470020704700BF7E
S214016170941F002038B504460D46FFF7E7FF034697
S21401618040B10020044B04EBC4041B6803EBC403BA
S2140161902B6038BD2120FBE7941F00202DE9F04F2E
S2140161A00446344A93B0106851680FAB03C3906835
S2140161B012AA1860E37B94F82E7002EB430333F8BF
S2140161C00C1C636A94F82F60DA0444D4012637461F
S2140161D041F0100194F80E80C3F340495B0348BFB9
S2140161E049F002098BB288F00808012F94F800A044
S2140161F094F831500B9304F1080BD4E90723C8F344
S214016200C00894F9324005D0022F03D0042F14BFE2
S21401621000270327012E05D0022E03D0042E14BF1B
S214016220002603265046CDE90C2314F008FCDDE9D0
S2140162300C230121CDE90760CDE900515046CDE997
S2140162400547CDE903B90B99CDF8088002F028F887
S21401625013B0BDE8F08FA26A950648BF41F0200151
S214016260500648BF41F04001DA0348BF41F004013F
S214016270B0E700BF3433030037B5044648B10478AD
S2140162802046FFF763FF10B9002003B030BD01348C
S214016290E4B2074D2B79A342F6D9204601A9FFF7B0
S2140162A069FF08B90198F0E70134E4B2F2E700BFEC
S2140162B0941F00202DE9F04F054600F1100887B025
S2140162C0404605F114090C4616460EF0CCFE48462B
S2140162D00EF0C9FE00200FF091F80390002800F0A0
S2140162E00B81012E40F2726618BF1F26012C63D067
S2140162F0022C0CBF06240424022114F006FB012103
S214016300039814F002FB2146039814F0FEFA039852
S2140163100EF035FF012384B2311B0A22009389B2A5
S21401632042F60723039814F040FB04230444A4B266
S214016330311B0093122242F60423039889B214F00B
S21401634034FB00EB040A1FFA8AFA039BA6EB0A0742
S214016350012F049332DC0024DFF8A0A1DDF80CB095
S2140163609AF82430002B00F0A78040460EF07BFE02
S2140163706B6AC5F810B043F080026A62DB0400F174
S214016380AD809AF82400002840F0A8800FF036F877
S2140163900390002800F0A280314614F0C1FA0028CC
S2140163A040F3A6804846039C0EF05DFE6B6A6C6166
S2140163B043F480736B6291E005249DE700200FF0A3
S2140163C01DF805900028C6D0022100F08DFFB41EEE
S2140163D0A4EB0A04A4B28442824613D224F001013B
S2140163E01FFA81FB411A05A8DA460EF06AFF4FF044
S2140163F0020BBAF1000F08D10598E8B905A80EF00E
S21401640032FEA8E74FF0030BF3E70AF10101049807
S214016410C9B214F07AFA5946049814F076FA059936
S21401642004A80EF0C7FF00200EF0E8FF0590002834
S21401643036D0A4EB0A04A4B2022C38BF0224A4F17D
S214016440020B1FFA8BFBBBF10F0F30D9102100F0A6
S2140164504BFF834504461FD22BF00F011FFA81FB29
S214016460411A05A85C460EF02CFF4FF0060B611C86
S2140164700498C9B214F049FA5946049814F045FA3A
S214016480059904A80EF096FF0AF102031C44A4B273
S214016490BAF1000F08D15FE748B14FF0070BE6E706
S2140164A005A80EF0E0FD54460234A4B254E705A850
S2140164B00EF0D9FD5446EBE7391B89B2584614F065
S2140164C02FFA04464046039F0EF0CDFD6B6A2F61FE
S2140164D043F080026A62002C3FF450AF686A10F005
S2140164E0100002D0284614F0E5FA07B0BDE8F08F98
S2140164F003A80EF0B8FDF1E71A20F6E7D01F00203A
S21401650070B5144B0546197918680023994201DCC9
S2140165101A201AE0426AD60718D490F83940640760
S21401652014D4DCB203460C4903F8014BD1F80B60D6
S21401653042F00902C0F80160B1F80F60497C9E8004
S21401654099714262FFF72AFE2C7070BD0133483004
S214016550DCE700BF941F0020D01F002073B505792B
S214016560C67801A92846FFF705FEE8B9019C636ACB
S21401657023F01003636276B92946A069621C0F4BAB
S21401658000F0FEF8222231460C48A66102B0BDE8B2
S21401659070400EF07AB8204614F0ADF9636A5A06D8
S2140165A004D523F04003636202B070BD284604F1AF
S2140165B0340102B0BDE8704002F008BCF61F0020AE
S2140165C02DE9FF4791420E4615469946BDF830A083
S2140165D0BDF83480BDF8387003D9212004B0BDE879
S2140165E0F08740F67A428B1F9BB29342F5D8B5F5F9
S2140165F0486FF2D8B9F5FA7FEFD240F67642AAF1A3
S2140166000A039BB29342E8D809F101039BB26B439C
S214016610B3EB8A0FE1DAB845DFD8FF280BD1184B68
S21401662059829D82A3F81690A3F818A0A3F81A80A1
S2140166309F830020D2E702F09DF804460028CCD0C4
S21401664090F873302A46012B31464B46CDE9018737
S214016650CDF800A008D101F001FD0028BED1A4F8B4
S2140166606880A4F86A70E4E701F0F8FC4B462A4615
S21401667031462046CDF800A017F092F8EDE700BFAE
S214016680D01F002037B504460D4614F0ADFC6988CE
S214016690204617F0ACF96A7E2B7E204643EA022399
S2140166A0A4F862306A7F2B7F43EA0223A4F86430A1
S2140166B0EA7EAB7E43EA0223A4F866301B23A4F8E5
S2140166C06C302D4B5A8B9B8BA4F86820A4F86A304B
S2140166D0022384F8723017F057FB204617F0F4F8BF
S2140166E094F87330022B15D117F0CEF870B194F9E7
S2140166F0753001330AD105212046A36843F480533F
S214016700A36003B0BDE8304014F056BD002120461A
S21401671017F070F90021204600F0C0FA4FF6FF731B
S214016720288C984225D000F061FA009400F04CFACB
S2140167306A46ADF8040040F20621104818F0AAFB9C
S214016740002240F20221204618F060FB204602F0AB
S214016750D7F8204617F0BEF8204601F0CBFCA36818
S214016760012123F480432046A36014F029FD03B0E1
S21401677030BD0020D9E700BFD01F0020C41F002075
S214016780F7B504460F46164668465A79991D1D46C2
S21401679000F0E0F92CB96946304601F09FFF044647
S2140167A0A0B140F2032384F87670A4F872303368FF
S2140167B02946C4F85A30B3882046A4F85E30B37927
S2140167C084F86030FFF75EFF03B0F0BD032140F2AE
S2140167D0064016F05AFF6B88A0F803300D2343716C
S2140167E00148F8F7FBFBEFE7F1920200A0F11B036B
S2140167F0E02B10B5044618D8042142F2240016F006
S21401680044FF6FF06F0343714223A0F80340837186
S2140168100748F8F7E3FB16F066FF407920B116F05B
S21401682062FF407940F4805010BD2120FCE700BF94
S214016830779602002DE9F0439946002387B00F9E14
S214016840334C3360236A07460D46904613B1022344
S214016850336012E017F0ECF8074213D037EA000075
S21401686010D1012F01D0042F0CD1284633464946BA
S2140168700E9A14F0B9FC054630B90025284607B033
S214016880BDE8F0832123E3E738460BF075F9306065
S214016890002833D194F82430012B18D12368DB0764
S2140168A015D4DFF87090484616F0F0FF306028BB2C
S2140168B02368606843F00203B9F80420236099F85E
S2140168C00630C5F85A00A5F85E2085F860300BF052
S2140168D06DF9306090B9A38B3A460593638BFF211F
S2140168E00493238B28460393E38A0293A38A019396
S2140168F0638A0093434601F097FA3060336823B108
S2140169000021284601F086FFB7E72562B6E700BFFB
S214016910D01F0020D41F002007B590F870304FF428
S214016920887101AA03488DF8043018F0B3FA03B051
S2140169305DF804FBC41F0020F7B5C67805463C2E5B
S21401694000F1020404D103B0BDE8F04014F0BABA75
S21401695087792FBB214A156A1762D6B12146284688
S21401696046F4805614F040FB40F201216A46284660
S214016970EE6085F87270CDE9005618F08BFAAB68B8
S214016980394643F480632846AB6001F043FF03B009
S214016990F0BD2146284603B0BDE8F040FFF772BEC1
S2140169A04FF6FF73408C98420DD000F01FF950B19E
S2140169B000F08CF823460246FF21002003B0BDE814
S2140169C0F040FFF7DDBE064B223554F8042BAC42EF
S2140169D043F8042BF9D122881A80D8E7D01F00206B
S2140169E0F61F00201FB50446B0F8030001F0B4FE00
S2140169F008B3B4F8053090F87020A0F86C308DF824
S214016A000420ADF80630227AE37940F2091143EA10
S214016A100223ADF80830A27A637A084843EA0223D3
S214016A20ADF80A30227BE37A43EA022301AAADF8E5
S214016A300C3018F02FFA04B010BD00BFC41F0020A0
S214016A401FB50446808801F087FE80B190F870304B
S214016A500E218DF80430D4F806300648CDF80530FE
S214016A60D4F80A3001AACDF8093018F013FA04B0A8
S214016A7010BD00BFC41F002013B50446808801F076
S214016A806BFED8B190F870306A468DF80030E37826
S214016A904FF403718DF80130A37909488DF802305F
S214016AA0E3798DF80330237A8DF80430637A8DF814
S214016AB00530A37A8DF8063018F0ECF902B010BD57
S214016AC0C41F002000487047DB1F0020044890F8D0
S214016AD0241000F10B020430012918BF104670473C
S214016AE0D01F002038B58379044613F0280F25D02F
S214016AF00368134DC5F80B308388A5F80F308379EA
S214016B0000206B74FFF7B8FB40B92B68032043F0F5
S214016B1002032B60BDE838400BF0F0B8436A13F46B
S214016B20404FEFD1226843F00803C0F80120A28845
S214016B30A0F80520A2794362C271E3E7212038BD9F
S214016B40D01F00204379024A9B09D05C704700BFE2
S214016B50503303000B6810B503608B88FF2A044688
S214016B60838002D10723A37109E0032A08D8054BC5
S214016B709B5C072B837102D1FFF7E4FFA07110BD68
S214016B800023F0E7543303008379024A03F0070336
S214016B90D05C70474833030010B582798B79094C75
S214016BA002F0070203F00703A25CE35C9A4206D1F7
S214016BB006220DF040FDB0FA80F0400910BD00201D
S214016BC0FCE700BF4033030050B11422064B1B689C
S214016BD0C31AB3FBF2F3007C40EA032080B270478D
S214016BE04FF6FF70704700BF882B00200246094908
S214016BF00B7A0968FF2B01D10020704703EB830352
S214016C0001EB830031F82330C3F30B039342F4D036
S214016C10437CEFE7882B0020F722014B1A80704750
S214016C20522F0020162883BF024B188000202120F7
S214016C30704700BF522F002010B5044658B30068B5
S214016C40836CA3421FD1636883642246124918F0FD
S214016C50EDF804F10C0018F009F904F144000EF007
S214016C6002FAA06948B114300EF0FDF9A069183097
S214016C700EF0F9F9A0690EF06AFD2046BDE8104055
S214016C800EF065BD1346002BDFD05A68A242F9D13B
S214016C9062685A60D9E710BD99B4020070B505461E
S214016CA048200E460EF04EFD044650B1FFF7AAF9F5
S214016CB060B11C200EF046FDA06128B920460EF0FA
S214016CC046FD0024204670BD00230370032128469C
S214016CD016F090FEAB6C22466360AC6417232681E7
S214016CE000266381144928462560267766640AF0E3
S214016CF029FE02F0A3FA3246014604F10C000AF01E
S214016D0021FE02232374FFF77DF918B90B4B1B787C
S214016D10002BD7D00A4B19881729D3D9204613F050
S214016D20F7FC0028CED11321204614F07AFB6369C4
S214016D3043F002036361C5E799B402009E2900206F
S214016D40522F0020F8B5054610B3002920DB114C60
S214016D502468247E8C421BDD3F2919DC032701F0C1
S214016D60030600EBA10191F831407600B74002F02E
S214016D70030224EA0704B240224381F8312013B10A
S214016D80002114F008FC2846BDE8F84014F060BC69
S214016D90F8BD00BFA41F002070B5164600221A7069
S214016DA032800A7A0D46072A4DD8DFE802F0040938
S214016DB00D111A1E304AE86830F8023B338043E072
S214016DC0EB68981D5B88F9E7EB68981D9B88F5E7EB
S214016DD0697B14F02DFC02221C4B18801846328069
S214016DE032E002231A4833802EE01A4C2B7BE889C6
S214016DF023702B88E11C013363702B8801331B122F
S214016E00A37000F0D9F90330308020461CE0124C04
S214016E10A889EB89020AA3701B0A20706270E370CE
S214016E2000F03CFA58B1C3681A88022A07D19A784A
S214016E302271DB78637106230748338004E004235C
S214016E40FAE780221A70002070BD00BFB829002022
S214016E5058330300A52900209F290020054A064B28
S214016E601860136843F001031360828B034B1A808A
S214016E70704700BF9C1F0020A41F00207A2400201A
S214016E8000232DE9F04FDFF8B89191B0D9F80070E2
S214016E90054617F00807CDE90633CDE908330AD0D1
S214016EA0644B03F1100253F8041B934245F8041B8C
S214016EB0F9D1002015E0102239460DF0E6FB03203B
S214016EC0F2F758FE0EF03EFC804648B10620F2F777
S214016ED051FE0EF037FC064630B940460EF037FC40
S214016EE01A2011B0BDE8F08FCDE90477F3F7BEF9AB
S214016EF0044668B140460EF02AFC30460EF027FCE8
S214016F0040F20740214616F0BEFC40F20740E8E793
S214016F100CF0A9FF4FF4A053DFF828A10002C6E940
S214016F20023A454B7060336010223046776104ABFD
S214016F3006A90DF018F90446A0B952464046049930
S214016F400DF0EBF9044668B9BB463C4BBAB21B6878
S214016F50D988914227D810222946404605AB0DF024
S214016F60FAF9044640460DF06AF940460EF0EFFB8A
S214016F7030460DF031FA30460EF0E9FB04980DF07C
S214016F80D4F8002CBCD12B4B05F1100255F8041B8C
S214016F90954243F8041BF9D1D9F8003043F00803B1
S214016FA0C9F8003085E71A68BCB2210102EB041467
S214016FB02046ADF80EB00191009214F04CFF8246C7
S214016FC0204600F03FF930B3DDE90021AAF5205054
S214016FD080B2032802D9BAF5245F1ED1525A002086
S214016FE02146ADF828200DF10D030DF10E02ADF886
S214016FF02AA0FFF7D1FEBDF80E2001460BA80DF022
S2140170006BFBBDF80E20404604320AA90DF088F944
S21401701004460028A6D1013797E70AF55640FF3007
S21401702080B20428F7D8525AADF82AA0ADF8282025
S214017030E7E700BFBA29002000248000A41F002033
S2140170409C1F00200002C003134B01461B6870B54D
S21401705013F0040306D00022104B1C68E38990B29B
S214017060834209D80E4A14680022E58990B2854207
S21401707009D84FF6FF7005E0A56835F812500132C1
S2140170808D42ECD170BDA66836F8126001328E4290
S214017090ECD1034498B2F5E79C1F0020A01F002006
S2140170A0A41F0020094B1B685B070AD5084B1A680A
S2140170B0D389834203D9936833F810007047C01A06
S2140170C080B2044B1B689B68F6E700BF9C1F00203C
S2140170D0A01F0020A41F002038B5046805460C2216
S2140170E0204608490DF0A7FA50B90222064904F1D4
S2140170F00E000DF0A0FA18B902200C342C6038BD31
S2140171001020FCE75B330300693303002DE9F743E6
S214017110102801910BD0022804D04FF6FF7003B05F
S214017120BDE8F083019B1888FFF78EFFF7E701A8FB
S214017130FFF7D2FF0228F5D01028EED11B4B019F96
S2140171401E6816F0040608D00024194BD3F80080F8
S214017150B8F81660A5B2AE421AD80025154BD3F87A
S2140171600080B8F81690ACB24C45D6D2D8F81000CC
S214017170102200EB051039460DF05DFA01350028A6
S214017180F1D1A0196FEA40406FEA504080B2C6E7DD
S214017190D8F81000102200EB041039460DF04BFA17
S2140171A001340028D6D145F40040B8E79C1F0020E2
S2140171B0A01F0020A41F0020020408B51DD5124BF5
S2140171C0C0F30E001B685B0713D5104B1A68D38AF1
S2140171D098420CD2136903EB001000F1100350F82B
S2140171E0042B984241F8042BF9D1102008BDC01A8F
S2140171F080B2074B1B681B69EDE7FFF753FF08706A
S214017200000A48700220F1E79C1F0020A01F002002
S214017210A41F002038B50446094B1B681D68A5420B
S21401722009D2204621B914F020FE30B1103402E014
S21401723014F024FE08B1204638BD103CEFE700BF2D
S214017240A41F0020437ADA0702D5C3F380007047F3
S214017250034BC2881B881A4214BF012000207047C6
S2140172607A2400200A4B1B68DB0708D570B1094B4E
S2140172701B68DB88834234BF00200120704728B199
S214017280054B1B88834294BF00200120704700BF36
S2140172909C1F0020A41F00207C24002070B50246FD
S2140172A0FFF7E0FFE8B10F4B1968CD88954209D387
S2140172B002F180500B680138040103EB00101B5BE0
S2140172C093420ED0002398B2854201D8002008E0F0
S2140172D00E681C01345B06EB0310944203F10103B4
S2140172E0F1D170BDA41F00202DE9F34100250E4603
S2140172F0A846174F01903A68ABB2D18899421DD97A
S2140173001468ABB204EB0314B4F90430002B1CDA96
S2140173102046FFF797FFC0B1E1680B889E4214D163
S2140173203246019802310EF0CBF9E36882B21B882F
S214017330934207D0114601A80DF0C3FF404602B0A4
S214017340BDE8F08143441FFA83F80135D3E700BF57
S214017350A41F00207FB5134B0E4605460446039333
S214017360A0B114F001F978B900223146204614F094
S2140173702BFA022807D180233146009320460423A6
S21401738003AA14F052FE0DB104B070BD204614F0ED
S214017390BAF804460028F7D014F0E6F80028F5D12C
S2140173A0E2E700BF0100FFFF2DE9F04F97B08346EB
S2140173B0099114F01FF8099883790C33C45CC51839
S2140173C00DF0DDFE202C0646099F26D8012C28D973
S2140173D0C74BA21ED2B2D340DA0722D5384697F859
S2140173E006800DF0CCFEBBF80A2083B29A4228D262
S2140173F014F0010240F0A78004F07F03522B00F046
S214017400A2801E2C00F09F80099B214600935846BF
S214017410042313F08EF921240CE004F07F03522B91
S214017420DCD02146062300225846009713F081F946
S21401743041F20614584613F0E2FF204617B0BDE8A5
S214017440F08F47443A7B013B202A9BB246D8012A5B
S214017450CED9023A1E2ACBD801A151F822F000BF9C
S214017460FD740100F173010001750100F173010063
S214017470F5740100F1730100E9740100F173010074
S214017480FD740100F173010001750100F173010043
S21401749005750100F1730100E9740100F173010043
S2140174A033750100F1730100F1730100F1730100FE
S2140174B037750100F17301003B750100F17301009E
S2140174C0F1730100F1730100F1730100F173010022
S2140174D03F750100F173010005750100522A28D09D
S2140174E0D22A85D10D2B06E0062B11D0142B7FF462
S2140174F07FAF0DE0052B7FF67BAF09E0022BF6E7A9
S214017500042BF4E7032B7FF673AFDB073FF570AF71
S214017510022C00F00281DBF800309B689F0516D430
S2140175200BF144000DF09FFD099BCBF8443000247D
S21401753080E7012BDFE7032BDDE7012BD7E7002BE5
S2140175407FF456AFE4E709A80DF08DFD63E71E2C26
S21401755000F03683584614F007F80746002840F036
S2140175608280584613F0FBFF00287CD004F07F038E
S214017570522B00F0CE80082C68D1B6B2152E14BF5F
S21401758002201020691D13F0D5FF00285ED0DBF81D
S2140175901430D8074BBF23F0010343F001033946EB
S2140175A0012158464CBFCBF81430CBF8143013F0F9
S2140175B0F2FF09980D9013F029F80446B0F80180FF
S2140175C0B0F803900D980DF0DAFD152814BF0225CA
S2140175D01025053421462846FFF798FD21460390DD
S2140175E0284613F0A7FF0490B8F1000F00F052816F
S2140175F0C84500F24F81022109200D9A13F029F89F
S214017600BBF80A708246023FBFB23E4640464FF084
S214017610FF354946039A14F0A2FA0446002800F002
S2140176207B8114F059F8002800F09381012221464D
S214017630584614F0F8F803468DF82E00002800F09E
S2140176402E810D9A009222460821B2E0DBF8143012
S21401765013F001064ED023F0010300215846CBF863
S214017660143013F098FF202C72D8032C75D9231FE1
S2140176701C2B72D801A252F823F000BF69790100D1
S2140176805B7701005B7A01005B770100B37501004F
S2140176905B770100457B01005B770100637B01009E
S2140176A05B770100797B01005B770100677701005A
S2140176B05B770100917B01005B7701005B7701003E
S2140176C05B770100AD7B01005B770100B77B0100B2
S2140176D05B7701005B7701005B7701005B77010058
S2140176E05B770100C17B01005B770100877B0100AE
S2140176F05555515043F0010301215846CBF814303B
S21401770013F049FF1223324621465846009613F0DD
S21401771010F809A80DF0A7FC09E7099DBA4C284600
S21401772012F074FF2188B0F801602A46584613F01B
S21401773015F82388BBF80A10B34228BF3346172B27
S214017740B8BF17235846ABF80A3013F03FFEEEE6F3
S214017750522C00F02482D22CDBD0099B002200930D
S2140177602146062325E0099F384612F04FFF0546BD
S214017770B0F80180B0F803A038460DF000FD1528DA
S2140177800CBF20460220691DFFF7C0FCB5F8053086
S21401779004900793B8F1000F07D0D04505D814F030
S2140177A03CFB50B91023009701E0012300974246A5
S2140177B01021584612F0BDFFB9E63A4602211120C3
S2140177C012F047FF44464FF0FF35BBF80A300590EC
S2140177D09E1E0393063B9BB2B6B2089351462046C3
S2140177E0049A14F0BCF9814668B35146079A14F01E
S2140177F003FA0446484613F06FFF40B94FF6FF738D
S2140178009C4201D00134A4B25445E7D91BE04FF0A5
S21401781000030DAAADF8343049460CAB584614F0B7
S2140178209FF8039ABDF83430053A9A42089A0690B2
S214017830D8BF1346002DADF8343009DB9D4202D186
S214017840EB1CB34208DB691C1CD10A230097AEE788
S214017850351F9D42A8BF1D46042211A93846ADF822
S2140178604490ADF846400DF02BFF2A46384606995F
S2140178700DF026FF4FF6FF73043E761B9C42B6B210
S214017880C0D1E0E73946059B04355D705846FEF7E2
S2140178909BFB4CE60D9B009301234246D4E6049BDA
S2140178A013B1204613F0FCFE204613F02DFFD8B18D
S2140178B0002D54DC0DA80DF0D6FB082358468BF896
S2140178C01C3050F80C2B40F2025192F870208DF8C3
S2140178D0483000238DF8442011AAADF84640ADF893
S2140178E04A3017F0D7FA22E6ADF844000DF12E0320
S2140178F02146584611AA14F033F8BDF844300590D5
S214017900BB4228BF3B46002DADF844300ADBAB42F4
S21401791002D16B1CB34209DB6A1C0D9B1FD100937D
S2140179200A23BAE7B51E9D42A8BF1D4602220CA92E
S2140179300D98ADF830400DF0C3FE2A4605990D9816
S2140179400DF0BEFE4FF6FF73023E761B9C42B6B2AA
S214017950E2D0601C80B28145BFF45BAEDCE7023545
S2140179600D998AF8015091E7DDF82490484612F007
S2140179704DFEB0F80330B0F801800493B8F1000F63
S21401798044D0984542D84FF6FF774A460221052053
S21401799012F05FFE4546BA46BBF80A400590023C27
S2140179A0A4B22946584614F0BCF9504506464CD0B8
S2140179B04FF400622946584613F035FF00283FD1A0
S2140179C0304614F046FA00280CBF02231023574510
S2140179D0039321D0304614F03CFA0690384614F052
S2140179E038FA069B834203D1039B0133A34214DB7F
S2140179F0384614F02EFA059B013019465870584641
S214017A0012F080FE93E500BF522F00200123CDF82F
S214017A10009042460421CCE637460DF14601304639
S214017A20ADF84450FFF7C8FB039B48469A1C11A9C2
S214017A300DF046FE039B023CE41A5545A4B2D7D08E
S214017A40049B0135ADB2AB42ABD24FF6FF739F42FA
S214017A50CED10A23CDF80090DBE7DDF82490002490
S214017A60484612F0D3FDB0F80530B0F803A0B0F8E0
S214017A7001600746484603930DF081FBC51FADB272
S214017A80102D0C945AD82A46F91D0DA80CF024FE88
S214017A90002E55D0564553D84A460121072012F0EC
S214017AA0D8FDA046074633460A249A45049307D9CB
S214017AB03946BBF80A0012F0AFFD0328049B04D830
S214017AC0B8F1000F1CD0394699E7ADF84430039B56
S214017AD05846ADF848300DAB139300230BAA00931C
S214017AE011A90DF12E03ADF846A0ADF8505014F0D3
S214017AF0AFF80A280446E3D0BDF82C3030B11E4654
S214017B00234632460621CDF8009052E6ADF83030D5
S214017B10BDF82E300CAAADF8323039460423BBF836
S214017B200A0012F084FD4FF6FF72BDF82E30934224
S214017B30C9D001334FF001089BB2B6E70424DFE752
S214017B400124DDE70A23099C8BF81C30204612F03D
S214017B505DFD23460022B0F80110584614F035FBAF
S214017B60E5E4099C204612F051FD0C238BF81C30ED
S214017B70B0F803202346EEE75A460F210E20099B54
S214017B8014F07CFBD3E45A4621212020099BF7E719
S214017B905846099AB5F8011014F05DFCC7E458463A
S214017BA0099AB5F8011014F0B1FCC0E458460999D9
S214017BB014F0EBFCBBE45846697814F051FDA8E5D7
S214017BC0584614F06DFDA4E57FB5174A06461368BE
S214017BD042F6052023F00803136013F0FBFF054669
S214017BE050B16846FFF74CF9002013F08CFC0446B0
S214017BF020B92946FFF7AEFB04B070BD10226846D7
S214017C0004F121010CF017FD38B10121204613F0D3
S214017C10C2FC636923F0010363611EB1314620464D
S214017C2014F0B0F82046E0E79C1F002037B58B79AA
S214017C300A460C33CD180191C95C044611F00103C4
S214017C4029D01D290AD101211E2012F002FD01466C
S214017C50204612F057FD012003B030BD032916D18E
S214017C600E4BB5F801201B884189934228BF134665
S214017C70172BB8BF1723438113F0A8FB636940F2A3
S214017C80094123F002032046636113F0C7FB01A8F4
S214017C900DF0E9F9DFE71846DEE700BF522F0020B6
S214017CA037B5054614F051FE0446E0B9AB691248F3
S214017CB058602346284614F061FE044698B9A86920
S214017CC04369C28881884089019098790C300344C1
S214017CD0009328464FF4205315F0DAFE044628B1E7
S214017CE0284614F03FFE204603B030BD0221284648
S214017CF013F097FBF7E700BF0100FFFF38B5124B03
S214017D0004461B8842898B4228BF0B46172BB8BFF7
S214017D1017231146438113F059FB636923F00203CD
S214017D206361A3699D693DB10022294620469A6197
S214017D30BDE83840FEF748B940F20941204613F045
S214017D406DFBA3691D7038BD522F00200148FEF758
S214017D5053B900BF258A01000022024BC3E9002265
S214017D609A607047AC1F0020014B1860704700BF37
S214017D70A81F002013B500F071FA78B1019083793D
S214017D800C33C418204602F03BFA034610B12046D5
S214017D9001A9984701A80DF066F908E000F06AFA13
S214017DA0019020B1034B1B68002BF3D0984702B01B
S214017DB010BD00BFA81F002010B50446062142F2E0
S214017DC0050015F062FC2368C0F80330A388A0F80C
S214017DD007300648F7F702F915F085FC407918B127
S214017DE0BDE8104015F02EBC10BD00BF45F00000E8
S214017DF010B5044606214FF6284015F046FC2368C8
S214017E00C0F80330A388A0F807300648F7F7E6F86D
S214017E1015F069FC407918B1BDE8104015F012BCA8
S214017E2010BD00BF85F100002DE9F043044685B082
S214017E3000200D46174699460DF0E0FA0646002842
S214017E405BD04FF0C8134FF000080093BDF83030F8
S214017E50ADF80430BDF83430ADF80630BDF8383032
S214017E60ADF80830BDF83C30ADF80A30BDF840300A
S214017E70ADF80C30BDF84430ADF80E3047FA08F3D3
S214017E80DB0704D51022694630460DF0C8F808F124
S214017E900108B8F1030FF1D132460C2142F28500F8
S214017EA015F0FEFBFF2D057118BF94F87650877309
S214017EB0C57080F8059094F8603083F00803C3F32A
S214017EC0C003837194F8523083F00803C3F3C003F0
S214017ED0C371E36C8360B4F8503083810848F7F7C8
S214017EE07DF815F000FC807820B115F0FCFB807859
S214017EF040F4805005B0BDE8F0831A20FAE700BFD1
S214017F007D94020008B5002142F20E0015F0BDFB7B
S214017F10BDE808400148F7F761B800BF4D9402007C
S214017F2038B590F872300446032B154606D1FFF794
S214017F30E9FF0123002084F8723019E0C9B9012B4A
S214017F402DD9032140F2064015F09FFBB4F86E30A0
S214017F504571A0F803301348F7F740F815F0C3FB56
S214017F608378002BE5D015F0BEFB807840F4805076
S214017F7038BDA3B102214FF6044015F086FBB4F8D4
S214017F806E30A0F803300848F7F728F815F0ABFB79
S214017F904379002BCDD015F0A6FB4079E6E7022009
S214017FA0E6E700BFF192020027930200F8B5074604
S214017FB00E4642F23200062115461C4615F065FBB8
S214017FC0B7F86E304671A0F803309DF81830857109
S214017FD00372C4710648F7F701F815F084FB807840
S214017FE020B115F080FB807840F48050F8BD00BFCA
S214017FF0736F020038B505460C464FF6054006215C
S21401800015F043FBA0F80350C0F805400548F6F705
S214018010E5FF15F068FB407918B1BDE8384015F06A
S21401802018BB38BD6993020038B505460C464FF6B5
S2140180300640062115F029FBA0F80350C0F80540BC
S2140180400548F6F7CBFF15F04EFB407918B1BDE8B1
S214018050384015F0FEBA38BDA1930200F8B50746C0
S2140180600E4642F213000E2115461C4615F00DFB76
S214018070B7F86E30A0F80560A0F80330BDF81830E8
S214018080A0F80750A0F80B30BDF81C30A0F8094046
S214018090A0F80D30BDF82030A0F80F300648F6F7EE
S2140180A09DFF15F020FB807820B115F01CFB807831
S2140180B040F48050F8BD00BFD993020070B5064663
S2140180C00D4642F27A000421144615F0DEFAA0F8B5
S2140180D00360457184710648F6F780FF15F003FBCF
S2140180E0407918B1BDE8704015F0B3BA70BD00BF55
S2140180F0219A020010B50446022142F2300015F022
S214018100C4FAB4F86E30A0F803300B48F6F766FFF1
S21401811015F0E9FA43792BB915F0E5FA017A20460C
S21401812000F010FC15F0DFFA407920B115F0DBFA0B
S214018130407940F4805010BD15F4000038B505466E
S2140181400C4641F20540022115F09FFAA0F80350B3
S2140181500848F6F743FF15F0C6FA90F90830237081
S21401816015F0C1FA407918B1BDE8384015F071BA7A
S21401817038BD00BFA596020001480CF092BF00BFB3
S214018180B01F002040F6FF732DE9F3410D46B0F80D
S2140181906E100192994205D101A80CF064FF02B05D
S2140181A0BDE8F0811146134601229BBB1E480DF027
S2140181B048F8FFF7E1FF04460028F0D00CF0DFFF97
S2140181C06379074603F001086FF300036371042126
S2140181D02046A6680DF016F94379044668F30003B5
S2140181E04371DB438179B6F86E200C31866003F06B
S2140181F001036254C2F30322084442EA03124270A6
S214018200478022463046294615F0C0FD2046F6F73F
S214018210F9FECEE75C79986024F0030414435C71A0
S21401822000221B68C1E700BFB01F002070B50546DD
S214018230064C206800B970BD8368AB4204D106685D
S214018240F4F750FA2660F4E70446F2E7B01F002080
S214018250014601480CF0F5BFB41F002001480CF0A0
S21401826020BF00BFB41F0020014601480CF0E9BF43
S214018270AC1F0020034803680BB10CF012BF184670
S214018280704700BFAC1F0020044B1A6822B99868DB
S214018290003818BF0120704701207047AC1F00202E
S2140182A02DE9F041154606460F4642F236001921E1
S2140182B01C46DDF8248015F0E8F92B0AC371230A61
S2140182C083729DF81830857103739DF81C304472D3
S2140182D043739DF820302D0C240CC67087800572E0
S2140182E0C4728373D8F80030C0F80F30B8F8043081
S2140182F08676A0F813309DF8283043759DF92C300A
S21401830083759DF83030C375002303769DF83430AD
S21401831043769DF83830C3760648F6F75FFE15F0CB
S214018320E2F9407920B115F0DEF9407940F4805049
S214018330BDE8F081E9F1000038B505460C464FF678
S2140183401940052115F0A1F9C57044600548F6F7F6
S21401835045FE15F0C8F9407918B1BDE8384015F06A
S214018360C9B938BD896E020038B505460C464FF6C8
S2140183701A40052115F089F9C57044600548F6F7DD
S2140183802DFE15F0B0F9407918B1BDE8384015F06A
S214018390B1B938BDB96E020070B50D460646012169
S2140183A0DAB1FFF7C9FF0446A8B9072142F2350042
S2140183B015F06BF9C6702B684360AB8803810848DB
S2140183C0F6F70CFE15F08FF9437923B115F08BF90A
S2140183D0447944F48054204670BDFFF7C5FFE2E7B8
S2140183E0416D02000A4610B50421044642F23700E8
S2140183F015F056F9032303710023C470437183718A
S2140184000548F6F7EBFD15F06EF9407918B1BDE8B1
S214018410104015F06FB910BD796D02000A4610B50F
S2140184200421044642F2380015F03AF90323037199
S2140184300023C470437183710548F6F7CFFD15F02C
S21401844052F9407918B1BDE8104015F053B910BD86
S214018450C56D0200F8B506460F4642F23900062100
S21401846014461D4615F011F901238471240A03717F
S214018470C7704671C47105720548F6F7AFFD15F071
S21401848032F9407918B1BDE8F84015F033B9F8BDB6
S214018490116E0200044B18780130C0B2012838BFB3
S2140184A001201870704700BFB81F00200148FFF771
S2140184B05BBC00BFB98401002DE9F04F867987B017
S2140184C00C3605900546805BC0F30B0000F044F9BE
S2140184D0044618B905A80CF0C6FD4EE090F87230B7
S2140184E0022BF7D1AB5B059AC3F30B0103F44053A0
S2140184F0B3F5805F9060A95342D153796FF30003BF
S2140185005371836B002BE5D0042105A804F13806CE
S2140185100CF0B0FE304605990CF093FEA06B0023DC
S21401852001465A1CA9BBDBB2012B01D90CF0FAFE9D
S214018530A06B0CF024FE03281FD9D4F838904846C7
S21401854099F806700CF01BFE0C3709EB070539F895
S2140185500770A0F10408474522D9524FD4F838A035
S21401856007F1100957F804BB5346424629462046F0
S214018570D8474F4510D00028F4D007B0BDE8F08F9B
S21401858038300CF070FD059A537943F001035371AE
S214018590BAE713460968C4E70028EED130469AE7E1
S2140185A0A06B0CF0ECFD04378742F7D36988A1F184
S2140185B040033F2B0BD8042130460CF05BFE2046CF
S2140185C0A26B698815F052F90023A363D5E7052944
S2140185D00BD0062961D00429E0D130460CF04AFEC2
S2140185E0A16BA06CFDF716FDEEE72946204615F0B7
S2140185F03BF902460028D1D12B79122B06D0132B3A
S21401860036D02046697915F007F9C7E794F8733034
S214018610022BF6D040F67A4029898B1F9BB2834203
S21401862024D86A89931F9BB283421FD891421DD8D2
S214018630AB89B3F5FA7F19D240F6764CEF89A7F1EC
S2140186400A0080B2604511D8B4F86A000290B4F806
S2140186506800CDE900702046FFF700FD021E18BF36
S21401866001222046697915F057F897E70122F8E7C5
S21401867094F87330012B03D12046697915F0CCF8B4
S214018680A3681A048AD523F40043A3602B89012B1F
S21401869084D12046FEF740F980E72046A16B15F00D
S2140186A0FAF891E76C330300012210B5054C02FA83
S2140186B000F0236811B10343236010BD23EA0003D1
S2140186C0FAE700BFC01F00200138C0B20A289ABFCF
S2140186D0014B185C002070477C33030070B50446DC
S2140186E00D461B4A13686BB393F87D10586811F05A
S2140186F0040129D110608C22184693F870600BF0A3
S214018700C4FF034680F870602268C0F85A20A28829
S214018710A0F85E20A27980F860202868D864AA793B
S214018720A98883F85220FF2283F8752083F87620E3
S21401873040F6FF72A3F86E20064AA3F8501011689F
S21401874013605960184670BD1A1D0346CBE700BF7B
S214018750CC1F0020C81F0020054A0346106800B938
S2140187607047B0F86E209A42FAD04068F7E700BF2B
S214018770C81F0020054A0346106800B9704790F8E4
S21401878070209A42FAD04068F7E700BFC81F002061
S21401879038B50546064B1C680CB9204638BD294637
S2140187A004F14C00FEF7F8F90028F6D16468F3E707
S2140187B0C81F002010B9024B186870474068704700
S2140187C0C81F00200023114A2DE9F0418C211360B7
S2140187D0804602460120F4F705F9044620B905460D
S2140187E00B4E3060454502D32046BDE8F08101209E
S2140187F0F4F75EF907468C22002101350BF045FFA0
S21401880087F8705037603E1DECE700BFC81F002098
S214018810CC1F0020012310B58B4090F87110044640
S21401882021EA030149B280F87110002949D115F0F7
S214018830ACFA204615F04FF8102104F1180016F096
S21401884050FB2046FFF7F2FC04F138000CF00BFC5D
S214018850204615F013F8214A13681BB19C4259684B
S21401886030D11160A36859050BD51A0509D443F414
S2140188700063A18994F87000A36004F1780200F007
S21401888045FF00232046636016F0F0FA15F0BAF8AB
S2140188904FF48072B2FBF0F2424394F87030034416
S2140188A0B3FBF2F102FB1133DBB2591EC9B2FD294B
S2140188B0F5D884F8703000236360094B1A6852B902
S2140188C01C6010BD1A465B68002BCBD09C42F9D1C8
S2140188D063685360C6E7131D5268F0E7C81F00209F
S2140188E0CC1F002090F8743003F00B03013BDBB281
S2140188F00A2B9ABF014AD05C0020704787330300D9
S2140189001FB5014690F870308DF80430FFF7EAFF86
S214018910B1F862308DF80C00ADF80630B1F864306D
S21401892001AAADF80A30B1F86630054840F20311E5
S214018930ADF8083016F0AEFA05B05DF804FB00BFDE
S214018940C41F002007B590F870308DF8051001AAF5
S21401895040F2072103488DF8043016F09BFA03B065
S2140189605DF804FBC41F00200149024816F05ABAFC
S214018970942B0020C41F00201022074B28215A8266
S2140189806422C3E905124FF6FF729A8300221A6029
S2140189904FF470629A847047D01F002038B5114C8E
S2140189A094F82430EBB1226812F0010519D1201D8C
S2140189B014F06CFF236843F00203236015F028F8D7
S2140189C078B14EF6602294F825304FF48271534305
S2140189D005482A4608F094FF18B9236843F00103B6
S2140189E0236038BDD01F0020C41F002022F00042A3
S2140189F0B2F5827F10B511D1094B1A6893F824405D
S214018A0022F00102012C1A6006D112F0CFF8FFF70E
S214018A10C5FF204609F072F9012010BD0020FCE7D1
S214018A20D01F002030B5044685B00846039115F0E6
S214018A302BF9830708D410F0010003D003A80CF02B
S214018A4012FB012005B030BD03998B7903F10C02AE
S214018A5088188A5C013A202A00F21781DFE812F0B2
S214018A6021001501B1001501B4001501BD00150165
S214018A70C4001501CC001501D4001501DB00150159
S214018A80E9001501F100150115011501F3001501A5
S214018A9001011501030115010C011501150115014F
S214018AA0E20003790BB103F588534278023A1E2A95
S214018AB0C4D801A151F822F0358B01003D8A01008E
S214018AC03F8B01003D8A01004B8B01003D8A01006E
S214018AD0578B01003D8A0100638B01003D8A01002E
S214018AE0878B01003D8A01006F8B01003D8A0100E2
S214018AF0938B01003D8A01009F8B01003D8A010096
S214018B003D8A01003D8A0100A98B01003D8A0100D2
S214018B10B98B01003D8A01003D8A01003D8A0100B2
S214018B203D8A01003D8A01003D8A01003D8A01001F
S214018B307B8B010017212046FFF7E0F87EE7002235
S214018B402046114614F0CEF878E71A460021204652
S214018B5014F075F972E700222046114614F01FFB47
S214018B606CE700222046114614F0C8F966E71A465B
S214018B700021204614F0B5FA60E71A460021204687
S214018B8014F0CEFA5AE71A460021204614F08CFA61
S214018B9054E700222046114614F0F4FB4EE719462E
S214018BA0204614F058FC49E70093002320461A4655
S214018BB0194614F05AFC41E71946204614F0A7FC62
S214018BC03CE7B0F80110B6E702338B710A46002382
S214018BD04178204614F086F833E701330022204618
S214018BE08B7114F02CF92CE702338B714278002339
S214018BF0204614F0D4FA24E701338B710023204673
S214018C001A4614F07BF91CE70133002220468B71CB
S214018C1014F04AFA15E70133002220468B7114F04E
S214018C2060FA0EE70133002220468B7114F078FAC1
S214018C3007E702338B7142780023204614F0A2FB2B
S214018C40FFE60021ACE705338B710023B0F8032063
S214018C50B0F8010000930B460146204614F005FCCF
S214018C60EFE60021A9E703338B710A46B0F801103D
S214018C70204614F06BFCE4E603338B710A46B0F829
S214018C800110204614F06BFCDBE60020DAE600BF9C
S214018C9038B5FDF717FF0446FDF776FF054606488B
S214018CA016F049F80023037143712368C0F80630B3
S214018CB0A3880573438138BD2009020573B5411D9C
S214018CC0027904466846FDF745FF684615F038F810
S214018CD00546684616F038F906460948E4780CF069
S214018CE05DF8034648B104710098DE72C3F80500CA
S214018CF0BDF804201D73A3F8092002B070BD00BFA3
S214018D00B433030013B5C37A0093B0F80930D0F832
S214018D100520D0F80110007811F073FF04460348CF
S214018D2016F009F8848002B010BD00BF20020403CB
S214018D3010B54178007811F090FF0446024815F00E
S214018D40FAFF848010BD00BF2002040410B5064B54
S214018D50064A417800781A6011F096FF04460448E6
S214018D6015F0E9FF848010BD18200020BD8C01009D
S214018D7020020405FF2337B50DF107008DF80730F3
S214018D80FDF7BEFB044604489DF8075015F0D3FFD7
S214018D908480857103B030BD2003040110B50078CE
S214018DA012F012F80446024815F0C5FF848010BD83
S214018DB02002040210B5007811F0EFFF04460248C5
S214018DC015F0B9FF848010BD2002040A4B7937B52F
S214018DD05B0705460C460CD420461421064A0BF0C8
S214018DE0AAFF01A801940BF0D2FF10B9A3791C4485
S214018DF0257403B030BD00BFB8330300024B1B68B7
S214018E0003B11847704700BF1820002010B5002195
S214018E100446007814F09AFF48B16178207811F082
S214018E20DDFE0446034815F086FF848010BD02244B
S214018E30F8E700BF2002560110B54178007811F01E
S214018E4086FF0446024815F076FF848010BD00BFF9
S214018E50200256020020024B1870024B1870704711
S214018E60CB290020CA29002010B54178007808F0E7
S214018E700BFF044618B9044B1A78044B1A700448C1
S214018E8015F059FF848010BDCB290020CA29002087
S214018E902002050310B508F023FF0446024815F02A
S214018EA04AFF848010BD00BF20020505F0B50D46BF
S214018EB091B0831C09AC00F11A022646186859685D
S214018EC0083303C693423446F7D11B881C213380EE
S214018ED028460CF0CFF9BDF826402E6814F00C0495
S214018EE039D130460CF04BF9871EA7420DDA4FF008
S214018EF0FF3400239C428DF81C301EDB01223146D4
S214018F00A31C07A80CF09EF817E0631C012231464B
S214018F1005A80CF097F89DF81430012BE9D02346EC
S214018F200122314607A80CF08DF89DF81C3013B1CC
S214018F3001331C44D9E78DF81C3008F017FE0128D0
S214018F4004D0022831D030B911B0F0BD9DF81C30E4
S214018F5013F0010FF8D09DF82F0000F0F5FC044641
S214018F609DF8300000F0F0FC07AF9DF828200DF1C9
S214018F702901064605A8FDF7EDFD38469DF8362081
S214018F800DF13701FDF7E6FD0C4B1B78DB0711D41D
S214018F9005A814F0D5FECDE9010532462146009715
S214018FA005AB09A800F00CF8CEE79DF81C3013F0CD
S214018FB0030FCFE74FF0FF30EDE700BFCA290020CF
S214018FC02DE9F74FB0F802C006461CF0100F1C46FC
S214018FD00C9F9DF934A0DDF838B033D05FFA8CF5DC
S214018FE01CF0080F184614BF05F0080505F00F051C
S214018FF015F0AAFF8146384615F0A6FF96F90F3000
S21401900080465A4604211348019376780BF0FEFEFB
S214019010019BA0B105712268C0F80520A28880F8DE
S2140190200B90A0F8092080F80CA0437386733B6868
S214019030C0F80F30BB8880F81580A0F8133003B055
S214019040BDE8F08FCDE90DAB0C9703B0BDE8F04F4E
S21401905000F00CB8DC33030008B515F061FF002002
S214019060014B187008BD00BFCC2900202DE9F04F38
S2140190701D468FB0CDE908129DF9643004460A9367
S21401908043882846C3F34113049315F05DFF05900A
S214019090189815F059FF2E4B2E4E1B6806901B3B59
S2140190A007931A9B1B6813B90FB0BDE8F08F0DF13B
S2140190B033030193079B0122049900931A98022314
S2140190C00BF018FE94F90F300D9067880B939DF8FE
S2140190D03330B4F810800293337804211E480DAA69
S2140190E0039394F801B094F80DA094F90E900BF048
S2140190F08DFE0B9B38B307F00F0707712A68C0F87F
S2140191000520AA884373A0F80920059A189BC27205
S2140191100A9A80F80EB002731B68C0F80F30189BCD
S2140191209B8880F816A0A0F81330069B80F819904B
S2140191304375089BA0F81A80C375099B0376029BAA
S2140191400377039B4377337801333370A9E700BF76
S2140191506C200020CC290020E0330300104619467D
S214019160F8B522F0004340F20A4293420ED8B3F516
S214019170806F59D96FF480621344092B54D8DFE805
S21401918003F00D101F3050505050530D40F2015255
S214019190934234D0A3F20253032B45D8FCF7E4FDE7
S2140191A00CE00D784C688A6901F108031F4800211C
S2140191B00BF005FE10B10571C0F805400120F8BDA1
S2140191C00E784D880C798A6901F108031848002148
S2140191D00BF0F5FD0028F1D00671A0F80550C4711A
S2140191E0ECE70D784C884A690B1D124800210BF0FC
S2140191F0E6FD0028E2D00571A0F80540DEE70F780D
S2140192004E880D79CC8801F108020B4800210BF03D
S214019210FDFD0028D2D00771A0F80560C571048154
S214019220CCE7FCF743FCC9E70020C8E7F0330300AE
S214019230EC330300E8330300E433030000487047CF
S2140192405D910100014815F06BBD00BF7020002044
S21401925030B5124B0D469942144689B01BD1930086
S21401926011D505A906A808F0FBFB062300220393E7
S214019270059BE1B20293069B2846CDE9003241F0F8
S214019280005115F0A4FD06480BF088FD00B10471ED
S214019290012009B030BD0020FBE700BF1C200020E4
S2140192A00434030022F00042B2F1A04F08B504D105
S2140192B003480BF073FD012008BD0020FCE700BF4A
S2140192C00834030010B5047FD4B1102C28BF102435
S2140192D015F0F7FD621C81B200230620D2B2F3F727
S2140192E081FB044650B90749074815F09BFD07481E
S2140192F0074915F097FD0748F3F74EFB204610BDCA
S2140193000424E5E7AC2B0020202000201C200020B0
S214019310BC2B0020A42B002073B54278037843EAC7
S2140193200223ADF804308378C27843EA0223ADF80D
S2140193300630FFF787FF88B10DF1060101A814F08A
S2140193400CFB04460648BDF90460BDF9065015F04D
S214019350F2FC8480C680058102B070BD0224F1E76C
S2140193602006011722F00042B2F5887F2DE9F0476A
S2140193701C4600F0E2800ED840F203139A423CD01D
S21401938040F209139A4200F0C2800E2A00F0B38020
S2140193900020BDE8F08740F207239A4247D0B2F595
S2140193A0037F56D040F206239A42F1D120684C3012
S2140193B0FDF7EAFB25680746644895F8736095F85B
S2140193C070A095F9759095F87680A4880BF0E6FC68
S2140193D00028DDD0EB6C4360B5F85030877203810E
S2140193E0731E5E425E41C67280F80CA080F80D9036
S2140193F080F80E80A0F80F40CAE72078FFF7BAF988
S2140194000028C5D0524894F800806788A688E58869
S214019410247A0BF0C3FC0028BAD080F80480A0F8A8
S2140194200570A0F80760A0F80950C472B0E720786C
S214019430FFF7A0F90028ABD060782578FFF744F94C
S214019440044644480BF0AAFC0028A1D005714471DB
S2140194509EE7A578012D1ED0022D2DD0CDB9E3783B
S21401946094F80080023BDBB2022B8CBF01253A4AFE
S21401947094F90470667998BFD55C94F9064037482C
S2140194800BF08CFC28B180F8048045718771C67199
S214019490047201207DE7E37894F80080023BDBB29A
S2140194A0022B98BF2C4A94F90470667998BFD55C54
S2140194B094F906402A48E3E7E3782A48023BDBB200
S2140194C0022B94BF244A012594F80180277898BF7F
S2140194D0D55C94F90490667994F906400BF05EFC2D
S2140194E00028D6D0A0F804808771C57180F808904E
S2140194F046728472CDE723460822002113F8014BF9
S21401950019480BF05CFC0028C3D00471C1E717486A
S21401951094F800806788A688E58824890BF03EFCCD
S2140195200028B6D080F80480A0F80570A0F807607F
S214019530A0F80950A0F80B40ABE70D481C780BF0DB
S2140195402DFC00283FF424AF047121E744340300C6
S21401955040340300383403000C3403003034030075
S2140195602C3403003434030028340300243403006D
S2140195703C3403000022084B10B51A609A8002683A
S2140195801A60187811F0AAFD044618B90349044870
S21401959015F048FC204610BD7E240020CC2B002070
S2140195A0C41F002008B5034B5888FDF71FF900209B
S2140195B008BD00BF7E2400201FB54389029303899E
S2140195C00193C3880093838842880188FF20FCF7B3
S2140195D0F7FF0446024815F0AEFB848004B010BDC8
S2140195E0200206007F2337B500788DF80730FFF795
S2140195F0C1F8E0B140F6FF73B0F86E00984218D09B
S2140196000DF10701FEF79AFD9DF9073004467F2B01
S21401961004D140F20343002808BF1C4606489DF9C2
S214019620075015F088FB8480857103B030BD212476
S214019630F4E70324F2E700BF2003061530B587B030
S21401964082790146054604A815F06BFC00239DF8B7
S2140196501620039312F0180408D1212503950F480C
S21401966015F069FB8580847107B030BD04A8FFF74B
S2140196708FF8024668B903ABCDE9000304A9084B8D
S214019680E879FDF7D7F8024618B90446BDF80C503C
S214019690E5E7BDF80C5092F87040E0E720030604B9
S2140196A04997010010B50078FFF764F840B113211F
S2140196B011F082FD0446034815F03DFB848010BD81
S2140196C02524F8E72002060510B58278417800784F
S2140196D011F006FD0446024815F02DFB848010BDEE
S2140196E02002060810B5417801290AD8007801F051
S2140196F0010114F062F90446034815F01CFB84804E
S21401970010BD2124F8E700BF2002060A73B51446EF
S21401971006460D4620461421094A0BF00CFB01A80B
S21401972001940BF034FB48B9A3790C331C44054B68
S214019730A6711B79A5800BB114F022FB02B070BD97
S214019740203403007E24002022F000420D2A73B547
S2140197501C460ED06FF4C0631A440B2A12D80B2A8B
S21401976010D8DFE802F03B12242C370F46505F84F6
S214019770878E0422002153F8044B44480BF01FFB4C
S21401978000B18480002002B070BD2078FEF7F2FFA1
S2140197900028F7D03E48267894F90150A4780BF0BB
S2140197A0FDFA0028EED0067145718471EAE7247847
S2140197B038480BF0F3FA0028E4D00471E2E7257884
S2140197C0354864680BF0EAFA0028DBD00571C0F86A
S2140197D00540D7E7257831486468F3E730482578AF
S2140197E064680BF0DBFA0028CCD00571A0F80540C0
S2140197F0C8E72C48257864680BF0D0FA0028C1D059
S21401980005714471BEE7637827480D2B96BF274A3A
S2140198100125D55C24780BF0C1FA0028B2D004717A
S2140198204571AFE7637800210D2B98BF1F4A20488A
S21401983098BFD55C6368A27888BF012526780BF0AF
S214019840BEFA08B1067145716378012B9AD88DF876
S21401985007300122002116480DF1070324780BF08A
S214019860AEFA00288ED00123047143718AE724786A
S21401987010489EE70021636822780F480BF09FFA94
S21401988080E70E480BF08AFA7CE700BF88340300B5
S214019890743403007C3403008034030078340300FE
S2140198A0703403006C34030068340300483403004A
S2140198B06434030060340300583403005C3403004E
S2140198C073B5054616F088FC1D4C064663795B07A2
S2140198D00ED4204614211B4A0BF02DFA01A8019440
S2140198E00BF055FA20B1304616F071FC02B070BD8F
S2140198F0A3790C33234455B91A79FF2A01D00132D2
S2140199001A71304602B0BDE8704016F060BC012DF9
S21401991005D15A79FF2AF4D001325A71F1E7022DA6
S21401992005D19A79FF2AECD001329A71E9E7032D25
S214019930E7D1DA79FF2A1CBF0132DA71E1E700BF0D
S2140199402420002084340300042828BF0020014B73
S214019950185C70478C34030010B582784178007823
S21401996011F07FFA0446024815F0E5F9848010BD2F
S2140199702002570010B501210446007814F0E6F9DC
S21401998048B16178207811F0B9FA0446034815F019
S214019990D2F9848010BD0224F8E700BF20025703E5
S2140199A0002313B50093D0F802204178007811F017
S2140199B0B6FA0446024815F0BEF9848002B010BD1E
S2140199C02002570430B585B005460A4901A807F0BC
S2140199D0E1FC044650B901A807F04AFD044615B15A
S2140199E0029B9B792B7001A815F017F9204605B04C
S2140199F030BD00BFC83403002DE9FF4180460F4645
S214019A0001A80C4916461D4607F0C4FC70B9029C15
S214019A109DF8283084F80480C4F80570C4F80960FD
S214019A20A4F80D50E37301A815F0FBF804B0BDE8E7
S214019A30F08100BFC034030030B585B005460C4642
S214019A4001A8064907F0A6FC28B9029B01A81D71CA
S214019A505C7115F0E6F805B030BD00BFB834030000
S214019A6030B585B005460C4601A8064907F092FCBC
S214019A7028B9029B01A81D715C7115F0D2F805B0DA
S214019A8030BD00BFB03403001FB50446054901A828
S214019A9007F080FC20B9029B01A81C7115F0C1F8E3
S214019AA004B010BDA83403001FB50446054901A83B
S214019AB007F070FC20B9029B01A81C7115F0B1F8E3
S214019AC004B010BDA034030030B585B005460C4681
S214019AD001A8064907F05EFC28B9029B01A81D7182
S214019AE05C7115F09EF805B030BD00BFD834030098
S214019AF030B585B005460C4601A8064907F04AFC74
S214019B0028B9029B01A81D715C7115F08AF805B091
S214019B1030BD00BFD03403007FB506460D4601A810
S214019B200649144607F036FC30B9029B01A81E719F
S214019B305D719C7115F075F804B070BDF0340300CA
S214019B4030B585B005460C4601A8064907F022FC4B
S214019B5028B9029B01A81D715C7115F062F805B069
S214019B6030BD00BFE83403007FB506460D4601A8A8
S214019B700749144607F00EFC38B9029B01A81E716E
S214019B805D71C3F8064015F04CF804B070BD00BF17
S214019B90E03403002DE9FF4180460F4601A80C4939
S214019BA016461D4607F0F6FB70B9029CBDF8283034
S214019BB0A4F80480A381BDF82C30E7802681658156
S214019BC0E38101A815F02DF804B0BDE8F08100BFCF
S214019BD0203503002DE9F04186B06F4687E8030083
S214019BE0114903A816461D46DDF8308007F0D2FB62
S214019BF00446A0B904990098BB8848600B818E7210
S214019C00CD7203A807F034FC0446B8F1000F03D068
S214019C10049B9B7988F8003003A814F0FEFF2046C9
S214019C2006B0BDE8F08100BF183503007FB50646D3
S214019C300D4601A80649144607F0ACFB30B9029B55
S214019C4001A81E715D719C7114F0EBFF04B070BD2C
S214019C50103503007FB506460D4601A80A4907F0F0
S214019C6099FB044668B9029B01A81E7107F000FC27
S214019C7004461DB1029B93F906302B7001A814F01F
S214019C80CCFF204604B070BD0835030030B585B062
S214019C9005460C4601A8064907F07CFB28B9029B3D
S214019CA001A81D715C7114F0BCFF05B030BD00BF8A
S214019CB0003503001FB50446054901A807F06AFBF5
S214019CC020B9029B01A81C7114F0ABFF04B010BDB3
S214019CD0F83403007FB505460E4601A80C4907F087
S214019CE059FB044680B901A807F0C2FB029B044653
S214019CF025B1D3F806202A605A89AA800EB11B7BAB
S214019D00337001A814F089FF204604B070BD00BF6F
S214019D102835030030B585B005460C4601A806492E
S214019D2007F038FB28B9029B01A81D715C7114F07D
S214019D3078FF05B030BD00BF383503001FB50549B3
S214019D4001A807F027FB10B901A814F06AFF05B0B7
S214019D505DF804FB303503002DE9FF4180460F46D0
S214019D6001A80F4916461D4607F014FB044698B98C
S214019D70029B01A8A3F80480DF8007F079FB029B11
S214019D80044616B1B3F90620328015B1B3F908308E
S214019D902B8001A814F041FF204604B0BDE8F081F5
S214019DA04035030010B50F4C88B02060F2F7EEFD89
S214019DB02168684614F009F86846F7F70FFC044670
S214019DC060B90A20084A094907F07CFD044628B90B
S214019DD007F0A6FB08F038F8FEF7CEFD204608B0DF
S214019DE010BD00BF6020002093DD0200B5FA02001E
S214019DF070B58EB008F056F8002302AD29460DF175
S214019E0007008DF80E308DF8073008F049F8002865
S214019E106BD1284613F0BDFD002866D0302864D0EB
S214019E209DF80730012B17D172238DF80E30EDF710
S214019E30CFFCCDE90601030C8DF81230BDF81D30BC
S214019E40ADF81000ADF813309DF81F308DF81530C1
S214019E5049238DF816300AE049238DF80E3095E82F
S214019E600300ADF81410090C04908DF816109DF837
S214019E700E3013F0280F07D1DDE90401ADF80C1000
S214019E80090C02908DF80E10274E336818690028C9
S214019E9030D133685A690AB9244A126824490A60DB
S214019EA09A690AB9234A126823490A6093F822205C
S214019EB0D20727D404A813F0C3FF0446F8B93168C3
S214019EC006A813F082FF06A8E6F7E0F90446B0B943
S214019ED0BDF92E0013F01EFD13F0B7FF2846FCF760
S214019EE001FE164807F0E8FC09E09DF80E30190758
S214019EF09DD5B4E712F021FD04460028C9D02046BE
S214019F000EB070BD93F8232000234FF0FF3006A952
S214019F10CDE906338DF81A2014F02DF80028C9D0A3
S214019F2040F20C44EBE700BF602000203408030039
S214019F303C2000203008030038200020959F0100B7
S214019F4070B50F4814F0F0FEC8B907F017FD0C4DB8
S214019F5005F10C0613F0CDFC07F01EFB044628465F
S214019F6014F0DEFE10B930460BF07DF80AF07DFFE6
S214019F7008B9002CEED1BDE8704013F002BF70BDE9
S214019F8070200020024B1B6803B11847704700BFC2
S214019F903820002050EA010337B504460D4604D1A7
S214019FA003B0BDE83040FFF7EDBFB1F1FF3F08BF9A
S214019FB0B0F1FF3F13D015F07DFD221845EB0103EC
S214019FC008490948C1E9002300239D420CBF2146E8
S214019FD04FF0FF31CDE90033044A16F089F903B09A
S214019FE030BD00BF080B002040200020F19F01007B
S214019FF0D3B516F0F1F8044615F05CFD0B46104A91
S21401A000D2E90067B04273EB070107D3FFF7BAFF47
S21401A010204602B0BDE8D04016F0D9B8D2E90067B4
S21401A0200022311A67EB03039342CDE9002213465F
S21401A03018BF4FF0FF31034A034816F059F9E7E716
S21401A040080B0020F19F0100402000200023044A55
S21401A05052E8000F42E800310029F9D1F9F718BF9C
S21401A06064200020054A52E8003F034342E80031DD
S21401A0700029F8D1024B1B68184700BF6420002056
S21401A0803C20002037B51C68E10705D513F026FCF7
S21401A0901649174814F0C6FEA20723D5FEF7F4F8B2
S21401A0A0D0B9144D019016F097F8044628460AF0E8
S21401A0B0F8FF0190204616F08AF8019890B143798E
S21401A0C09B070CD401A802210BF0D4F80198FEF7E7
S21401A0D0CBF8FDF74FFEE6E7FDF74CFEDEE7FEF7B1
S21401A0E0B7F8F6E7002003B030BD00BFDC2B002038
S21401A0F0C41F00206820002008B5054807F01CFA98
S21401A100044B01211870BDE8084007F025BA00BFCE
S21401A110EC2B0020CD29002038B5044648B116F0B6
S21401A1205BF80546214608480BF08BF8284616F0E2
S21401A1304EF8064B022193F9000007F00DFABDE830
S21401A1403840FFF71FBF00BF68200020CD29002040
S21401A150F8B50E46074630B329B300F03FF804467B
S21401A160F8B9124D0146182228460AF08EFA202325
S21401A1702B7033692E616B607369AB60F2F7D2FCAA
S21401A18007F086F9BE6A002E08BF4FF48076304687
S21401A19007F0E8F8044620B9054B28461E6007F08C
S21401A1A083F92046F8BD2124FBE700BF702000207C
S21401A1B06C200020014814F079BD00BF70200020FB
S21401A1C010B5054814F084FD044618B900F03CF8B3
S21401A1D014F091FE204610BD70200020074BDA696E
S21401A1E0D20407D51B6A40F2044013F0010F18BFD2
S21401A1F00020704740F20440704700BF0080E00F27
S21401A20010B502783E2A4FEA022302D18278134320
S21401A21001E0FF2AFAD0094A094910780022904243
S21401A22001D8002006E031F8024BA34203D1054BCA
S21401A23053F8220010BDF4D30132F0E7DE07030025
S21401A24014080300E007030030B5002485B002A817
S21401A250EDF7A8FA01A8BDF80850019407F01CFE16
S21401A26000B101940E48019C0AF098FDA8B10023A4
S21401A27043718371C37143728372C37204238374FF
S21401A2806FF027030B22C3745F230271037502224A
S21401A29014230272C4600582437505B030BD00BF49
S21401A2A0483503001046044A1368591E033102D884
S21401A2B00021116018477047FC2B0020034B1868DB
S21401A2C0034B002808BF1846704700BF88200020AF
S21401A2D0F8350300014813F006BF00BF90200020A8
S21401A2E013B50B4C0229226005D10A4813F0FBFE78
S21401A2F0002002B010BD0A4600930146064B0548F1
S21401A30013F0D2FE003818BF01204000F1E700BF6D
S21401A310FC2B002090200020A5A20100014813F08C
S21401A320F3BE00BF902000200021014813F00EBFAD
S21401A3309020002008B5064B1B68013305D0FFF7B7
S21401A340EDFF80F00100C0B208BD0020FCE700BFB1
S21401A350FC2B00202DE9F843DFF860900646D9F87B
S21401A360008008461746B8F1000F03D00E24204699
S21401A370BDE8F88306B3336801331DD1E1B100F0BF
S21401A38075F805460028F1D0C9F8000000F0D4F8A9
S21401A390284613F083FD044640B14046C9F80080C4
S21401A3A000F0CAF8284613F074FDE0E73560002F88
S21401A3B0DDD02846B847DAE72124D8E78C200020EC
S21401A3C0024B1868003818BF012070478C20002007
S21401A3D038B50C4601F0EEFAA3780B4A13705A1EF4
S21401A3E055425541A8420CD0012B04D02846BDE861
S21401A3F0384001F0C1BA204601F090FA0028F5D0A5
S21401A40038BD0020FCE700BFCE290020002108B59A
S21401A410024B08465B689847002008BD1C2C0020AC
S21401A42010B5FFF74BFF0D4B0C461A1A534253411A
S21401A4308B4201D1002010BD094B1B683BB9094A6C
S21401A440064B002C08BF1346074A1360F2E713F0C9
S21401A4507EFF0028F3D00220EDE700BFD0350300D1
S21401A4608C200020F835030088200020F8B504462B
S21401A47015F0A9FE002607460E4B1B6893B19E6891
S21401A480AEB196F82420D20711D435460FCC0FC5AD
S21401A4900FCC0FC523682B6096F8243043F00103D8
S21401A4A086F82430384615F089FE3046F8BD1B681C
S21401A4B0E4E700BF0C2C0020431E033306D8044BF0
S21401A4C0984228BF1846642838BF6420704700BFEA
S21401A4D040420F0038B505460C4641B10B6833B112
S21401A4E01B68013303D0CB680BB18B6843B902F00C
S21401A4F063FD00209122412100F030FA212038BD71
S21401A500084602F0C9FD0023094A85F83C31C5E931
S21401A5103A4313605360636943B1064A42211068A7
S21401A520B322C31A5842584100F018FA0020E6E751
S21401A530002C00200423002010B5044618B9054B52
S21401A540054A136010BD00F085FCD4F8F430002BEA
S21401A550F6D1F4E77DDF0200102C002008B5024694
S21401A5600868FFF7A9FF08604868FFF7A5FF48607D
S21401A5708868FFF7A1FF8860C868FFF79DFF0B6931
S21401A580C860581C03D00B48834228BF03460B61A2
S21401A5904B69581C03D00748834228BF0346886985
S21401A5A04B61FFF789FFBDE808408861104601F05E
S21401A5B045B900BF40420F00D0F8EC302DE9F0411C
S21401A5C005460C4613B1838D8B424CD0D5F8E83046
S21401A5D0002B4BD09E68002E48D0D868002845D066
S21401A5E0013800B200281ADB002106E0128A591C45
S21401A5F0A24217D209B2884211DB0B1803EBD373C0
S21401A6005B1003EBC30206EB8202B2F80EC003F145
S21401A610FF3EA445EAD90FFA8EF08842EDDA2120F2
S21401A620BDE8F0814FF6FF7299B29142F7D09BB226
S21401A63003EBC30306EB83062846B6F9122095F80A
S21401A6403011D5F8FC80EEF7B3FF0746B8F1000FDE
S21401A65004D00023324628461946C047AC85C5F8C3
S21401A660EC6085F839710020BDE8F0810E20BDE868
S21401A670F08100BF2DE9F04782B004460F4616462A
S21401A68001F09EF9002840F086805A4D2B68D4F8D8
S21401A690E890D4F8EC8013B14B4500F089804FF078
S21401A6A0000AAF6001F01EFE0128074604D0012112
S21401A6B00022084613F02DFC2B68D9F80010D8F8B4
S21401A6C0002013B1186888427FD0204614F023F882
S21401A6D0BAF1000F11D086B9204601F0D3FB05462A
S21401A6E0D4F89430002B37D1012F02D0002D56D14B
S21401A6F00025284602B0BDE8F0873F4BC5F800901C
S21401A7001A78C5F804808DF8076062BBD4F8FC504F
S21401A710002D62D0114620460DF10703A8472046BA
S21401A72001F0B0FB0546BAF1000F31D1B5FA85F05C
S21401A73040F205423321400900F010F93146204627
S21401A74001F0C2FC2D4B05461B6841462046984742
S21401A750D4F89430002BC7D000224FF40073204663
S21401A76000F088FBC0E7D4F8EC30B4F9441023B10C
S21401A770B3F912309942A8BF19463246204601F075
S21401A780F7FA204601F07EFB0546BAF1000FCDD060
S21401A790002ECBD1A4E70023164D6B6076E7184B4D
S21401A7A000215B6803209847284602B0BDE8F08781
S21401A7B06B68002B3FF473AF43457FF470AFAB6813
S21401A7C09F4295D04FF0010A6BE7696819B1096895
S21401A7D091423FF47DAF596877E794F8281094F8D2
S21401A7E039313246994228BF1946204601F08EFA81
S21401A7F095E700BF002C0020A9170300102C0020AD
S21401A8001C2C0020F8B50E46054615F0DCFC31463A
S21401A81007462846FFF7D0FE044620B1384615F015
S21401A820CDFC2046F8BD01F035FD224631462846CE
S21401A830FFF720FF0446384615F0C0FC2046F8BD59
S21401A84037B5D0F8E830274A04461360D0F8EC3024
S21401A8509160536000228DF80720234A12786AB36C
S21401A860B0F9441023B1B3F912309942A8BF194682
S21401A8700022204601F07CFA204601F003FBB0FAE4
S21401A88080F040F259423321400900F067F8012177
S21401A890204601F019FC154B05461B682046D4F8E6
S21401A8A0EC109847D4F894302BB100224FF4007383
S21401A8B0204600F0DFFA284603B030BDD0F8FC5041
S21401A8C055B990F8281090F839312A46994228BF90
S21401A8D0194601F01BFACFE711460DF10703A84709
S21401A8E0CAE700BF002C0020A9170300102C002087
S21401A8F070B50D46044613F08FFE02F0ABFB094B14
S21401A9001B784BB9D4F8FC6036B129462046B446CC
S21401A910BDE870401A46604729462046BDE87040AB
S21401A92013F07FBEA9170300024B1860024B196093
S21401A930FEE700BFA8220020142C002038B5044DE5
S21401A940044C054B286021601A60FFF7EDFF38BD07
S21401A950A8220020142C0020AC22002010B550B9EB
S21401A9600548064B0160064802601868054B1860EA
S21401A9701868FFF7E3FF10BD142C00208C20002080
S21401A980AC220020A8220020054B1B680BB91846F4
S21401A9907047834201D01B69F8E70120704700BF6A
S21401A9A0B4220020094A13680BB91846704783423F
S21401A9B007D11B6901201360054A1368013B136028
S21401A9C0704703F110021B69EEE700BFB4220020B6
S21401A9D0B02200202DE9F74F064615F0FDFBDFF803
S21401A9E02881012398F800B0DFF820910190BBF18F
S21401A9F0000F06D089F8003003B0BDE8F04F15F01F
S21401AA00E6BB3F4F88F8003089F800B013F0EAFB48
S21401AA1008B113F0E5FB3D683A495DB9DFF8F0A0EF
S21401AA20DAF800200024AA423B682ED84FF0FF3106
S21401AA3034483AE06B7D8BB12B68B34202D09A1B47
S21401AA408A420BD96A6813442B60AB68003A18BF78
S21401AA500122003B18BF01236A75AB752D69DCE73F
S21401AA60907D20B1107D88429CBF01461446126934
S21401AA70002AF5D1002CD9D094E80B00A275411A12
S21401AA80E268204698470135CAE71A46FF21EFE7F4
S21401AA905A7D4AB11A68B24224D0921B824221D80A
S21401AAA0914201D311461C461B69002BF0D15CB1C3
S21401AAB02046FFF777FF38B13B683C602361DAF840
S21401AAC000300133CAF800303B685A7D6AB913F08A
S21401AAD085FB064699F80030002B95D1019888F839
S21401AAE0003089E71C460021DEE7186800F0D2F83E
S21401AAF0044613F073FB0646002C85D1EAE700BF37
S21401AB00B4220020FCFFFFBFD0290020CF2900205F
S21401AB10B022002038B5054608B31822002109F0F6
S21401AB20B4FD15F059FB02462846FFF72DFF20B16C
S21401AB30104615F04CFB022038BD0A4B1C6854B970
S21401AB4009491D600B68104601332C610B6015F036
S21401AB503EFB2046F0E704F110032469EFE72120CD
S21401AB60EAE700BFB4220020B022002038B5044630
S21401AB70FFF70AFF15F030FB05462046FFF704FFF6
S21401AB80637D23B9284615F022FB0E2038BD00232D
S21401AB906375064B1B68A34203D113F01FFBFFF737
S21401ABA019FF284615F013FB0020EFE7B42200201A
S21401ABB02DE9F84FDDF82890984604460D46924652
S21401ABC0FFF7E2FEDDF830B015F006FB074613F09E
S21401ABD005FB06462046FFF7D7FE637D23B12046D8
S21401ABE0FFF7C4FF0023A375BAF1010F21D175B990
S21401ABF0B8F1000F1FD1B9F1000F03D05A46314604
S21401AC002046C847384615F0E2FA002017E03544DA
S21401AC100C4BAA1B9A420ED8012363759DF82C3063
S21401AC20304684E820032375C4F80CB0FFF7D2FE43
S21401AC30E8E7AE42ECD1384615F0C9FA2120BDE866
S21401AC40F88F00BFFCFFFFBF2DE9F041074688469D
S21401AC50FFF79AFE15F0C0FA3D68064613F0BEFAF5
S21401AC607B7D7BB185420DD0094B2C1A9C4209D8BD
S21401AC70304615F0ACFAB8F1010F08BF2546284654
S21401AC80BDE8F081304615F0A2FA0025F7E700BFCF
S21401AC90FCFFFFBF0023024A194600F0CFB900BFF0
S21401ACA0A7E102000C232DE9F74F06460F4614468E
S21401ACB000254FF00609DFF854801370EBB209FB4C
S21401ACC003F3D8F80010CA185079012804D923785C
S21401ACD00C2B14D1212013E031F903B01179B2F90C
S21401ACE002A030460022019113F043FA58B10199AF
S21401ACF02170B7F900305B4505DB534503DC0020C6
S21401AD0003B0BDE8F08F0135D8E700BF182C00204E
S21401AD10024B0022196813F017BD00BFB8360300B6
S21401AD20024B0122196813F00FBD00BFE02200207C
S21401AD3090F82530FF2B0FD0012904D902390129BB
S21401AD4006D9212070470222044B196813F0FCBC77
S21401AD50034B03221968F9E702207047B036030057
S21401AD60AC360300024B0422196813F0EDBC00BF99
S21401AD70A836030038B5094B5A68094B9A420AD1DE
S21401AD8015F021FA054606F043FA0446284615F062
S21401AD9015FA204638BD0024FBE700BF1C2C002016
S21401ADA081E20200024BD868C0F30360704700BF1F
S21401ADB0000002B810B5054C237823B103F01EFC41
S21401ADC00020207010BD0E20FCE700BFD229002015
S21401ADD008B503F0E1FB0122014B00201A7008BD03
S21401ADE0D2290020F8B504460F46164615F0EBF9B1
S21401ADF00546A047044620B1284615F0DFF920464F
S21401AE00F8BD05F09DFE04220549D1F8EC3E23EA83
S21401AE1007033343C1F8EC3E024B1A64ECE700BF6C
S21401AE20003000B0002002B800F01803182B0AD03A
S21401AE3003070AD440F2011310F0100018BF184699
S21401AE40034B986770470020FAE70120F8E700BF38
S21401AE50003F00B038B10368044A002B08BF134610
S21401AE60034A13607047014BFAE700BF89E202000C
S21401AE70282C002010B4D0E9544122400B4052EA5D
S21401AE80030104D003495DF8044B096808475DF8DF
S21401AE90044B7047282C00200F2938B505460C4670
S21401AEA00ED801F01FFA01280CD1074A2846536E26
S21401AEB023F00F032343536613F03CFC002038BDF8
S21401AEC02120FCE70220FAE7003F00B008B50E4B50
S21401AED01A6C12F0A00F01D0002008BD5B6C5B0756
S21401AEE00FD40A4BD3F8EC3E23F07F4323F0FF0345
S21401AEF03BB1FFF757FF0928EED00C3818BF0120E9
S21401AF00EBE70120E9E700BF000002B8003000B01F
S21401AF1070B50D46064620B91A4B1B68CBB10E20FC
S21401AF2016E001F0DFF901282AD1174BD6F8F00018
S21401AF3093F9004013F073FBC4F12704241A641B31
S21401AF40C4F11C03002BB8BF5B42232B0CDD212070
S21401AF5070BDA1F10B03002BB8BF5B42232BF6DCBF
S21401AF60094B19700020F3E786F8265015F02BF9E7
S21401AF70054660B200F020FE284615F01FF9F1E7FD
S21401AF800220E5E78C200020D129002010B501F031
S21401AF903FF904F07DF915F016F90A4A0121D2F8B5
S21401AFA0C43E044623F02003C2F8C43E0222064BE8
S21401AFB008469A60054B5B689847204615F0FEF8F0
S21401AFC0002010BD003000B0001002B81C2C00207C
S21401AFD008B513F05AF98022024B5867024B1A61E2
S21401AFE008BD00BF003F00B0000002B8014B186862
S21401AFF0704700BFCC22002037B515F0E4F80123D6
S21401B00000220024009300230546194610460194A9
S21401B01005F066FB022002F0E7FB064B21461C60AA
S21401B020054B02205B689847284615F0C7F820466E
S21401B03003B030BDD42200201C2C00202DE9FF4196
S21401B04002290D4616469846039004D1FFF7D4FF11
S21401B05004B0BDE8F08115F0B6F81E4F04463B6813
S21401B0603BB1B34205D015F0A9F8002321203B607F
S21401B070EEE7194B0022C3F800803E60002301264C
S21401B0804FF00008104619460196009605F028FB79
S21401B090124B022083F8008002F0A6FB43462A46A4
S21401B0A0022003A902F0BEFB0D4B039A1A6008B9F1
S21401B0B02046D8E70B4D2B689847212804D0204618
S21401B0C015F07CF80020C3E731466B6802209847EC
S21401B0D0F5E700BFD4220020D0220020D42900208A
S21401B0E0CC2200201C2C0020044B5B6E5B054EBF5F
S21401B0F00120034B187800F00100704700C001B82A
S21401B100D429002090F82530023B022B05D84B7C31
S21401B1102BB1012B05D0022B05D013F01BB9034828
S21401B1207047034870470348704700BF20A10700D7
S21401B13048E8010040420F000A78022A11D0101F89
S21401B1404242424152004B781201022B0BD0191F8A
S21401B1504B424B415B000549054842EA8312FFF723
S21401B16041BE0122EFE70123F5E700BFF0FFFF0034
S21401B1702DC301000B78022B10D0181F4342434108
S21401B1805B004A78022A0BD0111F4A424A415200FC
S21401B1900F21044843EA8202FFF724BE0123F0E7A9
S21401B1A00122F5E759C30100D0F8B03010B5994235
S21401B1B004460ED0C0F8B01002F024F80649A4F8F0
S21401B1C034010123054AD1F8FC1004F5827004F01D
S21401B1D01BF9002010BD00BF004F00B0A43F00B017
S21401B1E02DE9F74F04460F4615461E46FFF76EFE3D
S21401B1F038B3A38A2BB3204612F039FF78B9714BC6
S21401B200D3F8EC2E1EB10E2003B0BDE8F08F02F08D
S21401B2103003102BF7D002F0C002402AF3D0DFF83B
S21401B220CC8104F035F8D8F81430DE07EBD514F0ED
S21401B230CAFF0646032002F0E3FB20B1304614F0B5
S21401B240BDFF0220E0E7D8F8142012F0060BF5D176
S21401B250304614F0B3FF5B4B4FF400612046D3F841
S21401B260ECAED3F8CC9E05F0E3FD58B14FF4007870
S21401B2700121554E5A460846C6F8408012F049FE4E
S21401B280C6F8408039462046FFF7BCFA4D4BC3F856
S21401B290ECAEC3F8CC9E0028B6D194F824309806BC
S21401B2A001D4002D4DD0C5F3400004F0BBFB0223B2
S21401B2B015F4807F1FBF454A002113644FF03A42C0
S21401B2C00BBF414A91611364536305F039FC4FF497
S21401B2D0806315F0040F14BF3D4A3E4A3A4E53624E
S21401B2E0042328463364FFF79FFD204613F05AF8DF
S21401B2F038B14FF4807315F0010F16BF334A33642B
S21401B3001364A90647D54FF6FF72E38F93420FD019
S21401B310314A3249526E100CC2F301120132B3FBAC
S21401B320F2F308802A4A2B492D481B0448665366C7
S21401B330003D18BF012594F8243065F3451384F8C1
S21401B3402430204613F0F3F9F0B1204613F02AF822
S21401B350D0B14FF40031204605F06AFD431C0322AC
S21401B3609BB2204801A913F05FFA9DF8042002F071
S21401B3700703052B9DF8053016D112070ED443F4AA
S21401B3808073194AC2F8D43040F2366003B0BDE883
S21401B390F04F01F05FBE00F05DFFC9E713F0040F48
S21401B3A009D19DF80630EAE703F03002202A05D1DC
S21401B3B013F0010FF4E74FF48073E2E79DF80630CF
S21401B3C0DFE700BF003000B0002002B8001002B86E
S21401B3D0005001B8006001B8004001B8542F0020A9
S21401B3E00000FFFF0C0000BA003E00B000C001B82C
S21401B3F02DE9F0470B460746154611B92120BDE851
S21401B400F087002AFAD0032905D8002201F022FD90
S21401B41003460028F2D01C889A78B4F5804F02F0D3
S21401B420070180F0CA80A1F1070C187993F805A0EE
S21401B430DE88DCF1000343EB0C0305292B7394BF74
S21401B4400023C2F30013C2F3801C6B73930985F8C3
S21401B45010C003F00203C2F3C00C43EA0C03C2F3AC
S21401B4604012E8746B74AA74D7F89C30AE82D80682
S21401B47000F18F800639012900F28B80B7F812801F
S21401B480D7F81C9008F1FF384D4B083C04EA080435
S21401B4905B6D19F804300020802B0CBF6FF07F0322
S21401B4A0323B04F1010418BF5BB204EA0804AB7333
S21401B4B0631D03EA08035A1CA86002EA080219F889
S21401B4C0036019F8022097F8253046EA0226FF2B7A
S21401B4D036B228D1F10455D5D7F8F03013B11B6830
S21401B4E0022B05D841F218324C210020FFF736FA1C
S21401B4F0D7F8F030C6F30B0093F82430C0000BB138
S21401B500B0FBF3F0824542D838B1CAEB0A2ABAFB3F
S21401B510F0FA6FEA0A0A5FFA8AF0D7F8F83013B140
S21401B52095F90E109847631CE87303EA080319F8A7
S21401B5300340013303EA080319F80320013303EA41
S21401B540080344EA022419F80320013303EA080336
S21401B55019F8033044EA024444EA036416F48043CB
S21401B56006D0384600F084FAB0FA80F35B095B0037
S21401B570214638466A7C03F0F5FF06232860AB7146
S21401B58000203CE719F804004000C0B2C5E70020DF
S21401B590C3E700230020EB730A4BDA69C2F30723E3
S21401B5A0120448BF63F0FF035AB212F1800F1CBFAA
S21401B5B0323B5AB2AA730346E0E702201FE700BFF8
S21401B5C0004000B800C000B8F8B507460D4614465E
S21401B5D08BB113F09EF829463846BE8A01F0E6F88C
S21401B5E0B44228BF3446A4B222462946044801F094
S21401B5F0F9F92046F8BD12F03BFF0646F0E700BF1A
S21401B6000C0000BA082310B1024A13647047024ABC
S21401B610FBE700BF001002B8002002B8054A126816
S21401B6201AB190F82A1119B91047084602F044BD1C
S21401B63001487047BC22002000FEFFFF354B2DE974
S21401B640F7431C6801F4007900F00103174653EA3A
S21401B650090206460D4637D04FF000084BB30023CB
S21401B660002201200021CDF80480CDF8008005F0ED
S21401B67037F841462046FFF7D1FF01224146E085D3
S21401B680DFF8A480104612F044FCD4F89C1094F81D
S21401B690250002F08FFDD8F8000000F0DBF94FF02E
S21401B6A0FF33C8F8003094F8243043F0040384F8DC
S21401B6B02430B9F1000F07D00121204613F071FAAA
S21401B6C025F4007506430D432B4632462046FFF708
S21401B6D0D1FBFB070FD51049104A086800211368F3
S21401B6E0116001210E4A117003B198470D4B0021DC
S21401B6F002205B68984717F00E0F08D040F2C71279
S21401B7003B21002003B0BDE8F043FFF727B903B0A3
S21401B710BDE8F0838C200020D0220020D422002017
S21401B720D42900201C2C0020242C002008B55822E7
S21401B7300021064808F0A9FF1022FF21044808F05E
S21401B740A4FF05F07FFB002008BD00BFF03E00B05F
S21401B750343F00B073B52D4A2D49137809784FF060
S21401B760FF350B4313700C23742280F83031A0F898
S21401B77020216D238222C0F80C31C0E944236423C2
S21401B780C0E946336FF07C438362224B0026C363D5
S21401B79000F15003C3644FF6FF73044680F825306A
S21401B7A003F58003C0E90C3580F82660C0F8B05078
S21401B7B0858503F0A3FF2046FFF7B8FF94F926100E
S21401B7C02046FFF7A5FB6023134A40F6FF71D364BA
S21401B7D04FF03A4211631167104A2946D36440225A
S21401B7E00F4B20461A64D4F89C2012F0A4FD0E23B9
S21401B7F000220193009340F202231046194604F0FA
S21401B8006FFF01F0CFFC304602B070BDD629002094
S21401B810A91703000700FFFF004000B8005000B85A
S21401B820002002B8044BD3F8EC3E13F0806F14BF2F
S21401B83023200020704700BF003000B00246F8B554
S21401B840B0F8344100F58275FFF7ECFF0B688E689F
S21401B850013304BFD2F80C310B604B68013304BFCF
S21401B860D2F818314B60771C3FD1D2F81431CF682B
S21401B8708B607E1C40D1D2F810610F69CE60013713
S21401B88004BFD2F804710F614F69013704BFD2F8C3
S21401B89008714F618F69013704BFD2F81C718F613F
S21401B8A08F6987BBC0F1640408688C6110B16D288C
S21401B8B038BF6D20C2F814314B68C2F80C01C2F8CB
S21401B8C018310B692846C2F804314B691149C2F890
S21401B8D01061C2F81C41C2F80831D1F8FC100723E8
S21401B8E00D4A03F091FD0020F8BD04F16D031B1A0B
S21401B8F0B34238BF3346BAE704F17406361ABE427D
S21401B90038BF3E46B9E76D34241ABC4238BF3C46C0
S21401B910CAE700BF004F00B0A43F00B038B5054CE1
S21401B920054B417800782568236002F051FD00B18F
S21401B930256038BDD82200205436030038B514F0EF
S21401B94042FC054600F0CEFC012805D0284614F03E
S21401B95035FC0224204638BDFFF724FA0028F1D131
S21401B960044BDC6814F08054ECD1284614F026FC15
S21401B970F0E700BF000002B80A4B10B51B6804468A
S21401B98073B1094B48B10121084A1A60022003F03D
S21401B99093FC0020064B1C7010BD01461860F5E7AD
S21401B9A00220F9E7D8220020DC2200204C360300D2
S21401B9B0D5290020014B1878704700BFD5290020F3
S21401B9C04FF40022034B186C03F500531A64C0F3BE
S21401B9D0C0407047000002B8024B586900F00100F1
S21401B9E0704700BF00C001B8084B5A69D10707D598
S21401B9F008B901F0D5BE5B69DA0706D401F0C2BE0C
S21401BA005B69DB0701D40028F8D1704700C001B894
S21401BA104FF0806310B1024A53617047014AFBE759
S21401BA20001002B8002002B8202350B1064AC2F81E
S21401BA30F433064B196C11F0010104D1032003F015
S21401BA403BBC034AF3E77047001002B800C002B8D7
S21401BA50002002B8431C07D06FF0FF02034B1040D2
S21401BA605A62A3F580535862704700BF00E000B8E1
S21401BA70014B986E704700BF003F00B0014B00209D
S21401BA8099667047003F00B003282DE9F74F0C4632
S21401BA90914679D83D4B13F800A03D4B1E5C3D4BBB
S21401BAA013F800B014F08FFB804605F013F8074634
S21401BAB040B10023002201930093012000230021BE
S21401BAC004F00EFE05F00EF848B1002300220193A3
S21401BAD00093002000234FF4004104F001FE002EE5
S21401BAE045D02D4BDD6C05F008050AEB06002B4B07
S21401BAF023305844DD64C0B201F0ACFD31465046F7
S21401BB0005F036F85A463146504605F09FF8244B64
S21401BB10DD6477B1234B1B68D3F89C1093F825009E
S21401BB2002F048FB20490868FFF794FF4FF0FF3307
S21401BB300B60B9F1000F04D01C4B002103205B6899
S21401BB409847B4B14FF48062194B1D6F03F500534B
S21401BB50C5F380251A67404614F030FB00F0C2FB9F
S21401BB60012808D15DB9002003B0BDE8F08F354645
S21401BB70BBE72546EFE7002CF0D10520F4E74FF4AC
S21401BB8080620C4B1A67EEE72120EDE76C36030066
S21401BB906836030064360300004000B8006000B851
S21401BBA0005000B88C200020242C00201C2C0020E3
S21401BBB000C001B800D001B8054AC002136A00F4FB
S21401BBC0FF2023F4FF23184310620020704700BFB4
S21401BBD000C000B8094B08465A6A91020BD4D3F844
S21401BBE00021D20708D4D3F8803013F4706F14BF45
S21401BBF00120002070470120704700BF004001B8B7
S21401BC00F8B50D46144601F00B0323EA0201394A42
S21401BC102340D1646F07A2F580520646D36410D53F
S21401BC200121FFF7D7FF60B104F08AFF4FF40073DC
S21401BC3014F0040F14BF304A304A53620422304BCA
S21401BC401A64E90606D514F0100F14BF00221B2251
S21401BC502C4B5A652A061DD5230616D54FF400121D
S21401BC60254B1A62012203F58053C3F8002114F014
S21401BC70AAFA0E210746032002F00CFA40F201222E
S21401BC80204B3846DA6214F099FA214696F82500D8
S21401BC9002F090FAEF0503D5E00524D502F064FA28
S21401BCA0A90503D5A20521D502F06AFA15F0600FA1
S21401BCB004D03046D6F8F010FFF78AF92B0510D5D8
S21401BCC004F03EFF104A14F4006FD2F8EC3E14BFA5
S21401BCD043F0006323F00063C2F8EC3E0422084BF5
S21401BCE01A640020F8BD02F039FAD9E702F042FAE8
S21401BCF0DCE700BF006000B8005001B8006001B882
S21401BD00002002B8004000B8003000B070B505460B
S21401BD1090F830010C460C2822D0FF2901D12120B1
S21401BD2070BD1AB14FF0FF320F4B1A6012F0B6FD1C
S21401BD30064695F8300101F057FA844228BF0446BA
S21401BD40E4B2B44238BF3446E0B285F8290001F0C7
S21401BD5055FB064A0346107820B9FF2BE0D1DEE7F3
S21401BD600220DDE70020DBE72C2C0020A9170300CA
S21401BD700C4B73B51B7804460E4615467BB96946CF
S21401BD8012F05FF932469DF800102046EDF710FCE0
S21401BD902A4601462046FFF7B9FF02B070BD0020D3
S21401BDA0FBE700BFA9170300F8B50E4690F830115F
S21401BDB004460C29174603D12D4B1B78002B4FD078
S21401BDC032462046EDF7F4FBD4F8EC3084F8280030
S21401BDD0002B41D0274A1578D4F8FC204DB1002A13
S21401BDE040D1B4F94400B3F91210884206DC0025AC
S21401BDF007E0BABB94F83921824202D20125B3F991
S21401BE00126000223146204684F82B70FFF7B0FFFF
S21401BE1008BB75B1C4F8EC00204612F0D5F84FF611
S21401BE20FF739842014615D02046BDE8F840FEF75C
S21401BE30E9BC114B1B7813F0FD0F0BD1204601F026
S21401BE40E1F90E4901230E4AD1F8FC1004F582707F
S21401BE5003F0DAFA0020F8BDFF2384F82930F9E769
S21401BE600220F8E7B4F94010B3F912209142BDE779
S21401BE70A9170300D6290020562F0020004F00B036
S21401BE80A43F00B0D0F8A430012B01D100207047A8
S21401BE9070B505464D498EB012F05AFDD5F8EC60E6
S21401BEA00146AC8DC5F8F00026B1336813B15B6866
S21401BEB0002B66D114F087F914F080F90123D5F828
S21401BEC0F0108DF80E30B389B0687268E31A9BB231
S21401BED000FB03223E48ADF80C30036802929942FB
S21401BEE002D02846FFF774F83A4C3B4E00F0FAF9B8
S21401BEF00128FBD1236CD907F8D4336CDA01F5D4C9
S21401BF00D5F8F01028460D919DF80E20029908AB41
S21401BF1002F044FF002831D100F0E4F90128FBD1FA
S21401BF202D4A2C49136CDB01FCD40B6CDE07F9D4CB
S21401BF3008A901A803F054F900BBAA8D274B5A643F
S21401BF4095F8243060F3410385F8243012F02CFC78
S21401BF50D5F8EC3002465B691968431EDBB2FD2B4F
S21401BF60049114D9CC1C12D91D4B01311B6815D074
S21401BF70D81C10D8284604A904930AE002200EB063
S21401BF8070BD1A68032A95D99B6A5B0E99E7284605
S21401BF9004A912F0F1FB00200EB070BDD91C04D824
S21401BFA0284604A9049312F0E7FBD5F854319B0503
S21401BFB006D495F8243043F0020385F82430EAE7E6
S21401BFC028464FF4803112F0ECFDE4E7FC4F00B058
S21401BFD0C022002000C002B8000002B8008001B8EC
S21401BFE0382C0020F8B590F83C61044666B314F08E
S21401BFF0EAF81F23154F013E7B621E40144B05468F
S21401C0005E62D4F84021A3F580539A66D4F84421A1
S21401C010DA66D3F80031DB0711D5204612F0DEF9D7
S21401C0204FF0FF3318B1C0F120029340DB43C7F84D
S21401C0300431D4F8A8201340054AC2F80431284632
S21401C040BDE8F84014F0BAB8F8BD00BF006001B80A
S21401C050005001B810B504234FF03A4101240A4AB2
S21401C060D1F81801C2F81831C2F814314C634FF4F4
S21401C07000511163410742BFC2F81431A2F5805244
S21401C080C2F8183110BD00BF002000BA70B54FF0DD
S21401C0903A434FF480640A4DD3F818610020C5F87E
S21401C0A01841C5F8144104F0A9FD4FF400532B675D
S21401C0B0730542BF034BC5F81441C3F8184170BD60
S21401C0C0002000BA001000BAF8B504460E4619B9A9
S21401C0D090F82430590657D44FF6FF73218ED4F8C2
S21401C0E0F070994204D03D4B1B680BB1204698472F
S21401C0F03B4D2B68BB4265D03A4B1B683BB11FB129
S21401C1003A68002A60D0BF68394620469847072714
S21401C110204601F077F8002E4AD004F093FE062060
S21401C120314B94F9262093F900303049C3F12703A7
S21401C1309B1A0A6ADB0222F4FF2203F4FF2313434D
S21401C1400B62D4F8F0202A4B2A60986701F0BEF9FA
S21401C15001250022274B284920460D7083F88020B0
S21401C16012F0E8FA254B1B6C5A0203D4D4F89C3023
S21401C1701B0607D54FF4001001222149214B086206
S21401C180C3F800210020F8BD4FF6FF71144DD0F81A
S21401C190F0702A6866F386139742018680F8243089
S21401C1A017D0104B1B68002BA9D101F02BF80727DD
S21401C1B015493B46154AD1F8FC1004F5827003F088
S21401C1C023F9AAE70127A3E71746204639469847E9
S21401C1D09DE701F017F80127EAE700BFC822002013
S21401C1E0C0220020C4220020D129002000C000B8AF
S21401C1F0006000B8003F00B0D3290020000002B85C
S21401C200005001B8006001B8004F00B0A43F00B074
S21401C21010B50446D0F824210B4B4FF40061C3F847
S21401C220C82090F82420D20102F4006204F0ECFD4C
S21401C23094F8243013F0100F4FF4007314BF034A20
S21401C240034A136410BD00BF003E00B0001002B8E0
S21401C250002002B838B513F0B6FF4FF6FF710A4A50
S21401C26013888B4203D113F0A9FF0E2038BD074C6B
S21401C270074D1B046566A4F580546366118013F0B0
S21401C2809DFF0020F2E700BF542F0020006001B898
S21401C2900000FFFF08B50F4BD3F84C21531C17D0F5
S21401C2A012F0804214D10C4B1B78012B10D9082BAD
S21401C2B00ED00A4B1B681BB111460320FFF7E4FBA7
S21401C2C04FF08062064BDA6401225A6102229A62BA
S21401C2D008BD00BF0080E00F7B2F00208C200020CF
S21401C2E0001002B80F4BDB68C3F30363013B0B2B53
S21401C2F00FD8DFE803F006060C06060606080A084D
S21401C3000808022070470420704705207047032064
S21401C3107047054B5B6913F0060F0CBF0120042024
S21401C320704700BF000002B800C001B8094AD368D0
S21401C330C3F303630B2B08D06FF49050184100F041
S21401C340010080F0010040007047106C10F480304E
S21401C350EDD17047000002B80C4AD368C3F30363FB
S21401C360062B07D8042BD8B20BD8C31E5842584107
S21401C37040007047072B06D1D2F844010028ECD1C3
S21401C3807047022070470020704700BF000002B8C7
S21401C390094BDB68C3F303639A1E012A8CBF002294
S21401C3A00122012B02701EBF4FF4026222FA03F330
S21401C3B003F001030B707047000002B8F0B5CF0719
S21401C3C02CD5002A14BFAA2555250E461E24154F26
S21401C3D001F0030383F001033B449B7806F0070C4E
S21401C3E017F80CC0013C63444FEA5606F6D10E4ED0
S21401C3F073436FF481769B0C33448AB991FAA1F1A9
S21401C40095FAA5F54A082D0F490042EAC57201F0D2
S21401C410020480F82740C0E92A23F0BDAA25D4E704
S21401C420024AF6E77036030036FC1000B75635129E
S21401C43013B5019147F6FE711A4BC3F83012D0F8C6
S21401C440AC4001EA4401184CC4F830120F21596679
S21401C4500199C90723D512BB012161664FF0FF314F
S21401C460C3F80411D0F8A8400F49C1F804414FF0B1
S21401C470F044C3F8104190F82730DB062340C1F89A
S21401C480103152B10422C06C0DEB020108F024F900
S21401C4904FF03A430222C3F8F42002B010BD022145
S21401C4A0DBE700BF006001B8005001B813B590F893
S21401C4B025100446FFF7E2FA012001F0D7F84FF401
S21401C4C0F0620B4BDA644FF40072A3F58053DA6422
S21401C4D094F82530023B012B08D80421054B012294
S21401C4E09B6E0DEB0100019300F04AFB02B010BDFC
S21401C4F0006000B8004001B838B5184B05461C6806
S21401C50044B1E36833B1206801F008FDA3681868F8
S21401C51001F004FD124B134A1B6813602BB1DA6855
S21401C5201AB19B68186801F0F9FC0F4B1B682BB118
S21401C530DA681AB19B68186801F0F0FC0B4B1B68AF
S21401C5402BB1DA681AB19B68186801F0E7FC21463E
S21401C5502846BDE83840002212F0F6B8B836030087
S21401C560B4360300E0220020B0360300AC360300E8
S21401C570F8B5D0F8403104468B420D46164603D135
S21401C58090F83C31202B0ED0324629462046FFF744
S21401C59015FF202384F83C310023C4F84051C4F829
S21401C5A04431FFF71FFD4FF00077074B32461F64FB
S21401C5B029462046FFF73CFF8022044B1A6103F50B
S21401C5C000531F64F8BD00BF001002B8000002B897
S21401C5D010B50724144BDC6331B94FF48041A3F541
S21401C5E08053C3F8041115E04421104B59631049D8
S21401C5F0096891F8251006291CBF40F04000986391
S21401C60001230C484FF48041C363074B002AE8D04E
S21401C610C0F804114FF48042C3F80821C3F80C2176
S21401C620C3F8102110BD00BF006000B8004000B87C
S21401C6308C200020005000B82DE9F74F05460E4625
S21401C6409046019313F0BFFD074603F06FFA95F885
S21401C65025B0032E0DD8DFE806F00211171D414B59
S21401C660DFF82491D3F800A085F82560BAF1000F11
S21401C67012D12124204603B0BDE8F08F3A4BDFF8F3
S21401C6800C91D3F800A0EFE7384BD3F800A0DFF801
S21401C6900091E9E7364BF8E7D5F8E820524507D090
S21401C6A0504600F0F9FC0022C5F8E8A0C5F8EC20D9
S21401C6B041462846FDF780FF044603F04DFAB34590
S21401C6C007D0D5F8EC2028461268DAF8041012F0E4
S21401C6D022F8019BDFF8BCA0A3F16D0001F014FA6B
S21401C6E0B0F57F4F3FBF234B9B6B0133C018A0F5BE
S21401C6F07F40CAF8D000484602F010FECAF8D400BF
S21401C7002CB941462846FEF79BF8044618B1384630
S21401C71013F054FDAEE701224FF00209164B4146D5
S21401C7201A642846C3F80890FEF730FC044618B190
S21401C730124BC3F80890EAE731462846FFF79EF900
S21401C74028460C9911F05BFD04460028DFD10C4900
S21401C75007230C4AD1F8FC1005F5827002F054FE4E
S21401C760D5E700BFB8360300E0220020B03603004C
S21401C770AC36030000C001B8001002B8002002B8B1
S21401C780004F00B0A43F00B0D0FB010050BD010037
S21401C790501C0700003E00B0034BD3F8F80780F0AA
S21401C7A00070C0F340607047000002B810B590F802
S21401C7B02500FF2814D0304BD3F8B82012F0060F0E
S21401C7C001D001280DD94FF470622C4BDA604FF47A
S21401C7D08072A3F58053DA600022274BC3F8B42099
S21401C7E010BD02F0020412F0040202D00B789B0680
S21401C7F037D4002C39D00B7803F00F03072B34D134
S21401C8004B78022B31D98B7813F03E0F2DD0CC7894
S21401C81014F0040F29D014F0010F0CBF04230A23CF
S21401C820A40748BF0633CB5CFBB1002A14BF022223
S21401C8300122012840F6FF7003F01F0108BF4900DE
S21401C840013940EA01310E4801654FF470600B4929
S21401C8501202C860A1F58051CA60074AC2F8B43016
S21401C860BEE7002CC7D18B7823B90023044A136591
S21401C8700122EAE70222DCE7003E00B0006000B8D1
S21401C880004000B80A68064B12F0802F1CBF42F227
S21401C8900101C3F82812C3F88822C3F88C22704716
S21401C8A0004001B8F0B585B06C460E460B4B074606
S21401C8B015460FCB84E80F00094BD3F848220092A7
S21401C8C026B16B1EDBB2FD2B88BF32602A4621469D
S21401C8D0384611F051FF05B0F0BD00BF78360300B1
S21401C8E00080E00F30B50823054685B080B9094AB7
S21401C8F0C2F8FC3351B96C46074B0FCB84E80F00E6
S21401C900064B2A4621461868FFF7CCFF05B030BD16
S21401C910034AEDE7001002B8883603008C20002099
S21401C920002002B84FF03A43D3F81421D2031ED5A3
S21401C9304FF480320E49C1F81421A1F58051C1F897
S21401C94018215A6DD1B2C2F30722C3F8A410C3F856
S21401C950A4200422C3F8A4200022C3F8A420C3F80C
S21401C960A420C3F8A420C3F8A420C3F8A4207047C9
S21401C970002000BAF0220B4B01219A64A022A3F5F5
S21401C98080539A644FF03A43C26CC3F8F410FC210A
S21401C990C3F8CC10C3F8D0204FF40052C3F8F020EF
S21401C9A0704700BF006000B8F8B50D464FF03A4436
S21401C9B01746064613F007FC01230421074A636362
S21401C9C0E76026616561C2F81411054AC2F8843130
S21401C9D013F0F4FB0DB102236363F8BD002000BA27
S21401C9E000E100E02DE9F04105460124006800F071
S21401C9F00700063004FA00F3A868EC685E1EA04241
S21401CA0000F0928000EA06076C6810441E43064058
S21401CA10D81B07EB040C8242644638D9D31AFA189D
S21401CA20A0B3431E062B74D941EA0C039B0770D1B1
S21401CA304B1CACEB0303022B6BD90B4620F0030E09
S21401CA408E44ACEB01071C68DC5104339E45FAD1D9
S21401CA5020F0030310F0030F01EB030EA0EB030419
S21401CA600CEB030700F0888011F80380012C0CF80A
S21401CA70038000F081809EF80130022C7B7018BF85
S21401CA809EF80230084418BFBB7001466C685AB362
S21401CA90531E062B01F101032FD9E01A02282CD9C7
S21401CAA041EA0400800728D1234622F0030CA4445F
S21401CAB0081F50F8047F43F8047B6345F9D122F040
S21401CAC00303D01A920701EB030C04EB03070BD008
S21401CAD0CA5C0128E25407D09CF8013002287B701A
S21401CAE002D09CF80230BB7013F06DFB0223AE60DF
S21401CAF0AB62BDE8F04113F061BB0A4404F1FF3CB0
S21401CB0000E0013313F8011C93420CF8011FF8D121
S21401CB10EAE70B460844ACEB0107D91913F8014BB9
S21401CB2083420C70F9D1B0E7042A0DD90878043A8B
S21401CB30A86148780431A86111F8020CA86111F8BF
S21401CB40010CA861A8685DE7013A032A12D8DFE85C
S21401CB5002F00F1507020B4613F8012B1946AA61BE
S21401CB600A4612F8013BAB61114611F8013BAB6175
S21401CB700B78AB61BDE8F081084486E70A46F3E727
S21401CB8038B50B46154601464FF03A4468B10122C6
S21401CB901048C4F8F4201A46FFF724FF25B14FF0D9
S21401CBA03A430422C3F8F42038BD73B1D4F8D82030
S21401CBB09A4284BF0122C4F8F4204FF03A42C2F8E8
S21401CBC0D4300223C2F8F430E8E70123C4F8F43085
S21401CBD0E4E700BFCC0000BA38B5044613F0F3FA18
S21401CBE04FF03A420121238F054651674BB3B3FA02
S21401CBF083F3C3F11903DBB2A069C2F8B410C2F81B
S21401CC008C300723C2F89000C2F8B0304FF4A0234E
S21401CC1002F50052C2F81431A2F58052C2F818315A
S21401CC2000220C4B1A600C4B1B6C5B0209D54FF4AF
S21401CC3080020A4B1A64D4F89C1094F8250001F07F
S21401CC40B9FA0023638707232846A387BDE838403F
S21401CC5013F0B4BAE4220020000002B8002002B8A3
S21401CC602DE9F84305460C46B1B1D0F81880078F78
S21401CC7013F0A9FAB5F83AC0791E01EA0C0323F0BD
S21401CC800702032C0646DFF8F8E042445ED1DEF8E0
S21401CC90004024B913F092FA0E20BDE8F88324F080
S21401CCA00104DEF8000020F00100A04253D1002369
S21401CCB0CEF80030238894426FEA43436FEA534329
S21401CCC023803ED1AB8F08EB07091846083880B29F
S21401CCD002F108044C4528BF4446082804D9B4F894
S21401CCE000E0BEF5804F40D263440F431B1A3B4021
S21401CCF09BB26B87A887947811884FF03A42C1F3AC
S21401CD000C019165C2F89830C2F8B0004FF4802249
S21401CD10174B04F00704C3F814210122154BC3F87E
S21401CD208421FFF7FFFD042C0BD14FF48002124B38
S21401CD301B6C124B1A64D5F89C1095F8250001F06F
S21401CD4039FA304613F03AFA0020A6E7601E0128A9
S21401CD5098BF1446A5E7A88F4344E31A48BFDB19DA
S21401CD6008389842A6DC304694E72246AEE700BF74
S21401CD70002000BA00E100E0000002B8002002B87E
S21401CD80E4220020154B10B519688A8F4B8F088F47
S21401CD9013440138073B8C69034023F007031C4406
S21401CDA002F108034FF03A429BB28B87C2F8B030CB
S21401CDB04FF480220A4BC3F814210122094BC3F811
S21401CDC08421A07800F00700042803D1064AD3681E
S21401CDD01B03FCD4054B1C6010BD00BF8C2000203B
S21401CDE0002000BA00E100E0000002B8E4220020C2
S21401CDF010B5064C216839B1CB0703D4044B18682B
S21401CE00FFF72EFF0023236010BD00BFE4220020A1
S21401CE108C2000204FF480320C4B0D49C3F81821AA
S21401CE204FF03A43C1F81421D3F8AC10D3F88C2054
S21401CE30012302F0070206329340C1F30C01083BBE
S21401CE40994201D8FFF76EBD704700BF002000BAB7
S21401CE50001000BA2DE9F04780460C461646876951
S21401CE60058F13F0B0F9B8F83A2005F1FF3C02EA55
S21401CE700C0323F00701032C82463944B8F83C0022
S21401CE8019D14A4C24689CB90244073A02EA0C02BA
S21401CE9022F00702BC183B44E31A48BF5B198342E1
S21401CEA010DB504613F08AF900242046BDE8F087CF
S21401CEB024F00104EFE7012C02D0022CEBD1083854
S21401CEC00C46E8E7002E3FD08C4241D14FF03A4263
S21401CED0D2F858904FF03A41D1F8AC20B8F8127019
S21401CEE0C2F30C02934247DA2588B5F5804FD8D2B3
S21401CEF0A378C5F30C0503F007037A1EA5EB090515
S21401CF003A43052B337005EA02052DD82DB2E843C6
S21401CF1040F24F420421C00FFDF720FD7580E378F3
S21401CF203374D8F81C207B1E03EA0903D118B160BC
S21401CF30A9B213FA85F5AF422FBF0023FF1AB780B7
S21401CF40F26024BFB180F360504613F037F9ACE7C6
S21401CF50A4F10802974284BFED0802EBC502B2F8BD
S21401CF600090C9F30C09B5E7114B5B6D003B18BF88
S21401CF700123A5EBC305C9E74B6D7A1EA3EB090395
S21401CF803A431A400B4915B2002DCB680BDCC3F3AC
S21401CF900363D81E43424341DB0033708B6C7280BF
S21401CFA01B0A3374BDE70823F7E700BFE42200201D
S21401CFB0004000B8000002B81022024B1A70FFF7BA
S21401CFC069B900BF7B2F0020054A1378102B04D0C7
S21401CFD018B123EA010313707047FFF7EDBF00BFD6
S21401CFE07B2F002008B5134B1349D3F84C215B68FF
S21401CFF023F0404323F440031B0C1B048B4216D141
S21401D0000E4B13400E4A93420CD10E4A0E4B9042E1
S21401D01008BF13461B1A584258410121FFF7D4FF97
S21401D020002008BD094A934201D1094AEEE7064BA2
S21401D030F0E700BF0080E00F00001602007FF01F3F
S21401D04000026000E17DF95F690345EC00046000C1
S21401D0509839F49608B550B1064B1A88824206D222
S21401D060002018800421FFF7AFFF002008BD012033
S21401D070F8E700BF8424002010B5044611F028FD0F
S21401D08000B1A08A034BBDE8104018800020FFF7CE
S21401D090E1BF00BF8424002010B5104CD4F84C31F9
S21401D0A05B0004D401F0F6FD0221FFF78DFFD4F8F2
S21401D0B04C31591C0FD05A000DD4094B1878012851
S21401D0C009D9A0F1080358425841A822BDE81040EA
S21401D0D03121FDF743BC0120F7E700BF0080E00FD8
S21401D0E07B2F0020024A137843F008031370704721
S21401D0F07B2F0020014B588000207047562F0020C0
S21401D10038B5124D0446297819B92022104807F07F
S21401D110BCFA002123780F4A022B13700E4A0F4BDC
S21401D120C2F8CC104FF0FF010D4A4FF0000011700D
S21401D1304FF007010B4AC2F8FC130CBF0422012270
S21401D140C3F8FC2301232B7038BD00BFD72900206C
S21401D150E03F00B0562F0020004001B8001002B892
S21401D1607E2F0020002002B808B50622024907F0EB
S21401D170B3FA002008BD00BF562F002010B50446A4
S21401D18000F0DEFD064BD3F8F83724B983F40033FC
S21401D190C3F3404010BDA31E58425841FAE700BFF2
S21401D1A0000002B84FF63F720A4BD3F8FC379342A1
S21401D1B006D0094AC3F301131370E022074B1A7015
S21401D1C041F66A02064B1B68B3FBF2F3054A13608D
S21401D1D0704700BF000002B87F2F0020802F00207C
S21401D1E004230020E822002020B1022804D1034BAA
S21401D1F018787047024BFBE7002070477F2F00200E
S21401D200802F00202DE9F74FD0F8B0204C21022ABC
S21401D21038BF0222064690F830B16B48013A036ADD
S21401D220D0F8CC506948C3F38213D9400368DFF8BD
S21401D230C0A19342DFF8BC91654BDFF8BC8101F0D9
S21401D240010116D11C788C4213D19AF800405C4536
S21401D2500FD1D6F8B44064B1AC420AD196F8295041
S21401D26099F80040A54204D1B8F8040003B0BDE81F
S21401D270F08F98F80040026020461970FFF7B4FF5F
S21401D280002900F0888004234FF07F400025514993
S21401D290C1F8B830504BC3F8B80096F829301B06D1
S21401D2A0C1F8B8304FF080514A4B2C04C3F8B41083
S21401D2B040F27121494B1B68B3FBF1F3192153432B
S21401D2C0182BB3FBF1F173D8002C7BD0B4FA84F29F
S21401D2D0C2F12002C2F10F03012B38BF0123D44053
S21401D2E0A14201D2013B64086A1C03F01F015200EF
S21401D2F08A403B4F121B9208C7F8B0201A0242EA36
S21401D30003121343019305EB052305EB0325354B68
S21401D31040F6C20218682B21003818BF0120FDF71D
S21401D3201DFBFA222F4B02FB04F01B6840F6FF722E
S21401D330B0FBF3F00A2358432B4B00F57A74C3F87D
S21401D340C420019AA3F58053C3F8C420A3F58053E3
S21401D350C3F8CC50D3F8CC3000F58C50C7F8FC306D
S21401D360C6F8B450214D14302C6001F0D7FF4FF4AD
S21401D3707A72C7F8A400C7F8F8002B68B4FBF2F07D
S21401D380B3FBF2F3A8F8043096F829308AF800B017
S21401D39089F800306AE7002C14BF1025202596F87E
S21401D3A02930834294BFED182D1805F0FF0579E763
S21401D3B0B1FA81F234B1B4FA84F3D21A002A89DCC4
S21401D3C00F238DE70F238FE7004001B82C2C002098
S21401D3D0D8290020001002B8002002B8042300203B
S21401D3E0003F00B0E8220020006001B8EC220020D7
S21401D3F07D2F00207C2F0020562F002010B5114BCA
S21401D40001461B78104C0C2B02D1FF20207010BD5A
S21401D410184611F043FA02461846FFF7E5FE884221
S21401D42028BF0846C0B2904238BF10462378C0B223
S21401D4308342ECD0054B20701868FFF7E3FE207896
S21401D440E5E700BF562F00207E2F00208C2000200D
S21401D45010B50446FCF7B4FF78B1154B1B786BB9D1
S21401D46064B1144B1B784BB1134B1B78013B012B5A
S21401D47004D84FF40042114BDA6410BD104BDB6C3C
S21401D4801B04FAD412F09FFE044603F059FB4FF436
S21401D49000420C4B2046BDE81040DA6402220A4BDB
S21401D4A0C3F87C240422054B1A6412F087BE00BF21
S21401D4B0D9290020DA290020F0220020002002B815
S21401D4C0000002B8001002B800D003504FF48022CA
S21401D4D0014B9A64704700BF005000B8F7B5064686
S21401D4E0544C00F02DFC01213A20E8F755FF524B31
S21401D4F02578524F1E7085BB2846FFF7A9FF237873
S21401D500013B012B19D8E37B01A88DF80430237C5D
S21401D5108DF8053004F044FFC7F87C544FF6FF72CF
S21401D520474BC3F88420F822A3F58053C3F8842020
S21401D5300022424BC3F87C240DE04FF6FF72404BAD
S21401D540C7F87C54C3F88420F822A3F58053C3F8A7
S21401D5508420C7F87C543B4B5BE00020FFF778FF44
S21401D5602378013B012B08D8E37B01A88DF8043012
S21401D570237C8DF8053004F013FF0023C7F87C34B4
S21401D580002ECBD062685AB32F4B1B6803EB5203B5
S21401D590B3FBF2F3013B1B0243F0F803267828495C
S21401D5A0022E2A4A1ED0032E4FF6FF75234826D098
S21401D5B0012E38D143F00203C1F88450C2F88430FA
S21401D5C00723C0F87C34E37B01A88DF80430237C64
S21401D5D08DF8053004F0D2FE0120FFF739FF17E081
S21401D5E0F823DBE74FF6FF7043F00103C1F8840030
S21401D5F0C2F884300622114BC3F87C24E3E743F0DB
S21401D6000503C1F88450C2F884300423C0F87C3482
S21401D6100F4B4FF080420020DA644FF480220B4B10
S21401D6209A6403B0F0BDC1F88450C2F88430002378
S21401D630ECE700BFF0220020DA29002000C00350EA
S21401D640006000B8002002B804230020005000B893
S21401D650001002B8034BDB6C002BBCBF024BC3F8B7
S21401D66088007047000002B8004000B84FF0006321
S21401D67038B1064AD364064B4FF40032C3F884200F
S21401D6807047044AD364044BF6E700BF001002B8A3
S21401D690005000B8002002B8006000B82DE9F0473D
S21401D6A000F0A8FB4FF47A762D4BB0FBF6F6186027
S21401D6B04FF4FA73734307462A48190E1B021818CB
S21401D6C0294A4FF0000341F10001EDF791FC274B89
S21401D6D0A0F5807205461A6320B94A222B21FDF770
S21401D6E03DF901254FF47A724FF0000A6A4353461A
S21401D6F050083102EDF77CFC1C4B1D4AB7F57A7FCA
S21401D7009A601C4B4FEA056819601B4B8946044614
S21401D71018604FEA152505D29D222B215046FDF7AC
S21401D7201DF901264FF47A73A8FB030103FB0511CB
S21401D7307308C01841F1000100233246EDF758FC8A
S21401D7400E4B023419600E4B49F10009A40818600B
S21401D75044EA8974054B013C9C63BDE8F08700BF31
S21401D7600423002020A1070040420F0000C001B89A
S21401D7700211010014230020102300200C23002096
S21401D780082300201022044BC3F884215A6001228A
S21401D790024BDA60704700BF00E100E000C001B84C
S21401D7A01022064BC3F88421C3F88420BFF34F8FA1
S21401D7B0BFF36F8F0422024BDA60704700E100E08E
S21401D7C000C001B810B50446A242A2EB0000A3EBCC
S21401D7D0010104D2034B01399B6B0133184401F05C
S21401D7E0030110BD00C001B838B501250A4B02017E
S21401D7F09D504FF480730446084A8340536612F0E6
S21401D800E2FC074AA540137823EA05031370BDE836
S21401D810384012F0D3BC00BF00E101B800E001B807
S21401D820E42900202DE9F84F164605468A461F468C
S21401D83012F0C9FC022E00F09180804612F0CCFC5A
S21401D840604B614AD3F8209092F88D405A6EE4B24C
S21401D850520744BFD3F82090013404F0030412F0B9
S21401D860B6FC4846214600F03DF98446DAF8000049
S21401D870012E04BF01306044ACEB000C08BFCAF8AF
S21401D8800000BCF1804F7DD300F03EF98145A1EB4D
S21401D890040188BF4B4BDFF854C188BF01F1FF314B
S21401D8A001F0030188BF9B6BA0EB090E0CF8051075
S21401D8B0A1B1F90742BF41F61F72444B5A67BA0736
S21401D8C042BF424B424A5A677B0742BF00223D4B4A
S21401D8D09A673C0742BF00223A4B9A6511244FF0E3
S21401D8E0010A384B05F11002120103EB051BCBF8B8
S21401D8F00C0138499C501A6A0AFA05F4586E0B78DE
S21401D900A2EB0902E4B2234372450B7025D34FF410
S21401D9108073AB40034220D11CF80520002A4CD16D
S21401D9200EB32D4AF807536607D541F61F7140F22C
S21401D9300110264B596750675967B90706D5234B1F
S21401D940234A254925485A6748675A677A0742BFD6
S21401D9500122234B1A613B071AD4404612F02EFCD3
S21401D9600120BDE8F88F1F4A2D0142F805A042F8B4
S21401D9709C3C12F028FC17490B7823EA04030B7031
S21401D98012F01CFC404612F019FC0020BDE8F88F8E
S21401D9902120FFF75FFE4FF480310A4A124BD16017
S21401D9A01A78002AD9D000222D201A70FFF752FECD
S21401D9B01022094B40465A66D0E7074A404653664E
S21401D9C0CCE700BF00C001B8003E00B000E001B8DF
S21401D9D000001F1FE429002000D001B8000001014B
S21401D9E0000002B800E101B8DB290020DC29002094
S21401D9F0024B1878003818BF01207047E429002030
S21401DA00034B10300001185800F00100704700BFAA
S21401DA1000C001B870B50646FDF7DEFF044608B142
S21401DA20FFF7BEFE00230A4D3046AB61EB612B6269
S21401DA3000F06AF8074BC9B283F88D1028622CB142
S21401DA40FFF7A0FE4FF08062034B1A64002070BD02
S21401DA5000C001B8003E00B0002002B810B5044670
S21401DA602120FFF7F7FD1CB14FF48032064BDA6038
S21401DA70064B1A783AB100222D201A70FFF7EAFDFC
S21401DA801022034B5A6610BD00C001B8DB290020E6
S21401DA9000D001B838B512F09FFB084B084A1D6A42
S21401DAA092F88D405A6EE4B2520744BF1D6A0134A3
S21401DAB012F08DFB284604F0030138BD00C001B802
S21401DAC0003E00B00346064A103302EB00111B016C
S21401DAD0D1F80C01D158C1F3400110F0FDBE00BFD2
S21401DAE000C001B8064B1B68434303EB8171054B2D
S21401DAF01B68A3FB003013F1004341EB00007047A5
S21401DB000C230020082300200C4A20F04043014645
S21401DB1010B5002014684FF00042E4FB0320084AC9
S21401DB20890F126802FB0300064B9B6B984204D9CF
S21401DB3001330131C01A01F0030110BD102300208A
S21401DB401423002000C001B8044B01F0F07110301E
S21401DB5041F0030100011950704700BF00C001B831
S21401DB6008B52220FFF776FD4FF48022014BDA60DC
S21401DB7008BD00BF00C001B870B51646054600B323
S21401DB80F9B1F2B14268104B006803321B68920883
S21401DB9000F130409847044688B9EA68A86803321D
S21401DBA03146920800F1304010F0B6FE044630B916
S21401DBB0286921466A6900F1304006F066FD204674
S21401DBC070BD2124FBE700BF342C002070B50C6823
S21401DBD0651C15D0C4F302669E42C4F3074530D1D6
S21401DBE0A4B294422DD804EB8506B24229D2141B66
S21401DBF0A50824F003040E59340F04D0012C08D0D4
S21401DC000022212402E06B1C51F82320C0E90024E5
S21401DC1070BD0E4C34F8133042EA03431A686B1C8D
S21401DC2051F8234001EB83014B6822405E4036F0F9
S21401DC30704404D11B0F032B04BF8B681A430024C6
S21401DC40E4E7013501EB8501C1E700BFA03603001B
S21401DC5007B501A8E9F762FC9DF80530022B02BF63
S21401DC6040220B4BC3F8FC23C8220A4B5A650A4BC9
S21401DC700A4AD3F86032DBB2FF2B08BF03239B00AE
S21401DC8043F47F53C2F8F83303B05DF804FB00BFDA
S21401DC90001002B8008001B80080E00F000002B852
S21401DCA00022012108B51E4B1A645A649A641D4A63
S21401DCB0516102219162DA68C2F303620D2A01D032
S21401DCC0002AF8D1112218499A631848184AFFF712
S21401DCD053FF01F099FC174A93685BB9164A93689B
S21401DCE09BB94FF080620F4B5A61012203F58053B6
S21401DCF05A6108BD1149D268096803F13043032A05
S21401DD00ECD943F8041B043AF9E70C49D2680968D0
S21401DD1003F13043032AE4D943F8041B043AF9E734
S21401DD20000002B8001002B8383703001C370300A1
S21401DD303437030004370300EC360300482C002078
S21401DD40012341F6FF710D4AC2F8803291660C4AF2
S21401DD5053600C4A53600C4A5360A2F580425360EC
S21401DD60A2F54042536002F5C032536002F580428C
S21401DD705360A2F500425360704700BF0090005008
S21401DD8000D000B8001000BA005001B810B5032446
S21401DD90FFF7D6FF114A124BDA64FFF759FF114B12
S21401DDA0C3F8E04000F0DAF901F072FA4FF460725D
S21401DDB00D4B5A614FF40072DA6410F0F5FC002145
S21401DDC0FEF790FD8022094B1C64A3F580535C642A
S21401DDD0074BC3F884215A6010BD00BF0048F0000D
S21401DDE0000002B8005001B8001002B800A002B846
S21401DDF000E100E008B511F0B9F8044B1B6FC3F35E
S21401DE0000430133B0FBF3F008BD00BF00800050B3
S21401DE102DE9F04F044687B00290894659F8043B35
S21401DE205A1C06D12360029BE01A801007B0BDE899
S21401DE30F08F3748C3F301615FEA137B30F81100B6
S21401DE4008BFC3F307429BB218BF012243EA004052
S21401DE5010F06BFD4FEAC20A05460AF104032D488D
S21401DE60234483421BD807230127C846CB4003F02F
S21401DE70010301939300049307FA0BF705EB820362
S21401DE80039307F0940304F108060593039B08F136
S21401DE900408AB4208D1049954444944BDE71E4BDB
S21401DEA09C42E0D80020C1E7059B53B917F0420F0A
S21401DEB019D117F0280F0BD146F8085C58F8042C36
S21401DEC021E040F6B70232210020FCF747FDF3E7D8
S21401DED040F6BB0232210198FCF740FD05F5805261
S21401DEE046F8082CEAE74FF40C6232210198FCF759
S21401DEF035FD05F50052BBF1010F46F8082CDDD1C2
S21401DF0058F8042CD24346F8042C04350836BDE7ED
S21401DF1098360300DF4F00B0E04F00B0F8B5064674
S21401DF20E0B10024144B25461F46144953F8042B30
S21401DF30AAB91348314600EB8500FFF769FF30B9EF
S21401DF4040F66C223621BDE8F840FCF707BD0D4BC4
S21401DF500135281847F8246023F81400F8BDB242AA
S21401DF60FCD001340C2C02D031F81450DEE740F618
S21401DF70862236210020E6E718230020842400208C
S21401DF80404000B08624002070B5044698B1B1B177
S21401DF903A4A52F8043B834213D10023384A116CA3
S21401DFA0C907FCD4374800EB830010F0BEFC364BA3
S21401DFB0106001221A6470BD01330C2B02D1334D5F
S21401DFC02CE0012352F8041BA142F5D1304A32F865
S21401DFD01330E3E7C2F3016335F81300110C93B273
S21401DFE011F0FE0F43EA0043606820D00434CAB241
S21401DFF0022A216808D96668A068033AC3E90016B0
S21401E00098600C340C33F3E704D16268C3E900125C
S21401E010083403E0012A01D1043419602268531C34
S21401E020D8D10022164B1A6003F58053C1E7120FB0
S21401E030072AEDD8DFE802F00704090D1013181DB2
S21401E040C04303F500531860E2E71A6842401A60BD
S21401E050DEE703F58053F6E710F033FCD8E701223C
S21401E06003F580538240F2E7012203F50053824014
S21401E070EDE71A6830EA0202FBD1C9E7182300204F
S21401E08000C002B8404000B000D002B8A03603007D
S21401E09084240020064BDB68C3F30363984206D151
S21401E0A0044A536E23F0F00343EA011151667047A8
S21401E0B0000002B8003F00B02DE9F743064610F015
S21401E0C0F9FB00248046DFF8909012F07CF80DF101
S21401E0D0070105460DF10600FEF75AF99DF80630D0
S21401E0E08BB9721C29D010F0E5FBA0EB080428467A
S21401E0F012F064F89DF8063013B99DF807303BB36B
S21401E100A642E2D824E0D9F80C3013F4603FE8D0F8
S21401E110D9F8180010F05CFC731C074603D010F009
S21401E120C9FBA0EB0804284612F048F817F5007F53
S21401E130E0D0384603B0BDE8F083284612F03EF83A
S21401E1409DF80630002BC0D19DF80730002BBCD1BE
S21401E150004FEEE700FEFFFF00C000B80122014BB2
S21401E160DA647047001002B80122014BDA64704786
S21401E170002002B84022014BDA647047002002B842
S21401E1804022014BDA647047001002B80122024BAC
S21401E19098611A61704700BF000001B8044BD3F8BC
S21401E1A0AC3010B1C3F30332027003F00F007047B6
S21401E1B0000002B8094B01F080011B6C03F48003D8
S21401E1C00B430AD14FF40012054BFF281A621EBFFB
S21401E1D00122A3F58053C3F800217047000002B85E
S21401E1E0006001B810B511F0EEFF084B04461B683D
S21401E1F03BB1984728B1002200204FF4806101F01E
S21401E2005DFA2046BDE8104011F0D8BF4823002033
S21401E2104FF604014FF60502044B01201B6C9BB21E
S21401E2208B4208BF1346024A136670470080E00F10
S21401E23000C001B8074BD3F8483203F00303012BA3
S21401E24003D0022B03D00020704711F0B1BF10F0AD
S21401E250D1BE00BF008000502DE9F74F81460F4622
S21401E2604FF0FF35FFF716FC002601908A462C4634
S21401E2703046DFF8D8B006F110031B015BF8033017
S21401E28003F00308B8F1010F15D13046FFF71AFC69
S21401E29002460B4601985146FFF794FADBF86430C4
S21401E2A006F10802D340DB0739D5002F40D0002500
S21401E2B02C463E6040460136082EDCD160B3234A28
S21401E2C00027D2F808C0916B0CF440330131A4FB4F
S21401E2D00141641941F10001B3F5003F30D1536BA0
S21401E2E00CF4405C013347F10006BCF5805F22D197
S21401E2F0156B15F5807505FB06F647F1000203FB65
S21401E3000266A5FB03323244594304FB0212A3FB07
S21401E31004341444C9E9003403B0BDE8F08FA842C0
S21401E32071EB0403C6D207B13E6005460C46C1E751
S21401E3303D463C46BEE7320242EA13621B02E3E771
S21401E340136B13F5807347F10002DDE700C001B8D7
S21401E350F8B5062010F0D1FA044610F0ABFA42F2F6
S21401E3601073041B9C42054618D94FF080624F2457
S21401E3700B4B1A6441F26F770A4E0BE010F09AFAD3
S21401E380401BB8424FF4837221468CBF0020012007
S21401E390FCF7E4FA336C5B01F0D5F8BD1A24E9E723
S21401E3A0002002B8000002B808B510F025FB0122D3
S21401E3B0054B93F8893002335B00DBB202FA03F3B4
S21401E3C0024A536108BD00BF003E00B0002000B8FD
S21401E3D0FF2870B505D1FF2931D0072001292CD897
S21401E3E004E0FF2927D10B2827D801214C4B83F8BD
S21401E3F0880083F889104B4B5B689D05C3F3402268
S21401E4003BD44FF038435A60474A506E440205D514
S21401E410464B5B6803F00303022B13D110F4001084
S21401E42076D140F237121B21FCF798FA01223E4BB7
S21401E430C3F8482209E00B28D0D9212067E0012142
S21401E4400720D3E70223C2F848320122384B9A60EC
S21401E4504FF038435A60DA60996A0807FCD11969A7
S21401E460C907F8D540F2FF32324B9A615A614FF430
S21401E47000722C4BC3F884215A60294C01213B20A1
S21401E480E7F78AFF94F8893094F888202A4943F4FC
S21401E4904023063243F4106341F82230274B1D68AF
S21401E4A0FFF7C8FE6E08ED070246002328463146F0
S21401E4B0ECF79EFD090241EA1061C0F3C05040EA44
S21401E4C041001F4BA067186B10F5807005D14FF403
S21401E4D0D6722B21FCF742FA0220024600230020C6
S21401E4E00121ECF785FDE067FFF7A4FE40F64943FE
S21401E4F05843000DFF2828BFFF20022838BF0220FE
S21401E500002184F88C00012000F0D6FE002070BDAA
S21401E5100C4B586800F00300023818BF012080E752
S21401E520003E00B000E100E0008000500000025014
S21401E530001000B8002000B800800350042300201B
S21401E54000C001B8004002502DE9F34105460F46D0
S21401E55068461146FFF780FE0646B0B1AFB1DDE969
S21401E56000321B0A43EA0263A5FB0384094B120A25
S21401E57005FB02441A6812B9FFF73CFC0246002369
S21401E58040462146ECF734FD3860304602B0BDE81F
S21401E590F08100BF0423002070B5FFF7D9FE0021EB
S21401E5A0022000F089FE10F085F904460F4D104E4A
S21401E5B0D5F8F4331B070BD511F005FEBDE8704006
S21401E5C002220C4BDA6001220B4B1A7011F0F6BDD9
S21401E5D010F070F9001BB0424FF405724FF0450180
S21401E5E08CBF00200120FCF7B9F9E1E7000002B872
S21401E5F03F420F0000C001B8E5290020244938B584
S21401E6000B78002B42D00122224C234894F8893003
S21401E61002335B0002FA03F5DBB29A408561426180
S21401E6204FF400721D4BC3F8842100230B701C4B62
S21401E63040F2C322186C3921C0F38060FCF78EF9D2
S21401E6404FF48041174B184AC3F894100C2194F8E4
S21401E65089304B4303F138435B6BD4F88010994201
S21401E66002BFD2F86C31C4F88430D2F86431D4F8E1
S21401E670840008BFA4F88E30B4F88E1000F0DCF8E1
S21401E680BDE838400121022000F016BE38BD00BFAB
S21401E690E5290020003E00B0002000B800E100E0BF
S21401E6A0000002B800E001B800C001B810B5044689
S21401E6B0FFF7C0FD6043044B00F5F42000F59070B1
S21401E6C0B0FBF3F010BD00BF40420F002DE9F74F3D
S21401E6D0FFF7ECFF0446FFF73BFE11F074FD002147
S21401E6E0DFF848810546684688F80010FFF7B4FD54
S21401E6F04FF038431E6A03F50033DB68074613F014
S21401E700706F1BD1444B5B6913F0060A16D1D8B162
S21401E710424B611D1868A1FB00B9FFF78BFD5346FC
S21401E720024649465846ECF763FC009B090241EA5B
S21401E730106100029842019B994105D3284603B017
S21401E740BDE8F04F11F03ABD0021022000F0B4FD03
S21401E75010F0B0F88146DFF8D8B0DFF8D8A0DBF8C3
S21401E760F4331B0742D5002F4FD0DDE90079FFF7C0
S21401E77061FD390A41EA09614FEA1923A0FB0197B5
S21401E78000FB0377254B1A6812B9FFF733FB0246E5
S21401E790002339464846ECF72BFC4FF00C0E844616
S21401E7A001211F4B013493F88920361B931C0EFB65
S21401E7B002F25B00DFB21B48664402F1384201FAFE
S21401E7C007F747615663184E01FA03F3B3614FF03A
S21401E7D03846366A526BA4EB0C04B21AA24214D223
S21401E7E083614761022000F067FDA7E710F062F839
S21401E7F0A0EB0900504540F26A224FF045018CBF5C
S21401E80000200120FCF7AAF8A9E70222024BDA60F1
S21401E810012388F8003091E700C001B804230020E6
S21401E820003E00B0002000B8001000B8E529002026
S21401E830000002B83F420F002DE9F04F4FF00C0ADE
S21401E8400027B64A054692F8894088460AFB04F333
S21401E85003F138431F6392F88820B14B87B0C3F8A1
S21401E860B4204FF40032AF4B46461A610222A3F59C
S21401E8708053DA604FF03843AB4A1B6A92F8241390
S21401E880AB46C9B2059192F829130134C9B2049175
S21401E890012104F0010482F8247382F82973A21C72
S21401E8A00AFB04F4500001FA00F003F1FF3902906C
S21401E8B0019004F13844A3EB0903002B40F3FD80DB
S21401E8C00137022F63D9EC220D210020FCF746F810
S21401E8D04FF080539549944A4B66059B944C03F040
S21401E8E0F00382F82433049B03F0F00382F8293303
S21401E8F08A4A4FF40033C4F86CB1C2E9209BC4F8CD
S21401E9006461A2F88E6000260B61854BC3F8B46083
S21401E9100C2392F889205A4302F13842166311F00B
S21401E92052FC334632464FF4807E276AD4F864C0E0
S21401E93003F110010901615801F00301012910D109
S21401E9400EFA03F111EA0C0F0BD104EB0316BD42CC
S21401E950D6F80C6100F2DC80B54202D2B74280F0F4
S21401E960DA800133082BE3D1724D2C68012C40F27A
S21401E970E7803AB16949B1F88A301343A1F88A3081
S21401E980684B5A6607B0BDE8F04F11F017BC4FF060
S21401E990000B624E96F889300AFB03F303F1384305
S21401E9A0C3F830B011F00FFC4FF080515F4B03906D
S21401E9B059664FF0384396F889201B6A00920AFB85
S21401E9C002F203F1010902F13842C2F83490554AC5
S21401E9D002331167C4F830B0029A6363564B544849
S21401E9E05A61019AA3F580539A61016B8368DB0330
S21401E9F040F18B80D6F88030B26FA9EB0303A3FBFE
S21401EA00022CF36F01F58071ACFB0360A2FB03E3FC
S21401EA109B19A1FB03E640F1000001FB0066B2EB87
S21401EA200E026CEB0606120A42EA06624244B2EB9A
S21401EA30112F4FEA112603D3013340F10000921B38
S21401EA40043E964228BF16463949344A8E6192F8EA
S21401EA508D20D1F820C0EB18D2B2896B40F10000AE
S21401EA60654584BF02F1FF32D2B2B1F1FF3F0ED04D
S21401EA704FF0000E01F1010C99427EEB000B08D21B
S21401EA800132B3EB0C03D2B260F10000F4E70244AA
S21401EA90D2B29B462149264B02F0030281F88D2013
S21401EAA0C3F820B00222009B03980AFB03F303F18C
S21401EAB038431A63226311F081FB4FF038431B6A17
S21401EAC0009311F080FB1D490A6922F004020A61D5
S21401EAD0BFF34F8FBFF36F8F30BF4FF08051019B55
S21401EAE0154A936102F5E032116700221021226374
S21401EAF00D4AC2F8841111F061FB0D4A009B526E5B
S21401EB0012F0805F3FF4D7AEE2E64646AB46C9E771
S21401EB10B542BFF423AF11438AB222E7003E00B0EC
S21401EB200080035000D001B800E100E000E001B829
S21401EB3000C001B8B8220020002000B800ED00E0B7
S21401EB4011490B78142B01BF0023104E0B70337044
S21401EB500B7801330B70002A3FF414AF0C4EB6F855
S21401EB608A301343A6F88A300A4B5A66074A137846
S21401EB700133DBB2022B13707FF404AF00230134A0
S21401EB802C600B701370FDE6E7290020E6290020B3
S21401EB90003E00B000D001B84FF00052014B1A60A1
S21401EBA0704700BF00E100E04FF00052034BC3F88E
S21401EBB08020BFF34F8FBFF36F8F704700E100E0F7
S21401EBC037B50446FFF7BCF801213A20E7F7E4FB26
S21401EBD0E17822791B4841EA0243C0F8DC34E57942
S21401EBE0A37943EA0543C0F8E03423784BB18DF8A6
S21401EBF0041004218DF805200DEB0100002203F01E
S21401EC00A9FB63785BB10421A37900228DF8043057
S21401EC10E3790DEB01008DF8053003F09BFB2278BC
S21401EC2001235AB1084AC2F8D834627802233AB1AD
S21401EC30054A0020C2F8D83403B030BD034AF2E7D3
S21401EC40024AF6E700C0035000D0035000E003502C
S21401EC500C4A10B5D2F84C3154680B4A0B49944211
S21401EC6001EA030106D103F4FE43B3F5807F08BF32
S21401EC7041F4A06106480FF0C8FE2146BDE81040E9
S21401EC800FF0C3BE0080E00F14001501E0FFF01F77
S21401EC90CF13468B2DE9F84F044610B90020BDE886
S21401ECA0F88F00F11703B3F5002FF7D21E4A0023A1
S21401ECB090461E4F3D789D4218D800264FF0240AF4
S21401ECC0FFF7C6FF21680FF0C6FE61680FF0C3FEAE
S21401ECD0D4F80C90B14511D123698342DED1062DBB
S21401ECE008D048F8254001353D7003E052F8041B72
S21401ECF0A14201D10120D2E70133DCE70AFB06F38A
S21401ED00A26812EB030B0CD00BF12301B1F5002F17
S21401ED1007D2D1580FF09FFE04220BEB02010FF031
S21401ED208FFE0136D6E700BF4C230020E8290020DD
S21401ED30F8B50B46002213F8044B944225D91D68FA
S21401ED40854224D106245A791D79124B88181E68EB
S21401ED5004FB0503104F33F8063C7B43B3420ED940
S21401ED6000238A5A7A43964202D804FB0300F8BD70
S21401ED709D42FAD9013304FB03F2825AF2E740F2CC
S21401ED8047423D210020FBF7E9FD0020EFE708336D
S21401ED900132D2E76423002040420F0000202DE913
S21401EDA0F84FA2FB018BC74EC74F18EB06069946D4
S21401EDB06BF10003B74270EB030307D240F23E2229
S21401EDC00E21FBF7CBFD0220BDE8F88FD9F814A081
S21401EDD00C461546BAF1000F04D0DAF80030032BC2
S21401EDE000F21B81B94BBA4A9F6BA3F58043D3F857
S21401EDF0EC30C7F314075E00B64B48BF47F4001764
S21401EE001B6ED2F8FCA058074EBF4FF440039B057B
S21401EE1003F0E0731F43B04BD3F8E430990748BFC3
S21401EE2047F0807747EA456710F0DAF8012D064685
S21401EE30C9D10028C7D0A94B984200F0FD8003F540
S21401EE40122303F5F863984200F05A81A44B9842C6
S21401EE5000F0A781002502462B4600204FF00071E6
S21401EE60ECF7C6F82B46013008FB03F3C7F3130192
S21401EE7000FB0B33A1FB0662A8FB008001FB052209
S21401EE80034420339B09C9F80030F60C954B46EA3B
S21401EE904236FA021C6058BF7642934B934D344477
S21401EEA01E602C60BAF1000F00F00881FB014FF0E4
S21401EEB000038F49C7F381528A5C194648BF64082C
S21401EEC0002EB8BF764292066008C2FB06012246B3
S21401EED0ECF78EF8DAF800100E2908D97D4B7B4A3C
S21401EEE0926BDE69D3F80C31F60600F12881C0F387
S21401EEF0130017F40017C9F8040014BFC42040F229
S21401EF0007107C4ADAF81860A2FB04C24FEA5212D4
S21401EF1000FB02F24FF4FA73B2FBF6F218BF0027B9
S21401EF2002FB03F3A4FB00C0FA33A3FB063604FB83
S21401EF3007006345864138BF0132D2B242F4006C05
S21401EF40C9F808C0002A00F0BB80DAF81C70A2FBE2
S21401EF50070624B1B4FA84F30E2B40F3D880E303FA
S21401EF60002E40F0D180B3FBF0F6700000FB0220CB
S21401EF70A0FB07834FEA044EC6454FEA144474EBE0
S21401EF80030309D352001044A7FB0083C64574EB64
S21401EF90030306F10106F6D2C6F30E034CEA033C60
S21401EFA04CF000630629C9F8083049D9DAF8303040
S21401EFB0002B45D00023C9F80C30C9F8103010F0EA
S21401EFC00FF8DAF83010FFF7B3FE044618B183786D
S21401EFD0002B40F0CC800FF0C3FFDAF83010FFF7BB
S21401EFE0A7FE0446002869D08378002B66D04079B6
S21401EFF040F27352003818BF01203D21FBF7AEFCEA
S21401F000207940F2745200384FF03D0118BF0120BC
S21401F010FBF7A4FC237962794BE0042BDAF828701D
S21401F0207FF402AFFB014CBF4FF4400307F0E073DF
S21401F03027F0E0771F43F7E600232F481D4613E726
S21401F0400FF0CEFF2C68002C00F0AF80B4FA84F3EA
S21401F050D3F1020358BFDC40284B9C4288BF6408AA
S21401F060002875D0B4FBF0F3642100FB134201FBCA
S21401F07002F2904203F1FF3200F2A6805D085308C7
S21401F080013D1B0243EA0515C9F80C500FF06EFF4F
S21401F090002800F09080B4FBF0F2642100FB1244DB
S21401F0A001FB04F4A04200F28D80531E52085B0857
S21401F0B0013A1B0243EA0213C9F81030002083E626
S21401F0C0212081E6006CCA88807C814A008001B8D4
S21401F0D0004F00B0004001B8000002B800F049023D
S21401F0E0005A62026C23002068230020642300205B
S21401F0F0BC360300D34D62100A3BB2DF3FBE40254B
S21401F100002335481D46AFE61046002630E7C3F11A
S21401F1100F0E03F1110806FA08F820FA0EF040EA7D
S21401F1200800AEF1200826FA08F840EA080026FA98
S21401F1300EFE013004FA03F34EF1000610E702F466
S21401F140801203F400131A4308BFC0F58010CEE600
S21401F150631EA51E5B086D08013B2D0245EA0315DB
S21401F16040F2C5422B210020FBF7F8FB8CE74079E3
S21401F1704FF4AB62003818BF01203D21FBF7EEFBD0
S21401F180207940F25952003818BF01203D21FBF783
S21401F190E5FB237962791B0243EA0213C9F80C30B6
S21401F1A019E700230D481D465EE66FF01F0500288F
S21401F1B07FF46AAFD4E74FF49D622B21FBF7CEFBB9
S21401F1C0621E72E71446FBE79D1E6D085308013B5D
S21401F1D02D0245EA031557E7313641DCD694BFD6F2
S21401F1E010B5044686B059B9214B4168D3F8FC30B6
S21401F1F0827A2048059300686B46FFF7CFFD694683
S21401F2001D4B0A685A631A4BD3F8FC3033B34B686C
S21401F21043B11A4B1A4AC3F80C214A68A3F5805326
S21401F220C3F80C218B6843B1144B164AC3F8EC2083
S21401F2308A68A3F58053C3F8EC20134AC868D2F84D
S21401F240743123F4EE630343C2F87431D2F86C319F
S21401F250096923F4EE630B43C2F86C31002022895E
S21401F2600A4B9A6203F5A033186406B010BD00BFBE
S21401F270004F00B08C200020008001B8006001B86B
S21401F280FFFF0F00FFF8FF0F000002B8004000B8B4
S21401F290064B9A6E920607D55B6E002B4FF48043A1
S21401F2A0B4BF034A034AD36400207047008000506D
S21401F2B0002002B8001002B8064B1A6C9207FCD464
S21401F2C0022240EA01205860034B1A640122034BD4
S21401F2D01A70704700C002B800D002B8E9290020B1
S21401F2E010B590B10468012C0FD902696AB1116892
S21401F2F0094B102C196051685960916888BFD26813
S21401F300996094BFD960DA6010BD102200210248CE
S21401F31005F0BBF9F8E700BF74230020084BC117BE
S21401F3201A68A2FB000302FB013310F1807043F15F
S21401F3300003400E40EAC310803820EAE0707047B0
S21401F340842300200722194B70B5DA63184B194A3B
S21401F3501D68194BEC08E005C0184FEA153141F15C
S21401F36000010023EBF744FE144B154E18601548B8
S21401F370FFF7D4FF4042C6F8DC0049F65800FFF715
S21401F380CDFFC6F8A8001048FEF7BEFB024660B1E6
S21401F390E301500818184FEA15714FF0000341F1C8
S21401F3A00001EBF725FEC6F8B40070BD000002B8F8
S21401F3B00423002065CD1D00B2E60E008423002044
S21401F3C0003F00B07011010040420F0010B5044626
S21401F3D098B10B4BD3F8FC00FFF782FF4FF47A731A
S21401F3E003FB04F0074BA0F57A60DA689B681044CB
S21401F3F0C01ABDE81040FFF791BF49F64040F8E754
S21401F400004F00B0742300202DE9F8430546084656
S21401F41014461E46FFF764FF9DB106F0020716F07C
S21401F420040610D16FB1284600F0DEF820636B6940
S21401F430002B7ED147F23050FFF770FFE062002EBE
S21401F44058D1BDE8F8832869002869D04FF47A734B
S21401F45058433F4BA0F57A609B68C01AFFF75EFFE2
S21401F460A062A88B00285ED04FF47A735843384BBD
S21401F470A0F57A609B68C01AFFF750FFE061354B34
S21401F480E968D3F80080002950D04FF47A735943C5
S21401F4902F4BA1F57A619A685B68891AC91A2E4BB7
S21401F4A0C8171A68DFF8B890A2FB011302FB0033F5
S21401F4B011F1807143F10003490E41EAC31180390D
S21401F4C0264B2162D3F8C4306362D9F8003053B1B9
S21401F4D040460FF02CF930B12246D9F800301C49CD
S21401F4E0D8F8E40098470021A869FFF76FFF60632A
S21401F4F0002F98D1A86828BB47F23050FFF70EFFBF
S21401F50060614FF47A702B6858432BB1104B1B681F
S21401F51003F51C5310331844FFF700FFA06190E772
S21401F52049F640409AE749F64040A5E749F640418A
S21401F530B5E7074AD0684FF47A7202FB0300A0F5DC
S21401F540FA5079E74FF47A735843A0F5FA50D5E7A5
S21401F550742300208C20002084230020003F00B06C
S21401F5607023002070B5064608461C460FF0CCF9FD
S21401F5700546D6F8F00000F011F84368054A002B5E
S21401F580A8BF4FF4FA721A44034B601992FBF3F2C8
S21401F590104470BD0CFEFFFF18FCFFFF40B103686E
S21401F5A0012B05D90069034B002808BF1846704790
S21401F5B000487047C436030028B1094881420CBF91
S21401F5C02F20BC207047074A536E506AC3F30111BF
S21401F5D01B0C01FB033300F01F0001301844704779
S21401F5E048E80100004001B843684FF47A70584378
S21401F5F02BB1044B1B6803F51C5310331844FFF75B
S21401F6008DBE00BF7423002070B588B06D46124CC5
S21401F6100FCC0FC594E80F0085E80F00D822002113
S21401F6200E4805F032F8B02200210D4805F02DF8FD
S21401F630202200210B4805F028F80FF0A2FA0A4B09
S21401F6401B783BB16D46044E0FCD0FC695E80F00F3
S21401F65084E80F0008B070BDE03F00B0783E00B00F
S21401F660503F00B0E04F00B0D7290020064BD3F83A
S21401F670EC0E064B5B6C1A0103D4054B9B6E1B0408
S21401F68001D500F580707047003000B0000002B868
S21401F690004000B810B510F096FD0E210446032078
S21401F6A0FEF7F8FC40F20122034B2046BDE810406D
S21401F6B0DA6210F083BD00BF004000B8012370B5C8
S21401F6C0074C2370074B1E68074B3240D3E90053A3
S21401F6D019402840FBF7B2FF0023237070BD00BF1E
S21401F6E0EE2900208C230020400D0020024B586894
S21401F6F0C0F3C000704700BF400D002010B504469F
S21401F700FEF744FB00F07EFF2046FDF733F9FEF7D7
S21401F710C7FAFDF7C3FFFEF735F8FFF713FE1349E7
S21401F7200723134AD1F8FC1004F58270FFF76CFE2C
S21401F7304FF080710020FEF707FA4FF000720D4B74
S21401F7404FF400110120C3F80021FEF7FDF9FEF782
S21401F7505FFD20B940F223121421FBF7FFF80FF0EA
S21401F7600EFABDE810400120FDF7B8BE004F00B00C
S21401F770A43F00B000D001B88023074A13640823D1
S21401F78040B11364054AD2F8C43E23F02003C2F800
S21401F790C43E7047024AF4E7001002B8003000B0D9
S21401F7A0002002B810B510F00EFD0121044600201D
S21401F7B0FFF7E2FF044B1961044B5B68984720464C
S21401F7C0BDE8104010F0FABC000002B81C2C002066
S21401F7D0F0B583B014460646FFF75AFDFCF7FCF871
S21401F7E0002800F0A980594B5D6915F0060540F028
S21401F7F0A38010F0E8FC23790095022B054647D13B
S21401F800237B022B33D00320FEF7FAF820B9504BA6
S21401F810DB685B0440F19280A37B277B003B18BF2B
S21401F8200123A2684B49012F01920B706FD000F0A3
S21401F830DBFE0420FDF7D8FF0420444E0223716F3F
S21401F8403A4621F0F85121F4F81141F0506141F4A3
S21401F850803171670DEB0001FDF7E4FF04460028D7
S21401F86060D0012030223C493C4B0870DA643C4EA3
S21401F870336898472128044604D101210020736883
S21401F88098470024284610F099FC204603B0F0BDA6
S21401F8900320FEF7B5F8002850D12279D6F80C31AE
S21401F8A0012A226830D0D01A00900020274B2D4A1A
S21401F8B02D495A679867637B2C4A23F0400000283D
S21401F8C0C3F380130B700CBF012300231370284B66
S21401F8D0274AD3F8C43E4FF003000CBF43F0200381
S21401F8E023F02003C2F8C43EFDF77EFF174B214AE2
S21401F8F003205A67694601232279FDF793FFF8B181
S21401F90001221D4B1A707BE79A42CDD3CBE72379B0
S21401F910022B8CD0009BD6F80C1100270B44134405
S21401F920019384E70320FDF75FFF28460D4A124B3B
S21401F93072671C7010F042FC0E24A6E72846F9E711
S21401F940284610F03BFC21249FE700BF00C001B809
S21401F950000002B8F3290020F0290020001002B8A8
S21401F9601C2C002000000101F1290020F2290020B2
S21401F970003000B0010C0100ED2900202DE9F34113
S21401F9800D460024074610F01EFC214B0646204675
S21401F990DFF88C801C70FFF7EFFE1E4BC8F8743042
S21401F9A0C8F878406879431E58425841FBF72AFE4A
S21401F9B040F60143C8F878302A792968012AD7F831
S21401F9C0143101D1994200D3CC1A042303200DEB44
S21401F9D003010194FDF726FF50B988220E4B3046ED
S21401F9E01A6410F0EBFB2124204602B0BDE8F0813A
S21401F9F00A4D2B6898472128044604D1012100208E
S21401FA006B6898470024304610F0D8FBECE700BF3F
S21401FA10ED29002000000101002002B81C2C002066
S21401FA2000C001B8F8B5194C0546207840F27D2291
S21401FA30B0FA80F03E214009FAF790FF55B9607898
S21401FA4040F27D22BDE8F840B0FA80F03E21400940
S21401FA50FAF784BF4FF440660D4F0E4DD7F80431C8
S21401FA6040F27D22C3F381232370C5F804616078D8
S21401FA703E21B0FA80F04009FAF770FFD7F8083156
S21401FA80C3F381236370C5F80861F8BDEA29002035
S21401FA90004000B8006000B8A82238B51B4B1D6CAA
S21401FAA003F500531A6410229A60A3F5804302F10D
S21401FAB000521A675A6601F01DF8154B1B7813B9E8
S21401FAC00320FDF791FE0024124B9C6701F038F8E5
S21401FAD0114A124BD2F8EC1E0B40C2F8EC3E04223F
S21401FAE00F4B1A640F4BAA06C3F8CC4008D503F592
S21401FAF080735B6FB3F5817F22BF8022034B1A614F
S21401FB00FCF7A8FB0022084B1A7038BD000002B8AB
S21401FB10ED29002000C001B8003000B0DF0000FF72
S21401FB20002002B8003E00B0EC29002008B5FFF71F
S21401FB30B1FD01F005F80122064B5A6102229A62D4
S21401FB40042203F580531A644FF4C062A3F54043C0
S21401FB50DA6208BD001002B838B51B4A1B4B1C4CB4
S21401FB60256C5A6700F0ECFFFF221A4B15F0A00F28
S21401FB709A604FF4807222614FF004021A6401D039
S21401FB8000F0D2FF6369D9071AD5E36813F0706FE6
S21401FB90C3F30360F9D1104A536E23F0F0035366A2
S21401FBA001F02CF80D4BD3F84C315A1C05D05B00F4
S21401FBB003D40B4B1B78012B03D80122054B5A614A
S21401FBC038BD082BFCD1F8E70000010100C001B8E0
S21401FBD0000002B8002002B8003F00B00080E00F2D
S21401FBE07B2F00200D4A10B5D2F8A030D2F8A41011
S21401FBF00B40B3F1804F0CD34FF040400849094CFD
S21401FC00C1F8A400D467C1F8A0004FF48021064AC9
S21401FC10D161034AC2F8A03010BD00BF00400050B9
S21401FC20006000500000FF01001002B89D4B2DE956
S21401FC30F04F9F6EDB6E85B01F409B4B9F664FF06B
S21401FC403A43D3F81451D3F818311D40974BC3F8F3
S21401FC501451974BD3F80822D3F80C3202EA030961
S21401FC60944BC3F8089203F52043DA691B6A02EA4B
S21401FC700308914B08F47702DA61904BD3F804221B
S21401FC80D20605D4D3F80431C3F30016DB0653D5E8
S21401FC9010F099FA8A4B5A695E6E1B6F12F0060FC6
S21401FCA006EA0306874A26F0007314BF4FF0010ADE
S21401FCB04FF0000A23F400637407536606D5824AA0
S21401FCC092F88D300133DBB282F88D3010F076FA7F
S21401FCD0002F00F0E48017F4004300F0D58010F008
S21401FCE072FA0146FFF7C2FC0446784BD3F800B01F
S21401FCF0DBF80020DBF800309A42FBD0DBF800206E
S21401FD009A42FBD0FFF7B2FCA04217D1084610F08A
S21401FD1055FA6F4B1C606F4BD3F840B01BF4E052A2
S21401FD200ED124F07F4424F0DF040CB9FFF7B4FEB3
S21401FD304FF0807B002414E0B246C9E70446D7E7BB
S21401FD400192FFF7A9FE5C4B019A1BF480541A64DA
S21401FD5040F09C801BF4806F0CBF4FF0805B4FF02F
S21401FD60806BB80715D55B4A5348126C02F46041A4
S21401FD700164002900F08D80110400F18D8012F4D9
S21401FD80005F0CBF4FF000524FF0006200244BEAB8
S21401FD90020BC7F340377F004F4A2A40002A4BD058
S21401FDA015F4206F0AD040F2BC5206210020FAF763
S21401FDB0D5FD002000F022FF25F48025EB0506D5B1
S21401FDC0FF213D4A4BF4C06B9160FFF763FC15F0D1
S21401FDD0090F0BD040F2D15208210020FAF7BEFDE0
S21401FDE000F000FF4FF03A420121516315F0106F09
S21401FDF00CD040F2DA5209210020FAF7AFFD00F0EC
S21401FE00F1FE002211461046FCF7BAFE15F4202F2B
S21401FE100AD040F2E25207210020FAF79FFD0020A7
S21401FE2000F0ECFE25F48025E80301D5FCF7F2FF8F
S21401FE30002DB8BF47F0080769070ED54FF03A42C4
S21401FE40126B12F4005F4FF4005217BF1749234993
S21401FE500A634BF4000B08BF0A636A0548BF4BF000
S21401FE60040B15F48023019300F0A480FCF78AFFAD
S21401FE700138062834D8DFE810F02B012E012B01BB
S21401FE8031013401370137019B4653E74FF0804B70
S21401FE9050E74FF0007279E74FF0004276E7BB4635
S21401FEA03C4679E7004000B8006000B8002000BA80
S21401FEB0004001B8006001B8002002B800E100E08F
S21401FEC000C001B800E001B8003E00B06036030093
S21401FED088230020000002B8090B0B89001000BA25
S21401FEE040F2136203210020FAF738FD4FF03A4042
S21401FEF00121D0F88C20D0F8AC3002F0070206328F
S21401FF0001FA02F2C3F30C0CA2EB0C0292B2072A1E
S21401FF1012D97E4A126C53020ED47D4BC26CC06E4F
S21401FF205B6D5BB102F0070206329140C0F30C0034
S21401FF30091A89B2072901D84BF4007B754A127851
S21401FF40002A37D04FF03A42D2F8142112F4A02FEB
S21401FF5030D1714A714912789AB9F20411D40A78EB
S21401FF607AB14FEADB026E4842EA447282F001023D
S21401FF70D0F8EC0E02F00102520020FA02F29307CA
S21401FF8018D10420FDF730FC664A6748506700F038
S21401FF902BFB62490A784AB9644A127832B1644A3C
S21401FFA0644912680BEA02020A4201D14BF4804B03
S21401FFB026F48056B9F1000F2BD019F4805F18BFD4
S21401FFC04BF4802B19F4807F18BF4BF4002B19F4E7
S21401FFD0005F18BF4BF0100B19F4007F18BF4BF0F1
S21401FFE0200B19F4806F08D04FF48061524A4BF011
S21401FFF0400BC2F80C12C2F8081219F4006F08D0B0
S2140200004FF400614C4A4BF0800BC2F80C12C2F857
S2140200100812B8F1000F3AD018F4802F18BF44F433
S214020020007418F4803F18BF4BF4805B18F4801FEE
S21402003018BF4BF4003B18F4001F18BF4BF0020B1E
S21402004018F4003F18BF4BF4801B18F4800F18BF3B
S21402005044F0100418F4002F19D0314AD2F8C42EF6
S21402006012F0C00F13D02949CA68C2F30362032AEA
S21402007001D0072A05D14A6CD00602D48A6C120730
S21402008035D54FF400212D4A28F40028D161002EE0
S21402009000F02481330540F18A802948214990F8EE
S2140200A00390284AB9F1000F52D04FF4006309F1C9
S2140200B0FF3953665FFA89F2C27032B9224A127861
S2140200C0C2B140F60141214A5167002200216BE08D
S2140200D04BF4803B0AE74BF4006B07E74BF4806B6C
S2140200E004E74BF4807B01E74BF0080BFEE64BF48B
S2140200F0001BCCE78A6F12F4A05F15BF4FF4807224
S21402010040F601428A658A67DFE700BF000002B850
S214020110004000B8F0290020EF290020F229002034
S214020120003000B000C001B800000101F129002033
S214020130400D0020088D0100006001B8002002B8C2
S214020140DC29002000E001B8ED29002000D001B82B
S2140201500320FDF749FBA949A94A496911F0060F90
S21402016077D04846FDF77AFC4FF40060A44AA349CC
S21402017050664A69A34B12F0060208BF8A67B3F8B4
S2140201808A20A14812F4006167D022F40062A3F824
S2140201908A20027802F0FF09002A62D1FDF7E0FC0D
S2140201A0FFF77AFC4A4620214BEA020B0C43B000CA
S2140201B009D52E20FDF74EFA4FF00051904A44F032
S2140201C0080411675166F10608D52B20FDF742FA9E
S2140201D010218B4A44F400141167516616F0306FF2
S2140201E005D1F20467D5BAF1000F00F0B2803301F0
S2140201F015D52920FDF72EFA844A8548D26802F4DE
S2140202008041C2F380320270FFF770FA28B1814A49
S2140202107B48814B42661A6731BB44F0040416F0F1
S214020220007A2ED00420FDF7DFFA2720FDF712FA17
S214020230FFF732FC4FF00071714A5166774AD2F8E6
S214020240EC1E49067ED4764A0221916044F00204EE
S2140202502EE041F61F71516786E702784FF400528E
S214020260A2E74FF4004231E7026742662020FDF71C
S214020270F1F944F400142D2044F00C04FDF7EAF9D9
S214020280CDE716F0807FDFF8749146D00420FDF7A4
S214020290ABFA2820FDF7DEF9D9F87820002A39D102
S2140202A0FFF7FAFB564A5B4944F0010411675166B0
S2140202B00021524A9165320405D55A4A126890477F
S2140202C04BEA000B0C43730508D557498A78002A77
S2140202D000F08F80013A8A70002217433A46584649
S2140202E02146FFF7EBF9019B0BB1FCF781FD0122DA
S2140202F04E4B05F00435C3F814514D4B18F4002F3D
S214020300C3F884211EBF4FF40022454BDA6105B0C4
S214020310BDE8F08FC9F878A0C4E7F004C8D5042079
S214020320FDF762FA434AC9F87420FDF719FCD9F8BA
S214020330642012F0407FBBD12A20FDF78BF9FFF72D
S214020340ABFB7BE7D2F8C42E93063FF57FAF3A4A63
S2140203507AE735490A7952B1013AD2B20A7112B92C
S2140203602D4A3649516700224BEA020BA3E70420C6
S214020370FDF73AFA0320FDF737FA204A2D4951676E
S2140203800FF021FF81460DF10F00FDF707FF2C4A03
S214020390824612780AB1FFF77DF9BAF1030F0ED141
S2140203A0DFF868A00020FDF7F9FE032807D1DAF887
S2140203B02820D007F6D4DAF84420D103F2D49DF8E8
S2140203C00F20032A06D101211E4A484611700FF05B
S2140203D0F5FEC8E74FF03A42D2F8142112F4A02FE5
S2140203E0F1D100F001F948460FF0E8FE4FF48042E2
S2140203F0BAE70220FDF7F8F901226EE700C001B85D
S21402040000E001B8003E00B0ED290020000002B86E
S214020410EC2900201000002000D001B8003000B007
S214020420002002B8302C0020DC290020002000BA70
S21402043000E100E000000101001002B80000010D1A
S214020440F3290020EF2900200122024B1A62DA610A
S214020450704700BF002002B8094A08B5D369116A7E
S2140204600B40084923F47F00DB07C86106D5D16834
S2140204704FF0FF30C1F303610EF08CFB08BD00BFE6
S214020480000002B8002002B80C4A08B5536C926C01
S21402049013400B4A5364DB070FD50A4B40F66D0236
S2140204A01878122100F00100FAF758FABDE8084061
S2140204B0002201200021FFF701B908BD00C000B8E4
S2140204C000E000B8400D002070B5174D2C6C6B6C28
S2140204D01C40164B24F00202E1071A6405D540F6CA
S2140204E0D40200202968FAF739FAA2071AD502229E
S2140204F00E4B1A646B68DBB2A3B9FDF7CBFA04465F
S2140205000D460B4ED6F8F433DB060BD5FDF7C2FAD2
S21402051002460B4620462946FDF754F9652871F136
S2140205200001EFD370BD00BF008002B800A002B881
S214020530000002B838B50B4C0B4DD4F88430DB07FC
S21402054006D4A36FD4F884201340084A936738BDB4
S214020550D5F804311A06F0D5FFF7B6FF8023C5F8A2
S2140205608431EAE7008001B800E100E000A001B8AB
S21402057008B50FF028FE0E4B1A78A2B90D4A12687B
S21402058012F4843F0FD10C4A1021D1641B7863B950
S214020590084B1B68DB0508D4074B2022DA64BDE84B
S2140205A008400FF00BBE054AEEE7044BF5E700BF26
S2140205B0F0290020400D0020002002B8001002B8EA
S2140205C010B50FF000FE0E2104460320FDF762FD73
S2140205D040F20122034B2046BDE81040DA620FF0DB
S2140205E0EDBD00BF004000B80022044B1A70044B59
S2140205F0197811B11A70FFF7BBBF7047EF290020B8
S214020600F029002038B50FF0DEFD4FF00043244CF1
S2140206100546C4F88030BFF34F8FBFF36F8F0123B8
S214020620C4F88430BFF34F8FBFF36F8F0223C4F832
S2140206308430BFF34F8FBFF36F8F0423C4F8843028
S214020640BFF34F8FBFF36F8F0823C4F88430BFF316
S2140206504F8FBFF36F8FFEF7A7FA1023C4F88430CC
S214020660BFF34F8FBFF36F8F2023C4F88430BFF3DE
S2140206704F8FBFF36F8F4023C4F88430BFF34F8F82
S214020680BFF36F8F4FF48063C4F88430BFF34F8F8D
S214020690BFF36F8F2846BDE838400FF08FBD00BF0E
S2140206A000E100E038B50FF08EFD05464FF000433E
S2140206B00A4C23600123636004236360082363609B
S2140206C0FEF76AFA102363602023636040236360A8
S2140206D02846BDE838400FF071BD00BF00E100E0DB
S2140206E02DE9F047DDF820A003EA0108099B06463B
S2140206F00D4602EA000703EA0A09BAF1000F40F0C3
S2140207006C81031F0B4300F02C81052871F1000356
S21402071080F0028150EA010300F0D781431E0B43AA
S21402072000F04281FFF76EFFC04AD2E9004323EA97
S214020730050324EA06043C4343EA0807BC4BC2E925
S21402074000471E6826EA0A0646EA09061E60FFF702
S2140207500FFF14F02A4F14BF48F202034FF400436F
S214020760B44AB507D26EB44848BF43F4005383EA8E
S214020770020122EA0302C266B04A0B408166D366D1
S214020780C4F380421203200348BF42F48072E1069B
S21402079048BF42F40052AA49A30648BF42F4007278
S2140207A014F0400FD1F88830A64800F035815D0578
S2140207B006D44FF480652B43C0F80852C1F888303F
S2140207C014F0800FD1F888309E4800F061811D0534
S2140207D006D44FF400652B43C0F80852C1F888309F
S2140207E0994B9848D3F80C3217F4007F82EA03013B
S2140207F023EA0203C0F80C32944B02EA0102C0F864
S2140208000812C3F80C228E4B07F4007200F04981DE
S21402081001224FF4802583F88420E30448BF45F480
S2140208208035A00348BF45F48015A10748BF45F4AC
S214020830001514F4001FDFF8508206D0D8F8000026
S2140208400EF0C4F908B945F40025E20248BF45F4A3
S2140208500035FB067E4B48BF45F480051A6A7D4983
S21402086085EA020323F001031A400A621D40CB61A7
S214020870794B16F0010F1D62784B794A18BF1A465B
S214020880784B7D071B6F48BF42F00062764882EACB
S214020890030123EA02030367744B0A4041661A67A0
S2140208A0734A04F00103926CA0F5803083EA0201D9
S2140208B022EA030282646F4A0B4041649364D8F8CA
S2140208C00020200248BF6C4B92F8022158BF6B4BA7
S2140208D0610748BF43F4806322B114F4C06F18BFA7
S2140208E043F4807332074FF03A42BDE8F047D2F83D
S2140208F0181148BF43F0004383EA010222F4A02203
S2140209005F481140C0F818111340C0F814215D4A20
S214020910C2F81831FFF7C6BEA0F580630B4306D0B7
S21402092020F48063A3F500730B437FF4FBAE0FF055
S2140209304AFC3E49D1E9003223EA060322EA0502CE
S21402094042EA08023B43C1E900324F4A126892F873
S21402095002114B4A09B313F4C06F1ED04FF48073D2
S21402096011E00FF030FC314AD2E9003123F00403E3
S2140209703B4341EA080157EA0807C2E900314FF44F
S21402098080633F4A0BD0C2F81431A2F58052C2F8F7
S2140209901831BDE8F0470FF011BC4FF48073C2F86F
S2140209A01831C2F81431F4E70FF00DFC1F4AD2E9F1
S2140209B0003123F001033B4341EA0801C2E900315A
S2140209C00123324A57EA08071BBF5364A2F5805236
S2140209D09364936408BF5364DBE750EA01037FF431
S2140209E0A1AEBAF1010F7FF49DAE0FF0ECFB104AF8
S2140209F0136823F0010343EA090313604FF480638C
S214020A00194AB9F1000F04D05366A2F58052136753
S214020A10BFE713675366BCE723F48063C1F88830E8
S214020A204FF48063C0F80832CAE600BF400D0020CB
S214020A308C230020004000B8006000B8005000B8C8
S214020A40003F00B0006001B8004001B8005001B895
S214020A50000002B8002002B8001002B8041C00030E
S214020A600418000300C001B800E001B800D001B8C5
S214020A7000C000B800D000B80D0A0A09090A0A091F
S214020A80002000BA001000BA8C20002000E000B857
S214020A9023F40063C1F888304FF40063C0F80832CC
S214020AA09EE693F8841071B183F88420084BD3F83D
S214020AB0A41003F50053C3F8A410C3F8A0104FF017
S214020AC05023C3F8A4200025A7E6BDE8F08700BFA0
S214020AD000400050024B186800F00100704700BF4B
S214020AE0400D0020024B5868C0F3C030704700BF6C
S214020AF0400D00200A4B197801F0FF0229B10021AF
S214020B00197008499202C1F80421597801F0FF02CF
S214020B1029B1002159709302024AC2F8083170477F
S214020B20EA290020005000B84FF40062034B1A6412
S214020B304FF40042A3F5E0339A667047001002B8FD
S214020B40F8B5084C084D236C0423084F2B64236C1D
S214020B505B0300D4F8BD042602203E640DF0B1FE0D
S214020B602E64F4E7000002B8001002B8002002B8B3
S214020B7038B5044679B948B1164BDB681B0E13F03C
S214020B800E0F04D04FF4C062134BDA6238BD134B1B
S214020B901B6CD907F6D4FFF713FD0E4D0020FDF7A8
S214020BA0FDFA032801D0092805D1AB6ADA07F5D485
S214020BB06B6CDB03F2D4FFF7C3FF0122084B5A61CA
S214020BC002229A62042203F580531A64002CDDD0B6
S214020BD0D8E700BF000002B8006001B800C002B843
S214020BE0001002B808B503210920FDF753FA2022A7
S214020BF0014B1A6108BD00BF000002B838B50546B1
S214020C000FF0E1FA0E4B04461868FBF7E5FF35B124
S214020C10FFF7EAFC2046BDE838400FF0CFBA094B92
S214020C201B78002BF6D0084B1D78002DF2D1FFF76B
S214020C30DBFC2A464FF480400021FEF73FFDE9E741
S214020C408C200020EF290020EE2900202DE9F84F05
S214020C505D4B06460D4614461B6C002A40F0AD80DE
S214020C6013F0A00F14BF4FF001094FF00009FBF775
S214020C70F1FAA0234FF0000ADFF864810320C8F8D7
S214020C804030FCF7B1FD0420FCF7AEFD4F4FFFF7F6
S214020C90ABFC4F4B4FF0040B7B67C7F878A0FFF70F
S214020CA04FFF4C4B4FF48071D3F8C42E42F0200213
S214020CB0C3F8C42EFF22C8F80820434A1161D3F8AD
S214020CC0EC2E45491140C3F8EC1EC8F840B0C3F8F4
S214020CD0CCAE7B6913F0060F04D0FCF741FF5846F2
S214020CE0FCF782FDB9F1000F01D0FFF71DFF66B1D8
S214020CF03A4BDB6C180701D4FFF762FCFFF772FF72
S214020D000420FCF771FDFFF7F5FE2F4B5A69D10759
S214020D1051D5DA6812F0706FFBD1314B314A1A6442
S214020D20314A536E23F0F003536615B12046FFF79F
S214020D3065FF2E4BD3F84C315A1C05D05B0003D40A
S214020D402B4B1B78012B3BD80122254B5A61002CDA
S214020D5031D0224B2449DA6E03F500539A6603F526
S214020D60D0331B6A1E4A23F00103D361214BD1F80C
S214020D708800D3F80C3220490343C1F808321F4BCF
S214020D80C1F80C02D3F8841003F5005399674FF0AC
S214020D903A43D3F8181103F50053C3F81411184B4D
S214020DA0996C03F500535964164903F58033596666
S214020DB04FF608431364BDE8F88F4FF0000956E774
S214020DC0082BC4D1C0E700BF000002B800C001B8BB
S214020DD000000101003000B0DF0000FF004000B854
S214020DE0002002B810003000003F00B00080E00F84
S214020DF07B2F0020004001B8006001B8008001B8D7
S214020E0000C000B85000002F38B514460D460FF04B
S214020E10DAF9064BD3F8C42E54402C405440C3F89B
S214020E20C44EBDE838400FF0C9B900BF003000B06C
S214020E30034BD3F8C43E99430CBF012000207047F1
S214020E40003000B01E4BD3F8C43E13F001001ED093
S214020E501C4B93F848001C4A40F08073C2F8CC3012
S214020E604FF480131949C1F8B430A1F58051C1F886
S214020E70B830D2F80C31DBB2FF2B1FD0984294BFA9
S214020E80002001204FF4AD623C21F9F767BD1A0637
S214020E90E1D40F4A92F8471121B1DB0602D592F847
S214020EA04401D8E74FF480120020084B0649C3F8E5
S214020EB0B820C1F8CC00C3F8B42070470120E1E79F
S214020EC0003000B0003F00B0004000B8006000B83C
S214020ED0003E00B070B5164E032804460D46337821
S214020EE01ED023FA04F202F00102AA421DD053B128
S214020EF00122A240A54023EA02032B43DBB2337051
S214020F004BB1012070BD2DB10A4B01201B689847DA
S214020F103378EDE73570074B00201B689847F0E7FB
S214020F209A07DED003F0FC03E9E7002070BD00BF9D
S214020F30F5290020C8230020F8B505460C460FF018
S214020F4042F9104F06463B7833B1012D04D01CB946
S214020F500D480EF035FD3C7021462846FFF7BAFFD5
S214020F600A4B04461B783BB93B782BB90DF052FB73
S214020F7010B1074B1B68984730460FF01FF9204602
S214020F80F8BD00BFF6290020A0230020F529002086
S214020F901C2C0020054A0B46117831B10021117035
S214020FA0034A01215268187810477047F629002034
S214020FB01C2C002038B5074D04462B78834207D0F8
S214020FC0FAF732FD20462C70BDE83840E8F7E6B85E
S214020FD038BD00BFF429002038B5044680B10FF0B2
S214020FE0F2F80121044608460EF02EF901210B4ABA
S214020FF0084602F040FE2046BDE838400FF0DEB854
S2140210000FF0E1F80546214601200EF01DF90120F9
S2140210102146024A02F02FFE2846EDE7D4360300A8
S2140210201B4B022910B5187002D0032904D010BD3C
S214021030184B1B78002BFAD1F9F7C2F90028F6D024
S2140210404FF00052144BC3F88020BFF34F8FBFF30C
S2140210506F8FFAF7C1FC0028E9D0FAF76FFC002878
S214021060E5D10E4B1C6834B123689847BDE81040A2
S2140210700020FAF7CDBC0DF013F8094B18600FF0FC
S214021080BBF9084B18602046FAF7AEFCEEE700BF45
S214021090822F0020F429002000E100E0DC2200205C
S2140210A0C4230020C023002038B504460D46F9F7B5
S2140210B087F980B14FF00052124B1A60FAF78CFC97
S2140210C048B9012D07D80120FAF7A2FC0E4B1B687F
S2140210D023B15B6898470D4B1C7038BD0FF08CF936
S2140210E00B4B1A68801A18600EF022FD4FF47A72C3
S2140210F0084B1B6802FB00300CF0D4FF0120FAF705
S21402110073FCE8E700E100E0DC220020822F0020EA
S214021110C0230020C4230020F0B585B00FF053F89A
S214021120344D04462B7823B133480EF049FC002890
S21402113052D10EF0D9FC02AA03A90DF055FA0346C5
S214021140002838D00DF064FA029B98421CD1002089
S2140211502A4B03991B682A4E9942307020D90027E1
S214021160C91A012324482B70264A33460197009752
S2140211700FF0F9F8002837D1234A1378D90701D59A
S2140211803178F9B1204611E00DF040FA029B984200
S21402119028D0002318461949194A09681370039182
S2140211A00121FFF797FE002320462B700FF006F86A
S2140211B0002005B0F0BD20462B700EF0FFFF212068
S2140211C005B0F0BD03F0FE031370002BDAD10F4B0F
S2140211D01B6898472046E9E720460EF0EFFF0E20F0
S2140211E005B0F0BD0220B3E7032320462F7033700C
S2140211F0F3E700BFF6290020A0230020B822002033
S214021200812F0020950F0200F5290020C823002018
S214021210144B10B55B6F144903F44073B3F5007FAB
S21402122004BF0222114B124808BF1A600022114B5B
S214021230114C1A70114B124A1A60124A5A60E7F79A
S21402124051FF11491148E7F74DFF114B80202360EB
S214021250E5F706FA052804BF0E4B2360E8F7AEF85A
S214021260002010BD00400050DC360300B8220020EB
S21402127090230020F6290020C82300201C2C0020E2
S21402128019110200390F0200E436030098230020E9
S214021290B50F0200D90F02002DE9F84F0F46884617
S2140212A057F8041B0546144600203A461E460DF023
S2140212B090FCD8F8008040460DF08CFC20B19DB919
S2140212C041684FEA186359B90F2133462246404611
S2140212D00DF098FC0D461AE04A799A4204D008317D
S2140212E00D68002DF8D1EFE7DFF83490DFF8348090
S2140212F0D9F800B0D8F800A03846C9F80040C8F8B7
S2140213000060A8470025C9F800B0C8F800A0224629
S214021310012052F8041B0DF05CFC2846BDE8F88F4D
S214021320D0230020CC23002070B50C4B04020D46BF
S21402133004F4E064C0F307211B680C43084A043433
S2140213409C42126807D91D210DF05CFC0022134650
S21402135010462B6070BD1060043BF9E7CC230020DA
S214021360D0230020094A10B5116851B9B0F5006FB4
S21402137009D2041D2046E7F707FE08B9044B1C6095
S21402138010BD1220FCE72120FAE700BFDC23002074
S214021390D823002038B5044608680D460DF0D2FC66
S2140213A050B9094B1B6800202A68C4E900531A602A
S2140213B0064B1B68A36038BD2028FCD1044B1B6873
S2140213C0002BF0D10920F6E7DC230020D8230020EA
S2140213D0D42300202DE9F84F1D460C6816464FEA26
S2140213E0042AC4F307230AF4E06A4AEA030A1F4BF4
S2140213F00AEB050B1B680BF104029A420746DDF85E
S21402140028802DD80123F20093409D4228D215B1A0
S214021410B8F1000F27D03846FFF7BCFF8146E0B987
S21402142024F47F4424F0C70444EA1B244FEA0B2B1F
S2140214307B681FFA8BFB44EA0B0443F8044B5344C5
S2140214402DB118462A46414603F046F90346012EB8
S2140214500CBF03F8015C23F8025C4846BDE8F88F2F
S2140214604FF01D09F9E74FF02209F6E7D8230020CE
S21402147038B50446054B00681D684068D4E9012368
S2140214801146A8476368988838BD00BF4C2C0020D8
S21402149010B5044C23781BB90DF09AFB0123237078
S2140214A010BD00BFF7290020084A136833B94178F7
S2140214B0436141F00101417010607047197802786B
S2140214C09142FAD003F114025B69EFE7E0230020B1
S2140214D0044A0346106810B102789A4200D1704757
S2140214E04069F8E7E0230020014B1868704700BF08
S2140214F0E0230020094A5168C84390FAA0F048B198
S214021500B0FA80F0042805DC012383400B435360C5
S21402151040B270474FF0FF30704700BF0C240020E7
S2140215200021034B28220348C3E9001103F0ADB89B
S2140215300C240020E423002038B50546FFF7DAFF26
S21402154004460448294600EBC4000DF06BFC204616
S21402155038BD00BFE4230020C3B2042B10B515D853
S21402156004230B4A03EBC003134453E8002F0A4339
S21402157043E80024002CF8D101220649824051E8B3
S214021580003F134341E800300028F8D110BD00BFE9
S214021590E42300200C240020F7B54FF0040C0126AB
S2140215A00827184A1849194D106800B30B7806FA2E
S2140215B003F420421DD0E04352E8004F044042E8C4
S2140215C0004EBEF1000FF7D117FB03C32B4453E8BE
S2140215D0000F43E800E4002CF9D1019048B10878E6
S2140215E001AA0B4905EBC0000DF054FC012003B024
S2140215F0F0BD0B78506883422EBF00230133DBB266
S2140216000B70D1E70C240020F8290020E4230020E8
S21402161078563412024B1868003818BF01207047FB
S2140216200C2400202DE9F041164D06462B680C4688
S2140216302BB10EF0D1FD2B6823B90EF0C8FD0020A9
S214021640BDE8F0812B68D3E904870EF0C0FD58EAA6
S214021650070315D056EA04030CD10B4DD5E90064F6
S21402166056EA040306D1094B1B68984706460C4601
S214021670C5E900014645BC412CBF01200020DFE73A
S2140216800120DDE724240020480D00201C24002031
S214021690F7B54FF0FF34274605460E460EF09CFD82
S2140216A01A4B1B6883B90EF092FDB7F1FF3F08BFD5
S2140216B0B4F1FF3F04D054EA070315D100242746AD
S2140216C02046394603B0F0BD5969DA6801911969B6
S2140216D05B685218019941F10001A24271EB070CB6
S2140216E03CBF14460F46DDE755EA060304D1084B15
S2140216F01B68984705460E46AC4277EB0603DDD3D9
S214021700651B67EB06062C463746D9E724240020DD
S2140217101C2400202DE9F74FDDF840A00E46DDE937
S2140217200C7815469DF83CB008B1016891B9BAF13B
S214021730000F07D029463046D04740F2034003B098
S214021740BDE8F08F002DF8D0002EF6DB284603F019
S214021750FEFFF2E701900EF03FFD81465846EBF79A
S214021760A7F9044648460EF032FD019A9CB9BAF132
S214021770000F08D029463046D04703203146EBF703
S21402178021F91A20DBE7002DF7D0002EF5DB2846DC
S21402179003F0DDFFF1E70E9BC4E90678E360002361
S2140217A0636057EA0803A6602562226084F824B0C4
S2140217B0C4F828A001D10E9B33B1184B1B6898477A
S2140217C0C019074648EB01080EF006FD0022054642
S2140217D01349C4E904780B682BB1D3E904AB574527
S2140217E078EB0B0011D2A2B90B680C6063600D4B4C
S2140217F01C682CB1094B1B689847FFF749FFA047A6
S21402180028460EF0E4FC002099E758681A4603467C
S214021810E2E7536863605460E9E700BF1C240020D7
S21402182024240020142400202DE9F74F4FF000084E
S21402183081460D4692461E460EF0CEFC4746DFF81F
S21402184074B00190DBF8004084B9B8F1000F07D0FD
S214021850174B1C6824B100200021FFF719FFA04790
S214021860019803B0BDE8F04F0EF0B1BC22684A45BD
S21402187011D12DB1A268296822F000428A420AD10B
S21402188026B9626857B9CBF8002008E05146206AAC
S214021890B0470028F5D027466468D5E77A60D4F8C2
S2140218A0048020460DF06AFA44464FF00108CBE762
S2140218B01424002024240020014B1860704700BF27
S2140218C01424002070B50E460949044608461546FB
S2140218D001F02AFD0023074A30211360064A05203C
S2140218E01660064A15602246BDE87040EBF77AB8E5
S2140218F0A0660300242400201C24002018240020B4
S21402190070B50446164618460022002386B0CDE976
S21402191004230B4B0D461B6813B9212006B070BD7D
S21402192004A998470028F8D1DDE904230290CDE9FE
S21402193000232946324620460DF05AFAEEE700BF4B
S21402194018240020F8B5054610200F461646EBF779
S214021950EFF8044601461022074801F0EAFC44B1BB
S21402196001230020E3602B68C4E9017623602C6023
S214021970F8BD1A20FCE700BFA06603000020002185
S214021980014BC3E900017047480D00202DE9F047DE
S21402199006460D464FF0000850EA010318BF2C4BCE
S2140219A0DFF8B89018BFC3E900012A4F304629462F
S2140219B0FFF738FEC0B9B8F1000F47D00EF00CFCA6
S2140219C0002104460020FFF763FEB1F1FF3F08BF87
S2140219D0B0F1FF3F03D0204B1B6803B19847204667
S2140219E0BDE8F0470EF0F3BB0EF0F6FBD9F8004068
S2140219F08CB16368C9F800300EF0E9FBA3683C605E
S214021A0033F000430BD138680DF0B8F900234FF0DD
S214021A1001083B60CAE70EF0DAFB3C60C6E72368C3
S214021A20002BF0D018680028EDD0A26832F00043F0
S214021A30E9D0D0E9008A236A21688068D047002866
S214021A40E1D1B8F1000FDED04046EEE7BDE8F08700
S214021A50480D0020202400201424002024240020E6
S214021A60F8B504460D460EF0B7FB094B1B684BB1A2
S214021A70D3E90667C4E90067DB682B60BDE8F84077
S214021A800EF0A5BB00260027C4E90067F5E700BFF5
S214021A902024002010B5064C237823B9E8F7E6FB8D
S214021AA018B901232370002010BD40F20740FBE75F
S214021AB0F929002038B50B4B04461B780D464BB16E
S214021AC02146284602F086FC002840F2074008BF5E
S214021AD0002038BD04490548FFF7DCFF0028EFD098
S214021AE0F7E700BFF9290020EFBEADDEBEBAFECA98
S214021AF073B5144D144C2A68236802F0400103F0B3
S214021B0002030B431BD093064CBF0126A67AF4F7BA
S214021B10DDFF0196837983F00803C3F3C0030093C5
S214021B20E388A288217A607A00F002F940B9236835
S214021B3023F0020323602B6823F040032B6000206F
S214021B4002B070BDD01F00202824002001210020F2
S214021B50054BA3F10802C3E9000043F8081C4FF046
S214021B60101351725360704730240020014B187BCB
S214021B70704700BF28240020074BDA7A4AB95A7AFF
S214021B8082421FBF1A68587242F002021A60FFF7BA
S214021B90AFBF0020704700BF28240020024BD87A2F
S214021BA0003818BF012070472824002070B51F4D4A
S214021BB02B68590707D50021084600F0DFF82B6886
S214021BC023F004032B601A4E2B68326803F00803D6
S214021BD002F00202134310D0F4F778FF83791A0753
S214021BE01FD5F6F705F90446C8B92B6823F0080393
S214021BF02B60336823F002033360FFF779FF044655
S214021C0068B9EB7A5BB12B685B0708D401210846FA
S214021C1000F0B4F840B92B6843F004032B6020466A
S214021C2070BDF6F7C9F8DEE70446F8E72824002078
S214021C30D01F002070B5124C257B637B22689D4224
S214021C40B8BF1D469207E37AEEB201D4B34215D06E
S214021C501BB10023E372FFF7A9FFE67275B1094BC9
S214021C6093F82430012B05D1236843F00203236046
S214021C70F6F794FEBDE87040FFF798BF002070BDEF
S214021C8028240020D01F0020022938B504460D461D
S214021C9001D9212038BD0DF031F90028F9D00E4BBC
S214021CA01A7BB2B91A68D10742BF22F0010242F08B
S214021CB002021A60094A525D1A735A7AA2421FBF7A
S214021CC01A685C7242F002021A60BDE83840FFF7FA
S214021CD0B1BF0220DEE700BF28240020B56603005D
S214021CE0054A137B013B022B03D800231373FFF72D
S214021CF0A1BF0020704700BF28240020032805D17A
S214021D000A4A136843F00803136008E0012808D162
S214021D10064BDA7A42B11A6842F008021A60FFF7F6
S214021D2045BF10F0FD0FEBD000207047282400209E
S214021D30F8B507460E4642F24100082115461C46F3
S214021D400BF0A3FC9DF818304771C3709DF81C3049
S214021D5086710371A0F80750A0F809400648EDF70F
S214021D603DF90BF0C0FC407920B10BF0BCFC407989
S214021D7040F48050F8BD00BFE1F0000038B50546DB
S214021D800C4642F2420006210BF07FFC0023C5708F
S214021D9043718371C371037204710648EDF71EF92D
S214021DA00BF0A1FC407920B10BF09DFC407940F489
S214021DB0805038BD49F1000007B5064803F071F9B6
S214021DC0042101900DEB010003F054FA019803B0D0
S214021DD05DF804FB38240020F7B5186810F00200FE
S214021DE003D0164E316811B9012003B0F0BD0024AD
S214021DF0042223460DEB0200019403F023F9BDF8FA
S214021E000630DB0702D4FFF7D7FF044600250C4F47
S214021E1057F8043B23B12146BDF80400984748B161
S214021E203368002BE0D0074B022193F90000FFF73E
S214021E3093FBD9E70135062DEAD1F1E738240020D5
S214021E403C240020FA29002010B50948FFF774FB4D
S214021E500024084B0849187020200C60EAF78AFC18
S214021E60064BC3E90044C3E90244C3E9044410BD77
S214021E70502C0020FA290020382400203C24002080
S214021E80704708B5EAF7B2FFBDE80840EAF7F4BFC4
S214021E90F8F796B9F8F7DAB8002303600E20704711
S214021EA02D2070477047DEF7F3BE7047DEF7F8BBAB
S214021EB008B5E3F735F9BDE80840E2F75DBF08B5B7
S214021EC0E3F734F9BDE80840E2F756BF08B5E3F792
S214021ED033F9BDE80840E2F74FBF08B5E3F74AF921
S214021EE0BDE80840E2F748BF08B5E3F749F9BDE8A0
S214021EF00840E2F741BF08B5E3F748F9BDE80840F5
S214021F00E2F73ABFE3F730B910B50C46E3F720F92B
S214021F102046E3F723F9BDE81040E2F72DBFE0F7CD
S214021F20D3BC08B5E3F702F9BDE80840E2F724BFE0
S214021F3008B5E3F701F9BDE80840E2F71DBF08B5AA
S214021F40E3F718F9BDE80840E2F716BF70B50E468B
S214021F5015461C46E3F7F6F83046E3F7F9F8284646
S214021F60E3F7FCF82046E3F7FFF8BDE87040E2F737
S214021F7003BF08B5E3F704F9BDE80840E2F7FCBE84
S214021F8008B5E3F703F9BDE80840E2F7F5BE84B00A
S214021F9008B50DF1080C8CE80F009DF80800E3F771
S214021FA0BFF89DF80900E3F7B5F89DF90C00E3F7D2
S214021FB0BDF89DF91800E3F7BFF89DF80E00E3F7A9
S214021FC0D9F80598E3F7BEF8BDF81A00E3F7C0F8AB
S214021FD0BDF81000E3F7C2F8BDF81C00E3F7C4F83A
S214021FE09DF81E00E3F7CCF89DF81F00E3F7CEF845
S214021FF01198E3F7D1F81398E3F7D4F8BDE8084050
S21402200004B0E2F7B9BE70470F207047FEE7002320
S2140220109A4200D1704710B550F8234041F8234049
S21402202001339A42F8D110BD00230360704703685B
S2140220300B6001607047036813B90B60016070475C
S2140220401846F8E70346006818B102681A600023CB
S21402205003607047036803B970478B4204D10B686C
S214022060036000230B6070471846F3E710B538B1DB
S21402207032B129B100230139D45C14B900230370AC
S21402208010BD8B42FAD200F8014B0133F4E7034647
S21402209038B10020814204D01A5C02B97047013080
S2140220A0F8E770474FF0FF31FFF7F1BF70B50C4607
S2140220B01646054660B15AB151B1FFF7F3FF8442A6
S2140220C006D9211A32462844BDE87040FFF7CEBF33
S2140220D070BD70477047F8B50E4617461D46044653
S2140220E060B15BB10EF06FF8E5600025E780A68070
S2140220F02560A5600EF062F82846F8BD2220FCE7AF
S214022100037970B503F0200304460E4639B913B1BD
S214022110406A01F048FB002584F8206018E0002B96
S214022120F9D0E369408B5843103001F02FFA03468A
S214022130606278B10022618BA26262841033A28B45
S214022140FFF7C9FF05460028E5D0606A01F02BFBC1
S214022150284670BD1925FBE710B5044690B10379F1
S214022160990711D090F8203083B10EF02CF8A36AAC
S2140221705A1C1BBF0133A362012400240EF01EF872
S214022180204610BD2524FBE70F24F9E70224F7E7D3
S21402219040B103791B0707D590F8200080F00100B4
S2140221A040007047252070470F207047FFF7F0BFAA
S2140221B070B5002506462C46052C20D8DFE804F02C
S2140221C003070B0F13175B210820E3F753FB0C21C1
S2140221D00820E3F74FFBD1210820E3F74BFB8021D1
S2140221E00820E3F747FB00210820E3F743FB6C1CBB
S2140221F02946E4B208202546E3F73CFB0624A4F170
S2140222000E03012B05D85A210820E3F733FB0134CD
S214022210D2E7102C05D1BDE870405D210820E3F717
S21402222029BBB31F195DEFE708B5082000F07BF85D
S214022230BDE80840082000F081B8012307B520F069
S2140222407F4040EA8170019068460093FFF7B0FF36
S21402225003B05DF804FB436803B1184722207047B9
S214022260436903B11847FF20704737B50D680C461F
S214022270AB88ADF804302B78022B0CD00DF103019D
S21402228001A800F0B9F89DF80330204683F0010358
S2140222902B70E8F73DF903B030BD03681878704735
S2140222A013B50468A388ADF804302378022B15D042
S2140222B00DF1030101A800F09FF8A2799DF8033002
S2140222C0012A13D1618843EA41034FF6E07163F0B5
S2140222D03F039BB28B4203D12270638002B010BDD3
S2140222E04FF6DF729342F8D10022F5E7002AF5D1C5
S2140222F083F001032370F1E703681A78022A03D1F8
S21402230000225A80E3F716BA704710B5046823789D
S214022310022B07D0A379022B02D16079E3F75AFB8E
S2140223200223237010BD4FF060420123D2F8001E34
S21402233083400B430020C2F8003E70474FF06041D6
S2140223400122D1F8003E824023EA02030020C1F8AF
S214022350003E7047F8B50E461746044660B10DF0CB
S2140223603BFF05463A4631462046E5F709F9284638
S2140223700DF02DFF0020F8BD2220FCE770B10122EF
S214022380417803788A4030214B4341F2100103F131
S214022390A04303F5703300205A507047222070473E
S2140223A070B10122417803788A4030214B4342F2D1
S2140223B0100103F1A04303F5703300205A50704712
S2140223C02220704738B50D46044698B191B10DF0FB
S2140223D003FF30222378534303F1A04303F57033FF
S2140223E01B696278D34003F001032B700DF0EFFEF9
S2140223F0002038BD2220FCE738B50D46044698B1C9
S21402240091B10DF0E9FE30222378534303F1A04345
S21402241003F570335B696278D34003F001032B70D7
S2140224200DF0D5FE002038BD2220FCE7D0E90003DF
S2140224301847836800681847C3680068184707B5D6
S21402244003788DF8043043788DF80530837801A838
S21402245023B9FFF7A5FF03B05DF804FBFFF78EFF75
S214022460F9E707B503788DF8043043788DF8053020
S214022470837801A823B9FFF781FF03B05DF804FB58
S214022480FFF78EFFF9E707B503788DF80430437837
S21402249001A88DF805300DF0A5FE03B05DF804FB2B
S2140224A013B5044603780DF103018DF80430437822
S2140224B001A88DF80530FFF785FFA3789DF8030085
S2140224C00BB980F0010002B010BD10B588B004460A
S2140224D00E98009207900D98224606909DF83000BE
S2140224E005900B9804909DF8280003900020CDE9F3
S2140224F001300B460121E3F7FFFA08B010BD08B51C
S2140225000CF066FDBDE808400021E3F71FBF002976
S214022510CCBF01210021E3F719BF02214FF420703E
S214022520E4F7A6BA704770470020E4F7B5BB01206F
S214022530E4F7B2BB7047C36C0B42FCD1704708B5D8
S21402254043680246DB0714D50A2350210363FFF7CC
S214022550F2FF136C9907FCD1936A0121104693622D
S214022560FFF7E9FF136C1B0604D4012302F50052A1
S214022570536008BD536BF5E738B50A46044619B9E9
S214022580BDE83840FFF7DBBF012100F580535960F4
S21402259002F00F0540F2FF71FFF7CDFF78210563C9
S2140225A0FFF7C9FF02F00103520748BF43F00203D8
S2140225B0226C02F003029A42FAD138BD036C5B0623
S2140225C0FCD5C16370470022E4F74EBDFFF7FBBFA0
S2140225D070B5054614460E460DF0F5FD2B685C40B8
S2140225E034405C402C60BDE870400DF0E7BD4FF013
S2140225F0B0435A6812B19A6A002AFAD1704770B587
S214022600054614460E460DF0DEFD2B685C4034404F
S2140226105C402C60BDE870400DF0D0BD01224178D0
S21402262003788A4030214B4342F2100103F1A04363
S21402263003F570335A50704721FA00F2D20730B5CC
S214022640034600F0FC040FD500220132D2B2042A5F
S21402265002D14FF0FF3008E0831803F0030323444F
S21402266021FA03F5ED07F0D4184630BD03782BB9EE
S2140226704078053818BF4FF0FF307047012B08D15D
S2140226804378012B1AD0032B14BF4FF0FF300420DF
S2140226907047022B09D1437893B1052B12D0072B32
S2140226A014BF4FF0FF3008207047032B0CD143783D
S2140226B0022B14BF4FF0FF300920704703207047EB
S2140226C006207047072070474FF0FF30704770476C
S2140226D00020704700207047012310B580F888302C
S2140226E00378044653B100F063FA21462046E5F724
S2140226F08DF82046BDE8104000F04FBA10BD38B540
S2140227000D460446E5F76AF86B682046C4F8B03210
S214022710A96800F098F94FF0FF332046C4F8B432A7
S214022720FFF7D6FF38BDD0F8B43210B501330446F1
S21402273001D0002010BD00F0BEFAC4F8B402013089
S214022740F7D194F8B80280F00100F3E708B5E5F790
S21402275081F808BD0A7801382D2A0ABF0122002214
S2140227608918E5F7D3B807281BD8DFE800F0060A71
S2140227700D10131504170120704700220820E5F7F4
S214022780C5B800221020FAE700222020F7E708202A
S214022790FFF7E0BF1020FBE72020F9E70846E5F741
S2140227A017B9002070472DE9F74307280C46DDE9E4
S2140227B00A7690461D4608D8013806280AD8DFE869
S2140227C000F01D27303A44574A00212850D003B063
S2140227D0BDE8F083002220461146E8F7A5FE3368DE
S2140227E0C0B205EB83013A6845F82300013348F886
S2140227F0221033603B6801333B60E8E70022204644
S2140228001146E8F791FE336880B205EB8301EAE7EA
S214022810002220461146E8F787FE336805EB83015F
S214022820E1E7002220461146E8F702FE336840B28E
S21402283005EB8301D7E7002220461146E8F7F8FDAC
S214022840336800B205EB8301CDE70022204611462D
S214022850E8F7EEFDE1E7002389461E461D468DF8A1
S214022860063019F8013F7D2B06D125702D0A6570BA
S2140228703B6848F82340BDE7202BF2D006F0010261
S214022880013612B98DF80430EBE71022002101A8B8
S2140228908DF80530E8F7CCFD631901359870ADB2B6
S2140228A0DFE72DE9F04F9B46002385B08B45814636
S2140228B088469246CDE902336BDC1A461E4619F864
S2140228C00340FF2C08D15B4496B1013B434516DD1D
S2140228D02B2005B0BDE8F08F172C04D8102C28BF8B
S2140228E001220133EBE7203C012C98BF0126F8E7D2
S2140228F062B1013B4345EBDC3546374602E0002534
S2140229002F462E46454504DB0020E2E79845F3D0E5
S214022910DEE75D453BDB19F80730202B18D109EBC3
S21402292007035B78FF2BD3D1CEB920465AF8251081
S214022930FFF719FF78B303AB019302AB009320466F
S214022940DDE90E235AF82510FFF72DFF0135D9E7EA
S214022950212B0ED109EB07035B78FF2BB8D1029B24
S2140229605AF825200E99012641F8232001330293B6
S214022970ECE7A3F11004072C02D91C460137D3E773
S21402298009EB07035B78FF2BA2D1E4B2CCE706245F
S214022990CAE721209DE726209BE72DE9F04F074650
S2140229A00E4615469846044685B0DDF84490DDE9A5
S2140229B00FAB206808B3DAF80020D8F800108A4275
S2140229C01BDA0E9B53F82210E2F78EFC48BBDAF8AD
S2140229D000200132CAF800206268117BFE291BD152
S2140229E00E9B1068012100932A464346CDE902B9A0
S2140229F0CDF804A0FFF7D1FF04462B7843B999F827
S214022A0000302BB97EB101233C4689F800302B708A
S214022A10204605B0BDE8F08F01238BF800302B70FE
S214022A20EBE70C34C5E73446F2E710B504462368F4
S214022A3003B910BD237A13B92046E4F7FFFF0C341E
S214022A40F5E77047704710B541B10A7932B90124EB
S214022A509C300C71FFF7EBFA204610BD0020FCE715
S214022A602DE9F041A2B005460AAA084603A900F0DD
S214022A705FF90446B0B90DF10A0301930DF10B0399
S214022A808DF80A0000930AAA284604AB03A9E5F7C4
S214022A909BF99DF80A20B2B19DF80B2048B12AB1E5
S214022AA0E4F7CCFF204622B0BDE8F081FFF7BDFF79
S214022AB0F8E7D5F89C50002DF4D0A86808B1FFF7C7
S214022AC0B4FF2D68F7E700B3466812AB06F10C08B0
S214022AD01AAF01934046049B039900970AAAFFF790
S214022AE0E0FE04460028DDD1039B05A8CDE90637A3
S214022AF0049B0595CDE90838FFF7A3FF05A83368C0
S214022B00984705A8FFF79EFFCCE72D24CAE710B525
S214022B100446AC3001F0EDFD04F1AB031A180020B8
S214022B20934200D110BD13F8011F0029FAD00A29DA
S214022B3008BF0130F4E70023F0B50B6013600646C9
S214022B40D0F8AC0278B196F8AC0060B1012406F178
S214022B50AC07D6F8AC02844210D306F1AC00B3F54B
S214022B60007F10D30120F0BD0D6801350D60156899
S214022B7001351560F85C01330A2802D0B3F5007FF0
S214022B80F2D30134E5E7C15C0A29EBD00029E9D08B
S214022B901168013301311160E1E710B50021D0F868
S214022BA08C20044601F071FD0023C4E9243310BDD5
S214022BB073B5044600F1AC0580212046FFF767FA9C
S214022BC04FF4007106462846FFF761FA0136C0F553
S214022BD00070864220461FD801F08BFD0646284626
S214022BE001F087FD01362946421CA81901F033FD83
S214022BF0204601F07EFD21460246284601F06CFD85
S214022C00204601F076FD0A23204480F8AC300023EB
S214022C10C4F8AC3202B070BDFFF779FF01AAC4F85F
S214022C20AC0269462046FFF786FF0022009B23443B
S214022C3083F8AC20C0E773B50D460446FFF767FF7E
S214022C406B1C1FD1D4F8AC3213B1013BC4F8AC32C2
S214022C500025204601F04DFDA8421BD82046FFF76E
S214022C609CFFD4F8AC325BB16946204601AAFFF756
S214022C7062FF28B1009D04F1AC06019BAB4214D85A
S214022C8002B070BD012DFBD1D4F8AC328342F7D22C
S214022C900133DBE7082000F01DF8202000F01AF8C8
S214022CA0082000F017F80135D3E7715D2046E5F7F6
S214022CB0BDF90135E1E707B500200DF1070100F087
S214022CC0EAF820B99DF8070003B05DF804FB4FF060
S214022CD0FF30F9E710B5C1B20446002000F0D0F884
S214022CE000280CBF20464FF0FF3010BD0FB407B5CA
S214022CF004AA52F8041B0020019200F0D0F800202B
S214022D0003B05DF804EB04B0704710B54C1C0B46DC
S214022D100119045D222C03D07B2C01D05C2C05D13A
S214022D20D21A184401F097FC012010BD0020FCE7DF
S214022D302DE9F04705469146884601F0DAFC2A4618
S214022D4006461346197801322029FAD0C9F800300F
S214022D505C1B01236FF0404AC8F80030A64201D837
S214022D60002014E02F5D29197B2F12D0222F2ED19E
S214022D70D8F80030621C53442A4449F82320012C18
S214022D8009D911F8013C13F0DF0F04D02120BDE869
S214022D90F0877D27F3E701342B5DBB4209D12B195F
S214022DA05B7813F0DF03F1D1222F00D12B550134CB
S214022DB0D4E75C2B07D1324621462846FFF7A5FF0B
S214022DC00028E3D0013E0134A642E5D8DEE75C2FB8
S214022DD008D1324621462846FFF797FF0028D5D06D
S214022DE0013EE4E7202FE2D10022631CB3420A70C0
S214022DF0DDD2EA18EB5C202BD9D0D8F80030072BAE
S214022E0005DC49F823200133C8F80030CFE71E203E
S214022E10BDE700F005B809B1E5F7F2B92220704720
S214022E2000207047E5F734BA40B2E5F72FBB70B51D
S214022E300C46154610B9E5F7A1FB38B143682BB12D
S214022E402A462146BDE8704000681847232070BD18
S214022E50F7B50D4616461C4648B103B901ACC7681D
S214022E605FB12346324629460068B84706E0E5F7D2
S214022E7085FB04B901AC0028F1D1232003B0F0BDD4
S214022E8007B501228DF807100DF10701FFF7CFFFF6
S214022E9003B05DF804FB00230122FFF7D9BFF8B5A3
S214022EA00C461546064658B9E5F768FB20462946FD
S214022EB0E8F764FD0446002CD4BF37200020F8BD96
S214022EC0E5F75CFB86420746F0D03046E5F74AFB5C
S214022ED029462046E8F752FD04463846E5F742FB07
S214022EE0E9E70EB403B503AA52F8041B0192FFF7F2
S214022EF0D6FF02B05DF804EB03B07047D0F8A430FA
S214022F001B681A6C120643BF5B6B00200B701B20FB
S214022F107047D0F8A43001221B6819B103F580531C
S214022F209A64704703F500539A645A64704708B56A
S214022F30D0F8A4301868FFF741FB002008BD0068EF
S214022F40D0F8A4301B685A6CD20708D5012103F5C5
S214022F50005251641B6C9B0601D500F0C0B9704745
S214022F6000207047FEE74FF4005300204B60704786
S214022F70012070470020704707B5002001AB019082
S214022F80FFF766FF0198002808BF4FF0FF3003B036
S214022F905DF804FB10B514460020FFF748FF2046F4
S214022FA010BD80F89910704790F89900704790F815
S214022FB09600704710B50446E5F788FC38B1236DD5
S214022FC0D4E912020244934218BF184610BD3022BA
S214022FD0237D534303F1A04303F58023DB6EEFE723
S214022FE00023506910B5903000F8043C1446FFF7F1
S214022FF029F808B1E5F7CCFC63681BB1002120462E
S214023000A2689847002010BD90F8943070B5054627
S2140230100C46C3B10B69B3F5006F16D80DF0DCF899
S21402302095F88C30064665614BB1214605F1900055
S214023030FFF701F830460DF0CAF8002070BD2046B2
S214023040E5F7A6FCF6E70E20F8E72120F6E792F869
S214023050543037B5144633B1936D0BB1D06D9847E3
S214023060002384F8543094F89A301BB32046E5F7D0
S2140230702DFCF8B1236E132120465B689847102575
S214023080236E20461B680DF10701984778B99DF814
S214023090073003F0FD02112A05D1A3F111025342B3
S2140230A0534184F8A030013D15F0FF05E8D12046D3
S2140230B0E5F79CFC002084F8540003B030BD2DE9EF
S2140230C0F04790F8949004460D461646B9F1000F64
S2140230D040F08B8090F899800DF07EF894F8953049
S2140230E0074673B194F898305BB184F895900DF06A
S2140230F06AF80121814608460CF0A6F848460DF00B
S2140231005DF838460DF063F82E44B54205D1236EBD
S214023110012120469B68984754E094F89A30002B89
S2140231203DD0207DE2F778FE2046E5F7EDFB074628
S214023130207DE2F791FE97BB0DF04EF80746207D04
S214023140E2F76AFE2046FFF735FFA26C00F1FF3970
S214023150914538BFE36C94F854A038BF03F1FF33AF
S214023160207D38BF02EB0309E2F776FEBAF1000FC4
S21402317012D14B46D4F89C108B420BD013F801297F
S214023180112A01D0132A20D1A2F111035A425A4120
S21402319084F8A020C4F89C9038460DF018F894F8ED
S2140231A0A030002BB1D0236E2F462A785B68B8F188
S2140231B0000F12D1236E20465B6839780135984796
S2140231C00028A2D00020BDE8F087A26C9A4282BFF7
S2140231D0E36C03F1FF339B18CEE70A2AEAD10D21EE
S2140231E0204698470028E5D0ECE70E20EBE7F8B536
S2140231F004460D460CF0F0FF94F896300646ADB144
S2140232007BB994F8983063B10CF0DDFF01210546D6
S21402321008460CF019F828460CF0D0FF012384F873
S21402322096303046BDE8F8400CF0D1BF002BF8D0FF
S2140232300CF0C9FF0746294601200CF005F838466F
S2140232400CF0BCFF84F89650EBE738B548B1002482
S21402325005680CF0C1FFC5E916440CF0B8FF20461D
S21402326038BD2220FCE770B50468054694F89460E1
S21402327086BBFFF7EAFFE5F781F9854202D13046C1
S214023280E5F770F9236E93F91000E5F75DF9236E02
S21402329093F91000E5F72AF9236E93F91100E5F782
S2140232A053F9236E93F91100E5F720F9207D0BF010
S2140232B0B1FE207DE2F730FDE2F70CFD0023C5E902
S2140232C00033C5E90533EB60236E2046BDE8704047
S2140232D0DB6818470F2070BD0068E5F787BB2DE94D
S2140232E0F04104460CF078FF94F89530054603F05A
S2140232F0FF08A3B90127236E41469B6820469847DC
S21402330084F895700CF05FFF0646414638460BF08F
S2140233109BFF30460CF052FF022384F8A130284669
S214023320BDE8F0410CF053BF0E2070470E207047E8
S214023330704770477047F8B50C468D1807355242ED
S2140233401540A5F108070646384600F0B5FBA088EA
S2140233503B1B618800EBE30080B2A1EBE30125F89A
S214023360040C25F8061CA188DA10D1B1A4EBC10121
S214023370B1F802C0C88002EB0C004880E188B9B1FF
S2140233808A1A92B204EBC10125F8022C8A80A2881E
S2140233908AB9B2681344F268B360934288BFF36096
S2140233A00EE015F8081C41F0020105F8081CE5E7D6
S2140233B025F8021CEBE7A4EBC2042278D207E8D475
S2140233C03846F8BD2DE9F04F17464FF0000887B093
S2140233D07A1C109A054614BF3C460824CDF8148081
S2140233E0002A00F0CB80C2F80080002900F0C880D6
S2140233F042688A4240F2C480073103F0010921F094
S21402340007060CF0E9FE05AACDE9008282463A4696
S2140234104B463146284600F053FB059F834607B1CC
S21402342030B950460CF0D3FE192007B0BDE8F08F35
S214023430B7F8028029694FEAC802C0EBC80801390A
S214023440B8F1270F29617ED9B9F1000F55D186420E
S21402345006F108084CD0224639462846FFF76BFF8D
S21402346004460590059B9844404600F025FB0599C6
S21402347006F10F004A88C308A2EBD002A8F8022081
S214023480CA88A8F80430002A34D0D31A9BB201EBBB
S214023490C202A8F8063093808B88F608A380B8F894
S2140234A004303A46E380414600232846668000F010
S2140234B074FBAB68EA6808339342AB6088BFEB6084
S2140234C0237843F0010323702B6901332B61628852
S2140234D0AB68504603EBC203EA68AB60934288BF10
S2140234E0EB600CF074FE109B083400201C609CE716
S2140234F03C46B7E7A8F80620CEE707EB08042046C6
S214023500039200F0D9FA0BF10703DB0805996380F2
S21402351008F10703DB08A380CB8893B1DB00039A8C
S214023520D81D821A5A44C2F3CF020B44E2809A8014
S214023530A38808F1FF384FEAD808A1F80280CB80AA
S214023540B7E7E380F4E7B9F1000F1BD007F10803F1
S214023550B3FBF4F204FB1233B3B1224639462846D3
S214023560FFF7E9FE044623783A4643F00103237048
S21402357021460123284600F010FBA8E7222054E744
S214023580212052E78642E8D13C46ECE707B5002206
S2140235904FF0FF3101AB0192E5F7E8FC019803B06A
S2140235A05DF804FB07B5009313464FF0FF32FFF7B2
S2140235B009FF03B05DF804FB2DE9F04F0C4685B019
S2140235C0002900F0EA8008460BF0A8FD0546D0E97F
S2140235D005680CF001FE14F808EC34F806CC1EF070
S2140235E0010F019002D0BCF1000F06D101980CF039
S2140235F0EEFD012005B0BDE8F08FA968D5F810B041
S21402360034F8049CA1EBCC010BF10103A4F10807EA
S2140236100CF10102A9602B61B9F1000F43D04FEA09
S214023620C9030293A7EBC903D888B3F802A0039094
S21402363018780EF0020EC00725D4BEF1000F25D171
S2140236400398A0EB0A0EBEF1010F2CD10CF1020278
S21402365008395244C5F810B0A96034F802ECBEF13D
S214023660000F22D114F8081C24F806EC6EF30001B1
S21402367004F8081C013A5A801A786EF300021A708F
S2140236800022DA8045E0BEF1000F0CD002984A44D0
S214023690091AA96014F8081C6FF3410104F8081C03
S2140236A000219980D9E73B46D7E707EBCE0AD5E952
S2140236B0001001EB0009CA450ED314F8081C013AA3
S2140236C06FF3000104F8081C002124F8061C5A8037
S2140236D01A7861F30002D2E717F83E70514617F0E7
S2140236E001072FD014F8087C013A6FF3000704F89C
S2140236F0087C002792B224F8067C5A801A7867F370
S21402370000021A70C3F107020A44C2F3CF02DA803B
S2140237108A80002E3FD0B3423DD37288002A08BF6B
S2140237201E46B8F1000F06D0434504D8B8F802206A
S214023730002A18BF43460198C5E905630CF047FD09
S214023740002057E7AEEB0C0EBEF1010FCAD1BAF855
S21402375002C0AAF802709444BAF80620CAB10AEB6C
S214023760C20100272A69013A2A61AA68083AAA60B1
S21402377014F8082C24F8067C6FF3000204F8082CD0
S2140237801A78A3F802C067F300021A700029B9D1AA
S21402379076E71146E5E71E46C3E722202AE70146FA
S2140237A00020FFF709BFFFF7FABF70B5049E154663
S2140237B01A4696B1002333608DB181B14D4333462C
S2140237C02946FFF7EFFE044628B9306818B12A46A4
S2140237D0214600F05AFF204670BD2224FBE7212432
S2140237E0F9E707B5002201AB0192E5F7D5FB019890
S2140237F003B05DF804FB2DE9F74F06460D46144666
S2140238009B46002B00F040810023CBF80030436833
S214023810934240F23B8149B9002A00F037815A466A
S214023820204603B0BDE8F04FE5F7AEBB2AB908461E
S21402383003B0BDE8F04FFFF7B2BF0CF0CDFC35F891
S214023840067C07344FEAC70924F00704A1458046E0
S214023850A5F1080180F0968035F8023C002B70D066
S214023860DA1B012A6DD101EBC30A11F83330D807EF
S21402387067D4BAF80220A9EB040313EBC20360D4A0
S2140238801F2B3CDD2F19C4F3CF0425F8064C013458
S214023890384625F8024C009300F00EF935F8022C53
S2140238A0009BBA80BAF80620DB087B802AB3BAF8F7
S2140238B00210511A11FA83F39BB20AEBC202FB8082
S2140238C09380524600233946304600F066F9504649
S2140238D000F0F2F8002235F8061CB368CBF8005068
S2140238E003EBC103F168A3EB09038B42B36047D82D
S2140238F0002A40D0083BB3603DE0FA80E1E7336936
S2140239000137013B3361BAF80630174425F8067CC6
S214023910A3B1BAF802209A1A12FA87F7BFB20AEBD4
S214023920C30325F8027C9F8052460123304600F0EE
S21402393034F9504600F0C0F80122CCE725F8023CE4
S214023940F2E720465A460021E5F71EFB044630B150
S21402395040460CF03CFC204603B0BDE8F08F4A46D9
S2140239602946DBF8000000F0B7FE2846FFF717FFEF
S21402397004460028ECD140460CF029FC0024EAE775
S214023980F360B5E77DD935F8022CA9EB040A531E7D
S214023990DB1B002A37D001EBC20711F83220D20710
S2140239A032D48BBBC4F3CF03291925F8063C013366
S2140239B0084625F8023C009100F07EF8009935F89A
S2140239C0022C7B888A80FA8803EBDA034B80BAB132
S2140239D07888101A10FA83F39BB207EBC202CB80E8
S2140239E0938000233A46304600F0D7F8384600F077
S2140239F063F8B368CBF800502344A3EB09037AE7D5
S214023A000023CB80EDE71746BAF1270F39D9C4F366
S214023A10CF02291925F8062C0132084625F8022C71
S214023A20009101930AF1FF3A00F046F8009935F842
S214023A30022C4FEADA0AA1F802A08A80FFB1019BA3
S214023A40013313FA8AFA1FFA8AFAA1F806A0A7F82F
S214023A5004A0336930460133336100231A4600F06E
S214023A609CF8B368CBF80050E2180832F368A2EB71
S214023A7009029A42B2607FF67EAFF2607BE7CF80A1
S214023A80E7E7CBF8005076E7222464E7212462E7D2
S214023A90002307B501AA0193E5F78CFA019803B053
S214023AA05DF804FB0846FFF771BD0846FFF77BBECC
S214023AB008461146FFF7ECBF0023036043607047D9
S214023AC0F0B5D0E90540551C08BF0822002B4FF080
S214023AD0000518BF0446DDF818C0CCF80050002CCC
S214023AE037D09DF814706588FF0007EBC505C2F154
S214023AF0000E2078C00708D51BBBE088A0B104EBF7
S214023B00C004658807EBC505F3E78D42F4D363B9B5
S214023B1004F10806B6FBF2F002FB106670180EB14E
S214023B20A842EAD8CCF80040F0BD082A0FD0608838
S214023B30013004EBC000461A06EA0E06801B8542D8
S214023B40F0D2A0880028EFD0A4EBC004D9E708463C
S214023B50E8E72046E8E7034610461A69DAB108B9EC
S214023B6021B918680378DB0702D470479869F9E729
S214023B7039B9C3887BB100EBC3000378DA07F8D4FF
S214023B807047012907D183882BB1A0EBC3000378C5
S214023B90DB07F8D47047002070472DE9F041D0E9E2
S214023BA00545074688461646F3B194420FD042B101
S214023BB0954215D1424601213846FFF7CCFF05460D
S214023BC00EE00A463146FFF7C6FF0446F2E70A460B
S214023BD00021FFF7C0FFB5420446EBD0002EE9D025
S214023BE0C7E90545BDE8F081944208D08C4228BF5B
S214023BF00C46B54205D0454538BF4546F0E70C466B
S214023C00F7E74546ECE738B51C46C3E90001002352
S214023C10C4E90500C4E90233236122776362FFF731
S214023C204BFF23690139C908013341802361A36828
S214023C30E268083393424FF00000A36088BFE36057
S214023C4038BD08B5E5F73CFA08BD002307B5684657
S214023C5000938DF80430E3F7B1F803B05DF804FB87
S214023C6010B50CF0B0FA04460BF090FA2046BDE808
S214023C7010400CF0A3BA70474FF4C870E5F7B6BA16
S214023C8070477047704708B500F008FC00F016FC55
S214023C9000F021FCFFF7F6FF00F036FCBDE8084016
S214023CA000F03DBC08B5E5F749F9E3F75DFDFFF71F
S214023CB0E7FFE4F7FFFBE4F7D9FBFFF7B3F8E5F716
S214023CC083FBE5F737FAE5F79BF9FFF7DAFF00F033
S214023CD007F800F0ECFBBDE80840FFF7D4BF7047DA
S214023CE008B500F0D6FB00F0D5FB00F0D4FB00F0E0
S214023CF0D4FBFFF7F4FF08BD08B500F017FC00F090
S214023D0016FC00F01FFCBDE8084000F01DBC00F0E9
S214023D1000B807B512200DF10601FFF77CF8BDF8D2
S214023D20060003B05DF804FB704770B506461446FD
S214023D300AB9212070BDB2F90020E5F7DBFB0C289A
S214023D400546F6D00146B4F900203046E5F730FCC9
S214023D50294602463046E5F7A9FC20800020E9E71E
S214023D60F7F708B80E2070474FF4806070474FF49C
S214023D708070704701207047E5F7B6BDE5F77CBD59
S214023D80E5F780BDE5F784BDE5F7E4BD82B02DE931
S214023D90F0438BB005AE86E80700079D1F4615F078
S214023DA0804513938046DDE914328946169C16D167
S214023DB08C4228BF0C46D20016D584B10F2C1AD8D6
S214023DC0A9EB0502042A3B6828BF042208EB05007B
S214023DD009A90435099300F07FFCAC42F0D80BB079
S214023DE0BDE8F04302B070479C4228BF1C46002C38
S214023DF0F5D00F2C13D9DDE914018DE803000294E7
S214023E00139B96E80700E5F7C5FDE5F7F1FDE5F734
S214023E10F9FD0BB0BDE8F04302B0E5F707BE224657
S214023E2039460BB0BDE8F04302B000F055BC08B509
S214023E30E5F728FD10F00E03FAD0022BF8D010F4A6
S214023E40806018BF062008BD10B50446E5F73EFDA3
S214023E502046E5F7FFFD18B9BDE81040E5F766BE57
S214023E6010BD00F0EEBA002070470020704770B513
S214023E7005460E46E5F786FE044648B9314628460C
S214023E80E5F798FE044628B1E5F746FEE5F786FE16
S214023E90204670BDBDE87040E5F780BE6FF0850035
S214023EA070476FF0850070476FF0850070476FF0BF
S214023EB0850070476FF0850070476FF08500704789
S214023EC00020704738B51C4600230846236011467A
S214023ED01546FFF7CCFF00B9256038BD08B50CF0D3
S214023EE017FB002008BD10B5044608B1E5F7E2FE50
S214023EF02046BDE81040FFF756BC00F4E040B0F59F
S214023F00805F04D0A0F50053584258417047012004
S214023F1070473AB1002918BF00232121D21A18444B
S214023F2000F0B3BB704700232DE9F3414668D0F892
S214023F30148004460F4630461146136000F078FAA5
S214023F40054688B9304600F075FA054660B9F6B2FD
S214023F5076B9B8F1000F05D1A06820F47F4020F0B2
S214023F60030060B16FF08605284602B0BDE8F08116
S214023F700146606900F034FA0028EDD1F2E74FF608
S214023F80F87362889A4219D894F80480B8F1000F40
S214023F9000D101A83946E6F7FDF905460028E3D127
S214023FA00FCC3F683E460FC694E8030086E803003F
S214023FB0B8F1000FD8D1019B7B61D5E76FF085057C
S214023FC0D2E741F20523984209D8B0F5905F09D2AC
S214023FD041F2010398420CD0B0F5885F09D06FF029
S214023FE0850070472923A0F5905080B2C340DB07B6
S214023FF0F5D511F0070F14BF6FF08600002070474A
S21402400070B5046A05460E463CB90120FFF7E9FB87
S214024010286228B120466E6270BD6FF08A00FBE708
S2140240206FF08C00F8E72DE9F041089D88461F46A0
S214024030048802B32046FFF760FFE0B12B680BB995
S214024040D3002B6020462968FFF7BBFF044678B9E9
S214024050CE1DB2EBD60F11D1069B9A4211D841461D
S214024060384600F039FB2B68079A0733DB081360E3
S2140240702046BDE8F0816FF08504F9E76FF086040C
S214024080F6E76FF08904F3E72DE9F04F476885B04D
S2140240903F0A0446DDE90E9A0D4616469846DDF8B6
S2140240A040B015D1CDE901ABCDF80090FFF7F6FE92
S2140240B010F1860F0ED14346324629462046CDE9F8
S2140240C00FABCDF8389005B0BDE8F04FFFF7ABBFA9
S2140240D06FF0860005B0BDE8F08F10B50446006AA2
S2140240E010B1616AFFF7FFFE0020C4E9080010BDA8
S2140240F038B50546FFF7F1FF2B7E0446012B0ED09E
S214024100023B012B0ED8EB69012B18BF6FF0960409
S21402411028220021284600F0B8FA204638BDEB696E
S214024120002BF2E76FF09604F2E713B50446A0B14F
S21402413001A9E6F781F9044678B90198037E022BB5
S2140241400ED1032303760379FF2B08BF6FF0840496
S21402415000F057F9002818BF0446204602B010BDEA
S2140241606FF09604F4E72DE9F0411E46002388B06E
S214024170074688461546CDE905333360002A58D0EF
S214024180B2F1005F58D206AA05A9FFF7CCFE044694
S21402419098B90598436AB3B105982A4643884146BA
S2140241A0079307AB029300F124030193436A00933B
S2140241B0036AFFF769FF044690B10598002831D0DC
S2140241C0FFF796FF2EE07B681B0A02D06FF086048C
S2140241D0F3E72946FFF714FF04460028DCD0ECE795
S2140241E0059A079B5188C1B953804FF6F8718B42E6
S2140241F01CD83B8813B111889942E7D17B8813B14A
S21402420051889942E2D153693360137E012B07D05D
S21402421000236FF096043360CFE79942D6D1E4E7E5
S21402422002231376204608B0BDE8F0816FF08504BD
S214024230C3E76FF08604F5E76FF08504F2E710B582
S2140242400446006868B106280CD104F10800FFF79E
S21402425034FE00232360A38823F4FF7323F00103B4
S214024260A38010BD6FF08600F3E72DE9F043984671
S21402427000230C46016885B00546174603930029BD
S2140242803FD100F108094C22484600F0FEF9B8F189
S214024290000F20463B4614BF4FF480624FF4006284
S2140242A003A9E5F789FE044668BB039E38463188B3
S2140242B02A1DE5F7EFFE044628BB6B7968F3000378
S2140242C06B717168D6E90823090AB8F1000F11D09C
S2140242D001BB314648460097FFF7E3FD044690B916
S2140242E0062303982B6000F0A1F80446204605B08A
S2140242F0BDE8F08371B9314648460097FFF7D4FD12
S214024300ECE76FF088042846FFF799FF039800F061
S2140243108DF8EBE76FF08604F5E70123FFF7A5BFFC
S21402432038B50546006898B112B90024204638BD53
S21402433006280AD105F10800FFF7B9FD0446002851
S214024340F3D02846FFF77BFFF0E76FF08604F8E726
S2140243506FF08804EAE72DE9F041054600680E464C
S21402436017469846C8B16A79D20716D52A79A2B1F5
S214024370BA4215D8062816D105F10800FFF79AFDAD
S214024380044698B10023C8F800702B71A6B92846D7
S214024390FFF755FF2046BDE8F0816FF08804F1E78D
S2140243A06FF08904EEE76FF08604EBE726B928463D
S2140243B0BDE8F041FFF743BF21463A463046D8F8FB
S2140243C00030FFF7A6FD2846FFF739FF002C08BF8E
S2140243D00446DFE7E5F7D2BD1822002100F055B902
S2140243E003466FF040420846591E914207D338B141
S2140243F003F1404393428CBF002001207047012006
S2140244007047034668B1017E8A1E012A0BD803292B
S214024410C26903D1012A01D1FFF76ABE1AB1013A75
S214024420DA61002070476FF096007047FFF7E9BF29
S21402443000207047C0B2002814BF6FF0850000202D
S21402444070470020704770470120E6F70BB800203F
S214024450E6F708B808B5DCF7F9F8BDE80840DEF775
S21402446009BA08B5DCF71CF9BDE80840DEF72CBA35
S21402447010B50446E6F794FB2046DCF769FF2046B3
S214024480DFF704FB2046E6F749F910BD0120704726
S214024490704770477047DBF75BBF704708B5E0F7B9
S2140244A091FEFEF7B6FCBDE80840E0F781BE08B50F
S2140244B0E6F764FABDE80840E0F7BABF08B5E1F7E8
S2140244C073F9E1F723FAE6F75FFBE6F763FBBDE86D
S2140244D00840FDF7A9BE08B5FDF796FDE4F7ECF92E
S2140244E0FFF7BFFCE5F7C2FEFFF7ABFFFFF7BDFC29
S2140244F0FFF7F4FC0CF00CF8E6F72CFBE6F7BAFA3A
S214024500BDE80840E6F77CBA08B5E5F731F9FFF7EB
S21402451027FCFFF709FCBDE80840FDF7B9BC08B563
S214024520E0F704FFBDE80840FFF79BBF704708B5F9
S214024530E1F7BCF8DCF764FBDEF7BCFDBDE808403B
S214024540E6F784BAE6F742BAE0F7B0BFE6F710BB82
S21402455008B5FFF7A7FBFFF776FFFFF7CDFBE6F7F9
S21402456089F80AF0C9FEF8E7E6F7E4BEE6F76ABF9E
S2140245702DE9F8430746884614460026D4E90195F5
S214024580B9F1010905D52468002CF7D13046BDE8FB
S214024590F883AB89012B07D9B5F90E30013303D066
S2140245A029463846C04706436835E9E710B50C4643
S2140245B0B1F90E10E7F70EFA0028ABBF636DA389B8
S2140245C01B1823F48053ACBF6365A38110BD002083
S2140245D070472DE9F0411F468B8905460C46DB05E0
S2140245E0164605D502230022B1F90E10E7F7E0F9C8
S2140245F0A3893246B4F90E10284623F48053A381C9
S2140246003B46BDE8F041E7F7F7B910B50C46B1F9FD
S2140246100E10E7F7CDF9431CA38915BF606523F496
S214024620805343F48053A38118BFA38110BDB1F910
S2140246300E10E7F7ADB90139024410B5904201D128
S214024640002005E0037811F8014FA34201D0181BA1
S21402465010BD0130F2E7884210B501EB020402D920
S2140246608442234607D8431EA14208D011F8012BE4
S21402467003F8012FF8E7024401468A4200D110BD32
S21402468013F8014D02F8014DF7E702440346934240
S21402469000D1704703F8011BF9E710B56AB101397A
S2140246A0841810F8012B11F8013F9A4203D1A04258
S2140246B001D0002AF5D1D01A10BD1046FCE770478B
S2140246C07047704710F8012B11F8013B012A28BFEA
S2140246D09A42F7D0D01A70470A44431E914200D13C
S2140246E0704710B511F8014B914203F8014FF9D10A
S2140246F010BD034613F8012B002AFBD1181A013805
S214024700704738B54B1C144603D14FF0FF35284688
S21402471038BD9389CDB223F0200393815368526B40
S2140247208AB1A26B9A4208DD23685A1E226003F8F9
S214024730015C636801336360E9E7214600F019FA19
S2140247400028F1D0E1E72169226841B1914206D200
S21402475012F8011CA94202D1013A2260EAE7C4E932
S2140247600F2304F1440363630323A363234603F87E
S214024770465F23600123DEE710B50C46496B69B13C
S21402478004F14403994201D0FFF78FF90020236C0D
S2140247906063636013B1E36B236010BD23694FF05F
S2140247A0FF30236000236360A38943F02003A381C4
S2140247B0F3E79368013B002B936010B408DA946920
S2140247C0A34201DB0A2903D15DF8044B00F008BAC4
S2140247D01368581C1060084619705DF8044B704741
S2140247E0F8B506460F461446D518AC4201D100204D
S2140247F007E03A4614F8011B3046FFF7DAFF431C7F
S214024800F3D1F8BD2DE9F047164698468A68074662
S2140248100B690C46DDF820909342B8BF134633600E
S21402482091F843200AB1013333602368990642BFE8
S214024830336802333360256815F0060506D104F1A5
S214024840190AE36832689B1AAB422BDC94F84330B1
S2140248502268003B18BF0123920630D404F14302BB
S21402486041463846C847013023D023681A3454F8E4
S2140248700A2C03F00603042B0ABF54F80E5C00252C
S21402488033684FF0000608BFED1A54F8123C08BF12
S21402489025EAE5759342C4BF9B1AED18B5421AD1B4
S2140248A0002008E00123524641463846C8470130F8
S2140248B003D14FF0FF30BDE8F0870135C1E7E118BC
S2140248C05A1C30200233224481F8430094F84510E3
S2140248D082F84310C2E70123224641463846C847BB
S2140248E00130E6D00136D9E7B1F90C202DE9F041C6
S2140248F0170705460C4656D44B68002B02DC0B6C99
S214024900002B3DDDE66A002E3AD0002312F48052D8
S2140249102F68216A2B6025D0626DA389580705D5BA
S2140249206368D21A636B0BB1236CD21A216A002316
S214024930E66A2846B047411C24D0002363602369F8
S2140249402360A389DA0400D56065616B2F60B9B174
S21402495004F14403994202D02846FFF7A6F8002342
S21402496063630DE001232846B047461C0246D4D1B5
S2140249702B68002BD1D01D2B01D0162B2AD12F60ED
S21402498000202EE02A68B4F90C3042B11D2A01D06C
S214024990162A21D10023636023692360D5E762606B
S2140249A022692260CEE70F69002FE9D093070E68CE
S2140249B00F600CBF4B690023A6EB07088B60B8F1AB
S2140249C0000FDDDD43463A46216A2846A66AB0470E
S2140249D0002808DCB4F90C3043F040034FF0FF30F7
S2140249E0A381BDE8F0810744A8EB0008E7E738B5E5
S2140249F00B6905460C4613B90025284638BD18B182
S214024A00036A0BB9E6F7C4FEB4F90C30002BF3D0F8
S214024A10626ED00704D4990502D4A06DFFF750FE4B
S214024A2028462146FFF760FF636E0546DA07E4D4A0
S214024A30A3899B05E1D4A06DFFF743FEDDE770B5C1
S214024A400C46B1F90E1096B0154600291E460CDA31
S214024A50A389002113F0800F14BF40234FF4806314
S214024A60002031602B6016B070BD6A46E7F770FD15
S214024A700028EDDB019901F47041A1F5005359427B
S214024A8059414FF48063EBE78B89F7B59D070646DD
S214024A900C4607D504F147032360236101236361B3
S214024AA003B0F0BD01AB6A46FFF7C9FF009F05469B
S214024AB030463946FEF7F6FF48B9B4F90C309A0587
S214024AC0EED423F0030343F00203A381E2E7A389B3
S214024AD0206043F08003A381019BC4E904075BB115
S214024AE0B4F90E103046E7F745FD28B1A38923F046
S214024AF0030343F00103A381A3891D43A581CFE7E6
S214024B0070B50B78044601385E2B04F1FF0513BF1F
S214024B104A1C8A1C4B78002108BF012100F8011F9D
S214024B20A842FBD10BB9501E70BD81F001011046A0
S214024B30E154024612F8015B2D2D05D05D2D16D0EC
S214024B40002DF1D02B46F2E746785D2EFAD0B3421E
S214024B50F8DC02301A4601329642A154FBDCF21A05
S214024B605D1C013AB342A8BF0022AB18E1E710462B
S214024B70DAE72DE9F0410C46496B04F14403994209
S214024B801AD14FF48061FEF78DFF18B94FF0FF304F
S214024B90BDE8F0814FF48063606300F2FD30A363EA
S214024BA094F84630837094F84530437094F8443055
S214024BB0037020600020EBE7A66B77003A46FEF70C
S214024BC077FF05460028E1D000EB0608014632468C
S214024BD04046FFF781FDC4F80080C4E90D57E9E7B7
S214024BE0F8B50E461446054618B1036A0BB9E6F741
S214024BF0CFFDA369A360A3891A0701D5236943B928
S214024C0021462846E7F74EFC18B14FF0FF373846E4
S214024C10F8BD2368F6B222693746981A636983425A
S214024C2005DC21462846FFF7E2FE0028EDD1A36800
S214024C30013BA36023685A1C22601E70431C6269F3
S214024C409A4204D0A389DB07E1D50A2EDFD121469A
S214024C502846FFF7CCFE0028D9D0D6E7C9B20346CD
S214024C60024410B59342184601D1002003E00478AE
S214024C7001338C42F6D110BDF7B5044614F4004C4D
S214024C804FF6FF7608BFFF2620F40040050205F423
S214024C90E065C0F306209E42019145EA000504F055
S214024CA0380E0846897904D201A800F0DCF90027FC
S214024CB01AE0240C24044EF0800EEE1844EA0E0489
S214024CC044EA162436020C31B6B24718344344502E
S214024CD0391D2944BCF1000F09D021F8023C1146C7
S214024CE0E7F758FC0028E2D1384603B0F0BD01F8D9
S214024CF0013CF4E72DE9F041DDF818800E46414606
S214024D00044615461F4600F016FC78B9206800F0E7
S214024D1036FAA0EB0801204600F0D3FA00233D46FF
S214024D2020682360079B1D70BDE8F0812368002B76
S214024D3008BF3546F6E770B504460E4615680A46BD
S214024D400021FFF7A2FC25F4004520462122314629
S214024D5000F0D0F8290A04312046C9B200F053F90F
S214024D60A3791C44E56070BD026810B501F004002A
S214024D7022F40044C2F306220021043240F0290045
S214024D8000F0FDFB10B183790344DC6010BD0346DE
S214024D90002200681A600179E7F7FCBB10B5002113
S214024DA0FFF7E2FF044608B9002010BD0179E7F7D5
S214024DB0F1FB0028F8D1A3790C33E018F5E72DE9CA
S214024DC0F04117461A46036801F0040123F4004333
S214024DD01C0204F4E064C3F306231C4341F02905D5
S214024DE0043406463B462146284600F096FC80469A
S214024DF050B1E1B200F07EF93B462A4641463068A1
S214024E00BDE8F041FFF738BFBDE8F0812DE9F34178
S214024E10002401F004010668074641F029051068DF
S214024E2029461460019000F028F9019800F0A7F9CD
S214024E3026F40046310201F4E061C6F30626314349
S214024E4080460122043101A800F015FB30B101A80A
S214024E5000F009F9204602B0BDE8F08143462A4632
S214024E6001993868FFF708FFF5E708B5FCF73CFB41
S214024E7008B1C3681BB1003818BF012008BD4069DD
S214024E80F6E72DE9F0478846164658B352B3E7F7D9
S214024E90C9FB074640B3B1460025BA469AF8061043
S214024EA09AF807403F68641AE4B2444584BF444611
S214024EB0012544B10C31484622465144FFF70CFC0A
S214024EC0A144A8EB04085046E7F70CFC002FE4D1F7
S214024ED065B93246022052F8041B09F07AFE2846CB
S214024EE0BDE8F0872220FBE71B20F9E71E20F7E744
S214024EF07047704738B5054614460A460021FFF744
S214024F00C4FB24F01C046B7944F0100443F0040341
S214024F102C716B7138BD2DE9F74F1F469DF8303066
S214024F208A4680460093002850D0002967D00C6835
S214024F30002C66D04FF0000BE679A179761AF6B20D
S214024F40BE4208D30C31394408EB020945462144D7
S214024F50F61BC84537E02068A346BF1B002835D09D
S214024F600446E9E7AB19994538BFA9EB0506324670
S214024F702846FFF7B1FB009B002B3DD0E279A079D3
S214024F80F3B237BB1844A071E279A37927689A4234
S214024F9032D1DAF80030A34208BFCAF80070BBF17B
S214024FA0000F01D0CBF800702046E7F79BFB3C468B
S214024FB035444CB10027A379E67903F10C01F61AC1
S214024FC02144F6B24D45CDD3A5EB080003B0BDE8AB
S214024FD0F08F121AD2B2F918914209DA0C30204434
S214024FE0D21BD21A014438440193FFF734FB019BCB
S214024FF0E279D31AE371C7E7A3462468D8E70846DE
S214025000E4E72046E2E710B5C4790246C4F1450358
S214025010D8B2884228BF08460444D47110BD38B5B9
S2140250200546C079C0F14504E4B2944288BFD4B2C2
S2140250300C3022462844FFF74FFBEB7920462344E8
S214025040EB7138BD1FB503910021009103A9FFF74C
S21402505062FF05B05DF804FB13B501240094FFF768
S2140250605AFF02B010BD38B50446206800B938BDF4
S2140250700568E7F737FB2560F7E7034610B501F04A
S214025080EC0103B910BD1A7902F013020A431A7131
S2140250901A1A544254415A7964F300025A711B6830
S2140250A0EFE710B558B1016802685AB1136823B128
S2140250B05C79E40704D5002414600360084610BD3A
S2140250C00360F1E71346F8E720B1006810B14379B0
S2140250D0DB07FAD57047034658B10020DA7999798A
S2140250E01B68521A50FA82F01BB15A79D207F5D5CC
S2140250F07047704770B50D460446E8B186798E4211
S21402510003D3751A8571012070BDC27906F1450375
S2140251109B1ADBB299420FD806F10C010144921B8E
S214025120A81BD2B20844FFF796FA0023A371E379CC
S2140251301D44AD1BE571E6E70020E5E710B50C4619
S21402514098B191B18979E279C379521AC3F14503CC
S214025150D2B2DBB2934208D30C312144FFF75FFF91
S2140251602046E7F7BFFA012010BD0020FCE7034601
S214025170006818B102681A6000230360704703468D
S214025180002003B97047DA7999791B68521A50FAE7
S21402519082F0F6E72DE9F84F894614468246FFF775
S2140251A0EEFF05464846FFF7EAFFA542074601D34B
S2140251B0A04208D2BD4208D10024A346A0462646F5
S2140251C047B9384604E02746F6E738D24FF0FF30B4
S2140251D0BDE8F88F5EB99AF806809AF80760A6EBE3
S2140251E0080608F10C08D044DAF800A0F6B2BBF1C3
S2140251F0000F0BD199F8064099F807B0ABEB040BF9
S2140252000C344C44D9F800905FFA8BFB5E45354669
S21402521028BF5D46BD4228BF3D4621462A46404637
S214025220FFF709FA0028D3D1A8442C447F1BEDB21D
S214025230761BABEB0505F6B25FFA85FBC0E70120ED
S214025240C6E703680BB9016070471A461B68002B55
S214025250FBD111607047036803B10B6001607047B1
S21402526039B10B461A461B68002BFBD10368136044
S2140252700160704770B5046806460D4644B1204684
S214025280FFF77DFFA84211D8236813B9E379A3710B
S21402529070BD20463360E7F725FA3468F4E7ED1A66
S2140252A0236820463360E7F71DFA3468002DEFD0F6
S2140252B0A279E3799B1ADBB2AB42F0D92A44A271F7
S2140252C0E6E7F8B5066805460C4646B13046FFF7EF
S2140252D056FFA0421DD8336813B9F379B371F8BDEF
S2140252E030462B60E7F7FEF92E68F4E706463846A6
S2140252F00768002FFAD1C2798379D31ADBB2A342A8
S21402530002D9121BC271EAE7E41AE7F7EBF93EB1DB
S2140253103760002CE3D028680028E0D00026E7E7B4
S2140253202E60F6E7F8B504460F46BC4200D1F8BD3B
S214025330A179E5796D1AEDB2C5F14506B6B20EB998
S2140253402468F2E749B10C312A46214404F10C00E4
S214025350FFF781F90023E571A3712368BB42EFD002
S2140253605A79D207ECD49979DD79A0796D1AEDB223
S214025370B54228BF3546E2790C3010440C312A4635
S21402538019442044FFF7A8F9E379206853FA85F315
S214025390E3718379761B53FA85F5C379EDB2AB4296
S2140253A0B6B2857103D103682360E7F79BF9002E36
S2140253B0D3D1C5E738B50C46016809B9046038BDD3
S2140253C00D4609680029FBD1236823B12046FFF762
S2140253D0A9FF2C60F3E721462846FFF7AFFE002818
S2140253E0EDD1F6E748B1002302794360036083609B
S2140253F04379027143F00403437170470022114659
S214025400E7F7F0B938B504460D46FFF773FE98B9CC
S21402541084B12079FFF7F2FF58B163794279C3F37A
S214025420400363F3410245235D1B04604271C3716E
S214025430857138BD0120EDE72046FAE738B50368E6
S21402544004460D469BB11879FFF7D8FF88B123684A
S214025450427903605B79C3F3400363F34102452359
S2140254605D1B4271C37185712060002038BD01202A
S214025470EAE71920FAE738B50C46054640B3006855
S21402548030B309B9002038BD4AB9C9B2FFF732FEB7
S2140254900028F7D12B689A799871A41A06E0452954
S2140254A018D8C9B2FFF726FE0028EBD1442C07D83D
S2140254B0002CE7D02846E1B2BDE83840FFF7BEBF71
S2140254C045212846FFF7BAFF0028DCD1453CEDE728
S2140254D02220D8E72120D6E72DE9F84390F8078066
S2140254E090F806900446A8EB0907FFB2B9420D46AB
S2140254F002D30020BDE8F8830079FFF77FFF064657
S2140255000028F6D0A17980790C317F1B29440C3013
S214025510BAB221443044FFF7DFF8F37901203B4466
S214025520F371E37999444D442368A5EB0805E571C8
S21402553033602660DEE7F8B5076806460D463C4649
S214025540002305B12CB90BB100221A60346038462C
S214025550F8BDE379A2799B1ADBB2AB4207D8E379AE
S214025560A2799B1ADBB2ED1A23462468E9E72046A5
S214025570E9B2FFF7B1FF0028F1D10746E7E7531873
S214025580452B02DCC9B2E7F72DB900207047F7B504
S214025590002605460F4601960DB9019C09E0002239
S2140255A038461146E7F71EF9044628B901A8FFF760
S2140255B05AFD204603B0F0BDAB798371EA79C27119
S2140255C068796179D21A60F300016171697960794C
S2140255D0C1F3400161F34100607103F10C00291828
S2140255E0D2B22044FFF778F8019B03B9019406B1C2
S2140255F0346026462D68CFE72DE9F74F0C469046D5
S2140256008146002854D0002C55D0E279A579521B49
S214025610D2B29A4204D90C351D444646254440E08F
S21402562024689B1AEFE7E77999F807000C372744B6
S2140256307F1BB7423B4628BF3346C0F1450B5FFA95
S2140256408BFB5B459A4628BFDA460C305246294603
S21402565048440193FFF740F899F80720574552440B
S214025660019B89F807205544A6EB0A0605D05B4540
S2140256700CD2002ED7D1002618E02468ECB1E279CD
S214025680A579AA42F9D00C352544F0E7002EF2D0CF
S214025690002299F804001146E7F7A4F8C9F80000BA
S2140256A08146002EE7D0B9F1000FBCD1A8EB060068
S2140256B003B0BDE8F08F2046FAE7002EF6D1DAE70F
S2140256C02DE9F8430D461446064610B319B3DAB16F
S2140256D0034699461B68002BFBD12746C8463A4626
S2140256E029464046FFF79BFCC145A7EB0007054449
S2140256F018BFC9F8008037B10022B1793079E7F7D0
S21402570071F8C14618B9E41B2046BDE8F883804606
S214025710E5E70446F8E70C46F6E737B51546C9B29C
S21402572000221C46E7F75EF8019040B12246294661
S214025730FFF7C6FF844202D901A8FFF794FC01983E
S21402574003B030BDE7F7F4B94843E7F7F1B9FEF71F
S2140257502AB8212802D10846E7F70ABAE7F75ABA62
S214025760512802D10846E7F703BAE7F753BA4FF0D3
S214025770FF30704700207047704770470020704720
S21402578000207047002070474FF0FF30704711200E
S21402579070470020704701207047002070470020A5
S2140257A07047002070470020704770477047704768
S2140257B008B5E7F7E1FEBDE808403120EEF7DABAB1
S2140257C038B500F12C050446284603F0D6F950B148
S2140257D094F8203013F0180F05D02846BDE838405C
S2140257E0002103F0DBB9A06A38BD38B504462C3078
S2140257F003F0C3F994F8213001288CBF43F0080364
S21402580003F0F70384F821302046FFF7D9FF054658
S21402581003F019FB94F82030228CC3F38001C3F303
S21402582040039B0043EAC10394F8211042F400525D
S214025830C1F3C00143EA0113017842F0080201F005
S21402584023010B430370437803B122842846BDE844
S214025850384003F0FDBA2DE9F04790F823300646AB
S214025860012B0D4602D90020BDE8F08790F82030C3
S21402587003F0010369B983B996F8213013F00C0FCF
S2140258804AD196F82030DA0742D56B1E5842584164
S214025890EAE7012901D1002BEED13046347EFFF72C
S2140258A08FFF03F0D0FA0778417817F020070CBF75
S2140258B002310331204618BFA02703F086F996F876
S2140258C021308146590754BF022196F8241004F16C
S2140258D0FF3348BF0231012B9CBF013189B22046FB
S2140258E094BF4FF0A0084FF0000803F06EF982460E
S2140258F0F468E7F7D3FEA4F59673A3EB0903DB1B64
S214025900A3EB0A03A3EB08031B1A002BABDDB3E7DA
S214025910B5FA85F04009A7E70120A5E75328F8B5B0
S2140259200C4615D009D8232800F0EA80512800F04A
S214025930C880BDE8F840FFF73BBF5628F9D191F87A
S2140259402030DA075CBF23F0100381F82030F0E73E
S214025950E7F7B0FC054600220221EDF727FEAB680A
S2140259600646D80735D494F82330013384F823301A
S21402597094F82630013384F826300026012120468A
S214025980FFF769FF0746C0B194F82030D80740F108
S214025990818094F8213059077CD404F12C0003F05E
S2140259A0ECF8012894BF00230123580094F8221033
S2140259B0E7F7AAFB2046FFF718FF2846E7F7B8FCEA
S2140259C0032E69D1284603F071F92B7B84F8273021
S2140259D064E0002394F8212084F8233042F0100378
S2140259E084F82130317894F82030C1F38001C3F373
S2140259F08000814218D083F0040343F0100184F83B
S214025A00201042F05002090784F821200CD523F01A
S214025A10080343F0100304F12C0084F8203003F04E
S214025A20C4F83320EEF7A6F9327894F82030C2F3A1
S214025A30C001C3F34003994228D194F82130D2061C
S214025A404CBF43F0040303F0FB0384F82130737861
S214025A50B3B994F8203083F0020384F82030327809
S214025A6097078AD072789AB143F0200384F82030E0
S214025A7094F82130032643F0200384F821307DE792
S214025A802846E7F7F9FA0028E3D176E7012675E714
S214025A90022673E7022089E7002E96D194F8213079
S214025AA0DA070AD494F8202043F00103D60748BF49
S214025AB06A6884F8213048BF2260002F3FF439AF6D
S214025AC0F8BD91F82030084623F0300381F82030E4
S214025AD091F8213043F0020381F82130FFF770FE7F
S214025AE003F0B1F900212046FFF7B5FE00283FF487
S214025AF020AF94F822100120BDE8F840E7F71ABB61
S214025B0091F82030DD06DBD518070BD46568E7F779
S214025B10C5FD2D1AB5F57A7FD2DB2046BDE8F840E2
S214025B20FFF763BE91F821301907EFD504F12C0078
S214025B3003F023F80128E9D9C2E7EEF7D1BB0A2819
S214025B4002D80130C0B27047242801D80230F9E7E3
S214025B50252805D0262805D0272818BFFF207047FD
S214025B60002070470C20704708B5EEF7BFFB20B147
S214025B70BDE808402020E7F783BF08BD704770479E
S214025B80704770478B6918470023037070470020E0
S214025B9070477047704770474FF00000704700200C
S214025BA070477047704700207047002070470020FB
S214025BB070470020704700207047002070474FF063
S214025BC0FF307047704770470020704770470020CC
S214025BD07047704770477047704770477047704706
S214025BE07047F5F79DB8F5F7A3B8F5F7BBB8E1F738
S214025BF0A7BC704708B5E7F7F3F918B1BDE8084047
S214025C00E7F74ABF08BD2DE9F8430E6A05460C467B
S214025C101EB106600020BDE8F883088B4B8B184443
S214025C20E7F742F9286090B32046E7F781FBD5F8FC
S214025C3000800A2198F806704046FFF7E4F90C3710
S214025C40A37B08EB070989F80730637B314689F89E
S214025C500630628B238B20461344A9F80830237B38
S214025C604FF6FF7289F80530636848F807302B68EC
S214025C70E7F790FB238B628B1344984201D1266090
S214025C80C8E72B681BB12846FFF7EDF92E601920EE
S214025C90C1E7EEF725BB10461946704737B50C46E6
S214025CA005460DF1060101A8E7F79EFF43F6FF73CE
S214025CB09C420DD047F6FF739C4209D0BDF90430D2
S214025CC09C42B8BF1C46BDF906309C42A8BF1C4683
S214025CD0AC8103B030BD704770470020704700208B
S214025CE07047704711207047002070477047704712
S214025CF0002070477047002070470846896BEBF714
S214025D007DBF0020704710B5044609B1012010BDC2
S214025D10406C80B9A06C98B9B4F850309B07F5D1A6
S214025D202046EBF7F3FCFFF744FF0028EFD0C079DC
S214025D30C0F34010EBE7FFF7D2FF0028EAD0E5E712
S214025D40FFF7DFFF0028E7D0E0E710B50446FFF7CD
S214025D50DAFF002814BF18200020B4F85030990645
S214025D6058BF40F001005A0648BF40F040005B07AB
S214025D7048BF40F0020010BD38B50C46002105466B
S214025D80FFF7C1FFD0B9E00615D504F0180095F864
S214025D907430012B11D12B6AB5F85020190444BF78
S214025DA002F04001084312F0230F06D15B0448BFFD
S214025DB040F0010001E004F05B0038BD1820E6E781
S214025DC070470020704770470020704700207047D9
S214025DD01120704770477047002070472DE9F04742
S214025DE005460F46114691469A46FFF7AEFF95F8CE
S214025DF084608046042E04D195F88E30032B18BF9B
S214025E00032695F87440042C04D195F86930032BC8
S214025E1018BF032441462846FFF7AEFF0021E8F7E5
S214025E2069FCC11C204603F02EF94FF4FA737C1E5F
S214025E305C43A5F8520018F0100F80B207FB00442E
S214025E400BD0B5F8503004F5487703F00303012B66
S214025E5006D0022B1BD083B13C462046BDE8F08715
S214025E602421304603F00FF910210546304603F090
S214025E700AF904F58A672F4407444846FFF77FF974
S214025E8031460246404600F07AF93C18E5E70E2114
S214025E90304603F0F8F805465046FFF770F93146EB
S214025EA00246404600F06BF904F58A642C4404442A
S214025EB0D3E7032810B50C460DD004D8012810D01D
S214025EC0022813D010BD552818D05628FAD10B7DBB
S214025ED023F008030B752046BDE810400021E8F7C2
S214025EE051B80846BDE81040E8F768BAEBF796FAEC
S214025EF08442E7D1BDE81040E7F73EBB0846BDE85E
S214025F001040E8F739BA51280B4603D1012118464A
S214025F10E8F738B8FFF7CDBF512802D10846E8F7B0
S214025F202BBAFFF7C6BF532810B50C4617D008D8B1
S214025F30322814D051280CD02146BDE81040FFF775
S214025F40B8BF5528F8D12046BDE810400121E8F731
S214025F5019B80120BDE81040497DE7F7EBB82046A6
S214025F60E8F796FA10B1E7F707FBECE710BD70B555
S214025F7004460AF031F9002106462046EBF7F8FC03
S214025F80054628B9002430460AF021F9204670BD9D
S214025F90406C30B9A86C0028F4D0FFF7B2FE044675
S214025FA0F1E7FFF79CFE04460028ECD1F2E708B5BD
S214025FB000F0C5FEBDE808404FF480500021EEF721
S214025FC00BB883790C33C218937813F03F0004D0D1
S214025FD0D378194214BF01200020704773B54FF4DE
S214025FE040758DF807108179C580002507260C318B
S214025FF04552455C441866F30305455402F0010118
S2140260009207A27848BF41F0020161F38712A2709C
S2140260109DF8072002B92BB101220DF10701FEF708
S214026020FEFF0123A27863F30502A27002B070BDE0
S21402603070B50D4602210446FFF7C3FF00B3A079F0
S21402604000F10C02A35CA1186FF3C713A354E37903
S214026050D5F862601B1AD8B20E5051FA83F3B5F81F
S2140260606610204699802B6A062113F00C0F1EBF7D
S214026070A35C43F08003A354BDE87040FEF7C3BFA1
S21402608070BD38B50D4604210446FFF79AFF30B1BD
S2140260902046A91D0122BDE83840FEF7C0BF38BD24
S2140260A0F7B504460F4616461D460DF107010133A5
S2140260B001228DF80730FFF703FB0DF107010122DD
S2140260C020468DF80770FFF7FBFA2A46314620462F
S2140260D003B0BDE8F040FFF7F3BA37B50D4604212A
S2140260E00446FFF76EFF78B140F2FF23ADF80030AA
S2140260F000238DF80230AB886A46ADF80330FF21E4
S21402610005232046FFF7CCFF03B030BD38B50D4659
S21402611008210446FFF755FF38B1204605F18C01E9
S2140261200222BDE83840FEF77ABF38BD2021FFF7CD
S21402613048BF37B50C4640210546FFF742FF50B12F
S2140261400A2394FBF3F4012228460DF107018DF889
S2140261500740FEF764FF03B030BD10B58479C379FB
S21402616004F10C021B1B02390244D8B251FA83F323
S21402617053709378033860F30503937010BD70B5BF
S21402618005460E4600F06B0000211446E8F7B2FA08
S21402619054FA80F4FF2C05D821463046BDE87040FC
S2140261A002F071BFFF21304602F06DFF05F0400598
S2140261B0FC3D00F5487061190446FF2904EB000314
S2140261C004D8304602F05FFF204470BD1C462944C6
S2140261D0F3E708B50231C0B202F055FF00F5FA70D7
S2140261E008BDF0B50546DDE905460020E07112F06F
S2140261F0100001D1A071F0BD0122A2718A78500967
S214026200C540ED0725D54D7802F01F0245EA022566
S2140262100A7891F9001025270029B4BF4FF4967129
S2140262201E21694302F03F05B5FBF7FCB1F5FA7F84
S2140262300B442CBF0121022107FB1C55013025719E
S2140262406071E171236026B112F0400318BF052386
S21402625033700320CFE737B50246136A084603F0C9
S214026260020403F48055DB0705D47CB902F074FD02
S214026270204603B030BD4CB9B5FA85F4D2F85B10AF
S21402628064090160B2F85F208280F1E7019092F91A
S2140262905A30B5FA85F4009300231A461946184672
S2140262A0FFF775FA6409E3E770B50E460121044666
S2140262B0FFF787FEA0B1A279E37902F10C059B1ADB
S2140262C0611951FA83F13046FFF7C5FF635D062177
S2140262D060F3861363552046BDE87040FEF793BE12
S2140262E070BD2DE9F04F064685B015469DF838205C
S2140262F08B4603929A469DF83C40FFF773F80321BB
S21402630096F80680039A08F10C0806EB080707F1D0
S2140263100309F970381D82B9BCB902F01DFD07F1F8
S2140263200A03BBF1000F15D1ADB9DAF80020C7F8A1
S2140263300A20BAF804209A801AE034B9109B33B1C6
S2140263401B687B60109B9B8883800124E7E702F032
S21402635013FDFAE775B30393FFF709FA039B0021CF
S214026360CDE90003012308461A46FFF710FA012575
S21402637007F11001A1EB090101F03F021146531C7F
S2140263807B7016F80830A40103F00F0344EAC51424
S2140263901C4306F808403046BA700331FEF733FE57
S2140263A0082216F8083062F3030306F8083005B030
S2140263B0BDE8F08F0125B8E7CB08C25C012301F0E7
S2140263C007018B401A4214BF012000207047704715
S2140263D07047024619460020E7F7B4BC0020704713
S2140263E00020704707B500214FF0FF336A46084683
S2140263F000938DF80430E8F7E9F903B05DF804FB82
S21402640038B50546006808F0A6FC0446287900F070
S2140264101F0008F0A0FC2044C0B2012894BF002050
S214026420012038BD013903291FD8DFE801F002092F
S214026430101712B190F90000704790F901007047EA
S21402644012B190F90200704790F90300704712B13A
S21402645090F90400704790F90500704712B190F960
S2140264600600704790F9070070477F20704770B5A6
S21402647005460124012221462846FFF7D3FF0022C3
S214026480064621462846FFF7CDFF864205DC013444
S214026490E4B2052CEED1104670BD1220FCE710B512
S2140264A004464FF40050EDF791FD48B12046E8F758
S2140264B05FFA1A2806D041F20903984204D028B996
S2140264C0002010BD0720FCE70920FAE71F20F8E7A6
S2140264D02DE9F74F80464FF400500E469246EDF7F0
S2140264E075FD002842D040460125E8F7F1FA731EF2
S2140264F0DBB29D40032E0446EDB23AD145F00805C4
S21402650027460023062240F2EC4B02FB03F914F85E
S214026510091045FA03F000F0010021F00C010133E6
S21402652041EA800104F809100020D9B20193E8F785
S2140265303DFAA7F802B0B88014F80910019B21F0C2
S214026540030104F80910FF21042B79704FF00602AC
S21402655007F10607D9D10020314684F818A06083D7
S214026560A083E8F723FAE083A8F8320103B0BDE877
S214026570F08F042E08BF45F00405C1E7F8B50446BF
S2140265804FF40050EDF722FD60B32046E8F7A0FA7C
S2140265900622054694F8303104F14801581EC0B26E
S2140265A002FB005094F83121B0F90400E8F720FA13
S2140265B0064609F011FE31460746EE8304F594704E
S2140265C0FFF76CFBB4F93221B5F91E309A4204D0BB
S2140265D04FF400412046EBF76DFE3846BDE8F84022
S2140265E009F0F5BD204601F024FEF8BD10B50C46B4
S2140265F0E8F76EFA447610BD08B5E8F769FA407E09
S21402660008BD10B54C1EE4B2032C07D8E8F760FAB2
S21402661006235C43005DC0F3800010BD0020FCE74B
S2140266202DE9F04F87B088469DF8481015469B46E0
S2140266300746BDF944900591BDF940A0E8F748FA2F
S214026640062308F1FF36F6B27343C25C059965F37A
S21402665000026BF34102C25406EB460200EB420212
S214026660044651703846A2F80290049301F04DFD9C
S214026670049B10F4005FE35C27D1180727D4237E1F
S2140266809A0750D523F00203B8F1030F237648D0B9
S214026690B8F1040F47D103256B1EDBB203EB4303AD
S2140266A004EB43042946B4F902203846E8F720FAF8
S2140266B000EB8000420029463846B4F9043012B294
S2140266C007B0BDE8F04FE8F7DDBF19071ED5BBF1EE
S2140266D0000F18D14FF0020B3846EBF7D5FD5B469C
S2140266E000224146CDE9015ACDF8009080B200F072
S2140266F0D8FABBF1020FC2D106235E43A35D6FF345
S214026700C303A355BBE745F00205E3E7BBF1000F61
S21402671001D045F00205BAF1000FB0D04FF0010BE0
S214026720DAE70425B8E707B0BDE8F08F30B585B0E4
S2140267300546E8F7CDF9437E0446D3B10622013B6F
S214026740DBB25343C25C11070FD56FF3C302C254C8
S2140267502846EBF799FD0023617E2222CDE901331C
S214026760009380B2022300F09CFA237E23F00203F9
S214026770237605B030BD70B505464FF400500E4680
S214026780EDF724FC002841D02121284602F064F9C6
S21402679000283BD02846E8F79BF90622731EDBB298
S2140267A05343C35C04465A0730D50021284601F0FD
S2140267B0FAFC238C984212D9C31A9BB2208483B166
S2140267C0A28B9A4232BF0022D21A92B2A283628B64
S2140267D093428DBF0023D21A6283638301E012D3F1
S2140267E02084A38B93B9284601F095FC43040DD46C
S2140267F028464FF48031EBF75DFD31462846BDE86A
S2140268007040FFF7F3BEC31A013BD6E770BD2DE911
S214026810F8438046E8F75CF9477E06467C1E5FFA38
S21402682084F909EB490400EB440439464046B4F9BE
S2140268300220E8F75DF9051E24D04FF0060323DA9E
S21402684003FB09F3F35C13F0010F1BD1404601F082
S21402685019FD830803F548734008B3FBF0F305EB14
S2140268608505B3836A0039464046B4F9043012B24D
S214026870E8F708FF30B9033F012F9EBF337E43F08F
S21402688002033376BDE8F88303FB09F916F80930EC
S21402689013F0020FD9E7F8B507464FF400500D463D
S2140268A01646EDF793FB10B911263046F8BD2121A6
S2140268B0384602F0BCF80028F6D03846E8F708F961
S2140268C06B1E0446DBB20EB9828BF2B9062202FBBD
S2140268D00343294600223846B3F90430E8F7D2FECD
S2140268E006460028E1D1384601F0CCFC830803F5C1
S2140268F048734008B3FBF0F3033D012DA383D4D8BD
S214026900237E43F002032376CFE72326CDE72DE945
S214026910F74380464FF400500D461746EDF756FBF8
S21402692000286CD029464046002F64D0FFF769FE47
S214026930002864D14046E8F7CBF8032D044661D11F
S214026940037B294643F004030373007E022600F00D
S2140269500100E8F72BF8208206236B43E25C691CF1
S21402696042F00402E254207EC9B200F0010004EBB9
S2140269700309E8F71BF8A9F804000EE04046E8F71A
S214026980A7F8032D04463DD10226037B67F3820354
S2140269900373837C67F3820383742221404602F0EA
S2140269A046F860B3404601F0B6FB030427D5012340
S2140269B0FF2D03FA06F10CBF0023AB4049B218BF05
S2140269C05BB21943C9B2002F49D0062303FB064621
S2140269D0B6F90430012200934046002300F05EFE22
S2140269E0404601F04FFC830803F548734008B3FBAA
S2140269F0F0F3638303E0FFF704FE0028BED103B082
S214026A00BDE8F083042D14D006236E1EF6B273433F
S214026A10E25C04EB030967F38202E2543FB1207E94
S214026A20294600F00100E7F7C1FFA9F80400FF2598
S214026A30B3E7A37C67F38203A3744FB1207E294693
S214026A4000F00100E7F7B2FF02250326E08283E7A3
S214026A50237B022567F38203032623739DE740F216
S214026A60EC43B7E72DE9F0430E4685B00746E8F754
S214026A702FF840F2EC43741E5FFA84F808EB4804E1
S214026A8000EB4404B4F90290054699451FD1012251
S214026A9031463846FFF7FFFE044648B9062303FB95
S214026AA008F3EA5C42F00802EA5405B0BDE8F08357
S214026AB03846EBF7E9FB00232246CDE901330223F1
S214026AC0CDF80090314680B200F0EBF8EDE70623F1
S214026AD003FB08F810F808303846C3F34002C3F345
S214026AE0000545EA4205EBF7CFFB0022EDB2CDE901
S214026AF00152B4F9023000930223E3E7E8F7ACB997
S214026B00002070477047002070470020704710B57D
S214026B10DC1D043383734379C47123F0030343F00B
S214026B2003030E244371012344738371C3730182EA
S214026B30827410BDD31CC371FF23437343798273DF
S214026B4023F0030343F0030343710123C1738371EC
S214026B507047D31CC3713E2343734379827323F079
S214026B60030343F0030343710123C1738371704728
S214026B700F234373042383734379A0F8111023F081
S214026B80030343F00303437140F20173C3800123FE
S214026B90C27303747047D31CC3714379417323F0E5
S214026BA0030343F003034371012382738371704727
S214026BB008B50023FFF7ABFFBDE80840E8F7A4B925
S214026BC02DE9F84380460220894617461E46FEF700
S214026BD015FCD0B10C2343730823837340F60133AC
S214026BE04579C38025F003059DF8203045F003055E
S214026BF04571A0F8108080F81290A0F81370A0F8E3
S214026C001560C373E8F780F90120BDE8F88308B57C
S214026C100220FEF7F3FB30B101221121FFF799FFA4
S214026C20E8F772F9012008BDF8B504460F46164685
S214026C3013211D460922FFF78CFF83790C331C446F
S214026C40A170E77026712B68C4F80530AB88A4F8EB
S214026C500930BDE8F840E8F757B970B50546022096
S214026C600E46FEF7CBFB0446B0B12846EBF7F8FA21
S214026C7001F04BFA142100F001000422A060204625
S214026C80FFF767FFA3790C3323449970A3F80350E8
S214026C905E71E8F739F9012070BD08B507F0D7F83C
S214026CA008BD2DE9F041074602200D4690461E46D5
S214026CB0FEF7A4FB0446E0B109222121FFF749FFB3
S214026CC00A2283790C331C44BDF9183084F80380F9
S214026CD093FBF2F323729DF81C30A7806372BDF912
S214026CE02030A67193FBF2F3E571A372E8F70CF974
S214026CF00120BDE8F08137B50446FEF740FAFF22D0
S214026D00A379C0B20C33E518E254831E6B700D23D0
S214026D10AB70AB791C38012BE8768DF8073009D1B9
S214026D200023E91D1A460DF10700FEF725FD9DF822
S214026D300730AB712046E8F7E7F803B030BD70477E
S214026D4010B5E8F71BF9837900210C33C418E078F4
S214026D50EAF70EFE68B1211D00F0F5FF0446E8F7DB
S214026D6013F9E2B20023BDE8104042F23501FFF704
S214026D70CEBE41F24204F2E72DE9F041E8F7FEF812
S214026D80837900250C33C418E678E8F7F7F8076825
S214026D90E8F7F4F8A6F1FE03594259410560304679
S214026DA0EAF7E6FD3B462946227900F01FFF044635
S214026DB0E8F7EAF82B46E2B242F23701BDE8F041C4
S214026DC0FFF7A5BE2DE9F041E8F7D8F8837900254C
S214026DD00C33C418E678E8F7D1F80768E8F7CEF877
S214026DE0A6F1FE035942594105603046EAF7C0FD56
S214026DF03B462279012100F0F9FE0446E8F7C4F882
S214026E002B46E2B242F23801BDE8F041FFF77FBE00
S214026E102DE9F047E8F7B2F883790C33C4182779DE
S214026E2094F8038027B9B8F1010F27D0EAF742FD9C
S214026E3000260534BE420ADB0025E8F7A5F8EAB2CA
S214026E400023BDE8F04742F23901FFF760BE207822
S214026E50B4F80150A0F1FE035942594194F8039048
S214026E600434EAF785FD60B12A464B464146EAF706
S214026E7059FC05460028E0D10136DBE741F212054F
S214026E80DBE741F24205D8E710B5E8F777F88379F1
S214026E9000210C33C418E078EAF76AFD616800F056
S214026EA06BFF0446E8F770F8E2B20023BDE8104034
S214026EB04FF61941FFF72BBE10B5E8F75FF8837956
S214026EC000210C33C418E078EAF752FD616800F03E
S214026ED06CFF0446E8F758F8E2B20023BDE810401B
S214026EE04FF61A41FFF713BEFE282DE9F843064671
S214026EF0894690461F4616D00220FEF77FFA0446C1
S214026F0090B106221221FFF724FE1223A57920460D
S214026F100C352544AB7085F803902E71A5F80580D4
S214026F20EF71E7F7F1FF0120BDE8F883F8B50746F1
S214026F300E4614461D46EDF7D7F887B13CB936EA39
S214026F4000000AD1002E14BF00201120F8BDB54261
S214026F5003D135EA000300D115B91120F6E724B1B2
S214026F6035EA0000F9D1002DEDE72046EEE700F005
S214026F7046BA2DE9F041E8F701F883790C33C418D4
S214026F80B4F80300EBF76CF90646002840D06779A0
S214026F90E37907F0010817F002070CBF012200226E
S214026FA0A17988F00100FFF7C1FF0546E0B9304637
S214026FB001F063FB0246B8F1000F1ED1A1790378F7
S214026FC001F00F0161F307130370DBB207B9E17931
S214026FD061F3030313705378217A304661F3030397
S214026FE05370E8F7C1FA0546E7F7CEFF2A46BDE832
S214026FF0F04142F23201FFF7BBBD002FEBD1E1793F
S214027000037801F00F0161F3030361F30713E1E76D
S2140270100225E9E77047704738B50446FFF7DEF900
S214027020054658B9C820E6F7F9FDC82202212846C7
S214027030E6F788FE8442A8BF044624B22046E6F756
S214027040EDFDFFF7CBF9BDE83840C8220221E6F78E
S21402705079BEB0F90020B1F900302DE9F3479A4223
S21402706004460D464CDC09F0B7F88046EBF74EFBBB
S214027070002842D1E6F77AFE8246FFF7AFF9C82229
S2140270800221E6F75FFE0DF10601814601A8E6F74A
S214027090ABFD47F6FF73B5F900209A4204BFBDF870
S2140270A006202A80B4F900209A4204BFBDF80430B4
S2140270B02380B5F90000FFF7AFFFB4F900300746AA
S2140270C08342C8BF2080B4F90000E6F7F7FDE7F771
S2140270D06BFD064660B15046E6F7F0FD4846E6F719
S2140270E09DFD404609F073F8304602B0BDE8F087D1
S2140270F0E6F73CFE20802F80F3E741F20C06F0E72D
S2140271002126F1E730B190FAA0F00123B0FA80F020
S2140271108340D8B2704770B5064600F0FCFF80F098
S214027120400402060546C4F3801406D408213046FD
S21402713001F0ACFC08B144F00204EB0506D40B21C6
S214027140304601F0A3FC08B144F00404204670BDAA
S2140271504B1E032B10B50C4602D90023184610BD51
S2140271600329FAD0FFF7D7FF04EA00038443F4D1D9
S214027170F4E72DE9F743044688461746019300F0E4
S214027180CAFFC0F34015204601F077FA2146814631
S214027190284600F0B1FF064607B32046EBF774F820
S2140271A08046204601F06CFA3A460146019B1FFAD9
S2140271B088F0E8F707F92146284602F08DFD2021DF
S2140271C0204600F0AEFF56E8003F43F4805346E800
S2140271D00032002AF7D103B0BDE8F08301A8FDF71C
S2140271E042FF99F80110404601F00F0101F0E1FC60
S2140271F0062818BF01462A4608BF0021204601F08D
S214027200BAF9D8E7032970B506460D4614460CD0DF
S214027210042919D0012915D1222100F0C1FF2846E0
S214027220314602F089FD002070BD136812791B6892
S2140272300021FFF79EFF00222368314601201A60D4
S21402724002F07AFD0120EFE713680C221B68EFE7D5
S214027250012910B504460CD100F05DFF2146C0F3AB
S214027260401000F049FF0023817C1A462046FFF7B3
S21402727080FF012010BD2DE9F7430F46054600F0BA
S2140272804AFF00F02009C0F34018284601F0F5F93D
S214027290BB790C333B445E789B781E400378C3F37D
S2140272A0030000EA13103040FFF72CFF044648B9EB
S2140272B0B9F1000F06D12846FFF72DFF3040FFF741
S2140272C021FF0446284601F0DBF9ECF71FF9A0423D
S2140272D023D01CB30221284600F065FF0021064693
S2140272E0284601F029F81821384602F06AFC38468A
S2140272F0EDF700FCB6B2394644708470A0F803601D
S214027300284602F05CFC2346224629464046009662
S214027310E8F7ACF803B0BDE8F08300242646E2E7BF
S21402732070B504460D4602F037FD28B929462046B8
S214027330BDE87040FFF79FBF402829462046BDE8BB
S21402734070404FF0160314BF2A222322EDF7E4BB47
S21402735038B505460C4600F0DEFE830604D4204609
S214027360BDE83840E5F7BEB921462846BDE83840B4
S214027370FFF781BF2DE9F3418C7906460C340C44A5
S2140273800D4600F0C8FEA17807463046FFF7E0FE3D
S214027390617880463046FFF7DBFEB4F803200346EA
S2140273A00092C7F3401042463146E8F75FF8284697
S2140273B002B0BDE8F041E5F795B908B58B790B4404
S2140273C01B7B162B03D0172B05D0002008BDFFF71A
S2140273D0A7FF0120FAE7FFF7BBFFFAE708B58B79AC
S2140273E00B441B7B162B03D0182B05D0002008BDA0
S2140273F0E8F7D8F80120FAE7FFF7BCFFFAE770478C
S214027400012910B504460FD0033901290AD8FFF71F
S2140274108DF94FF48041204600F083FE214601207C
S21402742002F08AFC012010BD222100F0B9FE4FF4C2
S2140274308041204600F075FE2046FFF777F90020CF
S214027440F1E7022910B504460CD101F019F9002221
S21402745001462046FFF71FFA30B1C31F5842584173
S214027460400010BD0020FCE70120FAE72DE9F047B6
S2140274708B7904460C33CF5C0D46242F86B001EB85
S214027480030600F09F80252F00F0CD80232F40F0CA
S214027490038196F9023003EB83035B00ADF81430E8
S2140274A096F9033003EB83035B00ADF81630002336
S2140274B08DF812308DF8133000F02DFE10F40038DF
S2140274C006D03B463A2229462046EDF725FB63E0E6
S2140274D02121204601F0ABFA10B923232022F2E73D
S2140274E04FF40041204600F018FE40F2EC43BDF98E
S2140274F016209A4202D13B461E22E4E77378DF0743
S21402750051D54046414600E0012101228240934384
S214027510E3D14E1C31462046FFF773F800284CD0C4
S2140275200DF1130301930DF1120300933146204629
S2140275300DF1160305AAE7F7C1FB204600F0EBFDA6
S214027540420448BFFF234FF0240148BF8DF8123093
S21402755028469DF81390BDF91470BDF916609DF883
S214027560128002F02EFB2846EDF7C4FA4FEA4903D2
S21402757003F00203C9F3400943EA090343700A23EE
S21402758097FBF3F796FBF3F68770C67080F80480D5
S2140275902946204602F013FB012006B0BDE8F0871C
S2140275A002210846B1E79E07C3F34000ACD4580751
S2140275B0F6D4190791D50321F3E740F2EC43ADF870
S2140275C01630BAE70146012002F0B6FB204600F06C
S2140275D0A2FD430403D42846E5F784F8DCE74FF41B
S2140275E08041204600F09DFD96F903307E2BF2D0B6
S2140275F02046FFF701F833797278029396F9033042
S214027600014603EB83035B00019396F902302046A2
S21402761003EB83035B000093C2F3400302F0010214
S214027620FEF7FEFFD7E7222101F001FA08B93B4632
S21402763054E796F904307E2B3FF45DAF204601F006
S2140276401CF84FF00109804600234FF0FF0A98F815
S214027650001072785F1C02EA111209FA03F10A425C
S21402766016D0B278CDF808A096F90430204603EB7F
S21402767083035B00019396F90330F9B203EB8303AD
S2140276805B000093C2F3400302F00102FEF7C8FF5C
S214027690042F3B46DBD19EE700207EE72DE9F0472C
S2140276A08A462221804615461F46BDF9209001F0E3
S2140276B0BEF960B30220FDF7A1FE064648B32521B7
S2140276C002F07FFA3046EDF715FA6B0003F002037C
S2140276D0C5F340051D4385700A2540F2EC4397FB2F
S2140276E0F5F79945044680F801A0C7700DD04846C4
S2140276F0E6F7F6FB90FBF5F35BB2404631462371A4
S21402770002F05DFA0020BDE8F0877E23F5E711203F
S214027710F9E70720F7E7830705D410F0040F14BF34
S21402772003200120704702207047022805D0032854
S21402773005D0012806D1EBF77DBFEBF76BBF002023
S214027740E8F732BC704710B1012803D07047012019
S214027750E8F72ABC0020FBE7F7B51F468B1E012B75
S21402776005460C46164613D8FEF701F80023CDE967
S2140277700005F01A18BF01201A463946FEF707F828
S21402778080B1022C0BD1284601F0E6FA002004E074
S2140277900029F8D0012902D0FF2003B0F0BD284608
S2140277A001F0EAFA0120F8E770B50D4600219DF8CF
S2140277B010600446817106F10C014173111E18BF58
S2140277C0012103F00F00237B40EAC11003F04003BF
S2140277D0184320732B469DF8141004F10E00FFF791
S2140277E0BBFF237B0E3660F3861323732B6863611D
S2140277F0AB882383A3793344E37170BD022810B5A6
S2140278000C4608D003280ED0012811D1BDE810403E
S2140278100846E8F7F7BDE9F701FE844208D1BDE85D
S2140278201040E5F7A9BE0846BDE81040E8F7D2BE0C
S21402783010BD002337B505460C4601A84121019329
S214027840E6F768F8019830B1E8F728FA072805D075
S21402785001A8FDF708FC002003B030BD2A462046EA
S2140278600199E8F7A1FFF7E7532810B50C4608D1AF
S2140278700320FFF7DEFF40B92046BDE81040E8F7D8
S214027880A9BEBDE81040E9F74FBB10BD512838B578
S21402789004460D460ED0532810D055384FF001013D
S2140278A018BF0120E8F70AF929462046BDE8384005
S2140278B0E9F73ABBBDE83840EBF746BF0420FFF7CE
S2140278C0B8FF10B92846E8F785FEBDE83840012122
S2140278D00846E8F7F3B8C0F3845303EB830300EBE0
S2140278E0830080B27047F8B500231360047D054616
S2140278F08068FFF7F0FF14F00807034602D00B4437
S2140279006B6004E06E68701AB0EB030C01D40120C1
S214027910F8BD14F0010009D1D5E90374E41B14EB99
S2140279200C0FF5D40B449E1B1660E9E73846EFE7CA
S21402793010B50446E9F7C4FB6168E069E9F74AFC5A
S214027940BDE8104001F045BA38B50C46C94301F00F
S21402795001010546E9F77EFCA30702D4E869E9F7C8
S21402796063FCBDE8384001F034BA10B50446E9F7C6
S21402797071FC2046E9F7A4FBBDE8104001F029BAE5
S214027980007D00F0010070470120704701F005BA43
S214027990FFF75FBB431E032B06D8DFE803F00204A3
S2140279A002040320704704207047FFF7C8B9EAF7BD
S2140279B089B92DE9F04F1646002285B01D469DF87E
S2140279C04830044602939DF860308B460393139B1F
S2140279D09DF83870B3F90030DDF840800193139BB0
S2140279E09DF850A01A8082699DF85890002A40F0AF
S2140279F0FA8005F01C021C2A04BF0626B346E806D7
S214027A0000F1A98005F00302032A08BF05F0FD0570
S214027A1005F0F70505F01402142A40F0A080AA0625
S214027A2000F1AB809DF86400FFF7B4FF1AF0020F76
S214027A3084F8690040F0A4801AF0040F00F0A280D7
S214027A4000F0FD00012814BF032104219DF8680000
S214027A5084F87410FFF79EFF19F0020F84F88E0068
S214027A6040F0928019F0040F00F0908000F0FD00C4
S214027A70012814BF0323042384F884300020019ACB
S214027A80E6F760F9EB068146A4F8540008D4FEF740
S214027A90A5FC019A94F88410E6F754F9A4F8540069
S214027AA0B4F95430139A4946138004F16C00FEF779
S214027AB0F5F847F6FF7104F17C00FEF7EFF894F84C
S214027AC08410606CFEF70DF9FF22236A84F85A20B0
S214027AD0039A23F09F03236212B143F0100323623A
S214027AE005F01803182B02BF236A43F080032362B3
S214027AF0236A680723F0600323620CD4029AD10734
S214027B0044BF43F020032362029A236A920744BFCB
S214027B1043F040032362236AA4F8505023F007037D
S214027B20236204F16202B8F1000F31D0D8F80010D7
S214027B30C4F86210B8F8041091809DF83C20012A1F
S214027B4002D143F004032362012F26D1236A43F0B5
S214027B50010323622EE04FF00109CA465AE70022CB
S214027B602046A16AEAF7FAF840F27122724390427E
S214027B707FF655AF41F2450032E005F0FC0551E7CD
S214027B80022163E7012161E7022375E7012373E718
S214027B90C4F86280A2F80480D6E7032F07D1236ACE
S214027BA043F001032362236A43F00203D1E7023F54
S214027BB0012FF8D9FDF7C1FF9DF85C30C0F30B002A
S214027BC040EA03309DF84430A4F88C00A4F84CB088
S214027BD02046A4F84E6084F8583000F06DF9002074
S214027BE005B0BDE8F08F41F20C00F9E72DE9F3414C
S214027BF0884617460446019338B901A8FDF733FABA
S214027C0041F2420002B0BDE8F081012922D00229E9
S214027C1011D091B98369D3B900F128054FF40076E3
S214027C20B4F85030D9061FD55A0728D501A8FDF753
S214027C301AFA0020E6E7406C28B901A8FDF713FA05
S214027C4041F20C00DEE71946FEF74CF8DAE700F1DF
S214027C503005E3E7836923B900F12C054FF480660B
S214027C60DEE700F13405F9E79B0708D5B8F1000F07
S214027C7005D101A8FDF7F7F941F21200C2E7236A1F
S214027C80F80723EA0603236202D52846FDF7EBF936
S214027C90019921B12846FDF7D4FA002301932868FA
S214027CA0FDF76DFAB4F85030D90605D51F2801DC69
S214027CB0032F18D02846DDE740F27262904205DDB7
S214027CC02846FDF7D0F941F207009BE7B8F1000F0E
S214027CD009D1BF2807DD9A0705D02846FDF7C3F964
S214027CE041F245008EE72046D4E90C12EAF736F850
S214027CF0A36983B140F27122B4F84C3053439842E0
S214027D0009D9B4F84E308342E7D300F51C70B0FBB5
S214027D10F2F0A4F84C0008F05FFAA369054673B1C6
S214027D20BB070CD5236A334323626368C3F57A76AE
S214027D30E5F7B4FCF04202D52046E9F775FB284683
S214027D4008F045FA75E783693BB1B0F85030DB07B7
S214027D500FD490F85930FE2B0BD0036A43F400532D
S214027D6003620B68C0F85B308B88A0F85F30002097
S214027D70704741F20C007047A0B1CB0742BF036ABE
S214027D8043F4805303628A0742BF036A43F4804384
S214027D9003624B0701D400207047036A43F4004392
S214027DA00362F8E741F242007047A0B1CB0742BF38
S214027DB0036A23F4805303628A0742BF036A23F4EA
S214027DC0804303624B0701D400207047036A23F402
S214027DD000430362F8E741F24200704738B50446B2
S214027DE008300D46ECF7F0FCE9F718FB844202D1A6
S214027DF02220EBF7BFFF85F0010100252046FFF7A2
S214027E00A3FDE06BA56110B1EAF7ECFCE56304F1B3
S214027E104000BDE83840FDF726B970B590F85930F5
S214027E200446FE2B09D15B3000F0A6FF00F09DFF52
S214027E3018B1236A43F40053236242F20103256A0F
S214027E402B40012B35D0AB072CD5C5F3800504F1AA
S214027E506206002231462846FDF796FC002184F889
S214027E605A00FDF7A4FC314600222846FDF791FC95
S214027E70B4F8501018B194F95A00002814DA236A9C
S214027E8023F002032362B4F8502002F00302012A10
S214027E9008D131462846FDF77CFC18B1236A43F028
S214027EA008032362002070BD01F00101FDF77FFC8C
S214027EB0E9E741F21200F6E738B5044608F08CF915
S214027EC0D4E90A1205462046E9F748FFB4F84C10F2
S214027ED0B4F84E20E060521A40F2712101FB020310
S214027EE003F59C53083328462361BDE8384008F062
S214027EF06EB9036A10B5044613F4606023D09A057F
S214027F0007D504F12800FDF7AEF8236BA362002321
S214027F102363236A5B0507D504F12C00FDF7A3F85B
S214027F20636BE36200236363236A204623F4606381
S214027F302362FFF7C1FF0120B4F88C305A1C62F3AB
S214027F400B03A4F88C3010BD036A0B4303624FF098
S214027F508050F2F787B810B5044619B390F8562049
S214027F608AB190F857300133DBB29A4280F8573024
S214027F7009D10121FFF732FF4FF480312046BDE8D8
S214027F801040FFF7E1BF236ADA050BD5636A626821
S214027F909B1A002B06DA01212046FFF71FFF4FF43B
S214027FA08021EBE7236A1B0624D4FDF7C6FD1123C6
S214027FB0B0FBF3F394F9682003EB0313C01A83B201
S214027FC012FA80F0102888BFC3F110035BB2083A99
S214027FD01A4484F8682040F27121B4F84C202046F6
S214027FE01A44636801FB023301216360BDE8104056
S214027FF0FFF7BBBC0023EEE7C94350E8003F0B4047
S21402800040E80032002AF8D1704738B505460C46DB
S214028010FEF7E6F920B149F640439C4228BF1C46CB
S214028020EA68A2420BD240F27121B5F87E304B4389
S214028030934238BF1346A34228BF23461A462A61F4
S21402804038BD03469A6A4830920505D5D3F82821EA
S214028050B3F84010E6F70EBC93F87310E6F700BCD0
S21402806000207047012070470020704770470020AC
S214028070704770477047002070470020704770476F
S214028080704770477047002070470020704770475F
S2140280900020704701207047C820704700207047B4
S2140280A07047012070477047704790F8892010B5D6
S2140280B0531C03F00F03072B28BF0023044663F369
S2140280C00302034480F8892083F8821090F88930EE
S2140280D06F2B4FEA13129EBF013262F3071380F82A
S2140280E08930FFF7E1FF204694F83011FEF743FB94
S2140280F010BD70477047704710B101F1B00070476D
S21402810001F1D4007047F8307047806A7047836A7E
S2140281100B4383627047C06A7047C36A0B43C362ED
S2140281207047C36A23EA0103C362704700F59C7076
S214028130704790F8891008B50F2904D909098230CA
S21402814002F075F908BD7F20FCE770B540F2712693
S21402815006FB01F345685643826A1D44D20704466D
S21402816045600ED500F14405294690F84220ECF70A
S2140281708DFB334629462046BDE87040012201F0B9
S21402818087BC05EB5605456070BDD0F8A40000B963
S214028190704743799B0701D40068F8E701207047CF
S2140281A080F87B10704738B504460D46EAF76CF83F
S2140281B080B2FFF75CFF80B14288022DB4F840001F
S2140281C011D0032D0BD0012D06D1A38FA26B1B015C
S2140281D0B3FBF2F3184480B238BD0122EDE74FF448
S2140281E07A43A26BF4E7E38F5B00073313FB0200CC
S2140281F0F1E738B5044601F049FE04F1A400FCF7A5
S21402820032FF04F1A800FCF72EFF04F1AC00FCF7E5
S2140282102AFF2046EAF738F8C4B22046FDF7C3FC28
S21402822005462046FDF7C1FC01462846FDF7BAFC86
S21402823038BDB0F8343110B5A0F832310446EAF74A
S21402824023F8C0B2FFF728FF94F8303194F83121B2
S21402825004F14801FEF7BDF8014604F59470FDF7F7
S2140282601DFDB4F93221B4F934319A4209D0A36A19
S214028270DB0406D52046BDE810404FF40041EAF77D
S21402828019B810BD806B7047836A0A4600F1480130
S214028290C3F34020E6F79ABA38B504460D4642B90B
S2140282A0836A23F4405309B143F480530020A36247
S2140282B038BDE6F773FC48B1A36A23F440530DB108
S2140282C043F48053A36243F40053EFE71120EFE731
S2140282D02DE9FF41836A0446DB0428D5B0F93481D0
S2140282E0B0F932710020E5F741FD8045CCBF00258C
S2140282F00125FEF773F8C82294F83011E5F722FD3F
S21402830006462046E9F7C0FFB045B4BF0026012660
S214028310002345EA4605CDE90085A8EB07073FB2EC
S21402832002971A4694F8301180B2FEF7BAFC04B0EF
S214028330BDE8F0818A307047F8B504460E4600293B
S2140283405AD040F27123876B30465F43A7F28A27E2
S2140283507F08394600F042FC94F89230851FADB291
S2140283609D4239463046A8BF1D4600F037FC94F8B9
S2140283709320831F9BB29342A8BF1346F21E012A84
S214028380B4F88A10B4F88C202BD8B1F5296F44F2D1
S2140283909020B8BF4FF429618142A8BF0146B2F5CA
S2140283A0296FB8BF4FF429628242A8BF02461B2D2E
S2140283B0B8BF1B251B2BB8BF1B23304684F895304D
S2140283C084F89450A4F88E10A4F8902000F006FCCE
S2140283D0831F9BB2AB42A8BF2B46DBB284F8963013
S2140283E0F8BDB1F5A47FB8BF4FF4A471B2F5A47F6F
S2140283F0B8BF4FF4A472DAE71B23EFE72DE9F34187
S214028400876B490089B28F42044616461D4639D00C
S21402841040F271224368816302FB073302FB113389
S2140284204360E9F731FF4FF0000887B23346424611
S214028430012138460195CDF80080FFF720FE384628
S214028440FFF725FE41463846FFF71AFE0123E18F65
S214028450A28FB14218D09542E68700D0A587A38F97
S214028460A26B1B01B3FBF2F3204694F83011A4F87A
S214028470A030FFF761FF0421204602B0BDE8F041BC
S214028480E9F718BF0023E2E79542E7D1A26AD207CE
S214028490E5D5002BE3D102B0BDE8F081F0B585B09A
S2140284A004460E466A4600F18A0300F19207154614
S2140284B018685968083303C5BB422A46F7D11868BC
S2140284C0314628609B882046AB80FFF735FF9DF833
S2140284D00B2094F895309A4211D1BDF80620B4F8D4
S2140284E090309A420BD19DF80A2094F894309A4222
S2140284F005D1BDF80420B4F88E309A4207D04FF466
S2140285008141204605B0BDE8F040E9F7D3BE05B08C
S214028510F0BD37B5044694F89250BDF818008D4267
S2140285200BD1B4F88A50954207D194F893509D42E5
S21402853003D1B4F88C5085421BD08DF80610ADF8E6
S2140285400420019D84F8921084F89330A4F88C00DD
S21402855094F830112046C4F84051A4F88A20FFF758
S2140285609DFFB4F88E30A4F88A30B4F89030A4F8A0
S2140285708C3003B030BD70B5044616460D4690F8F2
S2140285803031B1B1994214D00122FEF7C0F9294622
S21402859000222046FEF77FF92946204684F830510D
S2140285A0FFF77CFF2046BDE870404FF48441E9F7B0
S2140285B081BE19462046FFF771FF002EF2D170BD2C
S2140285C030B4C56A15F0040F0DD145F00405C56236
S2140285D080F89E10A0F89A204FF4006130BCA0F8F4
S2140285E09C30E9F767BE30BC704710B511B190F801
S2140285F09E400C7012B1B0F89A10118013B1B0F808
S2140286009C201A80C06AC0F3800010BDCA0742BF11
S214028610836A43F4807383628B0742BFC36A43F064
S2140286204003C3624A0742BFC36A43F08003C36281
S2140286300B0742BFC36A43F48073C3627047CA071C
S21402864042BF836A23F4807383628B0742BFC36A86
S21402865023F04003C3624A0742BFC36A23F0800383
S214028660C3620B0742BFC36A23F48073C3627047B8
S214028670836A43F480638362704700F5A270704792
S21402868090F830017047F8B5044607F0A5FD656816
S2140286900646E5F703F82B1AB3F5FA7304D5304607
S2140286A0BDE8F84007F093BD40F27122A16B94F842
S2140286B074505143B3FBF1F3B4F8402098B2121A47
S2140286C0A4F8402094F8732000FB1522252592FB7F
S2140286D0F5F705FB1722002AB8BF521984F8732053
S2140286E0B4F8A020121AA4F8A020626800FB112297
S2140286F0002120466260FFF738F9D0E7F0B5036B39
S21402870004469B0790F87B6087B001D5FFF771FDA2
S214028710236BDF0700F14081236B9D0411D52046B1
S214028720E9F7B2FDA16AC0B2C1F34021FEF795FA9D
S214028730002800F056814FF4005104F13000FFF794
S2140287405BFC236BD90409D500212046EAF7B6FA6A
S2140287504FF4805104F13000FFF74EFC236B5A05AC
S21402876013D52046E9F790FD002394F89F50C2B235
S21402877019462846FEF7B8FB002800F032814FF46F
S214028780806104F13000FFF737FC236B5B0712D5DC
S2140287902046E9F779FDA16BA38FE28FC1F34F0163
S2140287A080B200F0A3FF002800F01B81042104F130
S2140287B03000FFF721FC236B1F070AD5204601F085
S2140287C0EBFC002800F00D81082104F13000FFF7D1
S2140287D013FC236BDD0617D52046E9F755FDE16A43
S2140287E080B211F4805100F00F81002101F013F8DD
S2140287F0002800F0F680E36A102123F48053E36237
S21402880004F13000FFF7F8FB236B580613D5204619
S214028810E9F73AFD94F87B3080B20093D4E9082356
S21402882000F0DCFF002800F0DC80402104F130007C
S214028830FFF7E2FB0026236B190516D52046E9F75B
S21402884023FD00230093B4F89C30B4F89A2094F8E1
S2140288509E1080B2FEF7B4F9002800F0C2804FF4F2
S214028860006104F13000FFF7C7FB236B13F4804569
S2140288702FD19A0513D52046E9F706FD2B462A4640
S21402888094F8301180B2E6F79DFD002800F0A9802A
S2140288904FF4007104F13000FFF7AEFB2E46236B57
S2140288A01B0616D52046E9F7EFFCB4F8903080B2E6
S2140288B0009394F89530B4F88E2094F8941000F053
S2140288C0DCFF002800F08D80802104F13000FFF7E5
S2140288D093FB236B9F060FD52046E9F7D5FC94F849
S2140288E07B1080B200F0AEFF00287AD0202104F17F
S2140288F03000FFF781FB0026236BDD0508D504F167
S21402890030004FF48071FFF777FB204601F0D8FA6B
S214028910236B180408D504F130004FF40041FFF72A
S2140289206BFB2046E6F752F9236BD90308D504F110
S21402893030004FF48031FFF75FFB2046FDF767FFFC
S214028940236B9A0308D504F130004FF40031FFF789
S21402895053FB2046FFF7A7FB236B9B0718D5002285
S21402896020461146FFF79DFB2046FFF79CFB20465C
S214028970E9F78AFC94F87B1080B201F019F880B30C
S21402898004F130000221FFF737FB2046E9F72AFF01
S214028990012084F87B6025E0A76AF807C7F38035D4
S2140289A022D5002D0CBF012503252046E9F76CFCD5
S2140289B094F89F30294605930023049394F8423096
S2140289C0C7F340020393A38F80B20293E38F01930F
S2140289D0A36BC3F34F03009304F1750300F0A6FEE6
S2140289E020B9002007B0F0BD6D00DEE7012104F1DA
S2140289F03000FFF701FB50E8003F43F4005340E825
S214028A000032002AF7D187E600F01CFFF0E608B530
S214028A100220FCF7F3FC10B100F0B0FF012008BD05
S214028A20826A002122F0C0028262EAF747B9012375
S214028A3010B5A1F12002C1F1200423FA04F403FACE
S214028A4002F222438B40D0E9084123400A401343F6
S214028A5014BF0120002010BDC36A10B5044613F0EF
S214028A60080012D00123A1F12002C1F1200023FA4E
S214028A7000F003FA02F202438B40D4E908010340F5
S214028A800A40134314BF0120002010BD10B50C4647
S214028A90C9B2FFF7E1FF70B1EBF720FBC4F1200289
S214028AA0A4F12003E04001FA02F2104321FA03F394
S214028AB0184300F0010010BD70B504460E46ECF7F0
S214028AC0A9F807F089FB05460221204684F87B6058
S214028AD0E9F7F0FB20460121FEF736FF2846BDE8FF
S214028AE0704007F074BB70B50D46044607F074FB81
S214028AF006462046E9F766FB304607F068FB29463D
S214028B002046BDE87040FFF7D7BF0B68C0F840317B
S214028B10704738B540F64805D0F840310C460B6031
S214028B209BB2AB4204D90B21FFF7B0FF08B92580F0
S214028B3038BD44F290232380FAE708B5E9F706FD2C
S214028B4000F0CCFB00F00BFBEBF764FFECF7C6FC87
S214028B50BDE80840ECF72ABD38B50546FDF723F810
S214028B6004462846FDF721F8214602460220FDF774
S214028B7029F838BD002303827047037C427C981A8A
S214028B80C0B2704710B5037C427C5C1C9A1A04740F
S214028B9003F0030340F82310D0B210BD437C1944FF
S214028BA001F0030150F821007047437C01334374FF
S214028BB07047022808D0042803D0012818BF0620D0
S214028BC0704701F00101C81C704710B50C46EAF761
S214028BD0B3FC0279408804FB020010BD10B50C46B7
S214028BE0EAF7AAFC4388A3429BBFE41A0379002053
S214028BF0B4FBF3F010BD2DE9F0410F4604462421E4
S214028C0018461E4615469DF8188000F03CFAC31911
S214028C10B8F1000F37D1033E012E94BF0322022281
S214028C2040F27126520006FB023342F2107260894D
S214028C3041007143A1F2E2469642A8BF16466A1A5E
S214028C40921BD21A002AC2BFB2FBF1F202FB011239
S214028C50AD1AEA1A09D55242B2FBF1F707FB011C1C
S214028C6001FB1722654402B96D1AEB1A8B4240F2D9
S214028C70E2470AD8B3FBF7F3022298B2E2712081E8
S214028C802846BDE8F0810122CAE75B1ABB42B8BF9C
S214028C903B46B342A8BF3346B3FBF7F107FB11339B
S214028CA0CAB2002BEAD00132D2B2E7E7002337B5C8
S214028CB0044601A80193E4F731FC054640B9A368CF
S214028CC0322043F00403A360019B2362EBF752F8C1
S214028CD0284603B030BDEBF7D1BA37B50546EBF7F9
S214028CE0F3FA04462DB12B680360AB88A38003B069
S214028CF030BDFCF77CFF0322CDE900010DF1050132
S214028D000DEB0200FBF7A7FC0098BDF804302060CC
S214028D10ECE738B50546EBF7D7FA044607F05CFAF7
S214028D202B68A360AB88A381A37943F00103A371E8
S214028D3007F04DFA012038BD38B50C460546EBF76C
S214028D40C3FA014605B1083106222046FBF773FC3A
S214028D50B0FA80F0400938BD10B50446EBF7B4FA15
S214028D60036823608388A38010BD08B5EBF7ACFACE
S214028D70807900F0010008BD10B50446EBF7A4FAAE
S214028D80836823608389A38010BD50E8003F0B43AD
S214028D9040E80032002AF8D1704770B50E461546F4
S214028DA0E9F7FCFB044648B93046E8F74BFE0446B2
S214028DB020B92846EBF76AFC044640B10020E9F7E2
S214028DC0EDFB0020E8F73EFE0020EBF75FFC2046B6
S214028DD070BD4FF40010F1F745B9FFF77EBF1128BA
S214028DE008B502D0122805D008BD1320BDE80840F9
S214028DF0EAF7C0BFEBF7E2F9EBF75EFAEBF72AF811
S214028E001420F3E7EAF762BF08B5EAF715FFBDE8F4
S214028E1008401120EAF7AEBF132808B502D014287E
S214028E2009D008BDEBF750FAFFF755FFBDE808403A
S214028E301220EAF79FBF0020EAF736FFBDE8084097
S214028E40F9F71FB8704783790C3318447047704798
S214028E50002337B5044601250193204601A900F0F8
S214028E602AF908B903B030BD01982A468379C17938
S214028E700025C91A0C33C9B21844E4F739FDECE7E9
S214028E800B7810B40478C3F38013B3EBD41F09D164
S214028E9032B9023106225DF8044B0830FBF7CBBB31
S214028EA00431F7E74FF0FF305DF8044B704729B105
S214028EB043780C2B0CBF0320FF207047FF2070471F
S214028EC070B586B004469DF828600B9D11B9FF2048
S214028ED006B070BD62B9012204A90DF10F00FCF7BD
S214028EE060FCD0B9204610F8021BC1F3801117E0CF
S214028EF0002BF0D129463046FCF742FC0028EAD186
S214028F002378C3F38013B342E1D106222946A01C7C
S214028F10FBF791FB0028DAD1DDE79DF80F1004A8D5
S214028F20E9F782FC0028D2D10123218B0093084660
S214028F30638BA28B00F0C5FD0028C8D0627D531E4D
S214028F40072BC4D8238B9342C1D9E28A9A42BED851
S214028F50A37F5BB9E37F4BB994F8203033B994F81A
S214028F6021301BB994F822300F2BB0D994F8233055
S214028F701B3303F01F030B2BA9D80520A8E71FB548
S214028F800023CDF80A30ADF80E30D0E90023CDE943
S214028F9000230389B0F90C00ADF80830E4F7F4FEBC
S214028FA06846E4F7CFFB05B05DF804FB1FB5002367
S214028FB000F00F008DF80A0001A801918DF8083024
S214028FC08DF809208DF80B300393FCF713FE05B0DD
S214028FD05DF804FB1FB5CDE9001200228DF80B30B8
S214028FE08DF8082000F00F03C0F340128DF8092018
S214028FF08DF80C30C0F3001243068DF80A2001D516
S214029000E4F778F86846E4F7B7F805B05DF804FBCD
S21402901030B5002489B00D9D8DF8081000950C9D82
S214029020079404A98DF81C006846CDE90544CDF8DE
S2140290300A40ADF80E4001958DF809200493E4F736
S214029040FBF8012009B030BD1FB50023CDE9003181
S21402905001238DF80830C0F340138DF80930C0F3B1
S21402906000138DF80A3000F00F038DF80C3043061B
S2140290708DF80B2001D5E4F73DF86846E4F77CF856
S21402908005B05DF804FB10B50C4608B9E4F7F0FC31
S2140290902146BDE81040FFF798BD0B6803B118687B
S2140290A0086010B14379DB0703D5003818BF0120EA
S2140290B070470068F4E70B6813B908600120704730
S2140290C01868086020B1407900F00100C0F1010084
S2140290D000F001007047F0B587B00D4616468DF8D1
S2140290E0070002B9A3B329469DF80700FCF755FB13
S2140290F00446B8B929469DF80700FCF754FB40BB66
S21402910016B39DF80710003918BF012128460DF145
S2140291100F02EBF77BFAF8B99DF80F40013418BF3F
S214029120012416E004AF012239460DF10700FCF7D0
S21402913038FB04464EB19DF80730191E18BF0121B0
S214029140002818BF3D46E1E70124FCF713FB00B9EF
S2140291500124204607B0F0BD4FF0FF34DEE770472B
S21402916070B515460E461C46FEF7CDFF2B684EB16F
S21402917003606B6843602368C0F825302368C0F834
S214029180153070BD83606B68C3602368C0F82930F1
S2140291902368C0F81930F4E770B50546FEF7B3FF4A
S2140291A0044607F019F8064640212846FEF7AFFFA8
S2140291B04FF400612846FEF7B0FF304607F007F886
S2140291C00023284623612375236284F82430FEF7A1
S2140291D09CFF802310F0010F14BF237584F82430FF
S2140291E070BD10B50446FFF71BFC2046BDE81040D4
S2140291F01021E9F75FB810B504464FF46061FEF738
S21402920090FF2046BDE81040FFF70ABC7FB5064631
S2140292100C46FEF778FF4FF4C06105463046FEF76F
S2140292207CFF4FF400613046FEF77BFF4FF4806010
S214029230EAF7CCFE224670B969462846EBF7A2F951
S2140292406B4605F1100213F8011B02F8011DAA4233
S214029250F9D104B070BD6C4602F1100623461068C0
S2140292605168083203C3B2421C46F7D1E8E737B565
S2140292700D46ADF80420FEF746FF044600F1200333
S214029280024601992846EBF7A5F8236A01332362C2
S21402929023B994F82430013384F8243003B030BD67
S2140292A037B50D46ADF80420FEF72DFF01990446AA
S2140292B0024600F110032846EBF7F8F830B12369AE
S2140292C00133236113B9237D0133237503B030BD07
S2140292D041F0004141F4E02101607047704710B54B
S2140292E0E6F700FB0446FCF771FD2043C0B210BD52
S2140292F010B5E5F743FE83790C3318444479B0F889
S2140293000300E8F7ADFF60B12146EBF759FF0446CC
S214029310E5F73AFEE2B240F20641BDE81040FDF73C
S21402932027BC0224F4E770B5E5F728FE83791844D3
S214029330B0F80F5006F050FF04462846E8F790FFB4
S21402934080B11621FFF7CFFB0025204606F03FFF2F
S214029350E5F71AFE2A46BDE8704000234FF60441A0
S214029360FDF7D5BB0225F0E710B5E5F707FE8379D2
S2140293700C33C418B4F80300E8F772FF70B1D4F8DF
S2140293800510FFF743F90024E5F7FEFD2246BDE887
S214029390104000234FF60541FDF7B9BB0224F3E760
S2140293A010B5E5F7EBFD83790C33C418B4F8030067
S2140293B0E8F756FF70B1D4F80510FFF740F900241D
S2140293C0E5F7E2FD2246BDE8104000234FF60641CF
S2140293D0FDF79DBB0224F3E7F8B5E5F7CFFD8479E8
S2140293E005460C340444B4F80300E8F739FF064691
S2140293F040B9E5F7C9FD0222BDE8F84042F2130182
S214029400FDF7B6BBAB79E97903F10C020220CB1A61
S2140294102A440021FCF781F9014618B9E5F7B4FDA4
S2140294200722E9E78379033383713046B4F80D5097
S214029430B4F80F70EBF76AFE04463A462946304601
S214029440E9F71CFAE5F7A0FD2246D5E738B506F09F
S214029450C3FE0446FFF743FF00280CBF0C25002579
S214029460E5F792FD2A4642F20E01FDF7A1FBE6F76A
S214029470D7FD2046BDE8384006F0A9BE2DE9F04FDC
S2140294808FB0E5F77BFD42F2850390F8069007461B
S21402949009F10C0930F8092000EB09049A42026827
S2140294A00CD10021E3782679FF2B016004F1050434
S2140294B0079227D1FF2E06D0122514E00023FF269E
S2140294C0036003340792EAF70FFE637A33EA000278
S2140294D035D1184010F0050FEED006F11003DBB2BE
S2140294E00E2B29D84225079B13B107A8FBF7BBFD15
S2140294F0E5F74AFD2A4637F80910FDF739FB0FB0A3
S214029500BDE8F08FFF2E01D11E46DCE703F1100204
S214029510D2B20E2AE6D986F080027E2ACCD90596E9
S2140295201E46E9F70BF9804658B9079B13B107A800
S214029530FBF799FD0725DBE7FF230593F1E71125E6
S214029540D1E7FFF7CCFE38B1079B13B107A8FBF7AC
S2140295508AFD4FF00C0B2EE0637803F0FD03012B1F
S2140295600AD1FFF702FC38B9079B13B107A8FBF72D
S2140295707AFD4FF0120B1EE004F1030A5146A01CBE
S214029580FCF713F95046A178E9F74EF9054630B1D3
S214029590079B13B107A8FBF766FDAB460BE0FF2E51
S2140295A021D03046FCF718FC834648B1079A12B120
S2140295B007A8FBF758FD4046E9F714F95D4697E71A
S2140295C007AA6378CDE901A2A27831460092404606
S2140295D0059AFCF7FDFB079A8346002A47D1BBF1A2
S2140295E0000F85D0E7E7637A8DF820008DF82330E8
S2140295F023788DF82130A3788DF82230DAF80030FF
S214029600CDF82530BAF80430ADF8293063788DF8F5
S2140296102430079B9A790C32134459791A7942EA14
S2140296200122ADF82C20D9799A7942EA0122ADF8C6
S2140296302E20597A1A7A42EA0122ADF83020D97AD7
S2140296409A7A42EA0122ADF83220597B1A7B42EA24
S2140296500122ADF834209A7BDB7B414642EA0323A3
S214029660024608A8ADF83630E6F7B0FDB3E707A81D
S214029670FBF7F9FCB3E710B5E5F780FC83790C330A
S2140296800344B3F80300B3F80510C0B2E9F70CF9C7
S214029690E5F77AFCBDE81040002342F224011A46A0
S2140296A0FDF735BA70B5E5F769FC83791844B0F86A
S2140296B00F60B0B2E8F7D4FD80B9E5F765FC7F2508
S2140296C0044602220323204641F20541FDF71FFA13
S2140296D0A3790C331C44E680257270BDFEF729FD83
S2140296E045B2E5F751FC00220446EBE72DE9F843C4
S2140296F081460220884617461E46FBF77FFE044632
S21402970090B10A220321FDF724FA0023A579204608
S2140297100C352544EB70A5F80490A5F806802F8139
S2140297206E81E5F7F1FB0120BDE8F8832DE9F043F1
S214029730814685B002200E461F469DF844808DF86D
S2140297400F20FBF75BFE0546002844D02222292183
S214029750FDF7FFF90022AC7930460C342C4404F1B4
S2140297600E0304F11401C4F80E209A80626122836B
S21402977000913A460DF10F01FBF7FFFF9DF84030CE
S214029780A4F80490E37006F00103A3719DF80F306D
S21402979016F0FD0FE3713B68A360BB88A3814FF60A
S2140297A0FF7304D0032E08BF43464FF0FF08BDF8F0
S2140297B0302028466283BDF8342084F82180A283B4
S2140297C0BDF838206384E2839DF83C2084F820208C
S2140297D0E5F79AFB012005B0BDE8F083F8B5074629
S2140297E0022016461D46FBF709FE044690B10C22DF
S2140297F00421FDF7AEF9A1799DF818300C31214409
S21402980020468F80C1F80660C1F80A50CB70E5F793
S2140298107BFB0120F8BD70B5064602200D46FBF71D
S214029820EDFD044668B103223021FDF7B4F9A379B1
S21402983020460C332344A3F803609D70E5F764FBCF
S214029840012070BD70B5064602200D46FBF7D6FD18
S214029850044688B104220821FDF79DF9B5FA85F27F
S214029860A37952090C3323442046A3F803605A71A5
S2140298709D70E5F749FB012070BD2DE9F84381464E
S2140298800220884617461E46FBF7B8FD0446B0B1CE
S2140298900B220721FDF75DF9A579BDF820300C35BE
S2140298A025442046A5F80390A5F80580A5F807707C
S2140298B0A5F80960A5F80B30E5F726FB0120BDE800
S2140298C0F883F8B5074602200E461546FBF796FDC6
S2140298D00446A0B10D220521FDF73BF9A3792046E7
S2140298E00C332344A3F80370A3F80D602A68C3F868
S2140298F005206A68C3F80920E5F706FB0120F8BDD3
S2140299002DE9FF4116466A4680460F4615460A9CD2
S21402991003F1100E9446186859680833ACE8030041
S21402992073456246F6D124B90220FBF767FD04466A
S21402993008B31D22ED212046FDF7FCF8A3790C336F
S2140299402344A3F80380A3F80D702EB13268C3F83F
S21402995005207268C3F809200F3304AE2A4603CAEC
S214029960B24218605960154603F10803F6D1204644
S214029970E5F7CAFA012004B0BDE8F08113B5132159
S214029980827901900C32841881544FF44072C2805E
S214029990E9F7C8FAA07020B901A8FBF764FB02B089
S2140299A010BD8000013060700198E5F7ADFAF6E769
S2140299B070B5064602200D46FBF720FD044678B138
S2140299C004220521FDF7E7F80022A37920460C338E
S2140299D02344A3F803605D719A70E5F795FA0120B7
S2140299E070BD13B5837901900C33C418C05CE8F7D8
S2140299F037FC20B901A8FBF736FB02B010BD63782E
S214029A00019913F0300F0CBF012200228B79043328
S214029A108B714B7962F300034B71E9F74FF9ECE770
S214029A202DE9F041E5F7AAFA83790C33C418B4F8A5
S214029A3003801FFA88F0E8F713FC054600B3A27904
S214029A406179FEF729FC0646E5F79EFA07460223E9
S214029A50324642F27A01FDF75AF8BB7938463B4461
S214029A60A3F81280E5F750FA46B9A37933B128462F
S214029A70FEF706FE01462846FCF7F4FFBDE8F08135
S214029A800226E1E74368143B4360A0230B6070475D
S214029A901AB94268A2EB530242600A6802EB8302DA
S214029AA00A60704713B504210DEB0100EBF72AFE9E
S214029AB0019C2046EAF738FF0028F4D0204602B080
S214029AC010BD884210B51BD8052819D9B1F5486FC4
S214029AD016D8B3F5FA7F13D240F67644A2F10A00FE
S214029AE080B2A0420CD8BDF8080001339BB24343B3
S214029AF04B435B00B3EBC20F94BF0120002010BDA6
S214029B000020FCE7C94350E8003F0B4040E8003223
S214029B10002AF8D17047002070472DE9F04104462C
S214029B200E4600250127214685F00100FEF7E4FADD
S214029B304FF48051FFF7E6FF8368804633B9384614
S214029B400DB1BDE8F08101250746ECE7028AB24274
S214029B5006D100220121204698470028EFD1EFE7E0
S214029B600268D10502D500221146F4E79307E6D52E
S214029B702046FEF70AFB02460028E0D10521D8F867
S214029B800830E8E708B5FEF7D1FA00230380436001
S214029B9008BD70B506460C4606F01EFB0546304666
S214029BA0FEF7C4FA30B103781C4304704FF4007019
S214029BB0F0F758FA2846BDE8704006F008BBE9F709
S214029BC07DB807B542798DF8071022F0030242F0FD
S214029BD00302427140F203320DF10701C2800122F4
S214029BE0FBF71DFA03B05DF804FB70B50C4605469C
S214029BF0072120461646FFF7E4FF2046EAF77AFFDB
S214029C00214646702846BDE87040E9F757B838B591
S214029C100C4600210546FEF7C6FA47F6FE73241ADE
S214029C20A4B29C4205D928462821FEF745FF00200B
S214029C3038BD0120FCE738B504460D460146002033
S214029C40FEF75AFA03689B0505D429462046BDE866
S214029C503840FFF7DCBF002038BD2DE9F04115463D
S214029C601F469DF81880FEF747FA044606F0B4FA37
S214029C70B8F1010F064623D154E8003F43F480733F
S214029C8044E80032002AF7D105B354E8002F42F424
S214029C90007244E80023002BF7D1FF212046FFF78D
S214029CA031FF54E8002F48EA020244E80023002B62
S214029CB0F7D13046A5602782BDE8F04106F087BAA4
S214029CC04FF480712046FFF71DFFDDE74FF4007169
S214029CD02046FFF717FFE0E773B5064601200C465D
S214029CE0FEF70AFA002305461A4600932146304636
S214029CF0FFF7B3FF6B6863B14FF480712046E8F755
S214029D00D9FA55E8003F43F4007345E80032002ACA
S214029D10F7D106F061FA05462046FEF707FA28B1A3
S214029D2003881BB14FF40070F0F79CF9284602B086
S214029D30BDE8704006F04BBA38B505460C46FEF74D
S214029D40DBF983684BB10221204600229847214660
S214029D502846BDE83840FFF7BFBF38BD012938B5F1
S214029D6005460C4608D0CC1E012C03D8014601201D
S214029D70FFF7E2FF012038BD2221FEF711FA204646
S214029D802946FFF7D9FF0020F5E708B5FEF7B4F934
S214029D90006800F0F00008BD10B501460446012038
S214029DA0FFF7F3FF20B92146BDE81040FFF7EDBFED
S214029DB010BD70B506460D4601460120FEF79CF919
S214029DC0314604460020FEF797F92268036842EA05
S214029DD00301C90523D4920549BF248A4FF6FF74AE
S214029DE0641BA4B29B0554BF4FF6FF73038A30462A
S214029DF044BF5B1B9BB29C42A8BF1C46FBF7DFFE20
S214029E00002804DB411B89B28C42A8BF0C464FF6E1
S214029E10FF739C4208BF4FF0FF34204670BD0124FA
S214029E20FBE72DE9F3410446019101460120154660
S214029E30FEF762F9214606460020FEF75DF98046E7
S214029E402046FEF762F9010706D501A8FBF70BF9D3
S214029E500C2002B0BDE8F08106F0BEF93368074672
S214029E609A0503D4D8F800309B0509D50199301D10
S214029E708D60FBF7E6F9384606F0A9F90020E8E718
S214029E8006F0A5F920460199A847E2E738B501464B
S214029E9004460120FEF730F905460C30FBF7E3F8DE
S214029EA0281DFBF7E0F821460020FEF725F90446B8
S214029EB00C30FBF7D8F8201DBDE83840FBF7D3B8C6
S214029EC070B5014605460120FEF716F9064604302F
S214029ED0FBF74DF9044670B14FF400713046FFF7B8
S214029EE011FE21462846A368984720B12046BDE8C1
S214029EF07040E2F7F7BB70BD00238260C0E9003114
S214029F00704708B50B4601461846FEF7F5F8006896
S214029F10C0F3402008BDFFF721BFCB1E012B70B552
S214029F2004460D46164606D81A21FEF739F9402190
S214029F302046E8F7BFF9324629462046BDE870407B
S214029F40FFF70CBF38B504460D46FEF71EF928B1DA
S214029F50012D04D122212046FEF722F9002038BD29
S214029F60F8B50C468B7907460B44D3F80D60D3F848
S214029F7011303246E8F7F2FD09212046FFF721FEAE
S214029F802046EAF7B7FDA579EAF7A8F80C3566F099
S214029F90FF0625440640C5F80160EAF79FF83846F2
S214029FA0C5F805102146FFF70AFE02213846FFF7DC
S214029FB0F0FDF8BD70B50E46054601460020FEF7D8
S214029FC09BF8012E044603D0022E11D0012070BD4C
S214029FD0C16828468B7919440D31FEF755F9E068B9
S214029FE0E2F780FB00202946E060FFF775FEEDE70A
S214029FF0C068E2F777FB0023E360E7E738B50D4673
S21402A000044601460120FEF777F8012D08D100F13B
S21402A01012012046FEF738F921462846FFF75CFE75
S21402A020012038BD08B5FEF776F800F0010008BD3D
S21402A03038B50C4602210546FEF76FF80C2120467D
S21402A040FFF7BFFD2046EAF755FD4FF0FF3383705A
S21402A0500223C3700F234370602303710623214635
S21402A06043712846BDE83840FFF7A9BDF8B50C464F
S21402A0700546FEF74AF800F0010787F00107294671
S21402A0803846FEF739F80646C068012C837903D0B5
S21402A090022C20D00120F8BD0C33C4182389284690
S21402A0A0E288A188FEF7AAF9618862784900520020
S21402A0B0284689B2FEF749F8F068E2F713FB002358
S21402A0C028464FF48031F360FEF72BF829463846CF
S21402A0D0FFF702FEDEE7E2F705FB00234FF48031CE
S21402A0E02846F360FEF71DF8D4E7042910B50446A7
S21402A0F001D0002010BDFEF708F800F00100C0F104
S21402A1000200E9F763FF0028F3D1FBF777F901466F
S21402A11008B90220EEE72046EBF71CF80028F8D133
S21402A1200120E7E72DE9F0410F4604469046FDF789
S21402A130ECFF00F0010585F0010521462846FDF7F3
S21402A140DBFF012F064603D0032F0FD001200BE0C2
S21402A1502046FFF750F822212046FEF721F828462F
S21402A1602146FFF7E9FD0020BDE8F081C068E2F76E
S21402A170B9FA00232046F360FFF73DF8204698F828
S21402A1800410FEF70DF820462021E8F793F8214642
S21402A1902846FFF7D1FDD9E7F7B501460446002069
S21402A1A0FDF7AAFF054600F112074FF48060E9F7B3
S21402A1B00DFF50B92046E8F767F83A46698B80B239
S21402A1C003B0BDE8F040FFF77CBB2046E8F75CF83A
S21402A1D0064620466D8BFDF796FF00220346009248
S21402A1E029463A46B0B2FFF78BFB03B0F0BD837840
S21402A1F01A2B09D81B2383700288B2F5A47F07D2D4
S21402A2004FF4A473038007E0FB2BF5D9FB23F2E798
S21402A21044F290239A42F5D87047F0B50446CA79BC
S21402A2208B7987B043EA0223ADF80C308B8803A8FB
S21402A2308DF80E30CA788B7840F6480543EA02233A
S21402A240ADF810300B8805A98DF81230FFF7CFFF56
S21402A25004A8FFF7CCFF2046FEF75BFC0B21204646
S21402A260FEF714FC44F29023002818BF1D46BDF8E2
S21402A2700C709DF80E30BDF81460BDF810209DF8E5
S21402A28016009DF81210AF42D4BF00970095FB2B24
S21402A290A8BFFB23B242A8BF32468142A8BF0146EE
S21402A2A02046FEF736F907B0F0BD37B51446054628
S21402A2B01046FFF786FC2046EAF71CFC01A9044676
S21402A2C02846FEF726FC0B212846FEF7DFFB6FF03A
S21402A2D004036370002344F29022A37040F64803FE
S21402A2E0002818BF1346A4F803309DF80630A4F8D9
S21402A2F00530BDF80430A4F8073003B030BDFFF7D0
S21402A3002DBD022973B505460C4603D0002420460F
S21402A31002B070BD0521FEF78AFB0028F6D0E8F7EA
S21402A320C9FA1B28F2D94FF40040E9F74FFE00287D
S21402A330ECD1FBF763F806460028E8D0284601A9C8
S21402A340FEF7E7FB314628469DF80630BDF80420A6
S21402A350EBF742F90028D9D10124D8E71FB54A1EE7
S21402A360042A03460C465FD8012902D1008804B0AD
S21402A37010BD022905D100885B88984238BF18466E
S21402A380F5E74A00014601A8FAF7A6F9032C07D119
S21402A3900023ADF80A304FF6FF73ADF80C3001E03B
S21402A3A0042CF8D0BDF80620BDF80430934284BFD2
S21402A3B0ADF80630ADF80420BDF80A30BDF80C2022
S21402A3C0934288BFADF80A20BDF80A2088BFADF8D0
S21402A3D00C30BDF80430934288BFADF80A30BDF8A1
S21402A3E00620BDF80C309A4288BFADF80630BDF89C
S21402A3F00820BDF80630934284BFADF80830ADF8A9
S21402A4000620BDF80A30BDF808209A4288BFADF88B
S21402A4100830BDF80820BDF806309A4238BFADF8BD
S21402A4200830BDF80800A2E74FF6FF709FE74A1E05
S21402A430062A13B503460C4600F2AF80012903D163
S21402A44090F9000002B010BD022907D190F9000071
S21402A45093F901309842B8BF1846F3E70A46014618
S21402A4606846FAF739F9032C0AD180238DF80330AF
S21402A4704FF4FF43ADF804307F238DF8063009E031
S21402A480042CF5D0052C03D180238DF80530F3E794
S21402A490062CF1D09DF900309DF905209342C4BFE9
S21402A4A08DF800208DF805309DF903209DF90030C7
S21402A4B09342C4BF8DF803308DF800209DF9013019
S21402A4C09DF906209DF900109342C4BF8DF8012025
S21402A4D08DF806309DF904209DF902309342C4BFE0
S21402A4E08DF802208DF804309DF90120BDF8003069
S21402A4F091425BBA9DF90520C8BFADF800309DF9C0
S21402A50003309342C4BF8DF803208DF805309DF9C1
S21402A51006209DF902309342C8BF8DF802209DF9AD
S21402A52002109DF90320C8BF8DF80630BDF8023030
S21402A53091425BBAC8BFADF802309DF903209DF97F
S21402A54006309DF904109A42C8BF8DF803309DF973
S21402A5500520BDF8043091425BBAC8BFADF804309E
S21402A5609DF904209DF901309342C4BF8DF8012065
S21402A5708DF804309DF903209DF901309A42B8BF48
S21402A5808DF803309DF903209DF904309A42C8BF26
S21402A5908DF803309DF9030054E76FF07F0051E712
S21402A5A0012938B504460D4608D12221FDF7F8FDEB
S21402A5B028462146FFF7C0FB002038BD0146012091
S21402A5C0FFF78AFB0120F8E708B5EDF7BFFB00208E
S21402A5D008BD2DE9F0410D46DDE9064816461F4640
S21402A5E000F08BFF012C0AD860B144EA08043B460F
S21402A5F0324629460694BDE8F04102F07DB8212095
S21402A600BDE8F0812520FBE70020704783790C33F4
S21402A610184470471438704710B50446A1F1140068
S21402A620FAF7ADFD201A20EAE07080B210BD70B5D0
S21402A6301C460D461646FFF7EFFFA04207D32246FA
S21402A6403146A5F11400FBF73BF8012070BD00204F
S21402A650FCE770B506460D4614467AB90A46204609
S21402A6600821FAF78CFF044690B92A4608212920C9
S21402A670FAF785FF044658B9204670BD1046FAF729
S21402A680F2FC2046FAF7AEFE08231D44A371E571DC
S21402A690A3790C331C442670EEE72DE9F0411646EA
S21402A6A0069A074688461D46FFF7D3FF0446F8B1CA
S21402A6B014382A4631460690FBF702F8854218D926
S21402A6C0069B06A81C7904F02004FAF7CCFC7CB999
S21402A6D0424608212920FAF752FF069040B12A4640
S21402A6E03146FAF7EDFF854206D906A8FAF7BBFC13
S21402A6F000242046BDE8F081069A93790C33D418DC
S21402A700D754F6E711B11439EBF75EBC1A2070473E
S21402A71038B5002204460D4602200321FFF799FFB2
S21402A720014608B1A0F801502046BDE83840FFF7C0
S21402A730E9BFF8B504460F46164605210120069ADB
S21402A7401D46FFF786FF014638B147704680057101
S21402A7502046BDE8F840FFF7D5BFF8BD38B50D4630
S21402A760032104460846FFF774FFA0F8015001468D
S21402A7702046BDE83840FFF7C5BF73B50546084614
S21402A78011466C891A46641ABDF81830A4B29C4267
S21402A79028BF1C46079B089E00932346FFF77DFFB3
S21402A7A0014630B12846348002B0BDE87040FFF75B
S21402A7B0A9BF1A2002B070BD012110B500220446BE
S21402A7C01320FFF746FF014620B12046BDE81040A1
S21402A7D0FFF798BF10BDF7B54489054618460F46E1
S21402A7E016460193FAF7CBFC053CA4B2844203DA80
S21402A7F0011B01A8FAF765FD05210198FAF702FE8A
S21402A800014628B901A8FAF72EFC1A2003B0F0BDBB
S21402A81083790C33C2181720C8542846A2F8017050
S21402A820A2F80360EBF7D0FBF0E7012110B5002297
S21402A83004461920FFF70DFF014620B12046BDE869
S21402A8401040FFF75FBF10BD73B50E460021448966
S21402A8500546033CA4B2A342009128BF2346032127
S21402A8601B20FFF71AFF014670B1012210F80F3CB9
S21402A870A0F8016062F3071300F80F3C284602B006
S21402A880BDE87040FFF73EBF1A2002B070BD73B538
S21402A8900E46002144890546033CA4B2A342009119
S21402A8A028BF234603211D20FFF7F7FE014638B1D5
S21402A8B0A0F80160284602B0BDE87040FFF722BF4C
S21402A8C01A2002B070BD4B88042B07D1836C08880F
S21402A8D05B8998428CBF0020012070470020704799
S21402A8E010B50C4600F009FE18B1438900202380FB
S21402A8F010BD2520FCE710B50446806920B1002172
S21402A900EDF788FF0023A36110BD07B501228DF87D
S21402A91007100DF10701FAF7D3FE03B05DF804FB4A
S21402A920F7B505464FF428500C4601F053F9064693
S21402A93000F0D2FEB0B3022C02D8002003B0F0BD65
S21402A940002731460DF105030DF106023846ADF833
S21402A950067001F005F8BDF80620631E934206460F
S21402A9601EDC072C1AD9023CADF806400824BDF8B6
S21402A9700630002BE1D00133D9B22846FFF7C5FFD7
S21402A98021462846FFF7C1FF31462846BDF8062075
S21402A990FAF796FEBDF806000230CFE7ADF806706D
S21402A9A00924E4E74FF0FF30C8E702292DE9F34116
S21402A9B004460D461746184603D8002002B0BDE8E6
S21402A9C0F08101F007F9064600F086FE0028F4D072
S21402A9D04FF0000831460DF105030DF10602404620
S21402A9E0ADF8068000F0BCFFBDF80630BDF82020AA
S21402A9F00646934228BF1346AB4228BF2B469DF815
S21402AA000500ADF80630C0B9002BD7D001339AB294
S21402AA109542D3D9D9B22046FFF777FF394620466A
S21402AA20FFF773FF31462046BDF80620FAF748FEC8
S21402AA30BDF806000230C0B2C0E74046BEE707B522
S21402AA4001A9EBF797FB30B9019B586AC0F3C02007
S21402AA5003B05DF804FB0020FAE7002008B5EBF728
S21402AA600BFC08B9FF2006E0C37B012BF7D1436A33
S21402AA70DB06F4D5007808BD73B50E4601A9154667
S21402AA80EBF778FB90B9019A546A14F010030FD0D2
S21402AA90C4F300343470D37B5A1E042A02D8D81E5C
S21402AAA018BF01202870012002B070BD0020FBE70D
S21402AAB01846F9E738B5436A04465B0705D500230E
S21402AAC000781A461946EDF7C5FC636A9D0706D557
S21402AAD02046EBF763FB636A23F002036362636A52
S21402AAE018070DD52146E27911F8010BC2F3C00210
S21402AAF0EDF752FC0546E8B9636A23F00803636281
S21402AB00204600F04EFC0546A0B9626AD10611D571
S21402AB10D30404D5204600F050FA40B11BE01206DA
S21402AB20E37B09D4E37B626A023B012B15D9616A97
S21402AB3048071FD4284638BD03F0FB03012BF6D086
S21402AB4021692078EDF74EFC636A256123F08003C5
S21402AB5063620028E6D00546ECE7D305E7D56169CF
S21402AB602078EDF75BFC00236361636A23F480734D
S21402AB706362D2E7E37BA28D012B03D1A2B1802AC6
S21402AB8028BF802211F0400F94F830304FF00101B8
S21402AB9018BF01232078EDF75DFC0028DBD1636A3D
S21402ABA023F004036362C5E74022EBE7002010B5FA
S21402ABB0EBF762FB044600B910BD636ADA060BD5F2
S21402ABC05B0409D42046EBF74BFA636A204643F04F
S21402ABD006036362FFF76EFF2046E9E713B50C46ED
S21402ABE001A9EBF7C7FA50B9022C07D8024621464C
S21402ABF0019802B0BDE81040EBF75CBB212002B022
S21402AC0010BDF7B50E4601A915461F46EBF7B2FA78
S21402AC10F8B9019C626A93050BD44FF6DF73A6F16E
S21402AC202001994217D8A5F12001994213D8AE42C5
S21402AC3011D8E369B34202D1236AAB4204D0C4E915
S21402AC40076542F0020262629DF82030A78584F80A
S21402AC50303003B0F0BD2120FBE713B50C4601A946
S21402AC60EBF788FA60B963070CD0019B93F83120A2
S21402AC70A24205D05A6A83F8314042F002025A6272
S21402AC8002B010BD2120FBE773B50D4601A90646AA
S21402AC90EBF770FA044678B93046FFF7D0FE2B1E63
S21402ACA018BF0123834207D0019A536A3DB143F489
S21402ACB0006343F002035362204602B070BD23F4E1
S21402ACC00063F6E790F8393037B55B0704460D4661
S21402ACD02AD4EBF7C5F96B1E042B14D8032D12D019
S21402ACE0E379142B22D0A3696BB9684600F053FBB4
S21402ACF0EBF7ECFE6946EDF7F1FC18B91A25284683
S21402AD0003B030BDA061636AE57343F01603636265
S21402AD10EDF744FE2046FFF7CDFE05460028EED0AE
S21402AD202046FFF7E8FDEAE70225E8E72125E6E701
S21402AD3007B501A9EBF71EFA30B90198C17B03B03B
S21402AD405DF804EBFFF7BEBF03B05DF804FB37B552
S21402AD500C4601A9EBF70EFA18B9052C019D02D98B
S21402AD60212003B030BD2869FAF709FA1F28F7D860
S21402AD706869FAF704FA1F28F2D8012CF0D0231FCC
S21402AD80012BEDD9214628466B6A23F482536B6267
S21402AD9003B0BDE83040FFF795BF13B501A9EBF746
S21402ADA0E9F978B9019C636A204623F0500343F020
S21402ADB004036362FFF79FFD204602B0BDE8104021
S21402ADC0FFF778BE02B010BDF7B501A90746EBF74C
S21402ADD0D1F9002843D1019C207800F0E4FA11282A
S21402ADE00546204608BF002500F0DAFA636AD9064F
S21402ADF008D523F0100343F0040320466362FFF7EE
S21402AE0059FE0546FF232370636AA02223F001033E
S21402AE1063624FF4A0730026C4E90723072304F1F4
S21402AE20100084F83130E673E671FAF71CF904F183
S21402AE301400FAF718F92046FFF75DFD40F20113F9
S21402AE40E3857F23314684F832303846A66266624E
S21402AE50EDF7C8FA31463846EDF7E0FA284603B071
S21402AE60F0BD73B50E4601A91546EBF783F9044605
S21402AE7018BB02F0DDFD064222D0054220D046EA8B
S21402AE80050383431CD1012E01D0042E18D16B1E5C
S21402AE90012B01D9042D13D1019B93F82E20B24227
S21402AEA003D193F82F20AA4207D05A6A83F82E605D
S21402AEB042F0020283F82F505A62204602B070BD5A
S21402AEC02124FAE737B5FFF7C8FDFF28044613D05A
S21402AED001A9EBF74FF978B9019D6B6A284623F072
S21402AEE010036B62FFF707FD204605F1340103B03D
S21402AEF0BDE83040EDF76ABF03B030BD13B50C466F
S21402AF0001A9EBF737F930B9022C06D801222146FF
S21402AF100198EBF7CFF902B010BD2120FBE72DE92F
S21402AF20F3410D4601A990461E46089FEBF722F90B
S21402AF30002836D1052D08D86B1E012B05D9052D04
S21402AF4003D008F0010115B171B3212029E0019A5E
S21402AF50936A49B343F02003019C9362A36A18F0F4
S21402AF60020F14BF43F0400323F04003F107626A66
S21402AF70A3621ED5386842F48032A060BB79626252
S21402AF80BA88A373A281636AB2074CBF43F0400338
S21402AF9023F0400343F48053294620466362FFF7BA
S21402AFA091FE02B0BDE8F081019A936A23F0200375
S21402AFB0D2E722F480326262E5E7436A10B50446BD
S21402AFC013F080000CD0E37B2078032B216908D194
S21402AFD0EDF724FA00232361636A23F08003636299
S21402AFE010BDEDF7FFF9F5E773B56E4604464A79EC
S21402AFF030460D460631EBF7ADFD96E80300A4F8A1
S21402B0005010090C11F0800FE06484F8521004F11D
S21402B010530312D00122184605F11201EBF79AFDEE
S21402B0200C35284602F0B5FC28B10122294604F167
S21402B0305A00EBF78FFD02B070BDB4F8501094F8CA
S21402B0405220C4F8530099809A71E9E7002337B575
S21402B05080F8723040F6FF73A0F86E3083680446BC
S21402B060DA040D46C16010D443F480636A46A360D6
S21402B07040F203212046CDE9004503F00BFF0021F4
S21402B0802046EDF7C7FB03B030BD90F87600FFF719
S21402B0904FFEA36823F48053E8E71FB590F87420A8
S21402B0A0044602F0010301908DF808300BB102F05D
S21402B0B002038DF8093094F8753020468DF80A3070
S21402B0C0039102F0E5FB4FF4017101AA204603F05A
S21402B0D0E1FE2046EDF714FC04B010BDEDF772BB9E
S21402B0E02DE9F7430E460446174602F0AFFC36EA51
S21402B0F0000903D0212003B0BDE8F08302F098FCDB
S21402B10037EA000011D0FF2FF4D12046EDF732FBCC
S21402B11005460028EED049460224B0F86E8044F078
S21402B1200C0400293DD0022136E02046EDF722FB32
S21402B13005460028DED017F0010414BF00210221C4
S21402B140B0F86E80B8074FEA440407F004031DD532
S21402B150002BE4D144F00404404641F00801ECF729
S21402B16049FF0028C7D1E4B916F0040206F003032B
S21402B1701ED1310744BF42F0010243F0040300929D
S21402B18000211A462846ECF711FFB4E741F0040105
S21402B190002BE1D044F008044046ECF72BFF0028D1
S21402B1A0A9D121464046ECF73FFF0028DCD0A2E7B3
S21402B1B0022243F00403DCE70A460021ECF7B0BEA5
S21402B1C0826838B5C2F380320446B0F86E000D4687
S21402B1D0ECF774FF20B9A3681DB143F40053A360D3
S21402B1E038BD23F40053FAE7F8B504460E46174670
S21402B1F01D46EBF76BFC2146EDF770FA044698B154
S21402B200002102F0F7FB3A4631462046F6F79AFB53
S21402B210A36843F00103A36040F20313A4F872305C
S21402B220002320462B60F8BD1A23FAE710B5044621
S21402B230B0F80300EDF790FA38B1617909B141F43C
S21402B2408051BDE81040FFF701BF10BD10B504469F
S21402B250B0F80300EDF780FA38B1A17809B141F4ED
S21402B2608051BDE81040FFF718BF10BD10B5044668
S21402B270B0F80300EDF770FA90B1627990F8743086
S21402B2805AB143F0010380F87430A17809B141F451
S21402B2908051BDE81040FFF700BF03F0FE03F2E75F
S21402B2A010BD10B504468088EDF756FAB8B1E278BC
S21402B2B0AAB9E179A27942EA0122A0F86220E17AEB
S21402B2C0A27A42EA0122A0F86420227A617ABDE8D4
S21402B2D0104042EA0122A0F86620EDF711BB10BD2D
S21402B2E010B504468088EDF737FA20B1A179BDE89B
S21402B2F01040EDF727BB10BD532838B505460C465F
S21402B30004D1BDE83840084602F0C0BA0620F6F777
S21402B310D1FB60B96379142D03F03F03637104D047
S21402B320722D07D163F03F036371A57138BD40F2F9
S21402B3300740FBE72120F9E74FF0FF33F7B500930C
S21402B340ADF804308379DA060CD5532B08BF0023F8
S21402B3504FF03F0208BFADF800308DF8052008BF59
S21402B3608DF802300021451E431D6A46084615F830
S21402B370016F12F8014B9D4206EA040724EA06040E
S21402B38040EA070041EA0401F1D110B1081E18BFD5
S21402B390012003B0F0BD00230360838083717047F1
S21402B3A07047002070471120704710B5044660B100
S21402B3B0806C50B1EBF740FCA06C0028FAD1204616
S21402B3C0BDE810400321EDF725BA10BD438907B545
S21402B3D08B420CD050F80C2B40F2014192F87020B0
S21402B3E0ADF806308DF8042001AA03F053FD03B031
S21402B3F05DF804FB436943F0040343617047436905
S21402B40023F00403436170474069C0F3800070472D
S21402B41047F2305300220068F6F772BA006803F06B
S21402B420CCBC38B5436904469B070D4603D540F2AB
S21402B4300941FFF7F3FFEAF7E5FD08B1A3691D70BE
S21402B4402046BDE8384040F20941FFF7E1BF07B5A4
S21402B450027C012A09D00122027440F2094291427A
S21402B46006D040F20A4291420ED003B05DF804FBC9
S21402B4704FF4816150F80C3B01AA93F870308DF8B6
S21402B480043003F007FDF0E750F80C3B01AA93F8EE
S21402B49070308DF80430F4E738B522F000430D46DC
S21402B4A0114640F20322934204461AD0B3F5017FB6
S21402B4B009D240F20122934213D040F20222934272
S21402B4C009D0002038BD6FF481621344012BF8D8EE
S21402B4D0FFF7BDFFF5E700F020F9204601F0D7F9A7
S21402B4E0EFE763699B0704D540F209412046FFF760
S21402B4F095FF2846FFF759FFE3E708B5EDF73AF957
S21402B50000B1806C08BD08B500B10068EDF752F9CD
S21402B51008B9034602E0836C002BF7D0184608BD34
S21402B52010B5044642F62A3000F054FB031B58427C
S21402B530584110BD022806D142F62A330888C31A9B
S21402B5405842584170470020704710B5044642F6EC
S21402B550293000F03FFB031B5842584110BD90F8BB
S21402B560200000F0010070471FB504466846EBF75E
S21402B57087FC1022694604F12100F9F75CF8B0FA5C
S21402B58080F0400904B010BD08B5FFF7EDFFB0FA31
S21402B59080F0400908BD70B5044600F1210591B956
S21402B5A02846EBF76DFC236893F9750002F0C5FB9D
S21402B5B078B120682B46BDE8704010220D2190F924
S21402B5C0750002F0B8BB102200212846F9F75DF894
S21402B5D0E9E770BD38B50446002390F8202041FA0A
S21402B5E003F0C50703D442FA03F0C0071ED40133A2
S21402B5F0082BF4D101F0010523682A4384F82020A1
S21402B60093F9750002F099FB40B1234653F8200BDC
S21402B61001220C2190F9750002F08DFB0DB9002075
S21402B62038BD00212046FFF7B6FFF8E71320F7E7FC
S21402B63068B13F290AD800EBA10090F8310001F06A
S21402B64003014900084100F00300704700207047DC
S21402B65010B50368044693F9750002F06EFB50B10C
S21402B6602346BDE8104053F8310B10220B2190F907
S21402B670750002F060BB10BD10B590F87430DB07A1
S21402B68006D490F97530013314BF0F20052010BD83
S21402B690847C02F021F9844234BF0C200020F6E7B5
S21402B6A030B5044685B06846EBF7EAFB10216846DB
S21402B6B003F009FC2046EBF7F1FD6B46C26804ADC9
S21402B6C006321C4603CCAC4210605160234602F19F
S21402B6D00802F6D105B030BD08B5EBF7DFFD08B1BC
S21402B6E0EBF7B0FDC0B208BD013810B580B2EBF77B
S21402B6F0D5FD044608B9002010BD408800F09CFB2A
S21402B7000028F8D0207BF7E708B5EBF7C7FD18B19D
S21402B710007AC31F5842584108BD70B5054655F811
S21402B720213B044693F9750002F007FB20B9284630
S21402B730BDE87040EBF7A4BB234653F8310B10224A
S21402B7400B2190F9750002F0F4FA234653F8200B09
S21402B75001220C2190F9750002F0EBFA20682B46C4
S21402B760BDE8704010220D2190F9750002F0E1BA92
S21402B77001302DE9F04185B228460E46EBF78EFDE4
S21402B78042F60217044642F603089CB12046EBF73F
S21402B79059FD78B1204600F05EFBB84205D10EB1E5
S21402B7A023883380607BBDE8F081204600F053FB9F
S21402B7B0404502D14FF0FF30F5E70135ADB22846DD
S21402B7C0EBF76CFD0446E0E72DE9F04707460E4628
S21402B7D090460D4642F6021942F6030A0135ADB20C
S21402B7E02846EBF75BFD044678B1EBF72BFD60B11C
S21402B7F0204600F030FB484505D1237A072B04D1BA
S21402B8000320BDE8F0875045E8D141463046FFF7B1
S21402B810AFFF431C014604D03846BDE8F047FFF7A9
S21402B82007BF0020EDE770B5054608461646EBF75B
S21402B83035FD044608B9012070BDEBF703FD00286C
S21402B840F9D0F00713D4B10734D4720702D5A3880F
S21402B8505B0732D516F0060F31D116F40060EBD036
S21402B860A38813F4006F14BF00200620E4E7A38821
S21402B870DA0743D513F0700F0AD1980610D458068B
S21402B880E1D52B6893F975300133DCD10820D3E774
S21402B8902868FFF7F1FEA388990608D50028CBD1C1
S21402B8A02A6892F874209207E9D40520C4E7002893
S21402B8B0C2D1E4E7A3889907C7D40320BCE7A388CC
S21402B8C013F4E06F09D198050FD45B05C5D52B6834
S21402B8D093F975300133C0D1D8E72868FFF7CCFE5C
S21402B8E0A388990507D50028A6D12A6892F874205D
S21402B8F09207EAD4D9E700289ED1E6E702209BE722
S21402B90038B504460846EBF7C9FC054608B90120D7
S21402B91038BDEBF797FC0028F9D0AB8813F4E04F5C
S21402B9200CD1980412D413F48040F1D0236893F912
S21402B9307500431C58425841C000E9E72068FFF7EB
S21402B9409BFEAB88990408D50028E1D1226892F8BC
S21402B95074209207E7D40520DAE70028D8D1E2E778
S21402B9602DE9F0474FF00009044683F80090084698
S21402B970A2F80090884616461D46EBF78FFC07464F
S21402B98020B9012300202B70BDE8F08774B1EBF7D5
S21402B99059FC0028F5D04046FFF7D7FD30B1012309
S21402B9A085F8009004F120003380EDE72B463246FE
S21402B9B039462046BDE8F047EBF7EEB9F8B516462D
S21402B9C01C460F46BDF9185009B90120F8BD50B9FA
S21402B9D03B7A072B0DD8DFE803F004181E272E0447
S21402B9E004160320F2E70846EBF72CFC0028EFD1FA
S21402B9F0EBE725EAE573B34214DBA0199842CCBF05
S21402BA000D200020E2E78020E0E7FB685B88AB427F
S21402BA10B8BF2B46EFE7FA689388AB42B8BF2B460F
S21402BA20B34206DA0720D1E7022D2B46B8BF02231F
S21402BA30E1E75388E1E70620C8E72DE9FF47044619
S21402BA400846894690460393EBF728FC054638B924
S21402BA5003A8F9F708FB0127384604B0BDE8F087CB
S21402BA60EBF7F0FB0028F3D0039888B1F9F787FBD1
S21402BA7086B24FF0FF3342460093294633462046AD
S21402BA80FFF79CFF074628B103A8F9F7ECFAE3E7AD
S21402BA900646EEE795F808A0BAF1020F31D0BAF1E1
S21402BAA0030F33D0BAF1010F08D0002C4ED14FF05D
S21402BAB0000A03A8F9F7D7FA5746CDE7E868063032
S21402BAC03B46324603994044F9F7BCFA002CEED0C6
S21402BAD02B7A032B3AD103A8F9F7C5FA0021284698
S21402BAE0EBF798FB70B30688697B2046FFF7A0FD4C
S21402BAF00122034631462046CDF8009000F093FC22
S21402BB00AAE7E86806EB08038380D8E7039B9A79DE
S21402BB10D979891AC9B2481E012810D813440229B5
S21402BB201A7B04BF5B7B42EA03222B7B32EA0303C7
S21402BB30BFD101232046697BEBF704F9C6E74FF035
S21402BB400D0AB6E709F1FF36B6B2CDE7039B4946C2
S21402BB50009320464346227F00F04BFC7CE7884257
S21402BB6070B504460D46164611D8012838BF012482
S21402BB702046EBF793FB10B14388B34208D001345A
S21402BB80A4B22046EBF76EFB08B1A542F0D2002421
S21402BB90204670BD70B50C4616461D460146B8B125
S21402BBA0B3B1022C01D0102C12D1E0B2EBF7AEFAF0
S21402BBB04FF6FF718842024602D141F20A1070BD6A
S21402BBC03046FFF7CCFF0028F7D028800020F6E7A3
S21402BBD02120F4E7002307B50122ADF80400ADF8F2
S21402BBE0063002210DF1060301A8FFF7D3FFBDF8C8
S21402BBF0060003B05DF804FBF8B50F461646441C73
S21402BC00A4B22046EBF74AFB10B9013CA0B2F8BD3D
S21402BC1000F021F90546304600F0F9F820B1284632
S21402BC2000F0F5F80028F0D1304600F0E9F820B12F
S21402BC30284600F0E5F80028E7D10134A4B22046F1
S21402BC40EBF710FB08B1BC42DBD94FF6FF70DEE71C
S21402BC502DE9F04F9A4687B08B880D460C888146B0
S21402BC6004A90220ADF810309046EBF74FFAAB6805
S21402BC700090A888AF89059300F0C2F838B1102F5B
S21402BC8005D105A8EBF728FA022808BF02279DF877
S21402BC9040B00BF0010B38E02046009AFFF75FFF3A
S21402BCA00646A8B3AA886988FFF7A6FF0446304668
S21402BCB0FFF712FD40EA0B00C0B200B30DF10F030E
S21402BCC0314648460DF11202FFF74AFE9DF80F3044
S21402BCD02BB1A8F80060184607B0BDE8F08FBDF893
S21402BCE01220BA420BD13A4605990193F8F7A3FC03
S21402BCF0019B20B9A8F80060AAF80040EBE74FF6CF
S21402BD00FF739C4201D00134A4B26988A142C3D217
S21402BD100A23E0E708B5EBF7C1FABDE8084000F0F1
S21402BD209AB838B505460846EBF7B8FA044610B98D
S21402BD304FF6FF7038BD0DB96088FBE7EBF782FA65
S21402BD400028F9D1F4E770B5044642F60520FFF75D
S21402BD5041FFB0B10021FFF70BFD05460146204624
S21402BD60FFF766FC06461022002104F13100F8F7C0
S21402BD708CFC324629462046BDE870400023EAF78E
S21402BD80E1BF70BD7FB504460D461022002168460D
S21402BD90F8F77BFC0026AB575A1C1BD031462046D0
S21402BDA0FFF746FC1946002BB8BFD91C04AA02EBC3
S21402BDB0A10100F00302584200F0030003F003035F
S21402BDC058BF43425B0002FA03F311F8102C1343E8
S21402BDD001F8103C0136402EDDD16B4604F13105E8
S21402BDE004AE1A4603CAB24228606960134605F1D9
S21402BDF00805F6D1204604B0BDE87040FFF728BC1F
S21402BE00A0F5205001288CBF00200120704742F682
S21402BE100303C31A58425841704708B5030409D4AD
S21402BE20EBF740F9A0F5205080B201288CBF002025
S21402BE30012008BD0020FCE7020408B507D4EBF792
S21402BE4031F942F60303C31A5842584108BD00208E
S21402BE50FCE7C00B70470346B3F902304088002B5C
S21402BE6001DBEBF71FB90020704708B5FFF7F3FFB9
S21402BE7042F60303C31A5842584108BD08B5FFF7F5
S21402BE80EAFFA0F5205080B201288CBF00200120D6
S21402BE9008BD1FB550F80C4BADF80A3094F8704048
S21402BEA0069BADF806108DF8082040F2035101AA51
S21402BEB08DF80440039302F0EDFF10B906A8F9F7D7
S21402BEC0D2F804B010BD2DE9F04F4FF0000889B04B
S21402BED005460E461446CDF8148000F1440712B308
S21402BEE005A8F9F7C0F83846F9F7BDF885F81C80BA
S21402BEF0002332460093182123462846FEF719FCF3
S21402BF0004F58854284650F80C3B40F2055193F845
S21402BF10703006AA8DF81830079402F0BBFF002096
S21402BF2009B0BDE8F08F43691A070ED523F008035F
S21402BF30436105A8F9F797F83846F9F794F82C778D
S21402BF402846FEF772FC0024DCE7406C059048B9F0
S21402BF5080463846F9F7A5F803460590002846D1EC
S21402BF60044657E083794FF0FF3B0C331844B0F891
S21402BF700160B0F803A03046EBF790F903900598FD
S21402BF80F9F7A9F86C6CA0F105081FFA88F8059B6A
S21402BF90A3420ED14346524628460399CDF800B036
S21402BFA0FFF70CFD0446F0B14FF00008CDF8148000
S21402BFB096E7A3790C3304EB0309B9F80120B242E1
S21402BFC00CD12046F9F787F8B9F80320431F12FA76
S21402BFD083F35B45B8BF5B460FFA83FB2046F9F74F
S21402BFE073F80446D3E70598F9F76EF8AEE7997941
S21402BFF0284601F10C021A44B2F801600531B2F883
S21402C000032099713146FFF718FDCDF814800446D7
S21402C01000289ED005A8F9F726F83846F9F723F83F
S21402C02000232B77002C8BD062E72DE9F047089C83
S21402C0300E4617469846054610B1037C012B61D082
S21402C0402846FFF7D7F914F08009304614BF4FF0A0
S21402C050200A4FF0100AFFF747FB1AEA000F4DD0EE
S21402C0603046FFF757FE42F6052398420FD114F0EA
S21402C070010219D031462846FFF742FC08B300F504
S21402C08088542846FFF7BBF92046BDE8F0872846C5
S21402C090FFF765FA0028EAD02846FFF775FA002867
S21402C0A0E5D041F21214ECE7B9F1000F314628460A
S21402C0B014BF02240124FFF787FB2042DAD10224B0
S21402C0C0DFE7B9F1000F11D0EB8BCBB943463A4606
S21402C0D031462846FEF7DBFB04460028D1D140F263
S21402C0E00A412846EE83FFF793F9CAE743463A46E3
S21402C0F031462846FEF7A8FB0446C2E72124C0E7DD
S21402C1000524BEE70724BFE72DE9F047002586B0E1
S21402C1109DF8389090F81CA004460F4690460F9E55
S21402C1200577B9F1000F09D00A464B4651460096EC
S21402C130FEF7FFFA284606B0BDE8F087BAF1080F08
S21402C140ADF8169026D145893246043DADB29D42E1
S21402C1504FF002014FF00900A8BF1D46FEF779FA1C
S21402C1600222814605A93046ADF81470F9F7A8FAFE
S21402C1702A4641463046F9F7A3FA0546831C31465D
S21402C180204689F80130E9F71FFFADF81650BDF8D2
S21402C1901600D0E7BAF10A0F0DF116020CBF0B21FA
S21402C1A00D21CDE90162009301224346FEF7E5FA2E
S21402C1B01A28ECD111233A4651462046CDF8009073
S21402C1C0ADF81690FEF7B5FAE1E7F0B5002589B0AE
S21402C1D01746012204460E460393ADF81650FFF7A3
S21402C1E022FB8DF81500002846D13046FFF798F955
S21402C1F010B13046FFF754FA3046FFF785FAB8B169
S21402C20003A8F8F730FF204650F80C2B237F92F84D
S21402C210702040F202518DF8182006AAADF81A6076
S21402C2208DF81C30ADF81E7002F034FE09B0F0BD79
S21402C2300DF115030DF1160231462046FFF790FB6D
S21402C2409DF8153002465BB9BDF81630BB4235BFC5
S21402C2500723DB1B8DF81530D21928BFADF8163030
S21402C260039B314601939DF8153020460093BDF896
S21402C2701630FFF749FFD9E72A46F1E72DE9F04FD6
S21402C28089B002901846154605930C46FEF7BEF98D
S21402C29080460598F8F773FF0023B0F1010AB5F857
S21402C2A00A908DF81D3000F089801AF0010740F0E0
S21402C2B085805046E0F73CFC0646002800F0848065
S21402C2C0524608F10101F8F707FA01212046059ABD
S21402C2D0FEF7BFF9B8460AEBDA7A09F1FF3B03909C
S21402C2E04FEA6A0ABA4544DD36F81740012221466B
S21402C2F02846FFF798FA8DF81D0068B92046FFF722
S21402C3000FF910B12046FFF7CBF92046FFF7FCF9EC
S21402C31078B180238DF81D303046F9F718FA059B60
S21402C3202246009328469DF81D300299FEF701FA30
S21402C33026E00DF11D03214628460DF11E02FFF7E9
S21402C3400FFB9DF81D300490002BE5D1029B202B9D
S21402C3501BD1ABEB0803012B0BDD0DF11E010222F4
S21402C3600598F9F7ADF9012801460CD805A8F8F7A3
S21402C370A8FF3046F9F7EBF928460399FEF7C2F90B
S21402C38009B0BDE8F08F08F10208BDF81E20ABEB3D
S21402C39008039A42C2BF09F1FF33A3EB0803ADF8C4
S21402C3A01E30BDF81E20DDE90410F9F789F9BDF844
S21402C3B01E309842DDD39844013793E704230024C5
S21402C3C08DF81D302646A7E71123F8E770B5044618
S21402C3D00D461646FFF7A4F840B933462A462146CC
S21402C3E0FFF72BFB08B100F5885070BD41F2031031
S21402C3F0FBE71FB550F80C4BADF80A3094F87040C6
S21402C400069BADF806108DF8082040F2015101AAED
S21402C4108DF80440039302F03DFD10B906A8F8F724
S21402C42022FE04B010BD1FB550F80C4BADF80A3012
S21402C43094F87040BDF81830ADF806108DF8082054
S21402C44040F2045101AA8DF80440ADF80C3002F017
S21402C45021FD04B010BDF0B5122785B00392077710
S21402C460022205460E46FFF7DEF9044668B103A827
S21402C470F8F7F9FD00232B770023324600931221AA
S21402C48023462846FEF755F90FE0039A304693797D
S21402C49003339371FFF738F948B1039B3A4600938A
S21402C4A0314623462846FFF7F4FC05B0F0BD42F6B7
S21402C4B02930FFF78FFBB04220D1039830B903A88A
S21402C4C0F8F7D1FD00230D242B77D5E7F8F757FEB2
S21402C4D080B20128F3D1039B28469A791344197B2C
S21402C4E0FFF778F8044603A8F8F7BDFD00232B777C
S21402C4F0002CC1D12846FEF75FF9D6E72246314620
S21402C5002846039BFFF799FA0446EFE72DE9FF4119
S21402C5100392042204460D46FFF785F9074628B122
S21402C52003A8F8F7A0FD04B0BDE8F0814FF052086A
S21402C530039A284693790333937184F81C80FFF795
S21402C540E3F8064640B1039B4246009329463B4623
S21402C5502046FFF79EFCE6E742F62930FFF73AFB55
S21402C560A842039B0BD19A7920461344197BFFF706
S21402C57031F803A8F8F777FD00232377D3E732468E
S21402C58029462046FFF759FAF6E72DE9FF418B794F
S21402C59004460C330B44B3F801700E463846B3F823
S21402C5A00380FFF799F8002858D002223946204621
S21402C5B0FFF739F90546E8B93846FFF7A5F868B136
S21402C5C016222277B37939460533B371204643469D
S21402C5D00096FFF75EFC04B0BDE8F081E0F77EFA55
S21402C5E033461B680135EDB2002BFAD10635A84258
S21402C5F01DDC092504F14400F8F735FD2B463A46C2
S21402C600162120460096FEF794F8092DE3D120461F
S21402C61050F80C3B40F2055193F8703002AA8DF8A0
S21402C620083041F20913039302F034FCD3E70121E8
S21402C6303046F8F7ACFF01460028DAD004F1440091
S21402C640F8F7FFFDB37942460533B37139463346F0
S21402C650204604B0BDE8F041FEF7BDB80125C9E7A3
S21402C66013B5044641B94430F8F7FDFC204602B043
S21402C670BDE81040FEF7D9B818224369027713F0D6
S21402C680080306D0002319460093FFF702FC02B007
S21402C69010BD1A46194602B0BDE81040FFF713BC9B
S21402C6A07FB5C58B04462DB342F60520FFF792FAF6
S21402C6B0A84207D100212046FEF76DFF636923F0EA
S21402C6C001036361002640F20A412046FEF7A6FEF9
S21402C6D029460DF10E022046ADF80E60FFF774F8FB
S21402C6E0BDF80E2003460092294602222046FFF796
S21402C6F09AFEE68304B070BD2DE9F047DDF820907F
S21402C7000E4690461F46044618B941F20110BDE88F
S21402C710F0870846FEF7E0FF0028F6D06589033D5D
S21402C720ADB2AF4209D83B46424631462046CDF826
S21402C7302090BDE8F047FFF778BC4920E7E72DE9EF
S21402C740F74305460F469046FEF7C6FF98B32846BF
S21402C750FEF7CAFF10F0300F30D02846FEF7C4FFAF
S21402C76006460020FEF7CFFE044606F010091CB966
S21402C770204603B0BDE8F083002229462046FFF794
S21402C78023F8B9F1000F01D0C10712D4B20617D5AB
S21402C790830715D5802300933A464346294620460A
S21402C7A0FFF743FC1A28E4D02046FEF7ACFE044608
S21402C7B0DDE70023EFE741F20110DAE72120D8E7B0
S21402C7C00220D6E7F7B504461F460E461546FEF784
S21402C7D011FE237C012B58D0237F182B2CD06369A3
S21402C7E01B0713D5217F16292DD008D8122914D05D
S21402C7F002252046FEF703FE284603B0F0BD1829A0
S21402C8001AD05229F4D10023237713E03046FEF7DC
S21402C8107BFF0028E6D12125EBE70023237735B1FD
S21402C820009332462B462046FDF783FF02E0204661
S21402C830FDF7C2FF0025DCE72A4631462046FFF711
S21402C84042FB0546D5E700232377002DE8D10521D4
S21402C8501720BDF82430089A0095FDF71EFF20B970
S21402C8601123324612210095DDE7FDF7D3FE6269F9
S21402C870034642F0080262618279314605328271CD
S21402C8803A462046FDF7A7FFD4E70725B1E72DE98C
S21402C890F041054688B042F60520FFF79BF90646AA
S21402C8A004A8EAF7EDFA102205F121010DEB0200C9
S21402C8B0F7F7C1FE50B101212846FEF76CFE284666
S21402C8C0FFF741FA6B6923F001036B6142F603033B
S21402C8D0022003A9ADF80C30EAF718FC012407463B
S21402C8E04FF0000820463A464FF6FF71FFF737F939
S21402C8F0044610B908B0BDE8F081FEF7EDFE01343B
S21402C900A4B20028EED0A64203D131462846EAF762
S21402C91021FD214628460DF10E02ADF80E80FEF7E7
S21402C92053FF03460028DDD0BDF80E2021460092B4
S21402C93028460122FFF777FDD4E708B5EAF78EFA14
S21402C9400020EBF741F9002008BD037C012B07D03D
S21402C9508369187828B113280CBF00200520704779
S21402C9600720704710B5044680691430F8F77BFB41
S21402C970A069BDE810401830F8F775BB2DE9F04104
S21402C9800F46144605461E46FFF7ECFF23463A4678
S21402C99008210020D5F81880F8F7BFFEAA69C8F863
S21402C9A01400536923B1002054811682BDE8F08139
S21402C9B01A20FBE71FB50A468369090C92B29980D2
S21402C9C0DA8042F60303ADF80C300223009303AB81
S21402C9D001F07AF805B05DF804FB70B50446084627
S21402C9E0F8F7CDFBA16986B28A894D8912B1521B2E
S21402C9F096420CDA6389581E80B225B90A78082A4C
S21402CA0004BF043B98B2831B5842584170BD0020B5
S21402CA10FCE730B5044654F80C0B8DB09DF8405038
S21402CA2090F8700042EA01428DF80400194602921C
S21402CA3003A82A460795F7F74FFE40F20241204622
S21402CA4001AA02F027FA0DB030BD10B550F80C4B13
S21402CA5086B094F87040ADF80E10ADF8102040F293
S21402CA60064103AA01938DF80C40059302F012FAD0
S21402CA7010B901A8F8F7F7FA06B010BD37B50446A4
S21402CA800D46FFF76FFF204640F20941FEF7C6FC4F
S21402CA9000222046A36940F207411A7050F80C3B68
S21402CAA06A4693F8703001958DF8003002F0F2F97C
S21402CAB003B030BD13B501910021044601F0C7F85A
S21402CAC00422002320460DEB0201FFF757FF02B0B7
S21402CAD010BDF0B504460F461E46154685B052B93F
S21402CAE083691B78072B30D0082B14BF15460925FF
S21402CAF0002E18BF0D250A98F8F741FBA3699A89FC
S21402CB004AB15B8981B2D21A914204DD92B2891A85
S21402CB100AA8F8F7D6FB204650F80C3B40F205412F
S21402CB2093F8703001AA8DF804300A9BADF80670AF
S21402CB308DF80850ADF80A60039302F0ABF910B90D
S21402CB400AA8F8F790FA05B0F0BD0B25D0E7B0F8C2
S21402CB500AC02DE9F041ACF1020C9C4505460E4692
S21402CB6017461C4603DDBDE8F04101F004B88369B0
S21402CB702246198100233946FFF700FF044658B9BA
S21402CB80AB690246314628460E3301F026F80446C3
S21402CB9010B12846FFF7E6FE2046BDE8F0812DE9F3
S21402CBA0F043202A8FB0054617461C4603910BD940
S21402CBB041F2041421462846FFF760FF03A8F8F75F
S21402CBC052FA0FB0BDE8F083002B46D10846A2F118
S21402CBD00608F8F7D4FA4FF6FF765FFA88F81FFAD7
S21402CBE080F94C4510D3AB69DA88B24239D942F69D
S21402CBF00203ADF814300223711C0093284605ABDD
S21402CC0089B200F061FF25E023463A46039906A85A
S21402CC10F8F718FAAB69BDF818609A88B242C7D816
S21402CC20DA88B242C4D3BDF81A10BDF81C20B8F197
S21402CC30000F09D02846CDF800800DF11E033C44B3
S21402CC40FFF7E7FEA4B2CCE728469E8019815A81F8
S21402CC5000F053FF04460028B0D041F20A139C426B
S21402CC60A8D10024A6E738B50546FFF76EFE0446AF
S21402CC7040B92846FFF79EFE044618B90421284606
S21402CC80FEF7CFFB204638BD70B504461D46FFF7BB
S21402CC905CFE28B92B462046BDE8704000F084BFF3
S21402CCA070BD70B50446FFF750FE1646054640B9FD
S21402CCB04FF6FF72914206D141F20A112046FFF763
S21402CCC0DDFE284670BDA369013120465E8189B229
S21402CCD000F0CAFE20B911212046FEF7A2FBF0E7BB
S21402CCE00546EEE72DE9F0471C4696B083690192A9
S21402CCF01B780646062B03D0112B60D001A81CE039
S21402CD000129104614BF4FF010084FF00208039294
S21402CD10002C4CD1F8F733FA4FF6FF7508F10209EA
S21402CD2087B2A7420ED8B369DA88AA4237D8002457
S21402CD3021463046FFF7A2FE03A8F8F794F916B08C
S21402CD40BDE8F08723464A46039904A8F8F77AF91D
S21402CD50B369BDF810509A88AA422DD8DB88AB4238
S21402CD602AD39DF81330282BE1D0B2465AF80C3B52
S21402CD70424693F870300DF112010DA88DF830304E
S21402CD80ADF83250CDF844804C44F7F7A5FC40F29B
S21402CD90044150460CAA02F07DF8A4B2C1E7691C11
S21402CDA0304689B200F060FE04460028C4D041F244
S21402CDB00A139C42BBD0BBE741F20414B8E7012930
S21402CDC0104614BF12270427049284BBF8F7D7F93B
S21402CDD042F602184FF6FF7185B2A5420DD8B36926
S21402CDE0DB888B4221D901314FF6FF72304689B279
S21402CDF000F03AFE0446A0B119E023463A460499EA
S21402CE000CA8F8F71FF9BDF83220BDF830104245DD
S21402CE109DF8333007D1B269022330460A32FFF753
S21402CE2096FE04A889E7282B06D141F20A14214669
S21402CE303046FFF723FEF4E73C44A4B2CDE7F0B554
S21402CE40836987B003911B780546022B144653D19B
S21402CE5008460491002A47D1F8F791F94FF6FF7673
S21402CE6087B2A7420DD8A869C288B2422BD800243E
S21402CE7021462846FFF702FE04A8F8F7F4F807B0A2
S21402CE80F0BD04220499234605A8F8F7DBF8AA6940
S21402CE90BDF814109088BDF81660814229D3D38855
S21402CEA0994226D8864224D39E4222D85069927A44
S21402CEB0837904340C330092034432462846FFF743
S21402CEC0A8FDA4B2CDE743694089711C0190987908
S21402CED089B20C300344009328464FF4205300F0E6
S21402CEE0D7FD04460028C7D041F20A139C42BFD1A0
S21402CEF0BDE741F20414BBE703A8BEE7F0B587B06E
S21402CF00054617461C46039153B9FFF766FD38B12E
S21402CF10012322462846039900F084F807B0F0BDA4
S21402CF20A9690B78082B05D8062B44D8032B0FD0FB
S21402CF3003A83DE00F2BFBD1039B0593002C6DD17C
S21402CF40002B6BD0224628460989FFF77EFD59E062
S21402CF500398059018B3ECB9102683794A890C33E6
S21402CF600989034400962846FFF753FDAB69998862
S21402CF70DA88914217D242F60203ADF81030022345
S21402CF800131009328460DEB060389B200F09CFDA2
S21402CF90044660B141F20A139C4204D101E0002C1F
S21402CFA0F8D141F21F0421462846FFF767FD05A87F
S21402CFB0F8F759F8B2E7039805907CBB70B3F8F718
S21402CFC0DEF80FB386B2B7421ED2394605A8F8F786
S21402CFD0B2FA38B905A8F8F746F81A212846FFF734
S21402CFE04DFD9BE78379F61BC21802339189837144
S21402CFF0AB6900225B89B6B200902846FFF769FD4E
S21402D000B742E2D92146E9E7AA6928465389118937
S21402D010059A00920022FFF75CFDF3E705A8F8F7F1
S21402D02022F8EFE7F0B585B006461F461446039190
S21402D03032BB0846F8F7A3F8054608B3B1690B7881
S21402D0404A89082B0BD8062B0BD9039B0989304635
S21402D050009313462246FFF73CFD039401E00F2B94
S21402D06019D0B1694B89EA1892B2B2F5007F4A81AB
S21402D07017D82FB13046098900F050FD044628B172
S21402D0800022234611463046FFF738FF03A8F7F77B
S21402D090EAFF05B0F0BD3046039B0989FFF7D5FCD1
S21402D0A0DBE741F20414EBE773B5836901911B7861
S21402D0B00446082B15460ED8062B0ED9019E20468E
S21402D0C03146FFF78AFC2A46034631462046FFF7DA
S21402D0D0A9FF02B070BD0F2BF0D001A8F7F7C3FF6F
S21402D0E0F7E730B5836987B003911B780546092BAD
S21402D0F0144611D105915AB9134600910F222146C2
S21402D100FFF7E7FC21462846FFF7B8FC07B030BD1C
S21402D11005A8F7F7A8FFF5E703A8F7F7A4FFF5E7D2
S21402D12070B5836986B003911B7805460A2B1446B0
S21402D13031D1059132BB0598F8F721F808B90446B3
S21402D14020E00023022205A90DF11200F7F784FF62
S21402D150012815D9BDF8126096B10598F8F70FF8B0
S21402D16086420FD8BDF8121005A8F8F7E4F948B1C0
S21402D17000230090212219462846FFF7AAFCDAE788
S21402D18041F20D1405A8F7F76EFF21462846FFF771
S21402D19075FC06B070BD03A8F7F765FFF9E72DE941
S21402D1A0F04F87699FB003913F780546052F1646D4
S21402D1B01C4604D8032F16D810D003A867E0082F01
S21402D1C0FBD108461391002B00F0C28013A8F7F794
S21402D1D04AFF21462846FFF751FC01E0FFF7DFFC35
S21402D1E01FB0BDE8F08F202A0846049148D8002BCD
S21402D1F040F0A880571FF7F7C2FF4FF6FF78FFB23E
S21402D2001FFA80FA0DF11C0BA24506D8AB69DA8824
S21402D210424500F28780002434E0234632460499D1
S21402D2200BA8F7F70FFFAB69BDF82C809A8842452A
S21402D23026D8DA88424523D35969F1B9A94659F85E
S21402D2400C1BBDF82F2091F870109DF82E308DF82B
S21402D2504C10ADF84E200DF131013A4615A88DF866
S21402D26050301997F7F738FA40F20341484613AAA6
S21402D27001F010FE3444A4B2C6E75A89102A09D92E
S21402D28041F2041421462846FFF7F8FB04A8F7F7F4
S21402D290EAFEA5E700235846F7F7D4FEAB690DF180
S21402D2A03101102FCDE9051B93F80A902BD1B9F165
S21402D2B0020F34D105A8E9F70FFF0228DAD14A4651
S21402D2C0DDE90510F7F7B7F90028D3D12B4653F856
S21402D2D00C0BBDF82F1090F870009DF82E208DF8DC
S21402D2E04C00ADF84E108DF8502059464A4615A807
S21402D2F00293CDF86490F7F7EFF9029B40F20341F0
S21402D300184613AAB4E7022F09D1B9F1100F06D1B5
S21402D31006A8E9F7E1FE0228ACD13A46D0E73A463B
S21402D3205846CFE742F60303ADF84C30022308F125
S21402D33001010093284613AB89B200F0C5FB0446F0
S21402D3400028A3D041F20A139C423FF464AF99E747
S21402D35059B900210023AA69284693815381118175
S21402D36013993246FFF7CAFD3AE7F7F708FF16B1F8
S21402D37080B28642EDD1139A9379D1180233898905
S21402D3809371E7E72DE9F0431C468FB0836903915A
S21402D3901B780546012B17465BD108460591F7F721
S21402D3A0EEFE202F0BD941F2041421462846FFF741
S21402D3B065FB05A8F7F757FE0FB0BDE8F083002C13
S21402D3C042D10598F7F7DBFE4FF6FF76A7F1040881
S21402D3D01FFA88F81FFA80F95FFA88F8A14505D87F
S21402D3E0AB69DA88B24220D80024DEE723463A4602
S21402D3F0059906A8F7F726FEAB69BDF818109A88B5
S21402D400BDF81A609142CED3DB889942CBD89642B9
S21402D410C9D39E42C7D832462846CDF8008007AB0D
S21402D4203C44FFF7F6FAA4B2D8E74FF42053ADF81F
S21402D43010300223711C0093284604AB89B200F018
S21402D44081FB04460028B4D041F20A139C42CBD09A
S21402D450ABE703A8AEE783691B780B2B02D0103B21
S21402D460012B01D8FFF70ABB7047F0B585B00193D0
S21402D470836917461A7804460B3A0A9E072A42D848
S21402D480DFE802F00441304141044129019803904B
S21402D490F7F775FE85B203A8F7F7E5FD26B1314624
S21402D4A02046FFF707FB0FE0A1697A194B8992B273
S21402D4B093420BD90A8201F10E032046098900F035
S21402D4C08CFB01460028EBD105B0F0BD01212046B9
S21402D4D000F0BDFBF5E72EB91A8A0198BA420BD0C6
S21402D4E04FF48166019B03A80393F7F7BCFD314610
S21402D4F02046FFF7C3FAE7E7DA895969F7F74AFEE3
S21402D5000028EDD1EEE701A8F7F7ADFDDCE738B568
S21402D5108269044613780D460E2B12D0102B01D0CA
S21402D5200B2B12D1536933B1997902F114000B44D3
S21402D530DD68F7F798FD29462046BDE83840FFF734
S21402D5408ABFBDE83840FFF799BA38BD07B5002351
S21402D55000921B22FFF7BDFA03B05DF804FB07B585
S21402D56083695980009200231D22FFF7B2FA03B0A6
S21402D5705DF804FB10B5037C0446012B0AD08369D0
S21402D5805B884BB100F073FB1A2802D00022A36915
S21402D5905A8010BD0720FCE70220FAE710B50C46B9
S21402D5A0FDF7ABFF50B12269022A01D0102A07D13B
S21402D5B02146BDE81040D2B2EAF772BB252010BD64
S21402D5C02120FCE710B50C46FDF797FF20B1214657
S21402D5D0BDE81040FFF747BB252010BD2DE9F041FE
S21402D5E0DDF818800E4617461D46FDF786FF70B119
S21402D5F044892B46033CA4B2AC4228BF2C463A468A
S21402D6003146A8F80040BDE8F041FFF73DBB2520B3
S21402D610BDE8F08108B5FDF770FF18B1BDE8084017
S21402D620FFF7A8BF252008BD38B50C461546FDF7FE
S21402D63064FF28B12A462146BDE83840FFF731BBD1
S21402D640252038BD08B500F04EF8407940F48050E9
S21402D65008BD08B500F047F8407940F4805008BD90
S21402D66070B506460D461446E1F788FC4379C57543
S21402D67023F0030343F00303437140F60943C380D8
S21402D680A0F815602060153070BD13B50C4601AACF
S21402D690FFF7E6FF019BDA791444DC7102B010BD95
S21402D6A073B5064610460C461546F7F768FD211870
S21402D6B001AA3046C9B2FFF7D3FF019B0646DA79C4
S21402D6C01444DC712B4633B901A82946F7F7B9FD95
S21402D6D0304602B070BD5C7924F0030444F00204C4
S21402D6E05C711B68EFE708B5E1F74EFC83790C33F3
S21402D6F0184408BD08B5FFF7F6FF407940F480509D
S21402D70008BD4B88052B05D108880E288CBF002043
S21402D7100120704700207047F8B505460F461646AA
S21402D72004210A220020F7F72AFF0246B8B18479BC
S21402D73005210C3403194FF0060C00209970D8709E
S21402D74002F804C013241C7102245F715870D87149
S21402D7509C7128461E81BDE8F840EAF713BDF8BD65
S21402D76073B50546104601920C46F7F708FD0421EC
S21402D77086B20198F7F746FE024628B901A8F7F7DF
S21402D78072FC1A2002B070BD837901900C33C11866
S21402D7904C80C65221462846EAF7F4FC0020F1E700
S21402D7A02DE9F84F8A4691469846064680B3846825
S21402D7B014F400442CD1EAF76DFE102283460421AD
S21402D7C02046F7F7DCFE024620B305210C238779B4
S21402D7D00C37C519A970EC70C35512232B71082398
S21402D7E0AB71BDF828303046EB816C7085F805B019
S21402D7F0EC71A5F808A0A5F80A90A5F80C80EAF73F
S21402D800C1FCB36843F40043B3602046BDE8F88F1A
S21402D8100224FAE71A24F8E72DE9F041064688467C
S21402D820174604210A220020F7F7A9FE0246B8B1DD
S21402D830857900240C354319052106209970DC7081
S21402D84050550120187102205C70987183F805808B
S21402D8503046DC711F81EAF795FC2046BDE8F08170
S21402D8601A20FBE7002070470020704707B501A882
S21402D8700192F7F7F8FB03B05DF804FB704700204F
S21402D8807047002070477047002070470F2070478F
S21402D89070470020704713B5044601A80191F7F7B8
S21402D8A0E2FB022208210020F7F769FE024648B191
S21402D8B0052183790C331844D15441700621204641
S21402D8C0FFF74EFF02B010BD836843F40073836017
S21402D8D000207047704770470020704708B5EAF787
S21402D8E03BFAEAF7E3FDEBF73FF8BDE80840E9F755
S21402D8F093B908B5EAF7C8FC28B9BDE80840002085
S21402D9000021F4F743B800200021F4F73FF8EAF7C5
S21402D91031FAEFE737B5044642F60720FEF75AF922
S21402D9200546C0B10A23002CCBBF0534053CB4FB28
S21402D930F3F494FBF3F40123002118460DF10702D9
S21402D94064B28DF80740F7F7E8FE00220346294640
S21402D9501046FEF772F803B030BD38B50D46FAF73A
S21402D96017F8044618B9B5F90000FFF7D3FF2046AA
S21402D97038BD430803F05503C01A00F03303C0F362
S21402D980850000F03300184400EB101000F00F0082
S21402D9907047002110B5421D441E14F8010FFFF710
S21402D9A0E8FF94420144F8D1084610BD08B50121AB
S21402D9B00220EAF779FE002008BD38B50D46EAF7E0
S21402D9C0D9FE044688B181682A46B0F86E00C1F3D3
S21402D9D04031EAF773FB20B9A3681DB143F48043D4
S21402D9E0A36038BD23F48043FAE72520F9E7A0F8C0
S21402D9F06E10704701238B4090F87110194380F81F
S21402DA007110704708B50120DFF780F8C0B208BD74
S21402DA1010B5F4F7C3F8044628B10124204610BD19
S21402DA20436ADB06F9D4E8F727FC0028F8D1F5E7C5
S21402DA3010B5DFF715FB002814BF03240124DFF717
S21402DA4015FB08B144F00404204610BD10B5DFF7FC
S21402DA5007FB002814BF03240124DFF707FB08B1E5
S21402DA6044F00C04204610BD70B504460E4615461A
S21402DA70052100220420FCF7ECFD014618B1A0F8AF
S21402DA800160A0F803502046BDE87040FCF73ABE9D
S21402DA90F7B51D460023044600930F461646072197
S21402DAA00620BDF82430089AFCF7F7FD014628B197
S21402DAB0A0F80170A0F80360A0F80550204603B055
S21402DAC0BDE8F040FCF71EBE73B515461A460023A5
S21402DAD0044600930E46082005219DF81830FCF7F0
S21402DAE0DCFD014618B1A0F80160A0F803502046FC
S21402DAF002B0BDE87040FCF705BE38B50022044609
S21402DB000D460A200321FCF7A4FD014608B1A0F841
S21402DB1001502046BDE83840FCF7F4BD70B5044617
S21402DB200E461546052100220C20FCF792FD014602
S21402DB3018B1A0F80160A0F803502046BDE8704076
S21402DB40FCF7E0BD73B515461A460023044600935B
S21402DB500E46102005219DF81830FCF79EFD014662
S21402DB6018B1A0F80160A0F80350204602B0BDE844
S21402DB707040FCF7C7BD73B50E46002144890546C2
S21402DB80033CA4B2A342009128BF234603211220DD
S21402DB90FCF783FD014608B1A0F80160284602B0F2
S21402DBA0BDE87040FCF7AEBD73B50E460021448951
S21402DBB00546033CA4B2A342009128BF2346032194
S21402DBC05220FCF76AFD014608B1A0F8016028461B
S21402DBD002B0BDE87040FCF795BD2DE9F34105465D
S21402DBE0984683690F4658691646F7F7C8FA6C894D
S21402DBF080B2053CA4B2844228BF0446A8692146E6
S21402DC001430F7F798FC009048B10522082100204E
S21402DC10F7F7B5FC019030B96846F7F724FA1A20F0
S21402DC2002B0BDE8F081009901A8F7F70AFB1620BA
S21402DC30019A93790C33D118D054A8F8004028469C
S21402DC40A1F80170A1F80360FCF75CFDE8E738B5BF
S21402DC50002204460D4618200221FCF7FAFC014673
S21402DC6000B145702046BDE83840FCF74BBD10B504
S21402DC700121044600221E20FCF7EBFC014620464A
S21402DC80BDE81040FCF73EBD70B5857904460C35FC
S21402DC904619F7F774FA625D431E013A9BB2202AD0
S21402DCA012D8DFE802F0131118111A112B113111D4
S21402DCB04211421142113511271111113B11271140
S21402DCC04011401111114200002070BD042B14BFF8
S21402DCD001200320F9E7022BF9E743B37278022A00
S21402DCE00AD0012A23D10222013B0232B3FBF2F10F
S21402DCF002FB1133002BEAE71022F5E713F0030FBD
S21402DD0014BF01200320E0E78BB17278013BEDE7F8
S21402DD106BB17278032A0AD9013BE7E7042B34BFBA
S21402DD2001200320D1E7022BF9E70320CDE70120EB
S21402DD30CBE70020704701F0DCB840B201F0DCB857
S21402DD404FF0FF3070470078E8F7BEB913B50C46BF
S21402DD500DF107020DF10601FCF78EFE30B19DF8BB
S21402DD600600031B5842584102B010BD0120FBE7D3
S21402DD70F3F7ECBEEBF7A4BDFFF781BDFFF781BD5D
S21402DD807047704700207047704770477047ECF73F
S21402DD90F9B813B50C4601A901F0ACFE10B9019B07
S21402DDA0C4E9003002B010BD08B5F3F733FC50B931
S21402DDB0F3F7E4FD00200021F3F734FC18B9BDE8C0
S21402DDC00840F7F752B8012008BD38B504460D469C
S21402DDD020220021F6F759FCF5F799FFD5E9023221
S21402DDE0E260EA8B43F4806322822A8CA0806282FD
S21402DDF0AA8CA282EA8CE2826A68A3602260FFF79B
S21402DE00C1FF18B1A36843F00403A360A36843F4F8
S21402DE108032A2602A68920544BF43F41023A360AE
S21402DE2038BD08B5FFF7C0FF80F00100C0B208BDDC
S21402DE3008B5FFF7F6FF00280CBF0420012008BD36
S21402DE4008B5FAF7CAFF002008BDECF755B9ECF79B
S21402DE5063B90220704702207047002070470120F5
S21402DE6070470020704708461146012200F051B85C
S21402DE7000F09CBA00F0A4BA00F0AAB8431E012B28
S21402DE8003D9031F58425841704701207047EFF7E5
S21402DE90A9B84FF4D8720021F6F7F7BB70B504465E
S21402DEA0EDF758FC0546A8B9A169F1B1238AD3B1AA
S21402DEB0204604F1100200F05CFB38BBE16919B39E
S21402DEC0638AA3B1204604F1120200F027FB78B160
S21402DED0054603E00023A3612361E361002328468D
S21402DEE06361236270BDA061E8E72082E6E7E36132
S21402DEF0216A0029F2D0A28A002AEFD02046E38ABD
S21402DF00BDE8704000F0C9BA6182F1E76582E5615A
S21402DF10DEE7EDF7B9BD0A7838B505461046FFF7D5
S21402DF20ADFF60B14C782046FFF7A8FF38B1224318
S21402DF30530704D42846BDE83840EDF7FDB8212043
S21402DF4038BDFFF7E8BF10B504460878FFF796FF1E
S21402DF5058B14A781046FFF791FF30B1042A04D030
S21402DF602046BDE81040EDF705B9212010BDFFF7A9
S21402DF70EABF00F0A3B9084600F014BC7047F8B533
S21402DF8006460D46ECF7A6FAD8B94FF6FF734FF0E1
S21402DF90240CEF68C1B28F4208D81C462146304690
S21402DFA0ECF730FCEFF79EF82046F8BDAA680CFBAB
S21402DFB00122D4899C4202D2002CEFD023460130A3
S21402DFC0E8E74FF6FF74EFE7808D704700F0B3B9CD
S21402DFD070B504460D46164600F049F858B1294673
S21402DFE02046ECF70FFC38B9324629462046BDE8F3
S21402DFF07040F1F7EDBB0E2070BD08B5ECF7E0F906
S21402E00018B1BDE80840F1F743B908BD38B5044673
S21402E01048880D46EFF71EF8D4F8FC302BB929468F
S21402E0202046BDE8384000F02DBB022038BDEFF791
S21402E03023B800F03BBCD0F8FC00003818BF012023
S21402E040704700F0F1BAEDF7BFBAEEF703BFEDF78F
S21402E050CFB900F0D0B938B50446154609B100F07C
S21402E06058FB15B12046EEF711F8002038BD0346DE
S21402E070408A18B1188A003818BF0120704700F08D
S21402E080A0BA00F0AEBA10B5044600F08AF820B97D
S21402E0902046BDE81040ECF73DBD10BD00F00ABCBE
S21402E0A000F008BCEFF7B6BC2DE9FF4198460446DF
S21402E0B00E46174602F090F805462046FFF7E3FFA5
S21402E0C00A9B3A4602930023314601932046CDF836
S21402E0D00080ECF76DFD0446284602F078F82046EC
S21402E0E004B0BDE8F08138B5044602F075F805467E
S21402E0F02046FFF7C8FF2046ECF738FD04462846C0
S21402E10002F065F8204638BD38B5044602F064F8D9
S21402E11005462046FFF7B7FF204600F051F80446B2
S21402E120284602F054F8204638BD38B5044602F0B8
S21402E13053F805462046FFF7A6FF204600F046F8AD
S21402E1400446284602F043F8204638BD70B5044619
S21402E1500E4602F041F805462046FFF794FF314688
S21402E1602046ECF771FD0446284602F030F82046B9
S21402E17070BD134607B500228DF807100DF1070093
S21402E180194600F05AFB03B05DF804FB0846114638
S21402E1901A4600F052BB01207047EEF7FDBA00F0B7
S21402E1A0E9BAECF7F1BB10B502F016F8044600F037
S21402E1B015F8ECF70FFC2046BDE8104002F007B851
S21402E1C0024608B5ECF7E0FB507D08BD024608B5EE
S21402E1D0ECF7DAFB507D80F0010008BD00F06ABB68
S21402E1E0ECF70ABF00F0B3B838B503210546ECF7E2
S21402E1F053FE04462846EEF77FF9204638BD38B56A
S21402E20090F825400D46FF2C17D0023C012C8CBFFF
S21402E2100024012449682246EEF7AAF9286890FAF3
S21402E220A0F0000AEFF7B2FFA97A2889224681F009
S21402E2300101EEF7CDF9002038BD0220FCE730B52B
S21402E24085B005460FC96C4684E80F00214628466D
S21402E250FFF7D5FF05B030BDF0B59C4605460E4625
S21402E260174687B00C9B02AC0FCB84E80F006346C0
S21402E2703A46314628460094EEF7DEF907B0F0BD7E
S21402E28000207047002070477047D0F89C3003F09B
S21402E2906003402B0DD0602B03D0203B58425841E0
S21402E2A0704749B10B68012B06D9486940F0010056
S21402E2B0704740F20110704700207047F7B50446D9
S21402E2C01046D4E954C7DDE908268CEA020587EA37
S21402E2D006010540194085EA0C057940C4E9545107
S21402E2E0002523F4004106EA010320F0010043F46E
S21402E2F00073024043F0020301950095F2F7F0F92D
S21402E30094F824309A0713D5D4F854319B050FD5C8
S21402E3104FF48811204600F044FC94F8243002465C
S21402E32065F3410384F8243020460B46ECF7A2FD41
S21402E330002003B0F0BD30B4D0F89C300A4023EA87
S21402E34001031343C0F89C3030BCEDF759BC0220E1
S21402E350EFF756BBD0F8F02008B57AB11368022B57
S21402E3600CD9536A13F47F4FC3F3072106D0126AFF
S21402E370DBB253438B42B3FBF1F006D200204FF4DC
S21402E38035624C21ECF7EAFA002008BD0346B3F8E2
S21402E390322108468A4203D0A3F83211EEF7AABE0B
S21402E3A0002070474FF48071F2F742BD10B500238B
S21402E3B0ECF716FF044608B9F1F7F4F9204610BD4B
S21402E3C038B51D4600230446ECF70AFF28B929464D
S21402E3D02046BDE83840F1F7D1BA38BDD0F8F00093
S21402E3E040B10368122B04D9006D202828BF2020D4
S21402E3F0704700207047F8B507460E468C88ECF743
S21402E40081FE97F825700546042F737C0CD1012BEC
S21402E4100AD801460120F1F7CFF8421C01D10220AA
S21402E420F8BDE30003330EE0023FFFB2012F8CBFBC
S21402E430002001202946F1F7BFF8431CEFD0012F38
S21402E4404FEAC403EED903220344B271002DE6D08C
S21402E450B3F5803FE3D84FF224416A0901FB032358
S21402E4602D09B3FBF5F332680020D21A3260D7E7E3
S21402E47038B54FF03A430546DC6A808AC4F30C048A
S21402E480A04234BF0020012041F265420821ECF789
S21402E49065FAA88A001B80B238BD2DE9F04188468D
S21402E4A018F0030706461546194633D1B2F5805FC3
S21402E4B030D89A422ED33F2A28D9B2FA82F40122C1
S21402E4C00120C4F11F03DBB29A4092B2AA422CBFCB
S21402E4D0C4F11904C4F11A04E2B2931DDBB29840E7
S21402E4E080B2A84214D096F80131ABB9012096F852
S21402E4F0243060F3C71386F824304046EEF754FA09
S21402E500C6F82080B5823846BDE8F0813A46EAE78A
S21402E5100020ECE72127F6E70E27F4E7F8B511F01E
S21402E520030607460D46144621D102B313883F2B35
S21402E5301DD9B3FA83F3C3F11901C9B2062901D86A
S21402E540192B12D0062928BF062101238A1DD2B212
S21402E55093402846238000F05DF923883846FD6103
S21402E5607B82EEF739FB3046F8BD3146EDE72126D1
S21402E570F9E738B5148811F003054FEAC4041ED132
S21402E5803F2C1CD9B4FA84F4C4F11903DBB2052B70
S21402E59001D8192C11D0052B28BF052301240633D8
S21402E5A0DBB204FA03F3C3F3CF041480816104825E
S21402E5B00387EEF711FB284638BD2B46EEE72125EA
S21402E5C0F9E770B50E4610210546F2F731FC04460F
S21402E5D0102128463201F2F717FCF2F733FC2046E8
S21402E5E070BD1021F2F724BCF8B504460E46174655
S21402E5F001F0E9FD3A46054631462046EFF7A4FF0C
S21402E6000446284601F0DAFD2046F8BD022070478F
S21402E61003207047EFF7ECB940F2366070470020EF
S21402E62070470022EDF7C0BB08B50B46062200F580
S21402E63098711846F6F750F8002008BD0429F8B578
S21402E64005460C460AD10026F7B23846EEF796FD86
S21402E65008B13C4602E00136042EF5D12046EEF71C
S21402E6608DFD58B195F83031A34209D085F8304176
S21402E67005F59870BDE8F840EEF742BD2120F8BDDA
S21402E6800020FCE7F8B5FF230F78044680F829300F
S21402E69090F8306138460D4600F000F984F82800FC
S21402E6A06988B4F832318B420BD194F830212B783A
S21402E6B09A4206D1AB88D4F8B0209A4201D1002003
S21402E6C0F8BD2046FFF762FE39462046FFF7B6FF42
S21402E6D018B10C2384F83031F2E72046A988ECF70B
S21402E6E063FD0028ECD104F59870EEF73DFD002896
S21402E6F0E6D1D4F8EC30002BE1D094F83011B142D8
S21402E700DDD02046B3F91220DAF752FF84F8390139
S21402E710D5E7EDF79FBC10B5144608460121EFF782
S21402E72033FC2046BDE810400121EFF72DBC8021C6
S21402E730F2F77EBB10B50446EDF79AF9014620467D
S21402E740BDE81040EDF79AB910B5044681B1931EA4
S21402E750022B94BF4FF4BC73282380F82520C0F800
S21402E7600831FFF70CFC2046EDF7A0FE002010BD96
S21402E7702120FCE7EEF710B838B5054610460C46E1
S21402E780EEF780F865B1D5F8EC304BB15B693BB17A
S21402E7902268013204BF6FF00102226022681A600A
S21402E7A0002038BDF0F70CBA002070472DE9F74F6D
S21402E7B001251C469DF8303006460193036817462D
S21402E7C003F0070306339D4005F1FF380B46A1B15F
S21402E7D0416804EA080BA5EB0B0A41F000595245C2
S21402E7E009EB0B0114D952461846F5F775FF494650
S21402E7F07A1B5A445044F5F76FFF019B2BB13C44F9
S21402E80048EA050804EA0804F46003B0BDE8F08F9D
S21402E8101846F0E74FF03A4301225A6740F6FF7275
S21402E820D96418651A67704737B5002514460095EF
S21402E830FFF7BCFF204603B030BD70B50E46154646
S21402E840044608B9002070BD0378042B18D020783F
S21402E850EEF794FCB0B923780C2BF3D10EB1FF235C
S21402E8603370CDB1FF232B7016E020780130C0B292
S21402E87003282070EBD8EEF781FC0028F5D0E6E7F7
S21402E8800020F5E71EB12078EEF7AEFC30701DB121
S21402E890207800F003F828700120D4E710F0FD0F6E
S21402E8A014BF4FF0FF300020C0B270477047002000
S21402E8B00021704708B5EFF7EDF8BDE80840EFF71E
S21402E8C011B938B50446FFF7F5FF0546FFF7F2FF24
S21402E8D0431BA342FAD338BD38B50D460446EFF7BC
S21402E8E0D9F835B1844200D90139204601F0030136
S21402E8F038BD844238BF0131F7E708B5EFF7E2F8D2
S21402E900BDE80840EFF7EEB808B50121FFF7E4FFCF
S21402E910BDE80840EFF7E6B808B521B19200F5F772
S21402E920DBFE002008BD2120FCE700F06F43B3F1B8
S21402E930804F02D0B3F1204F02D120F070407047D2
S21402E94000F06043B3F1204F08BF20F080507047BC
S21402E9500B0C23F48053B3F5284FF7B50D468FB250
S21402E960064699B216D04AF60103994214D04AF6E0
S21402E9700203994212D0B1F5204F14BF0424032497
S21402E980D6F8EC300BB1196851B9D6F8E83093B91D
S21402E99028680EE00024F3E70124F1E70224EFE7FB
S21402E9A0234668463A46EFF711F9DDE90003002BE5
S21402E9B0EBD103B0F0BD19680029E9D023466846BA
S21402E9C03A46EFF703F9DDE90003002BE0D1F0E762
S21402E9D00204C0F3891307D56FEA83536FEA935391
S21402E9E013F5007F18B206D0A3F1C8006FF4FF73C8
S21402E9F09842B8BF184670474FF0384359699A692B
S21402EA0003F500530A405A61704700EB8023C0EBBF
S21402EA10831353FA81F303EB8322C3EB8213C1F30E
S21402EA200722134403EB8322C3EB8213C1F307428C
S21402EA30134403EB8322C3EB821303EB116070478C
S21402EA4038B50D46144604B938BD55F8041BFFF711
S21402EA50DCFF013CF7E72DE9F0470C4669B1CB1C19
S21402EA60B3F5002F09D24FF0000844F6FC7654F8AE
S21402EA7028104FEA88094B1C01D1BDE8F087FFF742
S21402EA80C4FFC1F30263032B844608F10107C1F3F6
S21402EA90074514D18BB2F31AB5EB930F4FEA930ADC
S21402EAA00DD909F1040152462144FFF7C9FF8446F5
S21402EAB008F10208013D08EB0A07A5EB0A052A46FB
S21402EAC0604604EB8701FFF7BBFF07EB0508CEE7BE
S21402EAD0F8B50446002850D000F11703B3F5002F0E
S21402EAE005464AD2F0F7B4F8217D00EB8023C0EB4E
S21402EAF083130B44A28A03EB8321C3EB811303EB3C
S21402EB00122304F1100618462968FFF77EFF2A78BA
S21402EB1003469AB9696861B1CA1CB2F5002F08D2D9
S21402EB206A7852000132FFF78BFF03460835B5427A
S21402EB30E9D12069C31A58425841F8BD012AF8D1D2
S21402EB4068680028F5D0421CB2F5002FF1D2E978A9
S21402EB50AA78891A01310029E8D030F8027B03EB43
S21402EB608322C3EB821353FA87F303EB8322C3EBAE
S21402EB70821303EB17230139EDE70020DDE70E20B1
S21402EB8070477047F1F752B8F1F750B8F1F74EB840
S21402EB90F1F74CB808B50846F1F756FC08BDF1F790
S21402EBA045B838B505460C4601F00DFBD5F8983049
S21402EBB01C40D5F894302343C5F8943001F0FEFA91
S21402EBC0211E18BF01210020490238BD00207047CF
S21402EBD07047704710B5044600F03800F2F778FC2C
S21402EBE078B1D0E901324178C4F3074411F0020F3C
S21402EBF008BF1346043B53F8040F10B10278A24232
S21402EC00F9D110BD052B07D920F47F4020F0C700AC
S21402EC1040F400701060918070470368186800F036
S21402EC2099B838B50546F2F723FC04462846FFF79E
S21402EC30F4FF204638BDF2F777BB10B500F10804A2
S21402EC4054F8083C0BB9184605E054F8040C9847EB
S21402EC5008340028F4D010BD70B504460C30DDF739
S21402EC609BFD0023666856F8232062B906EB8305EF
S21402EC70B5420AD123697BB900236380637823F007
S21402EC800E03637070BD0133EDE755F8043DDB6893
S21402EC90002BEDD09847EBE7DD68002DECD0043D65
S21402ECA055F8043F002BE7D09847F9E738B50369D3
S21402ECB005460BB1186810B90024204638BDFFF788
S21402ECC0BCFF04460028F7D02846FFF7C5FFF4E746
S21402ECD070B54378054623F00C0343F002034370F5
S21402ECE0036953B1586840B1FFF7A7FF044620B145
S21402ECF02846FFF7B1FF204670BD6E68043E56F800
S21402ED00044F2CB9202005F10C01DDF733FDF2E7A4
S21402ED10A368002BF3D0984704460028EFD0E7E715
S21402ED204078C0F340007047437813F00E0F0CBFD4
S21402ED3001200020704707B501A9FFF77CFF03B04A
S21402ED405DF804FB08B500F05BF9002814BF142038
S21402ED50002008BD7047430803F05533C01A00F080
S21402ED603333800800F0333018444FF0013300EBA1
S21402ED70101000F00F305843000E704710B50446CE
S21402ED8088B1836A016A7BB180689847002394F849
S21402ED90240023620C28636005D82146DDF7A6FE10
S21402EDA00D2384F8243010BD0029EFD08368002B91
S21402EDB0ECDB0846F6F7CBFCE8E7002307B51A4675
S21402EDC0019101A9F2F730FD03B05DF804FB0023C0
S21402EDD030B587B004939DF83430DDE90A450393D5
S21402EDE00C9BCDE900450293F2F794FC07B030BDC8
S21402EDF0052330B585B003930A9BDDE908450293E7
S21402EE00CDE90045FFF7E3FF05B030BD30B500237E
S21402EE100024002585B0CDE900450293FFF7E8FF00
S21402EE2005B030BD03680B60016070472DE9F04104
S21402EE300E46174600240546006808B9BDE8F0816C
S21402EE40D0E90083B3420BD18368BB4208D154B9E0
S21402EE50C5F80080C368DB0701D5F6F778FC2046C4
S21402EE6004464046E9E7C4F80080F3E7002370B59D
S21402EE701A46194605460468F2F7D6FC0CB92C6009
S21402EE8070BDE3682668DB0702D52046F6F75FFC0E
S21402EE903446F3E72DE9F8430E461746054610B901
S21402EEA00020BDE8F8830468002CF9D0D4E9008974
S21402EEB03B4632462946A068C8470028F1D1444658
S21402EEC0F2E730207047034610B501391A1A91420C
S21402EED000D810BD445C1A7803F8014B425401393D
S21402EEE0F4E700230144884200D1704700F8013B52
S21402EEF0F9E70E20704770470020704710B50446A9
S21402EF00FEF796FD0346204009D014F0050006D011
S21402EF10DB4363F0050323420CBF0120002010BD33
S21402EF20704710B504460B68084623608B88A3809A
S21402EF3042B1E7F707FEA0712046FCF7FDF900B9DB
S21402EF40A07110BD4920F6E783791A0705D413F09D
S21402EF50100F0CBFFF2001207047002070470000F2
S21402EF60014B1868704700BFB42A00200A4B1B6F7B
S21402EF7003F00703013B032B03D8DFE803F00A0381
S21402EF800608FEE7054B18687047054BFBE7054881
S21402EF9070470548704700BF00800050B42A002022
S21402EFA0BC2A002080D54302002D310108B5FFF7A8
S21402EFB0DDFF054B1B6FC3F303330133B0FBF3F0E6
S21402EFC0024B186008BD00BF00800050B02A002027
S21402EFD00048704700B4C40400487047002D310151
S21402EFE0014B1868704700BFBC2A002000487047D3
S21402EFF080D54302014B1868704700BFB82A00202C
S21402F000034B5868C0F30800003818BF0120704749
S21402F01000ED00E00A4A08B5127852B107280AD86D
S21402F020084A02EB00131B7B3BB1D8F7CDF9002050
S21402F03008BD0548FCE70548FAE70548F8E700BFBB
S21402F040B628002014110020028000F0018000F093
S21402F050078000F00B4A10B512780C4662B10728FA
S21402F0600CD859B1084A02EB00131B7B43B1D8F700
S21402F070BDF92070002010BD0448FCE70448FAE7FA
S21402F0800448F8E7B628002014110020028000F099
S21402F090018000F0078000F00B4A10B512780C468B
S21402F0A062B107280CD859B1084A02EB00131B7B41
S21402F0B043B1D8F7B3F92060002010BD0448FCE73E
S21402F0C00448FAE70448F8E7B6280020141100209E
S21402F0D0028000F0018000F0078000F0B8B10368FB
S21402F0E013F4E07F03F03F00C3F382120AD0012A32
S21402F0F00DD1084B41B103F58053012282401A60BC
S21402F10000207047044BF5E703F50053F5E70E20A1
S21402F110704700BF68800050648000500146064871
S21402F12002688A4205D843681A44914228BF0020E2
S21402F13070470020704700BFB01100200229F8B5C2
S21402F14096BF104B00245C5C012805460E4608D08C
S21402F150022809D008B944F002040B4B1F6837B9DD
S21402F160F8BD44F00804F8E744F02004F5E77B68AD
S21402F1701A68144203D0314628465B6898473F68AF
S21402F180EDE700BF98170300DC11002038B5104DDC
S21402F1902B78ABB10F4C23781BB100F083FA002317
S21402F1A02370002001F0A2F80B4C50B100F0CCFA0C
S21402F1B00023012120782B70FFF7C0FF0123237064
S21402F1C038BD0122054B1A702278054B1A70F7E7F4
S21402F1D0C2280020C0280020C8280020C3280020FB
S21402F1E0C42800200C4A1378FF2B01D158B170476F
S21402F1F00BB908B9704730B101331370074B1B784F
S21402F200012B03D87047013B13707047044B1B78E1
S21402F2100BB9FFF7BBBF7047C7280020C8280020DD
S21402F220C328002010B500F0CEFF064B04461B781C
S21402F2301BB1BDE8104000F0C1BFFFF7A7FF204694
S21402F240F7E700BFBF2800200228F8B504D0244AFA
S21402F2501378FF2B01D1E9B1F8BDD3B90029FBD051
S21402F260012313701F4B1B78012BF5D900F0ABFF5F
S21402F2701D4E0446337893B920461A4C00F09EFF82
S21402F28020780128E8D00121FFF758FF01232370D8
S21402F290E2E711B9013B1370DEE70133E1E7134FF2
S21402F2A03B781BB901223A70114A1370114D2B7824
S21402F2B01BB100F0F7F900232B70204600F07EFF0A
S21402F2C0012001F013F800F07EFF3B7804461BB1E4
S21402F2D000F03AFA00233B7000233370CCE700BFFD
S21402F2E0C7280020C8280020C2280020BF280020E7
S21402F2F0C3280020C02800202DE9FF47EFF3108521
S21402F30072B6AFF3008001F066F9002870D0704E36
S21402F310704F337823B10020FFF764FF0023337069
S21402F320387870B903A900F095FB044648B96A4BD1
S21402F330039A1B689A4263D80120FFF753FF012302
S21402F34033703B78654CDFF8BC91002B72D0207886
S21402F350012840F09480207800F052F999F80030A5
S21402F36013B15F4B1B782370AFF30080284600F082
S21402F370B8FFEFF3108572B65A4B1A7852B10022D4
S21402F3801A70574B20781B78984203D101212170BE
S21402F390FFF7D4FE544800F013FB01F03FF9804615
S21402F3A00028B6D1514B524F18703B789BB189F862
S21402F3B00000DFF84C9199F800301BB100F072F9AA
S21402F3C089F80080002000F091FF002875D000F038
S21402F3D0BBF900233B70337823B10020FFF702FF0E
S21402F3E00023337000212078FFF7A8FE0023237045
S21402F3F0AFF30080284604B0BDE8F04700F071BFC6
S21402F4003C4BD3F8008000F0E9F8039B8044984513
S21402F41092D200F0CDF98200039942F0020292B233
S21402F420CDE900422346344AA1EB08012E4800F0FB
S21402F4305FFF86E72E4BDFF8B4801B780BB900F02F
S21402F44015F92078022831D198F8003023B100222D
S21402F450264B1A7001F02CF9DFF8948098F80030E9
S21402F460002B7FF478AF254B1B7823B900F014F9F4
S21402F4700122234B1A70012388F800306BE74FF005
S21402F48001080023DFF864A08AF8003099F80030FB
S21402F49013B94146FFF752FE9AF8003084F800800E
S21402F4A03BB1B8F1020F7FF456AFD0E74FF0020837
S21402F4B0E7E7B8F1020FCFD04DE7012000F0A0F841
S21402F4C0284600F00EFFEFF3108572B67AE700BF0B
S21402F4D0C1280020C7280020E4110020C8280020E8
S21402F4E0C4280020BD280020E8110020C5280020DE
S21402F4F0C2280020E011002025F20200C6280020C3
S21402F500C0280020C328002010B500F05CFE0022B0
S21402F510054B1C781A7000F051FE00F02BFBE4B28B
S21402F5202043C0B210BD00BFBE28002038B500F090
S21402F5304AFE094B05461B78012B04D800F03EFE16
S21402F5400024204638BD054B1C6800F047F80444EA
S21402F550284600F033FEF4E7C8280020E011002019
S21402F560184B19491A6F10B502F007020A60196F94
S21402F570164801F4744101601549164C8969032A3C
S21402F58001F00200C1F34001134A21700FD0D3F8F4
S21402F590201101F00301022909D0D3F8241101F049
S21402F5A00701022903D00021117018B910BD0123EA
S21402F5B01370FBE7D3F8003103F00303591E4B42E6
S21402F5C04B41F5E70080005048120020441200200C
S21402F5D000C00150CD280020CE280020054B187808
S21402F5E018B1054B186800EBD000044B1B68184492
S21402F5F0704700BFCE2800200C12002040120020C8
S21402F600012808B50BD00238012807D80020D7F702
S21402F610A1FB124A136923F00403136108BD104AC2
S21402F620137823B10F490B6F43F474430B670B49EE
S21402F6300B6923F004030B61BFF34F8FBFF36F8F89
S21402F64030BF1378002BE9D0064A0749136F0968C2
S21402F65023F474430B431367E0E700BF00ED00E0BA
S21402F660C12800200080005044120020074A0849A2
S21402F670D2F8203103F003030B60D2F82431054A96
S21402F68003F007031360F2F74FBF00BF008000507D
S21402F69054120020501200200122014B1A707047AB
S21402F6A0CC280020F8B51F4B1B78002B39D01E4CF7
S21402F6B02378B3B91D4B9A6DD10302D5DA6D920742
S21402F6C02FD49B6DDB072CD400F096FE184B194AFC
S21402F6D01860136F23F0070343F003031367FFF763
S21402F6E065FC00F089FE124B134D1B68134EC01AC0
S21402F6F02B78134F56F8232046F82300111A3A683F
S21402F7001048521A0A213A600932B2FBF1F201336A
S21402F710DBB20260B3FBF1F201FB12332B70002363
S21402F7202370F8BDCE280020CB28002000C0005051
S21402F7303C12002000800050CA280020141200202C
S21402F740101200200C12002008B5F2F7F0FE124B41
S21402F75012491A6F096822F007020A431A6710490B
S21402F760D3F82021096822F003020A43C3F82021B5
S21402F7700C49D3F82421096822F007020A43C3F889
S21402F7802421094B1B7813B10122084B9A62BDE86B
S21402F7900840FFF70BBC00BF008000504812002054
S21402F7A05412002050120020CE28002000E0005004
S21402F7B0014B1878704700BFCE28002008B5104BC2
S21402F7C01A78C2B100221A700E4B1A6F22F0070284
S21402F7D042F001021A67D3F8202142F00302C3F86E
S21402F7E02021D3F8242122F0070242F00302C3F8B4
S21402F7F02421FFF7DBFB0122034B5A6708BD00BF3B
S21402F800CC2800200080005000E000500D490B6814
S21402F810A0B10022A3B1834203D1836822B90B6050
S21402F82003E01A469B68F5E7936083680BB90020ED
S21402F83070475A6941690A445A61F8E722207047BC
S21402F840022070476012002038B500F0F1FD002556
S21402F850084B094C1A682368C31A2AB123B15169A6
S21402F860994203D3C91A5161206038BD55615B1AAB
S21402F8709268F2E7601200205C12002038B5154D3F
S21402F8802B682BB35B69A3B1134A022014681C448D
S21402F89000F0A6FA204600F065FA00230F492A680F
S21402F8A00B7022B1D08880070AD501230B70002086
S21402F8B038BD022000F094FA022000F0B3FAECE71A
S21402F8C09268002AF3D050690344012BEAD9EEE786
S21402F8D02220EDE7601200205C120020D0280020D3
S21402F8E0C38870B504460D463BB9FFF71FFE854236
S21402F8F0064602D2F4F7B4F935460E4965610B683E
S21402F9008BB90C60A3600DE0AD1A9A681846656163
S21402F9106AB113465A69AA42F6D930B18460521BBC
S21402F920A3605A6170BD0020F4E70C60F7E79C60A4
S21402F930A260F7E76012002070B516469DF8142004
S21402F940C0E903360271049ABDF81830026000223C
S21402F95004460D468260C380EEB900F069FD284475
S21402F960A0619DB12E4600F02EFC0546FFF76CFF07
S21402F97031462046FFF7B4FF104B1B68A34201D165
S21402F980FFF77CFF284600F019FC02E0E368656199
S21402F9907BB9002070BD00F04BFD3044A061002D05
S21402F9A0E0D1E3686561002BDDD0204621689847E8
S21402F9B0D9E7204621689847EBE700BF601200208F
S21402F9C038B5044618B300F0FEFB0546FFF73CFFC9
S21402F9D0104B1868A04209D02046FFF717FF0446CE
S21402F9E080B1284600F0EAFB204638BDFFF70EFF3E
S21402F9F004460028F5D1FFF741FF222802D1022053
S21402FA0000F0FAF9284600F0D9FB0024ECE722249D
S21402FA10EAE700BF6012002038B50C460546A8B1DA
S21402FA20A1B100230B7000F0D7FB0121084B1B6825
S21402FA3033B900F0CCFB002038BD9D4204D12170C2
S21402FA402278002AF9D0F4E79B68F1E72220F3E750
S21402FA5060120020F8B506460F4600F0BDFB0025F2
S21402FA600446124B1B6823B9204600F0B0FB1B204D
S21402FA7011E05A691544DA88B2420DD100F0D8FC7A
S21402FA800B4E3368C01AA8420AD3002320463B60B6
S21402FA9000F09DFB0020F8BDFF2EEFD09B68E2E74A
S21402FAA000F0C6FC33682B441B1AEFE760120020F6
S21402FAB05C12002070B500F08FFB064600F0B8FC22
S21402FAC0084B044601201D6800F0A2FC18B100F0A5
S21402FAD0AFFC04460135304600F079FB2046294645
S21402FAE070BD00BF68120020014B1868704700BF47
S21402FAF064120020F8B50C4B05461B680E4683427E
S21402FB000FD3002440F2E7302146084B4FF47A72B6
S21402FB101F680023E5FB0701DBF76AFA3060204620
S21402FB20F8BD2120FCE700BF581200206412002016
S21402FB300F4B10B51A689AB14FF47A71531E1342DE
S21402FB40A0FB01010ED1B2FA82F2C2F11F04531CCD
S21402FB50D243E04001FA03F3184321FA02F20243C9
S21402FB60104610BD0023DBF743FA0246F8E700BF53
S21402FB706412002010B500F02FFB034B1C7800F037
S21402FB8026FBE4B2204610BDCF2800202DE9F04126
S21402FB909846002386B00D46174606468DF8133063
S21402FBA080B30DF11301FFF737FF9DF813305BBBEF
S21402FBB0284605A9FFF79EFF0446F8B9134B4FF4F3
S21402FBC07A7218680023A5FB0001DBF711FAC2F56A
S21402FBD07A7189B2B1F57A7F08BF0021BDF8343058
S21402FBE0B183F483059A02939DF830301146CDE92D
S21402FBF0008330463B46FFF79FFE0446204606B08B
S21402FC00BDE8F0812224F9E70224F7E76412002017
S21402FC1008B5084B1B7803F0FF004BB100F0ECFB75
S21402FC20054B1B689B69C01A02288CBF0020012066
S21402FC3008BD00BFD028002060120020C2072DE9B0
S21402FC40F843044607D5444A136801331360FFF7A6
S21402FC50FBFDFFF713FEA3077CD500F0BDFA4FF0BD
S21402FC60000805464646FFF7EFFD3C4F3C680CB1E0
S21402FC706369A3B100223A4B012E1A7003D118F021
S21402FC80020F18BF1E70FFF7F9FD222802D10220CC
S21402FC9000F0B2F82846BDE8F84300F098BA2346CA
S21402FCA05A693AB91A792179914288BF1C469B68EB
S21402FCB0002BF5D1284600F08AFA2569DDB100F05E
S21402FCC0B7FBA269A0EB02084FEAE873A84573F1F6
S21402FCD0000311DB23691344A361E36813B12046D2
S21402FCE021689847B4F8068000F076FA0136054691
S21402FCF0FFF7AAFDBAE7A84600F06EFA814620464C
S21402FD00FFF784FD484600F062FA2369002BE4D030
S21402FD10A38BB5EB080533B1E28B13449BB2B3F564
S21402FD207A7F0FD2E38300F057FA804629462046B0
S21402FD30FFF7D6FDA369226940461344A36100F08B
S21402FD4046FACAE7A3F57A73E383A369013D013B4A
S21402FD50A361E8E7BDE8F88368120020601200207D
S21402FD60CF28002010B5044600F02DFA4FF0B0421E
S21402FD70936A1907FCD4136A116C5269520604D4AA
S21402FD80CA1A032A01D899420ED1E21A022A98BF49
S21402FD90DC1CB4F1FF3F38BF013C4FF0B0434022B9
S21402FDA01C6403F580539A6100F008FA054A13783A
S21402FDB03BB14FF0B041CB6B43F00203CB63002361
S21402FDC0137010BD742F002007B5044B01A91879D3
S21402FDD000F028FA019803B05DF804FB2817030028
S21402FDE000F001038207034A48BF43F040039361D1
S21402FDF0704700BF00100058820700F001030AD5C2
S21402FE000121064A43F0400311704FF0B041CA6B1D
S21402FE1022F00302CA63024A93617047742F0020DD
S21402FE2000200058830742BF4022014B5A617047A8
S21402FE300010005830B5154B87B00293144B039050
S21402FE40049346F611030D46059300F077F914283D
S21402FE50044616D1684600F080FB4FF0A843032202
S21402FE6002A95A6319601D619A63DA6B9207FCD184
S21402FE70142C02D1684600F07EFB00F093F904468B
S21402FE8001E00028E9D0204607B030BD84120020E9
S21402FE90040000202DE9F04FB1B005468C469E4680
S21402FEA0E8466F4EDDF8EC90409C06F1100A474695
S21402FEB030687168083603C75645B846F7D13E9B88
S21402FEC003EB0208C8F1000A0AF00F0AB9F1000FA4
S21402FED000F09D80C9F1000707F00F070121DDF849
S21402FEE0FCB044F00050C4F11006CDF810B00591F5
S21402FEF00690300200F4F85040F021000790B9F165
S21402FF00000F40F08680CDF820D047F00050002D3C
S21402FF1000F08480099121210A9041EA07210B9181
S21402FF2042F00050CDF830C03D9B08A94FEA0A2C9B
S21402FF300D910E904CF041000F901093002A75D14F
S21402FF403E9B119143F0005312933C9B13901493E3
S21402FF5010AB1593434B444A169340F6110317937E
S21402FF60424B0021002D08BF1346189314AB199379
S21402FF703F4B10221A9311231B931CAB1846F4F71F
S21402FF8084FB01221D92002246F0804603461E96FE
S21402FF90239205B9EB46102CCDF880B024AE4BD197
S21402FFA0012322460021304621932294F4F76DFB6A
S21402FFB020AB002125938F4218BF334647F080427C
S21402FFC026923A9A2CA828922993B2FA82F35B09CF
S21402FFD049EA837310222B912A93F4F756FBB9F160
S21402FFE0000F00D028AED04448F080432CA918A8B1
S21402FFF02D962E93FFF71EFF30B92DB90346A34266
S21403000025D1002818BF2C2031B0BDE8F08F10276B
S21403001064E7CDF820E049F0005078E7002C3FF481
S21403002079AF04A9099101210A9076E73E9B0CAAB1
S21403003011924120129388E7102200213046219323
S2140300402294F4F722FB002CB2D10123B1E703F18B
S214030050C0026A4412F8C02C01331043CFE700BF36
S2140300601318030010000020281803002C180300A0
S21403007004000020F0B5C0299FB0DDE9244557D021
S214030080B1F5807F04D0802948D029201FB0F0BD69
S21403009001265CB140F2344702941024039604947C
S2140300A0212401970594069502AC0AE040F2144712
S2140300B002941024039604942124059401240197A2
S2140300C00695079401251024089409950A9221227F
S2140300D00B950C940D92174A0AAD0E92164A0F957D
S2140300E0109242F6110211921293139514941592DC
S2140300F001AA1692D3B112AB1793042318931123B4
S214030100199316AB1A901B9340F61103C9081C915A
S2140301101AA806A91D93FFF78DFEB7E7012614B9A3
S2140301204FF48267C4E74FF48667B5E70EABE3E7A1
S2140301300F20ABE7241803001000001038B5164B49
S2140301405A6E42F004025A66D3F8802242F0010245
S214030150C3F88022114B5B68C3F3080343B14FF027
S214030160A842D36B13F0430FFBD11424204638BDAB
S2140301704FF0A843DC6B14F04304FBD1084D2B6807
S2140301801BB904212846F4F725F92B68013343F0FD
S21403019000432B60EAE700BF0080005000ED00E05C
S2140301A084120020014B00205B68704700ED00E0DE
S2140301B04FF4004070474FF47A70704710B962B638
S2140301C0BFF36F8F7047EFF3108072B6704780F3FC
S2140301D01188BFF36F8F7047EFF31180302383F3DB
S2140301E01188704770B10122417803788A40302124
S2140301F04B4343F2100103F1A04303F57033002091
S2140302005A507047222070470122417803788A406B
S21403021030214B4341F2100103F1A04303F5703341
S2140302205A50704709B100F008B8222070470121E0
S214030230FEF754BF0021FEF751BF70B506460D46C4
S214030240FFF7CAFF04461D2E48D8DFE806F00F184E
S214030250471D20234726292C47472F324735384743
S2140302603B473E474744474747474741FEF77EFEDF
S214030270002628602046FFF7AAFF304670BD4FF4DD
S214030280C070D6F7A9F8F3E74FF42070F9E74FF4F8
S2140302904070F6E74FF46070F3E74FF40070F0E752
S2140302A04FF48060EDE74FF49060EAE74FF4C060E8
S2140302B0E7E74FF4F060E4E74FF4B060E1E74FF4AC
S2140302C0D060DEE74FF4E060DBE74FF4A060D8E7EA
S2140302D04FF48070D5E74FF40860D2E7002021265C
S2140302E0C7E710B962B6BFF36F8F70470120704738
S2140302F02DE9FF410D4616461F460446A8B14FF0AA
S2140303000008C0F81C80FFF75BFBBDF82C304246A4
S21403031002939DF828302946CDE9007320463346DC
S214030320FFF70AFB04B0BDE8F0812220FAE7F0B538
S2140303300D4616461F46044685B090B10023C3619A
S214030340FFF73EFBBDF82C302A4602939DF8283073
S2140303502946CDE9007320463346FFF7EDFA05B08C
S214030360F0BD2220FBE7F0B51F46002387B00D46FD
S214030370164604468DF81730A8B1C3610DF1170170
S214030380FFF74AFB9DF817207AB9BDF834302946A3
S21403039002939DF830302046CDE900733346FFF7CD
S2140303A0CBFA07B0F0BD2220FBE70320F9E7F0B550
S2140303B01F46002387B00D46164604468DF81730B1
S2140303C0B0B1C3610DF11701FFF726FB9DF8173097
S2140303D083B9BDF834302A4602939DF83030294657
S2140303E0CDE9007320463346FFF7A6FA07B0F0BD03
S2140303F02220FBE70220F9E738B5FFF7EDFE0546B6
S21403040000F016F804462846FFF7E1FE204638BDFE
S2140304104FF0B04301285B6904D0022805D1C3F32B
S2140304208010704703F00100704700207047704744
S2140304304FF0B0439A6A1207FCD4186A7047F0B5B7
S214030440154649228FB0149C8DF8242004F10C061F
S2140304500DF1250254F8047BB44242F8047BF9D12B
S214030460247814704FF48074ADF834409DF85440EB
S21403047000228DF8364004240694169CCDE9001518
S21403048005941324049409ACCDE902340B461146B3
S2140304908DF832208DF83350FFF7FCFC0FB0F0BD1B
S2140304A030B5C02A93B02FD0B2F5807F29D0802AEA
S2140304B02CD14FF4807480F00100204301901698ED
S2140304C00125029010242120039504940590069399
S2140304D001AB0795089409900A9306AB0B93042384
S2140304E00C9311230D930AAB0E910F9340F6110351
S2140304F0D20802A90EA810921193FFF79BFC13B023
S21403050030BD4FF48274D6E70F20F8E72920F6E7CC
S21403051008B5FFF713FEBDE80840FFF743BE1FB557
S214030520079C02949DF81840CDE9003413460A460A
S21403053001460020FFF783FF04B010BD1FB5079CDC
S21403054002949DF81840CDE9003413460A46014646
S2140305500120FFF774FF04B010BD10B50446FFF783
S21403056032FE4FF0A8431A6822601B696360FFF7E8
S21403057025FE002010BD10B50446FFF724FE4FF0FD
S214030580A84322681A6062681A61FFF717FE002004
S21403059010BD10B40446084611469DF80420019287
S2140305A0A2685DF8044BFFF7BABF10B404460846CA
S2140305B011469DF804200192A2685DF8044BFFF7EC
S2140305C0BDBF8068FFF756BD8968FFF769BF012086
S2140305D070470120704738B5D4F734FF0546D5F782
S2140305E0A1F8041E18BF2C46FDF71BFC051E18BFFA
S2140305F02546DAF725FA041E18BF2C46D0F7A4F9C9
S214030600051E18BF2546D2F77FFA041E18BF2C46D0
S214030610FFF7DDFF002818BF204638BD38B5FEF7C4
S21403062073FF0446D4F728FF042833D002284FF07C
S214030630000508BF0124D5F76BF804282CD0022840
S21403064008BF0124FDF7F4FB042827D0022808BFBF
S2140306500124DAF793FA042822D0022808BF0124DB
S214030660D0F786F904281DD0022808BF0124D2F744
S2140306705FFA042818D0022808BF0124FFF7A9FF51
S214030680042813D0022808BF0124002D18BF002415
S214030690204638BD0125CEE70125D3E70125D8E757
S2140306A00125DDE70125E2E70125E7E70024EFE77B
S2140306B002210120F0F7B4BC000000000000000097
S2140306C0F8B500BFF8BC08BC9E467047F8B500BF37
S2140306D0F8BC08BC9E4670475FF800F0012A00206D
S2140306E0C4D8C4D8C4D8C4D8010000004407030043
S2140306F02C070300000000000000000004070300AE
S21403070000000000F433030094330300A433030013
S214030710BC33030090340300CC33030010340300CF
S21403072090320300D432030000000000F19D010064
S214030730AC070300A5950100DA07030000000000DC
S21403074000000000A59D0100AC070300C592010050
S214030750AC070300558E01000000000071DD0200A7
S21403076000000000599001000000000047DD020071
S214030770D807030075950100DA07030079DD020048
S214030780000000007DDD020000000000ADD902007D
S21403079000000000C9A502000000000009A6020030
S2140307A00000000000000000000000000000000041
S2140307B04E0C00000000000000000000781A030042
S2140307C0000000000000000004000000000000001D
S2140307D0E2FF50000001000002000400FB000C00D2
S2140307E02DB202006DB202004DB20200A3B20200A7
S2140307F0416A0100E5690100E1B202005D6501009E
S214030800FD8D0100796A010039690100AD8E010092
S21403081000000000000500080030033E043E073ECB
S2140308200C3E123E133E213E293E0DFFFFFF000005
S214030830000000006D0300005B435D2000433A2F79
S21403084055736572732F6A697368752F2E73696C97
S2140308506162732F736C742F696E7374616C6C733F
S2140308602F636F6E616E2F702F73696D706C3335E7
S21403087037373461373532383239632F702F626C2D
S2140308807565746F6F74685F6C655F6D6964646CBF
S21403089065776172652F636F6D6D6F6E2F74687207
S2140308A06F7567687075745F63656E7472616C2FBD
S2140308B0706C6174666F726D2F7468726F7567689B
S2140308C07075745F63656E7472616C5F696E746570
S2140308D072666163652E630025733A2564203A25A4
S2140308E0733A20007363005374617475733A20255A
S2140308F073203D20307825303478200041737365AB
S2140309007274696F6E206661696C65640074696DE4
S21403091065725F726566726573685F727373695F2B
S21403092073746F700074696D65725F726566726565
S21403093073685F727373695F737461727400433AAA
S2140309402F55736572732F6A697368752F2E7369D3
S2140309506C6162732F736C742F696E7374616C6C45
S214030960732F636F6E616E2F702F73696D706C33A8
S2140309703537373461373532383239632F702F6263
S2140309806C7565746F6F74685F6C655F6D696464BE
S2140309906C65776172652F636F6D6D6F6E2F74680C
S2140309A0726F7567687075745F63656E7472616C79
S2140309B02F7274612F7468726F7567687075745FD1
S2140309C063656E7472616C5F7274612E630041734B
S2140309D073657274696F6E206661696C65643A202C
S2140309E05254412072756E74696D6520696E697420
S2140309F0206661696C65640A004173736572746985
S214030A006F6E206661696C65643A205254412061BA
S214030A10637175697265206661696C65640A004175
S214030A207373657274696F6E206661696C65643A88
S214030A30205254412072656C656173652066616956
S214030A406C65640A00417373657274696F6E206621
S214030A5061696C65643A205254412067656E65721D
S214030A606963206572726F720A006F6E5F72756ECD
S214030A7074696D655F6572726F72002532583A2528
S214030A8032583A2532583A2532583A2532583A25BA
S214030A903258005B575D2000416464696E672061CD
S214030AA064647265737320746F2074686520616C68
S214030AB06C6F776C69737420253032583A25303260
S214030AC0583A253032583A253032583A253032587B
S214030AD03A253032580A00433A2F55736572732FFE
S214030AE06A697368752F2E73696C6162732F736CF2
S214030AF0742F696E7374616C6C732F636F6E616EA3
S214030B002F702F73696D706C333537373461373513
S214030B1032383239632F702F626C7565746F6F7459
S214030B20685F6C655F6D6964646C65776172652F79
S214030B30636F6D6D6F6E2F7468726F75676870750F
S214030B40745F63656E7472616C2F7468726F756719
S214030B50687075745F63656E7472616C2E63005B98
S214030B60495D20004C4F53543A20253039640A001F
S214030B704552523A20253039640A0054494D453AC5
S214030B8020253039640A004661696C656420746FF9
S214030B902067657420525353492E207363203D20EB
S214030BA03078253034780A004C4154454E43593A40
S214030BB020253034640A0054494D454F55543A2095
S214030BC0253034640A004348415241435445524950
S214030BD053544943533A204E4F544946593A2025D5
S214030BE07320494E444943415445202573205452AB
S214030BF0414E534D495353494F4E2025732052457A
S214030C0053554C543A2025730A00444953434F56D0
S214030C104552593A2049444C4500444953434F569C
S214030C204552593A20434F4E4E454354494E47008A
S214030C30444953434F564552593A205343414E0075
S214030C40444953434F564552593A20534552564901
S214030C50434500444953434F564552593A20434867
S214030C60415241435445524953544943530044491E
S214030C7053434F564552593A2046494E49534845E1
S214030C804400444953434F564552593A20554E4B18
S214030C904E4F574E005363616E6E696E67207374D2
S214030CA06F702E0A00436F6E6E656374696F6E20F5
S214030CB06F70656E206F6E2074686520726571753F
S214030CC0657374656420504859206973206E6F7489
S214030CD020737570706F727465642E204F70656E26
S214030CE0696E6720636F6E6E656374696F6E206FDF
S214030CF06E20314D2050485920616E642063686130
S214030D006E67696E67206974206C617465722E0A5B
S214030D10005363616E6E696E6720737461727465E7
S214030D20642E2E2E0A0052657175657374656420F1
S214030D307363616E6E696E6720504859206973202D
S214030D406E6F7420737570706F7274656420616E55
S214030D50642073657420746F20314D205048590AFF
S214030D6000417373657274696F6E206661696C65A2
S214030D70643A204D616B65207375726520746F202D
S214030D806164642074686520426C7565746F6F7463
S214030D9068204C4520506F77657220436F6E7472DF
S214030DA06F6C206665617475726520746F20796F49
S214030DB075722070726F6A6563740A00436F6E6E95
S214030DC0656374696F6E2050485920636F756C6451
S214030DD0206E6F74206265207365740A0070726FEC
S214030DE06365647572655F726573756C74004552EE
S214030DF0524F520A004F4B0A0053543A20436F6E29
S214030E006E65637465640053543A20446973636F74
S214030E106E6E2E0053543A20537562736372696282
S214030E2065640053543A2054657374696E670053BF
S214030E30543A20556E6B6E6F776E00524F4C453AA0
S214030E40205045524950484552414C00524F4C455C
S214030E503A2043454E5452414C006D6F64652073EF
S214030E60657474696E67730A00256420256C7520A3
S214030E70256C750A00545820706F77657220736569
S214030E807474696E67730A002564202564202564DC
S214030E900A00646174610A0070687920736574746B
S214030EA0696E67730A00636F6E6E656374696F6E4F
S214030EB02073657474696E67730A00256C75202544
S214030EC06C7520256C7520256C750A00616C6C6F3B
S214030ED0776C6973740A002D2D2D2D2D2D2D2D2D38
S214030EE02D2D2D2D2D2D2D2D2D2D2D2D0A007C2038
S214030EF020202020204144445245535320202020C4
S214030F0020207C0A007C20253032583A253032587F
S214030F103A253032583A253032583A253032583A44
S214030F2025303258207C0A00636C695F7468726FE0
S214030F307567687075745F63656E7472616C5F74F1
S214030F40785F706F7765725F736574007468726F2D
S214030F507567687075745F63656E7472616C5F73D2
S214030F6063616E6E696E675F73746F700074687228
S214030F706F7567687075745F63656E7472616C5FB6
S214030F807363616E6E696E675F72657374617274A4
S214030F90007468726F7567687075745F63656E74E6
S214030FA072616C5F7363616E6E696E675F737461A3
S214030FB072740068616E646C655F7468726F7567DF
S214030FC0687075745F63656E7472616C5F73746F5B
S214030FD0700068616E646C655F7468726F756768CD
S214030FE07075745F63656E7472616C5F737461723F
S214030FF0740070726F636573735F70726F6365649A
S2140310007572655F636F6D706C6574655F65766535
S2140310106E740068616E646C655F7363616E5F65B2
S21403102076656E740062745F6F6E5F6576656E7468
S2140310305F63656E7472616C001B29CCA603B9EB03
S2140310409E0C400FB02722F3AD1877C62BFE5F81A8
S2140310509106418ACDE16B6BBEBEA4A939C5F5E006
S2140310609BA14DE3DED63DB7479FD40A705920D2E5
S21403107083514A43A631B60961F22018C7322DC7F9
S214031080ABCF46F7FF709EB9BB5468726F7567683F
S214031090707574205465737400433A2F55736572E4
S2140310A0732F6A697368752F2E73696C6162732F69
S2140310B0736C742F696E7374616C6C732F636F6ECD
S2140310C0616E2F702F73696D706C333537373461EB
S2140310D0373532383239632F702F626C7565746F0B
S2140310E06F74685F6C655F6D6964646C6577617265
S2140310F0652F636F6D6D6F6E2F7468726F7567689B
S2140311007075745F7065726970686572616C2F7252
S21403111074612F7468726F7567687075745F706535
S214031120726970686572616C5F7274612E63006FBA
S2140311306E5F72756E74696D655F6572726F72004D
S214031140433A2F55736572732F6A697368752F2E2A
S21403115073696C6162732F736C742F696E73746139
S2140311606C6C732F636F6E616E2F702F73696D7067
S2140311706C333537373461373532383239632F704D
S2140311802F626C7565746F6F74685F6C655F6D69ED
S21403119064646C65776172652F636F6D6D6F6E2F18
S2140311A07468726F7567687075745F70657269705E
S2140311B0686572616C2F7468726F75676870757492
S2140311C05F7065726970686572616C2E6300287360
S2140311D063203D3D20534C5F5354415455535F4F5A
S2140311E04B29207C7C20287363203D3D20534C5F95
S2140311F05354415455535F494E56414C49445F50EE
S2140312004152414D455445522900417373657274EA
S214031210696F6E2027257327206661696C65643ABB
S21403122020005B453A203078253034785D204661CF
S214031230696C656420746F2073657420434F44455E
S214031240442050485920666F722074686520616494
S214031250766572746973746D656E740A00466169A7
S2140312606C656420746F2067657420525353492E4F
S214031270207363203D2030782530346C780A006371
S2140312806C695F7468726F7567687075745F706594
S214031290726970686572616C5F6D6F64655F6765C0
S2140312A0740A00636C695F7468726F75676870753B
S2140312B0745F74785F706F7765725F6765740A0032
S2140312C0636C695F7468726F7567687075745F7056
S2140312D065726970686572616C5F646174615F678B
S2140312E065740A0068616E646C655F7468726F7516
S2140312F067687075745F7065726970686572616C33
S2140313005F73746172740070726F636573735F707A
S214031310726F6365647572655F636F6D706C657419
S214031320655F6576656E74007468726F756768705E
S21403133075745F7065726970686572616C5F6F6EF5
S2140313405F62745F6576656E740068616E646C6573
S2140313505F7468726F7567687075745F70657269BD
S21403136070686572616C5F73746F70007468726F17
S2140313707567687075745F706572697068657261A9
S2140313806C5F73656E645F696E6469636174696FCD
S2140313906E007468726F7567687075745F706572D7
S2140313A06970686572616C5F61647665727469738F
S2140313B0696E675F7374617274001877C62BFE5F7D
S2140313C0819106418ACDE16B6BBEBEA4A939C5F5F2
S2140313D0E09BA14DE3DED63DB7479FD40A70592064
S2140313E0D283514A43A631B60961F22018C7322D7B
S2140313F0C7ABCF46F7FF709EB9BB00015F007C000A
S21403140054583A20252B34642064426D00525353BB
S214031410493A20252B34642064426D00494E5445D6
S2140314205256414C3A2025303464005044553A20F5
S214031430253364004D54553A202533640044415403
S214031440413A20253364005048593A20314D005024
S21403145048593A20324D005048593A20434F4445A4
S21403146044203132354B005048593A20434F4445C7
S21403147044203530304B005048593A202D00202068
S2140314802020202020202020004E4F544946593A41
S21403149020596573004E4F544946593A204E6F0003
S2140314A0494E4449434154453A2059657300494ED1
S2140314B04449434154453A204E6F0054483A202548
S2140314C03037642062707300434E543A2025303917
S2140314D064003F0028002920001E0000033E200071
S2140314E0556E6B6E6F776E206572726F7200496E03
S2140314F0707574206275666665722069732046553A
S2140315004C4C004D6178696D756D206E756D626526
S21403151072206F6620617267756D656E74732065E1
S21403152078636565646564005468652061726775F1
S2140315306D656E74206973206E6F7420666F726DAE
S214031540617474656420636F72726563746C79008A
S214031550496E636F727265637420617267756D6539
S2140315606E74207479706500496E636F727265637A
S21403157074206E756D626572206F66206172677582
S2140315806D656E7473004E6F20636F6D6D616E6470
S21403159020666F756E640000EC310300E0140300F0
S2140315A0E0140300E0140300E0140300E014030057
S2140315B0E0140300E0140300E0140300E014030047
S2140315C0E0140300E0140300E0140300E014030037
S2140315D0E0140300E0140300E0140300E014030027
S2140315E0E0140300E0140300E0140300E014030017
S2140315F0E0140300E0140300E0140300E014030007
S214031600E0140300E0140300EE140300E0140300E8
S21403161003150300E0140300E01403002815030079
S214031620E0140300E0140300E0140300E0140300D6
S21403163050150300E0140300E0140300E014030055
S214031640E014030068150300E01403008615030086
S21403165075696E7431360075696E743800756E6B15
S2140316606E6F776E0067726F75700077696C646370
S214031670617264006865786F707400737472696E63
S214031680676F70740075696E7433326F70740075AB
S214031690696E7431366F70740075696E74386F7066
S2140316A0740068657800737472696E670075696E96
S2140316B0743332002A005B002E2E2E200068656CE1
S2140316C070000A25730A2573257300257320080006
S2140316D0257320000226000004000000000000001E
S2140316E000010000000000000B0000000B000000DB
S2140316F0020000000000202000000000030000009D
S2140317008C8C3C000000000000000000000000007D
S21403171001030401010109031E0000001500000077
S2140317201A00000018000000000000581200000015
S214031730181703000000035A1400000024170300C0
S2140317404C170300481703000100100000001000A8
S214031750000000200010003005000000000000001C
S21403176000C201000002000000100000000000009C
S214031770000000000000000005000000000000005C
S21403178080250000800200000010000000000040DA
S2140317900000000000000000010410010000000526
S2140317A00002000003000002010000006BC0BCE161
S2140317B02A459991E134741A7F9E1925AE2D8A57CE
S2140317C01E03AC9C9EB76FAC45AF8E5130C81C460B
S2140317D0A35CE411E5FBC1191A0A52EFF69F2445F0
S2140317E0DF4F9B17AD2B417BE66C37103FF1CAA149
S2140317F0681FAC09120ECA307586E1A72B7E151634
S21403180028AED2A6ABF7158809CF4F3C6C5C4C5478
S214031810801018FFFFFFFFFFFFFFFFFFFFFFFFFF25
S214031820FFFFFF0000000000012000000020000072
S2140318300040025C0000000000000010416C72656E
S21403184061647920696E20746861742073746174AE
S214031850652E0A0054686572652077617320616E91
S214031860206572726F7220647572696E6720737476
S214031870617465206368616E67652E205354415416
S21403188055533A20256C780A005374617274696E56
S2140318906720746573742E2E2E0A004661696C6584
S2140318A06420746F20737461727420746573743B60
S2140318B02073633D30782530326C780A004E6F749F
S2140318C020696E2073756273637269626564207340
S2140318D074617465210A004661696C656420746FDF
S2140318E020736574207465737420747970652E0A8A
S2140318F0004661696C656420746F2073746172744A
S21403190020746573742E0A004661696C65642074DE
S2140319106F2073746F7020746573742E0A00546599
S21403192073742053746F707065642E0A0054687263
S2140319306F756768707574205465737420696E6973
S2140319407469616C697A65640A00427574746F6EB3
S2140319502069732070726573736564206F6E2073DD
S214031960746172743A2043656E7472616C206D6F95
S2140319706465207365742E0A005065726970686525
S21403198072616C206D6F6465207365742E0A004364
S2140319906F6E6E656374696F6E206F70656E6564D7
S2140319A00A00436F6E6E656374696F6E20636C6FB7
S2140319B07365640A005468726F756768707574207F
S2140319C0746573742073746172746564005468720A
S2140319D06F75676870757420746573742066696EB6
S2140319E069736865643A20256C75206270732C20D1
S2140319F0256C75207061636B657473005468726F31
S214031A0075676870757420746573743A20726563BD
S214031A10657074696F6E20737461727465640054C4
S214031A2068726F75676870757420746573743A208E
S214031A30726563657074696F6E2066696E69736834
S214031A406564200A256C75206270730A256C752000
S214031A507061636B6574730A256C75206C6F7374A1
S214031A600A256C75206572726F720A696E20256C82
S214031A7075207365630A0000981A0300420042004B
S214031A80E42003000F000F00432003000A000A00AF
S214031A900B00FFFFFFFF0000010000000108FFFF2F
S214031AA000000000B81E0300020002000108FFFF4A
S214031AB00500000020000B0003000B000008FFFFDA
S214031AC001000000802C002004000E000308FFFF26
S214031AD00300000002000000050002000108FFFFEB
S214031AE00500000002000C0006000C000108FFFFC2
S214031AF0010000008A2C0020070002000108FFFFF7
S214031B00050000000A000D0008000D000308FFFF93
S214031B1001000000A02C0020090000000108FFFFC0
S214031B2000000000BC1E03000A0002000108FFFFBD
S214031B30050000000A0003000B0003000308FFFF74
S214031B4001000000A82C00200C0002000108FFFF83
S214031B5005000000020004000D0004000108FFFF5A
S214031B6000000000C01E03000E0000000108FFFF77
S214031B7000000000C41E03000F0002000108FFFF60
S214031B800500000002000500100005000108FFFF25
S214031B9000000000C81E0300110002000108FFFF3A
S214031BA00500000002000600120006000108FFFF01
S214031BB002000000BE2C0020130002000108FFFFF5
S214031BC00500000002000700140007000108FFFFDD
S214031BD002000000CE2C0020150002000108FFFFC3
S214031BE00500000002000800160008000108FFFFB9
S214031BF002000000DA2C0020170002000108FFFF95
S214031C000500000002000900180009000108FFFF94
S214031C1001000000E82C0020190000000108FFFF67
S214031C2000000000D61E03001A0002000108FFFF92
S214031C3005000000200000801B0000800008FFFF56
S214031C4001000000F62C00201C000E000308FFFF16
S214031C5003000000020100001D000A000108FFFF48
S214031C6000000000E81E03001E0002000108FFFF3C
S214031C7005000000100001801F0001800008FFFF20
S214031C8001000000FC2D002020000E000308FFFFCB
S214031C90030000000102000021000A000108FFFF04
S214031CA000000000001F0300220002000108FFFFDF
S214031CB0050000001E000280230002800708FFFFC5
S214031CC001000000022F002024000E000308FFFF7F
S214031CD0030000000103000025000A000108FFFFBF
S214031CE0000000001A1F0300260002000108FFFF81
S214031CF00500000022000380270003800108FFFF81
S214031D00010000000A2F002028000E000308FFFF32
S214031D10030000000204000029000A000108FFFF78
S214031D20000000002C1F03002A0000000108FFFF2C
S214031D3000000000401F03002B0002000108FFFF05
S214031D4005000000120004802C0004800108FFFF39
S214031D5001000000142F00202D000E000308FFFFD3
S214031D6003000000010500002E000A000108FFFF23
S214031D7000000000521F03002F0002000108FFFFAF
S214031D800500000012000580300005800108FFFFF3
S214031D90010000001C2F002031000E000308FFFF87
S214031DA0030000000106000032000A000108FFFFDE
S214031DB000000000A01F0300330002000108FFFF1D
S214031DC00500000012000680340006800108FFFFAD
S214031DD001000000262F002035000E000308FFFF39
S214031DE0030000000107000036000A000108FFFF99
S214031DF000000000C81F0300370002000108FFFFB1
S214031E000500000012000780380007800108FFFF66
S214031E1001000000302F002039000E000308FFFFEA
S214031E2003000000010800003A000A000108FFFF53
S214031E3000000000F61F03003B0002000108FFFF3E
S214031E4005000000120008803C0008800108FFFF20
S214031E50010000003A2F00203D000E000308FFFF9C
S214031E6003000000010900003E000A000108FFFF0E
S214031E70000000001C2003003F0002000108FFFFD3
S214031E800500000012000980400009800108FFFFDA
S214031E9001000000422F002041000E000308FFFF50
S214031EA003000000010A000042000A000108FFFFC9
S214031EB00000000030200300020001180200001892
S214031EC00200000002000A180C0053696C69636F75
S214031ED06E204C6162731000F22018C7322DC7AB18
S214031EE0CF46F7FF709EB9BB1500496E6469636100
S214031EF074696F6E20646174612061727261790027
S214031F0017004E6F74696669636174696F6E206447
S214031F10617461206172726179000F005472616EA0
S214031F20736D697373696F6E204F4E0011005468AA
S214031F30726F75676870757420726573756C74005C
S214031F401000468BA35DD53A48F7E3BA814D9F0E42
S214031F501EBA4B00436F6E6E656374696F6E2050D6
S214031F604859207374617475733A20307830313A67
S214031F70314D20307830323A324D20307830343A92
S214031F80436F646564203132356B2C2030783038EB
S214031F903A436F646564203530306B2050485900EF
S214031FA02600436F6E6E656374696F6E20696E7488
S214031FB0657276616C2028696E20312E3235206D6D
S214031FC073207374657073292B00526573706F6E7C
S214031FD0646572206C6174656E63792028696E206F
S214031FE0636F6E6E656374696F6E20696E74657277
S214031FF076616C7329002400537570657276697375
S214032000696F6E2074696D656F75742028696E201C
S2140320103130206D7320737465707329110050443A
S214032020552073697A6520696E206279746573003A
S21403203011004D54552073697A6520696E206279C4
S2140320407465739FD40A705920D283514A43A631CC
S214032050B60961BEA4A939C5F5E09BA14DE3DED65A
S2140320603DB7471877C62BFE5F819106418ACDE1BF
S2140320706B6BBE1B29CCA603B9EB9E0C400FB02797
S21403208022F3ADD093591FDAABBE723927EB0F9309
S2140320902BA80064C6F2FA98A613F454496C0AA651
S2140320A0F5320AAEDD7258530E5F97F7E72B33927D
S2140320B09B62FF6D057B72B3AD11A64C91502FF258
S2140320C0C4E2670C1E6312F13626498C2639074A8A
S2140320D036CC306EE8250F30786ED215D974D92FEA
S2140320E0DF163800002801280328002A012A292A97
S2140320F0242A272A262A232A0129052A2A2B292B9A
S21403210002297377697463685F746F5F63656E74BF
S21403211072616C007377697463685F746F5F706570
S214032120726970686572616C007468726F7567684F
S2140321307075745F63656E7472616C007468726F39
S2140321407567687075745F706572697068657261CB
S2140321506C005468726F756768707574205065728A
S2140321606970686572616C0073746F700073746174
S214032170727400446174612073657474696E677366
S2140321800067657400506F776572207365747469B1
S2140321906E6773004D6F6465005468726F75676889
S2140321A07075742043656E7472616C0063656E743B
S2140321B072616C5F6D6F64650063656E7472616CEB
S2140321C05F74785F706F7765720063656E747261B3
S2140321D06C5F646174610070687900416C6C6F7742
S2140321E06C697374206D616E6167656D656E7400EE
S2140321F061646400636C65617200436F6E6E656351
S21403220074696F6E2073657474696E6773005048E3
S214032210592073657474696E6773007363616E5FC8
S21403222073657400636F6E6E5F73657400537769CE
S21403223074636820746F2070657269706865726174
S2140322406C0053776974636820746F2063656E74DB
S21403225072616C0052656164206461746120736509
S2140322607474696E677300536574206461746120C7
S21403227073697A6573004D6178696D756D204D5489
S214032280552073697A651F496E6469636174696F63
S2140322906E207472616E736665722073697A651F49
S2140322A04E6F74696669636174696F6E20747261D8
S2140322B06E736665722073697A651F005265616482
S2140322C020706F7765722073657474696E67730028
S2140322D053657420706F77657200506F7765722050
S2140322E0696E2064426D1F456E61626C6520616491
S2140322F061707469766520706F77657220636F6EA0
S21403230074726F6C1F456E61626C652064656570E0
S21403231020736C6565701F00476574207472616E68
S214032320736D697373696F6E206D6F64652C2030EF
S2140323303A436F6E74696E6F75732C20313A466933
S2140323407865642073697A652C20323A204669786A
S21403235065642074696D6500536574207472616EDC
S214032360736D697373696F6E206D6F6465004D6F6F
S21403237064653A20303A436F6E74696E6F75732CDA
S21403238020313A46697865642073697A652C203271
S2140323903A2046697865642074696D651F56616CDA
S2140323A0756520746F207365742028696E206361D9
S2140323B07365206F662066697865642074696D6549
S2140323C02F73697A65291F005072696E74732063D0
S2140323D0757272656E7420737461747573005374CA
S2140323E061727473207472616E736D697373696F4F
S2140323F06E00547970653A20313A206E6F746966C0
S21403240069636174696F6E2C20323A20696E646961
S214032410636174696F6E1F0053746F7073207472F8
S214032420616E736D697373696F6E005265616420C4
S214032430616C6C6F776C697374207461626C650091
S214032440436C65617220616C6C6F776C69737400A2
S214032450416464206164647265737320746F2061E1
S2140324606C6C6F776C69737400426C7565746F6F10
S2140324707468206164647265737320696E202758DC
S214032480583A58583A58583A58583A58583A58585A
S2140324902720666F726D61741F0052656164206346
S2140324A06F6E6E656374696F6E2073657474696EA0
S2140324B067730053657420636F6E6E656374696F2C
S2140324C06E2073657474696E6773004D696E696D0B
S2140324D0756D20636F6E6E656374696F6E20696ECB
S2140324E074657276616C2028696E20312E32352031
S2140324F06D73207374657073291F4D6178696D75EC
S2140325006D20636F6E6E656374696F6E20696E749B
S214032510657276616C2028696E20312E3235206D07
S21403252073207374657073291F526573706F6E64BE
S2140325306572206C6174656E63792028696E20630A
S2140325406F6E6E656374696F6E20696E74657276FE
S214032550616C73291F5375706572766973696F6E44
S2140325602074696D656F75742028696E203130207C
S2140325706D73207374657073291F00526561642040
S2140325805048592073657474696E677320666F725A
S214032590207363616E20616E6420636F6E6E656385
S2140325A074696F6E2C20313A314D20323A324D2009
S2140325B0343A436F646564203132356B2C20383AE5
S2140325C0436F646564203530306B205048590053A0
S2140325D0657420504859207573656420666F7220B1
S2140325E074686520636F6E6E656374696F6E2C2006
S2140325F0313A314D20323A324D20343A436F6465D6
S21403260064203132356B2C20383A436F646564207E
S2140326103530306B2050485900436F6E6E656374D7
S214032620696F6E205048591F0053657420504859EF
S214032630207573656420666F72207363616E6E69BE
S2140326406E67005363616E205048592C20313A312F
S2140326504D20343A436F646564205048592C203526
S2140326603A314D20616E6420436F6465641F0053E6
S214032670657420646174612073697A65004D6178BE
S214032680696D756D204D54552073697A651F004733
S214032690657420726563657074696F6E206D6F6410
S2140326A0652C20303A436F6E74696E6F75732C20F9
S2140326B0313A46697865642074696D652C20323A30
S2140326C02046697865642073697A650053657420CB
S2140326D0726563657074696F6E206D6F6465004D17
S2140326E06F64653A20303A436F6E74696E6F757324
S2140326F02C20313A46697865642074696D652C2010
S214032700323A2046697865642073697A651F566194
S2140327106C756520746F207365742028696E20635A
S214032720617365206F662066697865642074696DD9
S214032730652F73697A65291F005374617274732059
S21403274072656D6F7465207472616E736D697373F1
S214032750696F6E0053746F70732072656D6F746566
S214032760207472616E736D697373696F6E00000017
S21403277002210300502C0300000000001421030074
S214032780402C030000000000292103005429030005
S214032790000000004C22030054290300010000003F
S2140327A03C210300C4270300000000003722030077
S2140327B0C427030001000000000000000000000022
S2140327C000000000D427030052210300EC3103006D
S2140327D0FE00000068210300E02C03000000000058
S2140327E0A4160300E02C0300010000006D21030083
S2140327F0D02C030000000000C9160300D02C0300F1
S21403280001000000D7230300C02C030000000000D3
S21403281083210300C02C030001000000692303008A
S21403282008290300000000001A1403000829030007
S21403283001000000D4220300BC28030000000000AF
S214032840C0160300BC28030001000000D2210300C9
S21403285070280300000000004514030070280300DE
S214032860010000000000000000000000000000005F
S2140328708028030073210300EC310300FE000000F0
S21403288020220300702C030000000000C91603007A
S214032890702C03000100000081210300602C03005C
S2140328A00000000041260300602C03000100000026
S2140328B0000000000000000000000000CC28030019
S2140328C085210300EC310300FE00000020220300F4
S2140328D0902C030000000000C9160300902C030090
S2140328E00100000081210300802C0300000000008B
S2140328F041260300802C03000100000000000000B6
S21403290000000000000000001829030094210300C3
S214032910EC310300FE00000020220300B02C03006D
S21403292000000000C9160300B02C030001000000DD
S21403293081210300A02C03000000000041260300B1
S214032940A02C0300010000000000000000000000AF
S214032950000000006429030099210300EC31030002
S214032960FE00000068210300F42D030000000000B1
S214032970A4160300F42D0300010000006D210300DC
S214032980E42D030000000000C9160300E42D030035
S21403299001000000D7230300D42D0300000000002D
S2140329A083210300D42D030001000000AC210300A3
S2140329B0F42B0300000000001A140300F42B03009A
S2140329C001000000B9210300A82B0300000000004B
S2140329D0C0160300A82B030001000000CA21030051
S2140329E05C2B030000000000451403005C2B03006F
S2140329F001000000D7210300F82A030000000000AE
S214032A00D9210300F82A0300010000000331030064
S214032A10AC2A0300000000002D110300AC2A0300BB
S214032A20010000005F240300482A030000000000A2
S214032A30F4300300482A03000100000000000000F1
S214032A400000000000000000582A0300DB210300FA
S214032A50EC310300FE000000F0210300102D0300FC
S214032A6000000000D5210300102D03000100000024
S214032A70F4210300002D0300000000002D110300C5
S214032A80002D03000100000081210300F02C030049
S214032A900000000041260300F02C030001000000A4
S214032AA0000000000000000000000000BC2A030035
S214032AB0FA210300EC310300FE000000202203008D
S214032AC0302D030000000000C9160300302D03005C
S214032AD00100000081210300202D030000000000F8
S214032AE041260300202D0300010000000000000023
S214032AF00000000000000000082B03000E22030065
S214032B00EC310300FE0000001B220300642D0300CB
S214032B1000000000C9160300642D03000100000036
S214032B2024220300542D0300000000002D1103008F
S214032B30542D03000100000081210300442D0300EF
S214032B400000000041260300442D0300010000009E
S214032B500000000000000000000000006C2B0300D3
S214032B6073210300EC310300FE0000002022030063
S214032B70842D030000000000C9160300842D030003
S214032B800100000081210300742D030000000000F3
S214032B9041260300742D030001000000000000001E
S214032BA00000000000000000B82B0300852103008E
S214032BB0EC310300FE00000020220300A42D0300D6
S214032BC000000000C9160300A42D03000100000046
S214032BD081210300942D030000000000412603001A
S214032BE0942D030001000000000000000000000018
S214032BF000000000042C030094210300EC310300C2
S214032C00FE00000020220300C42D03000000000085
S214032C10C9160300C42D0300010000008121030030
S214032C20B42D03000000000041260300B42D03006A
S214032C30010000000000000000000000000000008B
S214032C404F4402002D220300EC310300FF00000076
S214032C504944020042220300EC310300FF00000057
S214032C60054D000054220300EC310300FF00000072
S214032C70A14C00006722030076220300000000FF39
S214032C802D4C0000BC220300EC310300FF000000C3
S214032C90B94B0000D0220300DA220300040000FF31
S214032CA0454B000018230300EC310300FF0000002F
S214032CB0E54A0000582303006E2303000002FF00CA
S214032CC0F5490000C8230300EC310300FF000000B1
S214032CD09D490000DE230300F223030000FF0000EB
S214032CE04D49000018240300EC310300FF000000E8
S214032CF0452600002B240300EC310300FF000000F0
S214032D00ED25000040240300EC310300FF00000023
S214032D106D250000502403006924030006FF00000D
S214032D20012500009A240300EC310300FF00000095
S214032D308D240000B3240300CB2403000202020206
S214032D40FF0000002D2400007B250300EC31030068
S214032D50FF000000CD230000CF2503001926030043
S214032D6000FF000075230000292603004326030006
S214032D7000FF00001523000054220300EC3103007B
S214032D80FF000000B52200006F2603007D26030027
S214032D9000FF000041220000BC220300EC310300C8
S214032DA0FF00000065210000D0220300DA220300A2
S214032DB0040000FFF12000008F260300EC3103001F
S214032DC0FF00000091200000CC260300DF2603004E
S214032DD00002FF00A11F0000C8230300EC3103001C
S214032DE0FF000000411F000039270300F223030001
S214032DF000FF0000F11E000054270300EC3103001F
S214032E00FF434C4920696E7374616E636520657871
S214032E10616D706C650076636F6D00003417030098
S214032E200000000000C20100000200002417030097
S214032E3000050006000800074A2F0020355700004B
S214032E40A1220200F92202000B2302009B220200A9
S214032E50762F0020C55A00003F2402006324020098
S214032E6087240200A1240200433A2F557365727328
S214032E702F6A697368752F53696D706C696369741B
S214032E807953747564696F2F76365F776F726B73D9
S214032E90706163652F62745F736F635F7468726FCC
S214032EA07567687075745F6C6F675F73696E676C60
S214032EB0655F42474D3232302F736C5F67617474BF
S214032EC05F736572766963655F6465766963655F7C
S214032ED0696E666F726D6174696F6E5F6F76657229
S214032EE0726964652E6300736C5F676174745F73E5
S214032EF06572766963655F6465766963655F696E47
S214032F00666F726D6174696F6E5F6F7665727269F4
S214032F1064655F6F6E5F6576656E7400413032423E
S214032F205244343331344131312E302E3200202096
S214032F302020202020202028282828282020202061
S214032F402020202020202020202020202020881021
S214032F501010101010101010101010101010040481
S214032F600404040404040404101010101010104188
S214032F7041414141410101010101010101010101F9
S214032F80010101010101010101101010101010428E
S214032F9042424242420202020202020202020202C9
S214032FA002020202020202020210101010200000A7
S214032FB00000000000000000000000000000000009
S214032FC000000000000000000000000000000000F9
S214032FD000000000000000000000000000000000E9
S214032FE000000000000000000000000000000000D9
S214032FF000000000000000000000000000000000C9
S21403300000000000000000000000000000000000B8
S21403301000000000000000000000000000000000A8
S2140330200000000000000000000000000000686CC4
S2140330304C00232D302B200065666745464700303D
S2140330403132333435363738394142434445460006
S2140330503031323334353637383961626364656606
S21403306000412D46612D66383930313233343536DA
S214033070375D002B2D003030007858007330030086
S21403308076300300793003002F7661722F6C696205
S2140330902F6A656E6B696E732F6769746875624015
S2140330A0322F62676170695F70726F746F636F6CE3
S2140330B02F70726F746F636F6C2F6576656E742FE7
S2140330C07372632F736C695F62676170695F65769D
S2140330D0656E742E630062676275665F696E006272
S2140330E0676275665F6F75740062676275665F6EAA
S2140330F06F666C6F770062676275660061636C006B
S2140331006C6C5F636F6E6E656374696F6E006C6C78
S2140331105F6164765F736574006C6C5F76616C697F
S2140331206461746F720062675F6D65737361676570
S21403313000736F66745F74696D65725F6D65737334
S214033140616765006C6C5F6164765F73796E6300BC
S2140331506C6C5F7363616E5F73796E630067617037
S2140331605F706572696F6469635F61647600676147
S214033170705F706572696F6469635F73796E63000D
S2140331806C326361705F636F635F6368616E6E6505
S2140331906C006D626564746C735F636F6E746578E0
S2140331A074000000F6300300FC3003000031030017
S2140331B00E310300193103002631030031310300B9
S2140331C044310300503103005D3103006E310300C8
S2140331D0803103009231030062675F6D616C6C6F30
S2140331E06300FFFF0106060102031201000000014F
S2140331F002020102070B131510801A80128080004A
S2140332000001010201020203040301010204040097
S214033210F4010000FA0000009600000064000000BD
S2140332204B000000320000001E00000014000000E7
S2140332300000000050004000080050002400040076
S2140332409001500240009001AE0110000B070116DA
S2140332500C00000108080000050108FFFF02FFFF3D
S2140332600808020204FF010022FFFF23080F0303DE
S21403327004040A0A030A2AFFFF1419191B011C1562
S214033280120400480C14040F0E0C080C080D18103A
S214033290090000000000000000000000000000001D
S2140332A0A0030906A0870908A08809072005091AAC
S2140332B0415A01002001090D955A01002004090511
S2140332C0755A010020050903255A01002002090248
S2140332D0F55901000A00000000000000000000008D
S2140332E000000000A0010A05A0030A04A0080A03C0
S2140332F0A0880A08A0060A01A003090020040A1BE6
S214033300E55C010020050A1AB95C010020050A19CC
S2140333108D5C010020040A04595C010020060A178C
S214033320295C010020010A0B3D5D010020020A0A08
S214033330095D010000000D00030002000100050006
S2140333400049725314497207FF000102030405FF84
S214033350145300724907CDF6000000FB349B5F80D0
S21403336000008000100000000000000003D70200E9
S214033370C7A8020093D8020065D8020001020C0019
S2140333800000040000000801000200000000000026
S2140333900003000002000000000000000000000020
S2140333A00000000004000000000000000000000011
S2140333B000000000A0090402A0010401560000005A
S2140333C000000000000000000000000005000000F0
S2140333D0000000000000000000000000A01305002D
S2140333E0A01B0502A0880A07A0040903A00509027A
S2140333F0A006090101000000000000000000000014
S21403340000000000A0010107A00001040204080058
S214033410060000000000000000000000000000009E
S214033420A0030601A0090609A0020608A0050607D0
S214033430A0050606A0070605A0020604A0010610BE
S214033440A0080602A00D06000000040205030601FC
S21403345007010108090A0000A0015C04A0005C0340
S214033460A0015C02A0035C01A0025C00A0020F099D
S214033470A0030F04A0030F03A0050F02A0010F0172
S214033480A0050F00A0040108A00301060101020421
S21403349057000000000000000000000000000000CD
S2140334A0200104029D8D01002001040AB58D010050
S2140334B0200204054D8D010020020404318D010015
S2140334C0200C0403058D010020000401758D010006
S2140334D020025602398E0100200256010D8E01008D
S2140334E020065704A199010020025703759901008D
S2140334F0200357005999010020010605A5960100EF
S2140335002002060AE596010020010615E59501004E
S21403351020030608C9960100200806043D9601000C
S214033520200C0600B995010020000205918C0100CD
S21403353020000505958E010020020503698E010013
S2140335402004011719930100A01201000009007F4F
S214033550843503000100000F643503006FC2732433
S21403356008070000E1FE56FF8DFFACFFC1FFCFFF4B
S214033570DAFFE3FFEAFFF0FFF4FFF8FFFBFFFEFFCF
S214033580000003005200F2FEFF0064001E0000006D
S2140335907F00F80D7F24FDFF3300A80323D6FFFF2B
S2140335A01B0041010A3700001100B900653B00000B
S2140335B00B00720010350000070049002F2C000096
S2140335C005003700312600000300140057150000DD
S2140335D0E1A2010029A30100D5A2010035A3010041
S2140335E01DA30100A9E00200E7E0020009E10200D2
S2140335F02BE102004DE102003DB00100EDAF0100FA
S214033600F9AF0100E9B001004FE3020053DE020008
S21403361057DE02005BDE02005FDE020063DE0200AE
S21403362000000000B0010000100B00200002100094
S214033630A8200020C00C0020E1FE0000020000804D
S214033640FF7F00000080FF7F0C020000D1AD010069
S214033650B5AD0100D1E30100CDE60100FDE50100B3
S21403366020C001B8000000010000010100010101B3
S2140336701F150F15150F151FFFFFFFFFFFFFFFFF9A
S214033680FFFFFFFFFFFFFFFFFFFFFFFFFFFFFFFF42
S214033690FFFFFFFFFFFFFFFF00A801A802A800002F
S2140336A000B801B802B800B0B8660300E8660300C5
S2140336B0D0660300006703001867030003040408CA
S2140336C008050000000000000000000000000000E5
S2140336D0000000005241494C00000000200000009A
S2140336E0A910020010000000211002006034000040
S2140336F0E00300004038000014000000343E0000E1
S21403370008000000682F0000F8040000543800008A
S21403371004000000303E000003000000000000002C
S214033720682F000058380000010000003C3E0000EF
S2140337303900000001000000303E0000292A000086
S214033740412A0000412A0000412A0000412A0000C5
S214033750412A0000000000000000000000000000F6
S21403376000000000412A0000412A0000412A000010
S2140337707D2E0000412A00008D2300009D230000BB
S214033780292400007F24000009250000812600006C
S214033790292500002927000075250000C5250000FF
S2140337A04126000095280000652900005F230000DD
S2140337B0CB2B000081200000E92B00005D2C0000CD
S2140337C0412A00003D2D0000052D0000412A00007F
S2140337D0412A0000892D0000412A0000412A0000EA
S2140337E0412A00008D100000831000009D10000089
S2140337F0A7100000B11000008C488068000200D4B7
S214033800704780B580208002A8490860CF2000F06A
S21403381045FA01BDF8B586480068864C80229203B7
S2140338202260854E316809051DD5110BA023034080
S21403383001D0216017E002403FD180277F4A1760FE
S2140338407F4A1760084038D0784D287A400705D558
S21403385001207C49086000027B490860287800281C
S21403386001D0062801DB0020F2BD00F051FB716891
S21403387089684E682978052907D1B905A1606E6065
S214033880B668CC218901704A116000F04AFB012E0C
S21403389000DA0226BC20800585490860942080054E
S2140338A08449086065480021C94301647142416444
S2140338B081490F6040210160D5E7AE480160FFF7FC
S2140338C09BFF0120F2BD5A480168890504D5C06EE6
S2140338D00004000F022801D0002070470120704723
S2140338E038B580245548046000F012FB0500734881
S2140338F0006800F05FF9280000F013FBFFF77CFF79
S2140339004A48007A000705D5A0004A49086000F037
S21403391004FC31BD600397490860AD48046031BDBF
S214033920FEB50500CC2080019349486001269348E4
S2140339300660FFF7C8FF002877D03C4C20780028A5
S21403394073D031020195052802D02A460A406CD16D
S214033950CC27BF01884A17609E4A126853075B0F3D
S214033960022805D1022B5ED3080137490860F7BD4C
S2140339704D01032804D1022B55D933480560F7BD02
S214033980042802D111404ED0F7BD05284BD101982B
S214033990002848D0C005C10F684641700198C0048E
S2140339A0C10F6846017000F0B3FA0290606869467A
S2140339B04978002903D006688021214A11602C0427
S2140339C0A7496A461278002A0CD0C2680B68D21A36
S2140339D0A44B1B68234001D0066800E04668964265
S2140339E000DD1600684640786A461278024308D01F
S2140339F008684242B01E824202DA7042886000E0E3
S214033A000026029800F08DFA0198800501D59648A5
S214033A1004600198054001D094480460002E02D04B
S214033A2009480760F7BDFFF75BFFF7BD3C3E0000A4
S214033A30400002A8402002A8C43E00000CC001A813
S214033A4090E001A894D000A8505201A838B580246D
S214033A5087480460012049490860864D2878052870
S214033A6002D0600084490860FFF72DFF002812D0BB
S214033A7012480068000A80214140A868000EC9B2B7
S214033A80814208D2534800684007400F022802D2FA
S214033A90FFF726FF31BD79480168C0220A4002D1EC
S214033AA0C06F204001D00448046031BD1C1002A83A
S214033AB008E001A808D001A894D001A818C000A85F
S214033AC0F1B582B00F008026B600A020384002D0A1
S214033AD06B4806604CE000F01BFA009069480468E7
S214033AE0F80202D5A0680069029000F065FBB102F7
S214033AF0606800F069F9217820000022491C4378A9
S214033B008B4200D2002118234B43C5180C352B7863
S214033B10082BF3DA0C00017085605648297801708B
S214033B203E4007D0574909688968CA68F90201D434
S214033B3003218A43826001261046304003D100F0F9
S214033B40FCFB00F0CFFFF104686900F03DF93C2070
S214033B5000F0A4F8E0B200F0A1F8009800F0E1F954
S214033B603005474908604848066030020249086045
S214033B700298FEBD401002A84C6201A894E000A87B
S214033B8010B542480068800501D4FE2010BDC02051
S214033B9080033F49086000F0BBF93A4909688A7810
S214033BA0D20702D589688C7800E00C7800F0B9F962
S214033BB0200010BD334909688A688B78DB0704D573
S214033BC0927818235A438A180C3290607047000084
S214033BD0100002A8084001A8F1B582B02D4F3C683A
S214033BE00026200F000702D1E00102902AE000F031
S214033BF079FF00F08DF9019080210903606800F0D9
S214033C00E3F825786D1C6078A84200D20025E8000A
S214033C1020180C3000900068029080210903009859
S214033C20406800F0D1F83D2000F038F8E8B200F024
S214033C3035F825700098A060019800F072F902A884
S214033C4000F0B4FF14480068800407D5786901F0D3
S214033C506AFC02990818029000D502960298FEBDE7
S214033C6048C001A8480002A8481002A8482002A895
S214033C7094E001A83C3E0000506201A814C001A8CD
S214033C80402002A8C83E000090E000A8400002A81A
S214033C90401002A8CC3E0000FC0302A84149096874
S214033CA0002901D5404908607047F3B581B03F4FFE
S214033CB0B9683F4C4A004CD50125090100D521259A
S214033CC001003C4A1068566822689206920E944693
S214033CD03A689300802213406246134380225200C0
S214033CE01A4300920A0023D0890601D5012008E072
S214033CF0F021014007D16946097A0C220A4002D016
S214033D00022000F03FF82C49096809040AD53968EF
S214033D10090701D5022605E03968490301D50026BF
S214033D2000E003264835009A24490968890003E021
S214033D30009A2249C96909094023194011439A0088
S214033D40002E02D0164326660835216602432266F5
S214033D502566E06D4407640F00F0C4F8A0070BD097
S214033D60052C09D0B868000406D400F0D1F8022167
S214033D70134A116000F0D5F800F0BDF8002000F0FB
S214033D8001F8F7BD0B490A68F0239A430001104374
S214033D900860C0B270478020C0020A4908607047B6
S214033DA0000000004C0002A8884000A8440002A8B7
S214033DB0284000A8643F0000384101A8084001A835
S214033DC07CD40350485000A880B5664A116001F0C1
S214033DD0D5FBFFF7E0FF01BDFEB500F099F80190B3
S214033DE01020614908600022604802600220604992
S214033DF008606048C0684005C30DD52B01D2D523A3
S214033E0004E0D1204000834200D9030018000100DB
S214033E10594C0094843C246864011DD5574C24787F
S214033E20022C03D2564E06277C4333530024009DB0
S214033E302D7CE540ED070CD5524D06266643AD199D
S214033E40AD888FB2BD4200D2290086B2AE4200D200
S214033E502800641C022CEAD389B2463109044A4C72
S214033E600C404638C005C00D204342490860C020B8
S214033E700006464908604048017D00290CD04449A5
S214033E80D52B02D98024E4050C60D1246400A34218
S214033E9002D2802424060C6010213E4C21603E4949
S214033EA00A604188002900D10380019800F039F8A0
S214033EB0F7BD80B539483A4908603A48C1680902EF
S214033EC0090A19225143416005210160FFF784FF67
S214033ED001BD34480068C00300D4704780B5FFF7BF
S214033EE07BFF01BD8020C0021E4908602E48006883
S214033EF04007FBD470478020C0022C4908607047F7
S214033F0001E02B4908602B4909680140F9D1704745
S214033F10294800682021294A11601021284A116087
S214033F2070473021014002D11020244908607047B1
S214033F302148006830210140102901D10120704733
S214033F40002070471F4800780621014007D01E480E
S214033F500068022803D0032801D001207047002000
S214033F6070470000401002A8F41302A8048002A8B9
S214033F70409002A87C400050703F00005C3E00006A
S214033F80643E0000603E00000000FF01A060005099
S214033F90A4500050F42302A818E000E07F1A06019C
S214033FA0500002A810E000E0400002A8402002A84B
S214033FB0282002A8280002A85C0002A85C2002A809
S214033FC05C1002A8B83E0000683F0000FEB55548E6
S214033FD08021490281610221534A51600021534ADC
S214033FE01160534A118003214F4A11600221016078
S214033FF020205049086080204F490860CC2080016B
S2140340004E49086001204E4908604848806F019079
S2140340100F26000B304000904A480068C505ED0D9A
S214034020103DC0202843C0B2FFF738FE3F48006962
S21403403080030BD50098092808D0FFF783FF0028D4
S21403404002D041480068804701F0EEF83F48046814
S214034050032D43D0019806400196032E04D0022E6A
S21403406007D10098032839D000F0FEF901980328F9
S21403407004D00098062831D1062D2FD03448006886
S2140340800127C00B384001D001F096FB3148006889
S214034090000108D5052D06D101252F4807606805C0
S2140340A0FFF72EFF00E000252100009800F0DEF960
S2140340B004002A4E002D05D000F09EFB3760022038
S2140340C02749086078057065800926490860FFF768
S2140340D039FF002802D02448006880471248802110
S2140340E04902C1610099002908D1022141600020DC
S2140340F00E490861C020C0001C4908602000FEBDB0
S21403410080B5FFF7EFFE1A480078800602D4022037
S21403411018490860FFF7EFFE01BD02201649086044
S214034120704700002C1002A8282002A8340002A81A
S214034130703E000094E001A80CC001A8506201A8DC
S21403414094E000A804ED00E050380000B44000A856
S21403415000E200E0EC3E0000645000A8646000A8A3
S2140341602C4000A880E200E04C3800002C6001A838
S214034170C43E0000081002A8082002A87B48006876
S214034180800700D4704730B581480421904A012344
S214034190E024E4008568254002D01360D160D36034
S2140341A00068044002D013605160536030BD8948F4
S2140341B0012181600160704710B5012075498A6846
S2140341C00240FCD1844A0423D3600C680440FCD12B
S2140341D05360106010BD814908680122104200D167
S2140341E0704710B5E023DB000340FF24A41CA34262
S2140341F004D37B4B1B689B0600D54868024001D05E
S21403420000F0B6F810BDFEB50700C8207549086073
S2140342100620754908608020400374490860744886
S2140342200168744A0A408021090111430160724CF7
S214034230C020C00020600225A56168036F4908609E
S2140342406F4E7048F0664C206F49C86638686F49F1
S2140342508968814201D2009100E000900099401ADB
S21403426038600121380000F06AFB01903868009935
S21403427040183860FFF782FF6348006863490860A8
S21403428063480168490601D5624900E0624931671F
S2140342900199002908D10321E161006830680540CF
S2140342A002D08020800220610198FEBDF1B55B4CF0
S2140342B08020C00120605A4D0126AE62594F3E60F1
S2140342C01D20286056206866072001F01FFB022089
S2140342D028600621296654490968002902D4082162
S2140342E02966696651492965C021C900504A126882
S2140342F0F823DB01134001D1A96700E07961E16B84
S214034300314008D0216BC90705D44A4909680840DB
S21403431001D101F003FB484848490860206B06407A
S21403432001D1FFF72BFF009801F0DEFA206B800126
S214034330FCD4206A42490860F1BD30B53748414B8A
S2140343400121026B0A4001D15961D9603E4A3F4CB4
S2140343505466364C146503241C600023CD4D2B6035
S21403436014609162C903016030BD00004C0002A8CE
S214034370F0210901364A11600140364801602020C9
S21403438035490860354909680840C84908607047D8
S2140343906C0102A8700102A880B531480821314A91
S2140343A013680B4001D0016141611178C90602D53B
S2140343B0862109010160FFF70EFF1420B649086045
S2140343C0BB480168490701D0FF21416101BD0000D8
S2140343D0681102A86C2102A8682102A8743F000095
S2140343E0400002A8548001A80C9001A8942002A8BB
S2140343F0680102A8FFF1FFFF441102A8A01002A85B
S214034400E40002A8294E0600300002A8A03F0000E0
S214034410FC0302A8CC3F0000C43F0000100002A823
S214034420E01002A8442102A828C000A80C1E000021
S214034430A88001A8443E0000FFFF7F7FB46000A869
S2140344409C3F0000602102A8E02002A85E06000050
S2140344502C6001A82C5001A8442002A8084001A8FB
S214034460301102A8F84F000070470000F8B586B078
S21403447005000C008F48866AFFF74AFD0590B005D5
S21403448003D58D480068FFF795FB002001900122B5
S2140344907306DB0F89498F688860B8204000884E12
S2140344A030606608B82030400978F0260E40402E6B
S2140344B002D10100402008430D2D02D13900042704
S2140344C00F43790704D501001420084310218C43B9
S2140344D07C4909686D462A70049305007A4EC80520
S2140344E006D5802040007949086028000125054349
S2140344F00498002811D10C20284008280DD0280045
S2140345006C49496BCA0601D410229043890601D42C
S21403451020218843B121014068D0684600780028EE
S21403452066D0B26BB06D012101235207520F921D64
S2140345309340C004C00C181A80B2082809D28025FC
S21403454006205C4A10600804A14A106000206A46F0
S2140345501070812028404ED00820049A002A00D1EB
S21403456030623A0008271743102084430420039040
S2140345700005A54A106040089E4A1060A3480160E3
S21403458068460078002833D0039806283AD3A04814
S214034590806BC00636D59F480068000E01909C4885
S2140345A0006880B202909B48006A000604D0029816
S2140345B08021490101430291FFF7C4FC00280AD079
S2140345C0FB2080010078C00605D002988021C9012F
S2140345D0014389B202910298306102980012306159
S2140345E038480168C80500D579E70BE00820306233
S2140345F00094049733E000BF9AA06906C90E405C96
S2140346000390BDE70094049703982A49CB6A814A2E
S214034610126834686F463C8128241C400443980C77
S214034620C00120431C001B0E2340102423400343D9
S214034630900040221040184302AA9070086B000AAC
S21403464002A9C870FFF79CFA02A90871019848717D
S21403465071480068C8800298F0660398F06605986B
S214034660FFF75FFC08240098400601D5664884607F
S214034670FFF768FC002805D068480078002801D0BA
S214034680674804600498C1B2E8B2FFF70EFB0098CF
S21403469007B0F0BD400102A86C3F0000081A03D221
S2140346A0604909684018401C70470000441002A87F
S2140346B00C4000A8180002A81CC000A8643F000015
S2140346C0B46000A81C0100AA540000AA1C2100AA7A
S2140346D0F8B5554F0F240125544910265448406B0E
S2140346E030401BD001200870524800687969FFF7F4
S2140346F0D5FF51490968401801285DDB01F0BAF976
S2140347004E490968090B0C40022C53D169054C4AE3
S21403471011604C49CE6346490D604BE02E02444877
S214034720C06BC0001ED548480068E02189050140DB
S21403473042D0424D286821030140700181423BD19B
S214034740FFF7E6FB414A42490968314002D0414936
S214034750096811602968090B21400229F3D0FFF785
S214034760E0FBF1BD3C480068002825D00D7001F041
S214034770BBF8002820D101F07DF930490968090B00
S2140347802140022916D12F4A11606902396028494F
S2140347900E602A4A1168090B21400229FAD01168D3
S2140347A0090B0C40032C02D02904254A1160002172
S2140347B0294A116001F062F9F1BD8020800427497F
S2140347C00860704780204004244908607047000052
S2140347D0141100AA8020C004204908607047802076
S2140347E000051E4908607047802040051B49086085
S2140347F070470000205001A819480168490701D0F6
S214034800FF21416170470000401002A8006101A823
S2140348101C4000A8084001A8448001A8583800009E
S214034820845000A838C001A80CC001A8733E00003D
S214034830100002A81CC101A8DC3E0000AC0002A8C0
S2140348401C1002A8082002A8204001A8800000AA85
S214034850084000A8904000A8483E0000382002A860
S2140348600C4000A803010706030107060501060618
S21403487005010606030207060302070605020606E7
S21403488005020606FF2808D0032806D2FE21890162
S2140348900978C140C807C00F704700207047000062
S2140348A0F0B5802000020821A44A11600A230121E2
S2140348B0A34A01249C400443B6A5ED5C25439560BA
S2140348C0F025A04E35609D4DB5A6F65C022737430E
S2140348D02F6004262E609C4D2D680D4006D1CD0218
S2140348E06D1E03D0966C3603FAD401E00220F0BDA9
S2140348F0956CD66C6D036D0BAE4200D220005B1E2A
S214034900D7D508238F4C23609060904B1B685B01C0
S21403491013D58F4C63785D1C01262E4066701D00F0
S2140349200626754365191268AA80E8802370FE2060
S214034930800102789940114301700020F0BDF1B563
S21403494082B0FFF734FC002480480068400102D49C
S214034950012001901DE07F48826B00207C49C3B292
S21403496006256B43CB189B8895B2AB4204D0401CFC
S214034970C3B2022BF3D3FF200870012001907348C3
S2140349800068400105D50878FFF77CFF002800D0B3
S21403499001947148006871498861714D02980068F6
S2140349A0296D4618002E15DD00F071FD2860C00144
S2140349B0301A00280EDDFFF7FFFB00F093F802988D
S2140349C00068296D401800F08FFF050002D002989A
S2140349D0046085E0634E8020800030605F4A106884
S2140349E007282ED005210840052805D011600C2085
S2140349F000F08CFF050073D15B4D5C482862FFF71F
S214034A00DBFB02202860E020C00259490860000250
S214034A10584948608020800470600220306001207E
S214034A2000F074FF802040002862022000F06EFF32
S214034A30902040012862022000F068FF8020C0001A
S214034A4028624D4EE02040003060042000F05EFFF8
S214034A5005003CD10220474908608002B062C001CD
S214034A60B06210203B4908600127F765402643489B
S214034A70006830401BD135480068400113D53448E0
S214034A8000786946087068460078FFF7FBFE002842
S214034A9009D02F4869460978062251434018C08832
S214034AA02C49086403E0FFF7FBFE05000FD12948F5
S214034AB00760C467022000F029FF314C2660B0006F
S214034AC02060022000F022FF8120C002A06201982D
S214034AD0002805D029480068800101D4FFF7F9F9BA
S214034AE02800FEBD70B5FFF762FBFFF765FB0226E5
S214034AF018480660234DF0022862C4082C62012081
S214034B0000F004FF600828622E601F482862E02039
S214034B1040001B490860174D2E60FFF7E3F91B4E54
S214034B203078002800D005200C490860FFF7E3F929
S214034B302C6017480068B06370BD0000889001A819
S214034B40448001A888A001A8140002A8EC3E000037
S214034B505C3E00000C8001A8F80302A83C0102A8F2
S214034B608C3F0000941002A83C1102A8BD08000068
S214034B70142102A8942002A82C9001A84C0002A895
S214034B802CA001A83C2102A8FD6800005C3F0000A1
S214034B90300002A8000000010102040810202000D3
S214034BA0505050404040403020202000F8B50400CC
S214034BB0FFF702FB2948C021C900294A1268F823D7
S214034BC0DB01134002D1274A116000E00160009424
S214034BD02549AC2252008A640A220A6023498022AD
S214034BE052030A60224C626A224B13408022D20090
S214034BF01A43626280222260022242605003C86027
S214034C001D48E0601D4E4C20F0661D4D68699621D8
S214034C10C901471800980068874200D30700C01BE5
S214034C200099086000210098FFF789FE009909683B
S214034C30C919009A11603168296012490968490642
S214034C4001D5114900E011492161F2BD8020000120
S214034C500F49086000010F4908607047582102A8F1
S214034C60AC8001A8581102A80C8001A8941002A8D1
S214034C70440102A8FFF1FFFF286E0600300002A8D9
S214034C80903F0000FC0302A8CC3F0000C43F000096
S214034C90401002A8685000A8F1B584B0B448006874
S214034CA00390B448406B9621C90140180499884282
S214034CB005D2081A00F018FE002800D013E2AE4C06
S214034CC06068C00700D50EE20420AC498862800302
S214034CD0AB494862AB480568606B8607B60F032E80
S214034CE003D01020A549886224E008468021890263
S214034CF04162A16B890601D5012062E0290610D521
S214034D00A26B02210A400CD19F4A05231360A36BB2
S214034D1010273B401943116000211160616B090A9B
S214034D20116004218162A06B002803D5C803934950
S214034D3048620026606B400705D5606BC000802183
S214034D404900084003E08B488068C10701D5FFF798
S214034D500FFB0122154008D0B748B1014018006A7E
S214034D60C004C00C401EB549086000200021B44BA7
S214034D70DB6E1B0417D5B34B1B68002B13D4012122
S214034D80AE4B5B69002B0ED0AF4B1A70AF4A106068
S214034D901022AF4B1A60CA06AE4B9A670723AD4D77
S214034DA02B60AB4B5A65AC4AC0239B00136035029D
S214034DB0002901D0190000E02900CC4E3160536071
S214034DC07560E16B942292050A40150000D0012518
S214034DD080263602284300062CD06A482821405CE9
S214034DE0C0210140402902D1FFF78AF901E0FFF70D
S214034DF094F9202020602D0600D174E1944D606B59
S214034E00400708D570085E4948620220686000F0D3
S214034E1059FA002806D004205849886240025849A7
S214034E2048626E6057480078000600D45BE13001A4
S214034E305249FEE00125606828405AD1AC48006814
S214034E40C005400F022803D0032801D0062802D14C
S214034E5069464D7005E0002069464870A548A64996
S214034E604860680446498862FFF73CF87348406E1A
S214034E70E16B0E4008D1C00606D5FFF749F80221BC
S214034E809E4A1160FFF74DF8FFF735F828032060B8
S214034E909B4EC02000067060280497490860606B2C
S214034EA04007C10F684601703020039949072CD587
S214034EB04021A24A1162904F490139660321916449
S214034EC00021116030607D6580207060062000F050
S214034ED01DFD00280DD12802F866022000F016FDFD
S214034EE028029749886618207060082000F00EFD97
S214034EF0002800D0F7E024207060E020C00290492C
S214034F00C865A020C00238666FE0E16BC90246D5CB
S214034F10BE4949680902090E01914909022901DBC4
S214034F20884A01E0B32292000199302937D3114908
S214034F300B88E72B33D395277F00BB4205D8FB1A94
S214034F401B095A43920A534204E07F4FDB191B099D
S214034F505A43930A5BB2019AD2184F6BBC460F6C46
S214034F607B436746FB184B639F2A0FD39F2210E0B1
S214034F70FC0302A8703F0000100002A81C2002A831
S214034F801C1002A8C43E0000E40000AA202A00D891
S214034F9021221102114312040A4329490A60674970
S214034FA0AA020A629A4A8A6414220A603060524F3E
S214034FB07D65E020C0026249C865A803B866400262
S214034FC07060062000F0A2FC002833D12D06FD6693
S214034FD0022000F09BFC5A4885666809706008202A
S214034FE000F094FC002825D17560032000F08EFCA9
S214034FF088481849886700F04AFA874D401DC00163
S214035000696B401801908548406F8021C9010840AC
S21403501002900846824908600198049988421FD284
S2140350200846696B401A00F05FFC002816D0029809
S2140350307C49086057E000BF0C0000AA204000A887
S214035040CC4001A8784201A8723E00006C3E0000E6
S214035050645000A83C6000A8046100A8049801906E
S214035060206A286304270398384001D0402002E0D2
S214035070F8057060C0087060012000F047FCB801B6
S2140350801D490860019800F02FFC8A4E6846007898
S214035090002805D161480068F06138058649086034
S2140350A00298604908608548854908602448790263
S2140350B0416669464978002900D10760206AA862DC
S2140350C068460078002808D0012000F01FFC3078DE
S2140350D0000602D5780492490860E06BC00202D548
S2140350E04A480068686305B0F0BD00BF045100A8D5
S2140350F0204001A8040000FFB41002A87CE403507B
S214035100441102A810B5FEF703FF864900240C607D
S2140351100A22CA61FEF705FF8348C021890201609F
S21403512082494160824810210160C90541654020DB
S214035130804908608048047010BD0000400102A842
S214035140B82002A833070000D6FEFFFF7B48406B5B
S214035150800300D47047F8B5794804680027002018
S21403516000257849E20706D5C02080028025ED0396
S214035170EA0A0A6003E0A20701D403204025284375
S214035180C862012000F0C2FB802040006E49086719
S21403519008206E4908606E490968090203D46D4900
S2140351A009680140FBD0012000F0B0FB6A4EE0071F
S2140351B002D58020800430643564042000F0A6FB0A
S2140351C0600702D5E020C002F06064483064012026
S2140351D000F09CFB62483064C320000630645A48E3
S2140351E08021490201671021B163890271615D491B
S2140351F00F60012232603022F2638F6280218901C0
S2140352004E4A116009010160F1BD0000F83F00003D
S214035210F3070000FFFF7F7F703F000020C001A858
S21403522094E001A894D001A8F8B54F4800680D276C
S21403523007400424002F00D104274C48102566039A
S21403524008214B4A4B4B1B682340126814D042601C
S214035250394004D00220FEF795FD474806603C40DF
S21403526007D046480068054344480560B0084249ED
S21403527008600220424915E00260394005D002204A
S214035280FEF780FDA0023C4908603C4006D03B4840
S21403529001680D43056070093749086038480660A1
S2140352A0300329490860FFF751FF00210020FEF76D
S2140352B0FCFCF1BDC43E00001C1002A80300030062
S2140352C0482102A810B580202E490A6802400AD059
S2140352D02D4B1A680624144005D15C6E2B4A2240D7
S2140352E01B6D9C0101D5002010BD096808400DD038
S2140352F02748824203D1180501D5012010BD254851
S2140353000068C107C90F481E8041C00F10BD224860
S2140353100321C163A8218163102101607047000047
S2140353201C2002A8D80000AA402002A8040000807F
S214035330646000A82C4000A8723E0000100002A87B
S214035340FC0302A81C1102A8442002A84C6201A870
S214035350C44001A84C4201A8082102A82400000169
S21403536098008800600102A8B44000A8E43E00004C
S2140353701CC101A8440002A8401002A8643F000014
S214035380685000A8400002A814C001A81F1F000010
S214035390010C000030C101A8082002A86C48006870
S2140353A00121084209D16B4A12686B4B000C184066
S2140353B0F03291400B40984201D002207047002003
S2140353C07047F8B507000F386A461080604CA0682F
S2140353D00A0004D16B461B8882B29A423AD2002254
S2140353E06B461A80012502263A0013D02268324003
S2140353F007D000292ED059480088401C57490880FA
S21403540000203900E16056490E6080B2B84201D3ED
S21403541069460D805348456000E030BF2068304041
S21403542003D1FFF7BBFF0028F7D04D48456039008E
S21403543010D02168314005D048490A886B461B883E
S214035440D2180A8006600020E060A068B84201D245
S21403545044480660FFF7A2FFF2BD38B5050000F02A
S21403546009FB0400012199204543A8093E4A126816
S2140354708018123880B2FFF7A4FF05008020C00111
S2140354803A490860200000F0F9FA280032BD334894
S21403549003883549096802889342F9D1100408182D
S2140354A07047FEB51238070C6946088000F0E2FA2A
S2140354B00190274C294D2888B8421ADA01202C4936
S2140354C00860274E30BF02202168014006D03060B6
S2140354D04003264908602888401C2880FFF75EFFA3
S2140354E0002802D12988B942ECDB0121716000282B
S2140354F00DD12888B8420AD1A0686946098888422F
S21403550005D2002168460088FFF75BFF01E0FFF73E
S21403551045FF04008020C00114490860019800F08C
S214035520ADFA2000FEBD10B512490A680E4B1B6883
S2140355300C689442FAD0DB014033141A02D288690D
S2140355402418641C0C4800684443181B10BD000054
S214035550280002A804ED00E0FF3F0000703E0000B4
S214035560282002A8281002A8300002A880E200E043
S2140355702C1002A820C001A8B43F0000F0B502E03A
S2140355800A601C602E607EC84F1C07D05F1C04D0C8
S2140355906F1CF5D10A601C60F0BD0A60F0BD000008
S2140355A080B5FEF7EFFB01207F49086001BD80B59B
S2140355B0EB2000F001F801BD30B57C490B681840BC
S2140355C01022134210D07A4B7A4C2468224008D01B
S2140355D0A84A14682402FF252D022540DD62002414
S2140355E01460802252031A60086030BDF3B50100D0
S2140355F016001C00002500959F48019A33000027DB
S2140356000BE0BC464F5D4743AE009E597E40575D58
S21403561047433740664637436D1CA542F1D33909E5
S21403562039438A080A43510811430840C109014314
S2140356300F208A0B0A4302405040F6BDF1B582B0F4
S2140356400E0000208B4908608C4DEF7AA87A0190F3
S2140356500F21394000910ED00B46894A894902989A
S214035660FFF7C4FF01990140824801608648414321
S2140356708648084001D1012400E04401380915D0CA
S21403568032003B0929000298009E6D7A751940196D
S214035690FFF7ACFF019909110140764802680B0138
S2140356A013430360002901D0480044437848006848
S2140356B0204001D10420FEBD0020FEBD80B50A00B7
S2140356C000211180734952888018FFF7B7FF02BD87
S2140356D070B50F22704B5C7905780F202040C540CB
S2140356E02009284001259C79C4402C4001D1032081
S2140356F070BD304C2468254005D09D684600AD5BE0
S2140357006D1E664E3560DD78DE79C640F00711D52E
S214035710E0060FD5002D0DD0614848600888488004
S21403572008881C7800192A4080185A7880182A0995
S214035730801800E000200880002070BD80B559481E
S2140357400168594A0820014201D050611061C90618
S21403575002D58621090111605449554A126812047C
S2140357600CD5544A1268530401D5C00305E0C02380
S2140357709B0113404202934200D008600D48007814
S214035780C022024002D18020400508604A480068D3
S21403579020221040086049480068C00101D4FFF782
S2140357A006FF01BD000000002C4000A86C3F00006F
S2140357B01C1002A8C43E0000F8B5414F38687E6846
S2140357C0064040483040404908608024A4033F4DCB
S2140357D0F00227D53E48016801200A0605D53D4953
S2140357E00968A9602870022014E0014202D03A49F1
S2140357F0A9600FE00020C9060CD52949A960374ADD
S21403580091780B071B0F12789A1809095118A9806B
S214035810E880A888A880A888002801D0264301E04D
S214035820FFF7C5FE264023D0274E74603460A88851
S21403583000280BD0F969814208D3291D2848AA6895
S21403584090470100F3D0FFF7ABFEF1BD01000CD08B
S214035850FC218902B161234902038A6134604C60EA
S214035860FA69824204D30C60F1BDEB20FFF7A4FE75
S214035870F1BD00004C3E0000010101013C3F000069
S214035880F43E0000343F00001111000021840000A4
S214035890F03E0000143F0000443F0000204000A8F4
S2140358A0851F0000F84F0000302102A8441002A80C
S2140358B0384101A8204201A8084001A8CC4000A80E
S2140358C0B44000A8FFFFDFFFB46000A8503E00000E
S2140358D0C43E000054380000991F0000453F0000F6
S2140358E0D44000A8B45000A810B5C409FFF7CFFDF4
S2140358F0201A312806DAC000183801D4C01EFDD598
S214035900002010BD2000FFF7CCFD10BDC321484387
S2140359106F3801D41E38FDD500207047FEB5C02071
S214035920C0043649086036483649C86510243648E8
S21403593004601020FFF7EAFF00285ED1FF20000571
S2140359403249086032483349086033482D490860B5
S21403595025042E480560314807680820FFF7D6FF60
S21403596000284AD108262E4806600120FFF7CEFFFE
S2140359702A48806802902B4806602B482149086015
S214035980224805600820FFF7C1FF002835D12448C8
S21403599006600120FFF7BAFF204DA8680190214852
S2140359A00660184E214830600299019800F046F8C8
S2140359B00104FC208003084000900298C10B019864
S2140359C0C00B00F03BF80006FC2189050140009857
S2140359D0014317480A0C4240FF239B1CD218104071
S2140359E0084330602F60E003084908602868286091
S2140359F010480460104981640020FEBD20E000A822
S214035A00F71700002C0102A8401102A8B02002A834
S214035A100000380EB01002A810103030E04001A885
S214035A20E05001A8E06001A83030101020202020AC
S214035A303F3F0000402102A8F7FFF00010B54904DD
S214035A40CA104004C310991A00209A18D30F9A1844
S214035A50521052188B115B0E5B18DB11D2182023E1
S214035A60541A01D422001843CC0F611849105B085E
S214035A70F6D110BDEFF3108072B67047002800D140
S214035A8062B6704780B5FEF75DFA002802D0B748C5
S214035A900068804701BD80B5FEF798FAC0480068E5
S214035AA000030AD4FEF7E0FCFFF750FBFEF745FCC5
S214035AB00120FFF727FBFFF715F880208005FEF788
S214035AC01FFA01BD80B5FEF781FA80204002FEF77B
S214035AD017FA01BDF8B5FEF705FA052083490860F5
S214035AE0FEF709FA824806680124264201D1FEF72A
S214035AF05EFBFEF76BFA7F48016800917E4A4068BA
S214035B001060B105C80F002126420FD00091984BB4
S214035B105D6815601D68974A17687B1BBD4202D3F4
S214035B209769DB195B1C9F4FBB42F5D39E4D2960DB
S214035B30002804D031000098FDF7C2FF00902868C3
S214035B40204004D16846FEF75EFB002802D1009889
S214035B50FEF7ACFBB44804606004FEF7D1F9F1BD70
S214035B6038B5924CE06BC00506D580200006206051
S214035B7000BF00BF40082060FEF70EFC8C4800689C
S214035B80C021090181438B480160FEF71FFAFDF728
S214035B9041FE0500A548A6490860FFF773FF80206D
S214035BA0C002FEF7ADF9002D01D080202060012051
S214035BB0A049087031BDF8B59F4800689F49096839
S214035BC001409F480160FEF701FAFB27BF012C2026
S214035BD0385C0521014002D0FEF792FA01E0FEF799
S214035BE09CFA724C0225F86A284001D001202060F6
S214035BF01020C043934908600026A66392480660B7
S214035C00FEF7A0F9002803D090480068804700E01C
S214035C103E60FEF767F98E480068E16B090407D417
S214035C20000705D5FEF774F98A490D60FEF779F982
S214035C30FEF761F9FFF782FDA804FEF761F9F1BDEF
S214035C4080B5FEF7C3F956480068000303D4FEF791
S214035C5074FBFEF747FF80204003FEF751F901BDB2
S214035C6038B5FEF7B3F9514C2025FFF72BFB002878
S214035C7006D0206B000704D5FFF749FBFEF7E6FFC7
S214035C802560FEF75AFBFEF72DFF734800780C21BC
S214035C900140042902D1FEF733FA01E0FEF73DFA8C
S214035CA06804FEF72DF94020206031BD1CB5FEF7D1
S214035CB019F905200D490860FEF71DF9FEF786F968
S214035CC0FFF725FBBC48006800906846FEF76EFFAA
S214035CD00400FFF7D7FE002C02D10098FEF7DCFF86
S214035CE080204004FEF70CF913BD00003C1102A807
S214035CF0400002A8B83F0000483E0000F8B5FEF793
S214035D0065F9564C256A5020284002D0FEF7F8F96C
S214035D1001E0FEF702FA254FFFF7D4FA00281BD15D
S214035D20786B40071DD4386BE0214901014018D138
S214035D30A80611D4FEF7D6F8256AA04E354207D03A
S214035D40FF20C0432D182562802000059C4908606B
S214035D50FEF7D1F82E4002D00120386001E0002083
S214035D60206080208004FEF7CBF8F1BD44380000A5
S214035D70D03E000020C001A880B5FEF727F9914861
S214035D800068400601D5FEF7D8FA0120FFF7BAF9F6
S214035D90FEF7A8FE8020C004FEF7B2F801BD00009F
S214035DA00C0002A801FF0000443E0000100002A8F9
S214035DB00C4201A8086201A810B527480468FEF73C
S214035DC005F981490968090328D40321C00601D5CA
S214035DD0214001E0A0080140012902D1FEF790F915
S214035DE00BE0200107D50E20FFF7DAFBA7480421B6
S214035DF0016008210160FEF790F9A54C2069A549CA
S214035E000860FFF73FFE2068002807D040001228EE
S214035E1002D2FFF77BFD01E0FFF71FFB8020800324
S214035E20FEF76EF810BD0000402002A870012000A7
S214035E30B46000A8733E0000084201A8883F000033
S214035E400C5201A8442002A84C3E0000483800002B
S214035E50844000A87CE40350EC3E0000CC3E0000E7
S214035E60F8B584B001266846067000270297FEF749
S214035E70ADF80390544C2068000300D596E0032049
S214035E80A649C86384480068A54D0F210F22024027
S214035E90032A03D0000B014006294DD1A148006810
S214035EA0A149CE6DE16B890701D59F490E6EFFF7B9
S214035EB03AFB8619FEF746F800280ED02879C10665
S214035EC00BD02868090D4143890B76189649096853
S214035ED0002902D10002400C3618002E01D5019786
S214035EE000E00196606B0107C80F03212A6B0A4086
S214035EF0022A1BD1039AD20618D5AA68D30513D54E
S214035F00A66B8A4B1E409E4203D11021834AD1635F
S214035F100CE092050AD4E26B2823134006D16B46A5
S214035F201F70274A116001E06A46177002906846A0
S214035F300678002E03D10FE07B48806D0190FFF7B3
S214035F40C1F9002808D0FFF7E2F90298002802D02A
S214035F50FEF77CFE00E00026022070490860002E53
S214035F6010D03020285C0C210140042902D0A06BFD
S214035F70C00602D5FEF7C4F801E0FEF7CEF82020EF
S214035F80606013E0FEF7D9F9802000060C4908602C
S214035F9067486849086001A8FEF708FE0400FFF793
S214035FA071FD002C02D10198FEF776FE80200004D6
S214035FB0FDF7A6FF05B0F0BDCC3F000000FFFF00D5
S214035FC0441002A8440102A80C0002A8FEB500244F
S214035FD00194FDF7FBFFFFF755FD574EF06E574D47
S214035FE00007000F072807D17068002804D4002094
S214035FF0FFF788F8286841E001210320504A7368B8
S2140360005B070BD44F4B1B680B4007D01368DF05A9
S2140360100BD55B0502D43368DB0503D40191916A83
S214036020890904E01021484B1960916A0909084060
S21403603000900020FFF766F80098002805D17068E6
S214036040C00602D4FEF769F801E0FEF759F800200F
S2140360500199002903D13D480068FFF764FA69698E
S214036060401801D5009400E000906846FEF7CBF890
S214036070002805D10098FEF719F9A86905490860B4
S21403608080200005FDF73CFFF7BD000080E200E03E
S214036090AC3F0000483E0000AC0002A8F8B5FDF790
S2140360A095FF002400252A48066B80277F053006C7
S2140360B006D5300709D5FFF72AF9FEF7C7FD29E00D
S2140360C0012520480068284019D00020FFF71AF859
S2140360D00220064002D01F490C60C8611E480468AF
S2140360E0002D03D02000FDF777FD0400FFF70FF91E
S2140360F02000FEF7D1FD3800FDF702FFF1BD17487B
S2140361000078C0210140402902D1FDF7F9FF01E0E4
S214036110FEF703F820200E490860ECE7082002A8E3
S214036120BC3E00000CC101A8683F00001000001030
S214036130FFFF7F7FB46000A8400002A8BC3F0000BA
S214036140C43E0000B44000A8441002A81CC101A825
S214036150100002A8180000AAD83F0000EC3E00007A
S21403616000F03CF802480349486000F052F800BFCC
S214036170DB2A00000000000080B5EFF305800B2843
S21403618001D23A2100E0292192225200002000F099
S21403619041FAFEE710B5C20018231340FF249C40C3
S2140361A0E2438907090E9940030004D470489B080C
S2140361B09B00C01806E0AD4B0007000F08388008A8
S2140361C08000181803681A401143016010BD80B59B
S2140361D074225421002000F01DFA01BD10B5FFF70C
S2140361E049FC0121634A1160634B644A1360644AA5
S2140361F013600323634C2360634C2360634B196073
S214036200634B19608023A44C2360D160FFF736FCF0
S21403621010BDFFF72FFC05000024012160B2FFF735
S214036220B9FF641C0E2CF8D301210F20FFF7B2FF31
S21403623001211120FFF7AEFF01211320FFF7AAFF6C
S21403624001211720FFF7A6FF03210120C043FFF714
S214036250A1FF01211B20FFF79DFF734873490860C8
S2140362607348C16AC162016801600220714908600F
S21403627001208A49086047046F4C20693840FCD0E7
S2140362802068800101D4FDF714FE2800FFF7F6FB13
S214036290774D0AE000281BD0FDF73AFE18E0206988
S2140362A03840FCD03000FFF7E9FB206E0004000FF7
S2140362B0022801D1FEF70CFAFFF7DCFB0600FDF718
S2140362C037FE0028A878E5D0002801D1FDF729FE7F
S2140362D001206978002909D12978002905D1704958
S2140362E00968890601D45349086030BF00216970E4
S2140362F029780029D6D102214E4A116067490860E1
S214036300CDE76848016842680A40674810401B4961
S2140363100860800703D5A4480188491C018070479C
S21403632070B56248016840680840000E0006604980
S21403633080221205104218D05E4B1C68641C1C6039
S2140363405D4C5E4D2D682D0407D5A568002D04D041
S21403635007250D600125AC4E3560402525601B687A
S214036360012B02D910238B62CA67886770BD0000B1
S21403637000E400E0040002A80000FF3F282002A873
S2140363802C1002A840E002A844C002A804C001A83A
S214036390044001A8F8B5854C206B616B0140009161
S2140363A0834D0846286000989849014007D0FDF7BA
S2140363B0C9FD002803D000989549096888478020BE
S2140363C0009901401CD0F821C90123680B4017D05F
S2140363D0C0221201934213D880231B06EB62266861
S2140363E00E40954F3F683F043F0F022F01D0032F07
S2140363F003D1002E01D09642F1D390490B6028605A
S2140364008F48007806280DDA0098CC2189010140D0
S21403641008D0FFF72FFB04000098FDF781FA200051
S214036420FFF72CFBF1BD0000FFFF9B0800E100E037
S214036430E04001A85C2002A84C0002A810B58148E1
S214036440016844680C408048046080210C4205D0F3
S21403645041607E4801600020FDF762FA600403D5C0
S214036460802040057A49086010BD00001CED00E05E
S214036470723E000038B57748016844680C40E00770
S21403648007D5FFF7F7FA0500FDF7E0FA2800FFF750
S214036490F5FA7148046031BD505201A85C1002A899
S2140364A0F40302A8280002A8FFFF00C0B44000A817
S2140364B03C6000A86C3E00002C4000A8384101A8B0
S2140364C0FEB5664C206C666C064001273E4216D02D
S2140364D03D0663480560206862490F60002802D0C5
S2140364E00021FDF771FC60480068A021C9018842BD
S2140364F08041C043C00F5D4988705D480560FDF765
S21403650007FD029002210E4049D06068C2B2019294
S214036510000A009008224C4B4C03564D0020019E67
S214036520012E27D0022E38D1009E012E24D1EE78DC
S2140365300096514E2F780C2047430020F0512878C0
S214036540400590277F04C719032038434B4F386014
S2140365501C604B480460301D2B780C246343494C65
S2140365602468009FE419C45028780C2358433150FC
S214036570454811E00091DCE7002E0ED1434E37600C
S2140365803D4E361D2D780C277D4370515C601C6094
S214036590C8043F4B18603F480260324801600298C7
S2140365A0FDF7BFFCF7BD0000703E00001C4201A8CB
S2140365B04C6201A870B5FDF7ABFC0400FFF75AFA6E
S2140365C02E490A68D20718D52B4A121DFA239B01B7
S2140365D05D7A0C26754356592A4D2D681E60CE6883
S2140365E05E604968D9818021C9041D4E3160197BDC
S2140365F069185B7A0C256B43D150FFF73FFA2000EE
S214036600FDF78FFC70BD00003C5000A8020006009A
S21403661040380000002800D0704710B50C00FDF786
S21403662077FC1D490C6001221C4B1A600B6C13404F
S214036630FCD1FDF776FC10BDAC0002A8785201A889
S2140366403C3E000090C001A890E001A80CC001A841
S21403665004ED00E090C000A890E000A800C002A8E7
S214036660401002A840E002A8404000A8723E000086
S214036670402002A8893E0000300000A860C101A89F
S21403668094D001A8200000A8F42302A860E101A882
S21403669080E200E0F41302A8008002A8409002A85B
S2140366A062675F6D657373616765207265636569AD
S2140366B07665727300010203BC6E030000000000DF
S2140366C0306703000100000063621C9500F0490276
S2140366D0BC6E0300000000005467030001000000C6
S2140366E04762758800F04902BC6E03000000000094
S2140366F07867030001000000BA5666C000F049023E
S214036700BC6E0300000000009C670300010000004D
S214036710EB0D9A2500F04902BC6E03000000000052
S214036720C067030001000000247EEA0B00F0490264
S214036730E4670300809C2B8F80841E00000000000B
S21403674027005200602C0020000000008472030023
S2140367500000000044690300809C2B8F80841E0089
S2140367600000000027005200602C002000000000FC
S2140367708872030000000000A46A0300809C2B8F2D
S21403678080841E000000000027005200602C0020BA
S214036790000000008C72030000000000046C03007D
S2140367A0809C2B8F80841E00000000002700520070
S2140367B0602C002000000000907203000000000020
S2140367C0606D0300809C2B8F80841E0000000000F9
S2140367D027005200602C0020000000009472030083
S2140367E000000000FC4F0103E070030010400100AE
S2140367F0004100003C40010000000000484001004A
S2140368002007000050400100000000005C4001002B
S2140368100D0F000004410100FF4C0000204003015F
S214036820000000861FC00100002000003840010160
S214036830000000005840040118000500400800004E
S214036840090000009200040080400F018C002C0217
S214036850000000001200120000808C1900000000E7
S2140368600002050E1C2F43536269686155433204C8
S21403687016100E0E0D0C0A08070605040303020283
S2140368800201010101010100EC40010180B0B18C5D
S214036890FC4003019C200B00055B60804737414AA0
S2140368A00C410301B85512002A194929090840402A
S2140368B028410101FFDD0000384107014CD4E83BC5
S2140368C004196F10080E141A20262C32383E103284
S2140368D05476980A1D00000070410101C0030000B1
S2140368E0344201010008000E4842010158AA1EC0A6
S2140368F07842010100000080388001011149100030
S2140369009C800301EB40020070380300D0000000B7
S214036910A8800111F0010000A8800131055AFD018D
S214036920AC800111F0010000AC800131053EFD0092
S214036930E40001026C2C511154010102C43F000013
S214036940FFFFFFFFFC4F01033471030010400100FB
S214036950004100003C4001001000000048400100D8
S2140369602007000050400100000400005C400100C6
S2140369700D0F00000441010003C001002040030185
S214036980300000461FC801000020001038400101F7
S21403699000000000584004011800050040080000ED
S2140369A00900000092000A0080400F018C002C02B0
S2140369B000000000120012005B808C1B0000000029
S2140369C00002050E1C2F4353626968615543320467
S2140369D016100E0E0D0C0A08070605040303020222
S2140369E00201010101010100EC40010180B0B18CFC
S2140369F0FC4003019C200A0001612080B756351233
S214036A000C410301B8551200A01B04290888404016
S214036A102841010100000000384107014CD4E83B3F
S214036A2004196F30080E141A20262C32383E103202
S214036A305476980A1D5F00007041010100000000B3
S214036A40344201010008000E48420101F4811F0090
S214036A50784201010000000038800101114910004E
S214036A609C800301EB40020070380300D000000056
S214036A70A8800111F0010000A8800131055AFD012C
S214036A80AC800111F0010000AC800131053EFD0031
S214036A90E40001026C2C511154010102C43F0000B2
S214036AA0FFFFFFFFFC4F0103887103001040010046
S214036AB0004100003C400100100000004840010077
S214036AC02017000050400100010400005C40010054
S214036AD00D0F00000441010003C001002040030124
S214036AE0300000461FC80100002000103840010196
S214036AF0000000005840040118000500400800008C
S214036B000900000092000A0080400F018C002C024E
S214036B1000000000120012005B808C1B00000000C7
S214036B200002050E1C2F4353626968615543320405
S214036B3016100E0E0D0C0A080706050403030202C0
S214036B400201010101010100EC40010180B0B18C9A
S214036B50FC4003019C200A0001612080B7563512D1
S214036B600C410301B8551200A01B042908884040B5
S214036B702841010100000000384107014CD4E83BDE
S214036B8004196F300A10161C22282E343A4010328D
S214036B905476980A1D5F80A470410101000000002E
S214036BA0344201010008000E48420101F4811F002F
S214036BB078420101000000003880010111491000ED
S214036BC09C800301EB40020070380300D0000000F5
S214036BD0A8800111F0010000A8800131055AFD01CB
S214036BE0AC800111F0010000AC800131053EFD00D0
S214036BF0E40001026C2C511154010102C43F000051
S214036C00FFFFFFFFFC4F0103DC7103001040010090
S214036C10014100003C400100000000004840010024
S214036C20A007000050400100000000005C40010087
S214036C300000000004410100FF4C00002040030157
S214036C40000000861FC001000060000038400101FC
S214036C5000000040584004016402FF0040080000A2
S214036C60010000009200080080400F018C000C0217
S214036C7000000000D7032200000000000000000010
S214036C800002050D1A2D3F50606869635746352587
S214036C90150D090807060505040404030303030288
S214036CA00202020201010101EC40010190382C8C22
S214036CB0FC4003019C200A00055B58804737414A85
S214036CC00C410301B85552002A194929893B404013
S214036CD028410101FFDD000038410701E853FA00AF
S214036CE0000000000000000000000000000000009C
S214036CF0000000000000000070410101C103000015
S214036D00344201010000000E4842010158AA1EC089
S214036D10784201010000000038800101114910008B
S214036D20A080020170780300FFC00200A880011152
S214036D30F0010000A88001310542CB01AC800111AF
S214036D40F0010000AC800131050A0D00E4000102E9
S214036D506C2C511154010102C43F0000FFFFFFFFDA
S214036D60FC4F010330720300104001000141000094
S214036D703C4001000000000048400100A00700005E
S214036D8050400100000000005C40010000000000CD
S214036D9004410100FF4C0000204003010000008670
S214036DA01FC00100006000003840010100000040E1
S214036DB058400401C804FF0040080000010000001A
S214036DC09200040080400F018C000C0200000000BB
S214036DD0B603220000000000000000000002050EBB
S214036DE01C2F4353626968615543320416100E0E16
S214036DF00D0C0A080706050403030202020101013B
S214036E0001010100EC40010190E82B8CFC400301DA
S214036E1090200A00055B58804737414A0C4103011E
S214036E20F56252002A194929893B4040284101014D
S214036E30FFDD000038410701E853FA0000000000B8
S214036E40000000000000000000000000000000003A
S214036E500000000070410101C1030000344201013B
S214036E600000000E4842010158AA1EC078420101E4
S214036E70000000003880010155251000A0800201A3
S214036E8070780300D0000000A8800111F001000014
S214036E90A88001310542CB01AC800111F00100004E
S214036EA0AC800131053EFD00E40001026E2C511357
S214036EB054010102C43F0200FFFFFFFF0C40010024
S214036EC001810100204002000000000001000000D4
S214036ED03040030000000000000000000000000037
S214036EE04040020000000000004000006040010037
S214036EF001010000A840010007000000BC40040098
S214036F000000000000000000000000000000000079
S214036F1008410300FF4C0000FF4D0000FF4D00003A
S214036F2020C0011000F8070020C00130F502080059
S214036F3024C00110FF00000024C00130001300002D
S214036F4028C00700EC80B38343754051A00F004868
S214036F503040000000000000000000002E02000089
S214036F6050C00400511130040E2D09E654060708DC
S214036F70D1B6020064C00A000430001C4030180971
S214036F800D647920EBFCFB017FF6E803BD4B72151D
S214036F9011A3180510325476980A0000000000006A
S214036FA0080001010807000018000101AAAAAA00A8
S214036FB0200001010060DA001C40010110000000FF
S214036FC02C400301008000000000000300000000C6
S214036FD0684002012941767100000000BC400201AE
S214036FE00000000000000000E04002013300000043
S214036FF000000000F4400201640483078813C83AC3
S2140370002441010100000000344101010C0100008D
S2140370105441010101010000684102016404830731
S214037020881382003042010100000000384202014A
S21403703000000000000000004442010100000000C0
S214037040544209010000000000003C00000000005C
S21403705000000000555555551700000000000000BD
S21403706000000000AAAA06007C42020100000000FD
S2140370700000000010800101030000003C800101B5
S21403708001000000B0800201000300023700000187
S21403709098000202000C00044C000000A400010249
S2140370A000040000D0000202050040AA8801000088
S2140370B0F4000202000000003D210811FC0001124A
S2140370C03F000000FC0001320054040030010102BE
S2140370D0600051026801010200040000FFFFFFFF89
S2140370E0140000000000800000000000407303004E
S2140370F0F072030000000000802596000048E801B7
S21403710040420F000108F50011495002000000003C
S214037110987203000000000000000000000000005A
S2140371203E420F00000000000000000000000000C8
S21403713000000000140000000000800000000000B3
S21403714040730300007303000000000080259600D0
S2140371500048E80140420F000108F50011495002BB
S214037160000000009872030000000000000000000A
S214037170000000003E420F00000000000000000078
S2140371800000000000000000140000000000800063
S21403719000000000407303001073030000000000AB
S2140371A0802596000048E80140420F000102F500E2
S2140371B0114950020000000098720300000000000E
S2140371C000000000000000003E420F000000000028
S2140371D00000000000000000000000001400000093
S2140371E000008000000000004073030020730300CB
S2140371F000000000004786000048E80180841E0067
S2140372000101F500114950020000000098720300C6
S21403721000000000000000000000000055841E006F
S2140372200000000000000000000000000000000056
S21403723014000000000080000000000040730300FC
S2140372403073030000000000841743000024F4009A
S21403725040420F000101F5005525500300000000D1
S2140372609872030000000000000000000000000009
S21403727038420F000000000000000000000000007D
S21403728000000000030500000303000003040000E1
S21403729003020000030100000200000000F04902A0
S2140372A00614000000E0930405380000A008000060
S2140372B00000580901040706100A01040707C80A54
S2140372C000040807800B00040808380C00040908AB
S2140372D0610800000000680800000000C7090104F8
S2140372E004032C0B01040404920C0104050400009F
S2140372F050C30000E62D0000D0070000D0070000B2
S214037300F5DA0200102700002C0100002C01000013
S214037310E5BF000010270000C2010000C201000004
S21403732050C3000050140000FA000000FA000000EA
S21403733050C30000FC210000B3010000B3010000AD
S214037340193F010604100100000101060010270082
S210037350000C000000000000000000001D
S20C03735CB48EFC7F0100000063
S21003736470730300402A00205301000051
S21403737089100300FFFFFFFF10270000A08601000F
S21403738000000000000000000000000000000000F5
S21403739000001B00000000000000000000000000CA
S2140373A000000000000000000000000000000000D5
S2140373B000000000000000000000000000000000C5
S2140373C000000000000000000000000000000000B5
S2140373D000000000FFFFFFFF10270000A08601004B
S2140373E0C0EA2101C0EA21010080000000F0490242
S2140373F030000000358600008B46020000000000C7
S214037400000000007027030020130020E02A00205D
S2140374109C160020162E03000200000099AA000006
S2140374200000000000000000000000000000000054
S2140374303E3F00009C1600200300000031AB000016
S214037440382E0300502E0300000000000300000047
S214037450CC160020282B002000000000CC160020AD
S214037460341700209C1700200000000000000000D6
S2140374700000000000000000000000000000000004
S21403748000000000000000000000000000000000F4
S21403749000000000000000000000000000000000E4
S2140374A000000000000000000100000000000000D3
S2140374B010000000100000000000000000FFFFFFA7
S2140374C0FF00000000000000ED890100000000003E
S2140374D0000000000000000075DD02000000000050
S2140374E0A59201000000000000000000000000005C
S2140374F051920100000000000000000000000000A0
S214037500659301000000000000000000000000007A
S2140375104997010000000000000000000000000082
S21403752085A001000000000000000000FFFFFFFF31
S2140375300000000000000000FFFF000020360300EC
S2140375407DDF0200FFFFFFFF3836030085E20200FF
S21403755081E20200FFFFFFFF89E20200FFFFFFFF59
S214037560AFE8020019E90200FFFFFFFFFFFFFFFF7E
S214037570FFFFFFFFFFFFFFFF972A0000991202009D
S21403758000000000D91D02000000000000000000FB
S214037590FFFFFFFF00000000FFFFFFFFFFFFFFFFEF
S2140375A0FFFFFFFFFFFFFFFFFFFF040008070200C8
S2140375B0200004000000000000000200100000008D
S2140375C000000000000000000000000000000000B3
S2140375D00A000100000000000A000F0000005468C3
S2140375E0726F756768707574205465737400020053
S2140375F00A000800303030303030303000000200EF
S21403760005000300303030000000020008000500CB
S214037610302E302E3000000002000800000000006C
S2140376200000000000002000FF0000000000000033
S2140376300000000000000000000000000000000042
S2140376400000000000000000000000000000000032
S2140376500000000000000000000000000000000022
S2140376600000000000000000000000000000000012
S2140376700000000000000000000000000000000002
S21403768000000000000000000000000000000000F2
S21403769000000000000000000000000000000000E2
S2140376A000000000000000000000000000000000D2
S2140376B000000000000000000000000000000000C2
S2140376C000000000000000000000000000000000B2
S2140376D000000000000000000000000000000000A2
S2140376E00000000000000000000000000000000092
S2140376F00000000000000000000000000000000082
S2140377000000000000000000000000000000000071
S2140377100000000000000000000000000000000061
S2140377200000000000000000000000001000FF0042
S2140377300000000000000000000000000000000041
S2140377400000000000000000000000000000000031
S2140377500000000000000000000000000000000021
S2140377600000000000000000000000000000000011
S2140377700000000000000000000000000000000001
S21403778000000000000000000000000000000000F1
S21403779000000000000000000000000000000000E1
S2140377A000000000000000000000000000000000D1
S2140377B000000000000000000000000000000000C1
S2140377C000000000000000000000000000000000B1
S2140377D000000000000000000000000000000000A1
S2140377E00000000000000000000000000000000091
S2140377F00000000000000000000000000000000081
S2140378000000000000000000000000000000000070
S2140378100000000000000000000000000000000060
S2140378200000000000000000000000000000000050
S21403783000001E00010000000000220004000000FB
S2140378400000000012000100000000001200040007
S214037850000000000000120004000000000000000A
S21403786012000400000000000000120001000000E7
S21403787000001200010000000000000000000207E4
S21403788002001700FFFF0C0000000000BF8FAF7F51
S2140378908700370F10100004040F05140AFF0101B8
S2140378A0FFFFFF0101010004010A010FFF0CFF0F98
S2100378B07F030100ED010000C50100008D
S8040051EDBD
