:10000000C00A0020ED5100000D2002000D2002006A
:10001000433C02000D2002000D2002000D200200D2
:100020000D2002000D2002000D2002000D20020014
:100030000D2002000D200200951E02000D2002007E
:100040000D2002000D2002000D2002000D200200F4
:100050000D2002000D2002000D2002000D200200E4
:100060000D2002000D2002000D2002000D200200D4
:10007000C19400000D2002000D2002000D2002009E
:100080000D2002000D2002000D2002000D200200B4
:100090000D200200995E00000D2002000D200200DC
:1000A0000D200200A55A0000855A00000D20020014
:1000B0000D200200E5FB01000D2002008904020072
:1000C00089EB020085EB02002DFC01009FEB020092
:1000D0008DEB02005904020091EB0200C9040200FA
:1000E000E5E10100A9E30100350502000D20020051
:1000F0000D2002000D2002000D2002000D20020044
:100100000D2002000D2002000D2002000D20020033
:100110000D2002000D2002000D2002000D20020023
:100120000D2002000D2002000D2002000D20020013
:100130000D2002000D20020071AB00004D450200B1
:1001400082B0BFF34F8FBFF36F8F30BF074BD3F831
:10015000F030DB0704D500230193019B052B01DD63
:1001600002B07047019B0133F6E700BF00ED00E0ED
:10017000000000000000000000000000000000007F
:100180000348044B834202D0034B03B11847704726
:100190008C2F00208C2F002000000000064B074908
:1001A000C91A891048BF0131491003D0044B0BB163
:1001B00001481847704700BF8C2F00208C2F00206B
:1001C0000000000010B5064C237843B9FFF7D8FFB4
:1001D000044B13B10448AFF300800123237010BD1A
:1001E0009E240020000000005C73030008B5054B4E
:1001F0001BB105490548AFF30080BDE80840FFF793
:10020000CDBF00BF00000000500D00205C73030054
:10021000A3F5803A704700BF174B002B08BF134B64
:100220009D46FFF7F5FF00218B460F461348144A01
:10023000121A24F02AFA0E4B002B00D098470D4BCF
:10024000002B00D098470020002104000D000D482D
:10025000002802D00C48AFF300800BF0E5FB200033
:10026000290024F075F90BF053F800BF00000800D6
:100270000000000000000000C00A0020C00A0020AA
:10028000002A0020000000000000000030B585B00A
:10029000054611F0BDF900284ED12A4B2877AB61F5
:1002A000AB6843F48013AB6023F031FDAB68A880EA
:1002B0001B030CD4B0F5FA7F09D92FF084FF01217C
:1002C000044608462EF0C0FF20462FF077FF284650
:1002D00011F0C6F9044680BBE86888B313F012FF3A
:1002E00027F063FB25F063FE0FF068FA10F062F868
:1002F00028F023FC26F03BFE134A01AB106851683E
:10030000127A03C301A81A7026F0F8FB0446A0B9BC
:1003100002460221042027F039FB68468DF8004090
:1003200011F07AFB0321042013F09CF80A200DF051
:1003300005FE284621F0A4FD0024204605B030BD6E
:100340000248CBE705040300E00603005C2F002011
:1003500008B50449044819F0FBFEBDE8084019F04F
:1003600029BF00BFEC060300AC0703004FF080522A
:10037000014B5A60704700BF00ED00E008B52FF058
:1003800099FB024BC3E9000108BD00BFC00A002071
:1003900008B52DED028B2FF08DFB0A4AD2E9003211
:1003A000C01A61EB02010AF0DDFD08EE100A2FF021
:1003B0009BFB00EE100AB8EE400A88EE000ABDEC86
:1003C000028B08BDC00A0020012337B54FF47A71B3
:1003D0000093164A0023164805F0C0F8054618B3E6
:1003E000144C1549206822F07CFD1449206822F045
:1003F00078FD21F06EFE21F06DFE114B114A009345
:1004000011495723206822F06CFD10492B46104AF1
:10041000206822F066FD284604F09AFF0D49206806
:1004200022F05FFD00BEFDE703B030BDA71E020055
:10043000680D0020140F0020D518030038080300B1
:10044000250903003D080300D8080300E70803005E
:10045000E4080300FC08030037B5154805F060F810
:10046000054618B3134C1449206822F03AFD13498D
:10047000206822F036FD21F02CFE21F02BFE104BDF
:10048000104A009310496223206822F02AFD0F4988
:100490002B460F4A206822F024FD284604F058FF1E
:1004A0000C49206822F01DFD00BEFDE703B030BD01
:1004B000680D0020140F0020D51803003808030031
:1004C0000D0903003D080300D8080300E7080300F6
:1004D000E4080300FC080300012837B50C462AD0C5
:1004E00002284ED0002872D1002900F095804B4D93
:1004F0004B49286822F0F5FC4A49286822F0F1FCB3
:1005000021F0E7FD21F0E6FD474B484A00934849BA
:100510002C23286822F0E5FC46492346464A2868F1
:1005200022F0DFFC204604F013FF4449286822F043
:10053000D8FC00BEFDE700296ED0384D3849286848
:1005400022F0CFFC3749286822F0CBFC21F0C1FD16
:1005500021F0C0FD344B354A0093354930232868DB
:1005600022F0BFFC33492346334A286822F0B9FC05
:10057000204604F0EDFE3249286822F0B2FC00BEAD
:10058000FDE7002948D0254D2549286822F0A9FC1F
:100590002449286822F0A5FC21F09BFD21F09AFD5A
:1005A000214B224A009322493423286822F099FCE7
:1005B00020492346204A286822F093FC204604F074
:1005C000C7FE2049286822F08CFC00BEFDE719B365
:1005D000124D1349286822F084FC1249286822F041
:1005E00080FC21F076FD21F075FD0F4B0F4A009342
:1005F0000F493823286822F074FC0E4923460E4A1E
:10060000286822F06EFC204604F0A2FE0E492868FD
:1006100022F067FC00BEFDE703B030BD140F0020E0
:10062000D5180300380803006A0A03003E090300D6
:10063000D8080300E7080300E70D0300CE09030014
:10064000F90903001F0A0300450A030000B589B039
:100650001C22002101A824F018F819238DF8043079
:100660000C4B0D4902930D4B01A8039302238DF807
:1006700010304FF4806305930A23ADF8183004F06E
:1006800087FE014610B10020FFF726FF09B05DF894
:1006900004FB00BF010C0000A00D0020D9040000E5
:1006A000014B186821F058BDA00D002008B5064B7D
:1006B000186821F06DFD014620B1BDE80840012019
:1006C000FFF70ABF08BD00BFA00D002008B5064B0C
:1006D000186821F06BFD014620B1BDE808400220FA
:1006E000FFF7FABE08BD00BFA00D0020FF22114B8E
:1006F0004FF6FF711A704FF0FF330F4A13600F4A25
:1007000013800F4A11800F4A0121138000230E4AE3
:1007100013700E4A13600E4A13600E4A13700E4A8D
:1007200011700E4AC2E90F33C2E91133D382D36488
:10073000704700BF6D2F0020442A00206E2C00203F
:100740006C2C00206A2C0020A0240020AC0D00207E
:10075000A80D0020A12400206E2F0020502A002088
:1007600030B58BB005AB029306AB019304AD07AB7C
:1007700000930C4603950A4908AB09AA0BF0D4F87C
:1007800006280AD1631E053455F8042B03F8012FFF
:10079000A342F9D101200BB030BD0020FBE700BF20
:1007A0007B0A030038B5054CA06B10B9A06301208B
:1007B00038BD856822F0F7FF2846F6E7502A00206A
:1007C0002DE9FF4104461B4D06222146284623F011
:1007D00032FF68B3AF680FB13D46F5E70C2022F059
:1007E000D5FE064620B3DFF858801349A860D8F834
:1007F000000022F076FB21F06CFC21F06BFC2378EA
:100800000E49039363780293A3780193E3780093EE
:1008100023796279D8F8000022F063FB0120236875
:100820002B60A388AF71AB80B76004B0BDE8F081E6
:100830000020FAE7802A0020930A0300980A0300A8
:10084000140F002010B50446FFF7A2FDFCEEC07A9D
:100850000A4A0B4BC2ED147AD3ED007AB2EE007A5D
:10086000F8EE677A67EE877A87EE807AFCEEC77AD1
:10087000C2ED0F7A0CB1C4ED007A10BD502A0020F1
:10088000AC0D00200B4B10B51B788BB10A4B5A787E
:10089000042A0DD0022807D1084A1160002498705C
:1008A00021F004FB204610BD0128F7D1044AF4E7EB
:1008B0000224F5E7A4260020502A00204C2A00201C
:1008C000482A0020074B1B7853B1074B5A78042A5B
:1008D00006D0D870013801288CBF26200020704730
:1008E00002207047A4260020502A0020064B1B78C7
:1008F00043B1064B5B78042B04D10122044B00204A
:100900001A70704702207047A4260020502A002049
:10091000A3260020094B01461B7863B1084B5B7886
:10092000023B012B07D8074B082814BF02460422BC
:10093000187819F07BB90220704700BFA426002068
:10094000502A00206D2F0020064B1B7843B1064B28
:10095000187830B9054B5878043818BF0120704713
:1009600001207047A4260020A3240020502A002044
:10097000064B1B7843B1064B1B782BB9054B5878B7
:10098000042818BF0120704701207047A4260020CA
:10099000A3240020502A0020F0B5334C85B0E37822
:1009A00001278DF80D300023304AC4E9113313605C
:1009B0002F4AE36313602F4AE36413702E4A0546FF
:1009C00017702E4A1370FFF747FD2D4B1B784BB95C
:1009D0002FF0F9FB0646394638462EF035FC3046F6
:1009E0002FF0ECFB002D32D00DF10E0325492648E7
:1009F00000930122098800780DF10D0315F0F2F83B
:100A0000054620B3214C2249206822F06AFA214988
:100A1000206822F066FA21F05CFB21F05BFB1E4BA4
:100A20001E4A00931E4940F2BA33206822F059FA58
:100A30001C492B461C4A206822F053FA284604F031
:100A400087FC1A49206822F04CFA00BEFDE704201A
:100A5000607009F069FF09F01BFFFFF78FFC21F0C0
:100A600025FA05B0F0BD00BF502A0020AC0D0020D3
:100A7000A80D0020A12400206E2F0020A224002019
:100A8000A32400206A2C00206D2F0020140F0020CA
:100A9000D518030038080300D20F0300D70A03005B
:100AA000D8080300E7080300E4080300FC0803007B
:100AB00008B5074B1B7843B1064B5B78032B04D179
:100AC0000120FFF769FF002008BD0220FCE700BFFE
:100AD000A4260020502A0020002330B5364D0446BD
:100AE000287885B08DF80D3000283CD1FFF7AAFE9C
:100AF00001232B70314B002C38D083ED000A304994
:100B00000DF10E032F4800930122098800780DF1A2
:100B10000D0315F067F80546002849D02A4C2B49EB
:100B2000206822F0DEF92A49206822F0DAF921F063
:100B3000D0FA21F0CFFA274B274A0093274940F2F9
:100B40007333206822F0CDF925492B46254A2068C9
:100B500022F0C7F9284604F0FBFB2349206822F065
:100B6000C0F900BEFDE79FED210AC3E7204A1470DB
:100B700000221A601F4B1B784BB92FF024FB05464F
:100B8000214601202EF060FB28462FF017FB1A4C5F
:100B90001A4B1968236D61640093E06BD4E912323B
:100BA00009F092FE0320607009F0BEFEFFF70CFC16
:100BB00021F07CF905B030BDA2240020A40D002056
:100BC0006A2C00206D2F0020140F0020D518030080
:100BD00038080300B30F0300D70A0300D808030046
:100BE000E7080300E4080300FC080300000000001D
:100BF000A3260020A3240020502A0020A80D0020B6
:100C000038B5FFF753FD1D4B1B781BB31C4B5A78AF
:100C1000042A1FD19D781B4C012D18D1FFF7B8FB7A
:100C2000194BD3ED007AF8EE677AB4EEE70AF1EEED
:100C300010FA0CDB2570154CD4ED007AF5EE407AF5
:100C4000F1EE10FA0AD10120FFF746FF02E0237807
:100C5000002BF0D1BDE83840FFF738BDFFF798FB17
:100C6000D4ED007A30EE670AF7EE007AB4EEE70AC8
:100C7000F1EE10FAEEDD0020E6E700BFA42600202A
:100C8000502A0020A3260020482A0020A40D00207E
:100C90007F2337B58DF80730114B1878FF280ED019
:100CA000104D6B78042B0AD00DF1070118F0D2FF1C
:100CB000044630B99DF90700287421F007F903B004
:100CC00030BD094D0949286822F00BF921F001FADD
:100CD00021F000FA22460649286822F002F9EEE7E0
:100CE0006D2F0020502A0020140F0020930A0300CB
:100CF000870B0300F8B50E461546114C114F04F052
:100D000021FA04F039F83946206822F0EAF821F097
:100D1000E0F921F0DFF932460B49206822F0E1F8D2
:100D20003946206822F0DDF821F0D3F921F0D2F91C
:100D30002A4620680549BDE8F84022F0D2B800BF35
:100D4000140F00205F0B0300A80B0300B70B030078
:100D500073B50446124D1349286822F0C2F821F0F9
:100D6000B8F921F0B7F91049104814F0020F14BF78
:100D700002460A4614F0010F14BF03460B4614F056
:100D8000040F14BF06460E4614F0080F18BF0146A4
:100D9000CDE900610649286822F0A3F802B070BDD1
:100DA000140F00205F0B0300B8140300AA14030003
:100DB000C60B0300034610B5244C25492068052BBB
:100DC0003CD8DFE803F003131B232B3322F089F810
:100DD00021F07FF921F07EF91E49206822F081F888
:100DE00020681D49BDE8104022F07BB822F079F858
:100DF00021F06FF921F06EF91849EEE722F071F851
:100E000021F067F921F066F91549E6E722F069F863
:100E100021F05FF921F05EF91249DEE722F061F876
:100E200021F057F921F056F90F49D6E722F059F889
:100E300021F04FF921F04EF90C49CEE722F051F89C
:100E400021F047F921F046F90949C6E7140F0020BF
:100E50005F0B03000A0C0300D51803001A0C0300F3
:100E6000300C0300400C0300530C03006E0C030015
:100E7000820C03002DE9F04F074688460024684D98
:100E8000164695F82C2085B00392664A03F1FF3987
:100E9000D2F800B04C4504DB05B0BDE8F04F21F0BE
:100EA00004B833195B7816F804A0092B09D1584609
:100EB00023F01FFCA31C02465946F01823F0BBFB8D
:100EC00018B1A2440AF10104E4E7039B022BE3D129
:100ED000AE6B554C2046A4681CB946B105B0BDE8C0
:100EE000F08F0622394623F0A6FB0028F2D14F4CA2
:100EF0004F49206821F0F5FF21F0EBF821F0EAF8E6
:100F00004C49206821F0EDFF18F018FF064610B399
:100F10004949206821F0E5FF4849206821F0E1FFB8
:100F200021F0D7F821F0D6F8454B464A00934649C0
:100F3000F323206821F0D5FF44493346444A206812
:100F400021F0CFFF304604F003FA4249206821F037
:100F5000C8FF00BEFDE74FF00109484685F82C9018
:100F6000FFF728FF3146DFF8F8A0CDF800A07A7926
:100F70003B79386843EA022363F30F014246AB79B9
:100F800018F028FE2128054623D13349206821F096
:100F9000A8FF21F09EF821F09DF82B462C4A2B4902
:100FA000206821F09EFF284604F0D2F92B492068E2
:100FB00021F097FF3146CDF800A07A793B79386867
:100FC00043EA022363F30F0142464B4618F002FE48
:100FD0000546002D82D01849206821F082FF17496C
:100FE000206821F07EFF21F074F821F073F8144B93
:100FF000144A009314494FF48573206821F071FF5F
:1010000012492B46124A206821F06BFF284604F053
:101010009FF91049206821F064FF00BEFDE700BF82
:10102000502A0020402A0020802A0020140F00208F
:101030005F0B0300950C0300D5180300380803006C
:1010400013100300D70A0300D8080300E7080300C1
:10105000E4080300FC080300930A0300A50C030046
:101060006D2F002008B5FFF7F7F9FF220020054B90
:101070001A70054B83F82C00FFF79CFEBDE8084072
:10108000FFF734BB6D2F0020502A00207FB5784C2D
:10109000FFF70CFB7749206821F023FF21F019F8B6
:1010A00021F018F87449206821F01BFF002202206B
:1010B000724B734D1A7085F82C00FFF77BFE95F983
:1010C00005106FF0630001EB81010DF10E0303AA1F
:1010D000490018F041FE064618B36A49206821F01D
:1010E00000FF6949206821F0FCFE20F0F2FF20F0AB
:1010F000F1FF664B664A0093664940F22E33206842
:1011000021F0EFFE64493346644A206821F0E9FE8D
:10111000304604F01DF96249206821F0E2FE00BE6D
:10112000FDE70A23BDF90E0090FBF3F040B22871F1
:1011300020F0C5FE294631F8080F14F09DFE064642
:1011400018B35049206821F0CCFE4F49206821F0A7
:10115000C8FE20F0BEFF20F0BDFF4C4B4C4A009370
:101160004C4940F23333206821F0BBFE4A493346F4
:101170004A4A206821F0B5FE304604F0E9F84849B3
:10118000206821F0AEFE00BEFDE747F6FF73CDE913
:1011900000032B8DAA8C298CA88B18F0FBFC06462B
:1011A00018B33849206821F09CFE3749206821F0A7
:1011B00098FE20F08EFF20F08DFF344B344A0093D0
:1011C00034494FF44F73206821F08BFE3249334687
:1011D000324A206821F085FE304604F0B9F83049E3
:1011E000206821F07EFE00BEFDE70121287E18F078
:1011F00091FD002837D001262A4920682E7621F05B
:1012000070FE20F066FF20F065FF2749206821F07E
:1012100068FE287E314618F07DFD054618B3194951
:10122000206821F05EFE1849206821F05AFE20F067
:1012300050FF20F04FFF154B154A0093154940F21F
:101240004633206821F04DFE13492B46134A20688F
:1012500021F047FE284604F07BF81149206821F070
:1012600040FE00BEFDE7FFF731FA04B070BD00BFDD
:10127000140F00205F0B0300110D0300A0240020B9
:10128000502A0020D518030038080300910F0300EE
:10129000D70A0300D8080300E7080300E4080300A6
:1012A000FC080300930A0300260D030070B5FF2617
:1012B00092B0FFF7FBF920F0A6FE324600211E484F
:1012C00023F0E3F9002132461C4823F0DEF90A221C
:1012D0001B4C1C4B62712022C4E907224FF47A7226
:1012E00001252360002326812646A262164AC4E90E
:1012F000113384F82D306362E363E3641370A571E6
:101300002576FFF7F3F9607809F00EFB16F8100B5D
:1013100020F0CEFD31464422684623F0DDF994E802
:101320000F0020F034FEFFF7B1FE084B1D7012B025
:10133000BDE87040FFF7CAB9A4250020A52400200D
:10134000502A002001010001A4240020A42600202E
:10135000F7B59B4D04462B78002B00F09E84FFF7D9
:10136000A5F92368974A23F47F4323F007039342A8
:1013700000F009812BD802F17F42934200F078847B
:1013800013D802F17F42934255D002F54032934286
:1013900000F06684A2F58022934241D0FFF796F9CF
:1013A00003B0BDE8F04020F081BD874A934200F0D1
:1013B000808302F57C029342F0D123799B07EDD024
:1013C000237F002BEAD1A37F04F11F022EE07F4A86
:1013D000934200F0E58010D802F17C42934200F085
:1013E000198302F1FE7202F580329342D6D1607900
:1013F000774B987120F071FDD0E7764A934200F068
:101400006C8302F1FE7202F580329342C6D1704BBA
:10141000B4F805001989588280B220F075FDBDE747
:1014200023799A07BAD0A37D04F11702E17A601DEF
:10143000FFF720FDB2E7684B207B684F19783870C2
:1014400018F024FC1128044624D1654D654928680C
:1014500021F047FD6449286821F043FD20F039FE62
:1014600020F038FE614B624A009362494FF40973E1
:10147000286821F036FD60492346604A286821F03B
:1014800030FD204603F064FF5D49286821F029FD06
:1014900000BEFDE720B3524D5249286821F021FDDE
:1014A0005149286821F01DFD20F013FE20F012FEA6
:1014B0004E4B4F4A00934F4940F22723286821F0B2
:1014C00010FD4D4923464D4A286821F00AFD20466B
:1014D00003F03EFF4B49286821F003FD00BEFDE705
:1014E00002203B4D687009F01FFAA879FFF712FA45
:1014F0000446A8B13A4E4449306821F0F2FC20F08D
:10150000E8FD20F0E7FD3C4923463C4A306821F0E5
:10151000E8FC204603F01CFF3C49306821F0E1FC68
:10152000032085F82C00FFF745FC1021384A387855
:1015300014F00AFB054600283FF430AF284C294937
:10154000206821F0CEFC2849206821F0CAFC20F058
:10155000C0FD20F0BFFD254B254A0093254940F2F0
:101560003523206821F0BDFC23492B46234A2068FF
:1015700021F0B7FC284603F0EBFE2249206821F059
:10158000B0FC00BEFDE7B4F80500114BD860B4F81C
:1015900007105962B4F809209A62FFF7ABFBFDE629
:1015A0001C4DB4F805402B78013B052B3FF6F6AEF9
:1015B000DFE813F032009000A801F4002A010002D5
:1015C000A4260020A0000602A0000901A000090630
:1015D000502A0020A0000907A42400206D2F00201D
:1015E000140F0020D518030038080300251003004D
:1015F000D70A0300D8080300E7080300E408030043
:10160000610D0300FC080300930A0300BC0D0300F6
:10161000791003009F24002000232B7024B3A84DD1
:10162000A849286821F05DFCA749286821F059FCE9
:1016300020F04FFD20F04EFDA44BA54A0093A54994
:1016400040F23513286821F04CFCA3492346A34AF5
:10165000286821F046FC204603F07AFEA04928685D
:1016600021F03FFC00BEFDE79E4B19689E4B1878A9
:1016700014F07EFA064620B3914C9249206821F07E
:1016800030FC9149206821F02CFC20F022FD20F054
:1016900021FD8E4B8E4A00938E4940F2391320680B
:1016A00021F01FFC8C493346904A206821F019FC38
:1016B000304603F04DFE8A49206821F012FC00BE3E
:1016C000FDE7022304202B70894B83F82C00FFF7E1
:1016D00071FB63E600232B7024B3794D79492868A8
:1016E00021F0FFFB7849286821F0FBFB20F0F1FC9A
:1016F00020F0F0FC754B764A0093764940F2411396
:10170000286821F0EEFB74492346744A286821F0CA
:10171000E8FB204603F01CFE7149286821F0E1FB3C
:1017200000BEFDE7734B1B780F2B7FF437AE05200F
:101730006F4B83F82C00FFF73DFB6F4B012219889C
:10174000694B187814F028FA064620B35C4C5D49C2
:10175000206821F0C6FB5C49206821F0C2FB20F024
:10176000B8FC20F0B7FC594B594A0093594940F254
:101770004713206821F0B5FB574933465B4A206880
:1017800021F0AFFB304603F0E3FD5549206821F01E
:10179000A8FB00BEFDE704232B70FFE500232B70A0
:1017A00024B3474D4749286821F09BFB46492868E8
:1017B00021F097FB20F08DFC20F08CFC434B444A39
:1017C000009344494FF4A773286821F08AFB4249EB
:1017D0002346424A286821F084FB204603F0B8FDE6
:1017E0003F49286821F07DFB00BEFDE70120404B0A
:1017F000987520F079FB414B022219883A4B1878F2
:1018000014F0CAF90523C7E724B32D4D2D492868E4
:1018100021F067FB2C49286821F063FB20F059FC7C
:1018200020F058FC294B2A4A00932A4940F25913C8
:10183000286821F056FB28492346284A286821F0C9
:1018400050FB204603F084FD2549286821F049FB20
:1018500000BEFDE70220264BD87520F04CFB284B3C
:1018600001221988204B187814F096F9064620B307
:10187000134C1449206821F034FB1349206821F0EF
:1018800030FB20F026FC20F025FC104B104A009382
:10189000104940F25F13206821F023FB0E493346C4
:1018A000124A206821F01DFB304603F051FD0C491F
:1018B000206821F016FB00BEFDE703236CE700BFA4
:1018C000140F0020D518030038080300F20F03009E
:1018D000D70A0300D8080300E7080300DD0D030062
:1018E000FC080300442A00206D2F0020E4080300B8
:1018F000502A0020A02400206E2C00206C2C0020F8
:101900006A2C002000232B7024B39E4D9E4928682A
:1019100021F0E7FA9D49286821F0E3FA20F0D9FB8D
:1019200020F0D8FB9A4B9B4A00939B4940F26513E9
:10193000286821F0D6FA99492346994A286821F067
:10194000D0FA204603F004FD9649286821F0C9FA30
:1019500000BEFDE7944B02221988944B187814F0CE
:101960001BF9064620B3874C8749206821F0B9FA55
:101970008649206821F0B5FA20F0ABFB20F0AAFBE5
:10198000834B844A0093844940F26913206821F014
:10199000A8FA82493346864A206821F0A2FA3046E6
:1019A00003F0D6FC7F49206821F09BFA00BEFDE7DA
:1019B0000623F1E600232B7024B3724D7249286888
:1019C00021F08FFA7149286821F08BFA20F081FB11
:1019D00020F080FB6E4B6F4A00936F4940F26F130B
:1019E000286821F07EFA6D4923466D4A286821F067
:1019F00078FA204603F0ACFC6A49286821F071FAB5
:101A000000BEFDE703206B4B587008F08DFFFEF71A
:101A1000DBFCC3E4267A102E7FF4C0AC04F1090588
:101A200032462946644822F006FE68B9A2796379F5
:101A300043EA0223614A1380614B187840F00200A8
:101A40001870FFF785F9A9E4324629465D4822F06F
:101A5000F2FD50B9A279637943EA02235A4A13800E
:101A6000574B187840F00100EAE7324629465748BC
:101A700022F0E1FD50B9A279637943EA0223544A86
:101A800013804F4B187840F00400D9E71022294604
:101A9000504822F0D0FD00287FF480ACA279637911
:101AA00043EA0223404A1380454B187840F008006F
:101AB000C6E7627A102A7FF471AC474804F10A0144
:101AC00022F0B9FD00287FF469AC444BD4F805201E
:101AD0001A60434B01221A7060E43D4AB4F80530A5
:101AE00012889A4238D1237B002B31D00020FEF798
:101AF00053FF354AB4F8053012889A423BD02F4A3A
:101B000012889A427FF44AAC6289D1B290B200291D
:101B100070D128498B6C01338B64324C254D23687E
:101B200003442360AB8A834202D0AA8220F0EAF900
:101B30002D4A136801331360AB78022B7FF42EAC6F
:101B40002A4B22681B689A42FFF428AC284BC1E755
:101B50000122274B1A70CCE7134A12889A42C8D147
:101B6000E3791D2B7FF41AAC207914F02BF80020B8
:101B7000FEF7B2FF12E4E3791D2BC5D1207914F0F2
:101B800021F8C1E7140F0020D5180300380803001E
:101B9000F20F0300D70A0300D8080300E708030088
:101BA000DD0D0300FC080300682C00206D2F0020D1
:101BB000E4080300502A0020591003006E2C002076
:101BC000A0240020691003006C2C002049100300A1
:101BD0006A2C00203910030079100300442A0020E9
:101BE0009F240020AC0D0020A80D00204C2A0020CE
:101BF000A32600202A4B267B1F782A4D3FB30027BF
:101C00002E701F702B789E420ED0DFF89CC098BFBC
:101C1000C3F16403DCF84C708CBFF31A9B19DBB280
:101C20001F44CCF84C702E7001251A260C348D42BE
:101C3000BFF673AF6B1EB3FBF6FC06FB1C3314F848
:101C4000017F61339F427FF464AF0135EFE7642782
:101C50002B780133B3FBF7FC07FB1C332B70D1E768
:101C6000B4F80510104B1981588A89B2FFF7D5BB1B
:101C70000D4C6378062B09D100232B706370FFF79E
:101C8000F1F9607808F050FEFFF788BB012363701C
:101C9000FFF7E8F9FFF7FAF9F3E703B0F0BD00BF8B
:101CA0006E2F0020A1240020502A002073B5204E62
:101CB00096F82C30022B38D11E4C1F49206821F099
:101CC00010F920F006FA20F005FA1C49206821F0EE
:101CD00008F918F033F8054618B31949206821F0BF
:101CE00000F91849206821F0FCF820F0F2F920F002
:101CF000F1F9154B154A009315494FF444732068C8
:101D000021F0EFF813492B46134A206821F0E9F837
:101D1000284603F01DFB1149206821F0E2F800BEBF
:101D2000FDE786F82C00FFF745F802B070BD00BF54
:101D3000502A0020140F00205F0B0300950C0300B5
:101D4000D5180300380803004C0F0300D70A03001E
:101D5000D8080300E7080300E4080300FC080300B8
:101D6000F0B52F4B2F4C1B782646677893B0002B8D
:101D700053D0012F2AD02C4B187817F09BFF054623
:101D800030B32A4C2A49206821F0ABF82949206851
:101D900021F0A7F820F09DF920F09CF9264B274A66
:101DA000009327494FF47573206821F09AF825496C
:101DB0002B46254A206821F094F8284603F0C8FAFB
:101DC0002249206821F08DF800BEFDE7FFF76EFF85
:101DD000FF2200211E4822F058FCFF2200211D484E
:101DE00022F053FC012363700023C4E9113384F80B
:101DF0002D30E363E364FEF779FC012F01D1FFF797
:101E000045F9607808F090FD44221349684622F0B5
:101E100063FC96E80F0020F0BAF813B0F0BD00BFE5
:101E2000A4260020502A00206D2F0020140F00202F
:101E3000D5180300380803006D0F0300D70A03000C
:101E4000D8080300E7080300E4080300FC080300C7
:101E5000A4250020A5240020602A002070B5064695
:101E60000D461446FEF722FC0A4B1B787BB10A4B49
:101E70005A78042A0BD05E71084B1D70084B1C70F9
:101E8000FFF76EFF0024FEF721FC204670BD022400
:101E9000F9E700BFA4260020502A0020A424002037
:101EA000A324002038B50F4D6B78042B17D0FFF713
:101EB000FDFE6B78012B0BD00B4B187817F0FAFE58
:101EC000062304466B70687808F02EFD204638BD66
:101ED0000024064B6C701C70FFF7C4F8F3E7022473
:101EE000F4E700BF502A00206D2F0020A426002018
:101EF0000E4B10B51B780E4C2BB920F0EAF820F0F1
:101F0000E9F80C490CE00C4B5B78042BF5D1FEF79B
:101F1000EDFC0028F1D120F0DCF820F0DBF80749D7
:101F20002068BDE8104020F0DCBF00BFA4260020E0
:101F3000140F0020EE0D0300502A0020F50D0300C1
:101F4000124B10B51B78124C2BB920F0C2F820F0C0
:101F5000C1F8104915E0104B5B78032BF5D1D0E99F
:101F6000023253F822301878FEF7ACFC0028ECD18E
:101F7000FEF79EFD0028E8D120F0ABF820F0AAF88B
:101F800006492068BDE8104020F0ABBFA426002021
:101F9000140F0020EE0D0300502A0020F50D030061
:101FA00038B52E4B2E4C1B784BB920F092F820F010
:101FB00091F82C492068BDE8384020F092BF2A4DA6
:101FC0006B78013B032B3DD8DFE803F02A02303663
:101FD00020F07FF820F07EF82449206820F081FF6F
:101FE00020F077F820F076F82149206820F079FF7A
:101FF0002B786BBB20F06DF820F06CF81D49206841
:1020000020F06FFF20F065F820F064F81849206890
:1020100020F067FF20F05DF820F05CF81649C9E772
:1020200020F057F820F056F81449D6E720F051F880
:1020300020F050F81249D0E720F04BF820F04AF891
:102040001049CAE720F045F820F044F80E49C4E7EB
:1020500020F03FF820F03EF80C49D0E7A4260020FD
:10206000140F0020EE0D0300502A0020F90D03008C
:10207000D51803003B0E0300F50D0300070E030007
:10208000140E0300230E03002F0E03004C0E03005A
:10209000124B10B51B78124C2BB920F01AF820F017
:1020A00019F8104915E0104B5B78042BF5D0D0E9F6
:1020B000023203EB8201496853F82230098818780C
:1020C000FEF7E0FB0028E8D120F003F820F002F84A
:1020D00006492068BDE8104020F003BFA426002078
:1020E000140F0020EE0D0300502A0020F50D030010
:1020F000144B13B51B78144C53B91FF0EAFF1FF0B3
:10210000E9FF1249206802B0BDE8104020F0E9BEA6
:102110001FF0DFFF1FF0DEFF0D49206820F0E1FE19
:102120001FF0D7FF1FF0D6FF0A4B0B4A1B680B4965
:1021300000930B4B92781B68206820F0D2FE02B00F
:1021400010BD00BFA4260020140F0020EE0D0300D8
:102150005A0E0300482A0020502A0020690E03006E
:102160004C2A0020294B37B51B78294C53B91FF056
:10217000B0FF1FF0AFFF2749206803B0BDE8304033
:1021800020F0AFBE244B5B78042BF0D0D0E90230B6
:1021900003EB80018A68496812780978003A53F89D
:1021A000203018BF0122003918BF012193F9000027
:1021B000FFF754FE054628B91FF08BFF1FF08AFF7A
:1021C0001649D9E71649206820F08BFE154920688A
:1021D00020F087FE1FF07DFF1FF07CFF124B134A9B
:1021E0000093134940F25673206820F07AFE11499B
:1021F0002B46114A206820F074FE284603F0A8F808
:102200000E49206820F06DFE00BEFDE7A4260020E8
:10221000140F0020EE0D0300502A0020F50D0300DE
:10222000D518030038080300280F0300D70A03005D
:10223000D8080300E7080300E4080300FC080300D3
:10224000144B13B51B78144C53B91FF042FF1FF009
:1022500041FF1249206802B0BDE8104020F041BEA5
:102260001FF037FF1FF036FF0D49206820F039FEC0
:102270001FF02FFF1FF02EFF0A4B0B4A1B780B4954
:1022800000930B4B92F904201B78206820F029FE64
:1022900002B010BDA4260020140F0020EE0D030094
:1022A000750E0300A3240020502A0020880E03008E
:1022B000A4240020124B10B51B78124C4BB91FF010
:1022C00008FF1FF007FF20680F49BDE8104020F00D
:1022D00008BE0E4B5A78042AF1D0D0E9022152F8F8
:1022E000212012781A811FF0F4FE1FF0F3FE2068FF
:1022F000074920F0F6FDBDE81040FFF731BD00BFF3
:10230000A4260020140F0020EE0D0300502A002008
:10231000F50D0300114B10B51B78114C4BB91FF094
:10232000D8FE1FF0D7FE20680E49BDE8104020F00F
:10233000D8BD1FF0CEFE1FF0CDFE0B49206820F067
:10234000D0FD1FF0C6FE1FF0C5FE084B20681A899D
:102350000749BDE8104020F0C4BD00BFA4260020FE
:10236000140F0020EE0D0300920E0300502A0020EF
:102370008E0E0300104B10B51B78104C4BB91FF09C
:10238000A8FE1FF0A7FE0E492068BDE8104020F00F
:10239000A8BD0C4B5A78042AF1D0D0E9022152F89A
:1023A000212012781A76FFF7DBFC1FF092FE1FF057
:1023B00091FE0549E8E700BFA4260020140F002085
:1023C000EE0D0300502A0020F50D030038B5124B26
:1023D000124C1B782BB91FF07CFE1FF07BFE1049BE
:1023E00010E0104B5A78042AF5D0D0E9021551F8C4
:1023F0002510012A08780AD198711FF06AFE1FF093
:1024000069FE09492068BDE8384020F06ABDFEF742
:1024100081FA0028DFD1F0E7A4260020140F002065
:10242000EE0D0300502A0020F50D0300114B10B5EE
:102430001B78114C4BB91FF04CFE1FF04BFE20686F
:102440000E49BDE8104020F04CBD1FF042FE1FF0C9
:1024500041FE0B49206820F044FD1FF03AFE1FF0BA
:1024600039FE084A206893790749127EBDE810407A
:1024700020F037BDA4260020140F0020EE0D03002D
:10248000980E0300502A00208B0E030038B5174B1E
:10249000174C1B784BB91FF01CFE1FF01BFE206869
:1024A0001449BDE8384020F01CBD134A5378042B72
:1024B000F1D0D0E9023153F8210003EB81035968D0
:1024C000056808689968DB6809681B68C2E90750F5
:1024D000C2E909131FF0FDFD1FF0FCFD206807494C
:1024E00020F0FFFCBDE83840FFF73ABCA4260020EE
:1024F000140F0020EE0D0300502A0020F50D0300FC
:10250000144B13B51B78144C53B91FF0E2FD1FF0A8
:10251000E1FD1249206802B0BDE8104020F0E1BCA6
:102520001FF0D7FD1FF0D6FD0D49206820F0D9FC23
:102530001FF0CFFD1FF0CEFD0A4A0B49936A0193AD
:10254000536A00932068D2E9072320F0CAFC02B046
:1025500010BD00BFA4260020140F0020EE0D0300C4
:10256000A60E0300502A0020BB0E03001A4B13B521
:102570001B781A4C53B91FF0ACFD1FF0ABFD184986
:10258000206802B0BDE8104020F0ABBC154B5B7872
:10259000042BF0D0D0E90232694653F82200FEF74E
:1025A000DFF878B16846FEF70BF958B11FF091FDDE
:1025B0001FF090FD0C49206820F093FCFFF7D0FB42
:1025C00002B010BD1FF085FD1FF084FD0449206896
:1025D00020F087FCF4E700BFA4260020140F0020A1
:1025E000EE0D0300502A0020F50D0300104B10B52E
:1025F0001B78104C4BB91FF06CFD1FF06BFD206871
:102600000D49BDE8104020F06CBC0C4B5B78042BEE
:10261000F1D0FEF7C7F81FF05CFD1FF05BFD2068EE
:10262000074920F05EFCBDE81040FFF799BB00BFF2
:10263000A4260020140F0020EE0D0300502A0020D5
:10264000F50D03007FB5264B264D1B7853B91FF0BF
:1026500040FD1FF03FFD2449286804B0BDE87040EC
:1026600020F03FBC1FF035FD1FF034FD1F492868E6
:1026700020F037FC1FF02DFD1FF02CFD1C492868B1
:1026800020F02FFC1FF025FD1FF024FD19492868BC
:1026900020F027FC1FF01DFD1FF01CFD14492868C9
:1026A00020F01FFC144C154EA3682BB91FF011FD30
:1026B0001FF010FD0E49CFE71FF00BFD1FF00AFDC4
:1026C000217823796279039161780291A17801914F
:1026D000E17800912868314620F003FCA468E3E724
:1026E000A4260020140F0020EE0D0300CC0E0300E2
:1026F000D70E0300EE0E0300802A0020050F030012
:10270000012837B50C462AD002284ED0002872D1B5
:10271000002900F095804B4D4B49286820F0E1FBE3
:102720004A49286820F0DDFB1FF0D3FC1FF0D2FCE3
:10273000474B484A009348492C23286820F0D1FB96
:1027400046492346464A286820F0CBFB204602F043
:10275000FFFD4449286820F0C4FB00BEFDE70029C6
:102760006ED0384D3849286820F0BBFB37492868BF
:1027700020F0B7FB1FF0ADFC1FF0ACFC344B354A2A
:10278000009335493023286820F0ABFB33492346BA
:10279000334A286820F0A5FB204602F0D9FD3249D3
:1027A000286820F09EFB00BEFDE7002948D0254D9B
:1027B0002549286820F095FB2449286820F091FBE2
:1027C0001FF087FC1FF086FC214B224A0093224910
:1027D0003423286820F085FB20492346204A2868B6
:1027E00020F07FFB204602F0B3FD2049286820F04E
:1027F00078FB00BEFDE719B3124D1349286820F09D
:1028000070FB1249286820F06CFB1FF062FC1FF07F
:1028100061FC0F4B0F4A00930F493823286820F0C2
:1028200060FB0E4923460E4A286820F05AFB2046DA
:1028300002F08EFD0E49286820F053FB00BEFDE734
:1028400003B030BD140F0020D51803003808030072
:102850002F11030099100300D8080300E7080300B4
:10286000E70D0300CE090300F90903001F0A030066
:10287000450A030000B589B01C22002101A821F0FF
:1028800004FF19238DF804300C4B0D4902930D4BB6
:1028900001A8039302238DF810304FF48063059351
:1028A0000A23ADF8183002F073FD014610B1002084
:1028B000FFF726FF09B05DF804FB00BFB53000004C
:1028C000B00D002001270000014B18681FF044BC28
:1028D000B00D002008B5064B18681FF059FC0146E2
:1028E00020B1BDE808400120FFF70ABF08BD00BFC6
:1028F000B00D002008B5064B18681FF057FC0146C4
:1029000020B1BDE808400220FFF7FABE08BD00BFB5
:10291000B00D0020F0B501201A250D4C0D4A23788A
:102920000D4916880B70864207DC64220133B3FB25
:10293000F2F102FB11332370F0BD421EB2FBF5F73A
:1029400005FB1722613201F8012F0130EBE700BFD0
:10295000A526002054240020B2270020F0B5012035
:102960001A250D4C0D4A23780D4916880B708642A6
:1029700007DC64220133B3FBF2F102FB1133237055
:10298000F0BD421EB2FBF5F705FB1722613201F8DC
:10299000012F0130EBE700BFA526002056240020C0
:1029A000B32600200122014B1A707047B126002087
:1029B0000122014B1A707047B026002038B5FFF78E
:1029C00089FF1C4B1C481A781AB10389023B9342B9
:1029D00002DC0289033A92B2184B1A80184B1B781A
:1029E0001BB101890239994221DC418A99B10389DD
:1029F0008BB19942134C09D85B1A043393FBF1F362
:102A0000013313FB01F3073B238004E0CD1A042DAF
:102A10000BDC07392180C3789B075CBF094B1A8800
:102A2000BDE838408282FFF765BF033BECE705490C
:102A30000B80F0E7AA2600206C0E00205624002010
:102A4000AB26002054240020FF2208B5094B0A4879
:102A50001A7002F065FD094802F062FD0023084A81
:102A6000D382084A1370084A1370BDE808401FF06B
:102A700056BA00BF722F0020340E0020FC0D00203B
:102A80006C0E0020B5280020B428002038B504467C
:102A90000D46FFF71FFF0B4B1B788BB10A4B5A7883
:102AA000042A0DD0022C07D1084A15609C7000241E
:102AB000FFF720FF204638BD012CF7D1044AF4E788
:102AC0000224F5E7B32800206C0E0020AC2A002079
:102AD000A82A002010B5FFF7FDFE084B1B785BB15C
:102AE000074B5B78042B07D101220024054B1A7099
:102AF000FFF700FF204610BD0224F9E7B3280020AD
:102B00006C0E0020B2280020064B1B7843B1064B08
:102B1000187830B9054B5878043818BF0120704731
:102B200001207047B3280020B22600206C0E002040
:102B3000064B1B7843B1064B1B782BB9054B5878D5
:102B4000042818BF0120704701207047B3280020D7
:102B5000B22600206C0E002038B5174D6B78042B80
:102B600027D0164B1878FF2809D16B78012B13D189
:102B70000024134B6C701C70FFF766FF13E016F017
:102B800083FF044630B90F4B187816F07DFF0446DA
:102B90000028EAD0204638BD0B4B187817F08AF889
:102BA000062304466B70687807F0D2FE1FF0B7F971
:102BB000F0E70224EEE700BF6C0E0020712F00202A
:102BC000B3280020702F0020722F002008B50B4B77
:102BD0009A7D012A02D0DA7D022A0CD1084A1278A5
:102BE0004AB1084A1278002A0CBF0220032058700C
:102BF00007F0AEFE08BD0220F9E700BF6C0E002012
:102C0000B5280020B4280020002337B50121544AFC
:102C1000544C1360544A05461370544A5448136088
:102C2000544AC4E912331370534AE3631170534A90
:102C300063641370524A1370524A1370524A1370ED
:102C400002F06EFC514802F06BFC514802F068FC47
:102C5000E378DA0701D5FFF75DFEE3789B0701D53E
:102C6000FFF77CFE002D2DD04A48012223214A4B3C
:102C7000007813F065F9054620B3484C48492068B0
:102C800020F02FF94749206820F02BF91FF021FA96
:102C90001FF020FA444B454A0093454940F2CF23A8
:102CA000206820F01EF943492B46434A206820F053
:102CB00018F9284602F04CFB4049206820F011F931
:102CC00000BEFDE7A378012B2ED100233C490093E1
:102CD0003C4A09682D4802F041FC054620B32F4CC0
:102CE0002F49206820F0FDF82E49206820F0F9F8DF
:102CF0001FF0EFF91FF0EEF92B4B2C4A00932C49F3
:102D00004FF43673206820F0ECF82A492B462A4A03
:102D1000206820F0E6F8284602F01AFB27492068D0
:102D200020F0DFF800BEFDE7274B1B784BB92DF0F4
:102D30004AFA0121054608462CF086FA28462DF06D
:102D40003DFA0420607007F003FE07F05DFD2CF0F3
:102D5000B1FE1E4B186003B0BDE830401FF0DFB875
:102D6000B80D00206C0E0020A5260020B40D002018
:102D7000C40D0020A92600206F2F0020B0260020BF
:102D8000AF260020AD260020B1260020FC0D00203B
:102D9000340E0020722F0020FB130300140F0020BC
:102DA000D518030038080300E412030040110300A3
:102DB000D8080300E7080300E4080300FC08030048
:102DC000A82A0020A5290000B2260020C00D00205E
:102DD0002DE9F04117461E46174C184DDDF81880B6
:102DE00007F02EFD2946206820F07BF81FF071F9CE
:102DF0001FF070F93A461249206820F072F829460F
:102E0000206820F06EF81FF064F91FF063F9324675
:102E10000C49206820F065F82946206820F061F808
:102E20001FF057F91FF056F9424620680649BDE8E1
:102E3000F04120F056B800BF140F00205F0B0300D4
:102E4000640B0300700B03007B0B03002DE9F043C0
:102E50002DED028B794C83B00646FFF73BFD63787E
:102E6000052B28D00025052375486370E57002F016
:102E700057FB744B1E70744B1D70744B1D70744B5C
:102E80001D70744B1D70744B1D70744B1D70EEB132
:102E9000734801222321734B007813F051F8002866
:102EA00000F08A80FFF726FD03B0BDEC028BBDE881
:102EB000F0431FF034B81EB1634B1B78002BE7D0F2
:102EC000DFF8888198F80030002B7BD12CF0F2FDE0
:102ED000654B664D1B68C01A07EE900A644BB8EE4E
:102EE000678A1B68286063642CF0FEFD07EE100AF9
:102EF000B8EE477AC8EE077A5E4BFCEEE77A93EDC0
:102F0000008AC4ED147AB8EE488AF2EE007AD5ED64
:102F1000008A28EE278A2CF0E7FD07EE900AF8EEEB
:102F2000688AF8EE677A88EEA77AC8EE077A0023F7
:102F3000FCEEE77A464A4A481370474A2721137045
:102F400000784D4B0422C4ED0F7A13F011F80346BC
:102F50000028A7D101213D4A117000904FF4FA7169
:102F6000464A374802F0FAFA054600289AD0444CFF
:102F7000444920681FF0B5FF434920681FF0B1FFA6
:102F80001FF0A7F81FF0A6F8404B414A00934149B3
:102F90004FF41E7320681FF0A4FF3F492B463F4AA1
:102FA00020681FF09EFF284602F0D2F93C492068B5
:102FB0001FF097FF00BEFDE70122234B1A70234B41
:102FC00018706FE7224F244E3B781BB93378002BE3
:102FD0003FF468AF334B93F80090B9F1000F09D17B
:102FE0002DF0F1F80546494601202CF02DF9284630
:102FF0002DF0E4F8FFF7EAFD0023134A88F80030CB
:103000001370144A3B701370012233704FF47A71BD
:1030100000922548254A02F0A1FA254B1B7823B1DE
:10302000616CE06B07F00CFC3CE7236D0093616C76
:10303000E06BD4E91232FFF7CBFE33E76C0E0020D1
:10304000C40D0020B1280020AE260020AF260020AD
:10305000AD260020B1260020B0260020B228002096
:10306000722F0020FA130300C00D0020BC0D0020B9
:10307000B40D0020B80D0020A80E0020B1290000DA
:10308000140F0020D5180300380803004A1303006A
:1030900040110300D8080300E7080300E408030018
:1030A000FC080300B2260020340E0020093900007D
:1030B000A8260020624B2DE9F3411F78002F40F035
:1030C000BB80604C6378042B40F0AD80E3789A07B6
:1030D00026D55D4E3378002B3ED0DFF8908198F8EE
:1030E0000030002B33D0594D594B2A681B88594862
:1030F0001344594A2B6013680133136002F010FA2D
:10310000A3783770022B88F8007019D1534B2A68C6
:103110001B689A4214D30120FFF798FE1EF0FFFEB1
:10312000E378DB0740F188804D4B1A78002A58D0AD
:103130000120FFF78BFE02B0BDE8F0411EF0EFBEAC
:10314000484B1A78002AE9D000221A70E3E7464B70
:103150001B78002BE2D0DEE7414B1D78002DDAD141
:10316000FFF7FCFB414B3B481D7002F0D9F9384A90
:103170003F481B213F4B1288007812F0F9FE0123D3
:103180004FF4FA7133703C4A2B460095314802F0F7
:10319000E5F905460028C1D0384C394920681FF0B0
:1031A000A0FE384920681FF09CFE1EF092FF1EF022
:1031B00091FF354B354A0093354940F2433320683F
:1031C0001FF08FFE33492B46334A20681FF089FEDB
:1031D000284602F0BDF8314920681FF082FE00BE8B
:1031E000FDE7204B197809B11A70A1E72C4D204852
:1031F0001F212C4B2A88007812F0A2FE00289AD1B9
:10320000124B2D881A681544134A1D601368013348
:103210001360FFF77FFBA378022B8CD10F4B1B6849
:103220009D4288D384E7052B06D11F4B187802B046
:10323000BDE8F041FFF70ABE02B0BDE8F08100BF73
:10324000A82600206C0E0020AF260020B80D00201C
:1032500056240020C40D0020B40D0020AC2A00200C
:10326000B2280020B1260020B0260020AD26002084
:10327000722F0020B3260020B1290000140F002077
:10328000D5180300380803006C1303004011030035
:10329000D8080300E7080300E4080300FC08030063
:1032A00054240020B2270020B1280020F0B5AA4DF8
:1032B00085B0AA4CFFF70EFBA94F287816F0E4FB67
:1032C000207816F0E1FB97F905106FF0630001EB31
:1032D00081010DF10E0303AA490016F03DFD0646DB
:1032E00020B3A04CA04920681FF0FBFD9F49206837
:1032F0001FF0F7FD1EF0EDFE1EF0ECFE9C4B9D4A0C
:1033000000939D4940F2251320681FF0EAFD9B4978
:1033100033469B4A20681FF0E4FD304602F018F85F
:10332000984920681FF0DDFD00BEFDE70A23BDF9C6
:103330000E0090FBF3F040B238711EF0F2FD3946FA
:1033400031F8080F12F098FD064620B3854C8649E7
:1033500020681FF0C6FD854920681FF0C2FD1EF0E1
:10336000B8FE1EF0B7FE824B824A0093824940F2BB
:103370002B1320681FF0B5FD80493346804A206832
:103380001FF0AFFD304601F0E3FF7E4920681FF0DB
:10339000A8FD00BEFDE7287816F086FB207816F021
:1033A00083FB284616F00EFB064620B36D4C6E4993
:1033B00020681FF096FD6D4920681FF092FD1EF0F9
:1033C00088FE1EF087FE6A4B6A4A00936A494FF4F2
:1033D0009B7320681FF085FD68493346684A206862
:1033E0001FF07FFD304601F0B3FF664920681FF0F3
:1033F00078FD00BEFDE70221287816F065FB064641
:1034000020B3584C584920681FF06BFD574920687D
:103410001FF067FD1EF05DFE1EF05CFE544B554A2A
:103420000093554940F23B1320681FF05AFD534961
:103430003346534A20681FF054FD304601F088FFA0
:10344000504920681FF04DFD00BEFDE7C8220090E6
:1034500003461146287816F0CFFA064620B3414CB1
:10346000414920681FF03DFD404920681FF039FDAB
:103470001EF02FFE1EF02EFE3D4B3E4A00933E49AD
:103480004FF4A17320681FF02CFD3C4933463C4AA1
:1034900020681FF026FD304601F05AFF39492068A8
:1034A0001FF01FFD00BEFDE70721287816F0C4FAC3
:1034B000064620B32B4C2C4920681FF012FD2B49E7
:1034C00020681FF00EFD1EF004FE1EF003FE284BC8
:1034D000284A0093284940F2451320681FF001FD57
:1034E00026493346264A20681FF0FBFC304601F08F
:1034F0002FFF244920681FF0F4FC00BEFDE7287868
:10350000022116F0F5FA054600283DD0154C164963
:1035100020681FF0E6FC154920681FF0E2FC1EF051
:10352000D8FD1EF0D7FD124B124A0093124940F20B
:10353000491320681FF0D5FC10492B46104A20681B
:103540001FF0CFFC284601F003FF0E4920681FF052
:10355000C8FC00BEFDE700BF712F0020702F0020C7
:103560006C0E0020140F0020D5180300380803004B
:103570009213030040110300D8080300E70803007A
:10358000E4080300FC080300204616F01BFA054679
:1035900020B3974C974920681FF0A3FC96492068F8
:1035A0001FF09FFC1EF095FD1EF094FD934B944A76
:1035B0000093944940F24F1320681FF092FC924907
:1035C0002B46924A20681FF08CFC284601F0C0FE72
:1035D0008F4920681FF085FC00BEFDE7014620787A
:1035E00016F03EFA054620B3814C824920681FF050
:1035F00078FC814920681FF074FC1EF06AFD1EF003
:1036000069FD7E4B7E4A00937E4940F25313206849
:103610001FF067FC7C492B467C4A20681FF061FC48
:10362000284601F095FE7A4920681FF05AFC00BE3A
:10363000FDE70221207816F083FA054620B36C4C92
:103640006C4920681FF04DFC6B4920681FF049FC55
:103650001EF03FFD1EF03EFD684B694A009369492C
:103660004FF4AC7320681FF03CFC67492B46674A57
:1036700020681FF036FC284601F06AFE6449206885
:103680001FF02FFC00BEFDE70023A022009311468F
:10369000207816F0B1F9054620B3554C55492068FD
:1036A0001FF01FFC544920681FF01BFC1EF011FD89
:1036B0001EF010FD514B524A0093524940F25F13E5
:1036C00020681FF00EFC50492B46504A20681FF01E
:1036D00008FC284601F03CFE4D4920681FF001FC23
:1036E00000BEFDE70721207816F0A6F9054620B3B5
:1036F0003F4C404920681FF0F4FB3F4920681FF011
:10370000F0FB1EF0E6FC1EF0E5FC3C4B3C4A00934F
:103710003C4940F2631320681FF0E3FB3A492B4613
:103720003A4A20681FF0DDFB284601F011FE3849B7
:1037300020681FF0D6FB00BEFDE70422207811466A
:1037400016F0EAF9054618B321284DD0284C29492E
:1037500020681FF0C6FB284920681FF0C2FB1EF03E
:10376000B8FC1EF0B7FC254B254A009325494FF4C1
:10377000B57320681FF0B5FB264A274920681FF063
:10378000B0FB2A46254920681FF0ABFB00BEFDE7D1
:1037900002220421207816F0E7F9054620B3144CE4
:1037A000144920681FF09DFB134920681FF099FB06
:1037B0001EF08FFC1EF08EFC104B114A0093114935
:1037C0004FF4B97320681FF08CFB0F492B460F4A4A
:1037D00020681FF086FB284601F0BAFD0C492068DE
:1037E0001FF07FFB00BEFDE7FFF784F805B0F0BDDA
:1037F000140F0020D51803003808030092130300AB
:1038000040110300D8080300E7080300E4080300A0
:10381000FC080300CE1103000A1203002212030069
:1038200070B5FF2492B01EF0EEFB2246002119482D
:1038300020F02BFF22460021174820F026FF4FF4EE
:103840008073164C002523800A236371F723012619
:103850002381134BC4E911551D70A5702574A67101
:10386000E56065826561E563E564FFF71FFD0D4B6B
:1038700004F11001442268461E7020F02DFF94E8E8
:103880000F001EF084FB084B1D7012B0BDE87040A5
:103890001EF045BBB2270020B32600206C0E00208E
:1038A000AC260020B3280020A826002070B50646CC
:1038B0000C461546FFF70EF80E4B1B78BBB10E4AAF
:1038C0005378042B13D056710C4A012B15700C4AF7
:1038D000147008D00B4B187816F0ECF90446FFF77B
:1038E00009F8204670BDFFF7E1FC0024F7E7022449
:1038F000F5E700BFB32800206C0E0020B2260020A0
:10390000AC260020722F002037B5FEF7E3FF7F239F
:103910008DF80730124B187870B1124D6B78042B6C
:103920000AD00DF1070116F095F9044640B99DF94A
:10393000070028741EF0FCFAFEF7DCFF03B030BD70
:10394000094D0A4928681FF0CCFA1EF0C2FB1EF090
:10395000C1FB2246064928681FF0C3FAECE700BF06
:10396000722F00206C0E0020140F0020930A030019
:103970005D120300F8B507460E461546FEF7AAFF8E
:10398000144B1B781BB3144C6378042B1FD0134BC0
:1039900027811E70124B1D70FFF710F8A38A228931
:1039A000618AE0681EF0D2FA6378012B09D12146C2
:1039B00031F8080F12F060FA0446FEF79BFF20462C
:1039C000F8BD084B0024187816F074F9F5E70224C6
:1039D000F3E700BFB32800206C0E0020AA260020C9
:1039E000AB260020722F002038B50546FEF772FF87
:1039F000224B1B78002B39D0214C6378032B35D117
:103A0000E37D9B072BD5A37DD80707D545B10123BF
:103A1000022DE3702ED10223E37001E0022DFAD0D3
:103A2000E3782BB3DA0748BF164A618A48BF128889
:103A3000E06848BFA2829B0748BF134B228944BF5E
:103A40001B88A382A38A1EF081FA0120FFF7DCF80D
:103A50000024FEF74FFF1EF062FA204638BD012D0C
:103A6000DED1A37DD907DBD50123D5E70224F0E71A
:103A70002624EEE7012DD3D1F6E700BFB3280020BE
:103A80006C0E00205424002056240020F7B5AC4EC4
:103A900004463578002D00F05187FEF71BFF2368A0
:103AA000A84A23F47F4323F00703934200F0B48431
:103AB0003CD802F17D4202F57F02934200F09486E9
:103AC00013D802F17F42934200F0038102F57D0298
:103AD000934200F0A68302F17F42934200F0B58347
:103AE00003B0BDE8F040FEF705BF974A934200F0EF
:103AF0007C8102F540329342F2D1267A102EEFD12A
:103B000004F1090532462946904820F094FD00282A
:103B100040F04486A279637943EA02238C4A1380F9
:103B20008C4A137843F002031370D9E78A4A934210
:103B300000F06C8644D802F17E4202F57D02934289
:103B400000F0BC8002F54032934200F09D8402F107
:103B50007D4202F57D029342C2D1804E62793346A6
:103B6000002103F8062F2C20012212F0BDF9054692
:103B7000002800F026837A4C7A4920681FF0B1F9BA
:103B8000794920681FF0ADF91EF0A3FA1EF0A2FAE1
:103B9000764B774A0093774940F2BE4320681FF086
:103BA000A0F975492B46754A20681FF09AF92846F6
:103BB00001F0CEFB724920681FF093F900BEFDE7CB
:103BC000704A93423AD002F1FE72934288D1A279B0
:103BD0006379624D43EA02236B82FEF7EFFE012117
:103BE0003C2005F1120212F0DBF90646002800F035
:103BF000E1825B4C5B4920681FF073F95A492068E9
:103C00001FF06FF91EF065FA1EF064FA574B584A20
:103C1000009358494FF4966320681FF062F95649A3
:103C20003346564A20681FF05CF9304601F090FB9D
:103C3000534920681FF055F900BEFDE7B4F8053080
:103C4000232B7FF44DAF454B207B5A7888B3032A52
:103C500007D000254C4B2A462321187812F05AF938
:103C60003EE70022DA709A7DD97DBAB102F00102F6
:103C7000B9B162B1C4070AD50122DA70DB789A07BC
:103C800012D5FEF76BFE0020FEF7BEFFE2E78907C4
:103C9000F4D510F0020FF1D00222EEE711F0020F7E
:103CA000F9E7002AE8D1E9E7DB07D2D5FEF732FED3
:103CB000E9E7042ACDD1FFF7C9F8CBE7274B5A78BB
:103CC000042A3FF40DAF94F9060018711EF029F98B
:103CD00006E7A2796379214D43EA02232B81FEF79F
:103CE0006DFE01220021402005F1080312F0FCF8CE
:103CF000064600284AD01A4C1A4920681FF0F1F8ED
:103D0000194920681FF0EDF81EF0E3F91EF0E2F902
:103D1000164B174A0093174940F25F4320681FF083
:103D2000E0F815493346154A20681FF0DAF83046A6
:103D300001F00EFB124920681FF0D3F800BEFDE72A
:103D4000B3280020A0000A03A0000602CA13030043
:103D5000742C0020A7260020A00009076C0E00206C
:103D6000140F0020D518030038080300281303009F
:103D700040110300D8080300E7080300E40803002B
:103D8000FC080300A0000A07722F00200121402038
:103D900005F1080212F004F90646002800F00A8234
:103DA000A04CA14920681FF09CF8A04920681FF092
:103DB00098F81EF08EF91EF08DF99D4B9D4A0093E8
:103DC0009D4940F2644320681FF08BF89B493346BD
:103DD0009B4A20681FF085F8304601F0B9FA9949EE
:103DE00020681FF07EF800BEFDE7B4F80530964D60
:103DF0002079EB60B4F8073005F108016B62B4F884
:103E00000930AB6212F054F8044620B3854D864960
:103E100028681FF066F8854928681FF062F81EF0D0
:103E200058F91EF057F9824B824A0093824940F2BA
:103E3000754328681FF055F880492346804A286852
:103E40001FF04FF8204601F083FA7E4928681FF0E2
:103E500048F800BEFDE7FEF7B1FD214601223C20F7
:103E600005F1120312F040F8044620B36D4D6E497F
:103E700028681FF036F86D4928681FF032F81EF0E8
:103E800028F91EF027F96A4B6A4A00936A4940F202
:103E90007D4328681FF025F868492346684A28684A
:103EA0001FF01FF8204601F053FA664928681FF0FA
:103EB00018F800BEFDE701460122402005F1080385
:103EC00012F012F8044620B3564D574928681FF0E7
:103ED00008F8564928681FF004F81EF0FAF81EF09A
:103EE000F9F8534B534A0093534940F282432868F0
:103EF0001EF0F7FF51492346514A28681EF0F1FF92
:103F0000204601F025FA4F4928681EF0EAFF00BE5E
:103F1000FDE701460422302005F10C0311F0E4FF17
:103F2000064620B33F4C404920681EF0DAFF3F4967
:103F300020681EF0D6FF1EF0CCF81EF0CBF83C4BEC
:103F40003C4A00933C4940F2874320681EF0C9FF79
:103F50003A4933463A4A20681EF0C3FF304601F022
:103F6000F7F9384920681EF0BCFF00BEFDE70422C7
:103F700000213420354B11F0B7FF044620B3294D02
:103F8000294928681EF0ADFF284928681EF0A9FFBE
:103F90001EF09FF81EF09EF8254B264A00932649F6
:103FA00040F28C4328681EF09CFF24492346244A93
:103FB00028681EF096FF204601F0CAF921492868BA
:103FC0001EF08FFF00BEFDE7014604223820204B83
:103FD00011F08AFF064600283CD0124C1249206896
:103FE0001EF07FFF114920681EF07BFF1EF071F864
:103FF0001EF070F80E4B0F4A00930F4940F29143A8
:1040000020681EF06EFF0D4933460D4A20681EF0F1
:1040100068FF304601F09CF90A4920681EF061FFF4
:1040200000BEFDE7140F0020D51803003808030078
:104030002813030040110300D8080300E708030019
:10404000E4080300FC0803006C0E0020900E002022
:10405000940E002001214020964A11F0A1FF06464F
:1040600020B3954C954920681EF03BFF9449206889
:104070001EF037FF1EF02DF81EF02CF8914B924ADF
:104080000093924940F2964320681EF02AFF90491F
:104090003346904A20681EF024FF304601F058F95C
:1040A0008D4920681EF01DFF00BEFDE70421302071
:1040B0008A4A11F075FF064620B37F4C7F4920687D
:1040C0001EF00FFF7E4920681EF00BFF1EF001F866
:1040D0001EF000F87B4B7C4A00937C4940F29A43E7
:1040E00020681EF0FEFE7A4933467A4A20681EF0A8
:1040F000F8FE304601F02CF9774920681EF0F1FEF9
:1041000000BEFDE704213420754A11F049FF064640
:1041100020B3694C694920681EF0E3FE68492068B5
:104120001EF0DFFE1DF0D5FF1DF0D4FF654B664A83
:104130000093664940F29E4320681EF0D2FE644917
:104140003346644A20681EF0CCFE304601F000F988
:10415000614920681EF0C5FE00BEFDE7042138203D
:10416000604A11F01DFF064620B3534C53492068A6
:104170001EF0B7FE524920681EF0B3FE1DF0A9FFE5
:104180001DF0A8FF4F4B504A0093504940F2A24304
:1041900020681EF0A6FE4E4933464E4A20681EF0A7
:1041A000A0FE304601F0D4F84B4920681EF099FE7D
:1041B00000BEFDE7AB8A2A89698AE8681DF0C6FE61
:1041C0008EE401212C20B21D11F0EAFE054620B339
:1041D000394C3A4920681EF084FE394920681EF0A7
:1041E00080FE1DF076FF1DF075FF364B364A0093BA
:1041F000364940F2C34320681EF073FE34492B4613
:10420000344A20681EF06DFE284601F0A1F83249BC
:1042100020681EF066FE00BEFDE7B0791DF08FFE3F
:104220005EE4314C6378062B08D100253570FEF72B
:104230000BFC6570607806F08BFB51E40123637022
:10424000FEF702FCFFF732F8F4E7274F7B78012BEB
:104250007FF446AC237B254E3370254B187815F040
:1042600013FC0546002845D0134C144920681EF065
:1042700038FE134920681EF034FE1DF02AFF1DF0A1
:1042800029FF104B104A0093104940F2DE4320688A
:104290001EF027FE0E492B460E4A20681EF021FE16
:1042A000284601F055F80C4920681EF01AFE00BEA1
:1042B000FDE700BF740E0020140F0020D518030086
:1042C000380803002813030040110300D808030036
:1042D000E7080300E4080300FC080300780E002050
:1042E000900E0020940E00206C0E0020722F0020F3
:1042F000712F00209C4B187815F0C6FB044620B3A4
:104300009A4D9B4928681EF0ECFD9A4928681EF0DA
:10431000E8FD1DF0DEFE1DF0DDFE974B974A009391
:10432000974940F2E24328681EF0DBFD9549234699
:10433000954A28681EF0D5FD204601F009F89349FA
:1043400028681EF0CEFD00BEFDE702237B70FEF75D
:104350003DFC01234FF47A718D4A00938D4823462A
:1043600001F0FCF88C4B3078197815F08FFC05467D
:1043700020B37E4C7E4920681EF0B3FD7D49206845
:104380001EF0AFFD1DF0A5FE1DF0A4FE7A4B7B4A8A
:1043900000937B494FF49E6320681EF0A2FD79498B
:1043A0002B46794A20681EF09CFD284600F0D0FF7D
:1043B000764920681EF095FD00BEFDE71021774A82
:1043C000307811F0C1FB054600283FF489AB674CFB
:1043D000674920681EF085FD664920681EF081FD52
:1043E0001DF077FE1DF076FE634B644A009364492E
:1043F00040F2F64320681EF074FD62492B46624A83
:1044000020681EF06EFD284600F0A2FF5F4920687C
:104410001EF067FD00BEFDE7B4F80520E379272A0A
:104420000BD1022B15D0012B7FF45AAB22895C4BA8
:104430001A70FEF7CBFBFFF753BB1B2A07D0012BEB
:104440007FF44EAB232A13D12289564BF0E7022B7F
:1044500004D1554B01221A70FFF742BB012B7FF4A8
:104460003FAB2089514B00F00200D8751DF088FD4C
:10447000B4F805301F2BDCD120894C4B00F0010033
:1044800098751DF076FDD4E7494DB4F805402B78BA
:10449000013B042B3FF624AB01A252F823F000BFEE
:1044A000B5440000C5450000E13A00007F46000029
:1044B000E146000000232B7024B32C4D2C492868C2
:1044C0001EF00FFD2B4928681EF00BFD1DF001FEAC
:1044D0001DF000FE374B294A0093294940F257331B
:1044E00028681EF0FEFC27492346334A28681EF040
:1044F000F8FC204600F02CFF244928681EF0F1FC4F
:1045000000BEFDE72D4B19682D4B187811F030FBDC
:10451000064620B3154C164920681EF0E2FC1549EA
:1045200020681EF0DEFC1DF0D4FD1DF0D3FD214BF4
:10453000124A0093124940F25B3320681EF0D1FC0E
:1045400010493346104A20681EF0CBFC304600F07C
:10455000FFFE0E4920681EF0C4FC00BEFDE70223EA
:104560002B70FFF7BDBA00BF702F0020140F002082
:10457000D518030038080300281303004011030076
:10458000D8080300E7080300E4080300FC08030060
:1045900009390000340E0020AC260020EA13030085
:1045A000B5280020B4280020AD2600206C0E002085
:1045B000A626002007130300DD0D0300A42A002017
:1045C000722F002000232B7024B3A84DA84928681F
:1045D0001EF087FCA74928681EF083FC1DF079FDBA
:1045E0001DF078FDA44BA54A0093A54940F2613324
:1045F00028681EF076FCA3492346A34A28681EF0CB
:1046000070FC204600F0A4FEA04928681EF069FC5A
:1046100000BEFDE79E4B1B78072B7FF461AA9D4BE4
:10462000012219889C4B187811F0B6FA064620B37F
:104630008E4C8F4920681EF054FC8E4920681EF075
:1046400050FC1DF046FD1DF045FD8B4B8B4A009341
:104650008B4940F2653320681EF043FC894933469C
:104660008E4A20681EF03DFC304600F071FE8749FE
:1046700020681EF036FC00BEFDE7042370E700232F
:104680002B7024B3794D7A4928681EF02AFC7949A9
:1046900028681EF026FC1DF01CFD1DF01BFD764B4E
:1046A000764A009376494FF45B7328681EF019FC34
:1046B00074492346744A28681EF013FC204600F013
:1046C00047FE724928681EF00CFC00BEFDE7744BE3
:1046D00002221988704B187811F05EFA05233FE723
:1046E00024B3624D624928681EF0FBFB61492868CB
:1046F0001EF0F7FB1DF0EDFC1DF0ECFC5E4B5F4A7D
:1047000000935F494FF45D7328681EF0EAFB5D4932
:1047100023465D4A28681EF0E4FB204600F018FEA0
:104720005A4928681EF0DDFB00BEFDE75D4B012203
:104730001988594B187811F02FFA064620B34B4CC4
:104740004B4920681EF0CDFB4A4920681EF0C9FB8A
:104750001DF0BFFC1DF0BEFC474B484A0093484982
:1047600040F2773320681EF0BCFB464933464B4A83
:1047700020681EF0B6FB304600F0EAFD4349206891
:104780001EF0AFFB00BEFDE700F006FD204600F086
:1047900009FD00F0F1FA2C70FFF7A2B93246294664
:1047A00041481FF048FF58B9A279637943EA0223D0
:1047B0003B4A1380364A137843F00103FFF7B4B93C
:1047C0001022294639481FF036FF00287FF488A9B7
:1047D000A279637943EA0223324A13802C4A137880
:1047E00043F00403FFF7A0B9627A102A7FF478A996
:1047F0002F4804F10A011FF01EFF00287FF470A962
:104800002C4BD4F805201A602B4B23E6254AB4F82C
:10481000053012889A420DD1247B284D34B10123F2
:1048200000202B70FEF7F0F9FFF75AB92046FEF78B
:104830000DFBB0E71A4A12889A4247D0154A1288EF
:104840009A427FF44DA9628912F0FF0145D11C49BB
:104850008B6C01338B641B490B6813441A4A0B6041
:10486000136801331360FFF73BB900BF140F00203A
:10487000D518030038080300071303004011030094
:10488000D8080300E7080300DD0D0300FC0803005F
:10489000A7260020742C0020722F0020E4080300BB
:1048A000722C0020702C0020DA130300BA130300CE
:1048B000EA130300A42A0020A6260020A826002030
:1048C0006C0E0020B80D0020B40D0020E3791D2BE4
:1048D000B9D1207911F076F9B5E7194B257B1E780F
:1048E000184816B3002605701E7003789D420BD041
:1048F000154F98BFC3F16403FE6C8CBFEB1A5B19B4
:10490000DBB21E44FE64057001201A250C34884277
:10491000A1DA431EB3FBF5F705FB173314F8016F5B
:1049200061339E4293D10130F1E76426037801336D
:10493000B3FBF6F706FB17330370D6E703B0F0BD01
:104940006F2F0020A92600206C0E00200E4B10B502
:104950001B780E4C2BB91DF0BCFB1DF0BBFB0C49AA
:104960000CE00C4B5B78042BF5D1FEF7B3F8002874
:10497000F1D11DF0AEFB1DF0ADFB07492068BDE88D
:1049800010401EF0AEBA00BFB3280020140F002064
:10499000EE0D03006C0E0020F50D0300104B10B55A
:1049A0001B78104C2BB91DF094FB1DF093FB0E49A6
:1049B00011E00E4B5B78032BF5D1D0E9023253F8AE
:1049C00022301878FFF710F80028ECD11DF081FB99
:1049D0001DF080FB06492068BDE810401EF081BA3A
:1049E000B3280020140F0020EE0D03006C0E0020F1
:1049F000F50D030038B52E4B2E4C1B784BB91DF02E
:104A000068FB1DF067FB2C492068BDE838401EF0AC
:104A100068BA2A4D6B78013B032B3DD8DFE803F0E1
:104A20002A0230361DF055FB1DF054FB2449206846
:104A30001EF057FA1DF04DFB1DF04CFB214920687C
:104A40001EF04FFA2B786BBB1DF043FB1DF042FBB1
:104A50001D4920681EF045FA1DF03BFB1DF03AFB96
:104A6000184920681EF03DFA1DF033FB1DF032FBA3
:104A70001649C9E71DF02DFB1DF02CFB1449D6E7A4
:104A80001DF027FB1DF026FB1249D0E71DF021FB8E
:104A90001DF020FB1049CAE71DF01BFB1DF01AFB9F
:104AA0000E49C4E71DF015FB1DF014FB0C49D0E7BF
:104AB000B3280020140F0020EE0D03006C0E002020
:104AC000F90D0300D51803003B0E0300F50D03009C
:104AD000070E0300140E0300230E03002F0E030025
:104AE0004C0E0300124B10B51B78124C2BB91DF065
:104AF000F0FA1DF0EFFA104915E0104B5B78042B2B
:104B0000F5D0D0E9023203EB8201496853F8223034
:104B100009881878FDF7BAFF0028E8D11DF0D9FA06
:104B20001DF0D8FA06492068BDE810401EF0D9B93A
:104B3000B3280020140F0020EE0D03006C0E00209F
:104B4000F50D0300144B13B51B78144C53B91DF02D
:104B5000C0FA1DF0BFFA1249206802B0BDE810404B
:104B60001EF0BFB91DF0B5FA1DF0B4FA0D4920686A
:104B70001EF0B7F91DF0ADFA1DF0ACFA0A4B0B4A66
:104B80001B680B4900930B4B92781B6820681EF042
:104B9000A8F902B010BD00BFB3280020140F0020F8
:104BA000EE0D03007F120300A82A00206C0E0020E7
:104BB000690E0300AC2A0020174B10B51B78174C68
:104BC0002BB91DF086FA1DF085FA15491EE0154B2C
:104BD0005B78042BF5D0D0E9023003EB80018A68C2
:104BE000496812780978003A53F8203018BF01223A
:104BF000003918BF012193F90000FEF757FE002885
:104C0000DFD11DF066FA1DF065FA07492068BDE89E
:104C100010401EF066B900BFB3280020140F00201A
:104C2000EE0D03006C0E0020F50D0300144B13B5C0
:104C30001B78144C53B91DF04CFA1DF04BFA124975
:104C4000206802B0BDE810401EF04BB91DF041FADB
:104C50001DF040FA0D4920681EF043F91DF039FAA5
:104C60001DF038FA0A4B0B4A1B780B4900930B4B8B
:104C700092F904201B7820681EF033F902B010BDB1
:104C8000B3280020140F0020EE0D0300A312030030
:104C9000B22600206C0E0020880E0300AC260020F7
:104CA000134B10B51B78134C2BB91DF012FA1DF0E5
:104CB00011FA114917E0114B5B78042BF5D0D0E9BC
:104CC000023203EB820153F82230D1E9011002785D
:104CD00009781878FEF74EFE0028E6D11DF0F9F9A4
:104CE0001DF0F8F906492068BDE810401EF0F9B83B
:104CF000B3280020140F0020EE0D03006C0E0020DE
:104D0000F50D0300144B13B51B78144C53B91DF06B
:104D1000E0F91DF0DFF91249206802B0BDE810404B
:104D20001EF0DFB81DF0D5F91DF0D4F90D4920684B
:104D30001EF0D7F81DF0CDF91DF0CCF90A4B0B4A47
:104D40001B880B4900930B4B12891B8820681EF0AF
:104D5000C8F802B010BD00BFB3280020140F002017
:104D6000EE0D0300C0120300542400206C0E00203E
:104D7000880E0300562400202DE9F0411226B54C80
:104D8000B54D1DF0A6F9013E1DF0A4F92946206895
:104D90001EF0A7F816F0FF06F3D11DF09AF91DF0EA
:104DA00099F9AE4920681EF09CF8AD4FAD4DDFF883
:104DB000AC821DF08EF91DF08DF9394620681EF089
:104DC00090F8F3B2013B0B2B0DD8DFE813F058003D
:104DD0008A009A00DC00A500B700C600CD001C01C7
:104DE00033018D0197012B78002B3AD11DF071F919
:104DF0001DF070F99C4920681EF073F81DF069F9E8
:104E00001DF068F9994920681EF06BF81DF061F9F2
:104E10001DF060F9394620681EF063F801361DF078
:104E200058F91DF057F9414620681EF05AF80D2E2A
:104E3000BFD11225884E1DF04CF9013D1DF04AF9F5
:104E4000314620681EF04DF815F0FF05F3D11DF036
:104E500040F91DF03FF920688049BDE8F0411EF09F
:104E600040B81DF036F91DF035F9814920681EF073
:104E700038F81DF02EF91DF02DF97E49C3E76B7847
:104E8000032B09D0042B15D0022B21D11DF021F9C1
:104E90001DF020F97849E9E71DF01BF91DF01AF91A
:104EA000764920681EF01DF81DF013F91DF012F967
:104EB0007349A8E71DF00DF91DF00CF97149206840
:104EC0001EF00FF81DF005F91DF004F96E499AE780
:104ED0001DF0FFF81DF0FEF86C4920681EF001F887
:104EE00009E01DF0F6F81DF0F5F895F90420684981
:104EF00020681DF0F6FF1DF0ECF81DF0EBF8654999
:104F000081E71DF0E6F81DF0E5F895F910206249FB
:104F100020681DF0E6FFC7E71DF0DBF81DF0DAF8AA
:104F2000D5ED037AB7EE047AF8EE677A67EE877A02
:104F3000FDEEE77A594917EE902AE9E71DF0C9F826
:104F40001DF0C8F86A8A564920681DF0CAFF1DF096
:104F5000C0F81DF0BFF8534955E71DF0BAF81DF031
:104F6000B9F82A895049EFE71DF0B3F81DF0B2F8FF
:104F70004E49AA8A20681DF0B4FF1DF0AAF81DF062
:104F8000A9F84B493FE7AB79013B072B2DD8DFE868
:104F900003F004122C182C2C2C261DF09AF81DF06E
:104FA00099F8444920681DF09CFF1DF092F81DF00F
:104FB00091F8414927E71DF08CF81DF08BF83F4927
:104FC000F0E71DF086F81DF085F83D4920681DF0DA
:104FD00088FF1DF07EF81DF07DF83A4913E71DF0BB
:104FE00078F81DF077F83849F0E71DF072F81DF0F9
:104FF00071F8364920681DF074FF1DF06AF81DF045
:1050000069F83349FFE6AB7D012B05D11DF061F84E
:105010001DF060F82F4952E71DF05BF81DF05AF8BB
:105020002D4920681DF05DFF1DF053F81DF052F86A
:105030002A49E8E6EB7D022B05D11DF04AF81DF068
:1050400049F8274912E71DF044F81DF043F82549B7
:1050500043E700BF140F0020FC130300D518030022
:10506000FE130300C00E00203B0E0300EC310300D2
:105070004C0E030085140300F90D0300140E030009
:1050800086140300230E030083140300070E03009D
:1050900000140300841403000D1403001C14030007
:1050A0002B14030080140300341403003D14030088
:1050B00081140300471403007F1403004F140300FE
:1050C00057140300871403006714030077140300C8
:1050D0007E14030089140300951403008214030056
:1050E000A0140300AE1403001CF0F3FF1CF0F2FF49
:1050F000EA6B064920681DF0F4FE6AE71CF0E9FF40
:105100001CF0E8FF6A6C024902E700BFBB14030011
:10511000C8140300014B5870704700BFC00E002038
:10512000014B1870704700BFC00E0020014B187172
:10513000704700BFC00E0020014B1874704700BFBD
:10514000C00E0020014BD860704700BFC00E002089
:10515000014B5882704700BFC00E0020014B1881E0
:10516000704700BFC00E0020014B9882704700BFFF
:10517000C00E0020014B9871704700BFC00E002088
:10518000014B9875704700BFC00E0020014BD875C9
:10519000704700BFC00E0020014BD863704700BFAE
:1051A000C00E0020014B5864704700BFC00E0020A5
:1051B00008B503482BF03BF8BDE808401FF068B97C
:1051C0002017030001482BF032B800BF201703005E
:1051D0000348044A0449121A92101CF018BF00BF79
:1051E0004001000080010000002A002008B5154B96
:1051F00083F30A8800F030F8FFF7EAFF124B1349F7
:105200008B4212D30020124B12498B4218D3FBF76A
:1052100003F8186850F82240586840F822400132DC
:1052200098688242F5D30C33EAE70022F8E71C685D
:1052300044F8220001325C68A242F8D30833E4E764
:105240000022F8E70000002064730300707303007D
:1052500070730300707303004FF40041134B144A42
:1052600070B59A60D3F88820124D42F47002C3F8EA
:105270008820114A05F5005491664FF0FF322266EE
:105280004FF6DF7262660222C3F8D020BFF34F8F61
:10529000BFF36F8F4FF44036032003F055F903201E
:1052A000E66003F035F92E6170BD00BF00ED00E04F
:1052B000000000000080004400900050014B186086
:1052C000704700BFB42A0020054B1860054B1B6FC8
:1052D00003F00703032B01D129F068BE704700BF1C
:1052E000BC2A00200080005070B5D0B1C9B10E4E6C
:1052F000431E013913F8014F2046325D02F00302CC
:10530000012A11F8012F08BF04F12000B55C05F057
:105310000305012D08BF2032801A01D1002CE9D1EC
:1053200070BD0120FCE700BF2E2F030008B503F07D
:1053300025F9014B186008BD140F0020024B0349EA
:1053400018681DF0CEBD00BF140F0020D21403005A
:1053500070B50C4C0C49064620681DF0C2FD03F0E8
:105360000DF90546206803F0FDF83046FFF7E6FF2B
:10537000284603F0F7F820680449BDE870401DF0A6
:10538000B0BD00BF140F0020D4140300D6140300D6
:10539000F8B50F460546002843D0002941D00378D0
:1053A0004268980702D01AB9212428E0002AFBD1CC
:1053B000190702D5AA8A002AF6D09A0605D5EB8AE3
:1053C000002BF1D0AB69002BEED02C201EF0DEF8C4
:1053D000064640B32C2200211FF057F92B46321D00
:1053E00005F11C0153F8040B8B4242F8040BF9D170
:1053F0002B785B0705D53E606B686BB900242046AF
:10540000F8BD012130461CF07BFE04460028F2D096
:1054100030461EF0C8F9F2E7314604481CF00BFE96
:10542000ECE72224EBE71924E9E700BF180F00207E
:1054300008B503481CF0F8FDBDE808401FF00AB8A5
:10544000180F00200B4B10B51C680CB901200AE0A6
:105450002AF0B9FE94F8202003462AB1A26A1AB1B4
:105460002AF0ACFE002010BD18462AF0A7FE2468E2
:10547000EBE700BF180F00200B4B10B51C680CB9F0
:1054800001200AE02AF09FFE94F8202003462AB16A
:10549000A26A1AB12AF092FE042010BD18462AF022
:1054A0008DFE2468EBE700BF180F00200C4B10B5F1
:1054B0001C6804B910BD2AF086FE94F8203002461C
:1054C0004BB1A36A3BB1013BA3622AF077FEA3680C
:1054D00098472468EDE710462AF070FEF9E700BF10
:1054E000180F002038B505462AF076FE00230B4A37
:1054F00014685CB1AC4206D1A96A6BB199622AF01A
:1055000066FE012007E02346A46AF2E7002DF3D0EF
:105510002AF05DFE204638BD1160F0E71C0F002028
:1055200010B50446B0B12AF04BFA2046FFF7DAFF77
:1055300010B194F82C300BB9002010BD064C236834
:10554000002BF9D02AF048FE2368013B23602AF0A3
:105550003EFEF1E72220F0E7200F00202DE9F04386
:1055600085B00546914698460E469DF8307009B9BB
:10557000002F5CD12846FFF7D3FF0446002836D120
:1055800085F82C00686303F059FF864233D92AF06E
:10559000ABFA2146844640F2E7304FF47A7200239A
:1055A000E6FB0C0105F024FD4FF0FF32002305F06F
:1055B0001FFD2B46E88611462846CDE900441D4ACA
:1055C0002AF0F5FE044690B9C5E9089885F82D70D3
:1055D0002E632AF001FE184A136833B31A469B6AF9
:1055E000002BFBD195620023AB622AF0F0FD204630
:1055F00005B0BDE8F08347B12B4631462846CDE9DA
:1056000000440C4A2AF0C2FADCE7304603A92AF02B
:1056100071FA04460028EAD12B462846CDE90077E6
:10562000044A03992AF09FFECCE71560DBE72124AA
:10563000DDE700BF3D5600001C0F002091F82C3024
:1056400013B50C4683B98B8ECA8E93420ED243B9E2
:10565000CDE9003320460B46124A4FF0FF312AF0C5
:1056600066FEA38E0133A38602B010BD52B191F83D
:105670002D3093B101230093D1E908232046096B13
:10568000FFF76CFF012384F82C30074B1A680132B6
:105690001EBF1A6801321A60E6E708462AF090F940
:1056A000F0E700BF3D560000200F00202DE9F0413B
:1056B000154E336833B34FF00008144F2AF08CFDB9
:1056C00005463C6824B92846BDE8F0412AF07FBD74
:1056D00094F82C30A3B1336884F82C8013B133686C
:1056E000013B336094F82D3013B92046FFF7FAFEE2
:1056F00028462AF06CFDD4E9083120469847DDE7BA
:10570000A46ADFE7BDE8F081200F00201C0F002015
:10571000034B1B68002B14BF04200120704700BFFF
:10572000200F0020024B1868B0FA80F04009704743
:10573000200F002030B5056887B0AB8804461848B4
:10574000ADF80C302AF073FD0022012103A81CF0F3
:1057500001FE0DF10B0103A81CF04EFE9DF80B306D
:1057600083F001032B70AB79022B15D14FF0FF337F
:105770000022CDE9043304A90A4B009403A800F0E9
:1057800047F9049B009401330CBF04220122054B0E
:1057900005A903A800F0D6F8002007B030BD00BF6F
:1057A000201703006B220200002307B5294801934C
:1057B0002AF03DFD4FF44073012204216846ADF804
:1057C00000301CF0C7FD0122234B0520C3F8442400
:1057D00001A92AF027FD002839D1204BD3F8F02069
:1057E00042F00102C3F8F020D3F8FC2042F08072AE
:1057F000C3F8FC201A4AA3F55D431A60019B194ABD
:1058000003F5D52303F2FC43B3FBF2F3164A013B45
:1058100013610223C2F8F0304FF48073C2F80433EE
:105820004FF06043114AC3F8B02F114AC3F8802EDD
:10583000D3F8002E42F48072C3F8002EFF2283F8C2
:105840002020D3F8002E22F48072C3F8002E03B07B
:105850005DF804FB2017030000D0035000ED00E0CA
:10586000FF030040F8590D00000004E055CEACC520
:10587000090001004FF06043D3F8802E30B5D20705
:1058800015D501240B4D8440D5F8FC2042F08072E0
:10589000C5F8FC20D3F8002E2243C3F8002E53F89D
:1058A0002020002AF0D003F82010002030BD112065
:1058B000FCE700BF00ED00E0F8B504460127124DFB
:1058C0000CB314F001000BD0002024F0010405EB10
:1058D000C0021668002EF3D05168C0B2B047EFE79F
:1058E0002246013020284FEA520201D0D307F8D5D2
:1058F00007FA00F20F2824EA0204E8D9421E05EB59
:10590000C2021038E5E7F8BD240F002008B50C48A6
:105910002AF08DFC192002F009FE28B1192002F0AE
:1059200013FE192002F0F4FD1A2002F0FFFD28B149
:105930001A2002F009FE1A2002F0EAFD002008BD3C
:10594000201703002DE9F0410D4690461F460446FE
:10595000002837D0002935D02AF03EFC23780646AF
:10596000FF2B05D042462046296801F04FFE2860F3
:105970002B68013309D12378FF2B06D1124B6078B5
:10598000D3F824141CF058FE28602A68531C13D046
:105990000E49069B41F8327001EBC2014B6023783F
:1059A000FF2B04D001239340094AC2F82434304627
:1059B0002AF00DFC002003E030462AF008FC2D20E0
:1059C000BDE8F0812220FBE700C00350240F002037
:1059D00000D003500F2838B5054613D82AF0FCFB39
:1059E00001230024084AAB40C2F82034C2F8243412
:1059F000064B43F8354003EBC5035C602AF0E7FB38
:105A0000204638BD2120FCE700E00350240F002091
:105A10002DE9F0410D4690461F46044660B359B348
:105A20002AF0DAFB23780646FF2B05D042462046B3
:105A3000296801F071FE28602A68531C16D00F49AE
:105A400002F10F0341F8337001EBC301069B4B6079
:105A50002378FF2B05D0012310329340084AC2F867
:105A6000243430462AF0B3FB002003E030462AF00D
:105A7000AEFB2D20BDE8F0812220FBE7240F0020A3
:105A800000D0035008B501F061FD054B00F0553022
:105A900020F05020C3F82004BDE80840FFF70CBFF9
:105AA00000E0035008B501F051FD054B00F0AA30AD
:105AB00020F0A020C3F82004BDE80840FFF7FCBE9A
:105AC00000E0035013B504460A482AF0B0FBA27860
:105AD0000421B2FA82F2237852098DF804306378F7
:105AE0000DEB01008DF805301CF034FC002002B0F5
:105AF00010BD00BF201703002DE9F04F9A46564B0A
:105B000085B01B7806460F461546DDF83C909DF89B
:105B100044B0DDF85080002B00F09780072A00F297
:105B200096800E9B002B00F09280B9F1000F00F0E0
:105B30008E80129BB3F5006F00F38980012803D19A
:105B4000109B002B00F08380444B03EB05131B7B61
:105B5000002B7ED0424C1022002168461EF095FD9D
:105B600004EB45141022A7BB394620461EF08DFDDC
:105B700043F210036380BBF1000F03D1E37843F0DD
:105B80000303E370364A0E9B02EB451CCCE90193FC
:105B9000129B6901581E9DF84C30C0F30A0003F0B7
:105BA00003039B0643EA001E53582E48012E00EAC9
:105BB00003004EEA0003CDF800A0535017D0B8F10F
:105BC000000F2ED19CF8023068F304138CF80230D9
:105BD00027E0002120461EF058FD4FF444736380F7
:105BE000BBF1000FCED1E37843F03003C9E71323B4
:105BF0000CF1100ECCF80C309CE80F008EE80F0072
:105C00006FF00301DCF81C20109B61F39F02012F51
:105C1000CCF81C20CCF8143003D1CCF81890CCF878
:105C2000043000270D4A290102EB051342F80180D8
:105C3000159A28465A60694622469F605E7301F0B5
:105C40007DFB384605B0BDE8F08F0748FAE7074806
:105C5000F8E70748F6E700BFB62800201411002037
:105C6000141000200F80FFF3028000F0018000F08C
:105C7000078000F038B5124B05461B78DBB1E0B168
:105C80002AF0AAFA0F4A00231146147B54B92B605C
:105C900001251A0101EB03131D738C502AF097FAAA
:105CA000204638BD0133082B02F11002EDD12AF055
:105CB0008EFA0548F5E70548F3E70548F1E700BF28
:105CC000B628002014110020048000F0028000F0AB
:105CD000018000F038B52AF07FFA002305460B4A10
:105CE000147B6CB90133082B02F11002F8D101F0DA
:105CF000D1FA074B28461C702AF069FA204603E0C7
:105D000028462AF064FA034838BD00BF1411002069
:105D1000B6280020058000F00D4B10B51B78044616
:105D200093B1072812D82AF057FA0A4B03EB041351
:105D30001A7B2AB100241C732AF049FA204610BDB0
:105D40002AF045FA0448FAE70448F8E70448F6E779
:105D5000B628002014110020068000F0028000F018
:105D6000018000F0154B13B51868002301908DF8E1
:105D700004302AF031FA124B1C7824B12AF027FAA9
:105D8000104802B010BD01221A702AF020FA0E4B02
:105D900001A81C731C7783F82C4083F83C4083F8DF
:105DA0004C4083F85C4083F86C4083F87C400823C7
:105DB0008DF8073001F092FA2046E2E7D91403008B
:105DC000B6280020038000F014110020F8B50D4D16
:105DD0002D7885B1072810DC0B4D060105EB00146A
:105DE000277B67B1AB510025069BA560636001F07E
:105DF000A5FA2846F8BD0548FCE70548FAE7054836
:105E0000F8E700BFB628002014110020028000F03F
:105E1000018000F0078000F00A4A08B512785AB1F4
:105E200007280BD8084A02EB00131B7B43B1002163
:105E300001F046FA002008BD0448FCE70448FAE7F0
:105E40000448F8E7B628002014110020028000F072
:105E5000018000F0078000F00A4A08B512785AB1B4
:105E600007280BD8084A02EB00131B7B43B1012122
:105E700001F026FA002008BD0448FCE70448FAE7D0
:105E80000448F8E7B628002014110020028000F032
:105E9000018000F0078000F0184B2DE9F0411F6DE4
:105EA0005B6D1F4000D5FEE701260025144CDFF88E
:105EB0005880374218D02368C8F85060A3B1A16851
:105EC000284601316268A1609847637B012B0BD1A2
:105ED00050B90C4B03EB45131A7B60F341021A7364
:105EE0001A7F60F341021A770135082D4FEA460602
:105EF00004F11004DDD1BDE8F08100BF00000450C2
:105F0000141100201410002000200450044BD3F87A
:105F10008420D206FBD4D3F88400C0F381107047EC
:105F20000040005038B5184B0546D3F824010C4604
:105F300000F00700062823D8DFE800F0040A121A50
:105F40001E0E1600012305B1286004B1236038BD80
:105F500029F006F80523F6E729F002F80623F2E710
:105F600029F03EF80323EEE729F03AF80423EAE7A4
:105F700029F032F80223E6E729F038F80723E2E7B0
:105F800000231846DFE700BF0080005038B5104BF3
:105F90000546D3F800310C4603F00303022B0BD067
:105FA000032B0DD0012B0FD129F01AF8032305B1D3
:105FB000286004B1236038BD29F01CF80823F6E7F7
:105FC00029F014F80723F2E701230020EFE700BFD0
:105FD0000080005038B5104B0546D3F820310C46F0
:105FE00003F00303022B0BD0032B0DD0012B0FD199
:105FF00028F0B6FF052305B1286004B1236038BD41
:1060000028F0EEFF0323F6E728F0E6FF0223F2E78D
:1060100001230020EFE700BF0080005038B5104B8F
:106020000546D3F840310C4603F00303022B0BD096
:10603000032B0DD0012B0FD12AF0BAF8092305B19B
:10604000286004B1236038BD28F0D4FF0823F6E7A8
:106050002AF0B1F80B23F2E701230020EFE700BF9D
:106060000080005038B5104B0546D3F860310C461F
:1060700003F00303022B0BD0032B0DD0012B0FD108
:106080002AF096F8092305B1286004B1236038BDD1
:1060900028F0B0FF0823F6E72AF08DF80B23F2E78B
:1060A00001230020EFE700BF008000503C4B9842E6
:1060B00072D02AD83B4B98426BD014D83A4B9842B6
:1060C00064D00AD8394B984243D0394B984240D0DB
:1060D000384B98423DD000207047374B9842FAD158
:1060E000364B586E7047364B984235D003F5371310
:1060F00003F5D863984232D0A3F5B703A3F55863EC
:106100009842E8D12D4B186F70472E4B984231D0F2
:106110000FD82D4B984225D02C4B984226D0A3F572
:106120003703A3F5D8539842D5D1244BD3F8800038
:106130007047274B984221D003F5740303F51053A1
:1061400098421FD0234B9842C5D11C4BD3F89000E6
:1061500070471A4B986D7047184B586F7047174B24
:10616000986F7047154BD3F884007047134BD3F8E2
:1061700088007047114BD3F88C0070470F4BD3F851
:10618000940070470D4BD3F8980070470B4BD86DB7
:1061900070470A4B986E7047084BD86F704700BF26
:1061A000002D310180969800404B4C0080841E00E9
:1061B00000093D0040420F00C0CF6A000080E00FA0
:1061C0000024F400006CDC020048E80180D54302A2
:1061D0000090D003007E560373B50D4600210E4B90
:1061E0000191D3F88041064604F00304012C09D044
:1061F000022C0CD00C460EB1019B336005B12C6013
:1062000002B070BD01A8FFF7E5FE0F24F3E728F008
:10621000E3FE0190EFE700BF0080005038B5104B5F
:106220000546D3F840320C4603F00303022B0BD093
:10623000032B0DD0012B0FD129F0BAFF092305B193
:10624000286004B1236038BD28F0D4FE0823F6E7A7
:1062500029F0B1FF0B23F2E700231846EFE700BF58
:106260000080005038B5144B0546D3F800020C46A8
:1062700000F0070004281BD8DFE800F003090D1127
:106280001500012305B1286004B1236038BD29F051
:106290008FFF0923F6E728F0ADFE0823F2E729F087
:1062A0008AFF0B23EEE728F081FE0E23800AE9E740
:1062B00000231846E6E700BF0080005010B40D4CE4
:1062C0000B46D4F8204204F00304012C0AD0022C1F
:1062D0000CD008B1002101600BB100221A605DF8FA
:1062E000044B70475DF8044BFFF774BE5DF8044B38
:1062F000FFF794BE00800050B0F5207F1FD009D872
:10630000B0F5007F15D003D868B1B0F5C07F0AD0D2
:1063100000200CE0B0F5607FFAD10B4BD3F8800081
:10632000C0F3011003E0084B186FC0F303300130D5
:106330007047054BD3F89000C0F30460F7E7024BB9
:10634000186FC0F38020F2E7008000504FF4003255
:106350000E4B014610B500209A66FFF7CDFF48436B
:1063600041F671320A490B4B884294BF002001204C
:10637000DC69DA639A6822F4401242EA00529A60B9
:10638000E20344BF0022DA6310BD00BF009000505A
:10639000005A620200000350420910B50FD0012AD2
:1063A0000FD00A4B0A4C022A18BF234600F01F00E8
:1063B00049B103F58053012282401A6010BD134693
:1063C000F4E7044BF2E703F50053F4E7688000506C
:1063D00060820050648000501FB50021B0F5807FBE
:1063E0000446019100F0068100F29D80612800F2D0
:1063F00095801F2805D8002840F0928028F0D6FD0F
:10640000DCE0A0F12004412C00F28A8001A353F8C3
:1064100024F000BFFD630000C1650000FD630000C3
:10642000C1650000E1650000E1650000E165000074
:10643000E1650000C1650000C16500009B650000CA
:1064400055650000176600002166000055650000D4
:10645000C1650000C1650000C16500002165000044
:106460002165000021650000216500002165000014
:1064700021650000EB65000077650000C165000044
:10648000C1650000C1650000356600002B66000094
:10649000C165000021650000216500002165000044
:1064A00021650000216500002165000021650000D4
:1064B00021650000216500002165000021650000C4
:1064C0002165000021650000FD63000021650000DA
:1064D000FD630000FD630000FD630000E165000056
:1064E0002165000021650000216500002165000094
:1064F0002165000021650000216500002165000084
:106500002165000021650000216500002165000073
:1065100021650000FD630000FD63000080284BD072
:10652000019804B010BDB0F5A06F5ED028D8B0F5CA
:10653000607F50D019D8B0F5007F4CD004D8B0F5AA
:10654000C07F3FF45BAFEBE7B0F5207F38D0B0F50C
:10655000407FE5D128F02AFD02464FF42070FFF776
:10656000CBFEB2FBF0F2520833E0B0F5806F37D0CB
:10657000B0F5906FD4D1002101A8FFF7D3FCCFE78D
:10658000B0F5E06F51D00DD8B0F5C06F43D0B0F585
:10659000D06F45D0B0F5B06FC2D1002101A8FFF790
:1065A0001BFEBDE7B0F5F06F44D0B0F5086FB7D172
:1065B00001A8FFF7EBFCB3E728F0D8FC0190AFE7A8
:1065C00028F0F4FC02464FF42070FFF795FEB2FB72
:1065D000F0F20192A4E728F0C9FC02462046F4E755
:1065E000002101A8FFF7F6FC9AE7002101A8FFF7B8
:1065F00065FE95E74FF0E02302911B695B0705D527
:1066000028F0D4FC0290029B019389E703A902A819
:10661000FFF704FDF7E7002101A8FFF7FFFC7FE784
:10662000002101A8FFF71EFE7AE7002101A8FFF76D
:10663000F5FD75E7002101A8FFF714FD70E700BF25
:1066400008B58020FFF7C8FE034B98429EBF4FF469
:106650008032024B1A6708BD005A620200A0005047
:106660001FB503460020B3F5807F01906FD027D877
:10667000382B00F082800BD8243B092B0FD8092B34
:106680000DD8DFE803F05F5F5F5F0C0C5A0C3675C6
:10669000522B57D007D83D2B3AD03E2B72D00198C1
:1066A00005B05DF804FB802BF9D1394B1B6F03F06B
:1066B0000703013B032BF2D8DFE803F03D36393BFB
:1066C000B3F5D06F54D019D8B3F5A06F55D00AD810
:1066D000B3F5806F36D0B3F5906FE0D1002001A9FB
:1066E000FFF720FCDBE7B3F5B06F26D0B3F5C06F42
:1066F000D5D1002001A9FFF791FCD0E7B3F5006FD9
:10670000ECD00AD8B3F5E06F3CD0B3F5F06FC6D14A
:10671000002001A9FFF7A6FCC1E7B3F5086FBED1C1
:1067200001A9FFF733FCBAE705230193B7E7032379
:10673000FBE70723F9E70223F7E7002001A9FFF7AA
:106740004BFDACE7002001A9FFF744FCA7E74FF0A1
:10675000E02302901B695B0705D528F027FC0C237A
:106760000393039BE1E703A902A8FFF757FCF8E7AF
:10677000002001A9FFF776FD91E7002001A9FFF7AE
:106780009DFD8CE7002001A9FFF748FD87E700BFCA
:10679000008000504FF48032074B0849586E03F5D3
:1067A00080535A660B6A23F001030B62C3035CBF7C
:1067B000034B5A66704700BF0080005000C007506E
:1067C00000A0005008B5FFF74BFF082811D009388A
:1067D000012802D94FF6FF7008BD4FF40012064B96
:1067E0005A6603F5D8335B6ADB07F3D54FF4FA70CA
:1067F000F2E7024B1888EFE700900050782C002059
:1068000008B5FFF72DFF03280ABF024B4FF6FF70B4
:10681000188808BD762C0020F8B504468020FFF7C4
:106820001FFF032800F087804FF40022424B022113
:106830005A6645F60E03414AC2F88030404B9962D1
:10684000012103F580539962936DD903FCD4D4E9F7
:1068500000131B0543EA0163E17B94F820500B43CE
:10686000217BE77E43EA0143617B6D0143EA01330B
:10687000A17B43EA811313619169D4E904031B06E8
:1068800043EA806301F000410B43A17E94F82300AA
:106890000B43217E43EA0143617E43EA0123936176
:1068A000136AE66923F00D0394F8221043EA870384
:1068B000002E2DD11362966A94F8213045EA031315
:1068C00026F033052B4343F0010393621D4D1B4B10
:1068D0009A6D35EA0202FBD10222194DAA621A65AD
:1068E0009A6D5200FCD41A69A56822F4700242EA3B
:1068F00005521A614FF00042114B9A6119B90222F8
:1069000003F580539A6278B901220F4B9A620BE02B
:10691000334343F008031362936A23F033030343C2
:106920002B4343EA4103936294F824301BB1034B99
:10693000064AC3F88020F8BD0090005000C0005007
:1069400000D000500300014000E00050F1A7FFFF1D
:10695000014B93F900007047B8280020F0B5D0E94A
:1069600001434FF480061A4A4178057856664FF481
:10697000D156022702F5B8325662164E4F2977607B
:106980004FF0010728BF4F2106F580567760166942
:10699000F603FCD441EA052151611B01417B43EA26
:1069A00004230B43017B43EA41039360C37B817B58
:1069B0001B0143EA4113417C0B43017C43EA410341
:1069C0005360837C13B16FF4D1535362F0BD00BFA9
:1069D0000090005000100250014B1880704700BF1B
:1069E000782C0020014B1880704700BF762C0020C7
:1069F0004FF4001208B5184B5A660223174A536029
:106A0000936813F48033FBD1012822D128F0E8FAEF
:106A1000134B984215D003F5122303F5F8639842FF
:106A200013D0104B00EB8002400AB3FBF0F3520A84
:106A30000A49CA620B6301234B620022074B5A606A
:106A400008BD45F67A13084AF2E745F61A03074AE5
:106A5000EEE75362F1E700BF0090005000400250A3
:106A600000F0490264666666D8B80500BBCF050031
:106A7000B0F5207F10B50C4642D008D8B0F5007FA5
:106A800033D003D888B1B0F5C07F0ED010BDB0F5BB
:106A9000607FFBD11F4A4C1ED2F8803023F03003B8
:106AA00043EA0413C2F88030F0E71BF028FD1BF026
:106AB00034FD4FF48031184B164A1967136F013CAF
:106AC00023F4704343EA0433136728F06FFA044653
:106AD000FFF71CFAC0F1020120461BF018FD00F080
:106AE00035F8BDE81040FFF7ABBD0A4A4C1ED2F89E
:106AF000903023F0F85343EA0463C2F89030C5E7BE
:106B0000044A4C1E136F23F4806343EA8423136703
:106B1000BCE700BF008000500090005008B5012184
:106B2000022000F055F94FF42070FFF7E5FB054B0C
:106B300018701BF0E4FC1BF0F0FC4FF48032024BA9
:106B40001A6708BDB72800200090005008B54FF420
:106B5000C070FFF741FCBDE808400449884294BF7B
:106B6000012102214FF42070FFF782BF80F0FA026A
:106B700038B5044628F01AFA0546FFF7C7F9C0F100
:106B8000020128461BF0C3FC0121002000F060F93F
:106B90002CB1FFF7DBFFBDE83840FFF751BD034BD9
:106BA0004FF420701978FFF763FFF4E7B72800204F
:106BB0004FF4C02270B50546FFF778FA314B044612
:106BC0005A6603F598335A68012A04D12E494A605F
:106BD0009A699207FCD18020FFF742FD052807D172
:106BE0001BF08DFC1BF099FC4FF48032254B1A678B
:106BF000264B24F040749D4230D0254B9D4230D02E
:106C000028F0AEF98542064603D90121284600F056
:106C10001FF9204BDA6812F0060FFBD199689C60CF
:106C20009A68624012F4F81F1ED12846FEF746FB10
:106C30008020FFF715FD05280DD128F0B7F904468F
:106C4000FFF764F9C0F1020120461BF060FCFFF77A
:106C50007DFFFFF7F5FCAE420CD270BD44F000742E
:106C6000CEE744F08074CBE780209960FFF7F8FC12
:106C7000052805D0BDE870400121002000F0E8B8EB
:106C80003546DAE70090005000E0015040420F0026
:106C900080841E000000015010B5224B70B94FF4E3
:106CA0000031214A1860516602F598325268012A73
:106CB00003D11E4AD2F800211A6010BD1B68002BB8
:106CC000FBD01B4A5268012AF7D0184A8020C2F82C
:106CD0000031FFF7C5FC05281FD14FF4C070FFF746
:106CE0000BFB0128044604D102214FF4C070FFF7CA
:106CF000BFFE07220F4B1A610122A3F580535A6091
:106D00000B4A1369DB07FCD5012CD6D12146BDE81F
:106D100010404FF4C070FFF7ABBE0122064B5A6023
:106D2000CBE700BF9411002000900050008000507D
:106D300000C0015000E0015000D00150044A4178E9
:106D4000536F23F4407343EA01235367704700BF36
:106D50000040005010B5044610B10020FFF79CFF22
:106D6000124A136943F00403136128F027FD1BF056
:106D7000D9FB0F4B5B6E5B0142BF0E4B0E4AC3F853
:106D8000202429F020FA29F0A7FC29F017FA1BF09B
:106D9000CAFB02F0DBFA1CB9BDE8104028F006B9C6
:106DA0000120BDE81040FFF777BF00BF00ED00E015
:106DB0000080005000E003500000FF0F034A0179FB
:106DC000D36E23F030030B43D3667047004000506E
:106DD000F8B504461C4BD3F88420D106FBD4D3F875
:106DE0008430C3F381139C422CD028F0BFF8012CCF
:106DF000064602D121461BF08AFB29F0E4F94FF048
:106E00000072124B07465A6620461BF093FB4FF464
:106E100080630D4D621E93402B676B6E9A0103D405
:106E2000D5F884309B060AD5384629F0C7F9022CDC
:106E300008D13046BDE8F84000211BF068BBD5F80A
:106E40008430EAE7F8BD00BF004000500060005009
:106E500010B50C4608B928F089F8074B21461B7875
:106E60003BB1064B984204D80120BDE81040FFF723
:106E7000AFBF0220F9E700BFB9280020005A620224
:106E80000278034B012100201A70FFF7E1BF00BF19
:106E9000B92800204FF0004238B5264B26495A66E3
:106EA00001224A604AF6CD3103F50B235D6C19646B
:106EB000154030BB9968C9070BD4002401221F4B31
:106EC0005A6015B11E4B1F4A1A6427F096F82046E7
:106ED00038BD1A498A601C4AD96ACC0705D4904249
:106EE00001D10724EAE70130F6E79042E5D1F8E75F
:106EF0000132DC6A14F0080406D08A42F8D1072473
:106F0000DFE700221049F4E78A42F8D020220B4B39
:106F10000B495A620122A3F580539A6023460A4A1C
:106F2000486A800603D49342E9D00133F8E79342DC
:106F3000C7D1E4E7009000500050095000600950AC
:106F4000004009503254FFFF40420F004FF0004212
:106F500038B5174B174C5A66012203F50C235A60BB
:106F60004AF6CD33656C2364437893401343124A49
:106F7000D363C3788178A2689B0043EA011322F0AF
:106F800074021343A3600279837943EA02232361E5
:106F90004279C37943EA022363610078FFF77AFFFD
:106FA000EB0744BF054B236427F027F8012038BDC9
:106FB0000090005000400950004000503254FFFF44
:106FC00010B504461BF0BBFA002341F20202084947
:106FD000E360A360226104F50052E3616361A36191
:106FE00023626362E362A3645164A36210BD00BFC5
:106FF0007F370C0138B50446154639B91848844224
:1070000014BF08463820FFF7E7F901466368A36814
:1070100003F0E003402B1AD003D8D3B1202B1AD0B1
:1070200038BD602B19D0802BFAD101236B43490165
:10703000B1FBF3F10B4A2039204602EAC1020121DB
:107040001BF079FAA262BDE838401BF074BA06233F
:10705000ECE71023EAE70823E8E70423E6E700BFAC
:107060000000035AF8FF7F00F8B5436804460D4658
:1070700016461BB140F2FF711BF05DFA2046FFF788
:107080009FFFE9896B7B22690B43298A22F44C52CA
:107090000B4322F0030213432361A268297E2B7B5A
:1070A00022F080420B4322F0E20213436A6904F5A6
:1070B00080511343AA68A360EB69002A34D1A06809
:1070C00040F00040A060002B33D15EB396F8203032
:1070D000DBB101238B614B60204629781BF04CFA11
:1070E000236CDB4313F4405FFAD1F8BD96F82030EF
:1070F0005BB101238B614B6020466968FFF77AFF23
:10710000EAE796F82030002B78D196F822306069B3
:1071100096F8216020F009003343034343F0010354
:107120004B6161E00123D6E71BB9002EDED10123BC
:10713000E1E7987A1F7A4004D4F808C040EA875003
:10714000304F0CEA070738439F8807F4C04738439D
:107150005F7840EA87005F7B40EAC7009F7B40EA98
:1071600007109F7840EA8720A060D4F80CC0D3E9CC
:10717000040738432CF4D81727F4C06738439F79A5
:1071800040EA8720DF7940EA4720E060187801284C
:1071900005D1E06840F00400E0601B4806E00328E9
:1071A00028D1E06840F00400E06018480127C0F8EA
:1071B000C070587A086218B1E06840F40060E0607E
:1071C000D87A48B1E068124F40F40040E060187B84
:1071D00000F00F00C7F88000E069DB7B20F00300BF
:1071E0000343E361002E8CD101234B60002A3FF45E
:1071F00073AF81E702380128D7D9CEE701238B612D
:10720000F2E700BFE39BBDFF00E4035000D403504E
:1072100000900350F8B504460D461F4616464AB185
:1072200001238B403021184A01FB0022F7B141F2C3
:107230001001535004EB4403072D4FF00F014FEAA8
:10724000031316D8A80006FA00F281400F4818442C
:107250001BF0BEF94EB9012330210B4AAB4001FBB4
:10726000042277B141F210015350F8BD42F21001EF
:10727000DFE7A5F10800800006FA00F2814004482B
:10728000E5E742F21001EFE700C0035004C00350ED
:107290000CC0035010B5152001F028F90024FF227E
:1072A000064B21465C6520209A625C60FFF774F80B
:1072B0002146BDE810402120FFF76EB800000450C1
:1072C000044A054B002908BF1346012282401A6078
:1072D000704700BF401004504020045010B50121F9
:1072E00004462020FFF758F801212120FFF754F829
:1072F0000122114B15205A60227812069A6061789B
:10730000A27842EA01429A61FF229A6200229A63BD
:107310001A644FF000425A654FF0FF3203F50053F4
:107320001A6501F011F91520E1781BF07DFDBDE82B
:107330001040152001F0ECB800000450F8B501250C
:10734000C3B21E4FD1F800C09D408E7ACB7A0C4656
:10735000097B3D6507F5005747F820C04FF0300C1A
:107360000CFB00F01B05677B00F1A04043EA0643DD
:1073700000F5802043EA415322F003020766C3650B
:10738000026728F029FF0E4B227A5D6502B11D6469
:10739000627A02B19D632279A37943EA0243074AE4
:1073A00093616179E37943EA014305498B61054BB8
:1073B00055639D64BDE8F84028F009BF00200450E3
:1073C000001004500000045010B50124C0B28440E5
:1073D00028F002FF044B5A6D22EA04025A659C62AF
:1073E000BDE8104028F0F3BE0000045010B50124A1
:1073F000C0B2844028F0F0FE074BDA6A224208D17E
:107400005B6B9C430CBF0124002428F0E0FE204667
:1074100010BD0024F9E700BF0000045070B5054618
:1074200028F0DAFE3022084B5E6B02FB05335C6EFF
:1074300028F0CDFE0123EDB2AB4033420ABFC4F3C6
:107440000A100020013070BD00000450CB784A784B
:1074500010B55B010C7843EA82030A79234343EABF
:1074600002130C22424302F1B0421363012C02BF0B
:107470008A78024B43F8202010BD00BFE8800350FB
:1074800008B54FF0B0435A686AB958B15B680BB1A0
:107490001BF0ADF801210D4B59601BF0A8F84FF01F
:1074A000B043D96008BD5B680BB11BF0A0F80028A1
:1074B000F0D11BF09CF84FF0B0430222DA601BF0D1
:1074C00096F80122024B5A60ECE700BF001000580A
:1074D000002000584FF0B0414B6810B50BB11BF0C5
:1074E00086F801220B4BC4785A608378934043EAB4
:1074F000840344782343047943EA0413447943EA38
:10750000C4038B60044B5A600378C3F10203CB6061
:1075100010BD00BF00200058001000584FF480320A
:10752000064B5A6603F5E6235B69C3F38512827046
:1075300003F03F021B0B4270037070470090005035
:10754000014B986CD96C70470080E00F034BD3F867
:107550002424D3F820041040704700BF00C003501B
:10756000064BDA6E02F03002202A06D0DA6E22F0E4
:10757000300208B142F01002DA6670470040005055
:107580002DE9F8431E4B0546D3F810334B1E0E2B46
:107590000E46174690F8009044781DD909B34FF075
:1075A00000082846D7B128F02FFE09EB4903072C25
:1075B0004FF00F014FEA031315D8A400114808FA41
:1075C00004F2A14018441BF01AF8BEB928468FB146
:1075D000BDE8F84328F018BE8846E2E71BF01EF825
:1075E000E3E78846E1E7083CA400074808FA04F20C
:1075F000A140E7E7BDE8F8431BF010B8BDE8F88309
:1076000000C0035004C003500CC003502DE9F041EA
:107610002B4B1746D3F810234A1C06460C464078DD
:1076200004D1D3F824141BF007F80446002C2FDBF8
:10763000072C4FF0030532782DDC4FEA840805FA59
:1076400008F529461F4802FA08F21AF0D8FF294621
:1076500072781D4802F0030202FA08F21AF0CFFF16
:10766000012317F0050F194A18BF194903FA04F34B
:107670000CBFC2F81034C1F8103417F0060F18BF51
:10768000134AC2F814340123104AA340C2F820342C
:107690002046BDE8F081A4F108084FEA880805FA01
:1076A00008F529460B4802FA08F21AF0A8FF72788A
:1076B000294602F00302084802FA08F2CEE700BFAA
:1076C00000C0035000C4035008C4035000E003503E
:1076D00000D0035004C403500CC4035038B5054611
:1076E0000C4C0140D4F8303423EA0003C4F83034A1
:1076F000D4F830341943C4F83014D4F82C3403438C
:10770000C4F82C34012004F50054FFF729FFC4F815
:10771000205438BD00C00350124B70B5D3F810335D
:1077200006461AF0A3FF0446481C154603D1621C06
:1077300005D1204670BD631CFBD08C420ED1304673
:10774000032185F00102FFF71BFF012004F1100364
:1077500005FA03F19840FFF7C1FFEAE74FF0FF3465
:10776000E7E700BF00C003500A4B1B68C3F30743A1
:10777000012B0ED1084B04205A6E4FF48023074989
:10778000520358BF064A4B6601F51041086258BFC4
:10779000536670470080E00F00800050009000505A
:1077A00000A000504FF48032084B5A6603F5E623E0
:1077B0005B691A0B027003F03F0242704FF6FF72D2
:1077C000C3F3851342808380704700BF0090005050
:1077D000014B986CD96C70470080E00F10B54FF4E6
:1077E0002F72002104461CF050FF8023C4F88C3017
:1077F000054B04F19C00C4F88430012384F88830E0
:10780000BDE810401AF010BCDD14030010B5D0F82C
:10781000A0400A468CB91BF023F9044610B9002495
:10782000204610BD2D2896BF064B074953F820105F
:10783000064A07481BF05AFAF2E7D0F8A41010469F
:10784000A047ECE798150300E0140300D5180300E7
:10785000C6160300F8B590F88060044616B10026FD
:107860003046F8BD1AF036FF0028F8D1012384F81D
:10787000803094F8883033B1D4F884101F4884F8ED
:1078800088601BF033FA4FF0FF37D4F8B402421C83
:107890001FD0C4F8B47210F0FF052CD020461AF0A7
:1078A00016FF2946204600F0C1FB0028EDD02046F7
:1078B0001AF012FF94F888303BB1D4F884100F48C6
:1078C0001BF014FA002384F88830002384F88030F9
:1078D000C6E71BF0F0F9431CDDD1D4F88C30D4F8A6
:1078E0009420013B9A4204DB054A064906481BF0F6
:1078F000FDF90126E9E70126C7E700BFC816030026
:10790000D5180300EE140300C6160300F8B50B7873
:107910000446302B0D46164604D14B7803F0DF03A6
:10792000582B11D0284F6A1E12F8011F002934D19C
:1079300028460A2203F096FE202C03460D4631D13C
:10794000B1FA81F040091AE04A1C1F4912F8013FC0
:107950008BB928461CF0CDFE1C4B02382340032B6C
:1079600012D10134A41084420AD1A87837288CBFE0
:107970000020012003E0CB5C13F04400E6D1F8BD09
:10798000CCBF01200020FAE7002CB8BF0334B0EBD5
:10799000A40FD4BF01200020F1E77B5C13F00400AA
:1079A000C2D1ECE726B1084302D0013B61F10005EA
:1079B0000122A240013A1A40002D08BF9A420CBF92
:1079C00001200020DBE700BF2E2F03000300008012
:1079D000F0B5037801467B2B17D10646022400221E
:1079E0000B4F16F8015F7D2D05D10B5D6BB9D243AE
:1079F00002F0010008E07B5D13F0440002D0013288
:107A00000134EEE7202DFBD0F0BD0020FCE700BFE5
:107A10002E2F030070B506460D461CF06AFE044684
:107A200030461BF063F9044EAC4200D370BD3046C3
:107A30001BF05CF90134F7E7871403002DE9F84FD8
:107A4000044602216048FFF7E5FF1E212068FFF78A
:107A5000E1FF636858681BF049F95C481BF046F980
:107A600067683B7BFD2B12D8D7F808804FF0FF34B6
:107A700040461CF03EFE0646DFF84C91DFF8A8A118
:107A8000DFF864B10C3717F8013BFF2B01D1BDE8DB
:107A9000F88F212B14D8212B14D8DFE803F0178C92
:107AA0008884807C78741313131313131313706C6E
:107AB0006864605C58541313131313131313504C5E
:107AC000FE2B34D006B10134414D02E006B1013441
:107AD000404D02214846FFF79DFF1E214846FFF713
:107AE00099FF50461BF002F9594628461CF0EAFD62
:107AF0003949002818BF294638481BF0F7F83B7869
:107B0000202B02D12B201BF0E5F835481BF0EEF8B6
:107B10004EB118F804301F2B05D018F804001F28A8
:107B200001D0B4424BDB29481BF0E0F8ABE706B1CB
:107B300001342C4DCDE706B101342B4DC9E7002EA1
:107B4000A1D001349FE706B10134284DC1E706B149
:107B50000134274DBDE706B10134264DB9E706B122
:107B60000134254DB5E706B10134244DB1E706B126
:107B70000134234DADE706B10134224DA9E706B12A
:107B80000134214DA5E706B10134204DA1E706B12E
:107B900001341F4D9DE706B101341E4D99E706B132
:107BA00001341D4D95E706B101341C4D91E706B136
:107BB00001341B4D8DE706B101341A4D89E71BF0E6
:107BC00089F80134A9E700BFEC310300D5180300A0
:107BD0005D16030057160300B4160300C816030011
:107BE0003A080300651603006B16030074160300C1
:107BF0007B16030086160300901603009A160300F6
:107C0000851603008F16030099160300A2160300C1
:107C1000A6160300AE160300511603005816030003
:107C2000AD16030050160300B61603002DE9F04F01
:107C300093B005468B460024009204931CF059FD36
:107C40001C9F049B05901C6028463C600AAA09A959
:107C50001BF06EF8064658B90A981CF04AFD3446E7
:107C6000B146049B1860D5F89C300393039B1BB965
:107C7000204613B0BDE8F08F039B9B680193002B57
:107C800069D02E4416F8013B202B12D000260C237D
:107C90007343019A02EB030AD3580293002B55D089
:107CA000DDF82480C84551DB9AF808302BB1721CEE
:107CB00035E03B6801333B60E4E73B68D5F894204E
:107CC0000299D21A049B1A6012AB03EB890353F892
:107CD000203C184606931CF0E0FC07900028E6D1F3
:107CE00002981CF006FDDAF804100346087BD7F86A
:107CF00000A0FE28079A16D108F1FF38C8452ED0FB
:107D00000B680698029201931CF0F3FC0AF1010340
:107D1000029A0344E95C21B13B6009F1010916466E
:107D2000B5E70133F6E7D5F89420A2EB0A029A42B0
:107D3000BDDC584606931CF0DCFC069B03447B2B01
:107D40001DD958461E4A00991AF0B0F92B46059ADB
:107D50002A449A422AD1039B1B68039386E7D5F8ED
:107D60009420A2EB0A029A42E3DDD1F8008058F891
:107D70000C2B82B9059B3B60049B1A60E6E75846D2
:107D8000029A00991AF092F958460E4A0099013465
:107D90001AF08CF98BE7584600991AF087F9584683
:107DA000084A00991AF082F90134E0E713F8011B40
:107DB0000029CED14FF0200103F8011CC9E700BF14
:107DC000B8160300871403002DE9F047002486B09D
:107DD0001C60DDE90EA8064689468AF80040116855
:107DE000154888F8004017461D468DF81740FDF7E6
:107DF0007BFA18B901242B6801332B600020D6F8D8
:107E00009C6036B914B1012388F8003006B0BDE893
:107E1000F087B06868B14B460021CDE902A8CDE9F2
:107E200000750DF117021AF0B8FD9DF81730002B00
:107E3000E8D13668E5E700BFBD1603002DE9F04341
:107E400000260446ADF5457D7C22314605A802AFEB
:107E500004961CF01AFC80222046009703AB04A96C
:107E6000FFF7E4FE01283ED104A81CF042FC039970
:107E70003B68A0EB01080B44234428EAE878054658
:107E800004A80144424618461CF026FC00F808608D
:107E9000D4F89060039B3968D4F890201944B1421B
:107EA00012DCD4F89410E81A0244C4F8902001447B
:107EB00004AAC4F89410D41825182B1B002B0DDC31
:107EC0000DF5457DBDE8F083A05C1AF003FFD4F802
:107ED000903001360133C4F89030DBE714F8010B21
:107EE0001AF0F8FEE9E7EBDD24AD802231462846A2
:107EF0001CF0CBFB44AB4FF40072314618461CF02B
:107F0000C4FB0DF1100903464A464FF00108314603
:107F100012F8016B002E49D104A843F828101CF078
:107F2000E8FB2946334619F8016B0DF5887C5CF8AF
:107F3000042B824243D10133984501F8016BF2DAF8
:107F4000D4F89060039BB34242DC2346354A04A92F
:107F500035481AF0CBFE28461CF0CBFB0646039BA7
:107F60003F68F61A1F44E0191D4426EAE67204F140
:107F700098031744984204EB07014ED204F1900392
:107F800099424AD96A1E81190B1A002B39DD12F861
:107F9000013F00F8013BD4F890300133C4F8903031
:107FA000D4F894300133C4F89430EDE7202E01F179
:107FB000010104BF43F8281008F10108A8E70DF1FA
:107FC000100E7244D25CB242B1D00022EA54B7E73C
:107FD000D4F890300136E05C1AF07CFED4F8903092
:107FE0000133C4F89030ADE7D4F89020013B013262
:107FF000C4F89020D4F894200132C4F89420002BC7
:10800000F2DC00232E44E355731B002B7FF758AF9F
:1080100015F8010B1AF05EFEF6E729461CF05CFB32
:108020003346ECE7DD140300C21603002DE9F843E4
:10803000D0E9245604460F46002294F89830012BCC
:1080400007D10A2F07D1002384F898300020BDE81B
:10805000F88300F29F801B2F01D10223F4E70D2F3C
:108060000DD1012384F898300D201AF033FE0A2038
:108070001AF030FE00230120C4E92433E7E74FF073
:108080000008082F84F8988034D1454530DDB5428A
:108090000FD138461AF01EFE20201AF01BFE013DBB
:1080A00038461AF017FE013E04F80580C4E924564C
:1080B000CCE7FBDA05F1FF3938461AF00BFE04EB8A
:1080C0000903A6EB0902611918461CF0C4FA04F86A
:1080D00006800146013E48481AF008FE35464D45E7
:1080E00001DC4D46E2E708201AF0F4FD013DF6E719
:1080F000ACD0DBE77F2F1CD1002EA7DDB542A5DA7F
:108100006319691C21441846721B1CF0A4FA04F878
:108110000680014639481AF0E9FD0820013E1AF0B0
:10812000D9FDB542F9D1D4F89430013BC4F894306C
:108130008CE70A2F98D0092F03D12046FFF77EFE47
:1081400084E7D4F88C30013BB3427FF77FAFB54270
:1081500004EB050805F101090CDB384688F80070CE
:10816000D4F89430C4F890900133C4F894301AF0E5
:10817000B1FD6BE74146721B04EB09001CF06BFA82
:1081800040461AF0B3FD0820013E1AF0A3FDB542A7
:10819000F9DDE2E7022B06D15B2F01D1032353E780
:1081A00084F8982049E7032B7FF450AF413F84F8CF
:1081B0009820032F3FF64AAFDFE807F002070A16C0
:1081C000012120461AF037FD40E74FF0FF31F8E774
:1081D000B542BFF63BAF605D1AF07CFDD4F890303D
:1081E0000133C4F8903031E7002D7FF72FAF013D08
:1081F0000820C4F89050BAE7CB160300D01603004D
:1082000070B504460D4627F0E7FF1D2C064608D83A
:108210000C2C0AD8082C2CD013D8BB23E340DB0746
:1082200018D4002321242B801EE00123174AA340E9
:10823000134224D1122C26D00D2CF2D14FF4F06031
:1082400005E0092C18D00C2CEBD14FF4C060FEF7E0
:10825000B9FA02E08020FEF7D3FA4FF6FF73984296
:108260000CBF0E2400242880304627F0B0FF2046A3
:1082700070BD4FF48060EEE74FF49060EBE70023B1
:108280000F242B80F0E74FF4E060E0E700809120BE
:1082900030B58BB06C466B4D0FCD0FC42B686A4A5E
:1082A00023604FF60173ADF80030D2F84C3113F46F
:1082B000802340F0BA80D2F850218DF801309DF82B
:1082C00001306C46FF2B08BF192368465F4D8DF8BF
:1082D0000130FEF743FB3220FEF77EFB0FCD0FC4CB
:1082E0000FCD0FC495E8030084E80300564BD3F884
:1082F0004C21120300F18380D3F85041E4B28DF891
:108300001940FEF725FB044484F3080450488DF817
:108310001840FCF7D9FF6846FEF77EFA3220FEF7D8
:1083200061FB4C48FEF744FC4B4C4C4827F07FFF68
:108330000020FEF75DFBFEF7F1FB236F002023F02A
:10834000070343F003032367FEF712FC236F44493E
:1083500023F474432367434BD3F8FC2012F080725C
:1083600053D1C1F880203C4BD3F8202122F00302E6
:1083700042F00202C3F82021D3F8242122F00702A0
:1083800042F00202C3F82421D3F8802122F0030234
:1083900042F00102C3F88021D3F8402122F0030209
:1083A00042F00202C3F84021D3F8602122F0030218
:1083B00042F00202C3F86021D3F8402222F0030207
:1083C00042F00202C3F84022D3F8002222F0070252
:1083D00042F00202C3F80022D3F8202222F0030266
:1083E00042F00102C3F82022FEF7D4F94FF0E02258
:1083F0000020136943F0040313610BB030BD1A4B26
:108400001C88FF2C88BF8C2479E7D3F8FC2022F04D
:108410008072C3F8FC200022C1F88020D3F8FC2031
:1084200042F08072C3F8FC209DE74FF07E6393F822
:108430009C2093F99C30002BFFF641AF8DF8012072
:108440003DE700BFD41603000080E00FE8160300EC
:1084500000F0490200B4C404008000501C1703005F
:108460000090005000ED00E00001E00F07B56B4602
:10847000054A1068516803C36846FEF767FD00208F
:1084800003B05DF804FB00BF101703000028ACBF69
:1084900000F16040064B4FEA0111C9B2ABBF00F5D5
:1084A000614000F00F0080F800131954704700BFBE
:1084B00014ED00E008B527F08FFE0B4B1A7872B967
:1084C00001221A7027F083FE6FF004021046013279
:1084D000052152B2FFF7DAFF402AF7D108BDBDE807
:1084E000084027F074BE00BFBA28002000280CDB2B
:1084F00001220649430900F01F008240203341F861
:108500002320BFF34F8FBFF36F8F704700E100E070
:10851000002807DB01234109034A00F01F008340C4
:1085200042F82130704700BF00E100E0054B4211E6
:1085300053F8223000F01F0023FA00F0C04300F08F
:108540000100704700E100E0002808DB0122430938
:10855000034900F01F008240603341F82320704738
:1085600000E100E010B5044627F036FE024B1C6027
:1085700027F02DFE002010BDA011002010B527F01F
:108580002BFE034B1C6827F022FE204610BD00BFC7
:10859000A011002038B50446D0F8A4301D682B6C1B
:1085A0005906FCD5002394F8AD101A4694F8AC0097
:1085B000FEF730FE002394F8AF101A4694F8AE0090
:1085C000FEF728FE94F8B430DA0707D5002394F8B4
:1085D000B1101A4694F8B000FEF71CFE94F8B430BF
:1085E0009B0707D5002394F8B3101A4694F8B200FD
:1085F000FEF710FE012205F500539A6404220021C3
:108600009A642846094D19F0B7FFD4F8A80027F05E
:1086100011FE284604F1B80119F01CFD2B6813B9AE
:10862000034800F071FD002038BD00BFA4110020F8
:10863000A8110020012910B502D9022913D010BDBC
:10864000124B1C68B83C14F1B80FF8D0D4F8A8004D
:1086500027F0EDFDD4F8A4300521186819F08CFF3F
:10866000D4F8B840EEE7094B1C68B83C14F1B80FD9
:10867000E5D094F8973033B994F895301BB9D4F815
:10868000A80027F0D7FDD4F8B840EEE7A4110020E9
:108690002DE9F0471D4613688EB0D3F8009091F88D
:1086A000313082468846144606AE002B00F0DF804B
:1086B000734F0FCF0FC697E80F0086E80F00182200
:1086C000002168461BF0E1FFA3680893237B012B80
:1086D00000F0CF80022B0CBF4FF440730023ADF8A5
:1086E0002630637B0127032B8CBF4FF48053654AF0
:1086F000CDF834D098BF32F813308DF80670ADF84D
:108700002830A37B29465A1E022A88BF00235E4ACE
:108710008DF80030D8F8383050461A605B4A5A60FD
:108720005B4A9A605B4ADA60424600F009FB064603
:10873000002840F0988023695748C5F8A830E37DA9
:1087400085F8AF30A37D85F8AE30637D85F8AD3018
:10875000237D85F8AC30637E85F8B130237E85F8C3
:10876000B030E37E85F8B330A37E85F8B23023685D
:10877000C5F8A43027F05BFD3B460422617D207DD7
:10878000FEF748FD3B46E17D0222A07DFEF742FD5B
:1087900085F8B460206927F04AFD98F831304846E2
:1087A00006A9002B68D019F00EFF95F8B43043F0FD
:1087B000040385F8B4300222384BC3F8C020607D32
:1087C000217D41EA0041C3F8D010E07DA17D41EA5E
:1087D0000041C3F8CC10A37B03F0FD03012B0AD1A9
:1087E00095F8B43043F0010385F8B430617E00237E
:1087F000207EFEF70FFDA37B023B012B0BD895F8E3
:10880000B430042243F0020385F8B430E17E002343
:10881000A07EFEF7FFFC95F8B430DB070FD5637E32
:10882000227E42EA03421E4BC3F8C4200122C3F851
:10883000C020E17EA27E42EA0142C3F8C820194B63
:108840001B681BB91849194800F04CFC154805F184
:10885000B80119F0ECFB164A09F50053052148460A
:108860005A6419F089FE30460EB0BDE8F087114F0A
:108870001FE74FF4007332E719F0A8FE9BE700BF33
:108880005817030050170300FD2E02002F2F02007F
:10889000132F0200958500002017030000C4035029
:1088A00000D40350A4110020C02A0020A8110020E9
:1088B0007F370C0178170300034B0222186800234E
:1088C0008068194602F07CBF242B0020302337B586
:1088D000007D0DF10701434303F1A04303F580231D
:1088E000DD6E1C6F26F0B6FB9DF8070040B9054B06
:1088F0009D4203D184F00204C4F3400003B030BDB4
:108900000120FBE7BB2800203021037D02464B43BA
:1089100003F1A04303F58023D86E07491B6F8842FB
:1089200008D113F0020006D0106A136D1B1A5842CA
:108930005841704700207047BB28002070B504469E
:1089400008B9012070BD057D2846FDF765FA302382
:108950006B4303F1A04303F580232846DE6EFDF749
:108960007BFA0A4B9E421CBF042384F8A13094F882
:10897000953094F8A1002BB1022803D1012384F88B
:10898000A130DFE70428DCD1F8E700BFBB280020D6
:108990002DE9F743D0E9043404F17C07D0F80C90BA
:1089A0000646013B102200213846D4F874809DB25F
:1089B0001BF06BFE0B4BC5F30A0543EA0513C4E934
:1089C0001F39012394F8780084F88C30C4F884802F
:1089D0003A46054B009604F16401FDF7F7F903B040
:1089E000BDE8F08300001030E12F02002DE9F04FC8
:1089F00004464FF444764FF030093F4D00F13807FC
:108A00001022002185B038461BF03FFE6687C4E97E
:108A10000F55207DFDF700FA1022002138461BF08B
:108A200034FE6687207D354EC4E90F5509FB00638F
:108A3000DB6EAB4204D105B0BDE8F04FFDF70CBAD8
:108A40000DF10B0126F006FB9DF80B50002D4CD1CB
:108A500020461AF0AFFA804603A9207D26F01CFBC1
:108A6000039B2946013B1FFA83FB04F118031D46B3
:108A700010221846D4F810A01BF007FEA169204A66
:108A8000CBF30A031B010A4043F040731343C4E9CC
:108A9000063A237DC4F8208009FB0366336F94F8FF
:108AA00024205B0863F3410284F82420326F94F899
:108AB000243025F0030562F3000384F82430336F7B
:108AC000626A9B0863F39F0245F002056262656477
:108AD00000943A4621460B4B207DFDF777F9207D27
:108AE000FDF7BAF905B0BDE8F08F94F844306FF3A4
:108AF000410384F84430EBE7BB2800200000045019
:108B00000F80FFFC4F3002002DE9F04F9946002303
:108B100004468BB008910692C9F80030D9F800508D
:108B2000069B5E1B00F09D80089B5D1900F09980FC
:108B3000207DFDF771F92046FFF7E6FE8046207D97
:108B4000FDF78AF9B8F1000F40F08B8020461AF04B
:108B500031FA216D94F89AA088429CBFD4E912039F
:108B6000C018401A864228BF0646BAF1000F00F02E
:108B7000A88027F031FB236D079020460993FFF76B
:108B8000A5FE3746099B834698198342D4F89C205A
:108B900070D1D4E9120303449A4208BFC4F89C0080
:108BA000079827F014FBDA46207DFDF735F92046BB
:108BB000FFF78CFE054620461AF0FCF9236D83462C
:108BC000984240F28C80A26CB5B293427FD1099357
:108BD00004F12808236910220021404607931BF066
:108BE00054FD3021079B013DE362099BC5F30A0553
:108BF0002363237D2D014B4328F0030803F1A04399
:108C000045F0407548F0020203F58023A5621A671B
:108C1000236DD4E9121233440A44934208BF0B4631
:108C20005B45236505D10123204684F85430FFF7C6
:108C3000DDFE207DFDF710F994F89A303BB1BAF1D2
:108C4000000F04D0236E112120465B689847D9F8A5
:108C5000003037B1069A3B449342C9F80030FFF424
:108C60005DAFD9F80030002B14BF00201B200BB0E3
:108C7000BDE8F08F013303F1FF3C624510D1C4F829
:108C80009C3013F8012C112A01D0132A15D1013F71
:108C9000A2F111014A424A41D04684F8A02074E76B
:108CA00013F8012C02F0FD0CBCF1110F06D1013FAD
:108CB000B8F1000F3FF469AFEAE7D04605F8012BA1
:108CC00063E7324628461BF007FD37466CE7238DE5
:108CD000C3F30A12154465F30E13238598E7207D2C
:108CE00095B93023584300F1A04000F58020426E32
:108CF000436EC2F30A1223F4FF43324423F070039D
:108D000043EA0213436683E70C4B04940393002366
:108D1000CDE90163012300935A462369216819F0C4
:108D2000D4FB3022237D534303F1A04303F580237A
:108D30005A6E22F480125A666AE700BF4F30020072
:108D4000F0B50C4615460646A422002189B02046FF
:108D50001BF09BFC2746AC46BCE80F000FC7DCF8B5
:108D6000003005F1140C3B6004F16407BCE80F000F
:108D70000FC7DCF80030EA6A3B60AB6AC4E9132332
:108D800095F83020A36484F8992095F83320C4F82E
:108D90009C30012384F89A2084F8A03084F8543061
:108DA000AB6B236695F8313084F898303F4B3460D4
:108DB00073603F4BB3603F4BF3603F4B73613F4B7E
:108DC000B3613F4B3361FCF7CDFF10B13D4B98428F
:108DD0000ED1002107A8FCF74DFF014640B9079BC3
:108DE00007A82375FCF746FF28B1207DFCF794FF08
:108DF000102009B0F0BD0127079B84F87830324B72
:108E00007362324B84F8A170F361314B95F83210E4
:108E1000336284F8960084F8957020461AF0E7F9DA
:108E2000AB6B93F91100FFF78FFBAB6B93F911005C
:108E3000FFF76EFB207DFCF7EFFF0028D8D1254B14
:108E40000494CDE90203E36CCDE900732369A26CBD
:108E50002168207D19F039FB0028C9D13022237DFB
:108E60004FF48011534342F2640203F1A04303F52F
:108E700080239950AB6B93F91000FFF765FBAB6B48
:108E800093F91000FFF744FB04F1900019F0CCF8BF
:108E90003046FFF767FB2046FFF7A8FD207DFCF773
:108EA000DBFF003818BF01200001A2E7BF3002003D
:108EB00009300200098B0000A32F0200A92F020035
:108EC00067320200038000F03D890000EF310200AC
:108ED000AF2F02004F30020070B50568144E2C7D94
:108EE0002046FCF799FF302303FB0463DA6E114B35
:108EF0009A420FD12846FFF7E9FC80B127F06CF9C0
:108F000001230D4AA3405365A2F580529362536337
:108F100027F05DF92046BDE87040FCF79DBF28466C
:108F2000FFF7F2FC0028F5D10123A340B364F1E779
:108F300000000450BB2800200020045013B5094C49
:108F4000684600F03FF8237853B9DDE900010222BA
:108F5000054B1AF058FE08B90123237002B010BD6A
:108F60001220FBE7BC280020B011002007B50093B9
:108F700013460A46014603481AF024FA03B05DF886
:108F800004FB00BFB011002013460A460146014809
:108F90001AF008BBB011002007B5009313460A462B
:108FA000014603481AF001FC03B05DF804FB00BF62
:108FB000B011002013460A46014601481AF01BBCB6
:108FC000B01100200249034A0160521A4260704702
:108FD000902F002000800020BFF35F8F074B5A6A5C
:108FE00022F480325A62D3F8942022F00102C3F8AE
:108FF0009420BFF34F8FBFF36F8F704700ED00E0F9
:1090000038B5FFF7E9FF274A2748D2F8C030274D87
:1090100023F0FF0343F0A003C2F8C030244B0468E0
:109020009D4204F101011DD1224BC2F89840C2F8C3
:109030009C3003F5FF437E33C2F8A0300160BFF3DC
:109040005F8F0522174BC3F894205A6A42F480328E
:109050005A62BFF34F8FBFF36F8FBFF34F8FBFF3D2
:109060006F8F38BD23F01F03203BB3F1005F09D39E
:10907000C2F898400F4C43F00103C2F89C40C2F87C
:10908000A03001600C4B0168064A23F01F0343F037
:109090000303C2F89810C2F89C30084B0131C2F8A3
:1090A000A030CBE700ED00E0D8110020402A0020DE
:1090B000002A0020030000205F2A0020E17F00201A
:1090C000BFF34F8F0549064BCA6802F4E0621343B1
:1090D000CB60BFF34F8F00BFFDE700BF00ED00E0A6
:1090E0000400FA0538B54160044627F06CF80546DF
:1090F0002146044818F09BFF2846BDE8384027F079
:109100005DB800BFDC11002038B5054627F05BF8DC
:1091100004462946034818F09DFF2046BDE8384024
:1091200027F04CB8DC110020014818F07DBF00BFCB
:10913000DC11002070B527F046F8124D04461248A5
:1091400027F075F82E7886B9FFF7EEFF27F06FF954
:109150000E4B1E6026F0C8FC0D4B0E4A1860536F74
:1091600043F0010353671AF070FD00F077F81AF02E
:1091700083FD094B1860012320462B7027F01EF851
:10918000002070BDC928002020170300E011002036
:109190000812002000400050E411002038B50446B9
:1091A00027F011F80F4D02462B78FF2B04D1B4B1F4
:1091B000BDE8384027F002B81BB9002CF8D00121D7
:1091C00003E0002C0CBFFF2101210B44DBB22B700C
:1091D000B3FA83F304495B0910460B70E8E71946BC
:1091E000F3E700BFC6280020C5280020054B1B68F8
:1091F0005843054B00F5742000F23F20B0FBF3F01C
:10920000704700BF0812002040420F0073B5114E96
:109210000446337883420FD04FF400730E4DADF8FF
:10922000043058B101A8FDF789FD4020FFF7DEFFAB
:109230002B68181A2860347002B070BD8DF80500D4
:1092400001A8FDF77BFD4020FFF7D0FF2B681844F5
:10925000F0E700BF732F00204012002073B50024F8
:1092600001A88DF80440FDF70BFE2046FFF7CEFF66
:109270002C4B2D4AD3F8003103F0030313604FF455
:1092800000222A4B5A664FF400325A6626F068F9DB
:109290004FF4C870FFF7AAFF254B264A18602649ED
:1092A00013680134E4B20A2C41F8040BF9D10344E9
:1092B00000EBC00003441360204B214D1B7813B317
:1092C000184BD3F8003103F00303022B23D0032BF8
:1092D00024D0012B17D125F083FE024698B1194BFB
:1092E000194EDC6800231946C4F30B04013404EB67
:1092F00084040138E4FB060101F07AFEFFF776FFF3
:109300002B6803442B601F20FFF770FF2B6803447A
:109310002B6002B070BD25F06DFEDEE725F066FE25
:10932000DBE700BF008000504C120020009000508E
:109330000C1200201012002014120020CD28002052
:109340004012002000C0015040420F000122154B86
:1093500010B55A67144B154C1B7813B3022027F035
:1093600057F8F0B126F054FCD8B1A36DD90302D55B
:10937000E36D9A0715D40D4B9B6DDB0711D40122C9
:109380000B4B1A7027F038F8BDE81040094B0A4A19
:109390001860136F23F0070343F00303136725F0EE
:1093A00005BE10BD00D00050CE28002000C00050E7
:1093B000CB2800203C120020008000500122014BED
:1093C0001A707047CE28002070B526F005FF144EA5
:1093D00005463478FCB9134B1C60134B1C60134BCF
:1093E0001C6000F031F8012026F0FAFC26F0ECFCBD
:1093F0000F4B0246186020B9284626F0E8FE2320CD
:1094000070BD234640F2E7310A4801F0F1FD0A4BF6
:10941000186001233370284626F0D9FE0020EFE7BC
:10942000D1280020601200205C1200206812002069
:109430006412002018FCFFFF58120020014B18682E
:10944000704700BF581200201FB50024194B186840
:109450009A880290D3F806009B7A00901648ADF8DF
:109460000C208DF8043026F0E2FE02A88DF80840AA
:109470008DF80C40FEF72EF8694601208DF800406B
:10948000FDF7E4FF40F2FF320C4B9A615A614FF056
:10949000B042936A13F00803FBD113620120FDF779
:1094A000EFFF0C20FFF750F80C20FFF731F804B065
:1094B00010BD00BF9B1703001817030000200058C1
:1094C00010B526F089FE4FF0B04304465B695A069A
:1094D000074A03F0010003F0510348BF40F00200C7
:1094E000536126F0ABFB2046BDE8104026F06FBE6E
:1094F0000020005830B502298FB005460C46ADF863
:1095000006200DD10B238DF80B30002328461A4678
:109510000DF10B0124F03AFE40B39DF80B0026E05C
:1095200003A924F08EFD08BB9DF80C300CBB042B66
:1095300028BF042328468DF80B3024F07CFD00283A
:10954000E3D02422002105A81BF09FF80D4A0E4B02
:109550002846002C08BF13460DF1060106930DF1B5
:109560000B0205AB11F09EFB0028CED00C200FB0F3
:1095700030BD012CDED15A1FD2B2062A28BF0A23E1
:10958000D8E700BF00180D8FC0CA893670B50446F1
:1095900024F04DFD064630B90FCC044D0FC594E8BC
:1095A000030085E80300304670BD00BF6C12002048
:1095B00047F6FF739A42F0B56FD002296FD8394B46
:1095C0005B5C012B6BD8384DDF0005EBC30415F84D
:1095D0003330A178012B13D10025E078401A854261
:1095E00002D30844C0B2F0BD431B6668A0EB53032E
:1095F00036F913609642D4BF1D4603F1FF30EEE703
:1096000060680028EFD0B0F90040A24204DCB0F955
:1096100002409442B8BF144683883D44FF2B19BFD3
:10962000C8224FF0280CB0F90620B0F908C0A2EB10
:1096300004030CBF0126002693FBFCF333446E7831
:109640001BB29E4201DD002B01DA731E1BB24FF4E8
:109650007A7C01339BB2071D5D1E2DB24FEAC50E09
:1096600000EBC505EA88AD689E4214FB025222EA6F
:10967000E27202F15C02B2FBFCF204DD37F8335017
:109680000133AA42E8D900EB0E039888904228BF24
:109690001046884238BF0846A4E7FF20A3E7002011
:1096A000A1E700BFA61703006C1200200229F0B545
:1096B00055D82C4B585C012851D82B4C04EBC001D9
:1096C00014F830004B6801280FD1C8788C7890428C
:1096D00094BFC4EB0001C4EB0201001BCAB282427A
:1096E000C8BF002233F91200F0BD002B37D08878B4
:1096F000904202D3B3F90200F6E7CC78B3F9000048
:109700009442F1D94C789988013CA1F1FF0671424D
:1097100003F10405E4B2714103F10C07CEB2B44287
:1097200016D805EBC1014FF47A756A43B1F90240CE
:109730004968521A04EBD47102EB610292FBF4F215
:109740009042D1DBB3F902009042CDDC10B2CBE7FE
:1097500037F831C04E1C9445E3D33146DEE7034869
:10976000C2E700BFA61703006C1200200080FFFFB5
:1097700008B50448FFF70AFFBDE80840012024F0BF
:1097800058BC00BF4C35030011B9024924F03EBC5F
:10979000212070477A2C00200C2870B532D01B4C49
:1097A000245C012C2ED81A4810F83450012D10D109
:1097B00000EBC40044683CB3C6788078B4F900502C
:1097C000301A34F91040601B2828A8BF282000B2A6
:1097D0000DE0BDB900EBC4004068A8B18488B0F9C1
:1097E0000250FF2C0BD1B0F90640B0F9080001B1CE
:1097F0000D8002B1148003B11880002070BDB0F953
:109800000040E0E72120F9E70E20F7E7A617030064
:109810006C1200202DE9F04714461D46124A884676
:10982000DDF820900646FFF765FE21464B462A46A6
:109830000746FFF7B1FF044698B995B1304624F0CA
:10984000FAFB70B147F6FF7241463046FFF752FE11
:10985000874206D023462A462146BDE8F047FFF757
:109860009BBF2046BDE8F0870080FFFF014B1868D2
:10987000704700BF0040025C014B5868704700BF52
:109880000010025C014B186B704700BF0010025CB7
:10989000014B1868704700BF0010025C014B9860D4
:1098A000704700BF0010025C014B1864704700BF96
:1098B0000010025C014B5864704700BF0010025C4E
:1098C000014B5863704700BF0010025C0022014B3F
:1098D0001A6070470010025C024A136843F00103EB
:1098E000136070470010025C024A136823F0010302
:1098F000136070470010025C43F20402014B1A60CF
:10990000704700BF0010025C024A136843F0300346
:10991000136070470010025C044B1A6842F48072B6
:109920001A601A6822F480721A6070470010025C94
:10993000024A136843F48063136070470010025CAE
:10994000034A136823F4702343EA0043136070470B
:109950000010025C044B1A6902605A6942609A69FD
:109960008260DB69C36070470010025C0268044BD0
:109970001A6142685A6182689A61C268DA61704706
:109980000010025C024B1A6BD207FCD418627047BD
:109990000010025C82B01FB507930A9B04AC8B4297
:1099A00028BF0B4604E907001048D100079948BFBB
:1099B00003330160099948BF23F0030323F0704388
:1099C00001F0E041194341F000518160002102F0B3
:1099D000E042019C1A4342F00052C160046182617E
:1099E000416304B0BDE8104002B070470000025C63
:1099F0003F22034B1A631022DA6103229A637047F5
:109A00000000025C024AD36B9B07FCD4704700BF86
:109A10000000025C044B9B6A13F0240F14BF01206A
:109A200000208000704700BF0000025C08B5FFF70F
:109A3000F1FF064BDB6B23F47F4323F0EF0303437B
:109A40001EBF0122024BC3F8FC2F08BD0000025CC0
:109A500000F0FF3F70B598B0002843D02C4C08AD03
:109A60000FCC0FC50FCC0FC50FCC0FC594E80F005E
:109A700085E80F006D4604AE04F1100320340FCBCF
:109A800085E80F0094E80F0086E80F00FFF744FF19
:109A90000420FFF755FFFFF72FFF3046FFF766FF63
:109AA000002408AE56F8040B0134FFF76BFF102CAE
:109AB000F8D1FFF7E1FE0328FBD90024FFF706FFEA
:109AC0002646FFF7D3FE55F8043B01365840042ED6
:109AD00044EA0004F5D12CB1012206200D4B1A7086
:109AE00018B070BDFFF718FF0820FFF7D7FE002061
:109AF000FFF7DAFE0720FFF7DDFE4FF40070FFF7F7
:109B0000DFFE0820FFF71CFFFFF7E6FE0020E7E777
:109B1000AC170300D328002008B5FFF7FDFE012293
:109B2000014B1A7008BD00BFD22800201FB51AF0E3
:109B30007EF9044630B1012206240D4B1A702046EE
:109B400004B010BDFFF792FE0090FFF78FFE01906A
:109B5000FFF78CFE0290FFF789FE03906846FFF73F
:109B600005FFFFF7D9FFFFF7CFFEFFF7E1FEE6E7BE
:109B7000D328002006289ABF014B185C00207047AC
:109B80000C1803004FF40052034B00209A66032286
:109B9000C3F86022704700BF009000504FF400529D
:109BA000034B00209A660322C3F86022704700BF6F
:109BB00000A000502DE9F04F89B00E4607461AF07C
:109BC000E1F804461AF0D6F804420AD1042501202F
:109BD0001AF03AF9002834D0013DF8D16FF0920024
:109BE0002CE0102200210DEB02001AF04EFD04A81B
:109BF0001AF0CAF8049B002BE8D0059B002BE5D097
:109C0000069B002BE2D0079B002BDFD00025DFF85E
:109C1000A08008F10409B54224D34FF48A751AF0E4
:109C2000AFF804461AF09EF82040062836D11AF004
:109C30009EF8044201D01AF09FF8002009B0BDE858
:109C4000F08F1AF09DF804461AF08CF804EA00032D
:109C500013F0FF03F5D0022BF3D01AF085F804427D
:109C6000D4D0B9E71AF08AF8A6EB050A8400544567
:109C700028BF544699E8030000238DE80300CDE98E
:109C8000054307EB050BCDF810B0029404AAD8F8F1
:109C9000003007CA1AF07AF82544BCE71AF062F8D7
:109CA000204008289AD825FA00F0C30796D5B6E7D1
:109CB0003018030010B50A46044619B1024B0021C2
:109CC0001B68984710BD00BFC82A00200E4B0340F8
:109CD000B3F1607F06D1B1F5885F14BF6FF08600E5
:109CE00000207047B3F1707F0BD101F4E043B3F56E
:109CF000005F06D111F4E06F0CBF6FF0860000200A
:109D000070476FF0860070470000C07F8A42F8B548
:109D100007460C4600F019818F4922F4FF7323F0A7
:109D200001038B420ED08D4B22F0FF01994209D0E6
:109D30008B4822F47F7323F00303834202D0894BC4
:109D4000994228D1884B24F0FF0199420FD114F099
:109D5000FF000BD0854B40F00070984240F0F78038
:109D600082EA0400FF288CBF00200120F8BD7B4B55
:109D70009942ECD0A3F588539942E8D024F4FF73BC
:109D800023F00103B3F1062FE1D076488142DED003
:109D900073498B42DBD004F0FE43B3F1A06F14D1C2
:109DA00002F0FE43B3F1A06F40F0D18082EA0403D9
:109DB00033F47E1340F0CB8014F40040D6D0C4F3CB
:109DC0000540C2F305429042CDE7B3F1407F40F039
:109DD000A88002F0FE43B3F1407F40F0B88082EAF1
:109DE000040535F47E1540F0B28039462046FFF771
:109DF0006DFF002840F0AB805D4B12F47C1603EA47
:109E0000020319D0B3F1607FC2F3054679D15949F5
:109E1000D3B243F000738B4277D003F17E43043B0F
:109E20000F2B5CD8DFE803F05A5A5B716567696BEA
:109E300065675B5B6567696BB3F1607F34D14D49E2
:109E4000D3B243F000738B4244D003F17E43043B12
:109E50000F2BDCD801A151F823F000BFD99E0000E0
:109E6000D99E00000F9E0000D59E0000539F000069
:109E70009D9E0000A19E0000A59E0000539F000033
:109E80009D9E00000F9E00000F9E0000539F00004B
:109E90009D9E0000A19E0000A59E00002026B6E722
:109EA0003026B4E74026B2E7B3F1707F17D107F44C
:109EB000E043B3F5005F03D10126C7F302239E40C0
:109EC00007F4E043B3F5005F09D10125C7F3022190
:109ED0008D4004E010269AE7142698E7142514F420
:109EE0007C1FC4F3054312D1B54214BF00200120EA
:109EF0003CE71C25F3E72025F1E73025EFE7402577
:109F0000EDE7B3F1707FEAD1DAE71025E7E712F465
:109F10007C1F01D1AB4218D022047FF527AFB3429A
:109F200021E7B3F1106F12D124F01F6020F47020EC
:109F300068B902F0FE43B3F1106F7FF417AF0E481B
:109F4000104040F01060A042CFE701200EE7002053
:109F50000CE71C265BE700BF0002000600130006AA
:109F6000000400060009000600030006FF000002CE
:109F70000000C07F030000020000FFF637B50D4D62
:109F80000C466B78022B12D12B78072B0FD10023B4
:109F90000A460193014601AB281D19F093FF20B931
:109FA000019BA34218BF6FF0930003B030BD6FF068
:109FB0008800FAE7881200202DE9F8438846174602
:109FC0001C4600F039FA054688BBD8F80060B6F8A0
:109FD000009009F4E043B3F5804FB36808BF27F061
:109FE000010737EA03031AD10CB3254B24F0FF0213
:109FF0009A421FD114F0FF0304D0224A43F00073A9
:10A00000934232D022464846F168FFF77FFE07466A
:10A0100068B9224648463169FFF778FE70BB6FF099
:10A02000840500233046C8F800301AF0FFF92846AE
:10A03000BDE8F883144B9A42DCD0A3F588539A42CA
:10A04000D8D024F4FF7323F00103B3F1062FD1D04D
:10A050000E498A42CED00E4A9342CBD004F0FE4342
:10A06000B3F1407F04D12304CCD56FF08605D8E747
:10A07000B3F1A06FF7D0034B9C42C2E73D46D6E751
:10A0800000030006FF00000200130006000900069E
:10A090000004000600F0FE43B3F1407F70B50446B3
:10A0A0000E4619D1FFF712FE00285ED114F47C1F72
:10A0B00015D0C4F30543032B137054D9554D2540D7
:10A0C000B5F1607F40F09380534AE4B244F00074ED
:10A0D000944256D1102B48D96FF0860045E04D4B85
:10A0E0002340B3F1607F39D14B4BE4B244F00074AC
:10A0F0009C4202D11023137037E004F17E44043CEB
:10A100000F2C2ED801A353F824F000BF4DA100005E
:10A110004DA1000063A10000F5A0000011A2000005
:10A1200051A1000055A1000059A1000011A200009A
:10A1300051A1000063A1000063A1000011A2000072
:10A1400051A1000055A1000059A100001423D2E73D
:10A15000202307E0302305E0402303E0B3F1707FC4
:10A1600004D0002313706FF0850070BD01F4E0434C
:10A17000B3F5005FF5D10123C1F302218B40DBB2BF
:10A1800099E704F17E44043C0F2CA5D801A252F8B3
:10A1900024F000BFE3A10000E3A10000D9A000006B
:10A1A000D5A000000DA20000D5A10000E7A100008D
:10A1B000EBA100000DA20000D5A10000D9A0000075
:10A1C000D9A000000DA20000D5A10000E7A1000069
:10A1D000EBA1000020218B423FF67EAF142BC4D9A7
:10A1E000C1E7142B77E73021F5E74021F3E7B5F11C
:10A1F000707F7FF471AF06F4E042B2F5005F7FF448
:10A200006BAF0121C6F302229140E4E71C21E2E793
:10A210001C23A7E70000C07F0300000210B5114C0B
:10A220002378580744BF23F0040323702378990749
:10A2300005D500F099F8237823F0020323706378A2
:10A240001BB10023084A63605360002308210648BD
:10A250006370FFF72FFD2378DA0744BF23F0010373
:10A26000237010BD881200208C12002038B51A4CC3
:10A2700062782378022A01D1072B11D0DD0712D58D
:10A280002378980707D400F067F82378054643F051
:10A290000203237080B96278237882B15A0716D5F9
:10A2A0000025284638BD19F00BFE2378054643F0FB
:10A2B000010323700028E3D0FFF7B0FFF1E7D907CF
:10A2C000ECD5064962604A6002226270E6E743F01C
:10A2D00004032370E4E700BF881200208C120020E2
:10A2E00000F14042012A38B504460D460CD8282119
:10A2F000174B01FB02331A7E022A02D15A698242AD
:10A3000015D06FF08B001CE001211AF069F8C8B17C
:10A310000F4B1A7E022A02D15A69944207D093F851
:10A320004020022AEDD1DB6B9C42EAD1094B1A7E18
:10A33000022A0AD1DA69511C07D000200132DA6101
:10A340002B6038BD6FF08700FBE76FF09600F8E7F1
:10A3500094120020BC1200200122024B002083F83E
:10A36000502070479412002070B501260325084C38
:10A370002046E661257619F0BBFE04F128006664EC
:10A3800084F8405019F0B4FE002384F8503070BDBA
:10A3900094120020F8B5264C064694F850300F462B
:10A3A000002B3BD0237E1BB3022B15D1E3699BB955
:10A3B00023798BB194F840305BB325462B7E022B7A
:10A3C00004D1EB695A1C1CBF0133EB61284619F01C
:10A3D0008FFE70B100251AE094F84030E3B1022BF3
:10A3E0001FD1636CEBB994F82C30D3B1114DE5E774
:10A3F00025462B7EC3B901232B763EB12C1BE410DE
:10A4000003F1CC335C4304F18044346000203D60B0
:10A41000F8BD04F12805ECE7064DEAE76FF0880087
:10A42000D8E76FF08C00D5E76FF09600D2E700BF59
:10A4300094120020BC12002038B50025084B0D6096
:10A4400093F850300C4643B1FFF74AFF10F18C0FE0
:10A4500002D16FF08700256038BD6FF08800FBE700
:10A460009412002038B51A4B05461B7883421FD042
:10A4700043B1012B09D1F7F715FD044640B9154B3F
:10A480001D7038BDF8F768FBF7E72D24114A1370EB
:10A49000114D1249286818F024FD17F01AFE17F024
:10A4A00019FE224628680E49BDE8384018F019BD4B
:10A4B000094C0A49206818F014FD17F00AFE17F03D
:10A4C00009FE20680749BDE8384018F00ABD00BF02
:10A4D000D9280020DA280020140F0020930A030056
:10A4E000541803003C18030038B5084D286817F0CD
:10A4F000B7FE431E5C4228685C4117F0B1FE01289C
:10A5000008BF44F00204204638BD00BF102B0020D5
:10A5100008B5FFF7E9FF034B1870BDE8084000F0ED
:10A5200033BA00BFD62800200346054A022B10701C
:10A53000044A106801D117F07CBF17F07DBF00BF3F
:10A54000752F0020142B002038B5384C384D0028CA
:10A550004FD03849206818F0C4FC17F0BAFD17F046
:10A56000B9FD3549206818F0BCFC344B2A781878BE
:10A57000EAB9F9F739FA0546002856D0304920687B
:10A5800018F0AFFC17F0A5FD17F0A4FD2A462D49E1
:10A59000206818F0A6FC022D47D12949206818F040
:10A5A000A0FC17F096FD17F095FD27490BE0F6F794
:10A5B00089F968B12249206818F093FC17F089FDE9
:10A5C00017F088FD21492068BDE8384018F089BCA3
:10A5D000F6F76EFA054640B31949206818F081FC79
:10A5E00017F077FD17F076FD1949206818F079FC0F
:10A5F000D1E72B7863B9F8F76DFA60B1104920689C
:10A6000018F06FFC17F065FD17F064FD1149DAE7EB
:10A61000F6F76CF9F1E70749206818F062FC17F0CB
:10A6200058FD17F057FD0C49CDE738BD140F002039
:10A63000D92800205F0B030089180300752F002024
:10A64000930A03009B180300BD180300D7180300EA
:10A65000F1180300081903001E190300012008B5B2
:10A66000034B1870FFF770FFBDE8084000F08CB98D
:10A67000D428002037B500F099F9D8B11F49204DF2
:10A6800008782B781F4A204C28B3107818B39BB158
:10A69000217883EA01008B42107009D000231B4A05
:10A6A0004FF47A7113701A481A4A0093FAF756FF5A
:10A6B0002B78237003B030BD0B7023781370002B00
:10A6C000F6D01348FAF72CFF104B1B7863B100202B
:10A6D000FFF73AFFECE7217881EA03009942107016
:10A6E000E6D0002BDAD1ECE70B4B1A78012A14BF25
:10A6F000012002201870FFF717FFD9E7D7280020A4
:10A70000D6280020D5280020D8280020D4280020D2
:10A71000E81200205DA60000752F0020F8B5036840
:10A720002D4A23F47F4323F00703934239D002F1EB
:10A730008072934244D0294A934221D1284D17F088
:10A74000C8FC17F0C7FC2749286818F0CAFBFFF7B8
:10A75000CBFE0446244F254E254928688CB10124A0
:10A7600018F0BFFB17F0B5FC17F0B4FC21492868BE
:10A7700018F0B7FB3C703470F6F798FD1E4B1C7058
:10A78000F8BD18F0AEFB17F0A4FC17F0A3FC286886
:10A790001A4918F0A6FB3C703470BDE8F840F9F790
:10A7A0003FB80F4C1249206818F09BFB17F091FC42
:10A7B00017F090FC12492068BDE8F84018F091BBF2
:10A7C000074C0B49206818F08CFB17F082FC17F03F
:10A7D00081FC0C49EFE700BFA0000600A0000100CB
:10A7E000140F00202D190300D9280020DA2800209A
:10A7F0005F0B03004A190300D728002079190300D2
:10A800008F190300A219030010B5094C09492068EB
:10A8100018F067FB17F05DFC17F05CFC0649206838
:10A8200018F05FFB20680549BDE8104018F059BBDF
:10A83000140F00205F0B0300B5190300D5180300A7
:10A8400070B505460C460E4E0E49306818F049FBAF
:10A8500017F03FFC17F03EFC23462A460A493068B1
:10A8600018F03FFB0949306818F03BFB2846FAF71F
:10A8700093FC2046FAF796FCBDE87040FAF77CBAE4
:10A88000140F00205F0B0300CD190300D51803003F
:10A8900010B5094C0949206818F023FB17F019FC82
:10A8A00017F018FC0649206818F01BFB20680549C2
:10A8B000BDE8104018F015BB140F00205F0B03001B
:10A8C000FC190300D51803002DE9F0431F46164676
:10A8D00005460C4685B0DFF84C80DDF830900F4916
:10A8E000D8F8000018F0FDFA17F0F3FB17F0F2FBB0
:10A8F000CDE90179009623462A460949D8F8000097
:10A9000018F0EFFA2846FAF747FC2046FAF74AFC17
:10A9100005B0BDE8F043FAF72FBA00BF5F0B0300A4
:10A920001F1A0300140F002010B50446FAF7F2FBBB
:10A93000FAF722FA3CB9044B1C70044B1C70BDE8BA
:10A940001040F8F76DBF10BDD9280020DA2800208C
:10A9500010B50446FAF7DEFBFAF70EFA44B9012304
:10A96000044A1370044A1370BDE81040F6F79EBC09
:10A9700010BD00BFD9280020DA2800200022014B9A
:10A980001A8070475824002008B525F01CFC4FF6AB
:10A99000FF71054A13888B421CBF01331380BDE849
:10A9A000084025F00BBC00BF5824002010B525F04E
:10A9B0000AFC054A148814B1631E0124138025F093
:10A9C000FDFB204610BD00BF5824002000B5C3B0D9
:10A9D0000FF0B6FA094801F00DFE60B119F056FD0E
:10A9E00048B14FF48271054801AA1AF04AFA10B929
:10A9F00001A819F03DFD43B05DF804FB7020002074
:10AA00001FB5094B094A1868094B01A91860094B81
:10AA10001360094A0192094A1268CDE9022317F02E
:10AA20006EFE05B05DF804FBD82A002098110020C6
:10AA30009C110020CC2A0020012E0300DC150020F0
:10AA4000014B186817F06FBED82A002038B5FDF703
:10AA500095FD0446064D2B68D3F8B002FDF782FD44
:10AA6000286817F073FE2046BDE83840FDF77ABD30
:10AA7000D82A0020064B1B681A7A022A04D812B181
:10AA80001B68044A13607047032AF9D0704700BF5F
:10AA9000DC2A0020DC15002070B51C4DA0B00AACEB
:10AAA0000FCD0FC495E8070084E8070000244FF499
:10AAB00080136E46CDE901440394009311AD0FCE8F
:10AAC0000FC5134BCDE906442B60124B089416AD0D
:10AAD00005AE05930FCE0FC520220F4B11A92B6099
:10AAE0000E4B0F481B930F4B1E94CDE91C230E4BAE
:10AAF0000AAA1F930D4BFDF7CBFD054621464FF4E7
:10AB0000E13017F09AFB284620B070BD1C2E0300E0
:10AB10003400035A010010003C00035ADB280020D7
:10AB20009C16002000010100F02A0020E015002002
:10AB300029B9074B186803684BB1FEF7CDB9012955
:10AB400005D1034B186803680BB118F0C5BB7047FB
:10AB5000042B002008B504490448FEF7C3FABDE8F9
:10AB60000840FFF799BF00BF082B0020C416002043
:10AB7000014818F0E4B900BF9C160020014B5A6A46
:10AB8000186810479C160020014817F064BB00BFEE
:10AB9000382E0300014817F049BC00BF502E0300B7
:10ABA00030B503687E4A23F47F4323F007039342C2
:10ABB00089B040F0F380062200211620794B0BF07B
:10ABC00093F9044618B3784D7849286818F089F944
:10ABD0007749286818F085F917F07BFA17F07AFAA8
:10ABE000744B754A009375496C23286818F079F9FD
:10ABF00073492346734A286818F073F92046FAF718
:10AC0000A7FB7149286818F06CF900BEFDE7014602
:10AC1000082212206D4B0BF067F9044618B3624D01
:10AC20006249286818F05DF96149286818F059F9F7
:10AC300017F04FFA17F04EFA5E4B5F4A00935F49E8
:10AC40007823286818F04DF95D4923465D4A286845
:10AC500018F047F92046FAF77BFB5B49286818F0A3
:10AC600040F900BEFDE7014603221420584B0BF0CB
:10AC70003BF9054618B34C4C4C49206818F031F9A3
:10AC80004B49206818F02DF917F023FA17F022FA33
:10AC9000484B494A009349498623206818F021F916
:10ACA00047492B46474A206818F01BF92846FAF70F
:10ACB0004FFB4549206818F014F900BEFDE70DF17F
:10ACC0000F0104A80FF006F8044618B3364D3749B3
:10ACD000286818F006F93649286818F002F917F0C4
:10ACE000F8F917F0F7F9334B334A009333499523BA
:10ACF000286818F0F6F832492346324A286818F0D6
:10AD0000F0F82046FAF724FB2F49286818F0E9F8F4
:10AD100000BEFDE7BDF8143001465BBAADF818304F
:10AD20009DF8133008228DF81A30FF238DF81B3060
:10AD3000FE238DF81C309DF8123018208DF81D3040
:10AD4000BDF810305BBAADF81E3006AB0BF0CCF896
:10AD5000054618B3144C1549206818F0C2F8144978
:10AD6000206818F0BEF817F0B4F917F0B3F9114BDA
:10AD7000114A00931149A523206818F0B2F8104930
:10AD80002B46104A206818F0ACF82846FAF7E0FA8B
:10AD90000D49206818F0A5F800BEFDE709B030BDE8
:10ADA000A0000100272F0300140F0020D518030076
:10ADB00038080300E72E0300682E0300D8080300BC
:10ADC000E7080300E4080300FC0803001F2F03004A
:10ADD0001C2F030080F0004002E000BF81F0004122
:10ADE00042001FBF5FEA410392EA030F7FEA226C31
:10ADF0007FEA236C6AD04FEA1262D2EB1363C1BFC1
:10AE0000D218414048404140B8BF5B42192B88BF2F
:10AE1000704710F0004F40F4000020F07F4018BF52
:10AE2000404211F0004F41F4000121F07F4118BF72
:10AE3000494292EA030F3FD0A2F1010241FA03FC1A
:10AE400010EB0C00C3F1200301FA03F100F0004302
:10AE500002D5494260EB4000B0F5000F13D3B0F1CA
:10AE6000807F06D340084FEA310102F10102FE2A39
:10AE700051D2B1F1004F40EBC25008BF20F00100A9
:10AE800040EA03007047490040EB0000013A28BF48
:10AE9000B0F5000FEDD2B0FA80FCACF1080CB2EBCB
:10AEA0000C0200FA0CF0AABF00EBC2505242184349
:10AEB000BCBFD0401843704792F0000F81F40001EE
:10AEC00006BF80F400000132013BB5E74FEA4103C1
:10AED0007FEA226C18BF7FEA236C21D092EA030F2D
:10AEE00004D092F0000F08BF0846704790EA010FA7
:10AEF0001CBF0020704712F07F4F04D1400028BFD4
:10AF000040F00040704712F100723CBF00F50000B5
:10AF1000704700F0004343F0FE4040F400007047EB
:10AF20007FEA226216BF08467FEA23630146420297
:10AF300006BF5FEA412390EA010F40F480007047AA
:10AF40004FF0000304E000BF10F0004348BF404250
:10AF50005FEA000C08BF704743F0964301464FF08C
:10AF600000001CE050EA010208BF70474FF00003E8
:10AF70000AE000BF50EA010208BF704711F0004329
:10AF800002D5404261EB41015FEA010C02BF8446F9
:10AF90000146002043F0B64308BFA3F18053A3F558
:10AFA0000003BCFA8CF2083AA3EBC25310DB01FA9F
:10AFB00002FC634400FA02FCC2F12002BCF1004F23
:10AFC00020FA02F243EB020008BF20F001007047B4
:10AFD00002F1200201FA02FCC2F1200250EA4C0008
:10AFE00021FA02F243EB020008BF20EADC7070474E
:10AFF00053B94AB9002908BF00281CBF4FF0FF31E0
:10B000004FF0FF3000F082B9ADF1080C6DE904CECD
:10B0100000F006F8DDF804E0DDE9022304B0704733
:10B020002DE9F04F099D0C46002B4DD18A420F4669
:10B0300084469646B2FA82F360D94BB102FA03FE17
:10B04000C3F120029F4000FA03FC20FA02F21743EA
:10B050004FEA1E461FFA8EF44FEA1C42B7FBF6F188
:10B0600006FB117701FB04F042EA0742904208D93F
:10B070001EEB020201F1FF3702D2904200F2318151
:10B080003946121A1FFA8CFCB2FBF6F006FB1022AE
:10B0900000FB04F44CEA024C644508D91EEB0C0C8E
:10B0A00000F1FF3202D2644500F21E81104640EAF0
:10B0B0000140ACEB040C002125B12CFA03F3002273
:10B0C000C5E90032BDE8F08F8B4205D90DB1C5E965
:10B0D000000100210846F5E7B3FA83F100294DD1BC
:10B0E000A342C0F0F380904280F0F08006462346F1
:10B0F0000846002DE6D0C5E90063E3E7002B40F0E9
:10B10000A3808A1A4FEA1E471FFA8EF60121B2FB6E
:10B11000F7F407FB14204FEA1C4242EA004206FB08
:10B1200004F090420FD91EEB020204F1FF382CBF4D
:10B130004FF001094FF00009904203D9B9F1000F17
:10B1400000F0CC804446121A1FFA8CFCB2FBF7F0D8
:10B1500007FB102200FB06F64CEA024C664508D9B4
:10B160001EEB0C0C00F1FF3202D2664500F2B380F8
:10B170001046ACEB060C40EA04409DE7C1F1200606
:10B180008B4004FA01FE22FA06F720FA06FCF4408E
:10B190008A401F434EEA0C0300FA01FE4FEA1748AB
:10B1A0004FEA13491FFA87FCB4FBF8F008FB104480
:10B1B00049EA044400FB0CF9A1450ED93C1900F101
:10B1C000FF3A2CBF4FF0010B4FF0000BA14503D904
:10B1D000BBF1000F00F08B805046A4EB09041FFA6E
:10B1E00083F9B4FBF8F308FB134403FB0CFC49EAB6
:10B1F0000444A44506D93C1903F1FF3801D2A44503
:10B200007BD8434643EA0040A4EB0C04A0FB029821
:10B210004445CC46434602D306D1CE4504D201383C
:10B22000B9EB020C68EB0703002D6CD0BEEB0C02EF
:10B2300064EB030422FA01F304FA06F6CC40002181
:10B240001E43C5E900643DE702FA03FEC3F1200195
:10B2500004FA03F200FA03FCCC404FEA1E4720FA3E
:10B2600001F11FFA8EF6B4FBF7F00A4307FB104416
:10B27000110C41EA044100FB06F48C420ED91EEB8E
:10B28000010100F1FF382CBF4FF001094FF0000918
:10B290008C4202D9B9F1000F2CD04046091B92B262
:10B2A000B1FBF7F407FB141142EA014204FB06F17B
:10B2B000914207D91EEB020204F1FF3801D29142FC
:10B2C0001ED84446521A44EA004120E7861A64EB2D
:10B2D000030301200DE7F44402384AE7023C7244BC
:10B2E00031E702397244CCE6F4440238DFE6023832
:10B2F0003C4472E702387144D0E7023B3C4481E7AA
:10B30000023C7244DEE72946DCE600BF704700BF1E
:10B3100008B5064B044613B10021AFF30080044B7F
:10B320001B6803B19847204617F01CFE0000000080
:10B3300004180020242B2DE9F0478646904601D8BA
:10B34000012B06D100F06AFB162303600020BDE844
:10B35000F0870D4635482A4615F8014B065D16F074
:10B360000806F8D12D2C24D12C780126951C2BBB56
:10B37000302C30D00A2306F1004C00220CF1FF3CA7
:10B380001046BCFBF3F903FB19CAA4F13007092FDF
:10B3900028D83C46A34234DD571C07D081452DD325
:10B3A00001D1A2452ADB00FB0340012215F8014B25
:10B3B000EBE72B2C04BF2C78951CD8E7102BDAD1A7
:10B3C000302CD8D12A7802F0DF02582AD3D16C78F9
:10B3D00010230235CFE72B7803F0DF03582BF6D08C
:10B3E0000823C8E7A4F14107192F01D8373CD1E75A
:10B3F000A4F16107192F04D8573CCBE74FF0FF3277
:10B40000D4E7531C08D122236046CEF80030B8F1AF
:10B41000000F9CD0691E06E006B14042B8F1000F53
:10B4200095D0002AF6D1C8F8001090E72E2F03001F
:10B4300013460A46014602480068FFF77BBF00BF7B
:10B44000242B00202DE9F04386460D46354E284634
:10B4500015F8014B375D17F00807F8D12D2C26D1D0
:10B460002C780127851C3BBB302C32D00A234FF0AF
:10B47000FF380026B8FBF3F803FB08F930466FEA03
:10B480000909A4F1300CBCF1090F29D86446A34284
:10B4900037DDB6F1FF3F07D080452FD301D1A1455D
:10B4A0002CDB00FB0340012615F8014BE9E72B2CB0
:10B4B00004BF2C78851CD6E7102BD8D1302CD6D1E0
:10B4C000287800F0DF005828D1D16C78102302359D
:10B4D000CDE72B7803F0DF03582BF6D00823C6E71F
:10B4E000A4F1410CBCF1190F01D8373CCFE7A4F10E
:10B4F000610CBCF1190F04D8573CC8E74FF0FF3678
:10B50000D2E7731C06D122233046CEF8003032B980
:10B51000BDE8F08307B14042002AF9D006B1691EA8
:10B520001160F5E72E2F030013460A460146024834
:10B530000068FFF787BF00BF242B00202DE9F04FE4
:10B54000904685B089461E460D46454A02902B46D8
:10B5500015F8014B175D17F00807F8D12D2C41D1D4
:10B560002C7801279D1C002E41D1302C4CD00A266E
:10B5700007F1004A07F1FF3BF31732460AF1FF3AA1
:10B58000584603935146FFF733FD019200228E4641
:10B59000844611461046A4F13003092B05D9A4F1C5
:10B5A0004103192B37D8A4F137039E423DDD541CCB
:10B5B00015D084457EEB010234D38E4508BF844507
:10B5C00002D1019A9A422DDB039A714300FB0211CA
:10B5D000A6FB00020A44181842EBE371012215F899
:10B5E000014BD8E72B2C04BF2C789D1CBBE7102EF9
:10B5F000BED1302CBCD12B7803F0DF03582BB7D150
:10B600006C7810260235B3E72B7803F0DF03582B54
:10B61000F6D00826ACE7A4F16103192B05D8A4F1F4
:10B620005703C2E74FF0FF32D9E7531C0AD1222358
:10B63000029A584651461360B8F1000F0AD105B07E
:10B64000BDE8F08F17B1404261EB4101B8F1000F46
:10B65000F5D00AB105F1FF39C8F80090EFE700BF57
:10B660002E2F030013460A46014602480068FFF7E2
:10B6700065BF00BF242B0020002310B50446836063
:10B68000818119464366C28108228361C0E9003383
:10B69000C0E904335C3018F0F8FF0D4B246263629C
:10B6A0000C4BA3620C4BE3620C4B23630C4B9C4290
:10B6B00006D003F16802944202D0D0339C4205D1F7
:10B6C00004F15800BDE8104018F0F9BF10BD00BFEC
:10B6D000AD450200D34502000B4602002F46020092
:10B6E000CC160020024A0349034818F041BF00BFAE
:10B6F000182B0020EF490200282B002041680C4B3A
:10B70000994210B5044601D019F071F9A168094BAE
:10B71000994202D0204619F06AF9E168064B994235
:10B7200004D02046BDE8104019F061B910BD00BF3B
:10B73000CC160020341700209C17002010B50B4BAE
:10B7400004210B4C0B4A20461A600022FFF794FF9D
:10B7500004F1680001220921FFF78EFF04F1D000F7
:10B7600002221221BDE81040FFF786BF0418002016
:10B77000CC160020E5B60000014818F0A1BF00BFBC
:10B78000FB280020014818F09CBF00BFFB280020C8
:10B7900010B50446FFF7F0FF236A1BB1BDE8104067
:10B7A000FFF7F0BF044B2362044B1B68002BF5D15D
:10B7B000FFF7C4FFF2E700BFFDB600000418002049
:10B7C0002DE9F7431D46574B04460E461F68904629
:10B7D00027B13B6A13B93846FFF7DAFFB8F1020F19
:10B7E00006D0B8F1010F00F29980002DC0F29680CA
:10B7F000636ED90705D4A3899A0502D4A06D18F009
:10B800005FFF2146384619F0F2F8616B41B104F14F
:10B810004403994202D0384618F047F90023636385
:10B820000023A3616360A3891B0603D52169384601
:10B8300018F03BF9A389B8F1020F23F44A6323F00F
:10B840000303A38160D001AB6A462146384619F054
:10B85000F6F8A3891843A0812DBB009D284600F06F
:10B8600007F90646002851D1DDF80090A9453FD1DF
:10B870004FF0FF35B4F90C3043F00202A2810022F0
:10B88000A26004F147022260226101226261626EBD
:10B89000D60704D4980502D4A06D18F012FF2846EC
:10B8A00003B0BDE8F083002ED8D03B6A13B9384608
:10B8B000FFF76EFFB8F1010F266002BFA38943F0C6
:10B8C0000103A381B4F90C3013F00802C4E9046544
:10B8D0001ED0D90745BF00226D42A560A26048BFB7
:10B8E000A561626ED20701D49B0513D50025D6E76A
:10B8F000484600F0BDF806460028B9D0A3894D4659
:10B9000043F08003A381D0E70025B3E7A946F5E71C
:10B91000A260E6E7A06D18F0D4FEE7E74FF0FF3530
:10B92000BDE700BF242B00200EB430B59CB04FF40F
:10B9300001721FACADF81420029054F8045B06901D
:10B9400018F0D7FE0B4B2A46039002A90B93002355
:10B9500007900F9314934FF6FF730748ADF8163016
:10B9600023460068019400F08BF81CB0BDE830401D
:10B9700003B07047CF450200242B00200B4603493B
:10B9800002460868816800F0F1B900BF242B00204E
:10B9900038B50023054D044608462B6017F0E0FA41
:10B9A000431C02D12B6803B1236038BD0818002066
:10B9B00038B50446064D0846114600222A601A464C
:10B9C00017F0D8FA431C02D12B6803B1236038BDAD
:10B9D0000818002038B50446064D084611460022D6
:10B9E0002A601A4617F0C8FA431C02D12B6803B12B
:10B9F000236038BD0818002038B50446064D0846B7
:10BA0000114600222A601A4617F0C4FA431C02D1DC
:10BA10002B6803B1236038BD08180020014B18685B
:10BA2000704700BF242B002070B50D4D00260D4C33
:10BA3000641BA410A64209D10B4D00260B4C24F028
:10BA40003FFE641BA410A64205D170BD55F8043B0F
:10BA500001369847EEE755F8043B01369847F2E780
:10BA6000842F0020842F0020842F0020882F002086
:10BA7000024B0146186818F015B800BF242B0020AF
:10BA80002DE9F0470C46ADF5227D002106460DF16B
:10BA90000408A64F0093CDF81881CDE94411A449BC
:10BAA000A091A449A1911378002B00F05A81F95C70
:10BAB000551C11F0080119D06368002B0FDD2368B5
:10BAC0001A78BA5C120701D42A46ECE7459A01338A
:10BAD0000132236045926268013A6260ECE7A19B03
:10BAE0002146304698470028E9D0EDE7252B12D0B3
:10BAF00099466368002B40F39480226813784B4585
:10BB000040F02F8163680132013B22606360459BF6
:10BB100001334593D8E74191439153782A2B04BFD1
:10BB20001023951C4FF00A0208BF4193A94619F84B
:10BB3000011BA1F13003092B1ED9DFF8FCA1032260
:10BB4000504619F08BF838B1A0EB0A000123419A56
:10BB50004D4683401343419315F8013B782B06D89B
:10BB6000572B10D8252BC3D056D8002B64D00323D5
:10BB700047930A2342936AE0439B4D4602FB03111D
:10BB800030394391D2E7A3F15802202AEFD801A11E
:10BB900051F822F083BC00006FBB00006FBB0000B7
:10BBA000A5BC00006FBB00006FBB00006FBB0000B6
:10BBB0006FBB00006FBB00006FBB00006FBB0000DD
:10BBC000BBBC0000A1BC00001FBC00001FBC0000EB
:10BBD0001FBC00006FBB000095BC00006FBB0000E5
:10BBE0006FBB00006FBB00006FBB0000CBBC000050
:10BBF0009DBC00003FBC00006FBB00006FBB00009D
:10BC0000C7BC00006FBB0000A1BC00006FBB000000
:10BC10006FBB000083BC0000453B022BA7D8052367
:10BC200014E0A19B21463046984700283FF465AFB9
:10BC30004498002840F08D804FF0FF308DE0419B0C
:10BC400043F408734193102342930423479363689A
:10BC5000002B49DD419B590604D423681A78BA5C4D
:10BC6000120748D4479B022B57DC6B46224641A95A
:10BC7000304600F0BFFA012873D002287FF424AFC9
:10BC8000D6E7419A42F40072419210226E2B429202
:10BC900002D9DAE7002342930323D7E70823D3E747
:10BCA0000A22F3E72946404618F02AFF419B054641
:10BCB00043F0400341930123C8E7419B43F0400315
:10BCC00041930023C2E70223C0E74198C3063FF532
:10BCD000FBAE009BC007459A03F1040100911B686D
:10BCE0004CBF1A801A60EFE6A19B21463046984768
:10BCF0000028AFD09CE7459A013245926268013A2C
:10BD0000002A626002DD01332360A6E7A19B214681
:10BD1000304698470028A0D08AE7042B0EDC6B46FB
:10BD2000224641A9304600F0BFFAA4E72E2F0300B7
:10BD300003470200794702002E3003000A4B002B14
:10BD40003FF4C2AE6B46224641A93046AFF30080B5
:10BD500091E7A3895B063FF56FAF0DF5227DBDE846
:10BD6000F0874498F9E700BF000000002DE9F04F8C
:10BD70000D469DB014469846064618B1036A0BB9A5
:10BD8000FFF706FD6B6ED90705D4AB899A0502D47F
:10BD9000A86D18F095FCAB891B0701D52B699BB9E1
:10BDA0002946304600F07EFB70B16B6EDC0704D58F
:10BDB0004FF0FF301DB0BDE8F08FAB899805F7D488
:10BDC000A86D18F07EFCF3E70023CDF80C804FF04F
:10BDD0000109DFF8B481099320238DF8293030233D
:10BDE0008DF82A3023469A4613F8012B0AB1252AEA
:10BDF000F9D1BAEB040B0BD05B46224629463046FC
:10BE000018F0EEFC013000F0A780099A5A4409921C
:10BE10009AF80030002B00F09F8000234FF0FF3293
:10BE20000AF1010A049307938DF853301A93CDE970
:10BE3000052354460522544814F8011B18F00EFF40
:10BE4000049AD8B9D10644BF20238DF85330130784
:10BE500044BF2B238DF853309AF800302A2B15D08D
:10BE6000079A544600204FF00A0C214611F8013B76
:10BE7000303B092B4BD9B0B1079214E0A0EB08037B
:10BE8000A24609FA03F313430493D2E7039B191D57
:10BE90001B68002B0391BBBF5B4242F00202079379
:10BEA0000793B8BF049223782E2B0AD163782A2BEC
:10BEB00032D1039B02341A1D1B6843EAE3730392D9
:10BEC0000593DFF8D4A003222178504618F0C6FE6F
:10BED00038B1A0EB0A004022049B01348240134396
:10BEE000049314F8011B062228488DF8281018F036
:10BEF000B5FE00283FD0264B1BBB039B073323F026
:10BF0000070308330393099B3B4409936AE70CFB3F
:10BF100002320C460120A8E7002301344FF00A0C3E
:10BF200019460593204610F8012B303A092A03D907
:10BF3000002BC6D00591C4E70CFB01210446012368
:10BF4000F0E703AB2A4604A930460093114BAFF348
:10BF500000800746781CD6D16B6ED90705D4AB8913
:10BF60009A0502D4A86D18F0ACFBAB895B063FF5CF
:10BF70001FAF09981EE703AB2A4604A93046009379
:10BF8000044B00F00BF8E4E73230030038300300D4
:10BF900000000000E14702002E3003002DE9FF47BA
:10BFA0000F7E914680460C46782F9A460C9E01F1F2
:10BFB000430207D8622F0AD8002F00F0DD80582FE7
:10BFC00000F0C38004F1420684F842703AE0A7F121
:10BFD0006303152BF6D801A151F823F035C00000FA
:10BFE00049C00000C5BF0000C5BF0000C5BF0000BC
:10BFF000C5BF000049C00000C5BF0000C5BF0000AC
:10C00000C5BF0000C5BF00005FC10000D7C0000071
:10C0100017C10000C5BF0000C5BF000081C10000FE
:10C02000C5BF0000D7C00000C5BF0000C5BF0000ED
:10C030001FC1000033681A1D1B68326004F14206FC
:10C0400084F842300123A8E031682368081D30607D
:10C050001E0601D50D6803E05D06FBD5B1F9005061
:10C06000002D616878DA2D200029A16084F8430052
:10C070002DDA6D425D480A231646B5FBF3F103FB4A
:10C080001157C75D06F8017D2F460D46BB42F4D916
:10C09000082B0BD12368DF0708D523696168994213
:10C0A000DEBF302306F8013C06F1FF36921B226109
:10C0B0004B4603AA21464046CDF800A018F0A2FB4B
:10C0C00001306FD14FF0FF3004B0BDE8F08723F0AE
:10C0D00004032360CDE721683368080653F8045B46
:10C0E00002D4490648BFADB26F2F33603F4814BF3A
:10C0F0000A230823002184F843106668002EA660F6
:10C10000BADB216821F004012160002DB4D1002E9A
:10C11000B2D11646BCE7236843F02003236078279A
:10C120003348236884F845701F06316851F8045B72
:10C1300002D45F0648BFADB23160D90744BF43F0B7
:10C14000200323601DB11023D4E72848E9E72368C2
:10C1500023F020032360F6E724480A23CDE7336861
:10C160002568181D616930602E061B6801D51960AD
:10C1700002E06806FBD5198000231646236197E785
:10C18000336800211A1D32601E686268304618F05C
:10C1900065FD08B1801B606063682361002384F83B
:10C1A000433085E72369324649464046D04701304F
:10C1B00088D023689B0714D4E068039B9842B8BFDB
:10C1C000184681E70123324649464046D0470130B0
:10C1D0003FF478AF0135E36803995B1AAB42F1DCB9
:10C1E000EAE7002504F11906F5E700BF3F30030038
:10C1F000503003002DE9F84315468A6880460C4606
:10C2000032B98A69002A14BF4FF0FF3201228A60D6
:10C2100022680027DFF88C90D1065FBF1A68111DD5
:10C2200019601668A06988B1012807D12B681A78AF
:10C2300063699B5C53B9002F31D022E0022820D1E2
:10C240002B681B7819F803301B071AD423680137B1
:10C25000DA065EBF2B681B7806F8013B2A686B681C
:10C260000132013B2A60A2686B60013AA26042B1D0
:10C27000002BD7DCD4F88031294640469847002867
:10C28000D0D0236813F0100305D1E2680132E260D8
:10C29000A26902B13370236900203B442361BDE8E9
:10C2A000F88300BF2E2F03002DE9F04F984687B08A
:10C2B000784B0C468246164627464FF0000B93E813
:10C2C000070003AB83E80700734BA169734A032996
:10C2D00008BF1A46A36801925A1EB2F5AE7F89BF05
:10C2E0006FF4AE754FF0000903EB050940F25D13E2
:10C2F00088BFA36057F81C3B43F450633D4623605E
:10C30000316803AB0222097853F82B0018F0A6FC21
:10C31000002840D0BBF1010F12D162682AB922680F
:10C32000082142F4007261602260226822F4A06257
:10C330002260A268511EA160DAB94FF0020BDFE75C
:10C34000BBF1020F06D0A268511EA1608AB94FF05E
:10C35000010BD5E7226802F4C061B1F5007F1FD15F
:10C3600042F4807210212260A2686160511EA160B7
:10C37000B2B13268511C3160127805F8012B726835
:10C38000013A002A726006DCD4F88021314650461A
:10C390009047002874D10BF1010BBBF1030FAFD113
:10C3A00063680BB90A23636063684FF0000B3C4974
:10C3B0006069C91A18F0A4FBA368226873B33168D6
:10C3C000606991F800C010F80C0038B3BCF1300F70
:10C3D00016D1100514D50BF1010BB9F1000F03D0E4
:10C3E000013309F1FF39A3607368013B002B7360CF
:10C3F0000DDD336801333360A368013BA360DBE7E5
:10C4000022F4106222600B7805F8013BECE7D4F8C7
:10C4100080313146504698470028EDD02368D90531
:10C420000DD5BD4209D905F1FF3915F8011CD4F825
:10C430007C3132464D4650469847BD4228D022684E
:10C4400012F0100213D12A70394663685046019EDB
:10C45000B047D8F8003021681A1D11F0200FC8F835
:10C4600000201B680FD01860E3680133E360ED1B08
:10C47000236900205D442B44236107B0BDE8F08FA1
:10C480004FF0000BCAE7CA074CBF18801860EBE7F3
:10C490000120F2E77C300300694502006D4502008F
:10C4A0007130030038B5294B05460C46186818B1A1
:10C4B000036A0BB9FFF76CF9B4F90C30190722D4F1
:10C4C000DA0607D409222A6043F040034FF0FF3018
:10C4D000A38133E0580712D5616B41B104F14403E5
:10C4E000994202D0284617F0E0FA00236363A3893B
:10C4F00023F02403A3810023636023692360A389BD
:10C5000043F00803A38123694BB9A38903F4207383
:10C51000B3F5007F03D02146284618F0B5FAB4F9E8
:10C520000C3013F001020AD00022A260626952426C
:10C53000A261226942B913F08000C5D138BD9907C4
:10C5400058BF6269A260F4E70020F7E7242B0020BF
:10C5500038B50023064D0446084611462B6016F0F8
:10C5600002FD431C02D12B6803B1236038BD00BF1C
:10C570000818002038B50023054D044608462B60F6
:10C5800016F0F6FC431C02D12B6803B1236038BDC2
:10C590000818002030B5837985B001901844C06830
:10C5A0000D4600F0380014F093FF044628B901A8A6
:10C5B00018F059FD022005B030BD2946019818F049
:10C5C0005CFD45220A490DF10F0018F091FC01991C
:10C5D00004F10C0018F035FE472205490DF10F005B
:10C5E00018F087FC204621F0D2FB0020E3E700BFD3
:10C5F0008830030037B50446094DD92229460DF18C
:10C60000070018F075FCE06818F065FD0446DB22B1
:10C610000DF10700294618F06CFC204603B030BD30
:10C620008830030037B504460B4D4FF42572294678
:10C630000DF1070018F05CFC04F10C0018F031FD5E
:10C64000044640F296220DF10700294618F051FCED
:10C65000204603B030BD00BF88300300054B10B545
:10C6600053F8204004B910BD2046636898472468F9
:10C67000F8E700BF241800200020134B10B51870F5
:10C68000124B134CC3E90000124B2060187060601D
:10C69000A06000F03BFA80B2A0F10E036380A0F12D
:10C6A0001403013060810C49201DE38016F03CFE2C
:10C6B00020460A4916F038FE04F108000849BDE892
:10C6C000104016F031BE00BFFD28002024180020C5
:10C6D0005A240020FC280020D6300300DF3003005D
:10C6E000E930030070B5044658B323F075FD637953
:10C6F00005466FF382036371237913F0100605D0AA
:10C7000010232371BDE8704023F061BD0D4903F093
:10C71000030331F823203046013A21F82320214633
:10C72000094C00F0E3F923781BB13046FFF796FF80
:10C730002670064B5B6813B10120FFF78FFF284678
:10C74000E0E770BD5A240020FD28002024180020B6
:10C7500038B50446057A23F03FFD054B53F82520F4
:10C76000226043F82540BDE8384023F030BD00BFCB
:10C770002418002010B5064B00F0E0001A78541C75
:10C780001C70044B03F8320003EBC203596010BD68
:10C79000FC2800200C1800200022F8B50E4C0F4990
:10C7A0002378934214D951F83260551C86424FEADF
:10C7B000C2070ED15E1E0A48B21AD20007F1080164
:10C7C00001449D4288BF0022384417F044FF267080
:10C7D000F8BD2A46E5E700BFFC280020101800201D
:10C7E0000C1800202DE9F04F044689B0049242074E
:10C7F00048BF00F0F704029123F0EEFC5E4D04F018
:10C80000030605EB860335F826205B8880469A42AE
:10C8100004F0EF094FEA860733D2002000F048F910
:10C82000834650B335F826304046013325F826308C
:10C8300023F0CDFC584618F0D5FD029B029A8BF8E8
:10C840000630049B8BF8049013448BF807304B4B55
:10C850005B6843B123F0C0FC04460120FFF7FEFEF5
:10C86000204623F0B4FC05EB86004522594616F01D
:10C8700060FD584609B0BDE8F08F01224046404BAC
:10C880001A7023F0A4FC23071BD51F2C19D94FF0D5
:10C89000000A04F0E003039323F09EFCEB195B888D
:10C8A00035F82670DFF8E0809F422CBF0027012773
:10C8B00023F08DFC05EB86030593324B1B789A45DC
:10C8C00009D384F004004946C0F3800000F07AF8F0
:10C8D0004FF0000BC7E798F80030039A1A4205D0D2
:10C8E000D8F804300193019B1B6823B90AF1010AAF
:10C8F00008F10808E1E707935A79D00707D51A79B4
:10C90000510704D547B989EA0202920704D001937E
:10C910001B68002BF0D1E6E7019818F0C2FB0779FD
:10C92000079007A818F09FFB3946002000F04AF84E
:10C9300023F052FC059B35F826205B8883469A42FB
:10C9400034BF0127002709D2002000F0B1F807907A
:10C9500068B135F82630013325F82630584623F0E3
:10C9600036FCDDF81CB0BBF1000FBCD062E7012241
:10C97000034B1A70F2E700BF5A240020241800204D
:10C98000FD280020FC2800200C1800200022014B6C
:10C990001A6070472C18002010B5044623F01CFCC8
:10C9A000074A13682BB914602360BDE8104023F0D8
:10C9B0000EBCA34202D01A461B68F3E710BD00BFAD
:10C9C0002C18002070B505460E46054B1C6804B9AE
:10C9D00070BD63683146284698472468F7E700BF72
:10C9E0002C1800202DE9F0474FF6FC78002416465D
:10C9F0001B4F03311B4B07EB001501EA08084FEAF8
:10CA0000001A1B686A80814627F80A8002FB08F03A
:10CA1000EC60984718FB06F39BB2024668602B81D6
:10CA2000D8B11149284651F8291016F07FFC21464B
:10CA30002A89686817F029FE214623469E4204DCB5
:10CA4000002057447E80BDE8F0876A68E868541883
:10CA500050500133EC604144F0E71A20F3E700BF87
:10CA60005C19002030180020A431030038B5094CAF
:10CA700004EB00156B682BB1284616F059FC68686A
:10CA800018F065FE2846BDE838401022002117F056
:10CA9000FCBD00BF5C190020034B0201C3E900107C
:10CAA0000021024817F0F1BD301800205C19002069
:10CAB00038B5094B020103EB0015EC682846214606
:10CAC0009A5A16F036FC24B12368EB606B88013B60
:10CAD0006B80204638BD00BF5C190020024B03EB81
:10CAE00000139878704700BF5C19002030B4064CE2
:10CAF00004EB0013DD685A880D600132184630BC23
:10CB0000D9605A8016F016BC5C190020044A010155
:10CB100002EB0013505A10B11B89B3FBF0F07047C1
:10CB20005C1900200149084616F0FEBBD83103000D
:10CB3000012838BF012038B5C41C24F00304204666
:10CB400016F024FD054601462246084816F0F1FB82
:10CB50002DB921460220FFF735FF284638BD224671
:10CB60000021284617F091FDF7E700BFD8310300F8
:10CB7000F0B5477B057B7B1CB7EB951F04464FF058
:10CB8000000689B0437306D38673312009B0BDE82F
:10CB9000F04007F0EFB81C4807F086F87F001B490B
:10CBA0001B4B3D41CDE9041305F00305E37A253520
:10CBB00004A88DF81830CDF81A60ADF81E608DF815
:10CBC000195000F0BFFD2368CDE902660193A37AF6
:10CBD0008DF809302389C3F3402252008DF80A20D2
:10CBE000627B012A01D8DA0705D523F001032381EE
:10CBF00001238DF8083001A818F0FCFF20691CF013
:10CC000027F909B0F0BD00BF4DCC0000D6BE898E1B
:10CC100055555500222810B50C460DD0562812D176
:10CC200000F0AAFC084807F03FF80123A373312065
:10CC3000BDE8104007F09EB800F09EFCBDE8104033
:10CC4000014807F031B810BD53570200512808B50C
:10CC500005D0552814D0BDE80840FFF7DBBF0A898E
:10CC6000920508D50120897A00F064FABDE80840F1
:10CC7000074807F019B80846BDE80840FFF778BF35
:10CC800001228A733120BDE8084007F073B800BF65
:10CC900095CC00002DE9F04F53280C4685B006D006
:10CCA00055287ED005B0BDE8F04FFFF7B3BF00F0C8
:10CCB00001FB83688046DD0771D543210DF10F022A
:10CCC00006F074FC43780646252B68D8057805F0F5
:10CCD0000F05032D01D0052D61D120691CF0B3F89B
:10CCE00022890146C2F3400230461CF0C9F80028F0
:10CCF00055D1B34627891BF802AB18F04CFD07F459
:10CD0000C07980F00103B9F10002CAF3801A5946D4
:10CD100018BF01225046DBB21CF0DDF9014690B38A
:10CD2000032D1DD121893046C1F380011CF0BFF8CD
:10CD3000032841D0052832D100254046A57300F0D4
:10CD4000F7FA40461BF0B2FF00F016FC254806F04B
:10CD5000ABFF3120A57305B0BDE8F04F07F00AB86E
:10CD6000052D1CD1218904F118030193C1F380130F
:10CD70000093C1F30012C1F340033046C1F3C00178
:10CD80001CF09EF8D4E718F00EFD40B9B9F1000F81
:10CD9000C6D0FF43032DBFB209D13906C2D400F07B
:10CDA000EBFB204605B0BDE8F04FFFF7E1BE052DD7
:10CDB000F5D1FA05F3D5D5E70B4806F075FFA17A52
:10CDC000002000F0A1F960691CF042F823899B065D
:10CDD00005D5404605B0BDE8F04F1BF067BF05B074
:10CDE000BDE8F08F5357020061570200012001494E
:10CDF00006F048BF5357020021281FB50C4634D116
:10CE00001C4806F051FF04F1100000F09BFC94F860
:10CE100025001BF0A1FE94F82030626813F0010396
:10CE200094F8221012D00023CDE90233A36868469B
:10CE300013440193012300928DF80A308DF80B10F2
:10CE40008DF80C3000F098F904B010BDCDE9013335
:10CE50000223684600928DF805108DF8063018F010
:10CE6000C9FE204618F0C1FCEEE704B0BDE8104052
:10CE700018F09EBC1D5902000320014906F002BFB4
:10CE8000F9CD0000074B586940F20D1338B9002B5B
:10CE9000C1BF45224433B3FBF2F0C0B27047006813
:10CEA000453BF3E7C80A00202DE9F0414FF00008A8
:10CEB00082B0CDF80480F8B10546154F01AC09E009
:10CEC00023601B687B612368C3F800802668002DFF
:10CED000344611DD7B69453D002BF1D1012018F06E
:10CEE0008DFA064620600028F1D101A818F0BBF8A1
:10CEF000304602B0BDE8F081102000F0C1FD019E77
:10CF00003046737943F00103737102B0BDE8F081DC
:10CF1000C80A002037B5174D0446EB6993F87D2009
:10CF200012B9002003B030BD01281AD002280CBF6E
:10CF3000022201228DF8042001228DF805209A6F2B
:10CF4000286922F044029A6701A920F0FAFF00281C
:10CF5000E8D1012C07D1EA69936F43F0400393674E
:10CF6000DFE70422E6E7022CDBD1EA69936F43F0A6
:10CF70000403F4E7C80A002037B5184D0446EA69EF
:10CF800092F87D3013B9002003B030BD01281CD0C9
:10CF900002280CBF022301238DF8043001238DF8F1
:10CFA0000530936F286923F4805323F002039367BD
:10CFB00001A920F0DCFF0028E6D1012C07D1EA69A5
:10CFC000936F43F002039367DDE70423E4E7022C49
:10CFD000D9D1EA69936F43F48053F4E7C80A00207B
:10CFE0000422F0B51D4E0546F36985B083F87C2018
:10CFF000407918F0ECFD2C79074694B1A879FFF739
:10D0000089FF044638BB01466A79012018F0B6FD55
:10D010003B4622467179306905B0BDE8F04020F00A
:10D0200027BF2B6868790394029318F0D0FD009015
:10D0300022467179306902AB20F01CFF044650B9DA
:10D04000A879FFF767FF044628B9024601216B79EA
:10D05000286818F094FD204605B0F0BDC80A0020ED
:10D06000014B186921F097B8C80A0020014B1869D4
:10D0700021F093B8C80A00200C4B10B55A69002360
:10D08000591C82B94522DBB25343418B028B0A44BF
:10D090000A3293422CBF0124002402D2102000F057
:10D0A000EFFC204610BD0B461268E9E7C80A0020D5
:10D0B00008B507F009F9024B1030D86108BD00BF70
:10D0C000C80A002038B50446094DFFF7F1FFEB69A7
:10D0D0002A689A6754B1A08806F044FA06F05EFA0E
:10D0E0000122EB69002083F87C2038BD0120F5E7A0
:10D0F000C80A0020034BDA69936F43F480339367C7
:10D10000704700BFC80A0020042238B5084B0D46FE
:10D11000DB6983F87C20FFF7FDFE044608B100F0D0
:10D12000BBFC2A460021012018F028FD204638BD0E
:10D13000C80A0020022238B5094B0D46DB6983F886
:10D140007C20FFF719FF044608B100F0A5FC2A4631
:10D150000021012018F012FD18F035FD204638BDE1
:10D16000C80A0020034A136823F40043136000F048
:10D17000BFBE00BFC80A00207FB52E4D0446EE6931
:10D18000102296F87C300021022B14BF02230823C2
:10D19000684686F87C3017F078FA237A03B30123C7
:10D1A0008DF8043063680293A37A53B196F87D003A
:10D1B00006F0C2F9029B02881344029301238DF802
:10D1C0000D30637A207B8DF80E30FFF7D5FE50B11D
:10D1D000EA69936F23F48033936700F05DFC20E0ED
:10D1E00023680093DEE7E07A18F0F1FC6A46034614
:10D1F0006979286920F040FE0028E9D1EB69227A9C
:10D20000B3F87A10E37A01F0010162B11A46012005
:10D2100018F0B4FC18F0D7FCEA69936F23F480335C
:10D22000936704B070BD0A462068012118F0A7FC7E
:10D23000F0E700BFC80A0020082270B51C4D0E465A
:10D24000EB6986B083F87C20017A04464B1ED9B284
:10D25000437A0529184628BF00212B7118F06FFC6E
:10D26000ADF8103000236871024660688DF8123006
:10D270000290ADF81430206802AB0093336803903D
:10D28000286920F0E9FFEB69227A83F87D2018B144
:10D2900000F002FC06B070BD307BFFF76DFE002889
:10D2A000F6D1EA69936F43F480739367F2E700BFA6
:10D2B000C80A00202DE9F0431C4A87B0D56995F8CB
:10D2C0006C3003EBC3004FEA800855F8087005EB9B
:10D2D00080061FB1304607B0BDE8F08311791069B0
:10D2E000717301AA0321B760B77320F0AEFEDDE9C8
:10D2F000031245F80800304608F11003E9501D44B8
:10D300006A60BDF80630BDF80820B7839B1A3283E7
:10D310009DF804207383072A08BFB368376204BFEF
:10D3200043F00103B36007B0BDE8F083C80A0020F2
:10D3300083689B0700D5704730B5154D87B004460C
:10D3400001686A46286920F082FE50B9238B628BFF
:10D350006946134403332869ADF8043020F079FEA0
:10D3600008B107B030BD009B9DF90E00636000F06E
:10D37000AFFD2073EB699DF8111093F87D0006F066
:10D38000CFF8A368A07343F00203A36007B030BDD9
:10D39000C80A00202DE9F04F4FF6FF741F46A14246
:10D3A000038B458B08BF818B1D4418BF8183A94225
:10D3B000064683B059DA4FF6FF708242A5EB0105AD
:10D3C00002D09542A8BF15468B42ADB20BD84FF0A4
:10D3D0000008A8452AD345462846B38B2B44B3837F
:10D3E00003B0BDE8F08FA3EB0108A845A8BFA8468D
:10D3F00032691FFA88F802EB010BB8F1000F62D016
:10D40000002F5ED0B946C2465246452A594628BF2B
:10D410004522484617F003FE83B2AAEB0304A4B2E8
:10D4200083443CBB318B0B46A845D4D2C91A7369DF
:10D43000A5EB080913FA81F41FFA89F9002FCAD065
:10D440004A46452A214628BF4522384617F0E7FDBF
:10D450001FFA80F8A9EB08039BB20444002BBBD051
:10D460003A68CAB117469946EAE70025284603B04C
:10D47000BDE8F08FD9F8002012B19146A246C3E76B
:10D4800099F80400019317F0B9FF019BC9F8000057
:10D4900060B18146A246B7E73879019317F0AEFF35
:10D4A000386040B1019B07469946C9E7A3EB0A03E0
:10D4B00043449DB290E7A8EB0908A8441FFA88F5F9
:10D4C0008AE73D4688E719460B46ADE7F8B5124FA7
:10D4D000FC6994F86D6006EBC60104EB810118F05D
:10D4E00092FB054622F078FE242202FB0644002629
:10D4F000F969266291F86D305A438E500322013348
:10D50000B3FBF2F202EB42029B1A81F86D3022F07B
:10D510005EFE2846F8BD00BFC80A0020044BD9694A
:10D5200091F86C3003EBC30301EB830118F06BBB84
:10D53000C80A002010B5094CE369986F10F4007018
:10D540000AD0206920F09DFD30B90121206920F02A
:10D5500096FD80F00100C0B210BD00BFC80A0020D7
:10D56000044BDA69926F920503D50021186920F007
:10D5700086BD7047C80A002010B5154CE36993F8C2
:10D580007C30012B08D000221146104618F0F6FA24
:10D590000122E36983F87C2000220321206920F026
:10D5A00062FC00220121206920F055FDFFF7D8FF21
:10D5B000002018F010FB18F010FB002018F00FFBF3
:10D5C000E269936F23F4847343F4C043936710BDFF
:10D5D000C80A002010B522F0FFFD0446FFF7CCFF7B
:10D5E000074B5620DA69B2F874300133A2F8743070
:10D5F00006F00CFC2046BDE8104022F0E8BD00BF5C
:10D60000C80A0020F8B51C4DEA69936F1C0704D5C1
:10D6100023F008039367FFF7DDFFEB699B6FD806E4
:10D620000FD522F0D9FD0646FFF72CFC0446134F18
:10D6300024B1012017F0E2FE0146B0B9304622F0D5
:10D64000C6FDEA69936F990615D523F02003936709
:10D6500006F04CFE78B122F0BFFD0446FFF7BAFF9A
:10D660002046BDE8F84022F0B2BD3846013C17F034
:10D67000F2FDE4B2DCE7F8BDC80A0020DC0A0020B5
:10D6800008B5FFF779FF00F033FC034A136823F471
:10D690000043136008BD00BFC80A0020014B186991
:10D6A00020F0FCBCC80A0020002210B5094C10462E
:10D6B000114618F063FA20690CF0A8FE18F08AFAF7
:10D6C00004F1140017F0CFFCE269936F23F010030C
:10D6D000936710BDC80A0020024B1868C0F3802071
:10D6E000704700BFC80A002038B5154C0546E369ED
:10D6F00093F87D3083420ED0431E042B08D8DFE818
:10D7000003F0030B0F14160020690DF001FB10B994
:10D71000E36983F87D5038BD206918F062FAF6E7B6
:10D720000021206918F05FFAF1E70221F9E7FFF71D
:10D73000D3FF0028ECD0206918F057FAE7E700BFC4
:10D74000C80A00207FB50446114E407A002530718A
:10D7500018F0F5F97071207AFFF7C6FF6368694623
:10D760000093236830690193637A8DF80A50ADF80D
:10D770000830ADF80C5020F062FD2A4629462846B4
:10D7800018F020FA206818F027FA04B070BD00BF26
:10D79000C80A002038B50B4C05462368206923F4DD
:10D7A0008063236020F0FBFC38B10DB9002038BD48
:10D7B000236843F480632360F8E7002DF6D00C2043
:10D7C000F5E700BFC80A0020F0B53E4C07462168C7
:10D7D00089B011F001016BD12022204616F055FFCF
:10D7E000394820F054FB064610B1102009B0F0BDB6
:10D7F000364D374B01A82B6006F06AFD029B284688
:10D80000AB82019B2B62334B1B886B82324B1B68B4
:10D81000EB61324B1B882B82314B1B68AB6118F0DC
:10D82000D5F920464FF0FF333246294640F8103FE5
:10D830000CF090FD0028D8D1BB68DB023AD401205F
:10D8400000F062FB0028D0D102224FF0FF312069A6
:10D8500020F0BCFB0028C8D10120FFF79BFF206906
:10D8600020F0C2FC0028C0D13C2394220393CDE9D0
:10D87000013296232822059001A92069CDE90623CB
:10D8800004930CF06BFE0028AFD1012120690CF04D
:10D89000C7FD0028A9D1134A1349206918F070F96F
:10D8A00000F02AFA0028A0D1236843F00103236086
:10D8B00000209BE70D4920690CF08AFD0028BED0AE
:10D8C00093E700BFC80A0020690345EC3818002020
:10D8D000C1DA00002C360300303603002E36030078
:10D8E000343603003B5B0200695B0200E231030057
:10D8F00070B505460E4614460AB118F065F904489D
:10D90000234632462946BDE87040006920F09BBBA3
:10D91000C80A00202DE9F04105460E46FFF7CAFC73
:10D920002F680446C7B9638B008B18440A30FFF791
:10D93000BBFA03462860C0B182790C321344A26856
:10D940001A71618B228BDF710A441A81084A0A21FD
:10D9500012799A7117F057FB20462B68B2B24FF636
:10D96000FF71BDE8F041FFF715BDBDE8F08100BFD4
:10D97000C80A002070B505460D4BDC6994F86C6050
:10D9800006EBC60004EB8000FFF7D2FCAA790C324C
:10D99000AB18197941F002011971242101FB0644E9
:10D9A0006168A950227B5A71A27BDA7170BD00BFF9
:10D9B000C80A002038B503F031FDC8B1847DC4B970
:10D9C0002A4DEB6993F87C20022A10D1B3F870201D
:10D9D00053200132A3F8702006F018FA012018F045
:10D9E000FEF82421EA6992F86C304B43D45038BDDC
:10D9F000FF24204606F04EF9002832D01B4CE36984
:10DA000093F87C20022AF2D1B3F87020532001321F
:10DA1000A3F8702006F0FAF9012018F0E0F8236866
:10DA20001D0407D5E36993F87C30012B02D0522006
:10DA300006F0ECF92422E16991F86C305A43881819
:10DA40008068C0F38004400741BF03220133B3FB69
:10DA5000F2F202EB420246BF9B1A81F86C308C5006
:10DA6000C5E73220BDE8384006F0D0B9C80A00202A
:10DA7000024BDB6993F87D00704700BFC80A0020A5
:10DA8000044BDA69936F034393674FF000600CF027
:10DA9000E9BA00BFC80A002038B5054622F093FB5A
:10DAA0000446064B0820DB6983F87E50FFF7E8FF49
:10DAB0002046BDE8384022F081BB00BFC80A0020E4
:10DAC000F8B515461C4606461946104618F081F86A
:10DAD0002A462346304618F0DEF8414FD7E90223A4
:10DAE00000EA020401EA030554EA050339D0A4F16F
:10DAF00008032B4327D0A4F58043083B2B4331D0A8
:10DB0000A4F10C032B431BD0231F2B4346D0354BD2
:10DB100023402BB124F0011323F4A0432B434DD019
:10DB200004F17F432B433CD0610129D5FB69996FF8
:10DB3000CA0525D521F4807193F87C20996707E008
:10DB4000002018F04CF8FFF735FFFB6993F87C20B4
:10DB5000082A04BF022283F87C202046294618F0B8
:10DB600010F8F8BDFFF726FFFB6993F87C20022A26
:10DB7000EED140F60201986F814318BF012229E0DF
:10DB800022F021FB64220646FB69082083F87E20F0
:10DB9000FFF776FF304622F011FBD6E718F020F8A9
:10DBA000D3E7FA695120B2F86E300133A2F86E3033
:10DBB00006F02CF9012018F012F8C6E7FB6993F87B
:10DBC0007C20012AC9D040F60202996F8A4314BF13
:10DBD00001220222552083F87C2006F017F9B4E7D1
:10DBE000C80A00200150010030B50C46002105464E
:10DBF00085B009480091006903AB0DF10E02FBF7F7
:10DC000009FE15B1BDF80E302B8014B1BDF80C30F3
:10DC1000238005B030BD00BFC80A002013B50446FC
:10DC20000DF106010020FFF7DFFFBDF90600074BED
:10DC3000C828A8BFC820A042A8BF2046B3F9042026
:10DC40009042B8BF1046588002B010BD6624002034
:10DC500070B586B0ADF80C20ADF80E304FF0C8129C
:10DC60004FF08213ADF80800ADF80A1000200DF156
:10DC70000601CDE90423FFF7B7FF02A804220346FB
:10DC8000BDF9066004ACB0F9001034F9025BB14292
:10DC9000A8BF3146A942A8BF2946013A12F0FF02A7
:10DCA00020F8021BEFD103CB034AC2F80600C2F8EA
:10DCB0000A1006B070BD00BF6624002013B50446EC
:10DCC00000210DF10600FFF78FFFBDF90600084A9D
:10DCD000084B9042B8BF1046A042B8BF2046B3F9E7
:10DCE00002209042A8BF1046988002B010BD00BF2D
:10DCF000D4FEFFFF662400200F4B10B500211869E9
:10DD0000FBF742FD002447F6FF730C49881C0C60AA
:10DD10004C608C6021F8023CFFF766FFC820FFF7DB
:10DD20007DFF0748FFF7CAFF642318461A461946C5
:10DD3000FFF78EFF204610BDC80A0020682400208F
:10DD4000D4FEFFFF084B10B5B3F9024030B903EB26
:10DD50004103B3F904309C42A8BF1C46A242A8BFAD
:10DD60002246104610BD00BF662400200346044A28
:10DD7000B2F904001BB1034B1B8BC01A00B27047F1
:10DD800066240020C80A0020C82838B50EDC084BDD
:10DD9000084D1A8B801AB5F9002004B2A24205D0B2
:10DDA000214618690CF0A4FD00B92C8038BD00BFD5
:10DDB000C80A00206624002007B5074BADF806000E
:10DDC000002118690DF1060215F0AFFFBDF906003C
:10DDD00003B05DF804FB00BFC80A00202DE9FF472F
:10DDE0004FF00A090DF10E0307463048009303AACD
:10DDF0000E460DF10A0300210069FBF70BFDBDF98A
:10DE00000C30BDF90A406FF0004AE41A94FBF9F4B3
:10DE10000134600017F096FC01233370BDF90C301B
:10DE20008046002BB4BF6FF004020522134493FB1D
:10DE3000F9F309FB03F30380BDF80C50BDF80E3075
:10DE40001D442DB2BDF90A30AB420ADA47F6FF7223
:10DE50003378A34225D30020C7F8008004B0BDE882
:10DE6000F0872846FFF7A8FF031EB4BF6FF0040237
:10DE70000522134493FBF9F3327809FB03F3524470
:10DE8000510038F912201BB29A4205D008EB01026A
:10DE90005380337801333370BDF80E302B441DB2FC
:10DEA000D0E728F813200133D3E700BFC80A0020C9
:10DEB0008BB200294FF00A01B4BF053B05331BB2FA
:10DEC00093FBF1F3014A108353837047C80A002083
:10DED000024B5B8BC01A40B2704700BFC80A0020DB
:10DEE000024B1B8BC01A00B2704700BFC80A00204B
:10DEF0000022044BDB691A605A629A64A3F86C2012
:10DF0000704700BFC80A002007B50A490A4AD1E98C
:10DF10000203024343F02003C1E90223CDE90023B9
:10DF20004FF0FF324FF0FF33086920F022F803B0C2
:10DF30005DF804FBC80A00200DD50155014B18708F
:10DF4000704700BF792F002070B505460C4CB0F823
:10DF50005260237E216906F5FA7606FB1311A0684C
:10DF600000F0E6FB217E6B68002006FB01316A7D34
:10DF70001BF01CF8A068BDE8704006F0CFB900BFE8
:10DF80002C1A002038B50446104B0D461B68627DE4
:10DF9000D87AA9B19B781044984200DCC3B22046DD
:10DFA000A16A637517F0AFFE20B1002194F88500D7
:10DFB00018F00EFA29462046BDE8384019F0CBBFCC
:10DFC000DB78121A9A42A8BFD3B2E8E79C1A002065
:10DFD00070B5002490260C4D2B79A34200DC70BD57
:10DFE0002B6806FB043393F85920FF2A03D0986C62
:10DFF00018B117F0F0FE0134EEE7586C0028FAD0A3
:10E0000017F06AFEF7E700BF2C1A00202DE9F74F42
:10E01000164688469946054603F0CEFC0446284637
:10E0200003F074FB17F0C5FD0190304698F80070BE
:10E0300017F0A5F8DFF844B10021BBF91430C61A77
:10E04000384600F057FB7B0748BF073026EAE676E4
:10E050003318FF2BC4BF47F01007C0F1FC0617F0C0
:10E06000100A0CD017F069FD2523B0FBF3F101FB7A
:10E0700013010020C9B200F0F3FB85F88500B9F167
:10E08000000F01D095F8509000234A4639462046AB
:10E0900017F0A4FF2946204618F006F92946204625
:10E0A00017F0C6FF2046019917F0EBFF29462046DE
:10E0B00018F02CF8BAF1000F45D0204695F88510DD
:10E0C00095F8842000F0ECFA2946204618F02EF846
:10E0D00040BBB5F98810204618F02BF8204601996E
:10E0E00017F0FBFF2946204618F020F820B1A86C55
:10E0F00010B1214617F067FE3146204618F02DF882
:10E10000BAF1000F08D0FF2195F8840018F061F8EB
:10E110000146204600F00CFB304688F8007003B042
:10E12000BDE8F08F6B68DBF81010E2791944A37931
:10E13000A86CD21A0C3353FA82F2224498B9686C54
:10E1400017F0CBFD11E0204695F8751095F8742076
:10E1500000F0A6FA2946204617F0E8FF0028E1D192
:10E16000B5F97810B7E717F02CFEC1B2204616F0CB
:10E170004AFFBAF1000FACD1F2E700BF2C1A002021
:10E180002DE9F34704468DF807101646002190F854
:10E190008520984690F88430B0F9540018F019F9A9
:10E1A00004F17C050146284617F078FD28461AF050
:10E1B000E6FE00221146104617F004FD9DF80750B8
:10E1C0006B0709D5204603F0A1FA17F0F2FC0021F5
:10E1D0000246042017F0F6FC03F0EEFB25F01005D4
:10E1E0008146324620469DF828300DF107018DF812
:10E1F0000750FFF70BFFDFF858A00746AAF81600F4
:10E20000B8F1000F17D19DF8075015F0100015D187
:10E210000C4B6168A361DAF81030627D19441AF082
:10E22000C5FE3B4631464846BAF9142006F094F83C
:10E2300002B0BDE8F0870220034BEAE74046034BFB
:10E24000E7E700BF075F0200275F020039E4000034
:10E250002C1A002073B5044690F8611017F08CFD5D
:10E26000B4F8502094F86130910703F0EF0505D120
:10E27000960601D4C10701D503F0EE05606C50BBD2
:10E28000A06C002832D1204645F0080603F03EFA83
:10E2900017F08FFC48B1C3799B0606D5636C23B990
:10E2A000838845F00C060133838000220121124B44
:10E2B00020469A82B4F85030A26A13F0020F18BFB9
:10E2C000002213F0030318BF0B4600913146FFF7FD
:10E2D00057FF02B070BD17F002FD0028D0D0B4F88F
:10E2E00050309A07CFD145F02005CCE717F009FD53
:10E2F0000028F4D1C7E700BF2C1A002038B51D490B
:10E3000004460B7E4A7E0133DBB2B3EB921F0B76E1
:10E3100003D3032300200B7638BD5B001A4102F0C3
:10E320000302253280F87520B4F8505090F874300C
:10E3300015F01001B0F9540016D118F04AF804F1A4
:10E340006C050146284617F0A9FC28461AF017FE6E
:10E3500000221146104617F035FC94F87500002194
:10E3600018F036F80120D7E7024619460020FFF7DB
:10E37000E9FCE4E72C1A002010B5037D044623F0E5
:10E38000080303750C4B8361FFF7B8FF20B12046EB
:10E39000BDE81040FFF7D8BD2046A16A17F0B3FCD6
:10E3A00020B12046BDE81040FFF754BF2046BDE82D
:10E3B00010400121FFF7E6BD195F020037B50446A2
:10E3C00019F097FD28B12046A16A17F0BEFC84F829
:10E3D0006100174D94F8580019F0E9FAB4F852307A
:10E3E0006A7E03F5FA7392095343204603F5967348
:10E3F0002B61FFF783FF0F4B94F86110A361237D1E
:10E40000204643F00103237517F0B6FC01238DF875
:10E410000700002220460DF10701FFF7F7FD00225B
:10E420002046AB681A6003B0BDE83040FFF78CBDF2
:10E430002C1A0020195F0200512837B50C4620D154
:10E44000124DFF21AB8AEA8A94F884001344AB8210
:10E4500017F0BFFE2B6994F8611003442B61B4F8E8
:10E460005030D4E90A0213F0020F4FF0000308BF46
:10E4700002460093204601F04801FFF781FE03B0F9
:10E4800030BD03B0BDE8304017F013BD2C1A00209A
:10E4900000232DE9F04387B004464FF0FF3105A873
:10E4A0000593FFF737FA059D002D00F09A80AB79B0
:10E4B0000C331D442B79D90740F19080EB7A252B42
:10E4C00000F28C80724FB4F85020B96805F10A0848
:10E4D0008B7982F010020C334046C2F300121944CB
:10E4E0001AF0CEFC002879D1266A95F80A9017F028
:10E4F00052F906F0600680F00103321EC9F380195C
:10E5000005F10C0118BF01224846DBB21AF0E3FD09
:10E510000146002854D0AB7A03F00F03032B38D107
:10E52000B4F850104046C1F340011AF0C0FC032873
:10E530005ED0052852D1059E617DB37900200C3351
:10E540001E44FEF7E1FD534BB868A361B17A06F1B2
:10E550000C038679256A0644367BC5F3400CC5F367
:10E56000C00215F4005518BF04F15B05C6F3801610
:10E57000CDE901C5C1F38011009617F0B2FE00236A
:10E58000B868036005F0CAFE0598A063FFF7F2F9CA
:10E5900075E0052B22D104F16202B4F8501001920B
:10E5A000226A81F01003C2F3800200924046C1F358
:10E5B0008002C3F3001301F001011AF081FCB6E7F9
:10E5C00017F0F1F850B9AB7A03F00F03002EA5D085
:10E5D000032B86F0600606D1B206A1D405A816F07A
:10E5E00042FD01204CE0052BF8D1B609F6D0D2E768
:10E5F00003F0E2F909230546617D00208DF8133010
:10E60000FEF782FD0123E26A0DF113012046FFF7B8
:10E61000FDFCAA7903461544AA7BE16A6FF38712D1
:10E62000AA730022F882B868BA8205F095FE9DF8B8
:10E630001330194A13F0100F184B18BF13460598E2
:10E64000A361FFF797F9059A93790C33D0180189E4
:10E65000C079D5581AF017FD6368C3F196032B44AF
:10E6600003443B61236ADB060DD5059904F14000A4
:10E6700016F0E7FD4FF40031204619F065FC00204C
:10E6800007B0BDE8F08305A816F0EDFCF7E700BF82
:10E690002C1A0020FB5C020039E40000075F020036
:10E6A0007FB50E4610210546144617F08AFCE0B1EE
:10E6B0000F4B18681B7902908DF80C300023ADF8D1
:10E6C000043066F305038DF8043063180DEB030482
:10E6D0004FF0000314F8082C284662F3471301A9F1
:10E6E00003228DF8063016F09AFC04B070BD00BF0E
:10E6F000ED31030003460D4A82B010680090908807
:10E700009279ADF804008DF8062013B9481C02B0C8
:10E7100070476A460220D90748BF117802F101020A
:10E7200048BF40185B08F6D1F1E700BFE5310300B0
:10E7300038B583790C460C33C518C35C03F00F035E
:10E74000072B25D1AB789A0622D0E878C3061FD5CF
:10E75000012100F00F00FFF7CDFF0E4B02359C4268
:10E7600095BF1E234FF496730021012194BFB4FB83
:10E77000F3F4B4FBF3F42B5C2A1861F3C7132B54A6
:10E780009378547023F01F03C4F30424234393703D
:10E7900038BD00BFC3BF03004840704700EB001006
:10E7A000084480B2704700BF90FAA0F000BA80B26F
:10E7B000704700BF044BD3F8012002605B7903F07F
:10E7C0001F030371704700BFFE280020234B2DE973
:10E7D000F041002914BF0C461C460025064617468A
:10E7E00013688AB0C4F801301379257063715FFA39
:10E7F00085F84146384617F0DFFD38B1237803F13C
:10E8000028026A44013302F8288C23700135252D33
:10E81000EDD194F800803EB142466946A01D15F046
:10E820005BFF0AB0BDE8F081B8F1000FF9D0053404
:10E83000F5B22946384617F0BFFD40B9B5FBF8F3ED
:10E8400008FB13550AAB53FA85F515F8285C013619
:10E85000252E04F8015FEBD1E3E700BFFE2800207E
:10E86000034B002818BF03460B449879704700BF3C
:10E87000FE280020F8B50D4682EA124296B23146D3
:10E8800003462846FFF788FFFFF78EFFFFF786FF56
:10E89000FFF78AFFFFF782FFFFF786FFFFF77EFF94
:10E8A0000546FFF779FF164C002B14BF1F4627467D
:10E8B0000446144B781CA3FB0423E21A03EB520317
:10E8C0005B0903EBC30203EB8203E41AE4B22146C3
:10E8D00017F072FD40B93B786E40B6B206FB03F309
:10E8E00007EB1347B879F8BD7B1D2A3701E09F423B
:10E8F00004D013F8010F8442F9D1F4E72046F8BDA3
:10E90000FE2800204D91CFBA10B5094A094B147862
:10E91000094A08441B78126801B29C4202DA32F9B3
:10E92000140010BD32F913008842FADA0133F4E71B
:10E9300034290020332900205C18002030B50A4B10
:10E9400002461C78094B196800230239D8B2844268
:10E9500004D9013331F913509542F7DD00B930BDC8
:10E960000138C0B2FBE700BF352900205C18002049
:10E9700070B5044621F030FC0B4E0546306818B1E6
:10E9800016F0E5FE0023336034B104EB041460009C
:10E9900016F0D8FE30B130600024284621F017FC74
:10E9A000204670BD1A24F8E76018002010B50E4B01
:10E9B0000E4C1A78236833F9122090B9FFF7C2F988
:10E9C0000028B4BF6FF00403052318440A2390FB0A
:10E9D000F3F0584300B2FFF7B1FF236800B233F9F8
:10E9E0001020104610BD00BF342900205C18002004
:10E9F00008B517F0EEFC0028B4BF6FF00403052340
:10EA000018440A2390FBF3F0584300B2FFF796FF37
:10EA1000024B00B21B6833F9100008BD5C180020DF
:10EA2000F8B521F0D9FB04460020FFF79FF9031E3B
:10EA3000B4BF6FF00402052213440A2293FBF2F3E1
:10EA4000534300221E4E1F4D317828681BB28A4264
:10EA500003DB08D140F203451CE030F912709F42FD
:10EA60001DDB194B1A70C82202210120FFF76AF939
:10EA7000021EB4BF6FF0040305231A440A2392FB5D
:10EA8000F3F25A4300233178286812B28B4208DB34
:10EA900012D00025204621F09AFB2846F8BD01320D
:10EAA000D5E730F91350AA4202D1084A1370F0E7B3
:10EAB00004DA012BB8BF0123013BF6E70133E5E798
:10EAC000352900205C18002033290020342900203B
:10EAD00008B503F0D9FB431C1BBF2222034B0020C7
:10EAE0001B6818BF02FB003008BD00BF6018002083
:10EAF0002DE9F0410F46164619F01BFB00224FFA94
:10EB000080F8044639461A4817F08CFC4045054603
:10EB100006DB01223946164817F084FC404517DD14
:10EB200001223946124817F07DFC054405EBD575E6
:10EB3000C4EB650040B20F4A92F90030834209DA13
:10EB4000C01A00EBD07003EB600358B2BDE8F0814F
:10EB50000020F0E792F901308342F7DDB2F902308C
:10EB6000B342DCBF00EBD07040F34700EEE700BFDC
:10EB70002A29002074240020064808B503680BB138
:10EB8000002008BD0449FFF729F90028F8D01A2011
:10EB9000F7E700BF5C18002035290020014B1878EA
:10EBA000704700BF3629002008B5074B1B6843B1EA
:10EBB0004FF4005005F00AFA18B1BDE80840FFF71D
:10EBC0002FBF002008BD00BF5C1800202DE9FF47C3
:10EBD00004464FF4005005F0F9F9002863D021F005
:10EBE000FBFA81462046FFF773FF324BB0F91E60F7
:10EBF0001A78314BB4F832811B68A4F8326133F9CA
:10EC0000127094F830A1B742054653464FF0C80041
:10EC100094F8312104F14801B4BF00270127FFF720
:10EC2000E7FE6B8BA6EB08088642B4BF00260126E0
:10EC30000FFA88F8D3B901210AF1FF3AB5F91E306D
:10EC40005FFA8AFA01FA0AF146EA47020093C9B26A
:10EC50004346204618F022FD204619F013FB830896
:10EC600003F548724308B2FBF3F36B83204619F0B7
:10EC70004CFAC30411D5204647EA460703F004FBCB
:10EC8000CDF808800197B5F91E3080B200930023BB
:10EC900094F830111A4618F004F8484604B0BDE85C
:10ECA000F04721F094BA204619F012FB04B0BDE8F9
:10ECB000F08700BF332900205C1800202DE9F04FB9
:10ECC00089B09A46129B894616460693139D804644
:10ECD000FFF7FEFE044621F07FFA4D4B05901A78AF
:10ECE0004C4B207E1B68494633F9123000F001007E
:10ECF0000793FFF75BFE09F1FF32D2B2BAF90010B9
:10ED000002EB420204EB420461800021074640F21C
:10ED1000F640B4F904B02970B6F90010079B81429F
:10ED200048D10123A7EB0B02A780AAF8007032801C
:10ED30002B70404619F0FDF9012207464946364836
:10ED400017F070FB7BB28342D8BF0027069BC4BF7D
:10ED50003F1AFFB21F70B6F900302BB3404619F0CE
:10ED6000D4F9C30416D5404603F08EFA2B78B6F9D1
:10ED7000002049460292C3F340025B0003F0020305
:10ED800013430193BAF9003080B2009300231A466E
:10ED900017F087FFB6F9003033B198F830314B45A2
:10EDA00004BFA388A8F83231059809B0BDE8F04F38
:10EDB00021F00DBA69B99B45AAF800B0DEBF2B78E7
:10EDC00043F002032B705F45B3DC2B7843F0010363
:10EDD000AEE758460793FFF797FD079B9842DBBFC6
:10EDE000A3802B78A08043F00203D8BF2B70B4F926
:10EDF0000430BB42A1BFA7802B7843F001032B70E6
:10EE0000B4F90430AAF80030A3EB0B03338090E789
:10EE1000332900205C1800202A29002038B500255D
:10EE2000094C0A4B20681D7010B116F090FC25604B
:10EE3000074C206818B116F08AFC002323600022DA
:10EE4000044B1A7038BD00BF60180020362900201E
:10EE50005C1800203529002070B50546002845D0F3
:10EE600003F054FC002843D1234B1A789ABB2C7A28
:10EE70000F2C84BF01221A7014F00F042FD003F05E
:10EE80003FFC064600F0E8FB044640BB2B681B48ED
:10EE900003606B6843602B7A037217F0E8FAE8B9F5
:10EEA0004FF60542164B588030461A80FFF760FD3A
:10EEB0000446A0B9FFF760FE044680B9FFF7B0FD35
:10EEC000044660B918F0A6F84FF4005005F06CF84D
:10EED00001220C4B1A700024204670BD21244FF4EF
:10EEE000005005F067F8FFF799FFF5E72124F3E7F5
:10EEF00041F20C04F0E700BF292900202A29002054
:10EF00007424002036290020064A08B592688242FF
:10EF100007D0427922F0030242F0030242710BF063
:10EF2000FBF808BD6418002010B5064C204616F00A
:10EF30009AF8201D16F097F804F10800BDE810407B
:10EF400016F091B86418002010B5022016F056FA99
:10EF5000034C6060022016F051FAA06010BD00BFA3
:10EF60006418002008B5FFF7DFFF0022024BDA60CB
:10EF7000BDE80840FFF7E8BF64180020014B58685F
:10EF8000704700BF64180020014B9868704700BFAD
:10EF90006418002038B5104DEB681BB1EB6898473A
:10EFA0000023EB602B688BB10B4816F07AF804460F
:10EFB00060B12B681BB14FF000400BF053F82046B6
:10EFC00016F096FE18B1204616F094FE38BD204685
:10EFD0001AF007FDFAE700BF6418002010B5084CCE
:10EFE000E0604FF000400BF03DF800BF00BF00BFF5
:10EFF00000BFE3681BB1E36898470023E36010BDDE
:10F000006418002038B58379044603445B7B13F011
:10F01000300F437923F0030308BF43F0010343712A
:10F0200021F0DAF805462146054816F00AF94FF0B6
:10F0300000400BF017F82846BDE8384021F0C7B86B
:10F04000641800202DE9F041244E00217468FE2050
:10F05000A57902F08DFC074600F044FC50B141F266
:10F060000C00C2B20023B06842F20501BDE8F041D5
:10F0700017F04DBD00F076FC0028F0D10C352C4483
:10F08000237AE51C9B09022BE9D0012B18D9237A9E
:10F09000A11C03F03F02073443F0C00311F8010F35
:10F0A0008C4242EA000203EA0003F7D1002AD6D0DC
:10F0B000FF2BD4D057B9284619F02BFE0020D0E7FB
:10F0C000294619F039FE0028E1D0C8E7294638461C
:10F0D00018F039FE0028EED0C3E700BF6418002006
:10F0E000F0B5184E85B07568AB790C331D4404F04B
:10F0F000FBFFB5F80920B5F807108A421FD8032A8C
:10F100001DD903291BD96F79CFB1C04360F0050029
:10F1100010EA070413D1EB78A879CDE901742C79B2
:10F12000009400F097FB00280CBF0C22002242F252
:10F130004101B06805B0BDE8F04017F039BD1122BB
:10F14000F5E700BF6418002010B50D4C6268937994
:10F150000C331A441179D078003918BF01210038D6
:10F16000B2F8073018BF0120B2F8052000F0A0FE69
:10F1700042F242010246A068BDE8104017F018BDF7
:10F180006418002010B5084C6068837918440F306B
:10F1900019F0A3FD0023A0681A46BDE810404FF601
:10F1A000284117F0B4BC00BF64180020242816D8EA
:10F1B0000F2805D802280CD8B0FA80F04009704713
:10F1C000084B103880B2C34003F0010383F0010004
:10F1D00070470538012894BF0020012070470120A6
:10F1E000704700BF2D2011002DE9F04F95B0FFF7BB
:10F1F000C5FE42F23603867905460C3630F80680A5
:10F20000841998450ED1FFF7B9FE022115F0FBFED7
:10F210007F22A3780233A370AA55002320222377EC
:10F22000627063770121E07802F0A2FB00230546BB
:10F23000ADF84630002800F0C080CDE91233E288F6
:10F24000237AADF848208DF84A30B4F80920E37AE3
:10F25000ADF84C208DF84E30A288E37802F01C0106
:10F26000FE2B4FF6FF7308BF4FF480431C2922D0BA
:10F27000DDE91201884203D81F2801D999421AD921
:10F2800041F21105FFF780FE0446EAB20123414630
:10F2900017F03DFCA3791C44BDF94630002BB4BFE8
:10F2A0006FF00402052213440A2293FBF2F3A374C5
:10F2B00015B0BDE8F08FD306E67D677E19D5012E27
:10F2C00014D1237B013B062BDAD8E07816F04FFEF1
:10F2D00018B1A088FFF76AFF40B1394B277F1B7830
:10F2E00023B3042F02D8637F042B24D941F21205E3
:10F2F000C8E706F0FD03012BC2D17B1EDBB2022B57
:10F30000BED8237B013B062BBAD804F0EDFE032EBA
:10F3100008BF04260640F6B2002EB1D0032F08BF66
:10F3200004273840C0B20028CFD1A9E7002FA7D1C9
:10F33000637F002BA4D1E07D94F91630032808BF29
:10F3400004207F2B08BFC823667B94F81DB018BF2C
:10F3500003EB83030E96A67B18BF5B00E188B4F82D
:10F36000092094F80CE094F8159094F818A00F96E2
:10F37000ADF84630667EA388CDE90B7BE77E032E91
:10F3800008BF0426003F18BF01270A9704F10F0C9D
:10F39000A47ECDE9060A0DF14600CDE904900F9850
:10F3A000DBB201900E98CDE9086400902846CDE9C3
:10F3B00002CE18F0FEFA054664E741F2070561E760
:10F3C00037290020F8B507460D4616461C4623B9D6
:10F3D000012016F013F80446C8B106220C2120467D
:10F3E00017F0B7FB691EC9B2032988BF0022A379B1
:10F3F00098BF074A03F10C0398BF525C2344204690
:10F400009F80DE70DA719A71FFF77EFD0120F8BDF2
:10F41000F2310300F8B5FFF7B1FD83791844B0F875
:10F420000F60B0B202F01CFF0446C0B119F028F919
:10F430000138C0B2032814D800270B4B1C5CFFF71F
:10F44000A3FD054604233A4642F2300117F05FFB64
:10F45000AB790C33E818C68004724472F8BD0227F9
:10F46000EDE700242746EAE7F23103002DE9F041F9
:10F470001D46134307460C461646BDF8188006D1B4
:10F480002046BDE8F0411A46194617F072BE4146C3
:10F4900020461AF0BCFB78B12146384618F02CFE05
:10F4A00040238674C5742146069338464346BDE81A
:10F4B000F041024A1AF0D1BBBDE8F081517202005E
:10F4C000F7B504460D4619F0D8F806462021204627
:10F4D00018F023FE204617F01EFE3278C2F3030315
:10F4E00003EA1213184017F00DFE064620461AF0E4
:10F4F00053FC0746A8B936B1204619F0C1F804F00C
:10F5000005F8B0420FD1204619F0BAF803F0FEFF1B
:10F510002B4601463A46204617F02BFE002003B04A
:10F52000F0BD2327EFE73946204618F005FF1621E6
:10F5300028461AF046FB284605F0DCFA29464670B4
:10F54000867020461AF03BFB0321204618F02BFE64
:10F5500040220346009221460120024A1AF07DFB18
:10F56000DCE700BF0572020010B50446002015F06C
:10F5700045FF014610B90723184610BD204605F087
:10F58000E9FD03460028F7D115F038FF01460028B1
:10F59000F1D02046BDE81040014A1AF042BC00BF3D
:10F5A000C1F40000F7B50E46054619F066F8B379C8
:10F5B0000C3333445F789B781F400378C3F3030018
:10F5C00000EA1310384017F09DFD044668B928463C
:10F5D00017F0A1FD384017F095FD044628B92846DC
:10F5E00019F04EF803F092FF04462846002118F067
:10F5F000A3FE172130461AF0E4FA304605F07AFAF5
:10F6000031464470847028461AF0D9FA03212846FE
:10F6100018F0C9FD40220346009229460020024A04
:10F620001AF01BFB03B0F0BD0572020037B50446AB
:10F630001AF0C5FA0321204618F0B5FD002503464F
:10F6400021460120034A00951AF007FB284603B023
:10F6500030BD00BF0174020010B5074C074A2046B8
:10F6600007491AF049FC204605F0CCF90020062194
:10F6700004F0B2FC002010BD741800204374020096
:10F680006D7402002DE9F047884621210446174693
:10F69000994619F0CCF988B3204618F03CFD10F4D7
:10F6A000103F2ED1022015F0A9FE054658B34FF0A9
:10F6B0000A0A23211AF085FA284605F01BFA0123CD
:10F6C00097FBFAF708F1FF329340437006468770C4
:10F6D0004846FEF705FC90FBFAF04FF48041F070CD
:10F6E000204618F01AFD4146204616F07FFF2946B5
:10F6F0002046BDE8F047054A1AF093BB1120BDE84B
:10F70000F0872320FBE70720F9E700BF2DF6000074
:10F7100008B581B2074819F0DBFD012001F050FD6A
:10F7200030B9054A137D59075CBF43F002031375D6
:10F7300008BD00BF881800208018002001238340E6
:10F74000DB43064901F1240252E8002F1A4001F17F
:10F75000240C4CE800200028F4D1704780180020C9
:10F760000123074A03FA00F002F1240353E8003FA3
:10F77000034302F1240C4CE800310029F4D1704716
:10F7800080180020044A4FF08040536A43F400235D
:10F7900053620AF067BC00BF8018002008B5FDF76F
:10F7A0007DFF054A516C50640B1A002BBFBFD36B11
:10F7B0005B1A1B18D36308BD801800204FF010138C
:10F7C00070B51F4C0025A3644FF4E063204601266A
:10F7D000A4F84C301B4B43F6FF71E3651A4B65628E
:10F7E00040F8583F84F8606016F058FA04F07CFC4A
:10F7F0004FF48073A4F85230144B84F85600A36180
:10F80000134BA4F84E601A6884F85150A4F8B860FD
:10F8100084F8B5502575137852782946134433413E
:10F8200004F108006375A4F8C050A4F8B65019F0AC
:10F830004FFD294604F19400BDE8704019F048BD21
:10F840008018002055555500D6BE898E2B770200B2
:10F850009C1A00202DE9F843214C9946636A0F4613
:10F86000DB0715469DF824609DF8288035D468B3E1
:10F870000120FFF775FF626A9DF8203022F4C07204
:10F8800042EAC312052E626284F8546007D1FDF784
:10F8900023FF48B96D00ADB2BD4228BF3D4694F884
:10F8A000540017F038FF0646636A84F86060A4F8D5
:10F8B0004870A4F84A5084F84C90B8F1000F09D071
:10F8C00043F4801301206362BDE8F8830120FFF751
:10F8D00035FFD0E723F48013F4E70020F4E700BFFE
:10F8E00080180020024B586AC0F38000704700BFA8
:10F8F0008018002010B51A4CFFF7F4FF636A13F06C
:10F90000010313D1A8B994F8613094F84D10253B48
:10F91000DBB20133DBB2032B28BF002341FA03F231
:10F92000D207F6D5253384F8613014E094F85430CA
:10F9300010B194F85520134303F00503052BE2D1D1
:10F94000FDF7CAFE0028DED194F86030012B03D108
:10F95000032384F8603010BD012384F86030D2E7BF
:10F9600080180020024B586A00F00100704700BF69
:10F970008018002040F271232DE9F0413D4C0E46E5
:10F98000E36018B1237D43F00803237540F271252D
:10F99000FDF784FEB4F84870216C7D436A18121A92
:10F9A000A2F59673A7B1AB4212DD8D4210D86FF469
:10F9B00096731A44B2FBF5F2B1FBF5F39A4228BFF5
:10F9C0001A4605FB1211A5F596731B1A21640B4408
:10F9D00040F27120D4E9021CB4F84A20E76BA2F18E
:10F9E00004084243974200FB08F814D21CFA81F144
:10F9F0007EB199420FDA217DD21B41F008012175B9
:10FA00009A42D4BF226123611A48BDE8F04117F041
:10FA10008FBF4745EDD3237DA2F5E17223F00803A4
:10FA200023752261FFF766FF236C47451D444FF0A5
:10FA30000003114A65602564E3630BD2FFF752FFB0
:10FA40001368A8B1DA79197B637D5B1A93420BDAEC
:10FA50006275D9E7FFF746FF136838B19A791B7BC7
:10FA6000617D0B449342F3DC6375CDE71A78F6E7CA
:10FA70005A78E8E7801800209C1A002038B505461F
:10FA80000D4C80B10320FFF759FE002384F851305C
:10FA90000123A4F84E300420FFF750FEBDE83840A3
:10FAA0001020FFF74BBE0520FFF748FE012384F826
:10FAB000B550A4F8B830EEE780180020284A70B599
:10FAC000536A0D4629B31C0749D502F1510602F1CC
:10FAD0004E0448B3DA0623D52388012B20D95B08CE
:10FAE00004202380FFF72AFE1020FFF727FE23883B
:10FAF0000BB90123238016F020F82388B0FBF3F222
:10FB000002FB1300307045B30320BDE87040FFF7DF
:10FB100015BE990623D502F1B50602F1B804D8E75F
:10FB20000420FFF71DFEDFE7DB0312D52388B2F8C0
:10FB3000521099420DD95B009BB22380B2F852203B
:10FB40001020934228BF13462380FFF7F7FD0420BF
:10FB5000CBE71020FFF704FEF9E70520D5E770BDDD
:10FB60008018002070B58AB005466B46484AAC79CB
:10FB700010685168127A03C30C3408201A702C44A0
:10FB800004F024FA20B101222846A11D15F047FAFD
:10FB90000021A379CDF821108DF80F30A37AADF8AC
:10FBA000251003F00F0303F128026A4412F8282CF1
:10FBB0008DF82010ADF81020062B08D8DFE803F0F0
:10FBC000044F07075F074B000D20FFF7C9FDA37A1D
:10FBD0000DF11301C3F380138DF81230E3680DF1BA
:10FBE0001200CDF81330238A09AEADF81730002388
:10FBF0001A4615F0C1FDE3791C218DF819304FF438
:10FC00007F43ADF81A307F238DF81C306379284686
:10FC10008DF81D300023ADF81E30AB7903AC1233E4
:10FC2000AB7115F067FAAB792B440C33224603CA4B
:10FC3000B24218605960144603F10803F6D1106807
:10FC400029461860134815F0FCFA4FF080400AF07E
:10FC500009FA0AB070BD0D20FFF770FDB7E7D4F8C0
:10FC60001230CDF82130E38AADF82530EB79063B30
:10FC7000EB71A37AC3F3C0138DF82030A7E7064BCE
:10FC80005B6A9B0444BF42F00102ADF810209EE77E
:10FC9000F6310300A01800208018002070B5837989
:10FCA0000C33C4182379DA0702D44FF0FF3070BD4B
:10FCB000A37AE27A03F00F05082DF6D8062D01D9B4
:10FCC0002846F4E7911F1F29EFD8012D1FD10C2AD8
:10FCD000EBD1244E736A13F0060F01D1DB05EFD48C
:10FCE00015F059FD20B915F04DFD0028E8D1DCE7ED
:10FCF000A37A96F84C20C3F3C010B2EBD31FD4D133
:10FD000004F1120100F0010019F016F8EDE7042DDE
:10FD1000D6D11449144A486A0240002AC5D0096B5A
:10FD20000029CDD08A79C3F380130C3288188A5CFD
:10FD3000B3EBD21F08D015F02EFD0028C0D115F06E
:10FD400016FD0028BCDBB0E704F10C0106220830E8
:10FD500014F071FC044615F01EFD0028B0D1002CF3
:10FD6000AED0ECE78018002008000400F0B5214C6C
:10FD700087B0A06A00B3E76ABE7902F085FA022371
:10FD8000FF210C36BA5DCDE90431BD1995F8233059
:10FD900000215B090393AB8BD20902936B8B80B27A
:10FDA00001932B8B009305F1080319F0BFFCA06AA7
:10FDB00002F018FD0023A362E06AFCF793FC002325
:10FDC000E362636A23F00402DB07626208D594F8F9
:10FDD0005450052D06D1FDF77FFC18B184F8605012
:10FDE00007B0F0BD94F8540017F095FC84F860005B
:10FDF000F6E700BF8018002013B5154C20F0ECF991
:10FE0000236A01930023236220F0E1F9019BA3B947
:10FE1000636A1A0406D516F0FAFEA0B1636A23F4E9
:10FE200000436362636A1B0305D5FFF79FFF636AA4
:10FE300023F40023636202B010BD01A815F031F96C
:10FE400016F059FFE2E74FF080400AF00BF9E9E7BE
:10FE50008018002038B50E4D044603F0DBFB286BFC
:10FE600018B1FCF73FFC00232B6300F09BFB094813
:10FE700004F0AAFCEB6A0BB1FFF784FC044884F0A1
:10FE8000010117F061FDBDE83840034815F0EBB8FB
:10FE90008018002088180020A0180020034B586A02
:10FEA00010F0050001D1FFF7D5BF70478018002082
:10FEB00070B53B4C1646636A03F0010270B95AB143
:10FEC00020F08AF9636A054623F001036362FFF7B5
:10FED000E5FF284620F07BF9002070BD002AFBD109
:10FEE0009B0704D5236BBBB10120FFF7C7FD94F836
:10FEF0004C3003F0FD03012B16D020F06DF90546C0
:10FF0000C6B10E20FFF72CFCFDF7C8FB42F21073C0
:10FF100003FB0600606310E0022015F06FFA206317
:10FF20000028E1D10720D8E718F01FFF0028E4D10E
:10FF30001220D2E70E20FFF701FC0020FFF710FC93
:10FF4000636A13F00403C4D140F27122E363B4F88E
:10FF50004A30E260023B5343236115F0EEFD032378
:10FF6000B0FBF3F303EB4303C31A253384F861308A
:10FF7000FFF7C0FCFDF792FB60602064B4F8C0009E
:10FF8000002808BFF520FFF7C3FB064B04481A689A
:10FF90001378527813445B10637517F0C9FC98E727
:10FFA000801800209C1A002038B51B4C0546237D84
:10FFB00023F00803237503F02DFBB4F8C0302BB9F0
:10FFC000A36813F4601F08BFA4F8C03000211248D2
:10FFD00017F0BAFC114BA361636A5A0406D485F08A
:10FFE00001000021BDE83840FFF7C4BC626B6168C6
:10FFF000521A002AF3DA23F0010343F40043636248
:020000021000EC
:10000000FFF74CFF4FF080400AF02CF8FFF76AFC36
:100010000028E4D138BD00BF801800202B770200F3
:1000200008B5FFF75FFCB0B10B4B586A20F0040233
:1000300010F001005A6203D1BDE80840FFF70ABF83
:1000400003F0E8FA00F0AEFAFFF79CFBBDE80840C9
:100050000020FFF7A9BF08BD801800202DE9F04F50
:100060004FF0000B2E4C89B0E66AA36AB779C4E959
:100070000ABB0C37F51901936B6A90468246894694
:100080000393FDF779FAF35D05F108073946C3F3E9
:10009000C01306A88DF8183015F087FBFF238DF8E4
:1000A0001930636A01A8C3F380230E358DF81A3026
:1000B000CDE904578DF808B08DF81BA08DF81C9081
:1000C0008DF81D8002F0FCFB3046FCF70BFB636AE9
:1000D00023F02402DB07626205D40120FFF7BAFE99
:1000E00009B0BDE8F08F0F4B94F854501A68052DF5
:1000F0001378527813444FEA630363750AD094F877
:10010000540017F008FB0546012084F86050FFF703
:100110004BFFE5E7FDF7E0FA0028F0D0F4E700BF79
:10012000801800209C1A002037B505460846114665
:10013000254A526A02F41072B2F5107F04D1022BE4
:1001400040D0032B08BF01230193162300F00102C6
:1001500000932846052317F027FBAC7919F0A2FC81
:100160000C342C440321C4F80E0004F1120005F0F5
:10017000C9FABDF8203004F11E002383BDF82430F5
:10018000E38202236375BDF818306383BDF81C3029
:10019000A383FEF70FFB0C22A37CB3FBF2F102FB5F
:1001A000113394F82320053363F3040284F82320E9
:1001B00003F0ECF994F8233060F3471384F823300C
:1001C00003B030BD0023BFE7801800202DE9F041C7
:1001D000054686B000208846174615F00FF90646FA
:1001E000002800F0AA80564C0620C4F8288095F814
:1001F000018018F0010800F09580FFF7B1FA2A7924
:10020000636A023A012A98BF88F001004FF00008A3
:1002100093BF43F4007323F400730020636288BF2C
:10022000636215F0C3FA05AB029304AB0193EB894B
:10023000CDE904880093AB89EA8AA98AA06A03F011
:100240001DF940F2E242059BCDF80C80B3FBF2F3BE
:100250009BB202936B8A304601932B8A6A1D0093EE
:10026000A9782B79FFF760FFB379049A33441A63B6
:10027000E6621FF0B1FF06464046FFF7FFFB636AE8
:1002800043F0040363622F4B1A689379D2791344C5
:100290005B106375ED7884F8555005F00505052D64
:1002A00043D0284617F037FA0546636A84F8605051
:1002B00013F001022FD1E263002F3BD043F48013EF
:1002C000B4F8C0006362002808BFF520FFF720FAE9
:1002D00040F27122B4F84A30E2605343A3F5E1736F
:1002E000236115F02AFC0323B0FBF3F303EB430374
:1002F000C01A00F1250343F6FF71134884F86130FA
:1003000015F0CCFCFFF7F6FAFDF7C8F96060206441
:100310000B4817F00DFB30461FF059FF002006B0C8
:10032000BDE8F081FFF70AFA69E7FDF7D5F9002883
:10033000B7D0BAE723F48013C2E70720EFE700BF86
:10034000801800209C1A0020D818002038B50546D7
:100350004FF480200C4603F039FE48B140F22E43A2
:100360002046C4E90333BDE83840104901F078B8AD
:100370000F4B9C4217D1042D14BF28460320FF21A8
:1003800018F081FE42F20F7300F5AF70984298BFEB
:1003900042F21073A4F18C04C4F898008CBFC4F826
:1003A0009C00C4F89C30012038BD00BF80969800A6
:1003B0000C19002038B500230125104CB4F8B610F4
:1003C00004F19400994208BFF521C4F8A43084F8E0
:1003D000A05018F07DFF284600F0F2FE38B994F8DE
:1003E000A0305A075CBF43F0020384F8A03001201C
:1003F000BDE838400249FFF7A9BF00BF80180020C0
:100400000C190020F0B585B06D46274C0646FDF767
:10041000B3F804F158030FCB85E80F0094F8AC3023
:1004200094F8B4200021C8208DF808308DF80920F8
:1004300015F0CFFF0146284615F030FC284618F08D
:100440009EFD15F0B4FB00220146042015F0BAFB16
:100450007568FDF723F9636A2D1A13F4003F4FF412
:1004600080200CBF1027112703F0B0FD28B100F049
:100470008FFEA0F52F7015F0B1FBD4F8BC3070687A
:100480008C2D00EB930194F8A13006DC1A46384617
:1004900018F0DAFD012005B0F0BD0A4601463846E5
:1004A00018F098FDF6E700BF8018002073B5437977
:1004B00001906FF30003437101221C2101A814F085
:1004C000DAFF48B1144A01A8536A43F40063536247
:1004D00014F0C9FD02B070BD019A104C537904F1BB
:1004E000180643F001035371937913440C332546E6
:1004F00003CDB542186059602C4603F10803F6D1CC
:10050000286811461860064814F09BFE4FF08040A2
:1005100009F0A8FDDEE700BF80180020E8180020E1
:10052000A018002010B50A4CD4F8A40020B194F80B
:100530008B30012B01D0002010BDFDF7AFF8D4F8AF
:10054000B030181AB0F57A7F94BF0020012010BD9A
:100550008018002010B5124C636A1B051FD50120BE
:1005600014F04CFF28B9BDE810404FF0804009F06E
:1005700079BDB4F86C3023F0600343F04003A4F875
:100580006C30FFF793FF04F1240353E8003F23F49A
:10059000006304F1240141E80032002AF3D110BDC8
:1005A0008018002010B50A4CD4F8A4305BB10121AA
:1005B00004F18C0017F0C8F904F1940004F004F978
:1005C0000023C4F8A430BDE81040FFF7C3BF00BF4C
:1005D0008018002010B5044600F020FF844201D1AD
:1005E000FCF7CAFF084BB3F8B62032B9D3F8942011
:1005F00012F4601F08BFA3F8B620FFF7D3FFBDE8D1
:1006000010400120FFF7D0BC801800202DE9F341F5
:100610005F4C984605460E461746FDF73FF894F89E
:100620008B30022B05D0D4F88410091AB1F5FA7F6B
:1006300049D2A54201D1FFF7B1F8AE61294694F83D
:100640007600FFF783FE06464FF4802003F0BEFCE1
:10065000A8B1B6B100F09CFDA0F52F7015F0BEFA60
:100660004C4B4D4A3846CDE90032D4F8843094F8EA
:10067000882094F8761018F0CBFC064601E0002E96
:10068000EED115F094FA00220146042015F09AFAF2
:10069000002003F0E5FAA54209D1D4F8A43033B123
:1006A000002104F18C0017F04FF9FFF77BFFD4F81D
:1006B0008430C4F8B03094F8883084F8B4303046D0
:1006C00002B0BDE8F081A54216D1D5F8A4309BB1A7
:1006D000D5F8B0301B1A994207D3FFF75FF8012114
:1006E000284617F031F90126E9E7002105F18C00D1
:1006F00017F02AF9FFF756FFD4F88430A542C4F862
:10070000B03094F8883084F8B43001D1FFF746F85F
:100710000121284617F018F92049D4F88430A1F1B6
:100720003000C4F89030C4F8A46019F0ABF9D4F8E4
:10073000B0201A49D8F80030A1F13000D31A94F84B
:10074000BA2004F0A3F815494FF416730122A1F161
:10075000300019F09DF9637D84F8A130FFF7C2F8ED
:100760000F4B1B6890B1DB7994F8A1200D4993429F
:100770003CBF02F1FF32D3B294F8760084F8A13086
:10078000FFF7E4FD074817F0D3F8ACE75B78EBE739
:100790008018002055555500D6BE898E3C19002082
:1007A0009C1A00200C1900202DE9F04F8D798BB098
:1007B0000C350D44EB7A07910390002B00F0158166
:1007C00017462E7B8B46B20916F03F0618BF6E7B8C
:1007D0000292012F05F10E029046049200F0FD8175
:1007E00040F26F81FA1E012A00F2FF80029AB2FAEB
:1007F00082F94FEA5919B9F1000F00F0F6802A7B0F
:1008000002F03F029A4280F2F080B44C636A23F413
:10081000003363622B7BC3F38113013BDBB2012BFB
:1008200047D95846FDF7A6F8DDF81CB09BF806A09E
:100830000AF10C0ADA44002F3FD0042F07D1B4F894
:100840006C30580754BF0A230E23A4F86C30F1070C
:1008500000F1DE81B20700F1D481730700F19380CB
:10086000300741BF98F8013008F10208C3F30313C1
:1008700084F87730012F40F0C1809AF80C3003F0F3
:10088000C003402B02D0802B40F0B8800023626A66
:10089000B4F86C0022F40032F10620F06000A4F8F5
:1008A0008A30626248BF08F1030880B2A4F86C0085
:1008B000C6E0012FB5D1AA46C9E7FF207F214FF43A
:1008C0007F4E2B7B94F860209B09052A9AF807C07D
:1008D000A4F86C30A4F87A7084F86E0084F878106C
:1008E000A4F876E000F0F48084F875201BB1636A08
:1008F00043F400336362F20700F1FC80B307ACD528
:1009000094F84C00AA7AB0FA80F35B09B3EBD21FDB
:100910004AD0003818BF0120414618F00DFA0346AE
:10092000A87A4146C009059314F037FF069014F0E9
:1009300025FF616A069A01F4807C05991346002917
:100940003DD0AB7ADB09002A00F01F81BCF1000F1B
:1009500000F01B81002840F01B81FE2384F87C30CE
:10096000D8F8003008F10608C4F87D30B4F86C30CF
:1009700038F8022C43F00403A4F86C30584B9A80EA
:1009800073077FF56DAF15F012F94FF6FF73CDF8D1
:1009900004B000930146534B94F86E20042008F1F4
:1009A000010815F0FCF85BE74146D00914F0F5FEAC
:1009B000059014F0E3FE616A059B01F4807C2BB185
:1009C000BCF1000FC6D1002840F0E280D4F8A4307A
:1009D0004BB10121444816F0B7FF444803F0F4FE40
:1009E0000023C4F8A430FFF7B5FD07A814F03BFBC3
:1009F0004FF0000948460BB0BDE8F08F3C4ADAF8EA
:100A000000300192363A00924146324694F8560040
:100A100015F0E7FB8044B4F86C0094F88A3020F0BD
:100A20006000626A80B2002B3FF440AF94F88930D6
:100A300040F02000A4F86C0084F8763084F8AC30E4
:100A400016F0200A1BBF98F8023098F80310CDF872
:100A500014A043EA01231EBFCDF81480A4F87A3015
:100A600008F11208012F00F09A80069214F093FE0C
:100A7000F1060ED4069A80F00100C2F3C01BC3B287
:100A80005A46184994F86E0018F025FB002800F02B
:100A90009880042FDDF81CB045D8022F3ED8002FD7
:100AA00041D1029B626A022B00F0FB8194F88B30EB
:100AB000002B40F04A81BAF1000F40F0A981D146E5
:100AC00037E0029AB2F1030918BF4FF0010992E62C
:100AD000BCF1040F14BF6246032205E78018002012
:100AE000FD180020EF1800200C1900201419002018
:100AF0003A190020D5F80E30049AC4F86F30928865
:100B0000BE4B9A80AB7A13F0400340F02481626AB6
:100B100022F48052626284F86E307EE094F88B306A
:100B2000002B40F00581BAF1000F40F07181D146F1
:100B3000626A710648BF98F80030CDF820B048BF0F
:100B400084F878302B7B03F03F08D30752D5002F71
:100B500040F0A280F0064DD44FF0FF3108A8FCF71A
:100B6000D9FE0898FCF706FFAB7908A884F86B302B
:100B70006B7908F10D0184F8793014F07BFB08984B
:100B8000002800F05F81C7809DE000283FF4E6AEBA
:100B900094F84C30002B40F02C810223DEE6530702
:100BA0003ED4C2F3C01B14F0F6FD80F001035A4698
:100BB000924994F86E00DBB218F08DFA002840F0EC
:100BC0009A81BBF1000F00F0CB80BAF1000F40F02A
:100BD0004A814FF0000907A80DE0894AB2F86C90ED
:100BE000029A09F00309A9EB0209B9FA89F94FEA57
:100BF000591900E608A814F036FA48460BB0BDE8CB
:100C0000F08FBB1E022B3FF67BAE08F1060824E6F0
:100C100094F86E30FF2B3FF46DAF05F1140819E620
:100C2000029BD807BDD5DDF81CB00297C2F3003394
:100C300094F87620012100920020704A02F0B4FD61
:100C400081465846FCF796FEB9F1000F40F0368118
:100C5000BAF1000F40F0BD80029B002B00F0008134
:100C6000D4F824A014F097FD034683F00103CAF3DF
:100C7000C012624994F86E00DBB20AF0800A18F0E4
:100C80002AFA00285ED1BAF1000FA4D1514614F01F
:100C90008AFD002856D09EE74FF0FF3108A8FCF7E8
:100CA00039FE0898FCF766FEAB7908A884F86B302B
:100CB0006B7908F10D0184F8793014F0DBFA0898AB
:100CC000002800F0BF80B4F86C30099003F0600396
:100CD000202B636A4FF001020CBF43F4006323F43E
:100CE0000063636243791C216FF30003437109A819
:100CF00014F0C1FB002840F0CE80099E414C73796E
:100D0000B57943F00103737135440FCCE860296174
:100D10006A61AB6107CCE8612962A4F164003146E5
:100D20006A6214F08EFA4FF0804009F09BF961E698
:100D30002B46002203983449FFF768FC8146BAF13C
:100D4000000F67D1DDF81CB0F2E62B4603982F495F
:100D5000C2F34042F0E7626A012342F48052D9E6CE
:100D60005946584614F01FFD00287FF42EAF042F7B
:100D7000DDF81CB03FF6D7AE022F3FF6CFAE002F06
:100D80003FF48FAE012F7FF4CEAE626A029B510713
:100D900000F18F80012B04D902F00303032B00F034
:100DA000958094F88B30002B54D02B46039816492D
:100DB000C2F34042FFF72AFC034658469B46FCF725
:100DC000D9FDBBF1000F48D0BAF1000FBAD0002313
:100DD000029394F87720094994F86E00D5F800B092
:100DE00015F08EFE002840F08D80029B002BA9D0CC
:100DF00036E7012B08BF0323B0E500BFEF18002042
:100E000080180020E818002069780200290F0100EE
:100E10004FF0000994F87720414994F86E00D5F816
:100E200000A015F06DFE00288CD005F10C0094F8A0
:100E300076B015F06AFE51460346059A584615F0FD
:100E400061FE7FE7012014F0D9FA089000283FF4F2
:100E5000D1AD38E75846FCF78DFDBAF1000F4DD102
:100E60004FF000096EE794F877202D4994F86E0052
:100E70002E6815F045FE00283FF4ABAE05F10C00DE
:100E800094F8764015F041FE31460346059A204617
:100E900015F038FE9DE6636A09A843F400636362B7
:100EA000A9E690073FF502AEBAF1000F3FF407AE96
:100EB000AEE7DB07CED500230293B7E65946002004
:100EC00002F05AFCBAF1000F8FD082E7584616F0B4
:100ED0005BFD08B9626A64E7A97A0498C1F38011DE
:100EE00002F00CFC0028B5D00E4B039A58469361D3
:100EF000FCF740FD68E7DDF81CB046E700239946A3
:100F0000029366E705F10C0094F876A015F0FDFD5C
:100F100059460346059A504615F0F4FD65E700BFB3
:100F2000EF1800208D780200532810B50C4610D021
:100F300006D8512817D02146BDE8104016F05EBCF7
:100F4000A0F15503012BF6D82046BDE81040FFF76D
:100F500041BB0022064B0120A3F88A2016F069FC51
:100F60000028F1D010BDBDE8104002F0EDBB00BF7D
:100F70008018002053282DE9F74F0C4615D007D8CC
:100F8000512878D0214603B0BDE8F04F16F036BCAA
:100F9000A0F15503012BF5D8A0F1560358424FF0AC
:100FA00000015841FEF78AFD2FE04FF0000901A82B
:100FB0004FF0FF31CDF80490FCF7ACFC0198DFF85E
:100FC000D88048B1FCF7D6FC0198FEF767FE0828E8
:100FD00021D001A814F047F800F020FA844201D192
:100FE000FCF7CAFA0021204616F0AEFCFFF7DAFA49
:100FF000D8F824305A0703D500210846FEF75EFDD5
:10100000D8F8243013F0050F40D0204603B0BDE8D7
:10101000F04FFFF7DFBA019DD8F82C70AB79BE799D
:101020000C331D4414F0A6FBE8B114F0A0FB00281B
:1010300019DB0C36B85D07EB060B0BF1080A4A46C4
:101040005146C00914F0ABFB68B1D5F80E30CBF8AF
:1010500008306B8AABF80C30AB7ABA5DC3F38013FF
:1010600063F3C712BA55002295F9051098F8760077
:10107000FEF7F4FFADE7074B11201B685978FCF72A
:1010800059F8054A536A43F02003536203B0BDE8A0
:10109000F08F00BF9C1A00208018002010B5074C6C
:1010A0002368DA0607D523F01003236018B902205D
:1010B000A16814F067FD0023A36010BD441900204F
:1010C000F8B500230360037D04469D070CD550F856
:1010D000081FC90C01F4FC7141F0050103F022FB6B
:1010E000237D23F002032375A06816F0F4FB237D13
:1010F0000546180703D5FCF7D1FA28446060194F5C
:1011000062683E4656F8041FAD1A79B92160346012
:10111000BB68E3B1607D597D884219D2217D090702
:101120000FD5BDE8F8400020FFF7B8BF886816F07B
:10113000D2FB4B682B441B1A002BE7DA0E460968DA
:10114000E3E759681B690B449B1A002BE9DAF8BDE9
:10115000D3E9011016F0BFFBE3681A44521AC242E9
:10116000F5D5DEE744190020014610B504460320FA
:1011700014F008FD054B1B68D90305D4237D5A07DD
:101180005CBF43F00203237510BD00BF441900206B
:10119000014BD868DC38704744190020034B10B568
:1011A000DC68FCF77BFADC3C201A10BD44190020F7
:1011B00018220021014813F068BA00BF441900202A
:1011C000034B1B6813EA004314BF01200020704743
:1011D0004419002030B5C0B14268B2B1104C256945
:1011E0002B469BB945B1AB68CB1A41BF5B42B3FB01
:1011F000F2F303FB022289180A4A816013684BB993
:1012000003601060237D0133237530BD8342FCD021
:101210001B68E6E79D686D1A002DF1DA1A46EDE7C6
:10122000441900205419002040B1436833B1084BE1
:101230001A7D013A1A7553F8102F02B9704790427F
:10124000116801D11960704713460A46F5E700BFDF
:101250004419002038B50446084D0846AB68A3423F
:1012600001D1FFF71BFF6B68054A1BB1A342196848
:1012700001D1116038BD1A460B46F6E7441900202B
:10128000481900202DE9F3475E4D2B685A0700F1FD
:101290008680AB68002B40F0828055E8003F43F029
:1012A000040345E80032002AF7D16C689CB1FCF7D2
:1012B000F5F901AA01462046276916F014FB08B982
:1012C00020461EE0019B2668FF1AA6B96368DC373A
:1012D0001F44C5E9024755E8003F23F0040345E8F1
:1012E0000032002AF7D1AC68002C4CD102B0BDE826
:1012F000F047FCF7D9B9304601AA16F0F4FA18B94C
:101300003046FFF731FFD0E7D6E901A016F0E3FA47
:10131000337DAAEB0000DB0705D4019A33699B1AE1
:10132000F2689B1A18446268D3191B1A002B26DD39
:101330009F4204D9E368801ADC3383421ED994F8B3
:10134000149019F0010F0FD1A06816F0C4FA2369A8
:10135000D6F80C801A44A2EB0A02E368A2EB08025A
:10136000121ADC339A420CDC727D637D9A4206D2FB
:1013700019F0080FA4D0F768344600E00746366835
:10138000A3E74746F8E7A36813F4601F0AD1214694
:101390002B6843F010032B60012014F0F3FB02B024
:1013A000BDE8F08704F10806304603F0C9F92B6860
:1013B000214643F010032B600028EDD1012014F0EA
:1013C000E1FBA36813F4601F4FEAD341C3F3C244A7
:1013D0000ED0013CE4B201F4FC713046214303F02D
:1013E000A1F90321304603F009FA002CD7D103E01C
:1013F0000321304603F002FA304602B0BDE8F04760
:1014000003F0E2B94419002008B5034B996809B10B
:1014100014F0B8FB08BD00BF44190020014B9868C8
:10142000704700BF441900200C4B70B59C68844283
:1014300012D12146022014F0A5FBD4E9016016F078
:101440004AFA0546FCF72AF9801BE84221464CBFC0
:101450000120032014F096FB70BD00BF441900204A
:1014600002462DE9F84F002855D02C4ED0F80C80BC
:10147000B76805698742046808EB01090D441DD06F
:101480006FF0DB0A746854B99742C2E9039503D13F
:101490007B68DC332B44F3600120BDE8F88FA06843
:1014A00016F019FA844653686068AAEB03030344F4
:1014B000A3EB0C03002B03DA2468E4E7002CE3D051
:1014C0006FF0DB0BD2F804A0ABEB0A0BA06816F0B0
:1014D00002FA63685B44181A814515D394F815C065
:1014E000537D9C4502D92468002CEFD10C4B9942C6
:1014F00011D180450FD89742C2E90300CCD10AF13F
:10150000DC0A5044F060C7E7C2F80C908542D4BFB3
:1015100015611061C0E70020BFE700BF441900203B
:1015200080969800114B70B59D682E692C681CB987
:101530006A6864B9B01870BD627D6B7D9A42F7D954
:10154000204616F01DFA0028F2D12468EFE7A068C3
:1015500016F0C1F96FF0DB0361689B1A0B4429692F
:101560001B1A8B42D4BFD0185018E4E7441900204E
:10157000884270B505460E46144621D0164B1B69AD
:101580000BB35B68B3FBF2F302FB03F085420CD8AC
:10159000814215D2B0FBF5F5B0FBF5F0B04228BFA3
:1015A0003046B0FBF4F060430AE0B5FBF0F3DBB289
:1015B00000FB03F2954204D89642304628BF1046FD
:1015C00070BD0133F3E714F064FB731BB0FBF3F25F
:1015D00002FB13002844E1E744190020542310B50E
:1015E00004680A490D20B4FBF3F4FBF755FA002315
:1015F000A2B251211846FBF7F5F9044618B9FBF7DA
:101600003BF8204610BD1924FBE700BF31CB00009A
:10161000014B1878704700BF38290020437E0F4ADD
:101620001B01DBB282F81F3382F8203382F82233A9
:1016300082F8213382F8233382F8243382F8253369
:1016400082F8263382F82A3382F82733037F23B9BE
:10165000037E1B01DBB282F8223C704700E100E010
:1016600037B5054602F0C4FC044698B92846FFF792
:10167000D5FFAB8A0DF10601ADF80430EB8A01A865
:10168000ADF8063016F084F90122034B1A7020469B
:1016900003B030BD0224FAE738290020902238B583
:1016A0000546164B00211C682D0202FB0044204613
:1016B00012F0EBFF124B45F001051B6804F1080026
:1016C000DB7800216375E58217F002FE4FF00823F6
:1016D000E3641323A4F850304FF60773A4F858308E
:1016E000FF23084A84F85A30074B2046C4E91B32CE
:1016F000C4E91F32BDE8384016F0DEBB2C1A0020CA
:101700009C1A002055555500D6BE898E034B1B6888
:10171000C01A034B00115843C0B270472C1A002066
:10172000398EE3382DE9F0411E46836904460F46A1
:1017300015468BB169B91EF04FFD05463946A06CC0
:1017400014F03EFB2046394616F048FB28461EF0B2
:101750003EFD0020BDE8F0810029FAD0B0F85030FD
:10176000DA0640F18380B4F85030DB0700F18A805C
:10177000204616F052FB0028ECD1B4F85030D906C0
:1017800000F18D80D4E90A12204600F0E7FA012E1C
:1017900011D040F27123B4F84C205A4390420AD938
:1017A000B4F84E205A4390427BD800F51C70B0FB31
:1017B000F3F0A4F84C003C4BE268A36122610023E3
:1017C000B4F8502084F8573012F0100F0CBF4FF4CB
:1017D0008C778C27236A84F8566023F48073236205
:1017E00007F2631755B140F27121B4F84E2043F46B
:1017F0008073C2EB05124A4323626262236A04F1DA
:10180000080843F400632362284B1B68DB78637588
:101810001EF0E2FC237D064643F0080340463946AD
:10182000237517F055FD0120FFF7CAFC28B9237D69
:101830005A075CBF43F002032375A1684046C1F319
:10184000C84141F0900102F06DFF25B1FBF726FF82
:10185000636A03446362204616F06AF830461EF05D
:10186000B6FC0121A06C14F0ABFA72E798077FF583
:101870007AAFE06A13F083FC00287FF474AF41F282
:101880000C0067E7E36B002B7FF472AF00F056FFAC
:10189000E06300287FF46CAF41F209005AE7044B83
:1018A0008AE741F2450055E7195F02009C1A0020C3
:1018B000E91D010070B500249026094D2B79A34243
:1018C00000DC70BD286806FB040090F85930FF2B3F
:1018D00004D000231A461946FFF724FF0134EDE730
:1018E0002C1A002038B50446002839D0083002F000
:1018F0006BFF0025FF2304F1280084F85930A5610F
:1019000013F0B1FB04F12C0013F0ADFB04F1300037
:1019100013F0A9FB04F1340013F0A5FB04F140001F
:1019200013F0A1FB104B1868104B201A00115843FC
:10193000C0B214F03EF90146284614F033F9E06BCA
:1019400010B100F04FFFE563606C18B114F0CCF9F2
:1019500000236364A06C14F03DFA0020A06438BD3D
:1019600041F24200FBE700BF2C1A0020398EE33819
:10197000F0B5104B02461E6893F804C035464FF090
:10198000FF3400239C4508DC91B1631C10D09023E8
:1019900003FB046080F85920F0BD95F85970284683
:1019A0009742F9D0FF2F08BF1C4690350133E9E775
:1019B0000020F1E72C1A0020014B9868704700BF07
:1019C0002C1A002070B500249026064D2B79A342D6
:1019D00001DC002070BD286806FB0400FFF782FFD1
:1019E0000134F3E72C1A002038B50A4DFFF7EAFF5F
:1019F000AB6813B100221A60DA8015F0A0F9002458
:101A00002B79A34200DC38BD2046FFF747FE0134A6
:101A1000F6E700BF2C1A0020F8B5054600249027F1
:101A2000074E3279E3B29A4201D80020F8BD3068FF
:101A3000297807FB030016F09FF90134F1E700BF96
:101A40002C1A002070B5344C0546A06818B1FAF77E
:101A500049FE0023A360E06818B1FAF743FE0023B3
:101A6000E360FFF7C1FF002014F0A7F855B9032089
:101A7000257125606583FAF7F9FF207914F09DF848
:101A800028B970BD022013F0B9FCA06088B9002508
:101A9000A06825712560002839D1E06818B1FAF7EF
:101AA00021FE0023E360002014F087F841F20700D4
:101AB000E7E7022013F0A2FCE0600028E7D0002650
:101AC0000320257126606683FAF7D0FFB542D4DD86
:101AD00005EBC501090133460122032089B2FAF75B
:101AE00081FF06460028D2D10320FAF7E1FF2060EB
:101AF0000028CCD0902231466A4312F0C6FD2379EB
:101B0000B342BADD3046FFF7C9FD0136F7E7FAF711
:101B1000E9FDA560C1E700BF2C1A00202DE9F041C6
:101B20000025354E8AB03379AB4203DC01200AB080
:101B3000BDE8F0819023346803FB054494F85930E4
:101B4000FF2B0DD0236A980306D504F140084046C8
:101B500013F00DFB074628B9226A12F4A02F1ED1FC
:101B60000135E0E7BB7908A90C333B44D8689A7A81
:101B70001B8AC2F38012ADF8243000238DF81F2099
:101B800008901A460DF11F0013F0F6FD38469DF837
:101B90001F2094F8591008AB15F046F8D7E7B4F8B1
:101BA000503003F01D031D2B16D13C23FF210020D4
:101BB000CDE90431CDE902000121CDE9000004F1B5
:101BC0006203C2F3800217F0B1FD0028AFD0236A90
:101BD00023F4A0232362C3E712F4803F08BF3C2113
:101BE0004FF0000218BF432194F8573094F8590081
:101BF00015F07AF9E9E700BF2C1A00202DE9F0432F
:101C000004468F798BB00C370DF10409CD190122F0
:101C10000E460DF10300494613F0C3FDE36B804609
:101C200003930023E363B4F85030E879C3F300135F
:101C30008DF825302989F75917F025FA204B0744EC
:101C40001B6805975B7905F11802637501230692FD
:101C50008DF8103005F10C03B8F1000F24D09DF879
:101C60000330CDF81C908DF820309DF8252094F895
:101C700059308DF821300123DAB98DF8223094F8EB
:101C800084308DF823306B7903A88DF8243000F070
:101C900017FE0121204616F0A1F83046FAF722FD82
:101CA00001200BB0BDE8F0830793AB7AC3F3801338
:101CB000D9E7AA7AC2F340128DF82220E1E700BFEB
:101CC0009C1A0020F7B5044613F037FFC0F30F232A
:101CD000542B3ED9AA2B34BF01230223C0B27E2845
:101CE0008CBF0222012203218DF804301344B3FB80
:101CF000F1F000EB40001B1A8DF805301344B3FBE4
:101D0000F1F202EB42029B1A8DF8063000231846CE
:101D10001D461A46104901AF4B7617F8016B44FA7D
:101D200006FC1CF0010F06D053009E4001233043F7
:101D30000132C0B2D2B20135EDB2032DEDD103B103
:101D400048764B7E43EA82134B76FF230B7603B033
:101D5000F0BD0023C2E700BF2C1A0020F7B50546EE
:101D60006B461646174A0C461068516803C395F82F
:101D7000583008336B4413F8087CB5F85030DA0655
:101D800009D4334622463946284614F027F800F590
:101D9000FA7003B0F0BD204613F0F1F9B5F85030F9
:101DA00000F10A049B074FEAC40405D0304613F043
:101DB000E6F904F50C740444E823781E584304FB48
:101DC0000700E4E700320300064B1B68D97ADA7893
:101DD000437D5B1A9342A8BFDAB20021427516F028
:101DE000BAB800BF9C1A00202DE9F04F03280C461A
:101DF00087B000F0668107D8012820D0022800F0C3
:101E00004E8107B0BDE8F08F312800F04F813228B5
:101E1000F7D1002305A80593FBF758FB0028F0D164
:101E200005998B790B449B7D03F00F03032B00F086
:101E30006381052BE5D12046FFF7E0FEE1E7B1F82D
:101E40005020B24BD0071D68C2F340034FEA830312
:101E500048BF43F008032B81510742BF2B8943F051
:101E600010032B81236ADA0642BF2A8942F020023E
:101E70002A815F0742BF2A8942F040022A819E06DA
:101E800042BF2A8942F080022A81580642BF2B892C
:101E900043F480732B812B89590701D41A0702D58B
:101EA00043F400732B81D4F8623004F16201AB611A
:101EB000B4F866302046AB83039116F01AF816F09A
:101EC000C1FF0022DFF84C82D8F80830DA80A06A1F
:101ED00013F055F90622D8F808608246B7790399BD
:101EE0000C37F35D06EB070903F04F03F355B4F825
:101EF00050305FFA80FB103B89F801200D2B31D860
:101F0000DFE803F0CA30C607300C303030303030F4
:101F1000300CF35D6FF30303F35523E00123F25D0F
:101F2000206A63F30302F2550C2210F0080F89F8BF
:101F3000012009F108020CD001924FF0FF32C0F3EA
:101F4000800000921A4613F022FCF35D43F08003F8
:101F5000E2E7D4F86230C9F808308B889380236AAE
:101F60005907F2D4B4F85020F35D204662F34513CC
:101F7000F35509F1020114F06EF9F35D60F3861375
:101F8000F355B37999F8012002331344F371B4F88F
:101F9000503003F01403142B05D0BBF1000F02D016
:101FA000524489F8012000235A46A16AD8F8080053
:101FB00013F022FBD8F8080016F049FF2B8928619E
:101FC0005A0738D54FF0000BD8F80C30A3F806B0FC
:101FD000E06A13F0D4F8D8F80C608146B77920464F
:101FE0000C37F35D06EB070A03F0400343F00403EC
:101FF000F35506230AF102018AF8013014F02BF997
:10200000F35D5FFA89F260F38613F355B1799AF8BC
:10201000013002311944F17109F10603E16A8AF8CD
:102020000130D8F80C005B4613F0E6FAD8F80C0043
:1020300016F00DFF686140F27121B4F84C30B4F82D
:102040004E2094F85800D21AE36803F59C530833E5
:1020500001FB02332361FFF735FE98F819302B732B
:1020600000236B7394F87430EB726368B4F97800F2
:102070002B60FBF789FE2120237D1B0742BF2B89A4
:1020800043F001032B8107B0BDE8F04F01F072BEB1
:10209000F35D62F303033FE70222F35DF9E7FFF725
:1020A000BDF984427FF4ADAE2220ECE70B7D23F036
:1020B00008030B75154B1B689B7B43B1012B7FF409
:1020C000A0AE204607B0BDE8F04FFFF77DBE104B35
:1020D000497D1A68D37A92780B449342D8BFDAB21A
:1020E000A3696275002B3FF48CAE0121204607B036
:1020F000BDE8F04F15F02FBF04F1400013F0A1F838
:102100004FF40031204615F01FFF7AE6E01A002058
:102110009C1A00202C1A002038B50446D0F8A400E0
:10212000D0B194F8305112F0D6FF81B20631284672
:1021300016F0A9FF83B240F271200849B4F87C2060
:10214000098C424341438A42B8BF0A4603F54870AE
:102150009042B8BF104638BD0346ECE7481A00204D
:1021600030B5174B826A1B68D206597926D5828F03
:102170001C79836B1203B2FBF3F2631AB2FBF3F226
:10218000B0F8A03003B1013BD0F8A45005B15B100A
:102190001B02B3FBF2F35B180CD090F899200F2AC6
:1021A00008D91209B3EB820FB8BF00234FEA8201AE
:1021B000A8BF5B1A9C42A8BF1C46E1B2417530BD66
:1021C0009C1A002010B50446FFF728F9A0420AD156
:1021D000054B1B6893F8203080F83430BDE8104080
:1021E000222001F0C7BD10BDE01A00202DE9F0410A
:1021F0001A4C06462368A3B92EB100254FF4A478E3
:10220000EFB2B74211DB0020BDE8F0812068013554
:1022100007FB030013F0BDFCA27BEBB29A42F5D89A
:10222000EAE700254FF4A477F6E72068013508FBBC
:10223000070013F0ACFC0028E2D000254FF4A47690
:1022400005E0206806FB050013F0A3FC0135EBB2A6
:10225000BB42F6D341F20700D6E700BF481A002080
:10226000084B9A7B82420AD94FF4A4721B6802FB86
:102270000030836A13F0040F08BF0020704700206D
:10228000704700BF481A0020084A09491368C31A5A
:10229000D810002B01FB00F005DB937B8342D8BFF5
:1022A0004FF0FF3070474FF0FF307047481A002062
:1022B000199C8FC170B504460E461DF08DFF054672
:1022C00004F1300252E8003F334342E80031002974
:1022D000F8D12046FFF7D8FF01230B4A03FA00F09C
:1022E00002F11C0353E8003F034302F11C0444E8DD
:1022F00000310029F4D14FF4807007F0B3FE284676
:10230000BDE870401DF063BF481A002070B5054657
:102310000C46C2B90126204615F0ADFEB5F84010B6
:10232000441C284617F045FD14FB06F40028A4B20F
:1023300007DD844205DB01280EBF044600F1FF30B3
:1023400084B2204670BD836ADE07E3D5C28F002ABF
:10235000E0D0D906DED5DA05DCD4D0F8A430002BE5
:10236000D8D10C4B1B6893F8213013F00C0FD1D14E
:1023700003F01202122ACDD15B06CBD5FFF784FF02
:1023800080B215F07AFE0028C4D1EE8F0136B6B2C5
:10239000C1E700BFE01A00202DE9F04789466A49ED
:1023A0000446CB8A63B9826812F4601F4FEAD243B5
:1023B00001BFC3F3C40303EB830302EB8302CA82AE
:1023C000B9F1000F02D1204615F094FEB4F8A050E8
:1023D000002D40F0A880A36A13F0100F0CBF3E231D
:1023E000082384F87B302046FFF7BAFEFFF74CFF46
:1023F00086B20746304615F048FE8246304615F054
:1024000042FE30B1304615F034FE0021304615F062
:1024100039FE236B580409D54FF4804104F1300094
:1024200015F0EAFD00212046FFF744FFFFB24A46BF
:1024300039462046B4F84080FFF768FFB4F84030D2
:10244000A4F880001844A4F840005DB1204603F0D1
:102450006BFA204613F09FFB2046B4F8401017F0AB
:102460005CFB0546304615F010FE504510D0A36ABF
:10247000D9070DD44A4639462046A4F84080FFF7D4
:1024800045FFB4F84030A4F880001844A4F8400098
:10249000B4F84030434502D2304615F0F2FD3046E4
:1024A00015F0E8FDB4F88030B4F8A02094F874106A
:1024B000D21AA4F8A02094F8732003FB012225214E
:1024C000B2FBF1F001FB102284F873206DB3A26A15
:1024D000D20712D5A26B2046534340F2712204F179
:1024E0004401534394F8422002F0D0F9606C85080F
:1024F0002046FFF711FE2844E06040F27125A16BF1
:1025000020460139694315F080FDA36BB4F88020A3
:1025100020465A436368012105FB02336360BDE82E
:10252000F04715F022BA01255DE72046082117F093
:1025300030FB20460221FFF7BDFE29462046BDE8BC
:10254000F04715F001BA00BF481A002008B501F0A5
:10255000CBFDFB22104B10F0020FDA7344F29022F5
:102560001A820CBF012203224107197B48BF42F0A7
:10257000040262F3030119731A7BC2F3030161F3CE
:1025800007121A73032204211A76002219755A823F
:10259000DA61DA8208BD00BF481A00202DE9F8434D
:1025A000564C0546A06818B1FAF79CF80023A360C2
:1025B000EEB2304613F073FF8046002839D1304622
:1025C00015F06CFDA8BBFFF711FE07460220FAF7D5
:1025D0004DFA002D59D005EB850105EBC101C9006D
:1025E00043460122022089B2FAF7FCF90746002887
:1025F00046D102204FF4A479A673FAF759FA394666
:1026000009FB05F2206012F040F82368681EF9B259
:10261000814209FB01F207F101072CDB002128466A
:1026200099506360FFF7E2FD50BB304615F01CFD8A
:1026300088B30025002013F032FF002015F02EFD96
:102640000020FFF7D3FD0220FAF710FA2846C4E96C
:102650000055A57315F008FD284603F091F82846AB
:1026600015F0FEFC284613F0A6FA0220FAF7FEF950
:102670004FF007083FE002F5A47119449950C6E7EE
:102680000023C4E90033A373D3E7C4E90055A5735D
:10269000002FCAD0CDE7304603F072F80028C8D129
:1026A000284613F088FA0028C3D1304615F0D8FC2C
:1026B0000028BED1304615F0EBFC06460028B8D104
:1026C000002D18DD022012F099FE0223A060C371D4
:1026D00083793146C3F102020C33D2B2184411F0AF
:1026E000D4FF0121A3689A7913441A7B61F3010294
:1026F0001A73FFF72BFF4046BDE8F883481A002005
:10270000014B987B704700BF481A002030B50A4B38
:102710004FF4A4751A689C7B002318462832D9B25E
:102720008C4200D830BD05FB03F1515801338906B6
:1027300044BF0130C0B2F2E7481A00202DE9F04151
:102740001DF04AFD254D06466C6824B91DF03FFD7D
:102750002046BDE8F0814FF4A47723683A46002173
:102760002046D4F81C806B6011F08FFF2023304688
:10277000A362C4F81C801DF02AFD0123237584F890
:102780003031A3F10113E367EB7BAA8984F842316E
:102790002B8A0021A4F84031072384F88930104B9C
:1027A000A4F84421C4F88C3003F1CE5303F59813F8
:1027B000C4F8903041F61B33A4F894301B2304F185
:1027C000080084F89630A4F88A7016F081FD20463F
:1027D000FFF75AFD80B215F049FCB9E7481A00200E
:1027E0004801480170B5044615F003FD04F10800E6
:1027F00001F0EAFF1DF0F0FC4FF4A4720546002141
:102800002046E66911F041FF064BE66153F8042FBC
:102810002AB928461C60BDE870401DF0D8BC13469C
:102820001268F5E7481A00202DE9F04106464FF4FA
:1028300080400F4601F0CAFB044630B90E4B1D68BC
:1028400093F80E807535A04502D80020BDE8F081D0
:1028500055F84D3C5A0709D5C3F34003BB4205D197
:1028600006222946304611F0E6FE18B1013405F57E
:10287000A475E8E70B20E9E7481A002010B50446E4
:1028800010B9084B198410BDA0F87C10A0F87E2068
:10289000FFF742FC2169E0602046BDE8104015F0DA
:1028A000B4BB00BF481A0020014BD873198270478F
:1028B000481A0020014BD87B704700BF481A0020FF
:1028C0002DE9F04FD0E9029590F9181087B0027DFC
:1028D0000291417E0192046807790369427D90F874
:1028E00016A090F81780002940F0FC80A8F10301A1
:1028F00001298CBF022603260393B5F808B084F89B
:102900009F202A4652F8101BBAF1000018BF012080
:10291000C4F8281104F14801FBF758FF204617F0CE
:1029200031F9204615F0BCFB13F058FD4146024634
:10293000204613F0CDFDC8220DF116012046ADF85A
:10294000162015F0A7FB43F6FF7104F5947013F001
:10295000A5F9AA88039BA4F82C21AA7984F82E2132
:102960001A68C4F875209B88A4F87930019B1BB1C4
:10297000A36A43F00203A362BAF1000F03D0A36A73
:1029800043F40073A3624FF4607001F01FFBC0F3C7
:10299000C01AC3054FEA8A1A48BF4AF0800A810567
:1029A00048BF4AF4807A1DF017FCA36A43F0040381
:1029B000A362E36A43EA0A03E3621DF008FC94F8A9
:1029C000343043F0100384F83430BB1E012B00F286
:1029D0008B80A36A43F48043A36201212046FFF762
:1029E00069FC0421204617F0D4F86B7D2046C3F320
:1029F000040384F874306A8907F0FD075200A2636B
:102A0000697B2A7B42EA0122E287E97BAA7B42EAD0
:102A10000122A2876A7D84F87330C2F3421284F8DF
:102A2000422000220523A4F840200122A4F8A0306F
:102A3000A4F88020029915F038FB01F04FFB20F438
:102A40000060C4E908012046FFF78AFB414BB3F858
:102A500016A0BAF1000F05D1002F40F2C71A18BF17
:102A60004FF4D77A2046FFF70FFC3B4B000240F0B3
:102A70000300E082C4F80490A361002F3AD12046FD
:102A8000FFF74AFBB8F1010FE06005D04146204650
:102A900084F8308115F050FC04F1080630465146A8
:102AA00016F016FC0120FEF78BFB28B9237D5A0790
:102AB0005CBF43F002032375A1683046C1F3C841EF
:102AC00041F0880101F02EFE40F271216B89204611
:102AD000013B594315F099FA204614F029FF07B03D
:102AE000BDE8F08F012607E7012F7FF476AF40F2B3
:102AF000014173E740F27127760006EB4B067E43F7
:102B000009EB06036360A36A04F1440943F001037F
:102B1000A36294F83430494643F00103204684F818
:102B2000343016F0AFFF33464946204694F8422031
:102B300001F0ACFEEB7901225B00494620467B4365
:102B400016F0A6FF636C20469E08FFF7E5FA3044B6
:102B500098E700BF481A00205930010010B4C46A39
:102B600014F0080F11D144F0080423F41053C46288
:102B700023F01003064C1B0414401B0CC0E908434F
:102B800040215DF8044BFFF795BB5DF8044B70479F
:102B90002FCF87F700232DE9F3474E790546B2077B
:102BA00058BF06F00106084648BF0326ADF80430BA
:102BB00058BF01360C4612F0EFFF074607F01F031F
:102BC000002BEB6A15BF4FF001084FF000084FF0E3
:102BD00003094FF002099B050CD59DF804302146EE
:102BE00066F3010368F345138DF804302846019A13
:102BF00016F03DFB204612F0C2FA824649462046B6
:102C000012F078FA9DF80430A27966F3010368F3B4
:102C100045138DF804308DF805A0BDF804300C3252
:102C2000A3529DF80430A1189806637948BF8F70AD
:102C300043F0010363711DF0CFFA2146074605F109
:102C4000A40012F0FEFA95F84631013385F84631BA
:102C5000AB6ADA070ED52846FFF716FB80B215F0EF
:102C600006FA30B34388B5F880209A4202D9284644
:102C700015F009FDFEF7D2FB854214D10E4B20461C
:102C80001E6816F0E4F82C360146304615F07AFF3F
:102C9000AB6ADB0707D4304615F06FFF022802D875
:102CA000232001F067F8384602B0BDE8F0471DF078
:102CB0008EBA0123D7E700BFE01A00202DE9F04FBC
:102CC00085B004460191084661B34B799A071AD43E
:102CD00012F055FA019A60B9537901A8DB0742BF97
:102CE000A36A43F40063A36212F0BDF905B0BDE826
:102CF000F08FA36A1F0506D523F40063A3625379FE
:102D000043F001035371019E1DF066FA7379314659
:102D10009E0705461ED504F1AC0012F0A1FA284624
:102D20001DF055FADFF890911DF056FAA36A074698
:102D30005D0614D5D4F8AC3043B19A7913441B7BAB
:102D40003A2B03D829FA03F3D80711D438461DF0DB
:102D50003EFACBE704F1A80012F073FADFE794F92A
:102D60004631022BF2DCD4E92A2372B9002BEDD0D4
:102D700004F1AC0012F095F9054638461DF027FA2B
:102D800029462046FFF706FFCEE7002BF0D194F846
:102D90009680039304F1A80BD4F8A86096F807A0D6
:102DA000B379AAEB030A5FFA8AFAC24527DC5846D0
:102DB00012F0DDF90546A8EB0A086B7929466FF396
:102DC000C3036B7103A812F03CFAD4F8A8302BB1FE
:102DD0005B79990702D1B8F1000FDDD1039B002B7D
:102DE000B4D09B79022B40D8002012F007FB01469B
:102DF00070BB039904F1A80012F032FAA6E7002094
:102E000012F0FCFA054630B9039904F1A80012F05B
:102E100027FA03959AE78079B1790C300C31424654
:102E20003144284411F058FCEB7953FA88F3EB71E4
:102E3000B379727953FA88F3B3716B794FF0000864
:102E400062F300036B7173796FF300037371B4E77E
:102E5000039B4A79587960F300024A715A7903A8B2
:102E60006FF300025A7112F0F6F9E36A9A0512D56F
:102E70000398034600680028FBD1DB79C3F14503C2
:102E8000DBB2032B07D812F0B9FA01460028B0D004
:102E900003A812F0D6F9D4F8A83013B15B79DB0798
:102EA00004D5039A537943F00803537138461DF053
:102EB0008EF9039965E700BF7C2C020000232DE901
:102EC000F041174D05F11C0252E8006F42E8003452
:102ED000002CF7D14FF001086EB9F4B105F11C03D5
:102EE00053E8003F234305F11C0242E8003000286C
:102EF000F4D1BDE8F08196FAA6F0B0FA80F008FAB5
:102F000000F726EA0706FFF7ABF90028E4D015F032
:102F1000F5FB0028E0D13C43DEE70120E9E700BFF4
:102F2000481A00202DE9F74F04460190002860D090
:102F3000C5794FF000080C3505441DF04DF94646A3
:102F400000904FF4A47A40462B4FBA7B5FFA88F981
:102F50004A4517D90AFB09FB3A685A44916A4B075C
:102F600044D5B2F89820C2F30B02002A3ED0E27991
:102F7000C2F14502D2B2032A15D8022012F03EFA5D
:102F8000044640B9002300987B821DF020F93046AA
:102F900003B0BDE8F08F014601A812F052F90020FD
:102FA000E5790C35254404220123002112FB00336E
:102FB00005F82090E9543B6802FB005C5B44B3F8E1
:102FC000983001368CF80230032312FB0032A954EA
:102FD0003B6801305B44B3F89820C0B261F30B0248
:102FE000A3F89820E379F6B20433E37108F10108FD
:102FF000ABE70646CBE700BF481A0020F7B56846A6
:10300000FBF7D8FB00254FF4A477124EB37BAB42FD
:1030100001DC03B0F0BD346807FB0544A36A03F08C
:103020000503042B13D10522694604F1490011F070
:1030300002FB60B10121204616F063FF38B9012080
:1030400012F0DCF9014610B1204602F07DF801359E
:10305000DCE700BF481A00202DE9F04F31280C466C
:1030600085B000F093810AD8022800F0E38003289D
:1030700000F0E680012847D005B0BDE8F08F322887
:1030800000F0EE803328F7D101F1A40012F009F826
:1030900094F846310390013B84F84631437903F0BC
:1030A0000A03082B20D1B4F8983004205A1C62F38C
:1030B0000B03A4F8983000F089FFA8B12046FFF771
:1030C000E3F880B214F0D3FF002800F05781418864
:1030D000AB4A937C0B44DBB29374127D9A4203D8C3
:1030E0004FF0806006F0BEFF03A811F0BCFFD4F8DB
:1030F000A8301BB9D4F8AC30002BBDD04FF48051B0
:103100002046FFF7D7F8B7E791F8993008466FF3F4
:10311000071381F8993014F094FF84F831012046A8
:1031200013F02CFAB4F93401FAF72EFE954B204631
:103130001D68FFF7A9F885F8250094F8343085F864
:103140002030002385F8213085F82330E26A94F896
:10315000933002F4C062B2F5C06F03D10433FF2B89
:1031600028BFFF2385F8243063684FF400306B607C
:10317000A36ADB0742BF636C9B08AB6000F026FFCD
:1031800000284CD0FEF7CEF9D4F82831E8602B6146
:1031900094F831317A4E6B76D4F82C3105F12C0746
:1031A0006B6194F830312B76637D85F8223015F011
:1031B00049FE384615F0DEFCB06815F048FE0023E5
:1031C000A8620393D4F8A40003A915F066FF48BBD6
:1031D000212000F0CFFDD4F8A83013B9D4F8AC30DA
:1031E00023B14FF480512046FFF764F8042000F02B
:1031F000EDFE00283FF440AFB37C002B3FF43CAF22
:10320000F37C327E0133DBB29A42F3743FF634AF83
:103210004FF0806005B0BDE8F04F06F023BFFDF72A
:10322000B7FFB1E7039815F012FE0146384615F0D6
:10323000A9FCC7E7084605B0BDE8F04FFEF7C2BFDE
:1032400091F89930C3F30312013262F3071381F846
:1032500099300021204605B0BDE8F04FFFF79CB83B
:10326000002603A80396FAF731F92046FFF70CF879
:10327000C0B212F098FC05462046FFF705F8039B04
:1032800029460193B4F8403082B2009302203346BD
:1032900012F085FC03998B7903F10C050D44AA7A91
:1032A0000A3312F0200F14BF0322022213448B7141
:1032B000E36A5F050FD5AB7AEA7A204643EA022239
:1032C00015F0EEFF38B903A811F0CDFE3D212046E0
:1032D00015F0F2FBD0E6A36A95F80AB01E06039932
:1032E0000BF00302C3F3C01012D5032A8B79EAD185
:1032F0000B441A7B3A2AE6D8234BD340D807E2D5B1
:103300004B79204643F002034B7101F03DFCB3E6DC
:10331000032AF5D04B790BF0030B60F341034B719B
:10332000084695F8069095F905A011F028FF039E30
:103330000746B5792046063DEDB2B571FEF7A4FF0C
:103340000C35C0F3032306EB050843EA0B1388F89A
:1033500003303346FFB288F80200A8F8047006F87C
:1033600005A088F801905A796FF341025A711B68E1
:10337000002BF8D1304613F090FC7DE60121A7E642
:10338000481A0020E01A00207C2C0200344B8E8F5B
:103390001D68360195F8203081F834308B6BE08F52
:1033A000B6FBF3F6B1F8A010B3B21B1A994295F828
:1033B00021204CDCD1064CBF0021022194F83101C0
:1033C00013F006F895F82130DB071BD5A36ADF0759
:1033D00006D52B682046636004F1440116F052FBC9
:1033E00095F82130D80602D4A36AD90606D4A4F8E9
:1033F000A060204695F9271014F057FEA36A43F009
:103400001003A36295F82020E36A92064CBF43F0B4
:10341000010323F00103E36295F821309B0606D5F2
:103420002046FEF731FF012180B214F02BFE95F803
:103430002130204603F01203122B0ED114F05BFE54
:1034400095F82610204614F054FE012102E7920759
:10345000B8D5032194F83101B2E714F04BFEEFE741
:10346000E01A0020012838BF0120012938BF0121BE
:10347000014B187519767047481A0020F0B587B0CF
:103480001D4604460E9FFFF7F9F940F2E242BDF8EF
:10349000301002FB05F05143FEF76AF81A4B386012
:1034A000DE8A40F28A23002E08BF1E46FAF7F6F89D
:1034B0003B68019000EB4302CDE90223E368054637
:1034C00001A8CDE9043612F05FFB9DF8043053B932
:1034D00012F033FB4FF4FA63B0FBF3F202FB13007C
:1034E00015FA80F002900299E36861603A68E06939
:1034F00012F050FB6168E069FDF76CFE62680D9B9D
:103500001A6007B0F0BD00BF481A00200138C0B2F1
:1035100003289ABF014B185C002070470B32030050
:10352000431E012B05D9022902D8024B585C704773
:103530000020704708320300431E042B054A07D8B9
:10354000052808BF03200621431E01FB0320704706
:103550001046704734320300014B53F82000704787
:103560001032030010B560B10022074CD3B2013312
:1035700054F823101346814202F10102F6D2D8B268
:1035800010BD0120FCE700BF10320300024BDB69D5
:1035900093F87F00704700BFC80A0020024BDB6928
:1035A00083F87F00704700BFC80A002070B5164638
:1035B000028B04468A420D461DD2438B23B90EB1BD
:1035C000D5B23570206970BD0C4B0169184611F0F9
:1035D00083F80346208B61692D1A1844638B9D4242
:1035E000A8BF1D46EAB211F077F816B1238B1D442F
:1035F0003570024870BD002EE3D1E3E73929002081
:10360000034B5B6A13F0060F0CBFE220F1207047FA
:103610008018002008B5FDF701FF054B834206D155
:10362000F9F7AAFFBDE80840002000F019BB08BD6B
:103630008018002070B51E4C1E4800F011FB94F855
:10364000603094F861200021C82012F0C2FE0146CB
:1036500004F1580012F022FB04F1580015F08FFC21
:1036600000221146104612F0ADFA66686664FAF759
:1036700015F80246FFF7C4FFB61AB6F5FA6F05460D
:103680000BDCFDF785FD627DA0F5E171284615F0A4
:10369000DBFCBDE87040F9F74DBF6668FDF778FDCB
:1036A0003146A0F5E172637D284615F093FCF0E702
:1036B00080180020253A010010B5F9F75DFFFDF7ED
:1036C0006DFD40F2EE2398420FDDFFF799FF0446AF
:1036D000FDF75EFD084BA0F5E1715A7D204615F01F
:1036E000B3FCBDE81040F9F725BFFCF757F8BDE87B
:1036F0001040002014F027B880180020F7B5104CB7
:10370000064694F851500F462DB10020013D84F833
:10371000515003B0F0BD0B4B02201B685978F9F7EC
:10372000F3FC94F84C303A46CDE90053314603237C
:10373000206B14F039F8206B00F0F0FD0120E8E771
:10374000801800209C1A0020094A02F1240353E843
:10375000003F43F0080302F1240040E80031002953
:10376000F3D1044B01201B685978F9F7E3BC00BF83
:10377000801800209C1A002070B50A4C636A5B0711
:103780000DD58B790C33CD1850B9E879CE582989ED
:1037900015F079FC0644A6636B7984F8503070BD4F
:1037A0000120F3E7801800202DE9F04F16468DB078
:1037B000021E069108BF00211F46964B0592DD6A46
:1037C0005B6AAC7938460C342A5DC3F3801B61F325
:1037D00045122A55314603F04002039211F0DDFFF5
:1037E00005EB04080790285D08F108094946C0095F
:1037F00011F0D3FF039B8246002B44D1002844D113
:1038000011F0C9FF80F00103DBB25A463146384659
:1038100003F0010315F05FFC0490002800F08A809B
:10382000039B002B33D1BAF1000F75D1079B002BFE
:1038300072D011F09FFF00286ED001220AA90DF16D
:10384000270011F0AEFF002874D09DF827302A5DC4
:10385000591E4B424B41B3EBD21F6BD10622484657
:103860000AA910F0E8FE002864D13368C8F80830CF
:10387000B388A9F804302B5D67F3C7132B554FF0BD
:10388000000AD34619E00123BFE7039BBDE7614B64
:103890005B6A13F4007A1CD115F804B0CBF3801BDB
:1038A000504611F083FF3368C8F80830B388A9F890
:1038B00004302B5D67F3C7132B55059B554E002B2A
:1038C0003ED196F8B530002B3AD0013B86F8B530A2
:1038D00030E011F04CFF002806DA15F804B04FF084
:1038E000000ACBF3801BDBE700221146104611F0E3
:1038F00050FF15F804B08246CBF3801B0028CFD0D0
:10390000002302211A4608EB010013F025FF2B5D6E
:1039100060F386132B55C3E77A1E57422B5D574140
:10392000B7EBD31F06D106223146484610F083FE7E
:103930000028A4D00023049304980DB0BDE8F08FB4
:10394000F9F7ACFEF36A00F196019A7908F10E00DE
:1039500013441A6B059B00939DF8583015F04BF9F2
:103960002D4B059A07461B68A2B959780220F9F732
:10397000CBFBF06A00F0D2FCF36A9A7913441F6320
:10398000FDF74CFD254B8361069BBBB9736A23F49D
:10399000806316E0D9790020F9F7B6FBF06A00F0F1
:1039A000BDFCF36A1E489A7913441F6300F058F96E
:1039B000069BC3B9736A23F4806317E0736A43F408
:1039C00080637362039B9BB1BAF1000FB4D00023F4
:1039D00059461A4608F1020013F0BEFE2B5D60F353
:1039E00086132B55A8E7736A43F480637362EBE791
:1039F0002B5D0022C3F3C01349460AA88DF8283076
:103A000011F0CFFE2B5D9DF8282062F3C7132B55D4
:103A1000DAE700BF801800209C1A0020750F010013
:103A2000F93B01002DE9F04F532885B018D005D897
:103A3000512800F0D28005B0BDE8F08FA0F1550309
:103A4000012BF8D8553818BF01200121FCF736F8B2
:103A5000FBF7A4FE002005B0BDE8F04F13F073BEE5
:103A6000002503A84FF0FF310395F9F753FF0398A2
:103A70005F4E58B1FCF712F90828804603D85D4B19
:103A80001F5C380709D403A811F0EDFA736A13F02C
:103A9000060F20D0FFF710FE1DE0B8F1070F21D16F
:103AA000726A12F48012EED130460399FCF77CFE64
:103AB0000028EBD0FCF736FD68B1FBF76FFE40F253
:103AC0007122B6F84A305343F26B9A4203D2012175
:103AD0000846FBF74FFF0121084605B0BDE8F04F4F
:103AE000FBF7ECBF039CFDF759FB736A814613F0AB
:103AF000040343D017F0020340D0A0F56E73002BEF
:103B00000DDD0120A2790C322244917A0090C1F39C
:103B100080130C32C1F34011FFF746FE05462046E4
:103B2000F9F728FF21460120FFF726FE736AD9071F
:103B30002ED503F0800A94F806B011F02CFE0BF19C
:103B40000C0BA34480F001039BF80A00BAF10002B9
:103B500018BF0122DBB20BF10C01C0F3801015F08D
:103B6000BAFA68B155BB736A20469A073AD5FB0783
:103B700012D47B0739D5FBF7F5FF87E71D46CEE763
:103B8000BAF1000F04D1514611F00DFE0028E9D022
:103B90002046F8F7A7FD1CE013F0F6FE70B1A9F27D
:103BA0001659B9F1000F09DDA0790C302044817A53
:103BB0000C30C1F38011FFF7A1FD0546B8F1040FE9
:103BC00002D1736A9907E3D57A07E1D52046FBF75E
:103BD000C9FF002D7FF47FAF58E705B0BDE8F04F77
:103BE000FFF7B2BDB8F1040FC3D1F8F77BFD4DE785
:103BF0008018002087320300512808B50BD10848EF
:103C000000F02EF80122074B104693F95010BDE842
:103C10000840FCF723BABDE80840FFF703BF00BF28
:103C2000253A0100801800200022024BC3E900223F
:103C3000704700BF901A002010B5074C24220021C5
:103C4000204610F022FD06232384044BE36100F09C
:103C50003BFB9430206010BD6C1A0020198E0200CE
:103C600010B504461CF0AFFA0022044B5C60044B14
:103C7000BDE81040DA611CF0A1BA00BF901A002024
:103C80006C1A0020024B03EB80035960704700BFA1
:103C90006C1A0020034B03EB80035868003818BFF0
:103CA000012070476C1A002010B504461CF08BFAF6
:103CB0000022044BDC61044BBDE810405A601CF04C
:103CC0007DBA00BF6C1A0020901A002070B5C6B2F1
:103CD000212E0446144D10D1F9F744FA230CC4F3F5
:103CE000074405EB84042B846368EB61EB69CBB17B
:103CF00030462968BDE870401847222EF6D11CF0E6
:103D00006BFAEB69044633B10020FFF7CDFFFF23C8
:103D10002B84F9F7B5FC00F021FA2046BDE870408D
:103D20001CF055BA70BD00BF6C1A002038B5104B9E
:103D300004461A7812B100221A7038BDC5B2FDF7D8
:103D40006DFB68B1C38AB3EB144F0BD1312D02D197
:103D5000012011F0C0FF2846BDE83840FDF754BBF4
:103D6000FF23F0E72846BDE8384015F038B800BF1B
:103D7000901A002038B5A0F121030E2B04461AD862
:103D8000FDF74CFBA8B3C08AFF2832D0212C4FEAA4
:103D9000004508D1002011F09EFF45F02100BDE84C
:103DA000384000F057BA222C44EA0500F7D1BDE8AC
:103DB000384015F027B8A0F131031E2B0ED8114B57
:103DC000188C44EA004000F059FA312C11D100203F
:103DD000FFF76AFFBDE8384011F00BBFA0F11103F7
:103DE0000E2B06D8132C40F4C02003D006D9142C77
:103DF000D5D038BD0122044B1A70D0E7BDE8384059
:103E000000F03CBA6C1A0020901A00200B4A10B542
:103E1000D36904461BB11168BDE810401847084B30
:103E20005B6813B1BDE810401847FDF7F7FA01468B
:103E300018B183690BB12046EEE710BD6C1A002063
:103E4000901A0020024B186908B106F00BB97047B0
:103E5000E80A00200C4B73B51C6804B10C34002533
:103E60000A4B68461E68356000F032FA009B204617
:103E70007360F9F727F9284614F02FFF024802B0C3
:103E8000BDE8704011F0EFB8981A0020E01A002049
:103E9000002310B5424A02F1100151E8001F02F15F
:103EA000100C4CE80034002CF5D140EA0104A002CB
:103EB00001D5FDF7E7F9210101D5F9F7A3FBE203ED
:103EC00001D500F081F9002C01DAFBF763F86300FB
:103ED00001D5FBF791FFE00007D5FDF71FFE20B9E4
:103EE0004FF080512F4814F050FF610107D514F0B6
:103EF0008EFD20B94FF080612A4814F046FFA201E0
:103F000005D512F064FAFFF779F811F05DFFE301CF
:103F100008D512F0F8FD072804D14FF08071214830
:103F200014F033FF600201D5FAF752F8210201D5EF
:103F300011F037FEE20207D514F094F820B94FF4DF
:103F40008011184814F021FFA30507D500F0B2FD39
:103F500020B94FF40071134814F017FFE00507D59E
:103F6000FEF7ACFF20B94FF480710E4814F00DFF3E
:103F7000610503D511F0BAFE11F0B9FE220501D595
:103F800013F049F8A30309D511F0B5FE30B9BDE827
:103F900010404FF40031034814F0F7BE10BD00BFCD
:103FA000E80A0020F80A00200146014814F0EDBE9E
:103FB000E80A0020C043044A52E8003F034042E8B8
:103FC00000310029F8D17047E80A0020014B1B6836
:103FD00018407047E80A002010B5044BD3E90642A8
:103FE00004430A43C3E9064210BD00BFE80A0020AB
:103FF00038B50546354CFDF7DBF800212022204678
:1040000010F043FB4CF20C000021FFF7E5FFC5B1B7
:10401000AB684FF6FF720020698B2360FEF72EFC21
:10402000022011F0EBF92A4B186000284BD02B46E8
:104030000C3005F1200253F8041B934240F8041B96
:10404000F9D1244B2448A36000232373F8F780FBA5
:1040500000F044FB2846F9F7B7FB044670BBF8F7BD
:10406000FFFF20B14FF480700021FFF7B5FFF8F794
:10407000FDFF20B14FF400600021FFF7ADFF2DB12F
:10408000B5F91210B5F91000F9F712FF12F0AAF9FC
:1040900000F0F6FA01F022FB044678B9FAF762FF65
:1040A00000F040F800F000F9FFF7BEFD00F074F8F2
:1040B00030B900F077F8044614F0C4FE204638BD4D
:1040C000FFF7C8FEF8E70124F8E700BFE80A002080
:1040D000981A0020453E0100EC0A0020014BD3E96C
:1040E00006017047E80A0020054B9B69DA054CBFC2
:1040F000032001201B0548BF40F00400704700BFAB
:10410000E80A0020014B1860704700BF9C1A00208D
:104110002022034BC3E900229A6000221A767047DE
:10412000C41A002038B50025094C0A4B1C22294628
:104130002046C3E9005510F0A8FAFFF7E9FF302345
:104140000122C4E903336361034B65761A7038BDFD
:10415000C41A0020A01A00207A2F002008B51CF0F5
:104160003BF8FFF7D5FF3023084A0949D3601361B4
:104170005361CB600B614B610023537601224B7678
:10418000044B1A70BDE808401CF021B8A81A0020A2
:10419000C41A00207A2F0020014B1878704700BF06
:1041A0007C29002010B5044C23781BB914F02CFE98
:1041B00001232370002010BD7C290020014B1868CA
:1041C000704700BFA01A00202DE9F0411CF004F850
:1041D0001C4F80463B7843B94FF4803005F042FFD6
:1041E0004046BDE8F0411BF0F2BF174E174C354674
:1041F0000FCD0FC495E80700002584E80700FFF7FE
:1042000087FF30234046C6E90333736175763D70FE
:104210001BF0DDFF0E4E103CE068302804D07368C0
:10422000C6E90030FFF782FD54F8040B202801D0C6
:10423000FFF74CFD0135EDB2032DEDD101233B70AD
:10424000BDE8F0817A2F0020C41A0020A81A0020AF
:10425000A01A002010B504461BF0BEFF064A137ECC
:1042600042F82340013313761BF0B1FFBDE8104044
:104270004FF4803005F0F6BEC41A002010B5044695
:104280001BF0AAFF074A537E02EB83010133CC6087
:1042900053761BF09CFFBDE810404FF4803005F0D2
:1042A000E1BE00BFC41A0020F4220021014810F032
:1042B000ECB900BFE41A0020014B024A1A607047B3
:1042C000E01A0020781B002000487047E41A002004
:1042D000024A02604FF4007242607047D81B00200F
:1042E000014B186E80B2704700C001B80A4BD86805
:1042F00000F07060B0F1106F0CD008D8B0F1E06F32
:1043000008D0B0F1006F14BF002001207047B0F159
:10431000406FF8E701207047000002B838B5044646
:1043200080790C4D0C30204411F04EFC0123A17912
:10433000E279521A0C3121442869D2B219F083FE75
:10434000246804B938BDA179E2790023521A0C31EE
:10435000F1E700BFC80A00202DE9F0410546807949
:104360000C460C30284416461F4611F02DFCA97946
:10437000EA79DFF85C80521A0C310123D8F810007A
:10438000D2B2294419F05FFE44B1E379A2799B1AB5
:10439000DBB2B34204D30CB1002F04DCBDE8F081E2
:1043A0002468F61AF0E7A179E57900236D1AEDB2D9
:1043B000AD1BBD42A8BF3D460C3131442144D8F865
:1043C0001000AAB219F03FFE002624687F1BE2E726
:1043D000C80A00202DE9F04F87B0074692469B4659
:1043E000ADF80C1010F0CBFEB0F1000945DD1BF06C
:1043F000F3FE0290002F43D03C464FF00008294EB8
:10440000A279E57902F10C01AD1AEDB2214406EB77
:1044100008002A4610F060F92468A844002CEFD167
:104420009DF80C1020484A4601F023010DF11409B3
:1044300000915B46C0F808A01A49CDF804901CF022
:10444000B4F8BA469AF806309AF8075003F10C000F
:10445000ED1AEDB2311950442A4610F03DF9DAF860
:1044600000A02C44BAF1000FECD102981BF0AFFE73
:1044700004224946384611F023F907B0BDE8F08F11
:104480009DF80C1008484A4601F023010DF114096B
:1044900000915B46C0F808A00249CDF804901CF0DA
:1044A00084F8E2E7D81D0020742B00202DE9F047A6
:1044B00084B0904699460390ADF8081010F05FFE66
:1044C000071F002F25DD039D002D40D04FF0000A6F
:1044D000204EAB79EC7903F10C01E41AE4B22944E3
:1044E00006EB0A00224610F0F7F82D68A244002DD2
:1044F000EFD11948F119C0F8088001919DF8081012
:104500004B4601F0230100913A4612491CF041F854
:1045100018B1002004B0BDE8F087039D7DB10746C7
:10452000AB79EC7903F10C00E41AE4B2F1192844F8
:10453000224610F0D1F82D682744002DF0D103A8B1
:10454000042110F0BEFE012004B0BDE8F087014E4A
:10455000CFE700BFD81D0020742B002030B51446D3
:104560000D460246064883B00195802183602346AC
:1045700000941CF026F8B0FA80F0400903B030BD7A
:10458000742B00200023F0B50E46D1688BB009BA19
:104590000291C17890F800C061F3070381781A4D49
:1045A00061F30F23417802AF61F317436CF31F638C
:1045B0000993936851681BBA0393836809BA1BBABD
:1045C0000793136842681BBA0593C36812BA1BBAF3
:1045D00006AC0491AF6008920693234680222946D8
:1045E000012000941BF0F0FF0028F6D1DDE908104F
:1045F000DDE9063200BA09BA12BA1BBA306071603E
:10460000B260F3600BB0F0BD742B00202DE9F84FC1
:10461000DFF868908246D9F800B088461746BBF1AB
:10462000000F28D0002699F80450B54207D13D70FC
:1046300099F80400A84214BF0120022017E0741961
:104640006110C1EBC10159448879C4F3470400F0FB
:104650000100B8EB000003D1062250460FF0EBFF3B
:10466000002806DB02D0661CF6B2DEE73C70BDE82F
:10467000F88F2546D9E70320F9E700BFE81E0020A0
:104680000022014B1A717047E81E0020F8B505465C
:104690001BF0A2FD104C85F3070563790646AB427B
:1046A00005D1002430461BF092FD2046F8BD0027BE
:1046B00020686571277110B111F049F8276063799E
:1046C000002BEED0C5EBC500F8F732FA20600028C9
:1046D000E7D160710724E5E7E81E0020104B1A7847
:1046E00042F0F0021A701A7C42F0F0021A7493F849
:1046F000202042F0F00283F8202093F8302042F08E
:10470000F00283F8302093F8402042F0F00283F862
:10471000402093F8502042F0F00283F85020704778
:10472000F01E00200368054A23F07F6323F4002372
:1047300002EAC14213430360704700BF0000F80F54
:10474000F8B54488054604F00704072C1C4E28D110
:104750001BF042FD00221101735C06EB02171B09DE
:104760000F2B0AD00132062AF5D1164A13880133DD
:1047700013801BF02CFD1920F8BD2B6894B27B80B0
:10478000112373541BF023FDF8F788FF06EB041385
:10479000D8602B68002023F4E02343EA04432B6015
:1047A000EAE72301F15CC1F30312013202F00F02C8
:1047B000052A28BF002262F30711F154E4E700BF85
:1047C000F01E00207824002038B54488054604F007
:1047D0000704072C0FD01BF0FFFC074A2401135DD0
:1047E00043F0F00313552B6843F4E0232B60BDE83E
:1047F00038401BF0ECBC38BDF01E00202DE9F0471E
:104800004588074605F00705072D894637D01D4C1A
:104810004FEA051814F80860F8F740FF04EB051A92
:10482000DAF80C30360906EBC506C01A04EB46066A
:10483000708014F8083003F00F02042A9EBF013282
:1048400062F3030304F80830B9F1030F14D114F82C
:10485000081004EB0514A01C01F00F0115F07EFDFB
:1048600004461BF0B9FC3A68074B134023433B60F6
:10487000BDE8F0471BF0ABBC4FF6FF74F1E7BDE8B5
:10488000F08700BFF01E00200000FF7F2DE9F041FF
:104890001D4690460E460746FEF778FEFEF75CFE84
:1048A00004464046FEF758FE194B04449D4225D964
:1048B000184B9D4215D9184B013D93FBF4F3002B87
:1048C000B8BF03339A1005EBA305B5FBF2F3796883
:1048D0003268A1EB930102EB430279603260BDE8DC
:1048E000F0810E4B0E4AA3FB05535B0904FB03F357
:1048F00003F6C313A2FB0323DB0AE8E704FB05F37B
:10490000084A03F574338F33A2FB03231B0CDEE745
:104910004C6210001366660640420F001F85EB5183
:104920005917B7D183DE1B43034600F03F003F28F1
:1049300030B51FD090B11946002201321B2A4FEA30
:10494000510105D100212E480A460124584007E0B4
:1049500001F03F003F280DD00028EED130BD0121ED
:1049600004FA02F5054202F1010205D1202AF7D12D
:10497000022907D00020F1E7202A01F10101F7D038
:104980000229ECD1DAB2C3F30721914225D00021EC
:104990001C46084604F00305013D012D01F101010B
:1049A00098BF01301F294FEA54041ED11828E1DCBA
:1049B000052000219B0E03F00304013C012C98BF4D
:1049C000013101384FEA5303F5D10129C6DD8AB917
:1049D0000228D4BF00200120C0E7C3F30741914261
:1049E000D5D1B2EB136FD2D1C4E71029D2D10B28A5
:1049F000D0DDBFE7D30748BF01305208E7E700BF6B
:104A0000D6BE898E024B1A6802601860704700BFDC
:104A1000541F00200022024B1A6000F00DBA00BFA4
:104A2000541F00202DE9F843064613F07FFB04468F
:104A3000002835D045784DB91BF0CEFB2378637044
:104A40001B4B1B68257063601BF0C1FB4FF0010816
:104A5000677837B923781BB34FF4007005F002FB79
:104A60001EE097FAA7F5B5FA85F508FA05F55FFA9D
:104A700085F9636833B90E4B27EA050565701B6835
:104A80006360E5E79B681BB963681B686360F0E7D8
:104A9000494630469847012805D163681B68636022
:104AA0000120BDE8F8830228EED10020F9E700BF1D
:104AB000541F002070B500250D4EFDF721FEA842C1
:104AC00001D8012012E03068FDF7CAFB50B9346804
:104AD000FDF716FE0134B4FBF0F303FB104401357F
:104AE0003460EAE7FFF79EFF0028F0D170BD00BFF9
:104AF000501F002010B50446837903441B7B3A2BDA
:104B000096BF044AFF21D15C10F07DFAA0790C30E9
:104B1000204410BD4C320300F8B5174606460C463B
:104B20001D4613F0F8FA020713D50221304613F0A0
:104B30007EFF70B11121204615F043F82046FFF7A3
:104B4000D9FF4570877021463046BDE8F840FEF732
:104B5000B5B829200B49C5F12002A5F12003E94091
:104B600000FA02F220FA03F311431943CB07E1D410
:104B70000D21204615F025F82046FFF7BBFF4770B2
:104B8000E1E700BF000040842DE9F34105460C46F3
:104B9000019113F0BAFA030705D501A810F063FAE2
:104BA00002B0BDE8F081019FBE790C36BB5D3A2BA7
:104BB00018D8164A12F80380B8F1FF0F12D0384601
:104BC00010F0DDFA013840450CD1114B1E6896B942
:104BD00021462846A37923441A7B02B0BDE8F04160
:104BE00015F003B8019810F03EFA2846BA5D019915
:104BF00014F0FBFFD4E773680BB93668E7E721468A
:104C0000284698470028F8D0CAE700BF4C32030076
:104C1000541F002037B504460D46082113F077FADB
:104C20002946204613F0BCFA2146012015F084F8ED
:104C30002146002015F080F8012000232146034A78
:104C4000009015F00AF803B030BD00BF179B0200BA
:104C500037B5044615F0ECF90321204613F0A3FA0A
:104C60000025034621460120034A009514F0F5FF74
:104C7000284603B030BD00BF179F02002DE9F74F53
:104C800080460F4613F047FA10F4801651D10220E7
:104C900010F0B4FB054600284DD0BB7931460C33EB
:104CA0003B44B3F80490B3F806B0B3F808A014F08E
:104CB00088FF2846FFF71EFF02210446404613F0F6
:104CC00072FAA4F804906081A4F806B0A4F808A0D1
:104CD00010F033FF09F10109B0FBF9F303FB1900F0
:104CE000022360806370AB79BB71EA7903F10C0039
:104CF000FA71D21AD2B2291838440FF0EDFC4146AD
:104D0000012013F0F9F91022C760638941460120A0
:104D100000920A4A14F0A1FF4FF48031404613F08C
:104D2000FCF94046294614F04AFF304603B0BDE87E
:104D3000F08F2320FAE70720F8E700BF6DA00200FC
:104D40002DE9F34104460D460146012013F0D4F944
:104D500001210746284614F034FF2846FFF7CAFE13
:104D6000064600F101084046F9F724FDD6F8013067
:104D70000221C7F8123073792046BB7513F013FA7D
:104D800029460746F080204614F019FF20232146CB
:104D9000009301203B46034A14F05FFF002002B05D
:104DA000BDE8F081FD9F02007FB504460D4613F07B
:104DB000ACF9C2073BD5204613F0ADF9430715D532
:104DC000002320461A460DF10F0113F00EFC9DF84A
:104DD0000F30062B0AD82846F7F784FC012200235F
:104DE0002046FDF7BBFE002004B070BD0E21284612
:104DF00014F0E7FE2846FFF77DFE0646FFF76EF942
:104E0000C6F80510FFF76AF92946C6F801002046E2
:104E100014F0D5FE0321204613F0C5F90022034605
:104E2000009221460120034A14F017FFDBE7082116
:104E3000DDE700BF1B9F020010B5054C054A204668
:104E4000054915F059F82046BDE81040FFF7DABDD6
:104E5000581F0020EBA00200B94F01002DE9F041DE
:104E600091F806800F4686B008F10C0803910446BD
:104E700001EB08060146012013F03EF917F808304F
:104E80000546023B0F2B00F28E80DFE803F0088C12
:104E90008C8C8C638C6D8C8C2D5C8C8C8C4D1BF075
:104EA0009BF971780546204613F07AF908212046CF
:104EB00013F02DF92146012014F03EFF2146002079
:104EC00014F03AFF01230093002321461846374A85
:104ED00014F0C3FE03A810F0C6F828461BF077F9BB
:104EE000012006B0BDE8F081B38820467288717851
:104EF00013F066FB204613F00EF9830708D4204612
:104F0000039915F095F80121204614F042FEE7E7D9
:104F1000AA68274B9A4203D12146012014F0DCFEF7
:104F200003A810F0A0F8EEE7836843B103AA049247
:104F3000B27803218DF8142004AA2046984703A8CC
:104F400010F091F8CCE78368002BF8D003AA049204
:104F50007278EEE78368002BF1D00022059203AA55
:104F60000492042104AAE8E7039D21460120AE79BA
:104F700013F0C2F80F4B82689A4203D02846F7F725
:104F8000B1FBADE7AB19D3F80D202046D3F81130B3
:104F9000FDF7E4FD2846F7F7A5FB2146012014F0B4
:104FA0009BFE0221B0E700209BE700BF25A0020086
:104FB000179F02001B9F02002DE9F3410D46044696
:104FC00013F0A3F810F0010FAB7974D00C3315F87F
:104FD0000380EE18B8F1010F4AD0B8F1080F42D0A3
:104FE000B8F1000F5AD12046718914F024FEB3881D
:104FF00072889A4294BF07460027092B38BF0923BD
:105000007278013B9BB29A4219D8002A08BF002748
:105010002046FDF739F980B213F029F888B14388AA
:10502000B18800930846F388328914F04AFD50B9DC
:105030002846F7F757FB012002B0BDE8F08147464C
:10504000E6E70123ECE7002FF2D02146002013F021
:1050500053F81023C560009373891B4A2146002032
:1050600014F0FBFDE7E72946204614F079FFE2E75C
:105070002046F18814F0DFFD0746701C11F0C0F9DE
:105080000028D5D0002FD3D02146002013F034F8CB
:105090002023C5600093F3880C4ADFE729462046A9
:1050A00012F09CF90028C6D12946204602B0BDE87E
:1050B000F041FFF7D3BE2B441B7B0E2BD3D02946E8
:1050C000204612F07AF9EDE76DA00200B59F0200CC
:1050D00038B504460D4613F01EF842070FD420469B
:1050E00013F019F883070AD42046022113F015F8AB
:1050F00029462046BDE83840034A14F092BE2846AF
:10510000F7F7F0FA002038BD514C010038B50446DD
:105110000D4612F0FAFF00F0050004280CD12046DD
:1051200012F0F9FF10F4C02F06D129462046BDE841
:105130003840044A14F075BE2846F7F7D3FA0C201D
:1051400038BD00BF7D4C0100014A14F06ABE00BFAB
:10515000414D010070B505460C460146012012F094
:10516000CBFF0646284612F0D6FF010704D520469D
:10517000F7F7B8FA002070BD33685A05F7D428460F
:1051800012F0C3FFC30708D521462846FFF7A0FF4A
:1051900018B910F033F9044670B156E8003F43F4F3
:1051A000806346E80032002AF7D121462846BDE850
:1051B0007040024A14F035BE0720DCE7A94D01001B
:1051C00073B504460E4612F0A0FF00F00C00042850
:1051D0004FF0020031D110F011F9054678B3437950
:1051E000022143F00203437114F0EBFC2846FFF761
:1051F00081FC29464670204614F0E1FC1621204629
:1052000012F0CEFF0821204612F081FF2146012036
:1052100014F092FD2146002014F08EFD204614F07B
:1052200035FE0121204612F0BEFF03460120214633
:105230000090044A14F011FD002002B070BD072058
:10524000FBE700BF459F0200F0B589B00D4604465C
:1052500012F05BFF10F00100AB7900F0A1800C337D
:10526000EA18EB5C033B082B00F23381DFE813F014
:1052700009003101310182003101310131015C004D
:105280007C00D2F80100D2F8051003ABB2F8097027
:1052900003C302F1130301210B32204613F060FF18
:1052A0000421284614F08DFC2846FFF723FC06460F
:1052B0000C2105A800F026FA05AB03CB3346C6F84F
:1052C0000100C6F80510079A002143F8092F20466F
:1052D000721C13F045FF2146002012F00DFF03461B
:1052E00003AA478303CAC3F81200C3F81610204666
:1052F0000821FCF7DFFF8021204612F008FF20463E
:1053000013F04AFF2946204614F059FC0321204699
:1053100012F049FF0346002021466F4A009014F026
:105320009CFC012009B0F0BD0B21284614F049FC7B
:105330002846FFF7DFFB2946204614F040FC1AF010
:105340004BFF0546C021204612F0E1FE4FF480518C
:10535000204612F0E2FE28461AF039FF4FF4806131
:10536000204612F0DEFEDCE72846F7F7BBF94FF4E3
:105370000071F5E70621284614F023FC2846FFF7C4
:10538000B9FB204613F074F92946204614F017FCA7
:10539000204613F026FF2146002014F09DFCC0E7B4
:1053A0002B441B7B043B072BBCD801A252F823F0F3
:1053B000D1530100F553010057540100255301005A
:1053C0002553010025530100255301006D540100B0
:1053D0002046802112F09BFEAA7920460C322A44F6
:1053E00002F109030021013213F0BAFE2846F7F753
:1053F00079F996E74FF48060FEF7E8FDB0B1002739
:105400004FF40061204612F088FE2046CDE9057772
:10541000FCF73AFF0646204612F075FE3946034671
:10542000009505AAB0B214F06BFA7AE72146012084
:1054300012F062FE00F11201204613F0E7FE062191
:10544000284614F0BEFB2846FFF754FB29462046A9
:1054500014F0B5FB65E72846F7F744F9214601202B
:1054600014F06AFC204613F0BCFE5AE71AF0B4FEB2
:1054700006468021204612F04AFE4FF48051204615
:1054800012F04BFE30461AF0A2FE4FF4C0612046E7
:1054900012F047FE2946204614F091FB21460120D8
:1054A00012F02AFEC268054682B1937901210C33BD
:1054B0001A4402F1130320460B3213F051FE20462A
:1054C00013F06AFE2046E96814F079FB0023EB60D4
:1054D00027E7002026E700BF25A1020010B5074CF2
:1054E00007492046002214F007FD2046FFF78AFAFC
:1054F000BDE8104001200021FEF76EBD641F0020B2
:105500004952010038B50C468B7905460C331944D5
:10551000E35C142B03D0152B0FD0002038BD0131D4
:1055200014F07BFE15212846224614F0BEFE2146CB
:10553000284614F044FB0120F0E70146012012F058
:10554000DBFD0B4B82689A4203D02046F7F7CAF87E
:10555000F1E7A179284621440D3114F05EFE204682
:10556000F7F7C0F82946012014F0B6FBE3E700BFC7
:10557000FFA2020037B504460D460A46142114F076
:1055800094FE2946204614F01AFB0321204612F00F
:105590000AFE30220346009221460120024A14F0FE
:1055A0005CFB002003B030BDFFA2020010B5074C29
:1055B00007492046074A14F09FFC2046FFF722FACD
:1055C000BDE8104020200021FEF706BD701F00201E
:1055D0000555010003A3020073B51E46ADF8002077
:1055E0008DF80230009B044601A801930D46114638
:1055F00014F0FDFD9DF80630B34203D1BDF8043030
:105600008B4205D02846F7F76DF8122002B070BD26
:10561000204612F08FFE9DF80230827A9A4209D11C
:105620008288BDF800309A4204D12846F7F75AF82C
:105630000020EBE76946204613F067FA294620462A
:10564000014A14F0EEFBE1E7755501002DE9FF4139
:1056500007460E461446DFF838804346694638460A
:105660000A4AFEF77BFF0028F7D0102C254628BFFA
:10567000102530462A4669460FF02EF8641B2F4449
:105680002E44EAD104B0BDE8F08100BF8D2900208E
:105690007D29002030B589B020226946FFF7D6FF6A
:1056A0006A460C4D04AB144603CC9C4228606960EA
:1056B000224605F10805F6D1074C08AD1A4603CA83
:1056C000AA4220606160134604F10804F6D109B0D3
:1056D00030BD00BF7D2900208D29002010B588B085
:1056E000694620200CF0E6F9044630B96846FFF719
:1056F000D1FF0122024B83F82020204608B010BDC4
:105700007D29002070B5134B054693F820300C46D8
:105710008CB00BB9FFF7E2FF0023CDE90033CDE9F0
:10572000023354B91C22214605A804940EF0ADFFA3
:1057300004A8FFF7AFFF0CB070BD102C264628BFA1
:105740001026294632466846FFF780FF3544A41BE1
:10575000E7E700BF7D29002010B5FCF7D1FF062246
:105760000121064B0138DB6840B20333040600D543
:1057700010BD02FB00F401381955F7E77C1F00202B
:1057800038B5094D0446E86818B10FF0E0FF002372
:10579000EB602CB1062120460FF0D6FFE86008B17F
:1057A000002038BD1920FCE77C1F0020820800F093
:1057B000030030B5430003290FD8DFE801F0020FE2
:1057C0001A260120591C144C00FA01F1984041EAB4
:1057D0000003A15C21EA0303A35430BD01200E4C59
:1057E00000FA03F5A15C03442943984021EA000331
:1057F000F2E70120084C00FA03F5A15C21EA05015B
:105800000344984041EA0003E6E70120024C00FA15
:1058100003F5A15C2943F3E77C1F0020F0B5164C8B
:10582000054694E80700267C0127002485B001ABDB
:1058300003C31A80C4F3C403EA5C04F0070307FA45
:1058400003F31A42E0B210D103210134FFF7AEFF97
:10585000252CEFD10A22084901A80EF0ECFE48B130
:1058600005B0BDE8F040FFF777BF012E14BF00215F
:105870003146EAE705B0F0BD7C1F002008B5FCF713
:1058800003FD054B00B2DB6800EB400013F810008D
:10589000431E5842584108BD7C1F0020F8B50546FC
:1058A000FCF7F2FC144E03B2F26803EB43035F0013
:1058B00002EB4303DA78F2B19A88B5F880102846F3
:1058C0000A449A805B7803EB830303EB8303DC00D9
:1058D00012F0D8FC40F271234FF47A714343B3FBCA
:1058E000F1F3F2689BB23A449188A4B24B439C42D4
:1058F000BCBF0223D370F8BD7C1F002070B50546E5
:10590000FCF7C2FC074E04463146284600F050F82A
:1059100038B9F26823B203EB430302EB4303D870B8
:10592000988070BD7C1F002037B50446FFF7A6FFA6
:1059300018B3204612F0E9FBC3071ED5104D2B7C8F
:10594000012B05D16846F8F735FF6846FFF766FF7B
:105950002046FFF7A3FF2046FCF796FCEB6800B259
:1059600000EB400003EB4003DB78022B05D120461F
:1059700003B0BDE83040FFF7C1BF03B030BD00BF8A
:105980007C1F002013B5044614F019F903212046AA
:1059900012F009FC02220346009221460120034A2C
:1059A00014F05BF9002002B010BD00BFA1A50200F9
:1059B00070B5064600200D460FF020FD0446A8B144
:1059C000292114F0FEF82046FFF794F82B682146B1
:1059D000C0F801306B68064AC0F805302B89A0F882
:1059E00009303046BDE8704014F01BBA072070BD86
:1059F0008559010030B50446457887B02A46811C98
:105A000001A80EF069FE01A92078059517F0C6FDE2
:105A10000446034819F08FF9848007B030BD00BFF9
:105A20002002090210B5D0F80110007817F0CAFD65
:105A30000446024819F07FF9848010BD2002090352
:105A400030B585B00DF10E030093B0F80330B0F817
:105A50000110421D007817F0C1FD04460448BDF84E
:105A60000E5019F068F98480C58005B030BD00BFC4
:105A70002004091A10B5B0F80110C278007817F0A8
:105A8000D3FD0446024819F056F9848010BD00BFCA
:105A90002002090510B5007817F0BCFD0446024845
:105AA00019F049F9848010BD2002090D20F0004052
:105AB000A0F20540F8B5032817D8DFE800F0021778
:105AC00028330C790F78A4F11B02534253414E88BE
:105AD000CD8801F10802194899000FF097F920B11B
:105AE0000771A0F80560C4710581F8BD0E784D8876
:105AF0008C8801F10802124800210FF087F9002874
:105B0000F3D00671A0F80550A0F80740EDE70D4866
:105B10000D784C680FF042F90028E6D00571A0F826
:105B20000540E2E707480C780FF038F90028DCD090
:105B300007234371002304718371D6E7A832030061
:105B4000A4320300A032030010B586B004460B4611
:105B500000920649012203A80BF03CFC20B9049BEB
:105B600003A81C7119F05DF806B010BDCC3203001B
:105B700030B585B005460C4601A806490BF00AFC75
:105B800030B9029B01A81D71C3F8054019F049F80E
:105B900005B030BDC43203007FB506460D4601A8EE
:105BA000074914460BF0F6FB38B9029B01A81E7199
:105BB000A3F80550DC7119F034F804B070BD00BFD3
:105BC000BC3203001FB50446054901A80BF0E2FBF7
:105BD00020B9029B01A81C7119F023F804B010BD74
:105BE000B4320300F0B587B00093064613460D4665
:105BF00002220C4903A80C9F0BF0ECFB044670B981
:105C0000049B03A81E71A3F805500BF031FC044659
:105C100017B1049BDB883B8003A818F0FEFF2046E9
:105C200007B0F0BDAC320300002110B5821D83889F
:105C3000044608460FF071FD024648B1618820888D
:105C400016F0C4FB0446034819F075F8848010BDB3
:105C50001A24F8E720020A1737B5B0F80140C578D2
:105C6000007815F04AFC68B1002321462A46CDE9A8
:105C7000003316F0A7FD0446034819F05CF8848051
:105C800003B030BD2524F7E720020A04002313B532
:105C9000CDE90033421DB0F80330B0F801100078B0
:105CA00014F097FC0446034819F045F8848002B0CC
:105CB00010BD00BF20020A190023802213B5CDE9D0
:105CC0000032421DB0F80330B0F80110007814F033
:105CD00080FC0446024819F02EF8848002B010BD02
:105CE00020020A1A08B50146034631F8040B5A8807
:105CF00016F025FD034819F01EF8002303714371C7
:105D000008BD00BF20020A1B38B50A4B1C68038877
:105D1000073CA4B29C4228BF1C46204600F082FFEC
:105D2000051E054818BF002419F005F88580C480B9
:105D300038BD00BF6C20002020040A0A37B5007867
:105D40000DF1060114F0CCFD044610B10023ADF8AE
:105D500006300448BDF8065018F0EDFF8480C58079
:105D600003B030BD20040A0B40F2055320F0004080
:105D700098422DE9F0410BD840F20153984209D8DE
:105D800040F2014398420DD040F20A43984214D0A9
:105D9000BDE8F081A0F20350022816D8DFE800F039
:105DA00024495C000D784C882D480EF0F7FF002840
:105DB000EED00571A0F80540EAE72A480C780EF00D
:105DC000EDFF0028E4D00471E2E727480F784E8801
:105DD0000D79CC880EF0E2FF0028D9D00771A0F829
:105DE0000560C5710481D3E78C684E880D790F7802
:105DF00084B1B1F8068001F108021C4800210FF0BF
:105E000005F80028C4D00771A0F80560C571A0F896
:105E10000880BDE723462246214614480EF0CFFFF6
:105E20000028B5D00771A0F80560C57104724472EE
:105E3000AEE70F4891F800804F880E79CD880C8925
:105E40000EF0ACFF0028A3D080F80480A0F8057005
:105E5000C671058144819BE70D784C680548A4E72D
:105E6000F8320300E4320300F4320300F03203009E
:105E7000EC320300E83203007FB506460D4601A868
:105E80000A490BF087FA044660B9029B01A89E807C
:105E90000BF0EEFA044615B1029BDB882B8001A8BB
:105EA00018F0BBFE204604B070BD00BF2C330300C9
:105EB0007FB506460D4601A80A490BF06BFA044669
:105EC00060B9029B01A81E710BF0D2FA044615B10D
:105ED000029BDB882B8001A818F09FFE204604B0AF
:105EE00070BD00BF2433030030B587B005460C46B3
:105EF00000930749134603A802220BF06BFA28B956
:105F0000049B03A89D80DC8018F08BFE07B030BD99
:105F10001C3303007FB506460D4601A80749144609
:105F20000BF038FA38B9029B01A81E71A3F805508E
:105F3000DC7118F076FE04B070BD00BF14330300AE
:105F400030B587B005460C4600930849134603A8B0
:105F500002220BF03FFA30B9049B03A81D71A3F88D
:105F6000054018F05EFE07B030BD00BF0C330300E3
:105F700030B587B005460C4600930849134603A880
:105F800002220BF027FA30B9049B03A81D71A3F875
:105F9000054018F046FE07B030BD00BF04330300D3
:105FA00010B586B004460B4600920649022203A8AB
:105FB0000BF010FA20B9049B03A89C8018F031FE66
:105FC00006B010BDFC32030038B50A4B04461B680E
:105FD0000D462BB143699B0702D515F015FA30B178
:105FE0002A4620680421BDE8384017F0B9BBA369F0
:105FF0009D6138BD901F0020014B1860704700BFA5
:10600000901F0020024B1868003818BF012070470D
:10601000901F002013B50446019120B901A80FF08C
:1060200022F8212012E008460029FAD00FF0A7F844
:1060300080B20028F2D0094B20461B6801994BB171
:10604000984728B92046019901F0AEF902B010BD79
:106050000020FBE701F0EAFDF3E700BF901F0020FE
:10606000436A70B55904044616D4154A03F4004334
:1060700092F82420012A10D1826A92040DD4002BB8
:1060800000F101010CBF5320142015F035F918B9A7
:10609000636A43F00803636270BD002BFCD1094DB5
:1060A000661C2946304600F077FD0028F4D12B68A5
:1060B000C4F80130AB88A4F80530AB79E371E7E7A9
:1060C000D01F0020DB1F00202DE9F0411E4E307153
:1060D000C0B3334600224821F2F75EFF38B90546C7
:1060E0004FF0480807463379AB4202DC0020BDE898
:1060F000F0813468002108FB05441422A76104F1F3
:1061000034000EF0C2FAA0224FF4A073C4E90723B2
:10611000072304F1100084F83130E773E7710EF0C3
:10612000A2FF04F114000EF09EFF204614F0E3FBE2
:1061300040F20113E3857F23A76284F8323067625F
:106140000135D0E73060D1E7941F0020084A0346AC
:106150001179814209D9106840B103EBC30300EB08
:10616000C300406A00F0010070470020704700BF84
:10617000941F002038B504460D46FFF7E7FF03469D
:1061800040B10020044B04EBC4041B6803EBC403C0
:106190002B6038BD2120FBE7941F00202DE9F04F34
:1061A0000446344A93B0106851680FAB03C390683B
:1061B00012AA1860E37B94F82E7002EB430333F8C5
:1061C0000C1C636A94F82F60DA0444D40126374625
:1061D00041F0100194F80E80C3F340495B0348BFBF
:1061E00049F002098BB288F00808012F94F800A04A
:1061F00094F831500B9304F1080BD4E90723C8F34A
:10620000C00894F9324005D0022F03D0042F14BFE8
:1062100000270327012E05D0022E03D0042E14BF21
:10622000002603265046CDE90C2314F008FCDDE9D6
:106230000C230121CDE90760CDE900515046CDE99D
:106240000547CDE903B90B99CDF8088002F028F88D
:1062500013B0BDE8F08FA26A950648BF41F0200157
:10626000500648BF41F04001DA0348BF41F0040145
:10627000B0E700BF3433030037B5044648B10478B3
:106280002046FFF763FF10B9002003B030BD013492
:10629000E4B2074D2B79A342F6D9204601A9FFF7B6
:1062A00069FF08B90198F0E70134E4B2F2E700BFF2
:1062B000941F00202DE9F04F054600F1100887B02B
:1062C000404605F114090C4616460EF0CCFE484631
:1062D0000EF0C9FE00200FF091F80390002800F0A6
:1062E0000B81012E40F2726618BF1F26012C63D06D
:1062F000022C0CBF06240424022114F006FB012109
:10630000039814F002FB2146039814F0FEFA039858
:106310000EF035FF012384B2311B0A22009389B2AB
:1063200042F60723039814F040FB04230444A4B26C
:10633000311B0093122242F60423039889B214F011
:1063400034FB00EB040A1FFA8AFA039BA6EB0A0748
:10635000012F049332DC0024DFF8A0A1DDF80CB09B
:106360009AF82430002B00F0A78040460EF07BFE08
:106370006B6AC5F810B043F080026A62DB0400F17A
:10638000AD809AF82400002840F0A8800FF036F87D
:106390000390002800F0A280314614F0C1FA0028D2
:1063A00040F3A6804846039C0EF05DFE6B6A6C616C
:1063B00043F480736B6291E005249DE700200FF0A9
:1063C0001DF805900028C6D0022100F08DFFB41EF4
:1063D000A4EB0A04A4B28442824613D224F0010141
:1063E0001FFA81FB411A05A8DA460EF06AFF4FF04A
:1063F000020BBAF1000F08D10598E8B905A80EF014
:1064000032FEA8E74FF0030BF3E70AF1010104980D
:10641000C9B214F07AFA5946049814F076FA05993C
:1064200004A80EF0C7FF00200EF0E8FF059000283A
:1064300036D0A4EB0A04A4B2022C38BF0224A4F183
:10644000020B1FFA8BFBBBF10F0F30D9102100F0AC
:106450004BFF834504461FD22BF00F011FFA81FB2F
:10646000411A05A85C460EF02CFF4FF0060B611C8C
:106470000498C9B214F049FA5946049814F045FA40
:10648000059904A80EF096FF0AF102031C44A4B279
:10649000BAF1000F08D15FE748B14FF0070BE6E70C
:1064A00005A80EF0E0FD54460234A4B254E705A856
:1064B0000EF0D9FD5446EBE7391B89B2584614F06B
:1064C0002FFA04464046039F0EF0CDFD6B6A2F6104
:1064D00043F080026A62002C3FF450AF686A10F00B
:1064E000100002D0284614F0E5FA07B0BDE8F08F9E
:1064F00003A80EF0B8FDF1E71A20F6E7D01F002040
:1065000070B5144B0546197918680023994201DCCF
:106510001A201AE0426AD60718D490F83940640766
:1065200014D4DCB203460C4903F8014BD1F80B60DC
:1065300042F00902C0F80160B1F80F60497C9E800A
:1065400099714262FFF72AFE2C7070BD013348300A
:10655000DCE700BF941F0020D01F002073B5057931
:10656000C67801A92846FFF705FEE8B9019C636AD1
:1065700023F01003636276B92946A069621C0F4BB1
:1065800000F0FEF8222231460C48A66102B0BDE8B8
:1065900070400EF07AB8204614F0ADF9636A5A06DE
:1065A00004D523F04003636202B070BD284604F1B5
:1065B000340102B0BDE8704002F008BCF61F0020B4
:1065C0002DE9FF4791420E4615469946BDF830A089
:1065D000BDF83480BDF8387003D9212004B0BDE87F
:1065E000F08740F67A428B1F9BB29342F5D8B5F5FF
:1065F000486FF2D8B9F5FA7FEFD240F67642AAF1A9
:106600000A039BB29342E8D809F101039BB26B43A2
:10661000B3EB8A0FE1DAB845DFD8FF280BD1184B6E
:1066200059829D82A3F81690A3F818A0A3F81A80A7
:106630009F830020D2E702F09DF804460028CCD0CA
:1066400090F873302A46012B31464B46CDE901873D
:10665000CDF800A008D101F001FD0028BED1A4F8BA
:106660006880A4F86A70E4E701F0F8FC4B462A461B
:1066700031462046CDF800A017F092F8EDE700BFB4
:10668000D01F002037B504460D4614F0ADFC6988D4
:10669000204617F0ACF96A7E2B7E204643EA02239F
:1066A000A4F862306A7F2B7F43EA0223A4F86430A7
:1066B000EA7EAB7E43EA0223A4F866301B23A4F8EB
:1066C0006C302D4B5A8B9B8BA4F86820A4F86A3051
:1066D000022384F8723017F057FB204617F0F4F8C5
:1066E00094F87330022B15D117F0CEF870B194F9ED
:1066F000753001330AD105212046A36843F4805345
:10670000A36003B0BDE8304014F056BD0021204620
:1067100017F070F90021204600F0C0FA4FF6FF7321
:10672000288C984225D000F061FA009400F04CFAD1
:106730006A46ADF8040040F20621104818F0AAFBA2
:10674000002240F20221204618F060FB204602F0B1
:10675000D7F8204617F0BEF8204601F0CBFCA3681E
:10676000012123F480432046A36014F029FD03B0E7
:1067700030BD0020D9E700BFD01F0020C41F00207B
:10678000F7B504460F46164668465A79991D1D46C8
:1067900000F0E0F92CB96946304601F09FFF04464D
:1067A000A0B140F2032384F87670A4F87230336805
:1067B0002946C4F85A30B3882046A4F85E30B3792D
:1067C00084F86030FFF75EFF03B0F0BD032140F2B4
:1067D000064016F05AFF6B88A0F803300D23437172
:1067E0000148F8F7FBFBEFE7F1920200A0F11B0371
:1067F000E02B10B5044618D8042142F2240016F00C
:1068000044FF6FF06F0343714223A0F8034083718C
:106810000748F8F7E3FB16F066FF407920B116F061
:1068200062FF407940F4805010BD2120FCE700BF9A
:10683000779602002DE9F0439946002387B00F9E1A
:10684000334C3360236A07460D46904613B102234A
:10685000336012E017F0ECF8074213D037EA00007B
:1068600010D1012F01D0042F0CD1284633464946C0
:106870000E9A14F0B9FC054630B90025284607B039
:10688000BDE8F0832123E3E738460BF075F930606B
:10689000002833D194F82430012B18D12368DB076A
:1068A00015D4DFF87090484616F0F0FF306028BB32
:1068B0002368606843F00203B9F80420236099F864
:1068C0000630C5F85A00A5F85E2085F860300BF058
:1068D0006DF9306090B9A38B3A460593638BFF2125
:1068E0000493238B28460393E38A0293A38A01939C
:1068F000638A0093434601F097FA3060336823B10E
:106900000021284601F086FFB7E72562B6E700BF01
:10691000D01F0020D41F002007B590F870304FF42E
:10692000887101AA03488DF8043018F0B3FA03B057
:106930005DF804FBC41F0020F7B5C67805463C2E61
:1069400000F1020404D103B0BDE8F04014F0BABA7B
:1069500087792FBB214A156A1762D6B1214628468E
:1069600046F4805614F040FB40F201216A46284666
:10697000EE6085F87270CDE9005618F08BFAAB68BE
:10698000394643F480632846AB6001F043FF03B00F
:10699000F0BD2146284603B0BDE8F040FFF772BEC7
:1069A0004FF6FF73408C98420DD000F01FF950B1A4
:1069B00000F08CF823460246FF21002003B0BDE81A
:1069C000F040FFF7DDBE064B223554F8042BAC42F5
:1069D00043F8042BF9D122881A80D8E7D01F002071
:1069E000F61F00201FB50446B0F8030001F0B4FE06
:1069F00008B3B4F8053090F87020A0F86C308DF82A
:106A00000420ADF80630227AE37940F2091143EA16
:106A10000223ADF80830A27A637A084843EA0223D9
:106A2000ADF80A30227BE37A43EA022301AAADF8EB
:106A30000C3018F02FFA04B010BD00BFC41F0020A6
:106A40001FB50446808801F087FE80B190F8703051
:106A50000E218DF80430D4F806300648CDF8053004
:106A6000D4F80A3001AACDF8093018F013FA04B0AE
:106A700010BD00BFC41F002013B50446808801F07C
:106A80006BFED8B190F870306A468DF80030E3782C
:106A90004FF403718DF80130A37909488DF8023065
:106AA000E3798DF80330237A8DF80430637A8DF81A
:106AB0000530A37A8DF8063018F0ECF902B010BD5D
:106AC000C41F002000487047DB1F0020044890F8D6
:106AD000241000F10B020430012918BF1046704742
:106AE000D01F002038B58379044613F0280F25D035
:106AF0000368134DC5F80B308388A5F80F308379F0
:106B000000206B74FFF7B8FB40B92B68032043F0FB
:106B100002032B60BDE838400BF0F0B8436A13F471
:106B2000404FEFD1226843F00803C0F80120A2884B
:106B3000A0F80520A2794362C271E3E7212038BDA5
:106B4000D01F00204379024A9B09D05C704700BFE8
:106B5000503303000B6810B503608B88FF2A04468E
:106B6000838002D10723A37109E0032A08D8054BCB
:106B70009B5C072B837102D1FFF7E4FFA07110BD6E
:106B80000023F0E7543303008379024A03F007033C
:106B9000D05C70474833030010B582798B79094C7B
:106BA00002F0070203F00703A25CE35C9A4206D1FD
:106BB00006220DF040FDB0FA80F0400910BD002023
:106BC000FCE700BF4033030050B11422064B1B68A2
:106BD000C31AB3FBF2F3007C40EA032080B2704793
:106BE0004FF6FF70704700BF882B0020024609490E
:106BF0000B7A0968FF2B01D10020704703EB830358
:106C000001EB830031F82330C3F30B039342F4D03C
:106C1000437CEFE7882B0020F722014B1A80704756
:106C2000522F0020162883BF024B188000202120FD
:106C3000704700BF522F002010B5044658B30068BB
:106C4000836CA3421FD1636883642246124918F003
:106C5000EDF804F10C0018F009F904F144000EF00D
:106C600002FAA06948B114300EF0FDF9A06918309D
:106C70000EF0F9F9A0690EF06AFD2046BDE810405B
:106C80000EF065BD1346002BDFD05A68A242F9D141
:106C900062685A60D9E710BD99B4020070B5054624
:106CA00048200E460EF04EFD044650B1FFF7AAF9FB
:106CB00060B11C200EF046FDA06128B920460EF000
:106CC00046FD0024204670BD0023037003212846A2
:106CD00016F090FEAB6C22466360AC6417232681ED
:106CE00000266381144928462560267766640AF0E9
:106CF00029FE02F0A3FA3246014604F10C000AF024
:106D000021FE02232374FFF77DF918B90B4B1B7882
:106D1000002BD7D00A4B19881729D3D9204613F056
:106D2000F7FC0028CED11321204614F07AFB6369CA
:106D300043F002036361C5E799B402009E29002075
:106D4000522F0020F8B5054610B3002920DB114C66
:106D50002468247E8C421BDD3F2919DC032701F0C7
:106D6000030600EBA10191F831407600B74002F034
:106D7000030224EA0704B240224381F8312013B110
:106D8000002114F008FC2846BDE8F84014F060BC6F
:106D9000F8BD00BFA41F002070B5164600221A706F
:106DA00032800A7A0D46072A4DD8DFE802F004093E
:106DB0000D111A1E304AE86830F8023B338043E078
:106DC000EB68981D5B88F9E7EB68981D9B88F5E7F1
:106DD000697B14F02DFC02221C4B1880184632806F
:106DE00032E002231A4833802EE01A4C2B7BE889CC
:106DF00023702B88E11C013363702B8801331B1235
:106E0000A37000F0D9F90330308020461CE0124C0A
:106E1000A889EB89020AA3701B0A20706270E370D4
:106E200000F03CFA58B1C3681A88022A07D19A7850
:106E30002271DB78637106230748338004E0042362
:106E4000FAE780221A70002070BD00BFB829002028
:106E500058330300A52900209F290020054A064B2E
:106E60001860136843F001031360828B034B1A8090
:106E7000704700BF9C1F0020A41F00207A24002020
:106E800000232DE9F04FDFF8B89191B0D9F80070E8
:106E9000054617F00807CDE90633CDE908330AD0D7
:106EA000644B03F1100253F8041B934245F8041B92
:106EB000F9D1002015E0102239460DF0E6FB032041
:106EC000F2F758FE0EF03EFC804648B10620F2F77D
:106ED00051FE0EF037FC064630B940460EF037FC46
:106EE0001A2011B0BDE8F08FCDE90477F3F7BEF9B1
:106EF000044668B140460EF02AFC30460EF027FCEE
:106F000040F20740214616F0BEFC40F20740E8E799
:106F10000CF0A9FF4FF4A053DFF828A10002C6E946
:106F2000023A454B7060336010223046776104AB03
:106F300006A90DF018F90446A0B952464046049936
:106F40000DF0EBF9044668B9BB463C4BBAB21B687E
:106F5000D988914227D810222946404605AB0DF02A
:106F6000FAF9044640460DF06AF940460EF0EFFB90
:106F700030460DF031FA30460EF0E9FB04980DF082
:106F8000D4F8002CBCD12B4B05F1100255F8041B92
:106F9000954243F8041BF9D1D9F8003043F00803B7
:106FA000C9F8003085E71A68BCB2210102EB04146D
:106FB0002046ADF80EB00191009214F04CFF8246CD
:106FC000204600F03FF930B3DDE90021AAF520505A
:106FD00080B2032802D9BAF5245F1ED1525A00208C
:106FE0002146ADF828200DF10D030DF10E02ADF88C
:106FF0002AA0FFF7D1FEBDF80E2001460BA80DF028
:107000006BFBBDF80E20404604320AA90DF088F94A
:1070100004460028A6D1013797E70AF55640FF300D
:1070200080B20428F7D8525AADF82AA0ADF828202B
:10703000E7E700BFBA29002000248000A41F002039
:107040009C1F00200002C003134B01461B6870B553
:1070500013F0040306D00022104B1C68E38990B2A1
:10706000834209D80E4A14680022E58990B285420D
:1070700009D84FF6FF7005E0A56835F812500132C7
:107080008D42ECD170BDA66836F8126001328E4296
:10709000ECD1034498B2F5E79C1F0020A01F00200C
:1070A000A41F0020094B1B685B070AD5084B1A6810
:1070B000D389834203D9936833F810007047C01A0C
:1070C00080B2044B1B689B68F6E700BF9C1F002042
:1070D000A01F0020A41F002038B5046805460C221C
:1070E000204608490DF0A7FA50B90222064904F1DA
:1070F0000E000DF0A0FA18B902200C342C6038BD37
:107100001020FCE75B330300693303002DE9F743EC
:10711000102801910BD0022804D04FF6FF7003B065
:10712000BDE8F083019B1888FFF78EFFF7E701A801
:10713000FFF7D2FF0228F5D01028EED11B4B019F9C
:107140001E6816F0040608D00024194BD3F80080FE
:10715000B8F81660A5B2AE421AD80025154BD3F880
:107160000080B8F81690ACB24C45D6D2D8F81000D2
:10717000102200EB051039460DF05DFA01350028AC
:10718000F1D1A0196FEA40406FEA504080B2C6E7E3
:10719000D8F81000102200EB041039460DF04BFA1D
:1071A00001340028D6D145F40040B8E79C1F0020E8
:1071B000A01F0020A41F0020020408B51DD5124BFB
:1071C000C0F30E001B685B0713D5104B1A68D38AF7
:1071D00098420CD2136903EB001000F1100350F831
:1071E000042B984241F8042BF9D1102008BDC01A95
:1071F00080B2074B1B681B69EDE7FFF753FF087070
:10720000000A48700220F1E79C1F0020A01F002008
:10721000A41F002038B50446094B1B681D68A54211
:1072200009D2204621B914F020FE30B1103402E01A
:1072300014F024FE08B1204638BD103CEFE700BF33
:10724000A41F0020437ADA0702D5C3F380007047F9
:10725000034BC2881B881A4214BF012000207047CC
:107260007A2400200A4B1B68DB0708D570B1094B54
:107270001B68DB88834234BF00200120704728B19F
:10728000054B1B88834294BF00200120704700BF3C
:107290009C1F0020A41F00207C24002070B5024603
:1072A000FFF7E0FFE8B10F4B1968CD88954209D38D
:1072B00002F180500B680138040103EB00101B5BE6
:1072C00093420ED0002398B2854201D8002008E0F6
:1072D0000E681C01345B06EB0310944203F10103BA
:1072E000F1D170BDA41F00202DE9F34100250E4609
:1072F000A846174F01903A68ABB2D18899421DD980
:107300001468ABB204EB0314B4F90430002B1CDA9C
:107310002046FFF797FFC0B1E1680B889E4214D169
:107320003246019802310EF0CBF9E36882B21B8835
:10733000934207D0114601A80DF0C3FF404602B0AA
:10734000BDE8F08143441FFA83F80135D3E700BF5D
:10735000A41F00207FB5134B0E4605460446039339
:10736000A0B114F001F978B900223146204614F09A
:107370002BFA022807D180233146009320460423AC
:1073800003AA14F052FE0DB104B070BD204614F0F3
:10739000BAF804460028F7D014F0E6F80028F5D132
:1073A000E2E700BF0100FFFF2DE9F04F97B08346F1
:1073B000099114F01FF8099883790C33C45CC5183F
:1073C0000DF0DDFE202C0646099F26D8012C28D979
:1073D000C74BA21ED2B2D340DA0722D5384697F85F
:1073E00006800DF0CCFEBBF80A2083B29A4228D268
:1073F00014F0010240F0A78004F07F03522B00F04C
:10740000A2801E2C00F09F80099B214600935846C5
:10741000042313F08EF921240CE004F07F03522B97
:10742000DCD02146062300225846009713F081F94C
:1074300041F20614584613F0E2FF204617B0BDE8AB
:10744000F08F47443A7B013B202A9BB246D8012A61
:10745000CED9023A1E2ACBD801A151F822F000BFA2
:10746000FD740100F173010001750100F173010069
:10747000F5740100F1730100E9740100F17301007A
:10748000FD740100F173010001750100F173010049
:1074900005750100F1730100E9740100F173010049
:1074A00033750100F1730100F1730100F173010004
:1074B00037750100F17301003B750100F1730100A4
:1074C000F1730100F1730100F1730100F173010028
:1074D0003F750100F173010005750100522A28D0A3
:1074E000D22A85D10D2B06E0062B11D0142B7FF468
:1074F0007FAF0DE0052B7FF67BAF09E0022BF6E7AF
:10750000042BF4E7032B7FF673AFDB073FF570AF77
:10751000022C00F00281DBF800309B689F0516D436
:107520000BF144000DF09FFD099BCBF84430002483
:1075300080E7012BDFE7032BDDE7012BD7E7002BEB
:107540007FF456AFE4E709A80DF08DFD63E71E2C2C
:1075500000F03683584614F007F80746002840F03C
:107560008280584613F0FBFF00287CD004F07F0394
:10757000522B00F0CE80082C68D1B6B2152E14BF65
:1075800002201020691D13F0D5FF00285ED0DBF823
:107590001430D8074BBF23F0010343F001033946F1
:1075A000012158464CBFCBF81430CBF8143013F0FF
:1075B000F2FF09980D9013F029F80446B0F8018005
:1075C000B0F803900D980DF0DAFD152814BF0225D0
:1075D0001025053421462846FFF798FD21460390E3
:1075E000284613F0A7FF0490B8F1000F00F0528175
:1075F000C84500F24F81022109200D9A13F029F8A5
:10760000BBF80A708246023FBFB23E4640464FF08A
:10761000FF354946039A14F0A2FA0446002800F008
:107620007B8114F059F8002800F093810122214653
:10763000584614F0F8F803468DF82E00002800F0A4
:107640002E810D9A009222460821B2E0DBF8143018
:1076500013F001064ED023F0010300215846CBF869
:10766000143013F098FF202C72D8032C75D9231FE7
:107670001C2B72D801A252F823F000BF69790100D7
:107680005B7701005B7A01005B770100B375010055
:107690005B770100457B01005B770100637B0100A4
:1076A0005B770100797B01005B7701006777010060
:1076B0005B770100917B01005B7701005B77010044
:1076C0005B770100AD7B01005B770100B77B0100B8
:1076D0005B7701005B7701005B7701005B7701005E
:1076E0005B770100C17B01005B770100877B0100B4
:1076F0005555515043F0010301215846CBF8143041
:1077000013F049FF1223324621465846009613F0E3
:1077100010F809A80DF0A7FC09E7099DBA4C284606
:1077200012F074FF2188B0F801602A46584613F021
:1077300015F82388BBF80A10B34228BF3346172B2D
:10774000B8BF17235846ABF80A3013F03FFEEEE6F9
:10775000522C00F02482D22CDBD0099B0022009313
:107760002146062325E0099F384612F04FFF0546C3
:10777000B0F80180B0F803A038460DF000FD1528E0
:107780000CBF20460220691DFFF7C0FCB5F805308C
:1077900004900793B8F1000F07D0D04505D814F036
:1077A0003CFB50B91023009701E0012300974246AB
:1077B0001021584612F0BDFFB9E63A4602211120C9
:1077C00012F047FF44464FF0FF35BBF80A300590F2
:1077D0009E1E0393063B9BB2B6B2089351462046C9
:1077E000049A14F0BCF9814668B35146079A14F024
:1077F00003FA0446484613F06FFF40B94FF6FF7393
:107800009C4201D00134A4B25445E7D91BE04FF0AB
:1078100000030DAAADF8343049460CAB584614F0BD
:107820009FF8039ABDF83430053A9A42089A0690B8
:10783000D8BF1346002DADF8343009DB9D4202D18C
:10784000EB1CB34208DB691C1CD10A230097AEE78E
:10785000351F9D42A8BF1D46042211A93846ADF828
:107860004490ADF846400DF02BFF2A463846069965
:107870000DF026FF4FF6FF73043E761B9C42B6B216
:10788000C0D1E0E73946059B04355D705846FEF7E8
:107890009BFB4CE60D9B009301234246D4E6049BE0
:1078A00013B1204613F0FCFE204613F02DFFD8B193
:1078B000002D54DC0DA80DF0D6FB082358468BF89C
:1078C0001C3050F80C2B40F2025192F870208DF8C9
:1078D000483000238DF8442011AAADF84640ADF899
:1078E0004A3017F0D7FA22E6ADF844000DF12E0326
:1078F0002146584611AA14F033F8BDF844300590DB
:10790000BB4228BF3B46002DADF844300ADBAB42FA
:1079100002D16B1CB34209DB6A1C0D9B1FD1009383
:107920000A23BAE7B51E9D42A8BF1D4602220CA934
:107930000D98ADF830400DF0C3FE2A4605990D981C
:107940000DF0BEFE4FF6FF73023E761B9C42B6B2B0
:10795000E2D0601C80B28145BFF45BAEDCE702354B
:107960000D998AF8015091E7DDF82490484612F00D
:107970004DFEB0F80330B0F801800493B8F1000F69
:1079800044D0984542D84FF6FF774A460221052059
:1079900012F05FFE4546BA46BBF80A400590023C2D
:1079A000A4B22946584614F0BCF9504506464CD0BE
:1079B0004FF400622946584613F035FF00283FD1A6
:1079C000304614F046FA00280CBF02231023574516
:1079D000039321D0304614F03CFA0690384614F058
:1079E00038FA069B834203D1039B0133A34214DB85
:1079F000384614F02EFA059B013019465870584647
:107A000012F080FE93E500BF522F00200123CDF835
:107A1000009042460421CCE637460DF1460130463F
:107A2000ADF84450FFF7C8FB039B48469A1C11A9C8
:107A30000DF046FE039B023CE41A5545A4B2D7D094
:107A4000049B0135ADB2AB42ABD24FF6FF739F4200
:107A5000CED10A23CDF80090DBE7DDF82490002496
:107A6000484612F0D3FDB0F80530B0F803A0B0F8E6
:107A700001600746484603930DF081FBC51FADB278
:107A8000102D0C945AD82A46F91D0DA80CF024FE8E
:107A9000002E55D0564553D84A460121072012F0F2
:107AA000D8FDA046074633460A249A45049307D9D1
:107AB0003946BBF80A0012F0AFFD0328049B04D836
:107AC000B8F1000F1CD0394699E7ADF84430039B5C
:107AD0005846ADF848300DAB139300230BAA009322
:107AE00011A90DF12E03ADF846A0ADF8505014F0D9
:107AF000AFF80A280446E3D0BDF82C3030B11E465A
:107B0000234632460621CDF8009052E6ADF83030DB
:107B1000BDF82E300CAAADF8323039460423BBF83C
:107B20000A0012F084FD4FF6FF72BDF82E3093422A
:107B3000C9D001334FF001089BB2B6E70424DFE758
:107B40000124DDE70A23099C8BF81C30204612F043
:107B50005DFD23460022B0F80110584614F035FBB5
:107B6000E5E4099C204612F051FD0C238BF81C30F3
:107B7000B0F803202346EEE75A460F210E20099B5A
:107B800014F07CFBD3E45A4621212020099BF7E71F
:107B90005846099AB5F8011014F05DFCC7E4584640
:107BA000099AB5F8011014F0B1FCC0E458460999DF
:107BB00014F0EBFCBBE45846697814F051FDA8E5DD
:107BC000584614F06DFDA4E57FB5174A06461368C4
:107BD00042F6052023F00803136013F0FBFF05466F
:107BE00050B16846FFF74CF9002013F08CFC0446B6
:107BF00020B92946FFF7AEFB04B070BD10226846DD
:107C000004F121010CF017FD38B10121204613F0D9
:107C1000C2FC636923F0010363611EB13146204653
:107C200014F0B0F82046E0E79C1F002037B58B79B0
:107C30000A460C33CD180191C95C044611F00103CA
:107C400029D01D290AD101211E2012F002FD014672
:107C5000204612F057FD012003B030BD032916D194
:107C60000E4BB5F801201B884189934228BF13466B
:107C7000172BB8BF1723438113F0A8FB636940F2A9
:107C8000094123F002032046636113F0C7FB01A8FA
:107C90000DF0E9F9DFE71846DEE700BF522F0020BC
:107CA00037B5054614F051FE0446E0B9AB691248F9
:107CB00058602346284614F061FE044698B9A86926
:107CC0004369C28881884089019098790C300344C7
:107CD000009328464FF4205315F0DAFE044628B1ED
:107CE000284614F03FFE204603B030BD022128464E
:107CF00013F097FBF7E700BF0100FFFF38B5124B09
:107D000004461B8842898B4228BF0B46172BB8BFFD
:107D100017231146438113F059FB636923F00203D3
:107D20006361A3699D693DB10022294620469A619D
:107D3000BDE83840FEF748B940F20941204613F04B
:107D40006DFBA3691D7038BD522F00200148FEF75E
:107D500053B900BF258A01000022024BC3E900226B
:107D60009A607047AC1F0020014B1860704700BF3D
:107D7000A81F002013B500F071FA78B10190837943
:107D80000C33C418204602F03BFA034610B12046DB
:107D900001A9984701A80DF066F908E000F06AFA19
:107DA000019020B1034B1B68002BF3D0984702B021
:107DB00010BD00BFA81F002010B50446062142F2E6
:107DC000050015F062FC2368C0F80330A388A0F812
:107DD00007300648F7F702F915F085FC407918B12D
:107DE000BDE8104015F02EBC10BD00BF45F00000EE
:107DF00010B5044606214FF6284015F046FC2368CE
:107E0000C0F80330A388A0F807300648F7F7E6F873
:107E100015F069FC407918B1BDE8104015F012BCAE
:107E200010BD00BF85F100002DE9F043044685B088
:107E300000200D46174699460DF0E0FA0646002848
:107E40005BD04FF0C8134FF000080093BDF83030FE
:107E5000ADF80430BDF83430ADF80630BDF8383038
:107E6000ADF80830BDF83C30ADF80A30BDF8403010
:107E7000ADF80C30BDF84430ADF80E3047FA08F3D9
:107E8000DB0704D51022694630460DF0C8F808F12A
:107E90000108B8F1030FF1D132460C2142F28500FE
:107EA00015F0FEFBFF2D057118BF94F8765087730F
:107EB000C57080F8059094F8603083F00803C3F330
:107EC000C003837194F8523083F00803C3F3C003F6
:107ED000C371E36C8360B4F8503083810848F7F7CE
:107EE0007DF815F000FC807820B115F0FCFB80785F
:107EF00040F4805005B0BDE8F0831A20FAE700BFD7
:107F00007D94020008B5002142F20E0015F0BDFB81
:107F1000BDE808400148F7F761B800BF4D94020082
:107F200038B590F872300446032B154606D1FFF79A
:107F3000E9FF0123002084F8723019E0C9B9012B50
:107F40002DD9032140F2064015F09FFBB4F86E30A6
:107F50004571A0F803301348F7F740F815F0C3FB5C
:107F60008378002BE5D015F0BEFB807840F480507C
:107F700038BDA3B102214FF6044015F086FBB4F8DA
:107F80006E30A0F803300848F7F728F815F0ABFB7F
:107F90004379002BCDD015F0A6FB4079E6E702200F
:107FA000E6E700BFF192020027930200F8B507460A
:107FB0000E4642F23200062115461C4615F065FBBE
:107FC000B7F86E304671A0F803309DF8183085710F
:107FD0000372C4710648F7F701F815F084FB807846
:107FE00020B115F080FB807840F48050F8BD00BFD0
:107FF000736F020038B505460C464FF60540062162
:1080000015F043FBA0F80350C0F805400548F6F70B
:10801000E5FF15F068FB407918B1BDE8384015F070
:1080200018BB38BD6993020038B505460C464FF6BB
:108030000640062115F029FBA0F80350C0F80540C2
:108040000548F6F7CBFF15F04EFB407918B1BDE8B7
:10805000384015F0FEBA38BDA1930200F8B50746C6
:108060000E4642F213000E2115461C4615F00DFB7C
:10807000B7F86E30A0F80560A0F80330BDF81830EE
:10808000A0F80750A0F80B30BDF81C30A0F809404C
:10809000A0F80D30BDF82030A0F80F300648F6F7F4
:1080A0009DFF15F020FB807820B115F01CFB807837
:1080B00040F48050F8BD00BFD993020070B5064669
:1080C0000D4642F27A000421144615F0DEFAA0F8BB
:1080D0000360457184710648F6F780FF15F003FBD5
:1080E000407918B1BDE8704015F0B3BA70BD00BF5B
:1080F000219A020010B50446022142F2300015F028
:10810000C4FAB4F86E30A0F803300B48F6F766FFF7
:1081100015F0E9FA43792BB915F0E5FA017A204612
:1081200000F010FC15F0DFFA407920B115F0DBFA11
:10813000407940F4805010BD15F4000038B5054674
:108140000C4641F20540022115F09FFAA0F80350B9
:108150000848F6F743FF15F0C6FA90F90830237087
:1081600015F0C1FA407918B1BDE8384015F071BA80
:1081700038BD00BFA596020001480CF092BF00BFB9
:10818000B01F002040F6FF732DE9F3410D46B0F813
:108190006E100192994205D101A80CF064FF02B063
:1081A000BDE8F0811146134601229BBB1E480DF02D
:1081B00048F8FFF7E1FF04460028F0D00CF0DFFF9D
:1081C0006379074603F001086FF30003637104212C
:1081D0002046A6680DF016F94379044668F30003BB
:1081E0004371DB438179B6F86E200C31866003F071
:1081F00001036254C2F30322084442EA03124270AC
:10820000478022463046294615F0C0FD2046F6F745
:10821000F9FECEE75C79986024F0030414435C71A6
:1082200000221B68C1E700BFB01F002070B50546E3
:10823000064C206800B970BD8368AB4204D1066863
:10824000F4F750FA2660F4E70446F2E7B01F002086
:10825000014601480CF0F5BFB41F002001480CF0A6
:1082600020BF00BFB41F0020014601480CF0E9BF49
:10827000AC1F0020034803680BB10CF012BF184676
:10828000704700BFAC1F0020044B1A6822B99868E1
:10829000003818BF0120704701207047AC1F002034
:1082A0002DE9F041154606460F4642F236001921E7
:1082B0001C46DDF8248015F0E8F92B0AC371230A67
:1082C00083729DF81830857103739DF81C304472D9
:1082D00043739DF820302D0C240CC67087800572E6
:1082E000C4728373D8F80030C0F80F30B8F8043087
:1082F0008676A0F813309DF8283043759DF92C3010
:1083000083759DF83030C375002303769DF83430B3
:1083100043769DF83830C3760648F6F75FFE15F0D1
:10832000E2F9407920B115F0DEF9407940F480504F
:10833000BDE8F081E9F1000038B505460C464FF67E
:108340001940052115F0A1F9C57044600548F6F7FC
:1083500045FE15F0C8F9407918B1BDE8384015F070
:10836000C9B938BD896E020038B505460C464FF6CE
:108370001A40052115F089F9C57044600548F6F7E3
:108380002DFE15F0B0F9407918B1BDE8384015F070
:10839000B1B938BDB96E020070B50D46064601216F
:1083A000DAB1FFF7C9FF0446A8B9072142F2350048
:1083B00015F06BF9C6702B684360AB8803810848E1
:1083C000F6F70CFE15F08FF9437923B115F08BF910
:1083D000447944F48054204670BDFFF7C5FFE2E7BE
:1083E000416D02000A4610B50421044642F23700EE
:1083F00015F056F9032303710023C4704371837190
:108400000548F6F7EBFD15F06EF9407918B1BDE8B7
:10841000104015F06FB910BD796D02000A4610B515
:108420000421044642F2380015F03AF9032303719F
:108430000023C470437183710548F6F7CFFD15F032
:1084400052F9407918B1BDE8104015F053B910BD8C
:10845000C56D0200F8B506460F4642F23900062106
:1084600014461D4615F011F901238471240A037185
:10847000C7704671C47105720548F6F7AFFD15F077
:1084800032F9407918B1BDE8F84015F033B9F8BDBC
:10849000116E0200044B18780130C0B2012838BFB9
:1084A00001201870704700BFB81F00200148FFF777
:1084B0005BBC00BFB98401002DE9F04F867987B01D
:1084C0000C3605900546805BC0F30B0000F044F9C4
:1084D000044618B905A80CF0C6FD4EE090F87230BD
:1084E000022BF7D1AB5B059AC3F30B0103F44053A6
:1084F000B3F5805F9060A95342D153796FF30003C5
:108500005371836B002BE5D0042105A804F13806D4
:108510000CF0B0FE304605990CF093FEA06B0023E2
:1085200001465A1CA9BBDBB2012B01D90CF0FAFEA3
:10853000A06B0CF024FE03281FD9D4F838904846CD
:1085400099F806700CF01BFE0C3709EB070539F89B
:108550000770A0F10408474522D9524FD4F838A03B
:1085600007F1100957F804BB5346424629462046F6
:10857000D8474F4510D00028F4D007B0BDE8F08FA1
:1085800038300CF070FD059A537943F001035371B4
:10859000BAE713460968C4E70028EED130469AE7E7
:1085A000A06B0CF0ECFD04378742F7D36988A1F18A
:1085B00040033F2B0BD8042130460CF05BFE2046D5
:1085C000A26B698815F052F90023A363D5E705294A
:1085D0000BD0062961D00429E0D130460CF04AFEC8
:1085E000A16BA06CFDF716FDEEE72946204615F0BD
:1085F0003BF902460028D1D12B79122B06D0132B40
:1086000036D02046697915F007F9C7E794F873303A
:10861000022BF6D040F67A4029898B1F9BB2834209
:1086200024D86A89931F9BB283421FD891421DD8D8
:10863000AB89B3F5FA7F19D240F6764CEF89A7F1F2
:108640000A0080B2604511D8B4F86A000290B4F80C
:108650006800CDE900702046FFF700FD021E18BF3C
:1086600001222046697915F057F897E70122F8E7CB
:1086700094F87330012B03D12046697915F0CCF8BA
:10868000A3681A048AD523F40043A3602B89012B25
:1086900084D12046FEF740F980E72046A16B15F013
:1086A000FAF891E76C330300012210B5054C02FA89
:1086B00000F0236811B10343236010BD23EA0003D7
:1086C000FAE700BFC01F00200138C0B20A289ABFD5
:1086D000014B185C002070477C33030070B50446E2
:1086E0000D461B4A13686BB393F87D10586811F060
:1086F000040129D110608C22184693F870600BF0A9
:10870000C4FF034680F870602268C0F85A20A2882F
:10871000A0F85E20A27980F860202868D864AA7941
:10872000A98883F85220FF2283F8752083F87620E9
:1087300040F6FF72A3F86E20064AA3F850101168A5
:1087400013605960184670BD1A1D0346CBE700BF81
:10875000CC1F0020C81F0020054A0346106800B93E
:108760007047B0F86E209A42FAD04068F7E700BF31
:10877000C81F0020054A0346106800B9704790F8EA
:1087800070209A42FAD04068F7E700BFC81F002067
:1087900038B50546064B1C680CB9204638BD29463D
:1087A00004F14C00FEF7F8F90028F6D16468F3E70D
:1087B000C81F002010B9024B186870474068704706
:1087C000C81F00200023114A2DE9F0418C211360BD
:1087D000804602460120F4F705F9044620B9054613
:1087E0000B4E3060454502D32046BDE8F0810120A4
:1087F000F4F75EF907468C22002101350BF045FFA6
:1088000087F8705037603E1DECE700BFC81F00209E
:10881000CC1F0020012310B58B4090F87110044646
:1088200021EA030149B280F87110002949D115F0FD
:10883000ACFA204615F04FF8102104F1180016F09C
:1088400050FB2046FFF7F2FC04F138000CF00BFC63
:10885000204615F013F8214A13681BB19C42596851
:1088600030D11160A36859050BD51A0509D443F41A
:108870000063A18994F87000A36004F1780200F00D
:1088800045FF00232046636016F0F0FA15F0BAF8B1
:108890004FF48072B2FBF0F2424394F8703003441C
:1088A000B3FBF2F102FB1133DBB2591EC9B2FD2951
:1088B000F5D884F8703000236360094B1A6852B908
:1088C0001C6010BD1A465B68002BCBD09C42F9D1CE
:1088D00063685360C6E7131D5268F0E7C81F0020A5
:1088E000CC1F002090F8743003F00B03013BDBB287
:1088F0000A2B9ABF014AD05C0020704787330300DF
:108900001FB5014690F870308DF80430FFF7EAFF8C
:10891000B1F862308DF80C00ADF80630B1F8643073
:1089200001AAADF80A30B1F86630054840F20311EB
:10893000ADF8083016F0AEFA05B05DF804FB00BFE4
:10894000C41F002007B590F870308DF8051001AAFB
:1089500040F2072103488DF8043016F09BFA03B06B
:108960005DF804FBC41F00200149024816F05ABA02
:10897000942B0020C41F00201022074B28215A826C
:108980006422C3E905124FF6FF729A8300221A602F
:108990004FF470629A847047D01F002038B5114C94
:1089A00094F82430EBB1226812F0010519D1201D92
:1089B00014F06CFF236843F00203236015F028F8DD
:1089C00078B14EF6602294F825304FF4827153430B
:1089D00005482A4608F094FF18B9236843F00103BC
:1089E000236038BDD01F0020C41F002022F00042A9
:1089F000B2F5827F10B511D1094B1A6893F8244063
:108A000022F00102012C1A6006D112F0CFF8FFF714
:108A1000C5FF204609F072F9012010BD0020FCE7D7
:108A2000D01F002030B5044685B00846039115F0EC
:108A30002BF9830708D410F0010003D003A80CF031
:108A400012FB012005B030BD03998B7903F10C02B4
:108A500088188A5C013A202A00F21781DFE812F0B8
:108A600021001501B1001501B4001501BD0015016B
:108A7000C4001501CC001501D4001501DB0015015F
:108A8000E9001501F100150115011501F3001501AB
:108A900001011501030115010C0115011501150155
:108AA000E20003790BB103F588534278023A1E2A9B
:108AB000C4D801A151F822F0358B01003D8A010094
:108AC0003F8B01003D8A01004B8B01003D8A010074
:108AD000578B01003D8A0100638B01003D8A010034
:108AE000878B01003D8A01006F8B01003D8A0100E8
:108AF000938B01003D8A01009F8B01003D8A01009C
:108B00003D8A01003D8A0100A98B01003D8A0100D8
:108B1000B98B01003D8A01003D8A01003D8A0100B8
:108B20003D8A01003D8A01003D8A01003D8A010025
:108B30007B8B010017212046FFF7E0F87EE700223B
:108B40002046114614F0CEF878E71A460021204658
:108B500014F075F972E700222046114614F01FFB4D
:108B60006CE700222046114614F0C8F966E71A4661
:108B70000021204614F0B5FA60E71A46002120468D
:108B800014F0CEFA5AE71A460021204614F08CFA67
:108B900054E700222046114614F0F4FB4EE7194634
:108BA000204614F058FC49E70093002320461A465B
:108BB000194614F05AFC41E71946204614F0A7FC68
:108BC0003CE7B0F80110B6E702338B710A46002388
:108BD0004178204614F086F833E70133002220461E
:108BE0008B7114F02CF92CE702338B71427800233F
:108BF000204614F0D4FA24E701338B710023204679
:108C00001A4614F07BF91CE70133002220468B71D1
:108C100014F04AFA15E70133002220468B7114F054
:108C200060FA0EE70133002220468B7114F078FAC7
:108C300007E702338B7142780023204614F0A2FB31
:108C4000FFE60021ACE705338B710023B0F8032069
:108C5000B0F8010000930B460146204614F005FCD5
:108C6000EFE60021A9E703338B710A46B0F8011043
:108C7000204614F06BFCE4E603338B710A46B0F82F
:108C80000110204614F06BFCDBE60020DAE600BFA2
:108C900038B5FDF717FF0446FDF776FF0546064891
:108CA00016F049F80023037143712368C0F80630B9
:108CB000A3880573438138BD2009020573B5411DA2
:108CC000027904466846FDF745FF684615F038F816
:108CD0000546684616F038F906460948E4780CF06F
:108CE0005DF8034648B104710098DE72C3F80500D0
:108CF000BDF804201D73A3F8092002B070BD00BFA9
:108D0000B433030013B5C37A0093B0F80930D0F838
:108D10000520D0F80110007811F073FF04460348D5
:108D200016F009F8848002B010BD00BF20020403D1
:108D300010B54178007811F090FF0446024815F014
:108D4000FAFF848010BD00BF2002040410B5064B5A
:108D5000064A417800781A6011F096FF04460448EC
:108D600015F0E9FF848010BD18200020BD8C0100A3
:108D700020020405FF2337B50DF107008DF80730F9
:108D8000FDF7BEFB044604489DF8075015F0D3FFDD
:108D90008480857103B030BD2003040110B50078D4
:108DA00012F012F80446024815F0C5FF848010BD89
:108DB0002002040210B5007811F0EFFF04460248CB
:108DC00015F0B9FF848010BD2002040A4B7937B535
:108DD0005B0705460C460CD420461421064A0BF0CE
:108DE000AAFF01A801940BF0D2FF10B9A3791C448B
:108DF000257403B030BD00BFB8330300024B1B68BD
:108E000003B11847704700BF1820002010B500219B
:108E10000446007814F09AFF48B16178207811F088
:108E2000DDFE0446034815F086FF848010BD022451
:108E3000F8E700BF2002560110B54178007811F024
:108E400086FF0446024815F076FF848010BD00BFFF
:108E5000200256020020024B1870024B1870704717
:108E6000CB290020CA29002010B54178007808F0ED
:108E70000BFF044618B9044B1A78044B1A700448C7
:108E800015F059FF848010BDCB290020CA2900208D
:108E90002002050310B508F023FF0446024815F030
:108EA0004AFF848010BD00BF20020505F0B50D46C5
:108EB00091B0831C09AC00F11A0226461868596863
:108EC000083303C693423446F7D11B881C213380F4
:108ED00028460CF0CFF9BDF826402E6814F00C049B
:108EE00039D130460CF04BF9871EA7420DDA4FF00E
:108EF000FF3400239C428DF81C301EDB01223146DA
:108F0000A31C07A80CF09EF817E0631C0122314651
:108F100005A80CF097F89DF81430012BE9D02346F2
:108F20000122314607A80CF08DF89DF81C3013B1D2
:108F300001331C44D9E78DF81C3008F017FE0128D6
:108F400004D0022831D030B911B0F0BD9DF81C30EA
:108F500013F0010FF8D09DF82F0000F0F5FC044647
:108F60009DF8300000F0F0FC07AF9DF828200DF1CF
:108F70002901064605A8FDF7EDFD38469DF8362087
:108F80000DF13701FDF7E6FD0C4B1B78DB0711D423
:108F900005A814F0D5FECDE901053246214600971B
:108FA00005AB09A800F00CF8CEE79DF81C3013F0D3
:108FB000030FCFE74FF0FF30EDE700BFCA290020D5
:108FC0002DE9F74FB0F802C006461CF0100F1C4602
:108FD0000C9F9DF934A0DDF838B033D05FFA8CF5E2
:108FE0001CF0080F184614BF05F0080505F00F0522
:108FF00015F0AAFF8146384615F0A6FF96F90F3006
:1090000080465A4604211348019376780BF0FEFE01
:10901000019BA0B105712268C0F80520A28880F8E4
:109020000B90A0F8092080F80CA0437386733B686E
:10903000C0F80F30BB8880F81580A0F8133003B05B
:10904000BDE8F08FCDE90DAB0C9703B0BDE8F04F54
:1090500000F00CB8DC33030008B515F061FF002008
:10906000014B187008BD00BFCC2900202DE9F04F3E
:109070001D468FB0CDE908129DF9643004460A936D
:1090800043882846C3F34113049315F05DFF059010
:10909000189815F059FF2E4B2E4E1B6806901B3B5F
:1090A00007931A9B1B6813B90FB0BDE8F08F0DF141
:1090B00033030193079B0122049900931A9802231A
:1090C0000BF018FE94F90F300D9067880B939DF804
:1090D0003330B4F810800293337804211E480DAA6F
:1090E000039394F801B094F80DA094F90E900BF04E
:1090F0008DFE0B9B38B307F00F0707712A68C0F885
:109100000520AA884373A0F80920059A189BC2720B
:109110000A9A80F80EB002731B68C0F80F30189BD3
:109120009B8880F816A0A0F81330069B80F8199051
:109130004375089BA0F81A80C375099B0376029BB0
:109140000377039B4377337801333370A9E700BF7C
:109150006C200020CC290020E03303001046194683
:10916000F8B522F0004340F20A4293420ED8B3F51C
:10917000806F59D96FF480621344092B54D8DFE80B
:1091800003F00D101F3050505050530D40F201525B
:10919000934234D0A3F20253032B45D8FCF7E4FDED
:1091A0000CE00D784C688A6901F108031F48002122
:1091B0000BF005FE10B10571C0F805400120F8BDA7
:1091C0000E784D880C798A6901F10803184800214E
:1091D0000BF0F5FD0028F1D00671A0F80550C47120
:1091E000ECE70D784C884A690B1D124800210BF002
:1091F000E6FD0028E2D00571A0F80540DEE70F7813
:109200004E880D79CC8801F108020B4800210BF043
:10921000FDFD0028D2D00771A0F80560C57104815A
:10922000CCE7FCF743FCC9E70020C8E7F0330300B4
:10923000EC330300E8330300E433030000487047D5
:109240005D910100014815F06BBD00BF702000204A
:1092500030B5124B0D469942144689B01BD193008C
:1092600011D505A906A808F0FBFB062300220393ED
:10927000059BE1B20293069B2846CDE9003241F0FE
:10928000005115F0A4FD06480BF088FD00B10471F3
:10929000012009B030BD0020FBE700BF1C200020EA
:1092A0000434030022F00042B2F1A04F08B504D10B
:1092B00003480BF073FD012008BD0020FCE700BF50
:1092C0000834030010B5047FD4B1102C28BF10243B
:1092D00015F0F7FD621C81B200230620D2B2F3F72D
:1092E00081FB044650B90749074815F09BFD074824
:1092F000074915F097FD0748F3F74EFB204610BDD0
:109300000424E5E7AC2B0020202000201C200020B6
:10931000BC2B0020A42B002073B54278037843EACD
:109320000223ADF804308378C27843EA0223ADF813
:109330000630FFF787FF88B10DF1060101A814F090
:109340000CFB04460648BDF90460BDF9065015F053
:10935000F2FC8480C680058102B070BD0224F1E772
:109360002006011722F00042B2F5887F2DE9F04770
:109370001C4600F0E2800ED840F203139A423CD023
:1093800040F209139A4200F0C2800E2A00F0B38026
:109390000020BDE8F08740F207239A4247D0B2F59B
:1093A000037F56D040F206239A42F1D120684C3018
:1093B000FDF7EAFB25680746644895F8736095F861
:1093C00070A095F9759095F87680A4880BF0E6FC6E
:1093D0000028DDD0EB6C4360B5F850308772038114
:1093E000731E5E425E41C67280F80CA080F80D903C
:1093F00080F80E80A0F80F40CAE72078FFF7BAF98E
:109400000028C5D0524894F800806788A688E5886F
:10941000247A0BF0C3FC0028BAD080F80480A0F8AE
:109420000570A0F80760A0F80950C472B0E7207872
:10943000FFF7A0F90028ABD060782578FFF744F952
:10944000044644480BF0AAFC0028A1D005714471E1
:109450009EE7A578012D1ED0022D2DD0CDB9E37841
:1094600094F80080023BDBB2022B8CBF01253A4A04
:1094700094F90470667998BFD55C94F90640374832
:109480000BF08CFC28B180F8048045718771C6719F
:10949000047201207DE7E37894F80080023BDBB2A0
:1094A000022B98BF2C4A94F90470667998BFD55C5A
:1094B00094F906402A48E3E7E3782A48023BDBB206
:1094C000022B94BF244A012594F80180277898BF85
:1094D000D55C94F90490667994F906400BF05EFC33
:1094E0000028D6D0A0F804808771C57180F8089054
:1094F00046728472CDE723460822002113F8014BFF
:1095000019480BF05CFC0028C3D00471C1E7174870
:1095100094F800806788A688E58824890BF03EFCD3
:109520000028B6D080F80480A0F80570A0F8076085
:10953000A0F80950A0F80B40ABE70D481C780BF0E1
:109540002DFC00283FF424AF047121E744340300CC
:1095500040340300383403000C340300303403007B
:109560002C34030034340300283403002434030073
:109570003C3403000022084B10B51A609A80026840
:109580001A60187811F0AAFD044618B90349044876
:1095900015F048FC204610BD7E240020CC2B002076
:1095A000C41F002008B5034B5888FDF71FF90020A1
:1095B00008BD00BF7E2400201FB5438902930389A4
:1095C0000193C3880093838842880188FF20FCF7B9
:1095D000F7FF0446024815F0AEFB848004B010BDCE
:1095E000200206007F2337B500788DF80730FFF79B
:1095F000C1F8E0B140F6FF73B0F86E00984218D0A1
:109600000DF10701FEF79AFD9DF9073004467F2B07
:1096100004D140F20343002808BF1C4606489DF9C8
:10962000075015F088FB8480857103B030BD21247C
:10963000F4E70324F2E700BF2003061530B587B036
:1096400082790146054604A815F06BFC00239DF8BD
:109650001620039312F0180408D1212503950F4812
:1096600015F069FB8580847107B030BD04A8FFF751
:109670008FF8024668B903ABCDE9000304A9084B93
:10968000E879FDF7D7F8024618B90446BDF80C5042
:10969000E5E7BDF80C5092F87040E0E720030604BF
:1096A0004997010010B50078FFF764F840B1132125
:1096B00011F082FD0446034815F03DFB848010BD87
:1096C0002524F8E72002060510B582784178007855
:1096D00011F006FD0446024815F02DFB848010BDF4
:1096E0002002060810B5417801290AD8007801F057
:1096F000010114F062F90446034815F01CFB848054
:1097000010BD2124F8E700BF2002060A73B51446F5
:1097100006460D4620461421094A0BF00CFB01A811
:1097200001940BF034FB48B9A3790C331C44054B6E
:10973000A6711B79A5800BB114F022FB02B070BD9D
:10974000203403007E24002022F000420D2A73B54D
:109750001C460ED06FF4C0631A440B2A12D80B2A91
:1097600010D8DFE802F03B12242C370F46505F84FC
:10977000878E0422002153F8044B44480BF01FFB52
:1097800000B18480002002B070BD2078FEF7F2FFA7
:109790000028F7D03E48267894F90150A4780BF0C1
:1097A000FDFA0028EED0067145718471EAE724784D
:1097B00038480BF0F3FA0028E4D00471E2E725788A
:1097C000354864680BF0EAFA0028DBD00571C0F870
:1097D0000540D7E7257831486468F3E730482578B5
:1097E00064680BF0DBFA0028CCD00571A0F80540C6
:1097F000C8E72C48257864680BF0D0FA0028C1D05F
:1098000005714471BEE7637827480D2B96BF274A40
:109810000125D55C24780BF0C1FA0028B2D0047180
:109820004571AFE7637800210D2B98BF1F4A204890
:1098300098BFD55C6368A27888BF012526780BF0B5
:10984000BEFA08B1067145716378012B9AD88DF87C
:1098500007300122002116480DF1070324780BF090
:10986000AEFA00288ED00123047143718AE7247870
:1098700010489EE70021636822780F480BF09FFA9A
:1098800080E70E480BF08AFA7CE700BF88340300BB
:10989000743403007C340300803403007834030004
:1098A000703403006C340300683403004834030050
:1098B0006434030060340300583403005C34030054
:1098C00073B5054616F088FC1D4C064663795B07A8
:1098D0000ED4204614211B4A0BF02DFA01A8019446
:1098E0000BF055FA20B1304616F071FC02B070BD95
:1098F000A3790C33234455B91A79FF2A01D00132D8
:109900001A71304602B0BDE8704016F060BC012DFF
:1099100005D15A79FF2AF4D001325A71F1E7022DAC
:1099200005D19A79FF2AECD001329A71E9E7032D2B
:10993000E7D1DA79FF2A1CBF0132DA71E1E700BF13
:109940002420002084340300042828BF0020014B79
:10995000185C70478C34030010B582784178007829
:1099600011F07FFA0446024815F0E5F9848010BD35
:109970002002570010B501210446007814F0E6F9E2
:1099800048B16178207811F0B9FA0446034815F01F
:10999000D2F9848010BD0224F8E700BF20025703EB
:1099A000002313B50093D0F802204178007811F01D
:1099B000B6FA0446024815F0BEF9848002B010BD24
:1099C0002002570430B585B005460A4901A807F0C2
:1099D000E1FC044650B901A807F04AFD044615B160
:1099E000029B9B792B7001A815F017F9204605B052
:1099F00030BD00BFC83403002DE9FF4180460F464B
:109A000001A80C4916461D4607F0C4FC70B9029C1B
:109A10009DF8283084F80480C4F80570C4F8096003
:109A2000A4F80D50E37301A815F0FBF804B0BDE8ED
:109A3000F08100BFC034030030B585B005460C4648
:109A400001A8064907F0A6FC28B9029B01A81D71D0
:109A50005C7115F0E6F805B030BD00BFB834030006
:109A600030B585B005460C4601A8064907F092FCC2
:109A700028B9029B01A81D715C7115F0D2F805B0E0
:109A800030BD00BFB03403001FB50446054901A82E
:109A900007F080FC20B9029B01A81C7115F0C1F8E9
:109AA00004B010BDA83403001FB50446054901A841
:109AB00007F070FC20B9029B01A81C7115F0B1F8E9
:109AC00004B010BDA034030030B585B005460C4687
:109AD00001A8064907F05EFC28B9029B01A81D7188
:109AE0005C7115F09EF805B030BD00BFD83403009E
:109AF00030B585B005460C4601A8064907F04AFC7A
:109B000028B9029B01A81D715C7115F08AF805B097
:109B100030BD00BFD03403007FB506460D4601A816
:109B20000649144607F036FC30B9029B01A81E71A5
:109B30005D719C7115F075F804B070BDF0340300D0
:109B400030B585B005460C4601A8064907F022FC51
:109B500028B9029B01A81D715C7115F062F805B06F
:109B600030BD00BFE83403007FB506460D4601A8AE
:109B70000749144607F00EFC38B9029B01A81E7174
:109B80005D71C3F8064015F04CF804B070BD00BF1D
:109B9000E03403002DE9FF4180460F4601A80C493F
:109BA00016461D4607F0F6FB70B9029CBDF828303A
:109BB000A4F80480A381BDF82C30E780268165815C
:109BC000E38101A815F02DF804B0BDE8F08100BFD5
:109BD000203503002DE9F04186B06F4687E8030089
:109BE000114903A816461D46DDF8308007F0D2FB68
:109BF0000446A0B904990098BB8848600B818E7216
:109C0000CD7203A807F034FC0446B8F1000F03D06E
:109C1000049B9B7988F8003003A814F0FEFF2046CF
:109C200006B0BDE8F08100BF183503007FB50646D9
:109C30000D4601A80649144607F0ACFB30B9029B5B
:109C400001A81E715D719C7114F0EBFF04B070BD32
:109C5000103503007FB506460D4601A80A4907F0F6
:109C600099FB044668B9029B01A81E7107F000FC2D
:109C700004461DB1029B93F906302B7001A814F025
:109C8000CCFF204604B070BD0835030030B585B068
:109C900005460C4601A8064907F07CFB28B9029B43
:109CA00001A81D715C7114F0BCFF05B030BD00BF90
:109CB000003503001FB50446054901A807F06AFBFB
:109CC00020B9029B01A81C7114F0ABFF04B010BDB9
:109CD000F83403007FB505460E4601A80C4907F08D
:109CE00059FB044680B901A807F0C2FB029B044659
:109CF00025B1D3F806202A605A89AA800EB11B7BB1
:109D0000337001A814F089FF204604B070BD00BF75
:109D10002835030030B585B005460C4601A8064934
:109D200007F038FB28B9029B01A81D715C7114F083
:109D300078FF05B030BD00BF383503001FB50549B9
:109D400001A807F027FB10B901A814F06AFF05B0BD
:109D50005DF804FB303503002DE9FF4180460F46D6
:109D600001A80F4916461D4607F014FB044698B992
:109D7000029B01A8A3F80480DF8007F079FB029B17
:109D8000044616B1B3F90620328015B1B3F9083094
:109D90002B8001A814F041FF204604B0BDE8F081FB
:109DA0004035030010B50F4C88B02060F2F7EEFD8F
:109DB0002168684614F009F86846F7F70FFC044676
:109DC00060B90A20084A094907F07CFD044628B911
:109DD00007F0A6FB08F038F8FEF7CEFD204608B0E5
:109DE00010BD00BF6020002093DD0200B5FA020024
:109DF00070B58EB008F056F8002302AD29460DF17B
:109E000007008DF80E308DF8073008F049F800286B
:109E10006BD1284613F0BDFD002866D0302864D0F1
:109E20009DF80730012B17D172238DF80E30EDF716
:109E3000CFFCCDE90601030C8DF81230BDF81D30C2
:109E4000ADF81000ADF813309DF81F308DF81530C7
:109E500049238DF816300AE049238DF80E3095E835
:109E60000300ADF81410090C04908DF816109DF83D
:109E70000E3013F0280F07D1DDE90401ADF80C1006
:109E8000090C02908DF80E10274E336818690028CF
:109E900030D133685A690AB9244A126824490A60E1
:109EA0009A690AB9234A126823490A6093F8222062
:109EB000D20727D404A813F0C3FF0446F8B93168C9
:109EC00006A813F082FF06A8E6F7E0F90446B0B949
:109ED000BDF92E0013F01EFD13F0B7FF2846FCF766
:109EE00001FE164807F0E8FC09E09DF80E3019075E
:109EF0009DD5B4E712F021FD04460028C9D02046C4
:109F00000EB070BD93F8232000234FF0FF3006A958
:109F1000CDE906338DF81A2014F02DF80028C9D0A9
:109F200040F20C44EBE700BF60200020340803003F
:109F30003C2000203008030038200020959F0100BD
:109F400070B50F4814F0F0FEC8B907F017FD0C4DBE
:109F500005F10C0613F0CDFC07F01EFB0446284665
:109F600014F0DEFE10B930460BF07DF80AF07DFFEC
:109F700008B9002CEED1BDE8704013F002BF70BDEF
:109F800070200020024B1B6803B11847704700BFC8
:109F90003820002050EA010337B504460D4604D1AD
:109FA00003B0BDE83040FFF7EDBFB1F1FF3F08BFA0
:109FB000B0F1FF3F13D015F07DFD221845EB0103F2
:109FC00008490948C1E9002300239D420CBF2146EE
:109FD0004FF0FF31CDE90033044A16F089F903B0A0
:109FE00030BD00BF080B002040200020F19F010081
:109FF000D3B516F0F1F8044615F05CFD0B46104A97
:10A00000D2E90067B04273EB070107D3FFF7BAFF4D
:10A01000204602B0BDE8D04016F0D9B8D2E90067BA
:10A020000022311A67EB03039342CDE90022134665
:10A0300018BF4FF0FF31034A034816F059F9E7E71C
:10A04000080B0020F19F0100402000200023044A5B
:10A0500052E8000F42E800310029F9D1F9F718BFA2
:10A0600064200020054A52E8003F034342E80031E3
:10A070000029F8D1024B1B68184700BF642000205C
:10A080003C20002037B51C68E10705D513F026FCFD
:10A090001649174814F0C6FEA20723D5FEF7F4F8B8
:10A0A000D0B9144D019016F097F8044628460AF0EE
:10A0B000F8FF0190204616F08AF8019890B1437994
:10A0C0009B070CD401A802210BF0D4F80198FEF7ED
:10A0D000CBF8FDF74FFEE6E7FDF74CFEDEE7FEF7B7
:10A0E000B7F8F6E7002003B030BD00BFDC2B00203E
:10A0F000C41F00206820002008B5054807F01CFA9E
:10A10000044B01211870BDE8084007F025BA00BFD4
:10A11000EC2B0020CD29002038B5044648B116F0BC
:10A120005BF80546214608480BF08BF8284616F0E8
:10A130004EF8064B022193F9000007F00DFABDE836
:10A140003840FFF71FBF00BF68200020CD29002046
:10A15000F8B50E46074630B329B300F03FF8044681
:10A16000F8B9124D0146182228460AF08EFA20232B
:10A170002B7033692E616B607369AB60F2F7D2FCB0
:10A1800007F086F9BE6A002E08BF4FF4807630468D
:10A1900007F0E8F8044620B9054B28461E6007F092
:10A1A00083F92046F8BD2124FBE700BF7020002082
:10A1B0006C200020014814F079BD00BF7020002001
:10A1C00010B5054814F084FD044618B900F03CF8B9
:10A1D00014F091FE204610BD70200020074BDA6974
:10A1E000D20407D51B6A40F2044013F0010F18BFD8
:10A1F0000020704740F20440704700BF0080E00F2D
:10A2000010B502783E2A4FEA022302D18278134326
:10A2100001E0FF2AFAD0094A094910780022904249
:10A2200001D8002006E031F8024BA34203D1054BD0
:10A2300053F8220010BDF4D30132F0E7DE0703002B
:10A2400014080300E007030030B5002485B002A81D
:10A25000EDF7A8FA01A8BDF80850019407F01CFE1C
:10A2600000B101940E48019C0AF098FDA8B10023AA
:10A2700043718371C37143728372C3720423837405
:10A280006FF027030B22C3745F2302710375022250
:10A2900014230272C4600582437505B030BD00BF4F
:10A2A000483503001046044A1368591E033102D88A
:10A2B0000021116018477047FC2B0020034B1868E1
:10A2C000034B002808BF1846704700BF88200020B5
:10A2D000F8350300014813F006BF00BF90200020AE
:10A2E00013B50B4C0229226005D10A4813F0FBFE7E
:10A2F000002002B010BD0A4600930146064B0548F7
:10A3000013F0D2FE003818BF01204000F1E700BF73
:10A31000FC2B002090200020A5A20100014813F092
:10A32000F3BE00BF902000200021014813F00EBFB3
:10A330009020002008B5064B1B68013305D0FFF7BD
:10A34000EDFF80F00100C0B208BD0020FCE700BFB7
:10A35000FC2B00202DE9F843DFF860900646D9F881
:10A36000008008461746B8F1000F03D00E2420469F
:10A37000BDE8F88306B3336801331DD1E1B100F0C5
:10A3800075F805460028F1D0C9F8000000F0D4F8AF
:10A39000284613F083FD044640B14046C9F80080CA
:10A3A00000F0CAF8284613F074FDE0E73560002F8E
:10A3B000DDD02846B847DAE72124D8E78C200020F2
:10A3C000024B1868003818BF012070478C2000200D
:10A3D00038B50C4601F0EEFAA3780B4A13705A1EFA
:10A3E00055425541A8420CD0012B04D02846BDE867
:10A3F000384001F0C1BA204601F090FA0028F5D0AB
:10A4000038BD0020FCE700BFCE290020002108B5A0
:10A41000024B08465B689847002008BD1C2C0020B2
:10A4200010B5FFF74BFF0D4B0C461A1A5342534120
:10A430008B4201D1002010BD094B1B683BB9094A72
:10A44000064B002C08BF1346074A1360F2E713F0CF
:10A450007EFF0028F3D00220EDE700BFD0350300D7
:10A460008C200020F835030088200020F8B5044631
:10A4700015F0A9FE002607460E4B1B6893B19E6897
:10A48000AEB196F82420D20711D435460FCC0FC5B3
:10A490000FCC0FC523682B6096F8243043F00103DE
:10A4A00086F82430384615F089FE3046F8BD1B6822
:10A4B000E4E700BF0C2C0020431E033306D8044BF6
:10A4C000984228BF1846642838BF6420704700BFF0
:10A4D00040420F0038B505460C4641B10B6833B118
:10A4E0001B68013303D0CB680BB18B6843B902F012
:10A4F00063FD00209122412100F030FA212038BD77
:10A50000084602F0C9FD0023094A85F83C31C5E937
:10A510003A4313605360636943B1064A42211068AD
:10A52000B322C31A5842584100F018FA0020E6E757
:10A53000002C00200423002010B5044618B9054B58
:10A54000054A136010BD00F085FCD4F8F430002BF0
:10A55000F6D1F4E77DDF0200102C002008B502469A
:10A560000868FFF7A9FF08604868FFF7A5FF486083
:10A570008868FFF7A1FF8860C868FFF79DFF0B6937
:10A58000C860581C03D00B48834228BF03460B61A8
:10A590004B69581C03D00748834228BF034688698B
:10A5A0004B61FFF789FFBDE808408861104601F064
:10A5B00045B900BF40420F00D0F8EC302DE9F04122
:10A5C00005460C4613B1838D8B424CD0D5F8E8304C
:10A5D000002B4BD09E68002E48D0D868002845D06C
:10A5E000013800B200281ADB002106E0128A591C4B
:10A5F000A24217D209B2884211DB0B1803EBD373C6
:10A600005B1003EBC30206EB8202B2F80EC003F14B
:10A61000FF3EA445EAD90FFA8EF08842EDDA2120F8
:10A62000BDE8F0814FF6FF7299B29142F7D09BB22C
:10A6300003EBC30306EB83062846B6F9122095F810
:10A640003011D5F8FC80EEF7B3FF0746B8F1000FE4
:10A6500004D00023324628461946C047AC85C5F8C9
:10A66000EC6085F839710020BDE8F0810E20BDE86E
:10A67000F08100BF2DE9F04782B004460F46164630
:10A6800001F09EF9002840F086805A4D2B68D4F8DE
:10A69000E890D4F8EC8013B14B4500F089804FF07E
:10A6A000000AAF6001F01EFE0128074604D0012118
:10A6B0000022084613F02DFC2B68D9F80010D8F8BA
:10A6C000002013B1186888427FD0204614F023F888
:10A6D000BAF1000F11D086B9204601F0D3FB054630
:10A6E000D4F89430002B37D1012F02D0002D56D151
:10A6F0000025284602B0BDE8F0873F4BC5F8009022
:10A700001A78C5F804808DF8076062BBD4F8FC5055
:10A71000002D62D0114620460DF10703A8472046C0
:10A7200001F0B0FB0546BAF1000F31D1B5FA85F062
:10A7300040F205423321400900F010F9314620462D
:10A7400001F0C2FC2D4B05461B6841462046984748
:10A75000D4F89430002BC7D000224FF40073204669
:10A7600000F088FBC0E7D4F8EC30B4F9441023B112
:10A77000B3F912309942A8BF19463246204601F07B
:10A78000F7FA204601F07EFB0546BAF1000FCDD066
:10A79000002ECBD1A4E70023164D6B6076E7184B53
:10A7A00000215B6803209847284602B0BDE8F08787
:10A7B0006B68002B3FF473AF43457FF470AFAB6819
:10A7C0009F4295D04FF0010A6BE7696819B109689B
:10A7D00091423FF47DAF596877E794F8281094F8D8
:10A7E00039313246994228BF1946204601F08EFA87
:10A7F00095E700BF002C0020A9170300102C0020B3
:10A800001C2C0020F8B50E46054615F0DCFC314640
:10A8100007462846FFF7D0FE044620B1384615F01B
:10A82000CDFC2046F8BD01F035FD224631462846D4
:10A83000FFF720FF0446384615F0C0FC2046F8BD5F
:10A8400037B5D0F8E830274A04461360D0F8EC302A
:10A850009160536000228DF80720234A12786AB372
:10A86000B0F9441023B1B3F912309942A8BF194688
:10A870000022204601F07CFA204601F003FBB0FAEA
:10A8800080F040F259423321400900F067F801217D
:10A89000204601F019FC154B05461B682046D4F8EC
:10A8A000EC109847D4F894302BB100224FF4007389
:10A8B000204600F0DFFA284603B030BDD0F8FC5047
:10A8C00055B990F8281090F839312A46994228BF96
:10A8D000194601F01BFACFE711460DF10703A8470F
:10A8E000CAE700BF002C0020A9170300102C00208D
:10A8F00070B50D46044613F08FFE02F0ABFB094B1A
:10A900001B784BB9D4F8FC6036B129462046B446D2
:10A91000BDE870401A46604729462046BDE87040B1
:10A9200013F07FBEA9170300024B1860024B196099
:10A93000FEE700BFA8220020142C002038B5044DEB
:10A94000044C054B286021601A60FFF7EDFF38BD0D
:10A95000A8220020142C0020AC22002010B550B9F1
:10A960000548064B0160064802601868054B1860F0
:10A970001868FFF7E3FF10BD142C00208C20002086
:10A98000AC220020A8220020054B1B680BB91846FA
:10A990007047834201D01B69F8E70120704700BF70
:10A9A000B4220020094A13680BB918467047834245
:10A9B00007D11B6901201360054A1368013B13602E
:10A9C000704703F110021B69EEE700BFB4220020BC
:10A9D000B02200202DE9F74F064615F0FDFBDFF809
:10A9E0002881012398F800B0DFF820910190BBF195
:10A9F000000F06D089F8003003B0BDE8F04F15F025
:10AA0000E6BB3F4F88F8003089F800B013F0EAFB4E
:10AA100008B113F0E5FB3D683A495DB9DFF8F0A0F5
:10AA2000DAF800200024AA423B682ED84FF0FF310C
:10AA300034483AE06B7D8BB12B68B34202D09A1B4D
:10AA40008A420BD96A6813442B60AB68003A18BF7E
:10AA50000122003B18BF01236A75AB752D69DCE745
:10AA6000907D20B1107D88429CBF0146144612693A
:10AA7000002AF5D1002CD9D094E80B00A275411A18
:10AA8000E268204698470135CAE71A46FF21EFE7FA
:10AA90005A7D4AB11A68B24224D0921B824221D810
:10AAA000914201D311461C461B69002BF0D15CB1C9
:10AAB0002046FFF777FF38B13B683C602361DAF846
:10AAC00000300133CAF800303B685A7D6AB913F090
:10AAD00085FB064699F80030002B95D1019888F83F
:10AAE000003089E71C460021DEE7186800F0D2F844
:10AAF000044613F073FB0646002C85D1EAE700BF3D
:10AB0000B4220020FCFFFFBFD0290020CF29002065
:10AB1000B022002038B5054608B31822002109F0FC
:10AB2000B4FD15F059FB02462846FFF72DFF20B172
:10AB3000104615F04CFB022038BD0A4B1C6854B976
:10AB400009491D600B68104601332C610B6015F03C
:10AB50003EFB2046F0E704F110032469EFE72120D3
:10AB6000EAE700BFB4220020B022002038B5044636
:10AB7000FFF70AFF15F030FB05462046FFF704FFFC
:10AB8000637D23B9284615F022FB0E2038BD002333
:10AB90006375064B1B68A34203D113F01FFBFFF73D
:10ABA00019FF284615F013FB0020EFE7B422002020
:10ABB0002DE9F84FDDF82890984604460D46924658
:10ABC000FFF7E2FEDDF830B015F006FB074613F0A4
:10ABD00005FB06462046FFF7D7FE637D23B12046DE
:10ABE000FFF7C4FF0023A375BAF1010F21D175B996
:10ABF000B8F1000F1FD1B9F1000F03D05A4631460A
:10AC00002046C847384615F0E2FA002017E03544E0
:10AC10000C4BAA1B9A420ED8012363759DF82C3069
:10AC2000304684E820032375C4F80CB0FFF7D2FE49
:10AC3000E8E7AE42ECD1384615F0C9FA2120BDE86C
:10AC4000F88F00BFFCFFFFBF2DE9F04107468846A3
:10AC5000FFF79AFE15F0C0FA3D68064613F0BEFAFB
:10AC60007B7D7BB185420DD0094B2C1A9C4209D8C3
:10AC7000304615F0ACFAB8F1010F08BF254628465A
:10AC8000BDE8F081304615F0A2FA0025F7E700BFD5
:10AC9000FCFFFFBF0023024A194600F0CFB900BFF6
:10ACA000A7E102000C232DE9F74F06460F46144694
:10ACB00000254FF00609DFF854801370EBB209FB52
:10ACC00003F3D8F80010CA185079012804D9237862
:10ACD0000C2B14D1212013E031F903B01179B2F912
:10ACE00002A030460022019113F043FA58B10199B5
:10ACF0002170B7F900305B4505DB534503DC0020CC
:10AD000003B0BDE8F08F0135D8E700BF182C002054
:10AD1000024B0022196813F017BD00BFB8360300BC
:10AD2000024B0122196813F00FBD00BFE022002082
:10AD300090F82530FF2B0FD0012904D902390129C1
:10AD400006D9212070470222044B196813F0FCBC7D
:10AD5000034B03221968F9E702207047B03603005D
:10AD6000AC360300024B0422196813F0EDBC00BF9F
:10AD7000A836030038B5094B5A68094B9A420AD1E4
:10AD800015F021FA054606F043FA0446284615F068
:10AD900015FA204638BD0024FBE700BF1C2C00201C
:10ADA00081E20200024BD868C0F30360704700BF25
:10ADB000000002B810B5054C237823B103F01EFC47
:10ADC0000020207010BD0E20FCE700BFD22900201B
:10ADD00008B503F0E1FB0122014B00201A7008BD09
:10ADE000D2290020F8B504460F46164615F0EBF9B7
:10ADF0000546A047044620B1284615F0DFF9204655
:10AE0000F8BD05F09DFE04220549D1F8EC3E23EA89
:10AE100007033343C1F8EC3E024B1A64ECE700BF72
:10AE2000003000B0002002B800F01803182B0AD040
:10AE300003070AD440F2011310F0100018BF18469F
:10AE4000034B986770470020FAE70120F8E700BF3E
:10AE5000003F00B038B10368044A002B08BF134616
:10AE6000034A13607047014BFAE700BF89E2020012
:10AE7000282C002010B4D0E9544122400B4052EA63
:10AE8000030104D003495DF8044B096808475DF8E5
:10AE9000044B7047282C00200F2938B505460C4676
:10AEA0000ED801F01FFA01280CD1074A2846536E2C
:10AEB00023F00F032343536613F03CFC002038BDFE
:10AEC0002120FCE70220FAE7003F00B008B50E4B56
:10AED0001A6C12F0A00F01D0002008BD5B6C5B075C
:10AEE0000FD40A4BD3F8EC3E23F07F4323F0FF034B
:10AEF0003BB1FFF757FF0928EED00C3818BF0120EF
:10AF0000EBE70120E9E700BF000002B8003000B025
:10AF100070B50D46064620B91A4B1B68CBB10E2002
:10AF200016E001F0DFF901282AD1174BD6F8F0001E
:10AF300093F9004013F073FBC4F12704241A641B37
:10AF4000C4F11C03002BB8BF5B42232B0CDD212076
:10AF500070BDA1F10B03002BB8BF5B42232BF6DCC5
:10AF6000094B19700020F3E786F8265015F02BF9ED
:10AF7000054660B200F020FE284615F01FF9F1E703
:10AF80000220E5E78C200020D129002010B501F037
:10AF90003FF904F07DF915F016F90A4A0121D2F8BB
:10AFA000C43E044623F02003C2F8C43E0222064BEE
:10AFB00008469A60054B5B689847204615F0FEF8F6
:10AFC000002010BD003000B0001002B81C2C002082
:10AFD00008B513F05AF98022024B5867024B1A61E8
:10AFE00008BD00BF003F00B0000002B8014B186868
:10AFF000704700BFCC22002037B515F0E4F80123DC
:10B0000000220024009300230546194610460194AF
:10B0100005F066FB022002F0E7FB064B21461C60B0
:10B02000054B02205B689847284615F0C7F8204674
:10B0300003B030BDD42200201C2C00202DE9FF419C
:10B0400002290D4616469846039004D1FFF7D4FF17
:10B0500004B0BDE8F08115F0B6F81E4F04463B6819
:10B060003BB1B34205D015F0A9F8002321203B6085
:10B07000EEE7194B0022C3F800803E600023012652
:10B080004FF00008104619460196009605F028FB7F
:10B09000124B022083F8008002F0A6FB43462A46AA
:10B0A000022003A902F0BEFB0D4B039A1A6008B9F7
:10B0B0002046D8E70B4D2B689847212804D020461E
:10B0C00015F07CF80020C3E731466B6802209847F2
:10B0D000F5E700BFD4220020D0220020D429002090
:10B0E000CC2200201C2C0020044B5B6E5B054EBF65
:10B0F0000120034B187800F00100704700C001B830
:10B10000D429002090F82530023B022B05D84B7C37
:10B110002BB1012B05D0022B05D013F01BB903482E
:10B120007047034870470348704700BF20A10700DD
:10B1300048E8010040420F000A78022A11D0101F8F
:10B140004242424152004B781201022B0BD0191F90
:10B150004B424B415B000549054842EA8312FFF729
:10B1600041BE0122EFE70123F5E700BFF0FFFF003A
:10B170002DC301000B78022B10D0181F434243410E
:10B180005B004A78022A0BD0111F4A424A41520002
:10B190000F21044843EA8202FFF724BE0123F0E7AF
:10B1A0000122F5E759C30100D0F8B03010B599423B
:10B1B00004460ED0C0F8B01002F024F80649A4F8F6
:10B1C00034010123054AD1F8FC1004F5827004F023
:10B1D0001BF9002010BD00BF004F00B0A43F00B01D
:10B1E0002DE9F74F04460F4615461E46FFF76EFE43
:10B1F00038B3A38A2BB3204612F039FF78B9714BCC
:10B20000D3F8EC2E1EB10E2003B0BDE8F08F02F093
:10B210003003102BF7D002F0C002402AF3D0DFF841
:10B22000CC8104F035F8D8F81430DE07EBD514F0F3
:10B23000CAFF0646032002F0E3FB20B1304614F0BB
:10B24000BDFF0220E0E7D8F8142012F0060BF5D17C
:10B25000304614F0B3FF5B4B4FF400612046D3F847
:10B26000ECAED3F8CC9E05F0E3FD58B14FF4007876
:10B270000121554E5A460846C6F8408012F049FE54
:10B28000C6F8408039462046FFF7BCFA4D4BC3F85C
:10B29000ECAEC3F8CC9E0028B6D194F824309806C2
:10B2A00001D4002D4DD0C5F3400004F0BBFB0223B8
:10B2B00015F4807F1FBF454A002113644FF03A42C6
:10B2C0000BBF414A91611364536305F039FC4FF49D
:10B2D000806315F0040F14BF3D4A3E4A3A4E536254
:10B2E000042328463364FFF79FFD204613F05AF8E5
:10B2F00038B14FF4807315F0010F16BF334A336431
:10B300001364A90647D54FF6FF72E38F93420FD01F
:10B31000314A3249526E100CC2F301120132B3FBB2
:10B32000F2F308802A4A2B492D481B0448665366CD
:10B33000003D18BF012594F8243065F3451384F8C7
:10B340002430204613F0F3F9F0B1204613F02AF828
:10B35000D0B14FF40031204605F06AFD431C0322B2
:10B360009BB2204801A913F05FFA9DF8042002F077
:10B370000703052B9DF8053016D112070ED443F4B0
:10B380008073194AC2F8D43040F2366003B0BDE889
:10B39000F04F01F05FBE00F05DFFC9E713F0040F4E
:10B3A00009D19DF80630EAE703F03002202A05D1E2
:10B3B00013F0010FF4E74FF48073E2E79DF80630D5
:10B3C000DFE700BF003000B0002002B8001002B874
:10B3D000005001B8006001B8004001B8542F0020AF
:10B3E0000000FFFF0C0000BA003E00B000C001B832
:10B3F0002DE9F0470B460746154611B92120BDE857
:10B40000F087002AFAD0032905D8002201F022FD96
:10B4100003460028F2D01C889A78B4F5804F02F0D9
:10B42000070180F0CA80A1F1070C187993F805A0F4
:10B43000DE88DCF1000343EB0C0305292B7394BF7A
:10B440000023C2F30013C2F3801C6B73930985F8C9
:10B4500010C003F00203C2F3C00C43EA0C03C2F3B2
:10B460004012E8746B74AA74D7F89C30AE82D80688
:10B4700000F18F800639012900F28B80B7F8128025
:10B48000D7F81C9008F1FF384D4B083C04EA08043B
:10B490005B6D19F804300020802B0CBF6FF07F0328
:10B4A000323B04F1010418BF5BB204EA0804AB7339
:10B4B000631D03EA08035A1CA86002EA080219F88F
:10B4C000036019F8022097F8253046EA0226FF2B80
:10B4D00036B228D1F10455D5D7F8F03013B11B6836
:10B4E000022B05D841F218324C210020FFF736FA22
:10B4F000D7F8F030C6F30B0093F82430C0000BB13E
:10B50000B0FBF3F0824542D838B1CAEB0A2ABAFB45
:10B51000F0FA6FEA0A0A5FFA8AF0D7F8F83013B146
:10B5200095F90E109847631CE87303EA080319F8AD
:10B530000340013303EA080319F80320013303EA47
:10B54000080344EA022419F80320013303EA08033C
:10B5500019F8033044EA024444EA036416F48043D1
:10B5600006D0384600F084FAB0FA80F35B095B003D
:10B57000214638466A7C03F0F5FF06232860AB714C
:10B5800000203CE719F804004000C0B2C5E70020E5
:10B59000C3E700230020EB730A4BDA69C2F30723E9
:10B5A000120448BF63F0FF035AB212F1800F1CBFB0
:10B5B000323B5AB2AA730346E0E702201FE700BFFE
:10B5C000004000B800C000B8F8B507460D46144664
:10B5D0008BB113F09EF829463846BE8A01F0E6F892
:10B5E000B44228BF3446A4B222462946044801F09A
:10B5F000F9F92046F8BD12F03BFF0646F0E700BF20
:10B600000C0000BA082310B1024A13647047024AC2
:10B61000FBE700BF001002B8002002B8054A12681C
:10B620001AB190F82A1119B91047084602F044BD22
:10B6300001487047BC22002000FEFFFF354B2DE97A
:10B64000F7431C6801F4007900F00103174653EA40
:10B65000090206460D4637D04FF000084BB30023D1
:10B66000002201200021CDF80480CDF8008005F0F3
:10B6700037F841462046FFF7D1FF01224146E085D9
:10B68000DFF8A480104612F044FCD4F89C1094F823
:10B69000250002F08FFDD8F8000000F0DBF94FF034
:10B6A000FF33C8F8003094F8243043F0040384F8E2
:10B6B0002430B9F1000F07D00121204613F071FAB0
:10B6C00025F4007506430D432B4632462046FFF70E
:10B6D000D1FBFB070FD51049104A086800211368F9
:10B6E000116001210E4A117003B198470D4B0021E2
:10B6F00002205B68984717F00E0F08D040F2C7127F
:10B700003B21002003B0BDE8F043FFF727B903B0A9
:10B71000BDE8F0838C200020D0220020D42200201D
:10B72000D42900201C2C0020242C002008B55822ED
:10B730000021064808F0A9FF1022FF21044808F064
:10B74000A4FF05F07FFB002008BD00BFF03E00B065
:10B75000343F00B073B52D4A2D49137809784FF066
:10B76000FF350B4313700C23742280F83031A0F89E
:10B7700020216D238222C0F80C31C0E944236423C8
:10B78000C0E946336FF07C438362224B0026C363DB
:10B7900000F15003C3644FF6FF73044680F8253070
:10B7A00003F58003C0E90C3580F82660C0F8B0507E
:10B7B000858503F0A3FF2046FFF7B8FF94F9261014
:10B7C0002046FFF7A5FB6023134A40F6FF71D364C0
:10B7D0004FF03A4211631167104A2946D364402260
:10B7E0000F4B20461A64D4F89C2012F0A4FD0E23BF
:10B7F00000220193009340F202231046194604F000
:10B800006FFF01F0CFFC304602B070BDD62900209A
:10B81000A91703000700FFFF004000B8005000B860
:10B82000002002B8044BD3F8EC3E13F0806F14BF35
:10B8300023200020704700BF003000B00246F8B55A
:10B84000B0F8344100F58275FFF7ECFF0B688E68A5
:10B85000013304BFD2F80C310B604B68013304BFD5
:10B86000D2F818314B60771C3FD1D2F81431CF6831
:10B870008B607E1C40D1D2F810610F69CE60013719
:10B8800004BFD2F804710F614F69013704BFD2F8C9
:10B8900008714F618F69013704BFD2F81C718F6145
:10B8A0008F6987BBC0F1640408688C6110B16D2892
:10B8B00038BF6D20C2F814314B68C2F80C01C2F8D1
:10B8C00018310B692846C2F804314B691149C2F896
:10B8D0001061C2F81C41C2F80831D1F8FC100723EE
:10B8E0000D4A03F091FD0020F8BD04F16D031B1A11
:10B8F000B34238BF3346BAE704F17406361ABE4283
:10B9000038BF3E46B9E76D34241ABC4238BF3C46C6
:10B91000CAE700BF004F00B0A43F00B038B5054CE7
:10B92000054B417800782568236002F051FD00B195
:10B93000256038BDD82200205436030038B514F0F5
:10B9400042FC054600F0CEFC012805D0284614F044
:10B9500035FC0224204638BDFFF724FA0028F1D137
:10B96000044BDC6814F08054ECD1284614F026FC1B
:10B97000F0E700BF000002B80A4B10B51B68044690
:10B9800073B1094B48B10121084A1A60022003F043
:10B9900093FC0020064B1C7010BD01461860F5E7B3
:10B9A0000220F9E7D8220020DC2200204C360300D8
:10B9B000D5290020014B1878704700BFD5290020F9
:10B9C0004FF40022034B186C03F500531A64C0F3C4
:10B9D000C0407047000002B8024B586900F00100F7
:10B9E000704700BF00C001B8084B5A69D10707D59E
:10B9F00008B901F0D5BE5B69DA0706D401F0C2BE12
:10BA00005B69DB0701D40028F8D1704700C001B89A
:10BA10004FF0806310B1024A53617047014AFBE75F
:10BA2000001002B8002002B8202350B1064AC2F824
:10BA3000F433064B196C11F0010104D1032003F01B
:10BA40003BBC034AF3E77047001002B800C002B8DD
:10BA5000002002B8431C07D06FF0FF02034B1040D8
:10BA60005A62A3F580535862704700BF00E000B8E7
:10BA7000014B986E704700BF003F00B0014B0020A3
:10BA800099667047003F00B003282DE9F74F0C4638
:10BA9000914679D83D4B13F800A03D4B1E5C3D4BC1
:10BAA00013F800B014F08FFB804605F013F807463A
:10BAB00040B10023002201930093012000230021C4
:10BAC00004F00EFE05F00EF848B1002300220193A9
:10BAD0000093002000234FF4004104F001FE002EEB
:10BAE00045D02D4BDD6C05F008050AEB06002B4B0D
:10BAF00023305844DD64C0B201F0ACFD31465046FD
:10BB000005F036F85A463146504605F09FF8244B6A
:10BB1000DD6477B1234B1B68D3F89C1093F82500A4
:10BB200002F048FB20490868FFF794FF4FF0FF330D
:10BB30000B60B9F1000F04D01C4B002103205B689F
:10BB40009847B4B14FF48062194B1D6F03F5005351
:10BB5000C5F380251A67404614F030FB00F0C2FBA5
:10BB6000012808D15DB9002003B0BDE8F08F35464B
:10BB7000BBE72546EFE7002CF0D10520F4E74FF4B2
:10BB800080620C4B1A67EEE72120EDE76C3603006C
:10BB90006836030064360300004000B8006000B857
:10BBA000005000B88C200020242C00201C2C0020E9
:10BBB00000C001B800D001B8054AC002136A00F401
:10BBC000FF2023F4FF23184310620020704700BFBA
:10BBD00000C000B8094B08465A6A91020BD4D3F84A
:10BBE0000021D20708D4D3F8803013F4706F14BF4B
:10BBF0000120002070470120704700BF004001B8BD
:10BC0000F8B50D46144601F00B0323EA0201394A48
:10BC10002340D1646F07A2F580520646D36410D545
:10BC20000121FFF7D7FF60B104F08AFF4FF40073E2
:10BC300014F0040F14BF304A304A53620422304BD0
:10BC40001A64E90606D514F0100F14BF00221B2257
:10BC50002C4B5A652A061DD5230616D54FF4001223
:10BC6000254B1A62012203F58053C3F8002114F01A
:10BC7000AAFA0E210746032002F00CFA40F2012234
:10BC8000204B3846DA6214F099FA214696F82500DE
:10BC900002F090FAEF0503D5E00524D502F064FA2E
:10BCA000A90503D5A20521D502F06AFA15F0600FA7
:10BCB00004D03046D6F8F010FFF78AF92B0510D5DE
:10BCC00004F03EFF104A14F4006FD2F8EC3E14BFAB
:10BCD00043F0006323F00063C2F8EC3E0422084BFB
:10BCE0001A640020F8BD02F039FAD9E702F042FAEE
:10BCF000DCE700BF006000B8005001B8006001B888
:10BD0000002002B8004000B8003000B070B5054611
:10BD100090F830010C460C2822D0FF2901D12120B7
:10BD200070BD1AB14FF0FF320F4B1A6012F0B6FD22
:10BD3000064695F8300101F057FA844228BF0446C0
:10BD4000E4B2B44238BF3446E0B285F8290001F0CD
:10BD500055FB064A0346107820B9FF2BE0D1DEE7F9
:10BD60000220DDE70020DBE72C2C0020A9170300D0
:10BD70000C4B73B51B7804460E4615467BB96946D5
:10BD800012F05FF932469DF800102046EDF710FCE6
:10BD90002A4601462046FFF7B9FF02B070BD0020D9
:10BDA000FBE700BFA9170300F8B50E4690F8301165
:10BDB00004460C29174603D12D4B1B78002B4FD07E
:10BDC00032462046EDF7F4FBD4F8EC3084F8280036
:10BDD000002B41D0274A1578D4F8FC204DB1002A19
:10BDE00040D1B4F94400B3F91210884206DC0025B2
:10BDF00007E0BABB94F83921824202D20125B3F997
:10BE0000126000223146204684F82B70FFF7B0FF05
:10BE100008BB75B1C4F8EC00204612F0D5F84FF617
:10BE2000FF739842014615D02046BDE8F840FEF762
:10BE3000E9BC114B1B7813F0FD0F0BD1204601F02C
:10BE4000E1F90E4901230E4AD1F8FC1004F5827085
:10BE500003F0DAFA0020F8BDFF2384F82930F9E76F
:10BE60000220F8E7B4F94010B3F912209142BDE77F
:10BE7000A9170300D6290020562F0020004F00B03C
:10BE8000A43F00B0D0F8A430012B01D100207047AE
:10BE900070B505464D498EB012F05AFDD5F8EC60EC
:10BEA0000146AC8DC5F8F00026B1336813B15B686C
:10BEB000002B66D114F087F914F080F90123D5F82E
:10BEC000F0108DF80E30B389B0687268E31A9BB237
:10BED00000FB03223E48ADF80C3003680292994201
:10BEE00002D02846FFF774F83A4C3B4E00F0FAF9BE
:10BEF0000128FBD1236CD907F8D4336CDA01F5D4CF
:10BF0000D5F8F01028460D919DF80E20029908AB47
:10BF100002F044FF002831D100F0E4F90128FBD100
:10BF20002D4A2C49136CDB01FCD40B6CDE07F9D4D1
:10BF300008A901A803F054F900BBAA8D274B5A6445
:10BF400095F8243060F3410385F8243012F02CFC7E
:10BF5000D5F8EC3002465B691968431EDBB2FD2B55
:10BF6000049114D9CC1C12D91D4B01311B6815D07A
:10BF7000D81C10D8284604A904930AE002200EB069
:10BF800070BD1A68032A95D99B6A5B0E99E728460B
:10BF900004A912F0F1FB00200EB070BDD91C04D82A
:10BFA000284604A9049312F0E7FBD5F854319B0509
:10BFB00006D495F8243043F0020385F82430EAE7EC
:10BFC00028464FF4803112F0ECFDE4E7FC4F00B05E
:10BFD000C022002000C002B8000002B8008001B8F2
:10BFE000382C0020F8B590F83C61044666B314F094
:10BFF000EAF81F23154F013E7B621E40144B054695
:10C000005E62D4F84021A3F580539A66D4F84421A7
:10C01000DA66D3F80031DB0711D5204612F0DEF9DD
:10C020004FF0FF3318B1C0F120029340DB43C7F853
:10C030000431D4F8A8201340054AC2F80431284638
:10C04000BDE8F84014F0BAB8F8BD00BF006001B810
:10C05000005001B810B504234FF03A4101240A4AB8
:10C06000D1F81801C2F81831C2F814314C634FF4FA
:10C0700000511163410742BFC2F81431A2F580524A
:10C08000C2F8183110BD00BF002000BA70B54FF0E3
:10C090003A434FF480640A4DD3F818610020C5F884
:10C0A0001841C5F8144104F0A9FD4FF400532B6763
:10C0B000730542BF034BC5F81441C3F8184170BD66
:10C0C000002000BA001000BAF8B504460E4619B9AF
:10C0D00090F82430590657D44FF6FF73218ED4F8C8
:10C0E000F070994204D03D4B1B680BB12046984735
:10C0F0003B4D2B68BB4265D03A4B1B683BB11FB12F
:10C100003A68002A60D0BF6839462046984707271A
:10C11000204601F077F8002E4AD004F093FE062066
:10C12000314B94F9262093F900303049C3F12703AD
:10C130009B1A0A6ADB0222F4FF2203F4FF23134353
:10C140000B62D4F8F0202A4B2A60986701F0BEF900
:10C1500001250022274B284920460D7083F88020B6
:10C1600012F0E8FA254B1B6C5A0203D4D4F89C3029
:10C170001B0607D54FF4001001222149214B08620C
:10C18000C3F800210020F8BD4FF6FF71144DD0F820
:10C19000F0702A6866F386139742018680F824308F
:10C1A00017D0104B1B68002BA9D101F02BF80727E3
:10C1B00015493B46154AD1F8FC1004F5827003F08E
:10C1C00023F9AAE70127A3E71746204639469847EF
:10C1D0009DE701F017F80127EAE700BFC822002019
:10C1E000C0220020C4220020D129002000C000B8B5
:10C1F000006000B8003F00B0D3290020000002B862
:10C20000005001B8006001B8004F00B0A43F00B07A
:10C2100010B50446D0F824210B4B4FF40061C3F84D
:10C22000C82090F82420D20102F4006204F0ECFD52
:10C2300094F8243013F0100F4FF4007314BF034A26
:10C24000034A136410BD00BF003E00B0001002B8E6
:10C25000002002B838B513F0B6FF4FF6FF710A4A56
:10C2600013888B4203D113F0A9FF0E2038BD074C71
:10C27000074D1B046566A4F580546366118013F0B6
:10C280009DFF0020F2E700BF542F0020006001B89E
:10C290000000FFFF08B50F4BD3F84C21531C17D0FB
:10C2A00012F0804214D10C4B1B78012B10D9082BB3
:10C2B0000ED00A4B1B681BB111460320FFF7E4FBAD
:10C2C0004FF08062064BDA6401225A6102229A62C0
:10C2D00008BD00BF0080E00F7B2F00208C200020D5
:10C2E000001002B80F4BDB68C3F30363013B0B2B59
:10C2F0000FD8DFE803F006060C06060606080A0853
:10C30000080802207047042070470520704703206A
:10C310007047054B5B6913F0060F0CBF012004202A
:10C32000704700BF000002B800C001B8094AD368D6
:10C33000C3F303630B2B08D06FF49050184100F047
:10C34000010080F0010040007047106C10F4803054
:10C35000EDD17047000002B80C4AD368C3F3036301
:10C36000062B07D8042BD8B20BD8C31E584258410D
:10C3700040007047072B06D1D2F844010028ECD1C9
:10C380007047022070470020704700BF000002B8CD
:10C39000094BDB68C3F303639A1E012A8CBF00229A
:10C3A0000122012B02701EBF4FF4026222FA03F336
:10C3B00003F001030B707047000002B8F0B5CF071F
:10C3C0002CD5002A14BFAA2555250E461E24154F2C
:10C3D00001F0030383F001033B449B7806F0070C54
:10C3E00017F80CC0013C63444FEA5606F6D10E4ED6
:10C3F00073436FF481769B0C33448AB991FAA1F1AF
:10C4000095FAA5F54A082D0F490042EAC57201F0D8
:10C41000020480F82740C0E92A23F0BDAA25D4E70A
:10C42000024AF6E77036030036FC1000B7563512A4
:10C4300013B5019147F6FE711A4BC3F83012D0F8CC
:10C44000AC4001EA4401184CC4F830120F2159667F
:10C450000199C90723D512BB012161664FF0FF3155
:10C46000C3F80411D0F8A8400F49C1F804414FF0B7
:10C47000F044C3F8104190F82730DB062340C1F8A0
:10C48000103152B10422C06C0DEB020108F024F906
:10C490004FF03A430222C3F8F42002B010BD02214B
:10C4A000DBE700BF006001B8005001B813B590F899
:10C4B00025100446FFF7E2FA012001F0D7F84FF407
:10C4C000F0620B4BDA644FF40072A3F58053DA6428
:10C4D00094F82530023B012B08D80421054B01229A
:10C4E0009B6E0DEB0100019300F04AFB02B010BD02
:10C4F000006000B8004001B838B5184B05461C680C
:10C5000044B1E36833B1206801F008FDA3681868FE
:10C5100001F004FD124B134A1B6813602BB1DA685B
:10C520001AB19B68186801F0F9FC0F4B1B682BB11E
:10C53000DA681AB19B68186801F0F0FC0B4B1B68B5
:10C540002BB1DA681AB19B68186801F0E7FC214644
:10C550002846BDE83840002212F0F6B8B83603008D
:10C56000B4360300E0220020B0360300AC360300EE
:10C57000F8B5D0F8403104468B420D46164603D13B
:10C5800090F83C31202B0ED0324629462046FFF74A
:10C5900015FF202384F83C310023C4F84051C4F82F
:10C5A0004431FFF71FFD4FF00077074B32461F6401
:10C5B00029462046FFF73CFF8022044B1A6103F511
:10C5C00000531F64F8BD00BF001002B8000002B89D
:10C5D00010B50724144BDC6331B94FF48041A3F547
:10C5E0008053C3F8041115E04421104B59631049DE
:10C5F000096891F8251006291CBF40F04000986397
:10C6000001230C484FF48041C363074B002AE8D054
:10C61000C0F804114FF48042C3F80821C3F80C217C
:10C62000C3F8102110BD00BF006000B8004000B882
:10C630008C200020005000B82DE9F74F05460E462B
:10C640009046019313F0BFFD074603F06FFA95F88B
:10C6500025B0032E0DD8DFE806F00211171D414B5F
:10C66000DFF82491D3F800A085F82560BAF1000F17
:10C6700012D12124204603B0BDE8F08F3A4BDFF8F9
:10C680000C91D3F800A0EFE7384BD3F800A0DFF807
:10C690000091E9E7364BF8E7D5F8E820524507D096
:10C6A000504600F0F9FC0022C5F8E8A0C5F8EC20DF
:10C6B00041462846FDF780FF044603F04DFAB34596
:10C6C00007D0D5F8EC2028461268DAF8041012F0EA
:10C6D00022F8019BDFF8BCA0A3F16D0001F014FA71
:10C6E000B0F57F4F3FBF234B9B6B0133C018A0F5C4
:10C6F0007F40CAF8D000484602F010FECAF8D400C5
:10C700002CB941462846FEF79BF8044618B1384636
:10C7100013F054FDAEE701224FF00209164B4146DB
:10C720001A642846C3F80890FEF730FC044618B196
:10C73000124BC3F80890EAE731462846FFF79EF906
:10C7400028460C9911F05BFD04460028DFD10C4906
:10C7500007230C4AD1F8FC1005F5827002F054FE54
:10C76000D5E700BFB8360300E0220020B036030052
:10C77000AC36030000C001B8001002B8002002B8B7
:10C78000004F00B0A43F00B0D0FB010050BD01003D
:10C79000501C0700003E00B0034BD3F8F80780F0B0
:10C7A0000070C0F340607047000002B810B590F808
:10C7B0002500FF2814D0304BD3F8B82012F0060F14
:10C7C00001D001280DD94FF470622C4BDA604FF480
:10C7D0008072A3F58053DA600022274BC3F8B4209F
:10C7E00010BD02F0020412F0040202D00B789B0686
:10C7F00037D4002C39D00B7803F00F03072B34D13A
:10C800004B78022B31D98B7813F03E0F2DD0CC789A
:10C8100014F0040F29D014F0010F0CBF04230A23D5
:10C82000A40748BF0633CB5CFBB1002A14BF022229
:10C830000122012840F6FF7003F01F0108BF4900E4
:10C84000013940EA01310E4801654FF470600B492F
:10C850001202C860A1F58051CA60074AC2F8B4301C
:10C86000BEE7002CC7D18B7823B90023044A136597
:10C870000122EAE70222DCE7003E00B0006000B8D7
:10C88000004000B80A68064B12F0802F1CBF42F22D
:10C890000101C3F82812C3F88822C3F88C2270471C
:10C8A000004001B8F0B585B06C460E460B4B07460C
:10C8B00015460FCB84E80F00094BD3F848220092AD
:10C8C00026B16B1EDBB2FD2B88BF32602A462146A3
:10C8D000384611F051FF05B0F0BD00BF78360300B7
:10C8E0000080E00F30B50823054685B080B9094ABD
:10C8F000C2F8FC3351B96C46074B0FCB84E80F00EC
:10C90000064B2A4621461868FFF7CCFF05B030BD1C
:10C91000034AEDE7001002B8883603008C2000209F
:10C92000002002B84FF03A43D3F81421D2031ED5A9
:10C930004FF480320E49C1F81421A1F58051C1F89D
:10C9400018215A6DD1B2C2F30722C3F8A410C3F85C
:10C95000A4200422C3F8A4200022C3F8A420C3F812
:10C96000A420C3F8A420C3F8A420C3F8A4207047CF
:10C97000002000BAF0220B4B01219A64A022A3F5FB
:10C9800080539A644FF03A43C26CC3F8F410FC2110
:10C99000C3F8CC10C3F8D0204FF40052C3F8F020F5
:10C9A000704700BF006000B8F8B50D464FF03A443C
:10C9B0001746064613F007FC01230421074A636368
:10C9C000E76026616561C2F81411054AC2F8843136
:10C9D00013F0F4FB0DB102236363F8BD002000BA2D
:10C9E00000E100E02DE9F04105460124006800F077
:10C9F0000700063004FA00F3A868EC685E1EA04247
:10CA000000F0928000EA06076C6810441E4306405E
:10CA1000D81B07EB040C8242644638D9D31AFA18A3
:10CA2000A0B3431E062B74D941EA0C039B0770D1B7
:10CA30004B1CACEB0303022B6BD90B4620F0030E0F
:10CA40008E44ACEB01071C68DC5104339E45FAD1DF
:10CA500020F0030310F0030F01EB030EA0EB03041F
:10CA60000CEB030700F0888011F80380012C0CF810
:10CA7000038000F081809EF80130022C7B7018BF8B
:10CA80009EF80230084418BFBB7001466C685AB368
:10CA9000531E062B01F101032FD9E01A02282CD9CD
:10CAA00041EA0400800728D1234622F0030CA44465
:10CAB000081F50F8047F43F8047B6345F9D122F046
:10CAC0000303D01A920701EB030C04EB03070BD00E
:10CAD000CA5C0128E25407D09CF8013002287B7020
:10CAE00002D09CF80230BB7013F06DFB0223AE60E5
:10CAF000AB62BDE8F04113F061BB0A4404F1FF3CB6
:10CB000000E0013313F8011C93420CF8011FF8D127
:10CB1000EAE70B460844ACEB0107D91913F8014BBF
:10CB200083420C70F9D1B0E7042A0DD90878043A91
:10CB3000A86148780431A86111F8020CA86111F8C5
:10CB4000010CA861A8685DE7013A032A12D8DFE862
:10CB500002F00F1507020B4613F8012B1946AA61C4
:10CB60000A4612F8013BAB61114611F8013BAB617B
:10CB70000B78AB61BDE8F081084486E70A46F3E72D
:10CB800038B50B46154601464FF03A4468B10122CC
:10CB90001048C4F8F4201A46FFF724FF25B14FF0DF
:10CBA0003A430422C3F8F42038BD73B1D4F8D82036
:10CBB0009A4284BF0122C4F8F4204FF03A42C2F8EE
:10CBC000D4300223C2F8F430E8E70123C4F8F4308B
:10CBD000E4E700BFCC0000BA38B5044613F0F3FA1E
:10CBE0004FF03A420121238F054651674BB3B3FA08
:10CBF00083F3C3F11903DBB2A069C2F8B410C2F821
:10CC00008C300723C2F89000C2F8B0304FF4A02354
:10CC100002F50052C2F81431A2F58052C2F8183160
:10CC200000220C4B1A600C4B1B6C5B0209D54FF4B5
:10CC300080020A4B1A64D4F89C1094F8250001F085
:10CC4000B9FA0023638707232846A387BDE8384045
:10CC500013F0B4BAE4220020000002B8002002B8A9
:10CC60002DE9F84305460C46B1B1D0F81880078F7E
:10CC700013F0A9FAB5F83AC0791E01EA0C0323F0C3
:10CC80000702032C0646DFF8F8E042445ED1DEF8E6
:10CC9000004024B913F092FA0E20BDE8F88324F086
:10CCA0000104DEF8000020F00100A04253D100236F
:10CCB000CEF80030238894426FEA43436FEA53432F
:10CCC00023803ED1AB8F08EB07091846083880B2A5
:10CCD00002F108044C4528BF4446082804D9B4F89A
:10CCE00000E0BEF5804F40D263440F431B1A3B4027
:10CCF0009BB26B87A887947811884FF03A42C1F3B2
:10CD00000C019165C2F89830C2F8B0004FF480224F
:10CD1000174B04F00704C3F814210122154BC3F884
:10CD20008421FFF7FFFD042C0BD14FF48002124B3E
:10CD30001B6C124B1A64D5F89C1095F8250001F075
:10CD400039FA304613F03AFA0020A6E7601E0128AF
:10CD500098BF1446A5E7A88F4344E31A48BFDB19E0
:10CD600008389842A6DC304694E72246AEE700BF7A
:10CD7000002000BA00E100E0000002B8002002B884
:10CD8000E4220020154B10B519688A8F4B8F088F4D
:10CD900013440138073B8C69034023F007031C440C
:10CDA00002F108034FF03A429BB28B87C2F8B030D1
:10CDB0004FF480220A4BC3F814210122094BC3F817
:10CDC0008421A07800F00700042803D1064AD36824
:10CDD0001B03FCD4054B1C6010BD00BF8C20002041
:10CDE000002000BA00E100E0000002B8E4220020C8
:10CDF00010B5064C216839B1CB0703D4044B186831
:10CE0000FFF72EFF0023236010BD00BFE4220020A7
:10CE10008C2000204FF480320C4B0D49C3F81821B0
:10CE20004FF03A43C1F81421D3F8AC10D3F88C205A
:10CE3000012302F0070206329340C1F30C01083BC4
:10CE4000994201D8FFF76EBD704700BF002000BABD
:10CE5000001000BA2DE9F04780460C461646876957
:10CE6000058F13F0B0F9B8F83A2005F1FF3C02EA5B
:10CE70000C0323F00701032C82463944B8F83C0028
:10CE800019D14A4C24689CB90244073A02EA0C02C0
:10CE900022F00702BC183B44E31A48BF5B198342E7
:10CEA00010DB504613F08AF900242046BDE8F087D5
:10CEB00024F00104EFE7012C02D0022CEBD108385A
:10CEC0000C46E8E7002E3FD08C4241D14FF03A4269
:10CED000D2F858904FF03A41D1F8AC20B8F812701F
:10CEE000C2F30C02934247DA2588B5F5804FD8D2B9
:10CEF000A378C5F30C0503F007037A1EA5EB09051B
:10CF00003A43052B337005EA02052DD82DB2E843CC
:10CF100040F24F420421C00FFDF720FD7580E378F9
:10CF20003374D8F81C207B1E03EA0903D118B160C2
:10CF3000A9B213FA85F5AF422FBF0023FF1AB780BD
:10CF4000F26024BFB180F360504613F037F9ACE7CC
:10CF5000A4F10802974284BFED0802EBC502B2F8C3
:10CF60000090C9F30C09B5E7114B5B6D003B18BF8E
:10CF70000123A5EBC305C9E74B6D7A1EA3EB09039B
:10CF80003A431A400B4915B2002DCB680BDCC3F3B2
:10CF90000363D81E43424341DB0033708B6C7280C5
:10CFA0001B0A3374BDE70823F7E700BFE422002023
:10CFB000004000B8000002B81022024B1A70FFF7C0
:10CFC00069B900BF7B2F0020054A1378102B04D0CD
:10CFD00018B123EA010313707047FFF7EDBF00BFDC
:10CFE0007B2F002008B5134B1349D3F84C215B6805
:10CFF00023F0404323F440031B0C1B048B4216D147
:10D000000E4B13400E4A93420CD10E4A0E4B9042E7
:10D0100008BF13461B1A584258410121FFF7D4FF9D
:10D02000002008BD094A934201D1094AEEE7064BA8
:10D03000F0E700BF0080E00F00001602007FF01F45
:10D0400000026000E17DF95F690345EC00046000C7
:10D050009839F49608B550B1064B1A88824206D228
:10D06000002018800421FFF7AFFF002008BD012039
:10D07000F8E700BF8424002010B5044611F028FD15
:10D0800000B1A08A034BBDE8104018800020FFF7D4
:10D09000E1BF00BF8424002010B5104CD4F84C31FF
:10D0A0005B0004D401F0F6FD0221FFF78DFFD4F8F8
:10D0B0004C31591C0FD05A000DD4094B1878012857
:10D0C00009D9A0F1080358425841A822BDE81040F0
:10D0D0003121FDF743BC0120F7E700BF0080E00FDE
:10D0E0007B2F0020024A137843F008031370704727
:10D0F0007B2F0020014B588000207047562F0020C6
:10D1000038B5124D0446297819B92022104807F085
:10D11000BCFA002123780F4A022B13700E4A0F4BE2
:10D12000C2F8CC104FF0FF010D4A4FF00000117013
:10D130004FF007010B4AC2F8FC130CBF0422012276
:10D14000C3F8FC2301232B7038BD00BFD729002072
:10D15000E03F00B0562F0020004001B8001002B898
:10D160007E2F0020002002B808B50622024907F0F1
:10D17000B3FA002008BD00BF562F002010B50446AA
:10D1800000F0DEFD064BD3F8F83724B983F4003302
:10D19000C3F3404010BDA31E58425841FAE700BFF8
:10D1A000000002B84FF63F720A4BD3F8FC379342A7
:10D1B00006D0094AC3F301131370E022074B1A701B
:10D1C00041F66A02064B1B68B3FBF2F3054A136093
:10D1D000704700BF000002B87F2F0020802F002082
:10D1E00004230020E822002020B1022804D1034BB0
:10D1F00018787047024BFBE7002070477F2F002014
:10D20000802F00202DE9F74FD0F8B0204C21022AC2
:10D2100038BF0222064690F830B16B48013A036AE3
:10D22000D0F8CC506948C3F38213D9400368DFF8C3
:10D23000C0A19342DFF8BC91654BDFF8BC8101F0DF
:10D24000010116D11C788C4213D19AF800405C453C
:10D250000FD1D6F8B44064B1AC420AD196F8295047
:10D2600099F80040A54204D1B8F8040003B0BDE825
:10D27000F08F98F80040026020461970FFF7B4FF65
:10D28000002900F0888004234FF07F400025514999
:10D29000C1F8B830504BC3F8B80096F829301B06D7
:10D2A000C1F8B8304FF080514A4B2C04C3F8B41089
:10D2B00040F27121494B1B68B3FBF1F31921534331
:10D2C000182BB3FBF1F173D8002C7BD0B4FA84F2A5
:10D2D000C2F12002C2F10F03012B38BF0123D44059
:10D2E000A14201D2013B64086A1C03F01F015200F5
:10D2F0008A403B4F121B9208C7F8B0201A0242EA3C
:10D3000003121343019305EB052305EB0325354B6E
:10D3100040F6C20218682B21003818BF0120FDF723
:10D320001DFBFA222F4B02FB04F01B6840F6FF7234
:10D33000B0FBF3F00A2358432B4B00F57A74C3F883
:10D34000C420019AA3F58053C3F8C420A3F58053E9
:10D35000C3F8CC50D3F8CC3000F58C50C7F8FC3073
:10D36000C6F8B450214D14302C6001F0D7FF4FF4B3
:10D370007A72C7F8A400C7F8F8002B68B4FBF2F083
:10D38000B3FBF2F3A8F8043096F829308AF800B01D
:10D3900089F800306AE7002C14BF1025202596F884
:10D3A0002930834294BFED182D1805F0FF0579E769
:10D3B000B1FA81F234B1B4FA84F3D21A002A89DCCA
:10D3C0000F238DE70F238FE7004001B82C2C00209E
:10D3D000D8290020001002B8002002B80423002041
:10D3E000003F00B0E8220020006001B8EC220020DD
:10D3F0007D2F00207C2F0020562F002010B5114BD0
:10D4000001461B78104C0C2B02D1FF20207010BD60
:10D41000184611F043FA02461846FFF7E5FE884227
:10D4200028BF0846C0B2904238BF10462378C0B229
:10D430008342ECD0054B20701868FFF7E3FE20789C
:10D44000E5E700BF562F00207E2F00208C20002013
:10D4500010B50446FCF7B4FF78B1154B1B786BB9D7
:10D4600064B1144B1B784BB1134B1B78013B012B60
:10D4700004D84FF40042114BDA6410BD104BDB6C42
:10D480001B04FAD412F09FFE044603F059FB4FF43C
:10D4900000420C4B2046BDE81040DA6402220A4BE1
:10D4A000C3F87C240422054B1A6412F087BE00BF27
:10D4B000D9290020DA290020F0220020002002B81B
:10D4C000000002B8001002B800D003504FF48022D0
:10D4D000014B9A64704700BF005000B8F7B506468C
:10D4E000544C00F02DFC01213A20E8F755FF524B37
:10D4F0002578524F1E7085BB2846FFF7A9FF237879
:10D50000013B012B19D8E37B01A88DF80430237C63
:10D510008DF8053004F044FFC7F87C544FF6FF72D5
:10D52000474BC3F88420F822A3F58053C3F8842026
:10D530000022424BC3F87C240DE04FF6FF72404BB3
:10D54000C7F87C54C3F88420F822A3F58053C3F8AD
:10D550008420C7F87C543B4B5BE00020FFF778FF4A
:10D560002378013B012B08D8E37B01A88DF8043018
:10D57000237C8DF8053004F013FF0023C7F87C34BA
:10D58000002ECBD062685AB32F4B1B6803EB5203BB
:10D59000B3FBF2F3013B1B0243F0F8032678284962
:10D5A000022E2A4A1ED0032E4FF6FF75234826D09E
:10D5B000012E38D143F00203C1F88450C2F8843000
:10D5C0000723C0F87C34E37B01A88DF80430237C6A
:10D5D0008DF8053004F0D2FE0120FFF739FF17E087
:10D5E000F823DBE74FF6FF7043F00103C1F8840036
:10D5F000C2F884300622114BC3F87C24E3E743F0E1
:10D600000503C1F88450C2F884300423C0F87C3488
:10D610000F4B4FF080420020DA644FF480220B4B16
:10D620009A6403B0F0BDC1F88450C2F8843000237E
:10D63000ECE700BFF0220020DA29002000C00350F0
:10D64000006000B8002002B804230020005000B899
:10D65000001002B8034BDB6C002BBCBF024BC3F8BD
:10D6600088007047000002B8004000B84FF0006327
:10D6700038B1064AD364064B4FF40032C3F8842015
:10D680007047044AD364044BF6E700BF001002B8A9
:10D69000005000B8002002B8006000B82DE9F04743
:10D6A00000F0A8FB4FF47A762D4BB0FBF6F618602D
:10D6B0004FF4FA73734307462A48190E1B021818D1
:10D6C000294A4FF0000341F10001EDF791FC274B8F
:10D6D000A0F5807205461A6320B94A222B21FDF776
:10D6E0003DF901254FF47A724FF0000A6A43534620
:10D6F00050083102EDF77CFC1C4B1D4AB7F57A7FD0
:10D700009A601C4B4FEA056819601B4B894604461A
:10D7100018604FEA152505D29D222B215046FDF7B2
:10D720001DF901264FF47A73A8FB030103FB0511D1
:10D730007308C01841F1000100233246EDF758FC90
:10D740000E4B023419600E4B49F10009A408186011
:10D7500044EA8974054B013C9C63BDE8F08700BF37
:10D760000423002020A1070040420F0000C001B8A0
:10D770000211010014230020102300200C2300209C
:10D78000082300201022044BC3F884215A60012290
:10D79000024BDA60704700BF00E100E000C001B852
:10D7A0001022064BC3F88421C3F88420BFF34F8FA7
:10D7B000BFF36F8F0422024BDA60704700E100E094
:10D7C00000C001B810B50446A242A2EB0000A3EBD2
:10D7D000010104D2034B01399B6B0133184401F062
:10D7E000030110BD00C001B838B501250A4B020184
:10D7F0009D504FF480730446084A8340536612F0EC
:10D80000E2FC074AA540137823EA05031370BDE83C
:10D81000384012F0D3BC00BF00E101B800E001B80D
:10D82000E42900202DE9F84F164605468A461F4692
:10D8300012F0C9FC022E00F09180804612F0CCFC60
:10D84000604B614AD3F8209092F88D405A6EE4B252
:10D85000520744BFD3F82090013404F0030412F0BF
:10D86000B6FC4846214600F03DF98446DAF800004F
:10D87000012E04BF01306044ACEB000C08BFCAF8B5
:10D880000000BCF1804F7DD300F03EF98145A1EB53
:10D89000040188BF4B4BDFF854C188BF01F1FF3151
:10D8A00001F0030188BF9B6BA0EB090E0CF805107B
:10D8B000A1B1F90742BF41F61F72444B5A67BA073C
:10D8C00042BF424B424A5A677B0742BF00223D4B50
:10D8D0009A673C0742BF00223A4B9A6511244FF0E9
:10D8E000010A384B05F11002120103EB051BCBF8BE
:10D8F0000C0138499C501A6A0AFA05F4586E0B78E4
:10D90000A2EB0902E4B2234372450B7025D34FF416
:10D910008073AB40034220D11CF80520002A4CD173
:10D920000EB32D4AF807536607D541F61F7140F232
:10D930000110264B596750675967B90706D5234B25
:10D94000234A254925485A6748675A677A0742BFDC
:10D950000122234B1A613B071AD4404612F02EFCD9
:10D960000120BDE8F88F1F4A2D0142F805A042F8BA
:10D970009C3C12F028FC17490B7823EA04030B7037
:10D9800012F01CFC404612F019FC0020BDE8F88F94
:10D990002120FFF75FFE4FF480310A4A124BD1601D
:10D9A0001A78002AD9D000222D201A70FFF752FED3
:10D9B0001022094B40465A66D0E7074A4046536654
:10D9C000CCE700BF00C001B8003E00B000E001B8E5
:10D9D00000001F1FE429002000D001B80000010151
:10D9E000000002B800E101B8DB290020DC2900209A
:10D9F000024B1878003818BF01207047E429002036
:10DA0000034B10300001185800F00100704700BFB0
:10DA100000C001B870B50646FDF7DEFF044608B148
:10DA2000FFF7BEFE00230A4D3046AB61EB612B626F
:10DA300000F06AF8074BC9B283F88D1028622CB148
:10DA4000FFF7A0FE4FF08062034B1A64002070BD08
:10DA500000C001B8003E00B0002002B810B5044676
:10DA60002120FFF7F7FD1CB14FF48032064BDA603E
:10DA7000064B1A783AB100222D201A70FFF7EAFD02
:10DA80001022034B5A6610BD00C001B8DB290020EC
:10DA900000D001B838B512F09FFB084B084A1D6A48
:10DAA00092F88D405A6EE4B2520744BF1D6A0134A9
:10DAB00012F08DFB284604F0030138BD00C001B808
:10DAC000003E00B00346064A103302EB00111B0172
:10DAD000D1F80C01D158C1F3400110F0FDBE00BFD8
:10DAE00000C001B8064B1B68434303EB8171054B33
:10DAF0001B68A3FB003013F1004341EB00007047AB
:10DB00000C230020082300200C4A20F0404301464B
:10DB100010B5002014684FF00042E4FB0320084ACF
:10DB2000890F126802FB0300064B9B6B984204D9D5
:10DB300001330131C01A01F0030110BD1023002090
:10DB40001423002000C001B8044B01F0F071103024
:10DB500041F0030100011950704700BF00C001B837
:10DB600008B52220FFF776FD4FF48022014BDA60E2
:10DB700008BD00BF00C001B870B51646054600B329
:10DB8000F9B1F2B14268104B006803321B68920889
:10DB900000F130409847044688B9EA68A868033223
:10DBA0003146920800F1304010F0B6FE044630B91C
:10DBB000286921466A6900F1304006F066FD20467A
:10DBC00070BD2124FBE700BF342C002070B50C6829
:10DBD000651C15D0C4F302669E42C4F3074530D1DC
:10DBE000A4B294422DD804EB8506B24229D2141B6C
:10DBF000A50824F003040E59340F04D0012C08D0DA
:10DC00000022212402E06B1C51F82320C0E90024EB
:10DC100070BD0E4C34F8133042EA03431A686B1C93
:10DC200051F8234001EB83014B6822405E4036F0FF
:10DC3000704404D11B0F032B04BF8B681A430024CC
:10DC4000E4E7013501EB8501C1E700BFA036030021
:10DC500007B501A8E9F762FC9DF80530022B02BF69
:10DC600040220B4BC3F8FC23C8220A4B5A650A4BCF
:10DC70000A4AD3F86032DBB2FF2B08BF03239B00B4
:10DC800043F47F53C2F8F83303B05DF804FB00BFE0
:10DC9000001002B8008001B80080E00F000002B858
:10DCA0000022012108B51E4B1A645A649A641D4A69
:10DCB000516102219162DA68C2F303620D2A01D038
:10DCC000002AF8D1112218499A631848184AFFF718
:10DCD00053FF01F099FC174A93685BB9164A9368A1
:10DCE0009BB94FF080620F4B5A61012203F58053BC
:10DCF0005A6108BD1149D268096803F13043032A0B
:10DD0000ECD943F8041B043AF9E70C49D2680968D6
:10DD100003F13043032AE4D943F8041B043AF9E73A
:10DD2000000002B8001002B8383703001C370300A7
:10DD30003437030004370300EC360300482C00207E
:10DD4000012341F6FF710D4AC2F8803291660C4AF8
:10DD500053600C4A53600C4A5360A2F580425360F2
:10DD6000A2F54042536002F5C032536002F5804292
:10DD70005360A2F500425360704700BF009000500E
:10DD800000D000B8001000BA005001B810B503244C
:10DD9000FFF7D6FF114A124BDA64FFF759FF114B18
:10DDA000C3F8E04000F0DAF901F072FA4FF4607263
:10DDB0000D4B5A614FF40072DA6410F0F5FC00214B
:10DDC000FEF790FD8022094B1C64A3F580535C6430
:10DDD000074BC3F884215A6010BD00BF0048F00013
:10DDE000000002B8005001B8001002B800A002B84C
:10DDF00000E100E008B511F0B9F8044B1B6FC3F364
:10DE000000430133B0FBF3F008BD00BF00800050B9
:10DE10002DE9F04F044687B00290894659F8043B3B
:10DE20005A1C06D12360029BE01A801007B0BDE89F
:10DE3000F08F3748C3F301615FEA137B30F81100BC
:10DE400008BFC3F307429BB218BF012243EA004058
:10DE500010F06BFD4FEAC20A05460AF104032D4893
:10DE6000234483421BD807230127C846CB4003F035
:10DE7000010301939300049307FA0BF705EB820368
:10DE8000039307F0940304F108060593039B08F13C
:10DE90000408AB4208D1049954444944BDE71E4BE1
:10DEA0009C42E0D80020C1E7059B53B917F0420F10
:10DEB00019D117F0280F0BD146F8085C58F8042C3C
:10DEC00021E040F6B70232210020FCF747FDF3E7DE
:10DED00040F6BB0232210198FCF740FD05F5805267
:10DEE00046F8082CEAE74FF40C6232210198FCF75F
:10DEF00035FD05F50052BBF1010F46F8082CDDD1C8
:10DF000058F8042CD24346F8042C04350836BDE7F3
:10DF100098360300DF4F00B0E04F00B0F8B506467A
:10DF2000E0B10024144B25461F46144953F8042B36
:10DF3000AAB91348314600EB8500FFF769FF30B9F5
:10DF400040F66C223621BDE8F840FCF707BD0D4BCA
:10DF50000135281847F8246023F81400F8BDB242B0
:10DF6000FCD001340C2C02D031F81450DEE740F61E
:10DF7000862236210020E6E7182300208424002092
:10DF8000404000B08624002070B5044698B1B1B17D
:10DF90003A4A52F8043B834213D10023384A116CA9
:10DFA000C907FCD4374800EB830010F0BEFC364BA9
:10DFB000106001221A6470BD01330C2B02D1334D65
:10DFC0002CE0012352F8041BA142F5D1304A32F86B
:10DFD0001330E3E7C2F3016335F81300110C93B279
:10DFE00011F0FE0F43EA0043606820D00434CAB247
:10DFF000022A216808D96668A068033AC3E90016B6
:10E0000098600C340C33F3E704D16268C3E9001262
:10E01000083403E0012A01D1043419602268531C3A
:10E02000D8D10022164B1A6003F58053C1E7120FB6
:10E03000072AEDD8DFE802F00704090D1013181DB8
:10E04000C04303F500531860E2E71A6842401A60C3
:10E05000DEE703F58053F6E710F033FCD8E7012242
:10E0600003F580538240F2E7012203F5005382401A
:10E07000EDE71A6830EA0202FBD1C9E71823002055
:10E0800000C002B8404000B000D002B8A036030083
:10E0900084240020064BDB68C3F30363984206D157
:10E0A000044A536E23F0F00343EA011151667047AE
:10E0B000000002B8003F00B02DE9F743064610F01B
:10E0C000F9FB00248046DFF8909012F07CF80DF107
:10E0D000070105460DF10600FEF75AF99DF80630D6
:10E0E0008BB9721C29D010F0E5FBA0EB0804284680
:10E0F00012F064F89DF8063013B99DF807303BB371
:10E10000A642E2D824E0D9F80C3013F4603FE8D0FE
:10E11000D9F8180010F05CFC731C074603D010F00F
:10E12000C9FBA0EB0804284612F048F817F5007F59
:10E13000E0D0384603B0BDE8F083284612F03EF840
:10E140009DF80630002BC0D19DF80730002BBCD1C4
:10E15000004FEEE700FEFFFF00C000B80122014BB8
:10E16000DA647047001002B80122014BDA6470478C
:10E17000002002B84022014BDA647047002002B848
:10E180004022014BDA647047001002B80122024BB2
:10E1900098611A61704700BF000001B8044BD3F8C2
:10E1A000AC3010B1C3F30332027003F00F007047BC
:10E1B000000002B8094B01F080011B6C03F48003DE
:10E1C0000B430AD14FF40012054BFF281A621EBF01
:10E1D0000122A3F58053C3F800217047000002B864
:10E1E000006001B810B511F0EEFF084B04461B6843
:10E1F0003BB1984728B1002200204FF4806101F024
:10E200005DFA2046BDE8104011F0D8BF4823002039
:10E210004FF604014FF60502044B01201B6C9BB224
:10E220008B4208BF1346024A136670470080E00F16
:10E2300000C001B8074BD3F8483203F00303012BA9
:10E2400003D0022B03D00020704711F0B1BF10F0B3
:10E25000D1BE00BF008000502DE9F74F81460F4628
:10E260004FF0FF35FFF716FC002601908A462C463A
:10E270003046DFF8D8B006F110031B015BF803301D
:10E2800003F00308B8F1010F15D13046FFF71AFC6F
:10E2900002460B4601985146FFF794FADBF86430CA
:10E2A00006F10802D340DB0739D5002F40D0002506
:10E2B0002C463E6040460136082EDCD160B3234A2E
:10E2C0000027D2F808C0916B0CF440330131A4FB55
:10E2D0000141641941F10001B3F5003F30D1536BA6
:10E2E0000CF4405C013347F10006BCF5805F22D19D
:10E2F000156B15F5807505FB06F647F1000203FB6B
:10E300000266A5FB03323244594304FB0212A3FB0D
:10E3100004341444C9E9003403B0BDE8F08FA842C6
:10E3200071EB0403C6D207B13E6005460C46C1E757
:10E330003D463C46BEE7320242EA13621B02E3E777
:10E34000136B13F5807347F10002DDE700C001B8DD
:10E35000F8B5062010F0D1FA044610F0ABFA42F2FC
:10E360001073041B9C42054618D94FF080624F245D
:10E370000B4B1A6441F26F770A4E0BE010F09AFAD9
:10E38000401BB8424FF4837221468CBF002001200D
:10E39000FCF7E4FA336C5B01F0D5F8BD1A24E9E729
:10E3A000002002B8000002B808B510F025FB0122D9
:10E3B000054B93F8893002335B00DBB202FA03F3BA
:10E3C000024A536108BD00BF003E00B0002000B803
:10E3D000FF2870B505D1FF2931D0072001292CD89D
:10E3E00004E0FF2927D10B2827D801214C4B83F8C3
:10E3F000880083F889104B4B5B689D05C3F340226E
:10E400003BD44FF038435A60474A506E440205D51A
:10E41000464B5B6803F00303022B13D110F400108A
:10E4200076D140F237121B21FCF798FA01223E4BBD
:10E43000C3F8482209E00B28D0D9212067E0012148
:10E440000720D3E70223C2F848320122384B9A60F2
:10E450004FF038435A60DA60996A0807FCD11969AD
:10E46000C907F8D540F2FF32324B9A615A614FF436
:10E4700000722C4BC3F884215A60294C01213B20A7
:10E48000E7F78AFF94F8893094F888202A4943F402
:10E490004023063243F4106341F82230274B1D68B5
:10E4A000FFF7C8FE6E08ED070246002328463146F6
:10E4B000ECF79EFD090241EA1061C0F3C05040EA4A
:10E4C00041001F4BA067186B10F5807005D14FF409
:10E4D000D6722B21FCF742FA0220024600230020CC
:10E4E0000121ECF785FDE067FFF7A4FE40F6494304
:10E4F0005843000DFF2828BFFF20022838BF022004
:10E50000002184F88C00012000F0D6FE002070BDB0
:10E510000C4B586800F00300023818BF012080E758
:10E52000003E00B000E100E000800050000002501A
:10E53000001000B8002000B8008003500423002021
:10E5400000C001B8004002502DE9F34105460F46D6
:10E5500068461146FFF780FE0646B0B1AFB1DDE96F
:10E5600000321B0A43EA0263A5FB0384094B120A2B
:10E5700005FB02441A6812B9FFF73CFC024600236F
:10E5800040462146ECF734FD3860304602B0BDE825
:10E59000F08100BF0423002070B5FFF7D9FE0021F1
:10E5A000022000F089FE10F085F904460F4D104E50
:10E5B000D5F8F4331B070BD511F005FEBDE870400C
:10E5C00002220C4BDA6001220B4B1A7011F0F6BDDF
:10E5D00010F070F9001BB0424FF405724FF0450186
:10E5E0008CBF00200120FCF7B9F9E1E7000002B878
:10E5F0003F420F0000C001B8E5290020244938B58A
:10E600000B78002B42D00122224C234894F8893009
:10E6100002335B0002FA03F5DBB29A408561426186
:10E620004FF400721D4BC3F8842100230B701C4B68
:10E6300040F2C322186C3921C0F38060FCF78EF9D8
:10E640004FF48041174B184AC3F894100C2194F8EA
:10E6500089304B4303F138435B6BD4F88010994207
:10E6600002BFD2F86C31C4F88430D2F86431D4F8E7
:10E67000840008BFA4F88E30B4F88E1000F0DCF8E7
:10E68000BDE838400121022000F016BE38BD00BFB1
:10E69000E5290020003E00B0002000B800E100E0C5
:10E6A000000002B800E001B800C001B810B504468F
:10E6B000FFF7C0FD6043044B00F5F42000F59070B7
:10E6C000B0FBF3F010BD00BF40420F002DE9F74F43
:10E6D000FFF7ECFF0446FFF73BFE11F074FD00214D
:10E6E000DFF848810546684688F80010FFF7B4FD5A
:10E6F0004FF038431E6A03F50033DB68074613F01A
:10E70000706F1BD1444B5B6913F0060A16D1D8B168
:10E71000424B611D1868A1FB00B9FFF78BFD534602
:10E72000024649465846ECF763FC009B090241EA61
:10E73000106100029842019B994105D3284603B01D
:10E74000BDE8F04F11F03ABD0021022000F0B4FD09
:10E7500010F0B0F88146DFF8D8B0DFF8D8A0DBF8C9
:10E76000F4331B0742D5002F4FD0DDE90079FFF7C6
:10E7700061FD390A41EA09614FEA1923A0FB0197BB
:10E7800000FB0377254B1A6812B9FFF733FB0246EB
:10E79000002339464846ECF72BFC4FF00C0E84461C
:10E7A00001211F4B013493F88920361B931C0EFB6B
:10E7B00002F25B00DFB21B48664402F1384201FA04
:10E7C00007F747615663184E01FA03F3B3614FF040
:10E7D0003846366A526BA4EB0C04B21AA24214D229
:10E7E00083614761022000F067FDA7E710F062F83F
:10E7F000A0EB0900504540F26A224FF045018CBF62
:10E8000000200120FCF7AAF8A9E70222024BDA60F7
:10E81000012388F8003091E700C001B804230020EC
:10E82000003E00B0002000B8001000B8E52900202C
:10E83000000002B83F420F002DE9F04F4FF00C0AE4
:10E840000027B64A054692F8894088460AFB04F339
:10E8500003F138431F6392F88820B14B87B0C3F8A7
:10E86000B4204FF40032AF4B46461A610222A3F5A2
:10E870008053DA604FF03843AB4A1B6A92F8241396
:10E88000AB46C9B2059192F829130134C9B204917B
:10E89000012104F0010482F8247382F82973A21C78
:10E8A0000AFB04F4500001FA00F003F1FF39029072
:10E8B000019004F13844A3EB0903002B40F3FD80E1
:10E8C0000137022F63D9EC220D210020FCF746F816
:10E8D0004FF080539549944A4B66059B944C03F046
:10E8E000F00382F82433049B03F0F00382F8293309
:10E8F0008A4A4FF40033C4F86CB1C2E9209BC4F8D3
:10E900006461A2F88E6000260B61854BC3F8B46089
:10E910000C2392F889205A4302F13842166311F011
:10E9200052FC334632464FF4807E276AD4F864C0E6
:10E9300003F110010901615801F00301012910D10F
:10E940000EFA03F111EA0C0F0BD104EB0316BD42D2
:10E95000D6F80C6100F2DC80B54202D2B74280F0FA
:10E96000DA800133082BE3D1724D2C68012C40F280
:10E97000E7803AB16949B1F88A301343A1F88A3087
:10E98000684B5A6607B0BDE8F04F11F017BC4FF066
:10E99000000B624E96F889300AFB03F303F138430B
:10E9A000C3F830B011F00FFC4FF080515F4B039073
:10E9B00059664FF0384396F889201B6A00920AFB8B
:10E9C00002F203F1010902F13842C2F83490554ACB
:10E9D00002331167C4F830B0029A6363564B54484F
:10E9E0005A61019AA3F580539A61016B8368DB0336
:10E9F00040F18B80D6F88030B26FA9EB0303A3FB04
:10EA0000022CF36F01F58071ACFB0360A2FB03E302
:10EA10009B19A1FB03E640F1000001FB0066B2EB8D
:10EA20000E026CEB0606120A42EA06624244B2EBA0
:10EA3000112F4FEA112603D3013340F10000921B3E
:10EA4000043E964228BF16463949344A8E6192F8F0
:10EA50008D20D1F820C0EB18D2B2896B40F10000B4
:10EA6000654584BF02F1FF32D2B2B1F1FF3F0ED053
:10EA70004FF0000E01F1010C99427EEB000B08D221
:10EA80000132B3EB0C03D2B260F10000F4E70244B0
:10EA9000D2B29B462149264B02F0030281F88D2019
:10EAA000C3F820B00222009B03980AFB03F303F192
:10EAB00038431A63226311F081FB4FF038431B6A1D
:10EAC000009311F080FB1D490A6922F004020A61DB
:10EAD000BFF34F8FBFF36F8F30BF4FF08051019B5B
:10EAE000154A936102F5E03211670022102122637A
:10EAF0000D4AC2F8841111F061FB0D4A009B526E61
:10EB000012F0805F3FF4D7AEE2E64646AB46C9E777
:10EB1000B542BFF423AF11438AB222E7003E00B0F2
:10EB20000080035000D001B800E100E000E001B82F
:10EB300000C001B8B8220020002000B800ED00E0BD
:10EB400011490B78142B01BF0023104E0B7033704A
:10EB50000B7801330B70002A3FF414AF0C4EB6F85B
:10EB60008A301343A6F88A300A4B5A66074A13784C
:10EB70000133DBB2022B13707FF404AF00230134A6
:10EB80002C600B701370FDE6E7290020E6290020B9
:10EB9000003E00B000D001B84FF00052014B1A60A7
:10EBA000704700BF00E100E04FF00052034BC3F894
:10EBB0008020BFF34F8FBFF36F8F704700E100E0FD
:10EBC00037B50446FFF7BCF801213A20E7F7E4FB2C
:10EBD000E17822791B4841EA0243C0F8DC34E57948
:10EBE000A37943EA0543C0F8E03423784BB18DF8AC
:10EBF000041004218DF805200DEB0100002203F024
:10EC0000A9FB63785BB10421A37900228DF804305D
:10EC1000E3790DEB01008DF8053003F09BFB2278C2
:10EC200001235AB1084AC2F8D834627802233AB1B3
:10EC3000054A0020C2F8D83403B030BD034AF2E7D9
:10EC4000024AF6E700C0035000D0035000E0035032
:10EC50000C4A10B5D2F84C3154680B4A0B49944217
:10EC600001EA030106D103F4FE43B3F5807F08BF38
:10EC700041F4A06106480FF0C8FE2146BDE81040EF
:10EC80000FF0C3BE0080E00F14001501E0FFF01F7D
:10EC9000CF13468B2DE9F84F044610B90020BDE88C
:10ECA000F88F00F11703B3F5002FF7D21E4A0023A7
:10ECB00090461E4F3D789D4218D800264FF0240AFA
:10ECC000FFF7C6FF21680FF0C6FE61680FF0C3FEB4
:10ECD000D4F80C90B14511D123698342DED1062DC1
:10ECE00008D048F8254001353D7003E052F8041B78
:10ECF000A14201D10120D2E70133DCE70AFB06F390
:10ED0000A26812EB030B0CD00BF12301B1F5002F1D
:10ED100007D2D1580FF09FFE04220BEB02010FF037
:10ED20008FFE0136D6E700BF4C230020E8290020E3
:10ED3000F8B50B46002213F8044B944225D91D6800
:10ED4000854224D106245A791D79124B88181E68F1
:10ED500004FB0503104F33F8063C7B43B3420ED946
:10ED600000238A5A7A43964202D804FB0300F8BD76
:10ED70009D42FAD9013304FB03F2825AF2E740F2D2
:10ED800047423D210020FBF7E9FD0020EFE7083373
:10ED90000132D2E76423002040420F0000202DE919
:10EDA000F84FA2FB018BC74EC74F18EB06069946DA
:10EDB0006BF10003B74270EB030307D240F23E222F
:10EDC0000E21FBF7CBFD0220BDE8F88FD9F814A087
:10EDD0000C461546BAF1000F04D0DAF80030032BC8
:10EDE00000F21B81B94BBA4A9F6BA3F58043D3F85D
:10EDF000EC30C7F314075E00B64B48BF47F400176A
:10EE00001B6ED2F8FCA058074EBF4FF440039B0581
:10EE100003F0E0731F43B04BD3F8E430990748BFC9
:10EE200047F0807747EA456710F0DAF8012D06468B
:10EE3000C9D10028C7D0A94B984200F0FD8003F546
:10EE4000122303F5F863984200F05A81A44B9842CC
:10EE500000F0A781002502462B4600204FF00071EC
:10EE6000ECF7C6F82B46013008FB03F3C7F3130198
:10EE700000FB0B33A1FB0662A8FB008001FB05220F
:10EE8000034420339B09C9F80030F60C954B46EA41
:10EE90004236FA021C6058BF7642934B934D34447D
:10EEA0001E602C60BAF1000F00F00881FB014FF0EA
:10EEB00000038F49C7F381528A5C194648BF640832
:10EEC000002EB8BF764292066008C2FB06012246B9
:10EED000ECF78EF8DAF800100E2908D97D4B7B4A42
:10EEE000926BDE69D3F80C31F60600F12881C0F38D
:10EEF000130017F40017C9F8040014BFC42040F22F
:10EF000007107C4ADAF81860A2FB04C24FEA5212DA
:10EF100000FB02F24FF4FA73B2FBF6F218BF0027BF
:10EF200002FB03F3A4FB00C0FA33A3FB063604FB89
:10EF300007006345864138BF0132D2B242F4006C0B
:10EF4000C9F808C0002A00F0BB80DAF81C70A2FBE8
:10EF5000070624B1B4FA84F30E2B40F3D880E30300
:10EF6000002E40F0D180B3FBF0F6700000FB0220D1
:10EF7000A0FB07834FEA044EC6454FEA144474EBE6
:10EF8000030309D352001044A7FB0083C64574EB6A
:10EF9000030306F10106F6D2C6F30E034CEA033C66
:10EFA0004CF000630629C9F8083049D9DAF8303046
:10EFB000002B45D00023C9F80C30C9F8103010F0F0
:10EFC0000FF8DAF83010FFF7B3FE044618B1837873
:10EFD000002B40F0CC800FF0C3FFDAF83010FFF7C1
:10EFE000A7FE0446002869D08378002B66D04079BC
:10EFF00040F27352003818BF01203D21FBF7AEFCF0
:10F00000207940F2745200384FF03D0118BF0120C2
:10F01000FBF7A4FC237962794BE0042BDAF8287023
:10F020007FF402AFFB014CBF4FF4400307F0E073E5
:10F0300027F0E0771F43F7E600232F481D4613E72C
:10F040000FF0CEFF2C68002C00F0AF80B4FA84F3F0
:10F05000D3F1020358BFDC40284B9C4288BF6408B0
:10F06000002875D0B4FBF0F3642100FB134201FBD0
:10F0700002F2904203F1FF3200F2A6805D085308CD
:10F08000013D1B0243EA0515C9F80C500FF06EFF55
:10F09000002800F09080B4FBF0F2642100FB1244E1
:10F0A00001FB04F4A04200F28D80531E52085B085D
:10F0B000013A1B0243EA0213C9F81030002083E62C
:10F0C000212081E6006CCA88807C814A008001B8DA
:10F0D000004F00B0004001B8000002B800F0490243
:10F0E000005A62026C230020682300206423002061
:10F0F000BC360300D34D62100A3BB2DF3FBE402551
:10F10000002335481D46AFE61046002630E7C3F120
:10F110000F0E03F1110806FA08F820FA0EF040EA83
:10F120000800AEF1200826FA08F840EA080026FA9E
:10F130000EFE013004FA03F34EF1000610E702F46C
:10F14000801203F400131A4308BFC0F58010CEE606
:10F15000631EA51E5B086D08013B2D0245EA0315E1
:10F1600040F2C5422B210020FBF7F8FB8CE74079E9
:10F170004FF4AB62003818BF01203D21FBF7EEFBD6
:10F18000207940F25952003818BF01203D21FBF789
:10F19000E5FB237962791B0243EA0213C9F80C30BC
:10F1A00019E700230D481D465EE66FF01F05002895
:10F1B0007FF46AAFD4E74FF49D622B21FBF7CEFBBF
:10F1C000621E72E71446FBE79D1E6D085308013B63
:10F1D0002D0245EA031557E7313641DCD694BFD6F8
:10F1E00010B5044686B059B9214B4168D3F8FC30BC
:10F1F000827A2048059300686B46FFF7CFFD694689
:10F200001D4B0A685A631A4BD3F8FC3033B34B6872
:10F2100043B11A4B1A4AC3F80C214A68A3F580532C
:10F22000C3F80C218B6843B1144B164AC3F8EC2089
:10F230008A68A3F58053C3F8EC20134AC868D2F853
:10F24000743123F4EE630343C2F87431D2F86C31A5
:10F25000096923F4EE630B43C2F86C310020228964
:10F260000A4B9A6203F5A033186406B010BD00BFC4
:10F27000004F00B08C200020008001B8006001B871
:10F28000FFFF0F00FFF8FF0F000002B8004000B8BA
:10F29000064B9A6E920607D55B6E002B4FF48043A7
:10F2A000B4BF034A034AD364002070470080005073
:10F2B000002002B8001002B8064B1A6C9207FCD46A
:10F2C000022240EA01205860034B1A640122034BDA
:10F2D0001A70704700C002B800D002B8E9290020B7
:10F2E00010B590B10468012C0FD902696AB1116898
:10F2F000094B102C196051685960916888BFD26819
:10F30000996094BFD960DA6010BD102200210248D4
:10F3100005F0BBF9F8E700BF74230020084BC117C4
:10F320001A68A2FB000302FB013310F1807043F165
:10F330000003400E40EAC310803820EAE0707047B6
:10F34000842300200722194B70B5DA63184B194A41
:10F350001D68194BEC08E005C0184FEA153141F162
:10F3600000010023EBF744FE144B154E18601548BE
:10F37000FFF7D4FF4042C6F8DC0049F65800FFF71B
:10F38000CDFFC6F8A8001048FEF7BEFB024660B1EC
:10F39000E301500818184FEA15714FF0000341F1CE
:10F3A0000001EBF725FEC6F8B40070BD000002B8FE
:10F3B0000423002065CD1D00B2E60E00842300204A
:10F3C000003F00B07011010040420F0010B504462C
:10F3D00098B10B4BD3F8FC00FFF782FF4FF47A7320
:10F3E00003FB04F0074BA0F57A60DA689B681044D1
:10F3F000C01ABDE81040FFF791BF49F64040F8E75A
:10F40000004F00B0742300202DE9F843054608465C
:10F4100014461E46FFF764FF9DB106F0020716F082
:10F42000040610D16FB1284600F0DEF820636B6946
:10F43000002B7ED147F23050FFF770FFE062002EC4
:10F4400058D1BDE8F8832869002869D04FF47A7351
:10F4500058433F4BA0F57A609B68C01AFFF75EFFE8
:10F46000A062A88B00285ED04FF47A735843384BC3
:10F47000A0F57A609B68C01AFFF750FFE061354B3A
:10F48000E968D3F80080002950D04FF47A735943CB
:10F490002F4BA1F57A619A685B68891AC91A2E4BBD
:10F4A000C8171A68DFF8B890A2FB011302FB0033FB
:10F4B00011F1807143F10003490E41EAC311803913
:10F4C000264B2162D3F8C4306362D9F8003053B1BF
:10F4D00040460FF02CF930B12246D9F800301C49D3
:10F4E000D8F8E40098470021A869FFF76FFF606330
:10F4F000002F98D1A86828BB47F23050FFF70EFFC5
:10F5000060614FF47A702B6858432BB1104B1B6825
:10F5100003F51C5310331844FFF700FFA06190E778
:10F5200049F640409AE749F64040A5E749F6404190
:10F53000B5E7074AD0684FF47A7202FB0300A0F5E2
:10F54000FA5079E74FF47A735843A0F5FA50D5E7AB
:10F55000742300208C20002084230020003F00B072
:10F560007023002070B5064608461C460FF0CCF903
:10F570000546D6F8F00000F011F84368054A002B64
:10F58000A8BF4FF4FA721A44034B601992FBF3F2CE
:10F59000104470BD0CFEFFFF18FCFFFF40B1036874
:10F5A000012B05D90069034B002808BF1846704796
:10F5B00000487047C436030028B1094881420CBF97
:10F5C0002F20BC207047074A536E506AC3F30111C5
:10F5D0001B0C01FB033300F01F000130184470477F
:10F5E00048E80100004001B843684FF47A7058437E
:10F5F0002BB1044B1B6803F51C5310331844FFF761
:10F600008DBE00BF7423002070B588B06D46124CCB
:10F610000FCC0FC594E80F0085E80F00D822002119
:10F620000E4805F032F8B02200210D4805F02DF803
:10F63000202200210B4805F028F80FF0A2FA0A4B0F
:10F640001B783BB16D46044E0FCD0FC695E80F00F9
:10F6500084E80F0008B070BDE03F00B0783E00B015
:10F66000503F00B0E04F00B0D7290020064BD3F840
:10F67000EC0E064B5B6C1A0103D4054B9B6E1B040E
:10F6800001D500F580707047003000B0000002B86E
:10F69000004000B810B510F096FD0E21044603207E
:10F6A000FEF7F8FC40F20122034B2046BDE8104073
:10F6B000DA6210F083BD00BF004000B8012370B5CE
:10F6C000074C2370074B1E68074B3240D3E90053A9
:10F6D00019402840FBF7B2FF0023237070BD00BF24
:10F6E000EE2900208C230020400D0020024B58689A
:10F6F000C0F3C000704700BF400D002010B50446A5
:10F70000FEF744FB00F07EFF2046FDF733F9FEF7DD
:10F71000C7FAFDF7C3FFFEF735F8FFF713FE1349ED
:10F720000723134AD1F8FC1004F58270FFF76CFE32
:10F730004FF080710020FEF707FA4FF000720D4B7A
:10F740004FF400110120C3F80021FEF7FDF9FEF788
:10F750005FFD20B940F223121421FBF7FFF80FF0F0
:10F760000EFABDE810400120FDF7B8BE004F00B012
:10F77000A43F00B000D001B88023074A13640823D7
:10F7800040B11364054AD2F8C43E23F02003C2F806
:10F79000C43E7047024AF4E7001002B8003000B0DF
:10F7A000002002B810B510F00EFD01210446002023
:10F7B000FFF7E2FF044B1961044B5B689847204652
:10F7C000BDE8104010F0FABC000002B81C2C00206C
:10F7D000F0B583B014460646FFF75AFDFCF7FCF877
:10F7E000002800F0A980594B5D6915F0060540F02E
:10F7F000A38010F0E8FC23790095022B054647D141
:10F80000237B022B33D00320FEF7FAF820B9504BAC
:10F81000DB685B0440F19280A37B277B003B18BF31
:10F820000123A2684B49012F01920B706FD000F0A9
:10F83000DBFE0420FDF7D8FF0420444E0223716F45
:10F840003A4621F0F85121F4F81141F0506141F4A9
:10F85000803171670DEB0001FDF7E4FF04460028DD
:10F8600060D0012030223C493C4B0870DA643C4EA9
:10F87000336898472128044604D101210020736889
:10F8800098470024284610F099FC204603B0F0BDAC
:10F890000320FEF7B5F8002850D12279D6F80C31B4
:10F8A000012A226830D0D01A00900020274B2D4A20
:10F8B0002D495A679867637B2C4A23F04000002843
:10F8C000C3F380130B700CBF012300231370284B6C
:10F8D000274AD3F8C43E4FF003000CBF43F0200387
:10F8E00023F02003C2F8C43EFDF77EFF174B214AE8
:10F8F00003205A67694601232279FDF793FFF8B187
:10F9000001221D4B1A707BE79A42CDD3CBE72379B6
:10F91000022B8CD0009BD6F80C1100270B4413440B
:10F92000019384E70320FDF75FFF28460D4A124B41
:10F9300072671C7010F042FC0E24A6E72846F9E717
:10F94000284610F03BFC21249FE700BF00C001B80F
:10F95000000002B8F3290020F0290020001002B8AE
:10F960001C2C002000000101F1290020F2290020B8
:10F97000003000B0010C0100ED2900202DE9F34119
:10F980000D460024074610F01EFC214B064620467B
:10F99000DFF88C801C70FFF7EFFE1E4BC8F8743048
:10F9A000C8F878406879431E58425841FBF72AFE50
:10F9B00040F60143C8F878302A792968012AD7F837
:10F9C000143101D1994200D3CC1A042303200DEB4A
:10F9D00003010194FDF726FF50B988220E4B3046F3
:10F9E0001A6410F0EBFB2124204602B0BDE8F08140
:10F9F0000A4D2B6898472128044604D10121002094
:10FA00006B6898470024304610F0D8FBECE700BF45
:10FA1000ED29002000000101002002B81C2C00206C
:10FA200000C001B8F8B5194C0546207840F27D2297
:10FA3000B0FA80F03E214009FAF790FF55B960789E
:10FA400040F27D22BDE8F840B0FA80F03E21400946
:10FA5000FAF784BF4FF440660D4F0E4DD7F80431CE
:10FA600040F27D22C3F381232370C5F804616078DE
:10FA70003E21B0FA80F04009FAF770FFD7F808315C
:10FA8000C3F381236370C5F80861F8BDEA2900203B
:10FA9000004000B8006000B8A82238B51B4B1D6CB0
:10FAA00003F500531A6410229A60A3F5804302F113
:10FAB00000521A675A6601F01DF8154B1B7813B9EE
:10FAC0000320FDF791FE0024124B9C6701F038F8EB
:10FAD000114A124BD2F8EC1E0B40C2F8EC3E042245
:10FAE0000F4B1A640F4BAA06C3F8CC4008D503F598
:10FAF00080735B6FB3F5817F22BF8022034B1A6155
:10FB0000FCF7A8FB0022084B1A7038BD000002B8B1
:10FB1000ED29002000C001B8003000B0DF0000FF78
:10FB2000002002B8003E00B0EC29002008B5FFF725
:10FB3000B1FD01F005F80122064B5A6102229A62DA
:10FB4000042203F580531A644FF4C062A3F54043C6
:10FB5000DA6208BD001002B838B51B4A1B4B1C4CBA
:10FB6000256C5A6700F0ECFFFF221A4B15F0A00F2E
:10FB70009A604FF4807222614FF004021A6401D03F
:10FB800000F0D2FF6369D9071AD5E36813F0706FEC
:10FB9000C3F30360F9D1104A536E23F0F0035366A8
:10FBA00001F02CF80D4BD3F84C315A1C05D05B00FA
:10FBB00003D40B4B1B78012B03D80122054B5A6150
:10FBC00038BD082BFCD1F8E70000010100C001B8E6
:10FBD000000002B8002002B8003F00B00080E00F33
:10FBE0007B2F00200D4A10B5D2F8A030D2F8A41017
:10FBF0000B40B3F1804F0CD34FF040400849094C03
:10FC0000C1F8A400D467C1F8A0004FF48021064ACF
:10FC1000D161034AC2F8A03010BD00BF00400050BF
:10FC2000006000500000FF01001002B89D4B2DE95C
:10FC3000F04F9F6EDB6E85B01F409B4B9F664FF071
:10FC40003A43D3F81451D3F818311D40974BC3F8F9
:10FC50001451974BD3F80822D3F80C3202EA030967
:10FC6000944BC3F8089203F52043DA691B6A02EA51
:10FC70000308914B08F47702DA61904BD3F8042221
:10FC8000D20605D4D3F80431C3F30016DB0653D5EE
:10FC900010F099FA8A4B5A695E6E1B6F12F0060FCC
:10FCA00006EA0306874A26F0007314BF4FF0010AE4
:10FCB0004FF0000A23F400637407536606D5824AA6
:10FCC00092F88D300133DBB282F88D3010F076FA85
:10FCD000002F00F0E48017F4004300F0D58010F00E
:10FCE00072FA0146FFF7C2FC0446784BD3F800B025
:10FCF000DBF80020DBF800309A42FBD0DBF8002074
:10FD00009A42FBD0FFF7B2FCA04217D1084610F090
:10FD100055FA6F4B1C606F4BD3F840B01BF4E052A8
:10FD20000ED124F07F4424F0DF040CB9FFF7B4FEB9
:10FD30004FF0807B002414E0B246C9E70446D7E7C1
:10FD40000192FFF7A9FE5C4B019A1BF480541A64E0
:10FD500040F09C801BF4806F0CBF4FF0805B4FF035
:10FD6000806BB80715D55B4A5348126C02F46041AA
:10FD70000164002900F08D80110400F18D8012F4DF
:10FD8000005F0CBF4FF000524FF0006200244BEABE
:10FD9000020BC7F340377F004F4A2A40002A4BD05E
:10FDA00015F4206F0AD040F2BC5206210020FAF769
:10FDB000D5FD002000F022FF25F48025EB0506D5B7
:10FDC000FF213D4A4BF4C06B9160FFF763FC15F0D7
:10FDD000090F0BD040F2D15208210020FAF7BEFDE6
:10FDE00000F000FF4FF03A420121516315F0106F0F
:10FDF0000CD040F2DA5209210020FAF7AFFD00F0F2
:10FE0000F1FE002211461046FCF7BAFE15F4202F31
:10FE10000AD040F2E25207210020FAF79FFD0020AD
:10FE200000F0ECFE25F48025E80301D5FCF7F2FF95
:10FE3000002DB8BF47F0080769070ED54FF03A42CA
:10FE4000126B12F4005F4FF4005217BF1749234999
:10FE50000A634BF4000B08BF0A636A0548BF4BF006
:10FE6000040B15F48023019300F0A480FCF78AFFB3
:10FE70000138062834D8DFE810F02B012E012B01C1
:10FE800031013401370137019B4653E74FF0804B76
:10FE900050E74FF0007279E74FF0004276E7BB463B
:10FEA0003C4679E7004000B8006000B8002000BA86
:10FEB000004001B8006001B8002002B800E100E095
:10FEC00000C001B800E001B8003E00B06036030099
:10FED00088230020000002B8090B0B89001000BA2B
:10FEE00040F2136203210020FAF738FD4FF03A4048
:10FEF0000121D0F88C20D0F8AC3002F00702063295
:10FF000001FA02F2C3F30C0CA2EB0C0292B2072A24
:10FF100012D97E4A126C53020ED47D4BC26CC06E55
:10FF20005B6D5BB102F0070206329140C0F30C003A
:10FF3000091A89B2072901D84BF4007B754A127857
:10FF4000002A37D04FF03A42D2F8142112F4A02FF1
:10FF500030D1714A714912789AB9F20411D40A78F1
:10FF60007AB14FEADB026E4842EA447282F0010243
:10FF7000D0F8EC0E02F00102520020FA02F29307D0
:10FF800018D10420FDF730FC664A6748506700F03E
:10FF90002BFB62490A784AB9644A127832B1644A42
:10FFA000644912680BEA02020A4201D14BF4804B09
:10FFB00026F48056B9F1000F2BD019F4805F18BFDA
:10FFC0004BF4802B19F4807F18BF4BF4002B19F4ED
:10FFD000005F18BF4BF0100B19F4007F18BF4BF0F7
:10FFE000200B19F4806F08D04FF48061524A4BF017
:10FFF000400BC2F80C12C2F8081219F4006F08D0B6
:020000022000DC
:100000004FF400614C4A4BF0800BC2F80C12C2F85E
:100010000812B8F1000F3AD018F4802F18BF44F43A
:10002000007418F4803F18BF4BF4805B18F4801FF5
:1000300018BF4BF4003B18F4001F18BF4BF0020B25
:1000400018F4003F18BF4BF4801B18F4800F18BF42
:1000500044F0100418F4002F19D0314AD2F8C42EFD
:1000600012F0C00F13D02949CA68C2F30362032AF1
:1000700001D0072A05D14A6CD00602D48A6C120737
:1000800035D54FF400212D4A28F40028D161002EE7
:1000900000F02481330540F18A802948214990F8F5
:1000A0000390284AB9F1000F52D04FF4006309F1D0
:1000B000FF3953665FFA89F2C27032B9224A127868
:1000C000C2B140F60141214A5167002200216BE094
:1000D0004BF4803B0AE74BF4006B07E74BF4806B73
:1000E00004E74BF4807B01E74BF0080BFEE64BF492
:1000F000001BCCE78A6F12F4A05F15BF4FF480722B
:1001000040F601428A658A67DFE700BF000002B857
:10011000004000B8F0290020EF290020F22900203B
:10012000003000B000C001B800000101F12900203A
:10013000400D0020088D0100006001B8002002B8C9
:10014000DC29002000E001B8ED29002000D001B832
:100150000320FDF749FBA949A94A496911F0060F97
:1001600077D04846FDF77AFC4FF40060A44AA349D3
:1001700050664A69A34B12F0060208BF8A67B3F8BB
:100180008A20A14812F4006167D022F40062A3F82B
:100190008A20027802F0FF09002A62D1FDF7E0FC14
:1001A000FFF77AFC4A4620214BEA020B0C43B000D1
:1001B00009D52E20FDF74EFA4FF00051904A44F039
:1001C000080411675166F10608D52B20FDF742FAA5
:1001D00010218B4A44F400141167516616F0306FF9
:1001E00005D1F20467D5BAF1000F00F0B2803301F7
:1001F00015D52920FDF72EFA844A8548D26802F4E5
:100200008041C2F380320270FFF770FA28B1814A50
:100210007B48814B42661A6731BB44F0040416F0F8
:10022000007A2ED00420FDF7DFFA2720FDF712FA1E
:10023000FFF732FC4FF00071714A5166774AD2F8ED
:10024000EC1E49067ED4764A0221916044F00204F5
:100250002EE041F61F71516786E702784FF4005295
:10026000A2E74FF4004231E7026742662020FDF723
:10027000F1F944F400142D2044F00C04FDF7EAF9E0
:10028000CDE716F0807FDFF8749146D00420FDF7AB
:10029000ABFA2820FDF7DEF9D9F87820002A39D109
:1002A000FFF7FAFB564A5B4944F0010411675166B7
:1002B0000021524A9165320405D55A4A1268904786
:1002C0004BEA000B0C43730508D557498A78002A7E
:1002D00000F08F80013A8A70002217433A46584650
:1002E0002146FFF7EBF9019B0BB1FCF781FD0122E1
:1002F0004E4B05F00435C3F814514D4B18F4002F44
:10030000C3F884211EBF4FF40022454BDA6105B0CB
:10031000BDE8F08FC9F878A0C4E7F004C8D5042080
:10032000FDF762FA434AC9F87420FDF719FCD9F8C1
:10033000642012F0407FBBD12A20FDF78BF9FFF734
:10034000ABFB7BE7D2F8C42E93063FF57FAF3A4A6A
:100350007AE735490A7952B1013AD2B20A7112B933
:100360002D4A3649516700224BEA020BA3E70420CD
:10037000FDF73AFA0320FDF737FA204A2D49516775
:100380000FF021FF81460DF10F00FDF707FF2C4A0A
:10039000824612780AB1FFF77DF9BAF1030F0ED148
:1003A000DFF868A00020FDF7F9FE032807D1DAF88E
:1003B0002820D007F6D4DAF84420D103F2D49DF8EF
:1003C0000F20032A06D101211E4A484611700FF062
:1003D000F5FEC8E74FF03A42D2F8142112F4A02FEC
:1003E000F1D100F001F948460FF0E8FE4FF48042E9
:1003F000BAE70220FDF7F8F901226EE700C001B864
:1004000000E001B8003E00B0ED290020000002B875
:10041000EC2900201000002000D001B8003000B00E
:10042000002002B8302C0020DC290020002000BA77
:1004300000E100E000000101001002B80000010D21
:10044000F3290020EF2900200122024B1A62DA6111
:10045000704700BF002002B8094A08B5D369116A85
:100460000B40084923F47F00DB07C86106D5D1683B
:100470004FF0FF30C1F303610EF08CFB08BD00BFED
:10048000000002B8002002B80C4A08B5536C926C08
:1004900013400B4A5364DB070FD50A4B40F66D023D
:1004A0001878122100F00100FAF758FABDE8084068
:1004B000002201200021FFF701B908BD00C000B8EB
:1004C00000E000B8400D002070B5174D2C6C6B6C2F
:1004D0001C40164B24F00202E1071A6405D540F6D1
:1004E000D40200202968FAF739FAA2071AD50222A5
:1004F0000E4B1A646B68DBB2A3B9FDF7CBFA044666
:100500000D460B4ED6F8F433DB060BD5FDF7C2FAD9
:1005100002460B4620462946FDF754F9652871F13D
:100520000001EFD370BD00BF008002B800A002B888
:10053000000002B838B50B4C0B4DD4F88430DB0703
:1005400006D4A36FD4F884201340084A936738BDBB
:10055000D5F804311A06F0D5FFF7B6FF8023C5F8A9
:100560008431EAE7008001B800E100E000A001B8B2
:1005700008B50FF028FE0E4B1A78A2B90D4A126882
:1005800012F4843F0FD10C4A1021D1641B7863B957
:10059000084B1B68DB0508D4074B2022DA64BDE852
:1005A00008400FF00BBE054AEEE7044BF5E700BF2D
:1005B000F0290020400D0020002002B8001002B8F1
:1005C00010B50FF000FE0E2104460320FDF762FD7A
:1005D00040F20122034B2046BDE81040DA620FF0E2
:1005E000EDBD00BF004000B80022044B1A70044B60
:1005F000197811B11A70FFF7BBBF7047EF290020BF
:10060000F029002038B50FF0DEFD4FF00043244CF8
:100610000546C4F88030BFF34F8FBFF36F8F0123BF
:10062000C4F88430BFF34F8FBFF36F8F0223C4F839
:100630008430BFF34F8FBFF36F8F0423C4F884302F
:10064000BFF34F8FBFF36F8F0823C4F88430BFF31D
:100650004F8FBFF36F8FFEF7A7FA1023C4F88430D3
:10066000BFF34F8FBFF36F8F2023C4F88430BFF3E5
:100670004F8FBFF36F8F4023C4F88430BFF34F8F89
:10068000BFF36F8F4FF48063C4F88430BFF34F8F94
:10069000BFF36F8F2846BDE838400FF08FBD00BF15
:1006A00000E100E038B50FF08EFD05464FF0004345
:1006B0000A4C2360012363600423636008236360A2
:1006C000FEF76AFA102363602023636040236360AF
:1006D0002846BDE838400FF071BD00BF00E100E0E2
:1006E0002DE9F047DDF820A003EA0108099B064642
:1006F0000D4602EA000703EA0A09BAF1000F40F0CA
:100700006C81031F0B4300F02C81052871F100035D
:1007100080F0028150EA010300F0D781431E0B43B1
:1007200000F04281FFF76EFFC04AD2E9004323EA9E
:10073000050324EA06043C4343EA0807BC4BC2E92C
:1007400000471E6826EA0A0646EA09061E60FFF709
:100750000FFF14F02A4F14BF48F202034FF4004376
:10076000B44AB507D26EB44848BF43F4005383EA95
:10077000020122EA0302C266B04A0B408166D366D8
:10078000C4F380421203200348BF42F48072E106A2
:1007900048BF42F40052AA49A30648BF42F400727F
:1007A00014F0400FD1F88830A64800F035815D057F
:1007B00006D44FF480652B43C0F80852C1F8883046
:1007C00014F0800FD1F888309E4800F061811D053B
:1007D00006D44FF400652B43C0F80852C1F88830A6
:1007E000994B9848D3F80C3217F4007F82EA030142
:1007F00023EA0203C0F80C32944B02EA0102C0F86B
:100800000812C3F80C228E4B07F4007200F04981E5
:1008100001224FF4802583F88420E30448BF45F487
:100820008035A00348BF45F48015A10748BF45F4B3
:10083000001514F4001FDFF8508206D0D8F800002D
:100840000EF0C4F908B945F40025E20248BF45F4AA
:100850000035FB067E4B48BF45F480051A6A7D498A
:1008600085EA020323F001031A400A621D40CB61AE
:10087000794B16F0010F1D62784B794A18BF1A4662
:10088000784B7D071B6F48BF42F00062764882EAD2
:10089000030123EA02030367744B0A4041661A67A7
:1008A000734A04F00103926CA0F5803083EA0201E0
:1008B00022EA030282646F4A0B4041649364D8F8D1
:1008C0000020200248BF6C4B92F8022158BF6B4BAE
:1008D000610748BF43F4806322B114F4C06F18BFAE
:1008E00043F4807332074FF03A42BDE8F047D2F844
:1008F000181148BF43F0004383EA010222F4A0220A
:100900005F481140C0F818111340C0F814215D4A27
:10091000C2F81831FFF7C6BEA0F580630B4306D0BE
:1009200020F48063A3F500730B437FF4FBAE0FF05C
:100930004AFC3E49D1E9003223EA060322EA0502D5
:1009400042EA08023B43C1E900324F4A126892F87A
:1009500002114B4A09B313F4C06F1ED04FF48073D9
:1009600011E00FF030FC314AD2E9003123F00403EA
:100970003B4341EA080157EA0807C2E900314FF456
:1009800080633F4A0BD0C2F81431A2F58052C2F8FE
:100990001831BDE8F0470FF011BC4FF48073C2F876
:1009A0001831C2F81431F4E70FF00DFC1F4AD2E9F8
:1009B000003123F001033B4341EA0801C2E9003161
:1009C0000123324A57EA08071BBF5364A2F580523D
:1009D0009364936408BF5364DBE750EA01037FF438
:1009E000A1AEBAF1010F7FF49DAE0FF0ECFB104AFF
:1009F000136823F0010343EA090313604FF4806393
:100A0000194AB9F1000F04D05366A2F5805213675A
:100A1000BFE713675366BCE723F48063C1F88830EF
:100A20004FF48063C0F80832CAE600BF400D0020D2
:100A30008C230020004000B8006000B8005000B8CF
:100A4000003F00B0006001B8004001B8005001B89C
:100A5000000002B8002002B8001002B8041C000315
:100A60000418000300C001B800E001B800D001B8CC
:100A700000C000B800D000B80D0A0A09090A0A0926
:100A8000002000BA001000BA8C20002000E000B85E
:100A900023F40063C1F888304FF40063C0F80832D3
:100AA0009EE693F8841071B183F88420084BD3F844
:100AB000A41003F50053C3F8A410C3F8A0104FF01E
:100AC0005023C3F8A4200025A7E6BDE8F08700BFA7
:100AD00000400050024B186800F00100704700BF52
:100AE000400D0020024B5868C0F3C030704700BF73
:100AF000400D00200A4B197801F0FF0229B10021B6
:100B0000197008499202C1F80421597801F0FF02D6
:100B100029B1002159709302024AC2F80831704786
:100B2000EA290020005000B84FF40062034B1A6419
:100B30004FF40042A3F5E0339A667047001002B804
:100B4000F8B5084C084D236C0423084F2B64236C24
:100B50005B0300D4F8BD042602203E640DF0B1FE14
:100B60002E64F4E7000002B8001002B8002002B8BA
:100B700038B5044679B948B1164BDB681B0E13F043
:100B80000E0F04D04FF4C062134BDA6238BD134B22
:100B90001B6CD907F6D4FFF713FD0E4D0020FDF7AF
:100BA000FDFA032801D0092805D1AB6ADA07F5D48C
:100BB0006B6CDB03F2D4FFF7C3FF0122084B5A61D1
:100BC00002229A62042203F580531A64002CDDD0BD
:100BD000D8E700BF000002B8006001B800C002B84A
:100BE000001002B808B503210920FDF753FA2022AE
:100BF000014B1A6108BD00BF000002B838B50546B8
:100C00000FF0E1FA0E4B04461868FBF7E5FF35B12B
:100C1000FFF7EAFC2046BDE838400FF0CFBA094B99
:100C20001B78002BF6D0084B1D78002DF2D1FFF772
:100C3000DBFC2A464FF480400021FEF73FFDE9E748
:100C40008C200020EF290020EE2900202DE9F84F0C
:100C50005D4B06460D4614461B6C002A40F0AD80E5
:100C600013F0A00F14BF4FF001094FF00009FBF77C
:100C7000F1FAA0234FF0000ADFF864810320C8F8DE
:100C80004030FCF7B1FD0420FCF7AEFD4F4FFFF7FD
:100C9000ABFC4F4B4FF0040B7B67C7F878A0FFF716
:100CA0004FFF4C4B4FF48071D3F8C42E42F020021A
:100CB000C3F8C42EFF22C8F80820434A1161D3F8B4
:100CC000EC2E45491140C3F8EC1EC8F840B0C3F8FB
:100CD000CCAE7B6913F0060F04D0FCF741FF5846F9
:100CE000FCF782FDB9F1000F01D0FFF71DFF66B1DF
:100CF0003A4BDB6C180701D4FFF762FCFFF772FF79
:100D00000420FCF771FDFFF7F5FE2F4B5A69D10760
:100D100051D5DA6812F0706FFBD1314B314A1A6449
:100D2000314A536E23F0F003536615B12046FFF7A6
:100D300065FF2E4BD3F84C315A1C05D05B0003D411
:100D40002B4B1B78012B3BD80122254B5A61002CE1
:100D500031D0224B2449DA6E03F500539A6603F52D
:100D6000D0331B6A1E4A23F00103D361214BD1F813
:100D70008800D3F80C3220490343C1F808321F4BD6
:100D8000C1F80C02D3F8841003F5005399674FF0B3
:100D90003A43D3F8181103F50053C3F81411184B54
:100DA000996C03F500535964164903F5803359666D
:100DB0004FF608431364BDE8F88F4FF0000956E77B
:100DC000082BC4D1C0E700BF000002B800C001B8C2
:100DD00000000101003000B0DF0000FF004000B85B
:100DE000002002B810003000003F00B00080E00F8B
:100DF0007B2F0020004001B8006001B8008001B8DE
:100E000000C000B85000002F38B514460D460FF052
:100E1000DAF9064BD3F8C42E54402C405440C3F8A2
:100E2000C44EBDE838400FF0C9B900BF003000B073
:100E3000034BD3F8C43E99430CBF012000207047F8
:100E4000003000B01E4BD3F8C43E13F001001ED09A
:100E50001C4B93F848001C4A40F08073C2F8CC3019
:100E60004FF480131949C1F8B430A1F58051C1F88D
:100E7000B830D2F80C31DBB2FF2B1FD0984294BFB0
:100E8000002001204FF4AD623C21F9F767BD1A063E
:100E9000E1D40F4A92F8471121B1DB0602D592F84E
:100EA0004401D8E74FF480120020084B0649C3F8EC
:100EB000B820C1F8CC00C3F8B42070470120E1E7A6
:100EC000003000B0003F00B0004000B8006000B843
:100ED000003E00B070B5164E032804460D46337828
:100EE0001ED023FA04F202F00102AA421DD053B12F
:100EF0000122A240A54023EA02032B43DBB2337058
:100F00004BB1012070BD2DB10A4B01201B689847E1
:100F10003378EDE73570074B00201B689847F0E702
:100F20009A07DED003F0FC03E9E7002070BD00BFA4
:100F3000F5290020C8230020F8B505460C460FF01F
:100F400042F9104F06463B7833B1012D04D01CB94D
:100F50000D480EF035FD3C7021462846FFF7BAFFDC
:100F60000A4B04461B783BB93B782BB90DF052FB7A
:100F700010B1074B1B68984730460FF01FF9204609
:100F8000F8BD00BFF6290020A0230020F52900208D
:100F90001C2C0020054A0B46117831B1002111703C
:100FA000034A01215268187810477047F62900203B
:100FB0001C2C002038B5074D04462B78834207D0FF
:100FC000FAF732FD20462C70BDE83840E8F7E6B865
:100FD00038BD00BFF429002038B5044680B10FF0B9
:100FE000F2F80121044608460EF02EF901210B4AC1
:100FF000084602F040FE2046BDE838400FF0DEB85B
:101000000FF0E1F80546214601200EF01DF9012000
:101010002146024A02F02FFE2846EDE7D4360300AF
:101020001B4B022910B5187002D0032904D010BD43
:10103000184B1B78002BFAD1F9F7C2F90028F6D02B
:101040004FF00052144BC3F88020BFF34F8FBFF313
:101050006F8FFAF7C1FC0028E9D0FAF76FFC00287F
:10106000E5D10E4B1C6834B123689847BDE81040A9
:101070000020FAF7CDBC0DF013F8094B18600FF003
:10108000BBF9084B18602046FAF7AEFCEEE700BF4C
:10109000822F0020F429002000E100E0DC22002063
:1010A000C4230020C023002038B504460D46F9F7BC
:1010B00087F980B14FF00052124B1A60FAF78CFC9E
:1010C00048B9012D07D80120FAF7A2FC0E4B1B6886
:1010D00023B15B6898470D4B1C7038BD0FF08CF93D
:1010E0000B4B1A68801A18600EF022FD4FF47A72CA
:1010F000084B1B6802FB00300CF0D4FF0120FAF70C
:1011000073FCE8E700E100E0DC220020822F0020F1
:10111000C0230020C4230020F0B585B00FF053F8A1
:10112000344D04462B7823B133480EF049FC002897
:1011300052D10EF0D9FC02AA03A90DF055FA0346CC
:10114000002838D00DF064FA029B98421CD1002090
:101150002A4B03991B682A4E9942307020D90027E8
:10116000C91A012324482B70264A33460197009759
:101170000FF0F9F8002837D1234A1378D90701D5A1
:101180003178F9B1204611E00DF040FA029B984207
:1011900028D0002318461949194A09681370039189
:1011A0000121FFF797FE002320462B700FF006F871
:1011B000002005B0F0BD20462B700EF0FFFF21206F
:1011C00005B0F0BD03F0FE031370002BDAD10F4B16
:1011D0001B6898472046E9E720460EF0EFFF0E20F7
:1011E00005B0F0BD0220B3E7032320462F70337013
:1011F000F3E700BFF6290020A0230020B82200203A
:10120000812F0020950F0200F5290020C82300201F
:10121000144B10B55B6F144903F44073B3F5007FB2
:1012200004BF0222114B124808BF1A600022114B62
:10123000114C1A70114B124A1A60124A5A60E7F7A1
:1012400051FF11491148E7F74DFF114B80202360F2
:10125000E5F706FA052804BF0E4B2360E8F7AEF861
:10126000002010BD00400050DC360300B8220020F2
:1012700090230020F6290020C82300201C2C0020E9
:1012800019110200390F0200E436030098230020F0
:10129000B50F0200D90F02002DE9F84F0F4688461E
:1012A00057F8041B0546144600203A461E460DF02A
:1012B00090FCD8F8008040460DF08CFC20B19DB920
:1012C00041684FEA186359B90F2133462246404618
:1012D0000DF098FC0D461AE04A799A4204D0083184
:1012E0000D68002DF8D1EFE7DFF83490DFF8348097
:1012F000D9F800B0D8F800A03846C9F80040C8F8BE
:101300000060A8470025C9F800B0C8F800A0224630
:10131000012052F8041B0DF05CFC2846BDE8F88F54
:10132000D0230020CC23002070B50C4B04020D46C6
:1013300004F4E064C0F307211B680C43084A04343A
:101340009C42126807D91D210DF05CFC0022134657
:1013500010462B6070BD1060043BF9E7CC230020E1
:10136000D0230020094A10B5116851B9B0F5006FBB
:1013700009D2041D2046E7F707FE08B9044B1C609C
:1013800010BD1220FCE72120FAE700BFDC2300207B
:10139000D823002038B5044608680D460DF0D2FC6D
:1013A00050B9094B1B6800202A68C4E900531A6031
:1013B000064B1B68A36038BD2028FCD1044B1B687A
:1013C000002BF0D10920F6E7DC230020D8230020F1
:1013D000D42300202DE9F84F1D460C6816464FEA2D
:1013E000042AC4F307230AF4E06A4AEA030A1F4BFB
:1013F0000AEB050B1B680BF104029A420746DDF865
:1014000028802DD80123F20093409D4228D215B1A7
:10141000B8F1000F27D03846FFF7BCFF8146E0B98E
:1014200024F47F4424F0C70444EA1B244FEA0B2B26
:101430007B681FFA8BFB44EA0B0443F8044B5344CC
:101440002DB118462A46414603F046F90346012EBF
:101450000CBF03F8015C23F8025C4846BDE8F88F36
:101460004FF01D09F9E74FF02209F6E7D8230020D5
:1014700038B50446054B00681D684068D4E901236F
:101480001146A8476368988838BD00BF4C2C0020DF
:1014900010B5044C23781BB90DF09AFB012323707F
:1014A00010BD00BFF7290020084A136833B94178FE
:1014B000436141F001014170106070471978027872
:1014C0009142FAD003F114025B69EFE7E0230020B8
:1014D000044A0346106810B102789A4200D170475E
:1014E0004069F8E7E0230020014B1868704700BF0F
:1014F000E0230020094A5168C84390FAA0F048B19F
:10150000B0FA80F0042805DC012383400B435360CC
:1015100040B270474FF0FF30704700BF0C240020EE
:101520000021034B28220348C3E9001103F0ADB8A2
:101530000C240020E423002038B50546FFF7DAFF2D
:1015400004460448294600EBC4000DF06BFC20461D
:1015500038BD00BFE4230020C3B2042B10B515D85A
:1015600004230B4A03EBC003134453E8002F0A4340
:1015700043E80024002CF8D101220649824051E8BA
:10158000003F134341E800300028F8D110BD00BFF0
:10159000E42300200C240020F7B54FF0040C0126B2
:1015A0000827184A1849194D106800B30B7806FA35
:1015B00003F420421DD0E04352E8004F044042E8CB
:1015C000004EBEF1000FF7D117FB03C32B4453E8C5
:1015D000000F43E800E4002CF9D1019048B10878ED
:1015E00001AA0B4905EBC0000DF054FC012003B02B
:1015F000F0BD0B78506883422EBF00230133DBB26D
:101600000B70D1E70C240020F8290020E4230020EF
:1016100078563412024B1868003818BF0120704702
:101620000C2400202DE9F041164D06462B680C468F
:101630002BB10EF0D1FD2B6823B90EF0C8FD0020B0
:10164000BDE8F0812B68D3E904870EF0C0FD58EAAD
:10165000070315D056EA04030CD10B4DD5E90064FD
:1016600056EA040306D1094B1B68984706460C4608
:10167000C5E900014645BC412CBF01200020DFE741
:101680000120DDE724240020480D00201C24002038
:10169000F7B54FF0FF34274605460E460EF09CFD89
:1016A0001A4B1B6883B90EF092FDB7F1FF3F08BFDC
:1016B000B4F1FF3F04D054EA070315D100242746B4
:1016C0002046394603B0F0BD5969DA6801911969BD
:1016D0005B685218019941F10001A24271EB070CBD
:1016E0003CBF14460F46DDE755EA060304D1084B1C
:1016F0001B68984705460E46AC4277EB0603DDD3E0
:10170000651B67EB06062C463746D9E724240020E4
:101710001C2400202DE9F74FDDF840A00E46DDE93E
:101720000C7815469DF83CB008B1016891B9BAF142
:10173000000F07D029463046D04740F2034003B09F
:10174000BDE8F08F002DF8D0002EF6DB284603F020
:10175000FEFFF2E701900EF03FFD81465846EBF7A1
:10176000A7F9044648460EF032FD019A9CB9BAF139
:10177000000F08D029463046D04703203146EBF70A
:1017800021F91A20DBE7002DF7D0002EF5DB2846E3
:1017900003F0DDFFF1E70E9BC4E90678E360002368
:1017A000636057EA0803A6602562226084F824B0CB
:1017B000C4F828A001D10E9B33B1184B1B68984781
:1017C000C019074648EB01080EF006FD0022054649
:1017D0001349C4E904780B682BB1D3E904AB57452E
:1017E00078EB0B0011D2A2B90B680C6063600D4B53
:1017F0001C682CB1094B1B689847FFF749FFA047AD
:1018000028460EF0E4FC002099E758681A46034683
:10181000E2E7536863605460E9E700BF1C240020DE
:1018200024240020142400202DE9F74F4FF0000855
:1018300081460D4692461E460EF0CEFC4746DFF826
:1018400074B00190DBF8004084B9B8F1000F07D004
:10185000174B1C6824B100200021FFF719FFA04797
:10186000019803B0BDE8F04F0EF0B1BC22684A45C4
:1018700011D12DB1A268296822F000428A420AD112
:1018800026B9626857B9CBF8002008E05146206AB3
:10189000B0470028F5D027466468D5E77A60D4F8C9
:1018A000048020460DF06AFA44464FF00108CBE769
:1018B0001424002024240020014B1860704700BF2E
:1018C0001424002070B50E46094904460846154602
:1018D00001F02AFD0023074A30211360064A052043
:1018E0001660064A15602246BDE87040EBF77AB8EC
:1018F000A0660300242400201C24002018240020BB
:1019000070B50446164618460022002386B0CDE97D
:1019100004230B4B0D461B6813B9212006B070BD84
:1019200004A998470028F8D1DDE904230290CDE905
:1019300000232946324620460DF05AFAEEE700BF52
:1019400018240020F8B5054610200F461646EBF780
:10195000EFF8044601461022074801F0EAFC44B1C2
:1019600001230020E3602B68C4E9017623602C602A
:10197000F8BD1A20FCE700BFA0660300002000218C
:10198000014BC3E900017047480D00202DE9F047E5
:1019900006460D464FF0000850EA010318BF2C4BD5
:1019A000DFF8B89018BFC3E900012A4F3046294636
:1019B000FFF738FEC0B9B8F1000F47D00EF00CFCAD
:1019C000002104460020FFF763FEB1F1FF3F08BF8E
:1019D000B0F1FF3F03D0204B1B6803B1984720466E
:1019E000BDE8F0470EF0F3BB0EF0F6FBD9F800406F
:1019F0008CB16368C9F800300EF0E9FBA3683C6065
:101A000033F000430BD138680DF0B8F900234FF0E4
:101A100001083B60CAE70EF0DAFB3C60C6E72368CA
:101A2000002BF0D018680028EDD0A26832F00043F7
:101A3000E9D0D0E9008A236A21688068D04700286D
:101A4000E1D1B8F1000FDED04046EEE7BDE8F08707
:101A5000480D0020202400201424002024240020ED
:101A6000F8B504460D460EF0B7FB094B1B684BB1A9
:101A7000D3E90667C4E90067DB682B60BDE8F8407E
:101A80000EF0A5BB00260027C4E90067F5E700BFFC
:101A90002024002010B5064C237823B9E8F7E6FB94
:101AA00018B901232370002010BD40F20740FBE766
:101AB000F929002038B50B4B04461B780D464BB175
:101AC0002146284602F086FC002840F2074008BF65
:101AD000002038BD04490548FFF7DCFF0028EFD09F
:101AE000F7E700BFF9290020EFBEADDEBEBAFECA9F
:101AF00073B5144D144C2A68236802F0400103F0BA
:101B000002030B431BD093064CBF0126A67AF4F7C1
:101B1000DDFF0196837983F00803C3F3C0030093CC
:101B2000E388A288217A607A00F002F940B923683C
:101B300023F0020323602B6823F040032B60002076
:101B400002B070BDD01F00202824002001210020F9
:101B5000054BA3F10802C3E9000043F8081C4FF04D
:101B6000101351725360704730240020014B187BD2
:101B7000704700BF28240020074BDA7A4AB95A7A06
:101B800082421FBF1A68587242F002021A60FFF7C1
:101B9000AFBF0020704700BF28240020024BD87A36
:101BA000003818BF012070472824002070B51F4D51
:101BB0002B68590707D50021084600F0DFF82B688D
:101BC00023F004032B601A4E2B68326803F00803DD
:101BD00002F00202134310D0F4F778FF83791A075A
:101BE0001FD5F6F705F90446C8B92B6823F008039A
:101BF0002B60336823F002033360FFF779FF04465C
:101C000068B9EB7A5BB12B685B0708D40121084601
:101C100000F0B4F840B92B6843F004032B60204671
:101C200070BDF6F7C9F8DEE70446F8E7282400207F
:101C3000D01F002070B5124C257B637B22689D422B
:101C4000B8BF1D469207E37AEEB201D4B34215D075
:101C50001BB10023E372FFF7A9FFE67275B1094BD0
:101C600093F82430012B05D1236843F0020323604D
:101C7000F6F794FEBDE87040FFF798BF002070BDF6
:101C800028240020D01F0020022938B504460D4624
:101C900001D9212038BD0DF031F90028F9D00E4BC3
:101CA0001A7BB2B91A68D10742BF22F0010242F092
:101CB00002021A60094A525D1A735A7AA2421FBF81
:101CC0001A685C7242F002021A60BDE83840FFF701
:101CD000B1BF0220DEE700BF28240020B566030064
:101CE000054A137B013B022B03D800231373FFF734
:101CF000A1BF0020704700BF28240020032805D181
:101D00000A4A136843F00803136008E0012808D169
:101D1000064BDA7A42B11A6842F008021A60FFF7FD
:101D200045BF10F0FD0FEBD00020704728240020A5
:101D3000F8B507460E4642F24100082115461C46FA
:101D40000BF0A3FC9DF818304771C3709DF81C3050
:101D500086710371A0F80750A0F809400648EDF716
:101D60003DF90BF0C0FC407920B10BF0BCFC407990
:101D700040F48050F8BD00BFE1F0000038B50546E2
:101D80000C4642F2420006210BF07FFC0023C57096
:101D900043718371C371037204710648EDF71EF934
:101DA0000BF0A1FC407920B10BF09DFC407940F490
:101DB000805038BD49F1000007B5064803F071F9BD
:101DC000042101900DEB010003F054FA019803B0D7
:101DD0005DF804FB38240020F7B5186810F0020005
:101DE00003D0164E316811B9012003B0F0BD0024B4
:101DF000042223460DEB0200019403F023F9BDF801
:101E00000630DB0702D4FFF7D7FF044600250C4F4E
:101E100057F8043B23B12146BDF80400984748B168
:101E20003368002BE0D0074B022193F90000FFF745
:101E300093FBD9E70135062DEAD1F1E738240020DC
:101E40003C240020FA29002010B50948FFF774FB54
:101E50000024084B0849187020200C60EAF78AFC1F
:101E6000064BC3E90044C3E90244C3E9044410BD7E
:101E7000502C0020FA290020382400203C24002087
:101E8000704708B5EAF7B2FFBDE80840EAF7F4BFCB
:101E9000F8F796B9F8F7DAB8002303600E20704718
:101EA0002D2070477047DEF7F3BE7047DEF7F8BBB2
:101EB00008B5E3F735F9BDE80840E2F75DBF08B5BE
:101EC000E3F734F9BDE80840E2F756BF08B5E3F799
:101ED00033F9BDE80840E2F74FBF08B5E3F74AF928
:101EE000BDE80840E2F748BF08B5E3F749F9BDE8A7
:101EF0000840E2F741BF08B5E3F748F9BDE80840FC
:101F0000E2F73ABFE3F730B910B50C46E3F720F932
:101F10002046E3F723F9BDE81040E2F72DBFE0F7D4
:101F2000D3BC08B5E3F702F9BDE80840E2F724BFE7
:101F300008B5E3F701F9BDE80840E2F71DBF08B5B1
:101F4000E3F718F9BDE80840E2F716BF70B50E4692
:101F500015461C46E3F7F6F83046E3F7F9F828464D
:101F6000E3F7FCF82046E3F7FFF8BDE87040E2F73E
:101F700003BF08B5E3F704F9BDE80840E2F7FCBE8B
:101F800008B5E3F703F9BDE80840E2F7F5BE84B011
:101F900008B50DF1080C8CE80F009DF80800E3F778
:101FA000BFF89DF80900E3F7B5F89DF90C00E3F7D9
:101FB000BDF89DF91800E3F7BFF89DF80E00E3F7B0
:101FC000D9F80598E3F7BEF8BDF81A00E3F7C0F8B2
:101FD000BDF81000E3F7C2F8BDF81C00E3F7C4F841
:101FE0009DF81E00E3F7CCF89DF81F00E3F7CEF84C
:101FF0001198E3F7D1F81398E3F7D4F8BDE8084057
:1020000004B0E2F7B9BE70470F207047FEE7002327
:102010009A4200D1704710B550F8234041F8234050
:1020200001339A42F8D110BD002303607047036862
:102030000B6001607047036813B90B600160704763
:102040001846F8E70346006818B102681A600023D2
:1020500003607047036803B970478B4204D10B6873
:10206000036000230B6070471846F3E710B538B1E2
:1020700032B129B100230139D45C14B900230370B3
:1020800010BD8B42FAD200F8014B0133F4E703464E
:1020900038B10020814204D01A5C02B97047013087
:1020A000F8E770474FF0FF31FFF7F1BF70B50C460E
:1020B0001646054660B15AB151B1FFF7F3FF8442AD
:1020C00006D9211A32462844BDE87040FFF7CEBF3A
:1020D00070BD70477047F8B50E4617461D4604465A
:1020E00060B15BB10EF06FF8E5600025E780A68077
:1020F0002560A5600EF062F82846F8BD2220FCE7B6
:10210000037970B503F0200304460E4639B913B1C4
:10211000406A01F048FB002584F8206018E0002B9D
:10212000F9D0E369408B5843103001F02FFA034691
:10213000606278B10022618BA26262841033A28B4C
:10214000FFF7C9FF05460028E5D0606A01F02BFBC8
:10215000284670BD1925FBE710B5044690B10379F8
:10216000990711D090F8203083B10EF02CF8A36AB3
:102170005A1C1BBF0133A362012400240EF01EF879
:10218000204610BD2524FBE70F24F9E70224F7E7DA
:1021900040B103791B0707D590F8200080F00100BB
:1021A00040007047252070470F207047FFF7F0BFB1
:1021B00070B5002506462C46052C20D8DFE804F033
:1021C00003070B0F13175B210820E3F753FB0C21C8
:1021D0000820E3F74FFBD1210820E3F74BFB8021D8
:1021E0000820E3F747FB00210820E3F743FB6C1CC2
:1021F0002946E4B208202546E3F73CFB0624A4F177
:102200000E03012B05D85A210820E3F733FB0134D4
:10221000D2E7102C05D1BDE870405D210820E3F71E
:1022200029BBB31F195DEFE708B5082000F07BF864
:10223000BDE80840082000F081B8012307B520F070
:102240007F4040EA8170019068460093FFF7B0FF3D
:1022500003B05DF804FB436803B1184722207047C0
:10226000436903B11847FF20704737B50D680C4626
:10227000AB88ADF804302B78022B0CD00DF10301A4
:1022800001A800F0B9F89DF80330204683F001035F
:102290002B70E8F73DF903B030BD0368187870473C
:1022A00013B50468A388ADF804302378022B15D049
:1022B0000DF1030101A800F09FF8A2799DF8033009
:1022C000012A13D1618843EA41034FF6E07163F0BC
:1022D0003F039BB28B4203D12270638002B010BDDA
:1022E0004FF6DF729342F8D10022F5E7002AF5D1CC
:1022F00083F001032370F1E703681A78022A03D1FF
:1023000000225A80E3F716BA704710B504682378A4
:10231000022B07D0A379022B02D16079E3F75AFB95
:102320000223237010BD4FF060420123D2F8001E3B
:1023300083400B430020C2F8003E70474FF06041DD
:102340000122D1F8003E824023EA02030020C1F8B6
:10235000003E7047F8B50E461746044660B10DF0D2
:102360003BFF05463A4631462046E5F709F928463F
:102370000DF02DFF0020F8BD2220FCE770B10122F6
:10238000417803788A4030214B4341F2100103F138
:10239000A04303F5703300205A5070472220704745
:1023A00070B10122417803788A4030214B4342F2D8
:1023B000100103F1A04303F5703300205A50704719
:1023C0002220704738B50D46044698B191B10DF002
:1023D00003FF30222378534303F1A04303F5703306
:1023E0001B696278D34003F001032B700DF0EFFE00
:1023F000002038BD2220FCE738B50D46044698B1D0
:1024000091B10DF0E9FE30222378534303F1A0434C
:1024100003F570335B696278D34003F001032B70DE
:102420000DF0D5FE002038BD2220FCE7D0E90003E6
:102430001847836800681847C3680068184707B5DD
:1024400003788DF8043043788DF80530837801A83F
:1024500023B9FFF7A5FF03B05DF804FBFFF78EFF7C
:10246000F9E707B503788DF8043043788DF8053027
:10247000837801A823B9FFF781FF03B05DF804FB5F
:10248000FFF78EFFF9E707B503788DF8043043783E
:1024900001A88DF805300DF0A5FE03B05DF804FB32
:1024A00013B5044603780DF103018DF80430437829
:1024B00001A88DF80530FFF785FFA3789DF803008C
:1024C0000BB980F0010002B010BD10B588B0044611
:1024D0000E98009207900D98224606909DF83000C5
:1024E00005900B9804909DF8280003900020CDE9FA
:1024F00001300B460121E3F7FFFA08B010BD08B523
:102500000CF066FDBDE808400021E3F71FBF00297D
:10251000CCBF01210021E3F719BF02214FF4207045
:10252000E4F7A6BA704770470020E4F7B5BB012076
:10253000E4F7B2BB7047C36C0B42FCD1704708B5DF
:1025400043680246DB0714D50A2350210363FFF7D3
:10255000F2FF136C9907FCD1936A01211046936234
:10256000FFF7E9FF136C1B0604D4012302F50052A8
:10257000536008BD536BF5E738B50A46044619B9F0
:10258000BDE83840FFF7DBBF012100F580535960FB
:1025900002F00F0540F2FF71FFF7CDFF78210563D0
:1025A000FFF7C9FF02F00103520748BF43F00203DF
:1025B000226C02F003029A42FAD138BD036C5B062A
:1025C000FCD5C16370470022E4F74EBDFFF7FBBFA7
:1025D00070B5054614460E460DF0F5FD2B685C40BF
:1025E00034405C402C60BDE870400DF0E7BD4FF01A
:1025F000B0435A6812B19A6A002AFAD1704770B58E
:10260000054614460E460DF0DEFD2B685C40344056
:102610005C402C60BDE870400DF0D0BD01224178D7
:1026200003788A4030214B4342F2100103F1A0436A
:1026300003F570335A50704721FA00F2D20730B5D3
:10264000034600F0FC040FD500220132D2B2042A66
:1026500002D14FF0FF3008E0831803F00303234456
:1026600021FA03F5ED07F0D4184630BD03782BB9F5
:102670004078053818BF4FF0FF307047012B08D164
:102680004378012B1AD0032B14BF4FF0FF300420E6
:102690007047022B09D1437893B1052B12D0072B39
:1026A00014BF4FF0FF3008207047032B0CD1437844
:1026B000022B14BF4FF0FF300920704703207047F2
:1026C00006207047072070474FF0FF307047704773
:1026D0000020704700207047012310B580F8883033
:1026E0000378044653B100F063FA21462046E5F72B
:1026F0008DF82046BDE8104000F04FBA10BD38B547
:102700000D460446E5F76AF86B682046C4F8B03217
:10271000A96800F098F94FF0FF332046C4F8B432AE
:10272000FFF7D6FF38BDD0F8B43210B501330446F8
:1027300001D0002010BD00F0BEFAC4F8B402013090
:10274000F7D194F8B80280F00100F3E708B5E5F797
:1027500081F808BD0A7801382D2A0ABF012200221B
:102760008918E5F7D3B807281BD8DFE800F0060A78
:102770000D10131504170120704700220820E5F7FB
:10278000C5B800221020FAE700222020F7E7082031
:10279000FFF7E0BF1020FBE72020F9E70846E5F748
:1027A00017B9002070472DE9F74307280C46DDE9EB
:1027B0000A7690461D4608D8013806280AD8DFE870
:1027C00000F01D27303A44574A00212850D003B06A
:1027D000BDE8F083002220461146E8F7A5FE3368E5
:1027E000C0B205EB83013A6845F82300013348F88D
:1027F000221033603B6801333B60E8E7002220464B
:102800001146E8F791FE336880B205EB8301EAE7F1
:10281000002220461146E8F787FE336805EB830166
:10282000E1E7002220461146E8F702FE336840B295
:1028300005EB8301D7E7002220461146E8F7F8FDB3
:10284000336800B205EB8301CDE700222046114634
:10285000E8F7EEFDE1E7002389461E461D468DF8A8
:10286000063019F8013F7D2B06D125702D0A6570C1
:102870003B6848F82340BDE7202BF2D006F0010268
:10288000013612B98DF80430EBE71022002101A8BF
:102890008DF80530E8F7CCFD631901359870ADB2BD
:1028A000DFE72DE9F04F9B46002385B08B4581463D
:1028B00088469246CDE902336BDC1A461E4619F86B
:1028C0000340FF2C08D15B4496B1013B434516DD24
:1028D0002B2005B0BDE8F08F172C04D8102C28BF92
:1028E00001220133EBE7203C012C98BF0126F8E7D9
:1028F00062B1013B4345EBDC3546374602E000253B
:102900002F462E46454504DB0020E2E79845F3D0EC
:10291000DEE75D453BDB19F80730202B18D109EBCA
:1029200007035B78FF2BD3D1CEB920465AF8251088
:10293000FFF719FF78B303AB019302AB0093204676
:10294000DDE90E235AF82510FFF72DFF0135D9E7F1
:10295000212B0ED109EB07035B78FF2BB8D1029B2B
:102960005AF825200E99012641F8232001330293BD
:10297000ECE7A3F11004072C02D91C460137D3E77A
:1029800009EB07035B78FF2BA2D1E4B2CCE7062466
:10299000CAE721209DE726209BE72DE9F04F074657
:1029A0000E4615469846044685B0DDF84490DDE9AC
:1029B0000FAB206808B3DAF80020D8F800108A427C
:1029C0001BDA0E9B53F82210E2F78EFC48BBDAF8B4
:1029D00000200132CAF800206268117BFE291BD159
:1029E0000E9B1068012100932A464346CDE902B9A7
:1029F000CDF804A0FFF7D1FF04462B7843B999F82E
:102A000000302BB97EB101233C4689F800302B7091
:102A1000204605B0BDE8F08F01238BF800302B7005
:102A2000EBE70C34C5E73446F2E710B504462368FB
:102A300003B910BD237A13B92046E4F7FFFF0C3425
:102A4000F5E77047704710B541B10A7932B90124F2
:102A50009C300C71FFF7EBFA204610BD0020FCE71C
:102A60002DE9F041A2B005460AAA084603A900F0E4
:102A70005FF90446B0B90DF10A0301930DF10B03A0
:102A80008DF80A0000930AAA284604AB03A9E5F7CB
:102A90009BF99DF80A20B2B19DF80B2048B12AB1EC
:102AA000E4F7CCFF204622B0BDE8F081FFF7BDFF80
:102AB000F8E7D5F89C50002DF4D0A86808B1FFF7CE
:102AC000B4FF2D68F7E700B3466812AB06F10C08B7
:102AD0001AAF01934046049B039900970AAAFFF797
:102AE000E0FE04460028DDD1039B05A8CDE90637AA
:102AF000049B0595CDE90838FFF7A3FF05A83368C7
:102B0000984705A8FFF79EFFCCE72D24CAE710B52C
:102B10000446AC3001F0EDFD04F1AB031A180020BF
:102B2000934200D110BD13F8011F0029FAD00A29E1
:102B300008BF0130F4E70023F0B50B6013600646D0
:102B4000D0F8AC0278B196F8AC0060B1012406F17F
:102B5000AC07D6F8AC02844210D306F1AC00B3F552
:102B6000007F10D30120F0BD0D6801350D601568A0
:102B700001351560F85C01330A2802D0B3F5007FF7
:102B8000F2D30134E5E7C15C0A29EBD00029E9D092
:102B90001168013301311160E1E710B50021D0F86F
:102BA0008C20044601F071FD0023C4E9243310BDDC
:102BB00073B5044600F1AC0580212046FFF767FAA3
:102BC0004FF4007106462846FFF761FA0136C0F55A
:102BD0000070864220461FD801F08BFD064628462D
:102BE00001F087FD01362946421CA81901F033FD8A
:102BF000204601F07EFD21460246284601F06CFD8C
:102C0000204601F076FD0A23204480F8AC300023F2
:102C1000C4F8AC3202B070BDFFF779FF01AAC4F866
:102C2000AC0269462046FFF786FF0022009B234442
:102C300083F8AC20C0E773B50D460446FFF767FF85
:102C40006B1C1FD1D4F8AC3213B1013BC4F8AC32C9
:102C50000025204601F04DFDA8421BD82046FFF775
:102C60009CFFD4F8AC325BB16946204601AAFFF75D
:102C700062FF28B1009D04F1AC06019BAB4214D861
:102C800002B070BD012DFBD1D4F8AC328342F7D233
:102C90000133DBE7082000F01DF8202000F01AF8CF
:102CA000082000F017F80135D3E7715D2046E5F7FD
:102CB000BDF90135E1E707B500200DF1070100F08E
:102CC000EAF820B99DF8070003B05DF804FB4FF067
:102CD000FF30F9E710B5C1B20446002000F0D0F88B
:102CE00000280CBF20464FF0FF3010BD0FB407B5D1
:102CF00004AA52F8041B0020019200F0D0F8002032
:102D000003B05DF804EB04B0704710B54C1C0B46E3
:102D10000119045D222C03D07B2C01D05C2C05D141
:102D2000D21A184401F097FC012010BD0020FCE7E6
:102D30002DE9F04705469146884601F0DAFC2A461F
:102D400006461346197801322029FAD0C9F8003016
:102D50005C1B01236FF0404AC8F80030A64201D83E
:102D6000002014E02F5D29197B2F12D0222F2ED1A5
:102D7000D8F80030621C53442A4449F82320012C1F
:102D800009D911F8013C13F0DF0F04D02120BDE870
:102D9000F0877D27F3E701342B5DBB4209D12B1966
:102DA0005B7813F0DF03F1D1222F00D12B550134D2
:102DB000D4E75C2B07D1324621462846FFF7A5FF12
:102DC0000028E3D0013E0134A642E5D8DEE75C2FBF
:102DD00008D1324621462846FFF797FF0028D5D074
:102DE000013EE4E7202FE2D10022631CB3420A70C7
:102DF000DDD2EA18EB5C202BD9D0D8F80030072BB5
:102E000005DC49F823200133C8F80030CFE71E2045
:102E1000BDE700F005B809B1E5F7F2B92220704727
:102E200000207047E5F734BA40B2E5F72FBB70B524
:102E30000C46154610B9E5F7A1FB38B143682BB134
:102E40002A462146BDE8704000681847232070BD1F
:102E5000F7B50D4616461C4648B103B901ACC76824
:102E60005FB12346324629460068B84706E0E5F7D9
:102E700085FB04B901AC0028F1D1232003B0F0BDDB
:102E800007B501228DF807100DF10701FFF7CFFFFD
:102E900003B05DF804FB00230122FFF7D9BFF8B5AA
:102EA0000C461546064658B9E5F768FB2046294604
:102EB000E8F764FD0446002CD4BF37200020F8BD9D
:102EC000E5F75CFB86420746F0D03046E5F74AFB63
:102ED00029462046E8F752FD04463846E5F742FB0E
:102EE000E9E70EB403B503AA52F8041B0192FFF7F9
:102EF000D6FF02B05DF804EB03B07047D0F8A43001
:102F00001B681A6C120643BF5B6B00200B701B2002
:102F10007047D0F8A43001221B6819B103F5805323
:102F20009A64704703F500539A645A64704708B571
:102F3000D0F8A4301868FFF741FB002008BD0068F6
:102F4000D0F8A4301B685A6CD20708D5012103F5CC
:102F5000005251641B6C9B0601D500F0C0B970474C
:102F600000207047FEE74FF4005300204B6070478D
:102F7000012070470020704707B5002001AB019089
:102F8000FFF766FF0198002808BF4FF0FF3003B03D
:102F90005DF804FB10B514460020FFF748FF2046FB
:102FA00010BD80F89910704790F89900704790F81C
:102FB0009600704710B50446E5F788FC38B1236DDC
:102FC000D4E912020244934218BF184610BD3022C1
:102FD000237D534303F1A04303F58023DB6EEFE72A
:102FE0000023506910B5903000F8043C1446FFF7F8
:102FF00029F808B1E5F7CCFC63681BB10021204635
:10300000A2689847002010BD90F8943070B505462E
:103010000C46C3B10B69B3F5006F16D80DF0DCF8A0
:1030200095F88C30064665614BB1214605F190005C
:10303000FFF701F830460DF0CAF8002070BD2046B9
:10304000E5F7A6FCF6E70E20F8E72120F6E792F870
:10305000543037B5144633B1936D0BB1D06D9847EA
:10306000002384F8543094F89A301BB32046E5F7D7
:103070002DFCF8B1236E132120465B68984710257C
:10308000236E20461B680DF10701984778B99DF81B
:10309000073003F0FD02112A05D1A3F111025342BA
:1030A000534184F8A030013D15F0FF05E8D12046DA
:1030B000E5F79CFC002084F8540003B030BD2DE9F6
:1030C000F04790F8949004460D461646B9F1000F6B
:1030D00040F08B8090F899800DF07EF894F8953050
:1030E000074673B194F898305BB184F895900DF071
:1030F0006AF80121814608460CF0A6F848460DF012
:103100005DF838460DF063F82E44B54205D1236EC4
:10311000012120469B68984754E094F89A30002B90
:103120003DD0207DE2F778FE2046E5F7EDFB07462F
:10313000207DE2F791FE97BB0DF04EF80746207D0B
:10314000E2F76AFE2046FFF735FFA26C00F1FF3977
:10315000914538BFE36C94F854A038BF03F1FF33B6
:10316000207D38BF02EB0309E2F776FEBAF1000FCB
:1031700012D14B46D4F89C108B420BD013F8012986
:10318000112A01D0132A20D1A2F111035A425A4127
:1031900084F8A020C4F89C9038460DF018F894F8F4
:1031A000A030002BB1D0236E2F462A785B68B8F18F
:1031B000000F12D1236E20465B683978013598479D
:1031C0000028A2D00020BDE8F087A26C9A4282BFFE
:1031D000E36C03F1FF339B18CEE70A2AEAD10D21F5
:1031E000204698470028E5D0ECE70E20EBE7F8B53D
:1031F00004460D460CF0F0FF94F896300646ADB14B
:103200007BB994F8983063B10CF0DDFF01210546DD
:1032100008460CF019F828460CF0D0FF012384F87A
:1032200096303046BDE8F8400CF0D1BF002BF8D006
:103230000CF0C9FF0746294601200CF005F8384676
:103240000CF0BCFF84F89650EBE738B548B1002489
:1032500005680CF0C1FFC5E916440CF0B8FF204624
:1032600038BD2220FCE770B50468054694F89460E8
:1032700086BBFFF7EAFFE5F781F9854202D13046C8
:10328000E5F770F9236E93F91000E5F75DF9236E09
:1032900093F91000E5F72AF9236E93F91100E5F789
:1032A00053F9236E93F91100E5F720F9207D0BF017
:1032B000B1FE207DE2F730FDE2F70CFD0023C5E909
:1032C0000033C5E90533EB60236E2046BDE870404E
:1032D000DB6818470F2070BD0068E5F787BB2DE954
:1032E000F04104460CF078FF94F89530054603F061
:1032F000FF08A3B90127236E41469B6820469847E3
:1033000084F895700CF05FFF0646414638460BF096
:103310009BFF30460CF052FF022384F8A130284670
:10332000BDE8F0410CF053BF0E2070470E207047EF
:10333000704770477047F8B50C468D1807355242F4
:103340001540A5F108070646384600F0B5FBA088F1
:103350003B1B618800EBE30080B2A1EBE30125F8A1
:10336000040C25F8061CA188DA10D1B1A4EBC10128
:10337000B1F802C0C88002EB0C004880E188B9B106
:103380008A1A92B204EBC10125F8022C8A80A28825
:103390008AB9B2681344F268B360934288BFF3609D
:1033A0000EE015F8081C41F0020105F8081CE5E7DD
:1033B00025F8021CEBE7A4EBC2042278D207E8D47C
:1033C0003846F8BD2DE9F04F17464FF0000887B09A
:1033D0007A1C109A054614BF3C460824CDF8148088
:1033E000002A00F0CB80C2F80080002900F0C880DD
:1033F00042688A4240F2C480073103F0010921F09B
:1034000007060CF0E9FE05AACDE9008282463A469D
:103410004B463146284600F053FB059F834607B1D3
:1034200030B950460CF0D3FE192007B0BDE8F08F3C
:10343000B7F8028029694FEAC802C0EBC808013911
:10344000B8F1270F29617ED9B9F1000F55D1864215
:1034500006F108084CD0224639462846FFF76BFF94
:1034600004460590059B9844404600F025FB0599CD
:1034700006F10F004A88C308A2EBD002A8F8022088
:10348000CA88A8F80430002A34D0D31A9BB201EBC2
:10349000C202A8F8063093808B88F608A380B8F89B
:1034A00004303A46E380414600232846668000F017
:1034B00074FBAB68EA6808339342AB6088BFEB608B
:1034C000237843F0010323702B6901332B61628859
:1034D000AB68504603EBC203EA68AB60934288BF17
:1034E000EB600CF074FE109B083400201C609CE71D
:1034F0003C46B7E7A8F80620CEE707EB08042046CD
:10350000039200F0D9FA0BF10703DB0805996380F9
:1035100008F10703DB08A380CB8893B1DB00039A93
:10352000D81D821A5A44C2F3CF020B44E2809A801B
:10353000A38808F1FF384FEAD808A1F80280CB80B1
:10354000B7E7E380F4E7B9F1000F1BD007F10803F8
:10355000B3FBF4F204FB1233B3B1224639462846DA
:10356000FFF7E9FE044623783A4643F0010323704F
:1035700021460123284600F010FBA8E7222054E74B
:10358000212052E78642E8D13C46ECE707B500220D
:103590004FF0FF3101AB0192E5F7E8FC019803B071
:1035A0005DF804FB07B5009313464FF0FF32FFF7B9
:1035B00009FF03B05DF804FB2DE9F04F0C4685B020
:1035C000002900F0EA8008460BF0A8FD0546D0E986
:1035D00005680CF001FE14F808EC34F806CC1EF077
:1035E000010F019002D0BCF1000F06D101980CF040
:1035F000EEFD012005B0BDE8F08FA968D5F810B048
:1036000034F8049CA1EBCC010BF10103A4F10807F1
:103610000CF10102A9602B61B9F1000F43D04FEA10
:10362000C9030293A7EBC903D888B3F802A003909B
:1036300018780EF0020EC00725D4BEF1000F25D178
:103640000398A0EB0A0EBEF1010F2CD10CF102027F
:1036500008395244C5F810B0A96034F802ECBEF144
:10366000000F22D114F8081C24F806EC6EF30001B8
:1036700004F8081C013A5A801A786EF300021A7096
:103680000022DA8045E0BEF1000F0CD002984A44D7
:10369000091AA96014F8081C6FF3410104F8081C0A
:1036A00000219980D9E73B46D7E707EBCE0AD5E959
:1036B000001001EB0009CA450ED314F8081C013AAA
:1036C0006FF3000104F8081C002124F8061C5A803E
:1036D0001A7861F30002D2E717F83E70514617F0EE
:1036E00001072FD014F8087C013A6FF3000704F8A3
:1036F000087C002792B224F8067C5A801A7867F377
:1037000000021A70C3F107020A44C2F3CF02DA8042
:103710008A80002E3FD0B3423DD37288002A08BF72
:103720001E46B8F1000F06D0434504D8B8F8022071
:10373000002A18BF43460198C5E905630CF047FD10
:10374000002057E7AEEB0C0EBEF1010FCAD1BAF85C
:1037500002C0AAF802709444BAF80620CAB10AEB73
:10376000C20100272A69013A2A61AA68083AAA60B8
:1037700014F8082C24F8067C6FF3000204F8082CD7
:103780001A78A3F802C067F300021A700029B9D1B1
:1037900076E71146E5E71E46C3E722202AE7014601
:1037A0000020FFF709BFFFF7FABF70B5049E15466A
:1037B0001A4696B1002333608DB181B14D43334633
:1037C0002946FFF7EFFE044628B9306818B12A46AB
:1037D000214600F05AFF204670BD2224FBE7212439
:1037E000F9E707B5002201AB0192E5F7D5FB019897
:1037F00003B05DF804FB2DE9F74F06460D4614466D
:103800009B46002B00F040810023CBF8003043683A
:10381000934240F23B8149B9002A00F037815A4671
:10382000204603B0BDE8F04FE5F7AEBB2AB9084625
:1038300003B0BDE8F04FFFF7B2BF0CF0CDFC35F898
:10384000067C07344FEAC70924F00704A1458046E7
:10385000A5F1080180F0968035F8023C002B70D06D
:10386000DA1B012A6DD101EBC30A11F83330D807F6
:1038700067D4BAF80220A9EB040313EBC20360D4A7
:103880001F2B3CDD2F19C4F3CF0425F8064C01345F
:10389000384625F8024C009300F00EF935F8022C5A
:1038A000009BBA80BAF80620DB087B802AB3BAF8FE
:1038B0000210511A11FA83F39BB20AEBC202FB8089
:1038C0009380524600233946304600F066F9504650
:1038D00000F0F2F8002235F8061CB368CBF800506F
:1038E00003EBC103F168A3EB09038B42B36047D834
:1038F000002A40D0083BB3603DE0FA80E1E733693D
:103900000137013B3361BAF80630174425F8067CCD
:10391000A3B1BAF802209A1A12FA87F7BFB20AEBDB
:10392000C30325F8027C9F8052460123304600F0F5
:1039300034F9504600F0C0F80122CCE725F8023CEB
:10394000F2E720465A460021E5F71EFB044630B157
:1039500040460CF03CFC204603B0BDE8F08F4A46E0
:103960002946DBF8000000F0B7FE2846FFF717FFF6
:1039700004460028ECD140460CF029FC0024EAE77C
:10398000F360B5E77DD935F8022CA9EB040A531E84
:10399000DB1B002A37D001EBC20711F83220D20717
:1039A00032D48BBBC4F3CF03291925F8063C01336D
:1039B000084625F8023C009100F07EF8009935F8A1
:1039C000022C7B888A80FA8803EBDA034B80BAB139
:1039D0007888101A10FA83F39BB207EBC202CB80EF
:1039E000938000233A46304600F0D7F8384600F07E
:1039F00063F8B368CBF800502344A3EB09037AE7DC
:103A00000023CB80EDE71746BAF1270F39D9C4F36D
:103A1000CF02291925F8062C0132084625F8022C78
:103A2000009101930AF1FF3A00F046F8009935F849
:103A3000022C4FEADA0AA1F802A08A80FFB1019BAA
:103A4000013313FA8AFA1FFA8AFAA1F806A0A7F836
:103A500004A0336930460133336100231A4600F075
:103A60009CF8B368CBF80050E2180832F368A2EB78
:103A700009029A42B2607FF67EAFF2607BE7CF80A8
:103A8000E7E7CBF8005076E7222464E7212462E7D9
:103A9000002307B501AA0193E5F78CFA019803B05A
:103AA0005DF804FB0846FFF771BD0846FFF77BBED3
:103AB00008461146FFF7ECBF0023036043607047E0
:103AC000F0B5D0E90540551C08BF0822002B4FF087
:103AD000000518BF0446DDF818C0CCF80050002CD3
:103AE00037D09DF814706588FF0007EBC505C2F15B
:103AF000000E2078C00708D51BBBE088A0B104EBFE
:103B0000C004658807EBC505F3E78D42F4D363B9BC
:103B100004F10806B6FBF2F002FB106670180EB155
:103B2000A842EAD8CCF80040F0BD082A0FD060883F
:103B3000013004EBC000461A06EA0E06801B8542DF
:103B4000F0D2A0880028EFD0A4EBC004D9E7084643
:103B5000E8E72046E8E7034610461A69DAB108B9F3
:103B600021B918680378DB0702D470479869F9E730
:103B700039B9C3887BB100EBC3000378DA07F8D406
:103B80007047012907D183882BB1A0EBC3000378CC
:103B9000DB07F8D47047002070472DE9F041D0E9E9
:103BA0000545074688461646F3B194420FD042B108
:103BB000954215D1424601213846FFF7CCFF054614
:103BC0000EE00A463146FFF7C6FF0446F2E70A4612
:103BD0000021FFF7C0FFB5420446EBD0002EE9D02C
:103BE000C7E90545BDE8F081944208D08C4228BF62
:103BF0000C46B54205D0454538BF4546F0E70C4672
:103C0000F7E74546ECE738B51C46C3E90001002359
:103C1000C4E90500C4E90233236122776362FFF738
:103C20004BFF23690139C908013341802361A3682F
:103C3000E268083393424FF00000A36088BFE3605E
:103C400038BD08B5E5F73CFA08BD002307B568465E
:103C500000938DF80430E3F7B1F803B05DF804FB8E
:103C600010B50CF0B0FA04460BF090FA2046BDE80F
:103C700010400CF0A3BA70474FF4C870E5F7B6BA1D
:103C800070477047704708B500F008FC00F016FC5C
:103C900000F021FCFFF7F6FF00F036FCBDE808401D
:103CA00000F03DBC08B5E5F749F9E3F75DFDFFF726
:103CB000E7FFE4F7FFFBE4F7D9FBFFF7B3F8E5F71D
:103CC00083FBE5F737FAE5F79BF9FFF7DAFF00F03A
:103CD00007F800F0ECFBBDE80840FFF7D4BF7047E1
:103CE00008B500F0D6FB00F0D5FB00F0D4FB00F0E7
:103CF000D4FBFFF7F4FF08BD08B500F017FC00F097
:103D000016FC00F01FFCBDE8084000F01DBC00F0F0
:103D100000B807B512200DF10601FFF77CF8BDF8D9
:103D2000060003B05DF804FB704770B50646144604
:103D30000AB9212070BDB2F90020E5F7DBFB0C28A1
:103D40000546F6D00146B4F900203046E5F730FCD0
:103D5000294602463046E5F7A9FC20800020E9E725
:103D6000F7F708B80E2070474FF4806070474FF4A3
:103D70008070704701207047E5F7B6BDE5F77CBD60
:103D8000E5F780BDE5F784BDE5F7E4BD82B02DE938
:103D9000F0438BB005AE86E80700079D1F4615F07F
:103DA000804513938046DDE914328946169C16D16E
:103DB0008C4228BF0C46D20016D584B10F2C1AD8DD
:103DC000A9EB0502042A3B6828BF042208EB050082
:103DD00009A90435099300F07FFCAC42F0D80BB080
:103DE000BDE8F04302B070479C4228BF1C46002C3F
:103DF000F5D00F2C13D9DDE914018DE803000294EE
:103E0000139B96E80700E5F7C5FDE5F7F1FDE5F73B
:103E1000F9FD0BB0BDE8F04302B0E5F707BE22465E
:103E200039460BB0BDE8F04302B000F055BC08B510
:103E3000E5F728FD10F00E03FAD0022BF8D010F4AD
:103E4000806018BF062008BD10B50446E5F73EFDAA
:103E50002046E5F7FFFD18B9BDE81040E5F766BE5E
:103E600010BD00F0EEBA002070470020704770B51A
:103E700005460E46E5F786FE044648B93146284613
:103E8000E5F798FE044628B1E5F746FEE5F786FE1D
:103E9000204670BDBDE87040E5F780BE6FF085003C
:103EA00070476FF0850070476FF0850070476FF0C6
:103EB000850070476FF0850070476FF08500704790
:103EC0000020704738B51C46002308462360114681
:103ED0001546FFF7CCFF00B9256038BD08B50CF0DA
:103EE00017FB002008BD10B5044608B1E5F7E2FE57
:103EF0002046BDE81040FFF756BC00F4E040B0F5A6
:103F0000805F04D0A0F5005358425841704701200B
:103F100070473AB1002918BF00232121D21A184452
:103F200000F0B3BB704700232DE9F3414668D0F899
:103F3000148004460F4630461146136000F078FAAC
:103F4000054688B9304600F075FA054660B9F6B204
:103F500076B9B8F1000F05D1A06820F47F4020F0B9
:103F6000030060B16FF08605284602B0BDE8F0811D
:103F70000146606900F034FA0028EDD1F2E74FF60F
:103F8000F87362889A4219D894F80480B8F1000F47
:103F900000D101A83946E6F7FDF905460028E3D12E
:103FA0000FCC3F683E460FC694E8030086E8030046
:103FB000B8F1000FD8D1019B7B61D5E76FF0850583
:103FC000D2E741F20523984209D8B0F5905F09D2B3
:103FD00041F2010398420CD0B0F5885F09D06FF030
:103FE000850070472923A0F5905080B2C340DB07BD
:103FF000F5D511F0070F14BF6FF086000020704751
:1040000070B5046A05460E463CB90120FFF7E9FB8E
:10401000286228B120466E6270BD6FF08A00FBE70F
:104020006FF08C00F8E72DE9F041089D88461F46A7
:10403000048802B32046FFF760FFE0B12B680BB99C
:10404000D3002B6020462968FFF7BBFF044678B9F0
:10405000CE1DB2EBD60F11D1069B9A4211D8414624
:10406000384600F039FB2B68079A0733DB081360EA
:104070002046BDE8F0816FF08504F9E76FF0860413
:10408000F6E76FF08904F3E72DE9F04F476885B054
:104090003F0A0446DDE90E9A0D4616469846DDF8BD
:1040A00040B015D1CDE901ABCDF80090FFF7F6FE99
:1040B00010F1860F0ED14346324629462046CDE9FF
:1040C0000FABCDF8389005B0BDE8F04FFFF7ABBFB0
:1040D0006FF0860005B0BDE8F08F10B50446006AA9
:1040E00010B1616AFFF7FFFE0020C4E9080010BDAF
:1040F00038B50546FFF7F1FF2B7E0446012B0ED0A5
:10410000023B012B0ED8EB69012B18BF6FF0960410
:1041100028220021284600F0B8FA204638BDEB6975
:10412000002BF2E76FF09604F2E713B50446A0B156
:1041300001A9E6F781F9044678B90198037E022BBC
:104140000ED1032303760379FF2B08BF6FF084049D
:1041500000F057F9002818BF0446204602B010BDF1
:104160006FF09604F4E72DE9F0411E46002388B075
:10417000074688461546CDE905333360002A58D0F6
:10418000B2F1005F58D206AA05A9FFF7CCFE04469B
:1041900098B90598436AB3B105982A4643884146C1
:1041A000079307AB029300F124030193436A009342
:1041B000036AFFF769FF044690B10598002831D0E3
:1041C000FFF796FF2EE07B681B0A02D06FF0860493
:1041D000F3E72946FFF714FF04460028DCD0ECE79C
:1041E000059A079B5188C1B953804FF6F8718B42ED
:1041F0001CD83B8813B111889942E7D17B8813B151
:1042000051889942E2D153693360137E012B07D064
:1042100000236FF096043360CFE79942D6D1E4E7EC
:1042200002231376204608B0BDE8F0816FF08504C4
:10423000C3E76FF08604F5E76FF08504F2E710B589
:104240000446006868B106280CD104F10800FFF7A5
:1042500034FE00232360A38823F4FF7323F00103BB
:10426000A38010BD6FF08600F3E72DE9F043984678
:1042700000230C46016885B00546174603930029C4
:104280003FD100F108094C22484600F0FEF9B8F190
:10429000000F20463B4614BF4FF480624FF400628B
:1042A00003A9E5F789FE044668BB039E38463188BA
:1042B0002A1DE5F7EFFE044628BB6B7968F300037F
:1042C0006B717168D6E90823090AB8F1000F11D0A3
:1042D00001BB314648460097FFF7E3FD044690B91D
:1042E000062303982B6000F0A1F80446204605B091
:1042F000BDE8F08371B9314648460097FFF7D4FD19
:10430000ECE76FF088042846FFF799FF039800F068
:104310008DF8EBE76FF08604F5E70123FFF7A5BF03
:1043200038B50546006898B112B90024204638BD5A
:1043300006280AD105F10800FFF7B9FD0446002858
:10434000F3D02846FFF77BFFF0E76FF08604F8E72D
:104350006FF08804EAE72DE9F041054600680E4653
:1043600017469846C8B16A79D20716D52A79A2B1FC
:10437000BA4215D8062816D105F10800FFF79AFDB4
:10438000044698B10023C8F800702B71A6B92846DE
:10439000FFF755FF2046BDE8F0816FF08804F1E794
:1043A0006FF08904EEE76FF08604EBE726B9284644
:1043B000BDE8F041FFF743BF21463A463046D8F802
:1043C0000030FFF7A6FD2846FFF739FF002C08BF95
:1043D0000446DFE7E5F7D2BD1822002100F055B909
:1043E00003466FF040420846591E914207D338B148
:1043F00003F1404393428CBF00200120704701200D
:104400007047034668B1017E8A1E012A0BD8032932
:10441000C26903D1012A01D1FFF76ABE1AB1013A7C
:10442000DA61002070476FF096007047FFF7E9BF30
:1044300000207047C0B2002814BF6FF08500002034
:1044400070470020704770470120E6F70BB8002046
:10445000E6F708B808B5DCF7F9F8BDE80840DEF77C
:1044600009BA08B5DCF71CF9BDE80840DEF72CBA3C
:1044700010B50446E6F794FB2046DCF769FF2046BA
:10448000DFF704FB2046E6F749F910BD012070472D
:10449000704770477047DBF75BBF704708B5E0F7C0
:1044A00091FEFEF7B6FCBDE80840E0F781BE08B516
:1044B000E6F764FABDE80840E0F7BABF08B5E1F7EF
:1044C00073F9E1F723FAE6F75FFBE6F763FBBDE874
:1044D0000840FDF7A9BE08B5FDF796FDE4F7ECF935
:1044E000FFF7BFFCE5F7C2FEFFF7ABFFFFF7BDFC30
:1044F000FFF7F4FC0CF00CF8E6F72CFBE6F7BAFA41
:10450000BDE80840E6F77CBA08B5E5F731F9FFF7F2
:1045100027FCFFF709FCBDE80840FDF7B9BC08B56A
:10452000E0F704FFBDE80840FFF79BBF704708B500
:10453000E1F7BCF8DCF764FBDEF7BCFDBDE8084042
:10454000E6F784BAE6F742BAE0F7B0BFE6F710BB89
:1045500008B5FFF7A7FBFFF776FFFFF7CDFBE6F700
:1045600089F80AF0C9FEF8E7E6F7E4BEE6F76ABFA5
:104570002DE9F8430746884614460026D4E90195FC
:10458000B9F1010905D52468002CF7D13046BDE802
:10459000F883AB89012B07D9B5F90E30013303D06D
:1045A00029463846C04706436835E9E710B50C464A
:1045B000B1F90E10E7F70EFA0028ABBF636DA389BF
:1045C0001B1823F48053ACBF6365A38110BD00208A
:1045D00070472DE9F0411F468B8905460C46DB05E7
:1045E000164605D502230022B1F90E10E7F7E0F9CF
:1045F000A3893246B4F90E10284623F48053A381D0
:104600003B46BDE8F041E7F7F7B910B50C46B1F904
:104610000E10E7F7CDF9431CA38915BF606523F49D
:10462000805343F48053A38118BFA38110BDB1F917
:104630000E10E7F7ADB90139024410B5904201D12F
:10464000002005E0037811F8014FA34201D0181BA8
:1046500010BD0130F2E7884210B501EB020402D927
:104660008442234607D8431EA14208D011F8012BEB
:1046700003F8012FF8E7024401468A4200D110BD39
:1046800013F8014D02F8014DF7E702440346934247
:1046900000D1704703F8011BF9E710B56AB1013981
:1046A000841810F8012B11F8013F9A4203D1A0425F
:1046B00001D0002AF5D1D01A10BD1046FCE7704792
:1046C0007047704710F8012B11F8013B012A28BFF1
:1046D0009A42F7D0D01A70470A44431E914200D143
:1046E000704710B511F8014B914203F8014FF9D111
:1046F00010BD034613F8012B002AFBD1181A01380C
:10470000704738B54B1C144603D14FF0FF3528468F
:1047100038BD9389CDB223F0200393815368526B47
:104720008AB1A26B9A4208DD23685A1E226003F800
:10473000015C636801336360E9E7214600F019FA20
:104740000028F1D0E1E72169226841B1914206D207
:1047500012F8011CA94202D1013A2260EAE7C4E939
:104760000F2304F1440363630323A363234603F885
:10477000465F23600123DEE710B50C46496B69B143
:1047800004F14403994201D0FFF78FF90020236C14
:104790006063636013B1E36B236010BD23694FF066
:1047A000FF30236000236360A38943F02003A381CB
:1047B000F3E79368013B002B936010B408DA946927
:1047C000A34201DB0A2903D15DF8044B00F008BACB
:1047D0001368581C1060084619705DF8044B704748
:1047E000F8B506460F461446D518AC4201D1002054
:1047F00007E03A4614F8011B3046FFF7DAFF431C86
:10480000F3D1F8BD2DE9F047164698468A68074669
:104810000B690C46DDF820909342B8BF1346336015
:1048200091F843200AB1013333602368990642BFEF
:10483000336802333360256815F0060506D104F1AC
:10484000190AE36832689B1AAB422BDC94F84330B8
:104850002268003B18BF0123920630D404F14302C2
:1048600041463846C847013023D023681A3454F8EB
:104870000A2C03F00603042B0ABF54F80E5C002533
:1048800033684FF0000608BFED1A54F8123C08BF19
:1048900025EAE5759342C4BF9B1AED18B5421AD1BB
:1048A000002008E00123524641463846C8470130FF
:1048B00003D14FF0FF30BDE8F0870135C1E7E118C3
:1048C0005A1C30200233224481F8430094F84510EA
:1048D00082F84310C2E70123224641463846C847C2
:1048E0000130E6D00136D9E7B1F90C202DE9F041CD
:1048F000170705460C4656D44B68002B02DC0B6CA0
:10490000002B3DDDE66A002E3AD0002312F48052DF
:104910002F68216A2B6025D0626DA389580705D5C1
:104920006368D21A636B0BB1236CD21A216A00231D
:10493000E66A2846B047411C24D0002363602369FF
:104940002360A389DA0400D56065616B2F60B9B17B
:1049500004F14403994202D02846FFF7A6F8002349
:1049600063630DE001232846B047461C0246D4D1BC
:104970002B68002BD1D01D2B01D0162B2AD12F60F4
:1049800000202EE02A68B4F90C3042B11D2A01D073
:10499000162A21D10023636023692360D5E7626072
:1049A00022692260CEE70F69002FE9D093070E68D5
:1049B0000F600CBF4B690023A6EB07088B60B8F1B2
:1049C000000FDDDD43463A46216A2846A66AB04715
:1049D000002808DCB4F90C3043F040034FF0FF30FE
:1049E000A381BDE8F0810744A8EB0008E7E738B5EC
:1049F0000B6905460C4613B90025284638BD18B189
:104A0000036A0BB9E6F7C4FEB4F90C30002BF3D0FF
:104A1000626ED00704D4990502D4A06DFFF750FE52
:104A200028462146FFF760FF636E0546DA07E4D4A7
:104A3000A3899B05E1D4A06DFFF743FEDDE770B5C8
:104A40000C46B1F90E1096B0154600291E460CDA38
:104A5000A389002113F0800F14BF40234FF480631B
:104A6000002031602B6016B070BD6A46E7F770FD1C
:104A70000028EDDB019901F47041A1F50053594282
:104A800059414FF48063EBE78B89F7B59D070646E4
:104A90000C4607D504F147032360236101236361BA
:104AA00003B0F0BD01AB6A46FFF7C9FF009F0546A2
:104AB00030463946FEF7F6FF48B9B4F90C309A058E
:104AC000EED423F0030343F00203A381E2E7A389BA
:104AD000206043F08003A381019BC4E904075BB11C
:104AE000B4F90E103046E7F745FD28B1A38923F04D
:104AF000030343F00103A381A3891D43A581CFE7ED
:104B000070B50B78044601385E2B04F1FF0513BF26
:104B10004A1C8A1C4B78002108BF012100F8011FA4
:104B2000A842FBD10BB9501E70BD81F001011046A7
:104B3000E154024612F8015B2D2D05D05D2D16D0F3
:104B4000002DF1D02B46F2E746785D2EFAD0B34225
:104B5000F8DC02301A4601329642A154FBDCF21A0C
:104B60005D1C013AB342A8BF0022AB18E1E7104632
:104B7000DAE72DE9F0410C46496B04F14403994210
:104B80001AD14FF48061FEF78DFF18B94FF0FF3056
:104B9000BDE8F0814FF48063606300F2FD30A363F1
:104BA00094F84630837094F84530437094F844305C
:104BB000037020600020EBE7A66B77003A46FEF713
:104BC00077FF05460028E1D000EB06080146324693
:104BD0004046FFF781FDC4F80080C4E90D57E9E7BE
:104BE000F8B50E461446054618B1036A0BB9E6F748
:104BF000CFFDA369A360A3891A0701D5236943B92F
:104C000021462846E7F74EFC18B14FF0FF373846EB
:104C1000F8BD2368F6B222693746981A6369834261
:104C200005DC21462846FFF7E2FE0028EDD1A36807
:104C3000013BA36023685A1C22601E70431C6269FA
:104C40009A4204D0A389DB07E1D50A2EDFD12146A1
:104C50002846FFF7CCFE0028D9D0D6E7C9B20346D4
:104C6000024410B59342184601D1002003E00478B5
:104C700001338C42F6D110BDF7B5044614F4004C54
:104C80004FF6FF7608BFFF2620F40040050205F42A
:104C9000E065C0F306209E42019145EA000504F05C
:104CA000380E0846897904D201A800F0DCF9002703
:104CB0001AE0240C24044EF0800EEE1844EA0E0490
:104CC00044EA162436020C31B6B247183443445035
:104CD000391D2944BCF1000F09D021F8023C1146CE
:104CE000E7F758FC0028E2D1384603B0F0BD01F8E0
:104CF000013CF4E72DE9F041DDF818800E4641460D
:104D0000044615461F4600F016FC78B9206800F0EE
:104D100036FAA0EB0801204600F0D3FA00233D4606
:104D200020682360079B1D70BDE8F0812368002B7D
:104D300008BF3546F6E770B504460E4615680A46C4
:104D40000021FFF7A2FC25F4004520462122314630
:104D500000F0D0F8290A04312046C9B200F053F916
:104D6000A3791C44E56070BD026810B501F0040031
:104D700022F40044C2F306220021043240F029004C
:104D800000F0FDFB10B183790344DC6010BD0346E5
:104D9000002200681A600179E7F7FCBB10B500211A
:104DA000FFF7E2FF044608B9002010BD0179E7F7DC
:104DB000F1FB0028F8D1A3790C33E018F5E72DE9D1
:104DC000F04117461A46036801F0040123F400433A
:104DD0001C0204F4E064C3F306231C4341F02905DC
:104DE000043406463B462146284600F096FC8046A1
:104DF00050B1E1B200F07EF93B462A4641463068A8
:104E0000BDE8F041FFF738BFBDE8F0812DE9F3417F
:104E1000002401F004010668074641F029051068E6
:104E200029461460019000F028F9019800F0A7F9D4
:104E300026F40046310201F4E061C6F30626314350
:104E400080460122043101A800F015FB30B101A811
:104E500000F009F9204602B0BDE8F08143462A4639
:104E600001993868FFF708FFF5E708B5FCF73CFB48
:104E700008B1C3681BB1003818BF012008BD4069E4
:104E8000F6E72DE9F0478846164658B352B3E7F7E0
:104E9000C9FB074640B3B1460025BA469AF806104A
:104EA0009AF807403F68641AE4B2444584BF444618
:104EB000012544B10C31484622465144FFF70CFC11
:104EC000A144A8EB04085046E7F70CFC002FE4D1FE
:104ED00065B93246022052F8041B09F07AFE2846D2
:104EE000BDE8F0872220FBE71B20F9E71E20F7E74B
:104EF0007047704738B5054614460A460021FFF74B
:104F0000C4FB24F01C046B7944F0100443F0040348
:104F10002C716B7138BD2DE9F74F1F469DF830306D
:104F20008A4680460093002850D0002967D00C683C
:104F3000002C66D04FF0000BE679A179761AF6B214
:104F4000BE4208D30C31394408EB020945462144DE
:104F5000F61BC84537E02068A346BF1B002835D0A4
:104F60000446E9E7AB19994538BFA9EB0506324677
:104F70002846FFF7B1FB009B002B3DD0E279A079DA
:104F8000F3B237BB1844A071E279A37927689A423B
:104F900032D1DAF80030A34208BFCAF80070BBF182
:104FA000000F01D0CBF800702046E7F79BFB3C4692
:104FB00035444CB10027A379E67903F10C01F61AC8
:104FC0002144F6B24D45CDD3A5EB080003B0BDE8B2
:104FD000F08F121AD2B2F918914209DA0C3020443B
:104FE000D21BD21A014438440193FFF734FB019BD2
:104FF000E279D31AE371C7E7A3462468D8E70846E5
:10500000E4E72046E2E710B5C4790246C4F145035F
:10501000D8B2884228BF08460444D47110BD38B5C0
:105020000546C079C0F14504E4B2944288BFD4B2C9
:105030000C3022462844FFF74FFBEB7920462344EF
:10504000EB7138BD1FB503910021009103A9FFF753
:1050500062FF05B05DF804FB13B501240094FFF76F
:105060005AFF02B010BD38B50446206800B938BDFB
:105070000568E7F737FB2560F7E7034610B501F051
:10508000EC0103B910BD1A7902F013020A431A7138
:105090001A1A544254415A7964F300025A711B6837
:1050A000EFE710B558B1016802685AB1136823B12F
:1050B0005C79E40704D5002414600360084610BD41
:1050C0000360F1E71346F8E720B1006810B14379B7
:1050D000DB07FAD57047034658B10020DA79997991
:1050E0001B68521A50FA82F01BB15A79D207F5D5D3
:1050F0007047704770B50D460446E8B186798E4218
:1051000003D3751A8571012070BDC27906F145037C
:105110009B1ADBB299420FD806F10C010144921B95
:10512000A81BD2B20844FFF796FA0023A371E379D3
:105130001D44AD1BE571E6E70020E5E710B50C4620
:1051400098B191B18979E279C379521AC3F14503D3
:10515000D2B2DBB2934208D30C312144FFF75FFF98
:105160002046E7F7BFFA012010BD0020FCE7034608
:10517000006818B102681A60002303607047034694
:10518000002003B97047DA7999791B68521A50FAEE
:1051900082F0F6E72DE9F84F894614468246FFF77C
:1051A000EEFF05464846FFF7EAFFA542074601D352
:1051B000A04208D2BD4208D10024A346A0462646FC
:1051C00047B9384604E02746F6E738D24FF0FF30BB
:1051D000BDE8F88F5EB99AF806809AF80760A6EBEA
:1051E000080608F10C08D044DAF800A0F6B2BBF1CA
:1051F000000F0BD199F8064099F807B0ABEB040B00
:105200000C344C44D9F800905FFA8BFB5E45354670
:1052100028BF5D46BD4228BF3D4621462A4640463E
:10522000FFF709FA0028D3D1A8442C447F1BEDB224
:10523000761BABEB0505F6B25FFA85FBC0E70120F4
:10524000C6E703680BB9016070471A461B68002B5C
:10525000FBD111607047036803B10B6001607047B8
:1052600039B10B461A461B68002BFBD1036813604B
:105270000160704770B5046806460D4644B120468B
:10528000FFF77DFFA84211D8236813B9E379A37112
:1052900070BD20463360E7F725FA3468F4E7ED1A6D
:1052A000236820463360E7F71DFA3468002DEFD0FD
:1052B000A279E3799B1ADBB2AB42F0D92A44A271FE
:1052C000E6E7F8B5066805460C4646B13046FFF7F6
:1052D00056FFA0421DD8336813B9F379B371F8BDF6
:1052E00030462B60E7F7FEF92E68F4E706463846AD
:1052F0000768002FFAD1C2798379D31ADBB2A342AF
:1053000002D9121BC271EAE7E41AE7F7EBF93EB1E2
:105310003760002CE3D028680028E0D00026E7E7BB
:105320002E60F6E7F8B504460F46BC4200D1F8BD42
:10533000A179E5796D1AEDB2C5F14506B6B20EB99F
:105340002468F2E749B10C312A46214404F10C00EB
:10535000FFF781F90023E571A3712368BB42EFD009
:105360005A79D207ECD49979DD79A0796D1AEDB22A
:10537000B54228BF3546E2790C3010440C312A463C
:1053800019442044FFF7A8F9E379206853FA85F31C
:10539000E3718379761B53FA85F5C379EDB2AB429D
:1053A000B6B2857103D103682360E7F79BF9002E3D
:1053B000D3D1C5E738B50C46016809B9046038BDDA
:1053C0000D4609680029FBD1236823B12046FFF769
:1053D000A9FF2C60F3E721462846FFF7AFFE00281F
:1053E000EDD1F6E748B100230279436003608360A2
:1053F0004379027143F00403437170470022114660
:10540000E7F7F0B938B504460D46FFF773FE98B9D3
:1054100084B12079FFF7F2FF58B163794279C3F381
:10542000400363F3410245235D1B04604271C37175
:10543000857138BD0120EDE72046FAE738B50368ED
:1054400004460D469BB11879FFF7D8FF88B1236851
:10545000427903605B79C3F3400363F34102452360
:105460005D1B4271C37185712060002038BD012031
:10547000EAE71920FAE738B50C46054640B300685C
:1054800030B309B9002038BD4AB9C9B2FFF732FEBE
:105490000028F7D12B689A799871A41A06E045295B
:1054A00018D8C9B2FFF726FE0028EBD1442C07D844
:1054B000002CE7D02846E1B2BDE83840FFF7BEBF78
:1054C00045212846FFF7BAFF0028DCD1453CEDE72F
:1054D0002220D8E72120D6E72DE9F84390F807806D
:1054E00090F806900446A8EB0907FFB2B9420D46B2
:1054F00002D30020BDE8F8830079FFF77FFF06465E
:105500000028F6D0A17980790C317F1B29440C301A
:10551000BAB221443044FFF7DFF8F37901203B446D
:10552000F371E37999444D442368A5EB0805E571CF
:1055300033602660DEE7F8B5076806460D463C4650
:10554000002305B12CB90BB100221A603460384633
:10555000F8BDE379A2799B1ADBB2AB4207D8E379B5
:10556000A2799B1ADBB2ED1A23462468E9E72046AC
:10557000E9B2FFF7B1FF0028F1D10746E7E753187A
:10558000452B02DCC9B2E7F72DB900207047F7B50B
:10559000002605460F4601960DB9019C09E0002240
:1055A00038461146E7F71EF9044628B901A8FFF767
:1055B0005AFD204603B0F0BDAB798371EA79C27120
:1055C00068796179D21A60F3000161716979607953
:1055D000C1F3400161F34100607103F10C0029182F
:1055E000D2B22044FFF778F8019B03B9019406B1C9
:1055F000346026462D68CFE72DE9F74F0C469046DC
:105600008146002854D0002C55D0E279A579521B50
:10561000D2B29A4204D90C351D444646254440E096
:1056200024689B1AEFE7E77999F807000C372744BD
:105630007F1BB7423B4628BF3346C0F1450B5FFA9C
:105640008BFB5B459A4628BFDA460C30524629460A
:1056500048440193FFF740F899F807205745524412
:10566000019B89F807205544A6EB0A0605D05B4547
:105670000CD2002ED7D1002618E02468ECB1E279D4
:10568000A579AA42F9D00C352544F0E7002EF2D0D6
:10569000002299F804001146E7F7A4F8C9F80000C1
:1056A0008146002EE7D0B9F1000FBCD1A8EB06006F
:1056B00003B0BDE8F08F2046FAE7002EF6D1DAE716
:1056C0002DE9F8430D461446064610B319B3DAB176
:1056D000034699461B68002BFBD12746C8463A462D
:1056E00029464046FFF79BFCC145A7EB0007054450
:1056F00018BFC9F8008037B10022B1793079E7F7D7
:1057000071F8C14618B9E41B2046BDE8F88380460D
:10571000E5E70446F8E70C46F6E737B51546C9B2A3
:1057200000221C46E7F75EF8019040B12246294668
:10573000FFF7C6FF844202D901A8FFF794FC019845
:1057400003B030BDE7F7F4B94843E7F7F1B9FEF726
:105750002AB8212802D10846E7F70ABAE7F75ABA69
:10576000512802D10846E7F703BAE7F753BA4FF0DA
:10577000FF30704700207047704770470020704727
:1057800000207047002070474FF0FF307047112015
:1057900070470020704701207047002070470020AC
:1057A000704700207047002070477047704770476F
:1057B00008B5E7F7E1FEBDE808403120EEF7DABAB8
:1057C00038B500F12C050446284603F0D6F950B14F
:1057D00094F8203013F0180F05D02846BDE8384063
:1057E000002103F0DBB9A06A38BD38B504462C307F
:1057F00003F0C3F994F8213001288CBF43F008036B
:1058000003F0F70384F821302046FFF7D9FF05465F
:1058100003F019FB94F82030228CC3F38001C3F30A
:1058200040039B0043EAC10394F8211042F4005264
:10583000C1F3C00143EA0113017842F0080201F00C
:1058400023010B430370437803B122842846BDE84B
:10585000384003F0FDBA2DE9F04790F823300646B2
:10586000012B0D4602D90020BDE8F08790F82030CA
:1058700003F0010369B983B996F8213013F00C0FD6
:105880004AD196F82030DA0742D56B1E584258416B
:10589000EAE7012901D1002BEED13046347EFFF733
:1058A0008FFF03F0D0FA0778417817F020070CBF7C
:1058B00002310331204618BFA02703F086F996F87D
:1058C00021308146590754BF022196F8241004F173
:1058D000FF3348BF0231012B9CBF013189B2204602
:1058E00094BF4FF0A0084FF0000803F06EF9824615
:1058F000F468E7F7D3FEA4F59673A3EB0903DB1B6B
:10590000A3EB0A03A3EB08031B1A002BABDDB3E7E1
:10591000B5FA85F04009A7E70120A5E75328F8B5B7
:105920000C4615D009D8232800F0EA80512800F051
:10593000C880BDE8F840FFF73BBF5628F9D191F881
:105940002030DA075CBF23F0100381F82030F0E745
:10595000E7F7B0FC054600220221EDF727FEAB6811
:105960000646D80735D494F82330013384F8233021
:1059700094F82630013384F8263000260121204691
:10598000FFF769FF0746C0B194F82030D80740F10F
:10599000818094F8213059077CD404F12C0003F065
:1059A000ECF8012894BF00230123580094F822103A
:1059B000E7F7AAFB2046FFF718FF2846E7F7B8FCF1
:1059C000032E69D1284603F071F92B7B84F8273028
:1059D00064E0002394F8212084F8233042F010037F
:1059E00084F82130317894F82030C1F38001C3F37A
:1059F0008000814218D083F0040343F0100184F842
:105A0000201042F05002090784F821200CD523F021
:105A1000080343F0100304F12C0084F8203003F055
:105A2000C4F83320EEF7A6F9327894F82030C2F3A8
:105A3000C001C3F34003994228D194F82130D20623
:105A40004CBF43F0040303F0FB0384F82130737868
:105A5000B3B994F8203083F0020384F82030327810
:105A600097078AD072789AB143F0200384F82030E7
:105A700094F82130032643F0200384F821307DE799
:105A80002846E7F7F9FA0028E3D176E7012675E71B
:105A9000022673E7022089E7002E96D194F8213080
:105AA000DA070AD494F8202043F00103D60748BF50
:105AB0006A6884F8213048BF2260002F3FF439AF74
:105AC000F8BD91F82030084623F0300381F82030EB
:105AD00091F8213043F0020381F82130FFF770FE86
:105AE00003F0B1F900212046FFF7B5FE00283FF48E
:105AF00020AF94F822100120BDE8F840E7F71ABB68
:105B000091F82030DD06DBD518070BD46568E7F780
:105B1000C5FD2D1AB5F57A7FD2DB2046BDE8F840E9
:105B2000FFF763BE91F821301907EFD504F12C007F
:105B300003F023F80128E9D9C2E7EEF7D1BB0A2820
:105B400002D80130C0B27047242801D80230F9E7EA
:105B5000252805D0262805D0272818BFFF20704704
:105B6000002070470C20704708B5EEF7BFFB20B14E
:105B7000BDE808402020E7F783BF08BD70477047A5
:105B8000704770478B6918470023037070470020E7
:105B900070477047704770474FF000007047002013
:105BA0007047704770470020704700207047002002
:105BB00070470020704700207047002070474FF06A
:105BC000FF307047704770470020704770470020D3
:105BD000704770477047704770477047704770470D
:105BE0007047F5F79DB8F5F7A3B8F5F7BBB8E1F73F
:105BF000A7BC704708B5E7F7F3F918B1BDE808404E
:105C0000E7F74ABF08BD2DE9F8430E6A05460C4682
:105C10001EB106600020BDE8F883088B4B8B18444A
:105C2000E7F742F9286090B32046E7F781FBD5F803
:105C300000800A2198F806704046FFF7E4F90C3717
:105C4000A37B08EB070989F80730637B314689F8A5
:105C50000630628B238B20461344A9F80830237B3F
:105C60004FF6FF7289F80530636848F807302B68F3
:105C7000E7F790FB238B628B1344984201D1266097
:105C8000C8E72B681BB12846FFF7EDF92E601920F5
:105C9000C1E7EEF725BB10461946704737B50C46ED
:105CA00005460DF1060101A8E7F79EFF43F6FF73D5
:105CB0009C420DD047F6FF739C4209D0BDF90430D9
:105CC0009C42B8BF1C46BDF906309C42A8BF1C468A
:105CD000AC8103B030BD7047704700207047002092
:105CE0007047704711207047002070477047704719
:105CF000002070477047002070470846896BEBF71B
:105D00007DBF0020704710B5044609B1012010BDC9
:105D1000406C80B9A06C98B9B4F850309B07F5D1AD
:105D20002046EBF7F3FCFFF744FF0028EFD0C079E3
:105D3000C0F34010EBE7FFF7D2FF0028EAD0E5E719
:105D4000FFF7DFFF0028E7D0E0E710B50446FFF7D4
:105D5000DAFF002814BF18200020B4F8503099064C
:105D600058BF40F001005A0648BF40F040005B07B2
:105D700048BF40F0020010BD38B50C460021054672
:105D8000FFF7C1FFD0B9E00615D504F0180095F86B
:105D90007430012B11D12B6AB5F85020190444BF7F
:105DA00002F04001084312F0230F06D15B0448BF04
:105DB00040F0010001E004F05B0038BD1820E6E788
:105DC00070470020704770470020704700207047E0
:105DD0001120704770477047002070472DE9F04749
:105DE00005460F46114691469A46FFF7AEFF95F8D5
:105DF00084608046042E04D195F88E30032B18BFA2
:105E0000032695F87440042C04D195F86930032BCF
:105E100018BF032441462846FFF7AEFF0021E8F7EC
:105E200069FCC11C204603F02EF94FF4FA737C1E66
:105E30005C43A5F8520018F0100F80B207FB004435
:105E40000BD0B5F8503004F5487703F00303012B6D
:105E500006D0022B1BD083B13C462046BDE8F0871C
:105E60002421304603F00FF910210546304603F097
:105E70000AF904F58A672F4407444846FFF77FF97B
:105E800031460246404600F07AF93C18E5E70E211B
:105E9000304603F0F8F805465046FFF770F93146F2
:105EA0000246404600F06BF904F58A642C44044431
:105EB000D3E7032810B50C460DD004D8012810D024
:105EC000022813D010BD552818D05628FAD10B7DC2
:105ED00023F008030B752046BDE810400021E8F7C9
:105EE00051B80846BDE81040E8F768BAEBF796FAF3
:105EF0008442E7D1BDE81040E7F73EBB0846BDE865
:105F00001040E8F739BA51280B4603D10121184651
:105F1000E8F738B8FFF7CDBF512802D10846E8F7B7
:105F20002BBAFFF7C6BF532810B50C4617D008D8B8
:105F3000322814D051280CD02146BDE81040FFF77C
:105F4000B8BF5528F8D12046BDE810400121E8F738
:105F500019B80120BDE81040497DE7F7EBB82046AD
:105F6000E8F796FA10B1E7F707FBECE710BD70B55C
:105F700004460AF031F9002106462046EBF7F8FC0A
:105F8000054628B9002430460AF021F9204670BDA4
:105F9000406C30B9A86C0028F4D0FFF7B2FE04467C
:105FA000F1E7FFF79CFE04460028ECD1F2E708B5C4
:105FB00000F0C5FEBDE808404FF480500021EEF728
:105FC0000BB883790C33C218937813F03F0004D0D8
:105FD000D378194214BF01200020704773B54FF4E5
:105FE00040758DF807108179C580002507260C3192
:105FF0004552455C441866F30305455402F001011F
:106000009207A27848BF41F0020161F38712A270A3
:106010009DF8072002B92BB101220DF10701FEF70F
:10602000FEFF0123A27863F30502A27002B070BDE7
:1060300070B50D4602210446FFF7C3FF00B3A079F7
:1060400000F10C02A35CA1186FF3C713A354E3790A
:10605000D5F862601B1AD8B20E5051FA83F3B5F826
:106060006610204699802B6A062113F00C0F1EBF84
:10607000A35C43F08003A354BDE87040FEF7C3BFA8
:1060800070BD38B50D4604210446FFF79AFF30B1C4
:106090002046A91D0122BDE83840FEF7C0BF38BD2B
:1060A000F7B504460F4616461D460DF107010133AC
:1060B00001228DF80730FFF703FB0DF107010122E4
:1060C00020468DF80770FFF7FBFA2A463146204636
:1060D00003B0BDE8F040FFF7F3BA37B50D46042131
:1060E0000446FFF76EFF78B140F2FF23ADF80030B1
:1060F00000238DF80230AB886A46ADF80330FF21EB
:1061000005232046FFF7CCFF03B030BD38B50D4660
:1061100008210446FFF755FF38B1204605F18C01F0
:106120000222BDE83840FEF77ABF38BD2021FFF7D4
:1061300048BF37B50C4640210546FFF742FF50B136
:106140000A2394FBF3F4012228460DF107018DF890
:106150000740FEF764FF03B030BD10B58479C37902
:1061600004F10C021B1B02390244D8B251FA83F32A
:1061700053709378033860F30503937010BD70B5C6
:1061800005460E4600F06B0000211446E8F7B2FA0F
:1061900054FA80F4FF2C05D821463046BDE8704003
:1061A00002F071BFFF21304602F06DFF05F040059F
:1061B000FC3D00F5487061190446FF2904EB00031B
:1061C00004D8304602F05FFF204470BD1C462944CD
:1061D000F3E708B50231C0B202F055FF00F5FA70DE
:1061E00008BDF0B50546DDE905460020E07112F076
:1061F000100001D1A071F0BD0122A2718A7850096E
:10620000C540ED0725D54D7802F01F0245EA02256D
:106210000A7891F9001025270029B4BF4FF4967130
:106220001E21694302F03F05B5FBF7FCB1F5FA7F8B
:106230000B442CBF0121022107FB1C5501302571A5
:106240006071E171236026B112F0400318BF05238D
:1062500033700320CFE737B50246136A084603F0D0
:10626000020403F48055DB0705D47CB902F074FD09
:10627000204603B030BD4CB9B5FA85F4D2F85B10B6
:1062800064090160B2F85F208280F1E7019092F921
:106290005A30B5FA85F4009300231A461946184679
:1062A000FFF775FA6409E3E770B50E46012104466D
:1062B000FFF787FEA0B1A279E37902F10C059B1AE2
:1062C000611951FA83F13046FFF7C5FF635D06217E
:1062D00060F3861363552046BDE87040FEF793BE19
:1062E00070BD2DE9F04F064685B015469DF8382063
:1062F0008B4603929A469DF83C40FFF773F80321C2
:1063000096F80680039A08F10C0806EB080707F1D7
:106310000309F970381D82B9BCB902F01DFD07F1FF
:106320000A03BBF1000F15D1ADB9DAF80020C7F8A8
:106330000A20BAF804209A801AE034B9109B33B1CD
:106340001B687B60109B9B8883800124E7E702F039
:1063500013FDFAE775B30393FFF709FA039B0021D6
:10636000CDE90003012308461A46FFF710FA01257C
:1063700007F11001A1EB090101F03F021146531C86
:106380007B7016F80830A40103F00F0344EAC5142B
:106390001C4306F808403046BA700331FEF733FE5E
:1063A000082216F8083062F3030306F8083005B037
:1063B000BDE8F08F0125B8E7CB08C25C012301F0EE
:1063C00007018B401A4214BF01200020704770471C
:1063D0007047024619460020E7F7B4BC002070471A
:1063E0000020704707B500214FF0FF336A4608468A
:1063F00000938DF80430E8F7E9F903B05DF804FB89
:1064000038B50546006808F0A6FC0446287900F077
:106410001F0008F0A0FC2044C0B2012894BF002057
:10642000012038BD013903291FD8DFE801F0020936
:10643000101712B190F90000704790F901007047F1
:1064400012B190F90200704790F90300704712B141
:1064500090F90400704790F90500704712B190F967
:106460000600704790F9070070477F20704770B5AD
:1064700005460124012221462846FFF7D3FF0022CA
:10648000064621462846FFF7CDFF864205DC01344B
:10649000E4B2052CEED1104670BD1220FCE710B519
:1064A00004464FF40050EDF791FD48B12046E8F75F
:1064B0005FFA1A2806D041F20903984204D028B99D
:1064C000002010BD0720FCE70920FAE71F20F8E7AD
:1064D0002DE9F74F80464FF400500E469246EDF7F7
:1064E00075FD002842D040460125E8F7F1FA731EF9
:1064F000DBB29D40032E0446EDB23AD145F00805CB
:1065000027460023062240F2EC4B02FB03F914F865
:10651000091045FA03F000F0010021F00C010133ED
:1065200041EA800104F809100020D9B20193E8F78C
:106530003DFAA7F802B0B88014F80910019B21F0C9
:10654000030104F80910FF21042B79704FF00602B3
:1065500007F10607D9D10020314684F818A06083DE
:10656000A083E8F723FAE083A8F8320103B0BDE87E
:10657000F08F042E08BF45F00405C1E7F8B50446C6
:106580004FF40050EDF722FD60B32046E8F7A0FA83
:106590000622054694F8303104F14801581EC0B275
:1065A00002FB005094F83121B0F90400E8F720FA1A
:1065B000064609F011FE31460746EE8304F5947055
:1065C000FFF76CFBB4F93221B5F91E309A4204D0C2
:1065D0004FF400412046EBF76DFE3846BDE8F84029
:1065E00009F0F5BD204601F024FEF8BD10B50C46BB
:1065F000E8F76EFA447610BD08B5E8F769FA407E10
:1066000008BD10B54C1EE4B2032C07D8E8F760FAB9
:1066100006235C43005DC0F3800010BD0020FCE752
:106620002DE9F04F87B088469DF8481015469B46E7
:106630000746BDF944900591BDF940A0E8F748FA36
:10664000062308F1FF36F6B27343C25C059965F381
:1066500000026BF34102C25406EB460200EB420219
:10666000044651703846A2F80290049301F04DFDA3
:10667000049B10F4005FE35C27D1180727D4237E26
:106680009A0750D523F00203B8F1030F237648D0C0
:10669000B8F1040F47D103256B1EDBB203EB4303B4
:1066A00004EB43042946B4F902203846E8F720FAFF
:1066B00000EB8000420029463846B4F9043012B29B
:1066C00007B0BDE8F04FE8F7DDBF19071ED5BBF1F5
:1066D000000F18D14FF0020B3846EBF7D5FD5B46A3
:1066E00000224146CDE9015ACDF8009080B200F079
:1066F000D8FABBF1020FC2D106235E43A35D6FF34C
:10670000C303A355BBE745F00205E3E7BBF1000F68
:1067100001D045F00205BAF1000FB0D04FF0010BE7
:10672000DAE70425B8E707B0BDE8F08F30B585B0EB
:106730000546E8F7CDF9437E0446D3B10622013B76
:10674000DBB25343C25C11070FD56FF3C302C254CF
:106750002846EBF799FD0023617E2222CDE9013323
:10676000009380B2022300F09CFA237E23F0020300
:10677000237605B030BD70B505464FF400500E4687
:10678000EDF724FC002841D02121284602F064F9CD
:1067900000283BD02846E8F79BF90622731EDBB29F
:1067A0005343C35C04465A0730D50021284601F004
:1067B000FAFC238C984212D9C31A9BB2208483B16D
:1067C000A28B9A4232BF0022D21A92B2A283628B6B
:1067D00093428DBF0023D21A6283638301E012D3F8
:1067E0002084A38B93B9284601F095FC43040DD473
:1067F00028464FF48031EBF75DFD31462846BDE871
:106800007040FFF7F3BEC31A013BD6E770BD2DE918
:10681000F8438046E8F75CF9477E06467C1E5FFA3F
:1068200084F909EB490400EB440439464046B4F9C5
:106830000220E8F75DF9051E24D04FF0060323DAA5
:1068400003FB09F3F35C13F0010F1BD1404601F089
:1068500019FD830803F548734008B3FBF0F305EB1B
:106860008505B3836A0039464046B4F9043012B254
:10687000E8F708FF30B9033F012F9EBF337E43F096
:1068800002033376BDE8F88303FB09F916F80930F3
:1068900013F0020FD9E7F8B507464FF400500D4644
:1068A0001646EDF793FB10B911263046F8BD2121AD
:1068B000384602F0BCF80028F6D03846E8F708F968
:1068C0006B1E0446DBB20EB9828BF2B9062202FBC4
:1068D0000343294600223846B3F90430E8F7D2FED4
:1068E00006460028E1D1384601F0CCFC830803F5C8
:1068F00048734008B3FBF0F3033D012DA383D4D8C4
:10690000237E43F002032376CFE72326CDE72DE94C
:10691000F74380464FF400500D461746EDF756FBFF
:1069200000286CD029464046002F64D0FFF769FE4E
:10693000002864D14046E8F7CBF8032D044661D126
:10694000037B294643F004030373007E022600F014
:106950000100E8F72BF8208206236B43E25C691CF8
:1069600042F00402E254207EC9B200F0010004EBC0
:106970000309E8F71BF8A9F804000EE04046E8F721
:10698000A7F8032D04463DD10226037B67F382035B
:106990000373837C67F3820383742221404602F0F1
:1069A00046F860B3404601F0B6FB030427D5012347
:1069B000FF2D03FA06F10CBF0023AB4049B218BF0C
:1069C0005BB21943C9B2002F49D0062303FB064628
:1069D000B6F90430012200934046002300F05EFE29
:1069E000404601F04FFC830803F548734008B3FBB1
:1069F000F0F3638303E0FFF704FE0028BED103B089
:106A0000BDE8F083042D14D006236E1EF6B2734346
:106A1000E25C04EB030967F38202E2543FB1207E9B
:106A2000294600F00100E7F7C1FFA9F80400FF259F
:106A3000B3E7A37C67F38203A3744FB1207E29469A
:106A400000F00100E7F7B2FF02250326E08283E7AA
:106A5000237B022567F38203032623739DE740F21D
:106A6000EC43B7E72DE9F0430E4685B00746E8F75B
:106A70002FF840F2EC43741E5FFA84F808EB4804E8
:106A800000EB4404B4F90290054699451FD1012258
:106A900031463846FFF7FFFE044648B9062303FB9C
:106AA00008F3EA5C42F00802EA5405B0BDE8F0835E
:106AB0003846EBF7E9FB00232246CDE901330223F8
:106AC000CDF80090314680B200F0EBF8EDE70623F8
:106AD00003FB08F810F808303846C3F34002C3F34C
:106AE000000545EA4205EBF7CFFB0022EDB2CDE908
:106AF0000152B4F9023000930223E3E7E8F7ACB99E
:106B0000002070477047002070470020704710B584
:106B1000DC1D043383734379C47123F0030343F012
:106B200003030E244371012344738371C3730182F1
:106B3000827410BDD31CC371FF23437343798273E6
:106B400023F0030343F0030343710123C1738371F3
:106B50007047D31CC3713E2343734379827323F080
:106B6000030343F0030343710123C173837170472F
:106B70000F234373042383734379A0F8111023F088
:106B8000030343F00303437140F20173C380012305
:106B9000C27303747047D31CC3714379417323F0EC
:106BA000030343F00303437101238273837170472E
:106BB00008B50023FFF7ABFFBDE80840E8F7A4B92C
:106BC0002DE9F84380460220894617461E46FEF707
:106BD00015FCD0B10C2343730823837340F60133B3
:106BE0004579C38025F003059DF8203045F0030565
:106BF0004571A0F8108080F81290A0F81370A0F8EA
:106C00001560C373E8F780F90120BDE8F88308B583
:106C10000220FEF7F3FB30B101221121FFF799FFAB
:106C2000E8F772F9012008BDF8B504460F4616468C
:106C300013211D460922FFF78CFF83790C331C4476
:106C4000A170E77026712B68C4F80530AB88A4F8F2
:106C50000930BDE8F840E8F757B970B5054602209D
:106C60000E46FEF7CBFB0446B0B12846EBF7F8FA28
:106C700001F04BFA142100F001000422A06020462C
:106C8000FFF767FFA3790C3323449970A3F80350EF
:106C90005E71E8F739F9012070BD08B507F0D7F843
:106CA00008BD2DE9F041074602200D4690461E46DC
:106CB000FEF7A4FB0446E0B109222121FFF749FFBA
:106CC0000A2283790C331C44BDF9183084F8038000
:106CD00093FBF2F323729DF81C30A7806372BDF919
:106CE0002030A67193FBF2F3E571A372E8F70CF97B
:106CF0000120BDE8F08137B50446FEF740FAFF22D7
:106D0000A379C0B20C33E518E254831E6B700D23D7
:106D1000AB70AB791C38012BE8768DF8073009D1C0
:106D20000023E91D1A460DF10700FEF725FD9DF829
:106D30000730AB712046E8F7E7F803B030BD704785
:106D400010B5E8F71BF9837900210C33C418E078FB
:106D5000EAF70EFE68B1211D00F0F5FF0446E8F7E2
:106D600013F9E2B20023BDE8104042F23501FFF70B
:106D7000CEBE41F24204F2E72DE9F041E8F7FEF819
:106D8000837900250C33C418E678E8F7F7F807682C
:106D9000E8F7F4F8A6F1FE03594259410560304680
:106DA000EAF7E6FD3B462946227900F01FFF04463C
:106DB000E8F7EAF82B46E2B242F23701BDE8F041CB
:106DC000FFF7A5BE2DE9F041E8F7D8F88379002553
:106DD0000C33C418E678E8F7D1F80768E8F7CEF87E
:106DE000A6F1FE035942594105603046EAF7C0FD5D
:106DF0003B462279012100F0F9FE0446E8F7C4F889
:106E00002B46E2B242F23801BDE8F041FFF77FBE07
:106E10002DE9F047E8F7B2F883790C33C4182779E5
:106E200094F8038027B9B8F1010F27D0EAF742FDA3
:106E300000260534BE420ADB0025E8F7A5F8EAB2D1
:106E40000023BDE8F04742F23901FFF760BE207829
:106E5000B4F80150A0F1FE035942594194F803904F
:106E60000434EAF785FD60B12A464B464146EAF70D
:106E700059FC05460028E0D10136DBE741F2120556
:106E8000DBE741F24205D8E710B5E8F777F88379F8
:106E900000210C33C418E078EAF76AFD616800F05D
:106EA0006BFF0446E8F770F8E2B20023BDE810403B
:106EB0004FF61941FFF72BBE10B5E8F75FF883795D
:106EC00000210C33C418E078EAF752FD616800F045
:106ED0006CFF0446E8F758F8E2B20023BDE8104022
:106EE0004FF61A41FFF713BEFE282DE9F843064678
:106EF000894690461F4616D00220FEF77FFA0446C8
:106F000090B106221221FFF724FE1223A579204614
:106F10000C352544AB7085F803902E71A5F80580DB
:106F2000EF71E7F7F1FF0120BDE8F883F8B50746F8
:106F30000E4614461D46EDF7D7F887B13CB936EA40
:106F400000000AD1002E14BF00201120F8BDB54268
:106F500003D135EA000300D115B91120F6E724B1B9
:106F600035EA0000F9D1002DEDE72046EEE700F00C
:106F700046BA2DE9F041E8F701F883790C33C418DB
:106F8000B4F80300EBF76CF90646002840D06779A7
:106F9000E37907F0010817F002070CBF0122002275
:106FA000A17988F00100FFF7C1FF0546E0B930463E
:106FB00001F063FB0246B8F1000F1ED1A1790378FE
:106FC00001F00F0161F307130370DBB207B9E17938
:106FD00061F3030313705378217A304661F303039E
:106FE0005370E8F7C1FA0546E7F7CEFF2A46BDE839
:106FF000F04142F23201FFF7BBBD002FEBD1E17946
:10700000037801F00F0161F3030361F30713E1E774
:107010000225E9E77047704738B50446FFF7DEF907
:10702000054658B9C820E6F7F9FDC82202212846CE
:10703000E6F788FE8442A8BF044624B22046E6F75D
:10704000EDFDFFF7CBF9BDE83840C8220221E6F795
:1070500079BEB0F90020B1F900302DE9F3479A422A
:1070600004460D464CDC09F0B7F88046EBF74EFBC2
:10707000002842D1E6F77AFE8246FFF7AFF9C82230
:107080000221E6F75FFE0DF10601814601A8E6F751
:10709000ABFD47F6FF73B5F900209A4204BFBDF877
:1070A00006202A80B4F900209A4204BFBDF80430BB
:1070B0002380B5F90000FFF7AFFFB4F900300746B1
:1070C0008342C8BF2080B4F90000E6F7F7FDE7F778
:1070D0006BFD064660B15046E6F7F0FD4846E6F720
:1070E0009DFD404609F073F8304602B0BDE8F087D8
:1070F000E6F73CFE20802F80F3E741F20C06F0E734
:107100002126F1E730B190FAA0F00123B0FA80F027
:107110008340D8B2704770B5064600F0FCFF80F09F
:10712000400402060546C4F3801406D40821304604
:1071300001F0ACFC08B144F00204EB0506D40B21CD
:10714000304601F0A3FC08B144F00404204670BDB1
:107150004B1E032B10B50C4602D90023184610BD58
:107160000329FAD0FFF7D7FF04EA00038443F4D1E0
:10717000F4E72DE9F743044688461746019300F0EB
:10718000CAFFC0F34015204601F077FA2146814638
:10719000284600F0B1FF064607B32046EBF774F827
:1071A0008046204601F06CFA3A460146019B1FFAE0
:1071B00088F0E8F707F92146284602F08DFD2021E6
:1071C000204600F0AEFF56E8003F43F4805346E807
:1071D0000032002AF7D103B0BDE8F08301A8FDF723
:1071E00042FF99F80110404601F00F0101F0E1FC67
:1071F000062818BF01462A4608BF0021204601F094
:10720000BAF9D8E7032970B506460D4614460CD0E6
:10721000042919D0012915D1222100F0C1FF2846E7
:10722000314602F089FD002070BD136812791B6899
:107230000021FFF79EFF00222368314601201A60DB
:1072400002F07AFD0120EFE713680C221B68EFE7DC
:10725000012910B504460CD100F05DFF2146C0F3B2
:10726000401000F049FF0023817C1A462046FFF7BA
:1072700080FF012010BD2DE9F7430F46054600F0C1
:107280004AFF00F02009C0F34018284601F0F5F944
:10729000BB790C333B445E789B781E400378C3F384
:1072A000030000EA13103040FFF72CFF044648B9F2
:1072B000B9F1000F06D12846FFF72DFF3040FFF748
:1072C00021FF0446284601F0DBF9ECF71FF9A04244
:1072D00023D01CB30221284600F065FF002106469A
:1072E000284601F029F81821384602F06AFC384691
:1072F000EDF700FCB6B2394644708470A0F8036024
:10730000284602F05CFC2346224629464046009669
:10731000E8F7ACF803B0BDE8F08300242646E2E7C6
:1073200070B504460D4602F037FD28B929462046BF
:10733000BDE87040FFF79FBF402829462046BDE8C2
:1073400070404FF0160314BF2A222322EDF7E4BB4E
:1073500038B505460C4600F0DEFE830604D4204610
:10736000BDE83840E5F7BEB921462846BDE83840BB
:10737000FFF781BF2DE9F3418C7906460C340C44AC
:107380000D4600F0C8FEA17807463046FFF7E0FE44
:10739000617880463046FFF7DBFEB4F803200346F1
:1073A0000092C7F3401042463146E8F75FF828469E
:1073B00002B0BDE8F041E5F795B908B58B790B440B
:1073C0001B7B162B03D0172B05D0002008BDFFF721
:1073D000A7FF0120FAE7FFF7BBFFFAE708B58B79B3
:1073E0000B441B7B162B03D0182B05D0002008BDA7
:1073F000E8F7D8F80120FAE7FFF7BCFFFAE7704793
:10740000012910B504460FD0033901290AD8FFF726
:107410008DF94FF48041204600F083FE2146012083
:1074200002F08AFC012010BD222100F0B9FE4FF4C9
:107430008041204600F075FE2046FFF777F90020D6
:10744000F1E7022910B504460CD101F019F9002228
:1074500001462046FFF71FFA30B1C31F584258417A
:10746000400010BD0020FCE70120FAE72DE9F047BD
:107470008B7904460C33CF5C0D46242F86B001EB8C
:10748000030600F09F80252F00F0CD80232F40F0D1
:10749000038196F9023003EB83035B00ADF81430EF
:1074A00096F9033003EB83035B00ADF8163000233D
:1074B0008DF812308DF8133000F02DFE10F40038E6
:1074C00006D03B463A2229462046EDF725FB63E0ED
:1074D0002121204601F0ABFA10B923232022F2E744
:1074E0004FF40041204600F018FE40F2EC43BDF995
:1074F00016209A4202D13B461E22E4E77378DF074A
:1075000051D54046414600E001210122824093438B
:10751000E3D14E1C31462046FFF773F800284CD0CB
:107520000DF1130301930DF1120300933146204630
:107530000DF1160305AAE7F7C1FB204600F0EBFDAD
:10754000420448BFFF234FF0240148BF8DF812309A
:1075500028469DF81390BDF91470BDF916609DF88A
:10756000128002F02EFB2846EDF7C4FA4FEA4903D9
:1075700003F00203C9F3400943EA090343700A23F5
:1075800097FBF3F796FBF3F68770C67080F80480DC
:107590002946204602F013FB012006B0BDE8F08723
:1075A00002210846B1E79E07C3F34000ACD4580758
:1075B000F6D4190791D50321F3E740F2EC43ADF877
:1075C0001630BAE70146012002F0B6FB204600F073
:1075D000A2FD430403D42846E5F784F8DCE74FF422
:1075E0008041204600F09DFD96F903307E2BF2D0BD
:1075F0002046FFF701F833797278029396F9033049
:10760000014603EB83035B00019396F902302046A9
:1076100003EB83035B000093C2F3400302F001021B
:10762000FEF7FEFFD7E7222101F001FA08B93B4639
:1076300054E796F904307E2B3FF45DAF204601F00D
:107640001CF84FF00109804600234FF0FF0A98F81C
:10765000001072785F1C02EA111209FA03F10A4263
:1076600016D0B278CDF808A096F90430204603EB86
:1076700083035B00019396F90330F9B203EB8303B4
:107680005B000093C2F3400302F00102FEF7C8FF63
:10769000042F3B46DBD19EE700207EE72DE9F04733
:1076A0008A462221804615461F46BDF9209001F0EA
:1076B000BEF960B30220FDF7A1FE064648B32521BE
:1076C00002F07FFA3046EDF715FA6B0003F0020383
:1076D000C5F340051D4385700A2540F2EC4397FB36
:1076E000F5F79945044680F801A0C7700DD04846CB
:1076F000E6F7F6FB90FBF5F35BB2404631462371AB
:1077000002F05DFA0020BDE8F0877E23F5E7112046
:10771000F9E70720F7E7830705D410F0040F14BF3B
:1077200003200120704702207047022805D003285B
:1077300005D0012806D1EBF77DBFEBF76BBF00202A
:10774000E8F732BC704710B1012803D07047012020
:10775000E8F72ABC0020FBE7F7B51F468B1E012B7C
:1077600005460C46164613D8FEF701F80023CDE96E
:107770000005F01A18BF01201A463946FEF707F82F
:1077800080B1022C0BD1284601F0E6FA002004E07B
:107790000029F8D0012902D0FF2003B0F0BD28460F
:1077A00001F0EAFA0120F8E770B50D4600219DF8D6
:1077B00010600446817106F10C014173111E18BF5F
:1077C000012103F00F00237B40EAC11003F04003C6
:1077D000184320732B469DF8141004F10E00FFF798
:1077E000BBFF237B0E3660F3861323732B68636124
:1077F000AB882383A3793344E37170BD022810B5AD
:107800000C4608D003280ED0012811D1BDE8104045
:107810000846E8F7F7BDE9F701FE844208D1BDE864
:107820001040E5F7A9BE0846BDE81040E8F7D2BE13
:1078300010BD002337B505460C4601A84121019330
:10784000E6F768F8019830B1E8F728FA072805D07C
:1078500001A8FDF708FC002003B030BD2A462046F1
:107860000199E8F7A1FFF7E7532810B50C4608D1B6
:107870000320FFF7DEFF40B92046BDE81040E8F7DF
:10788000A9BEBDE81040E9F74FBB10BD512838B57F
:1078900004460D460ED0532810D055384FF0010144
:1078A00018BF0120E8F70AF929462046BDE838400C
:1078B000E9F73ABBBDE83840EBF746BF0420FFF7D5
:1078C000B8FF10B92846E8F785FEBDE83840012129
:1078D0000846E8F7F3B8C0F3845303EB830300EBE7
:1078E000830080B27047F8B500231360047D05461D
:1078F0008068FFF7F0FF14F00807034602D00B443E
:107900006B6004E06E68701AB0EB030C01D40120C8
:10791000F8BD14F0010009D1D5E90374E41B14EBA0
:107920000C0FF5D40B449E1B1660E9E73846EFE7D1
:1079300010B50446E9F7C4FB6168E069E9F74AFC61
:10794000BDE8104001F045BA38B50C46C94301F016
:1079500001010546E9F77EFCA30702D4E869E9F7CF
:1079600063FCBDE8384001F034BA10B50446E9F7CD
:1079700071FC2046E9F7A4FBBDE8104001F029BAEC
:10798000007D00F0010070470120704701F005BA4A
:10799000FFF75FBB431E032B06D8DFE803F00204AA
:1079A00002040320704704207047FFF7C8B9EAF7C4
:1079B00089B92DE9F04F1646002285B01D469DF885
:1079C0004830044602939DF860308B460393139B26
:1079D0009DF83870B3F90030DDF840800193139BB7
:1079E0009DF850A01A8082699DF85890002A40F0B6
:1079F000FA8005F01C021C2A04BF0626B346E806DE
:107A000000F1A98005F00302032A08BF05F0FD0577
:107A100005F0F70505F01402142A40F0A080AA062C
:107A200000F1AB809DF86400FFF7B4FF1AF0020F7D
:107A300084F8690040F0A4801AF0040F00F0A280DE
:107A400000F0FD00012814BF032104219DF8680007
:107A500084F87410FFF79EFF19F0020F84F88E006F
:107A600040F0928019F0040F00F0908000F0FD00CB
:107A7000012814BF0323042384F884300020019AD2
:107A8000E6F760F9EB068146A4F8540008D4FEF747
:107A9000A5FC019A94F88410E6F754F9A4F8540070
:107AA000B4F95430139A4946138004F16C00FEF780
:107AB000F5F847F6FF7104F17C00FEF7EFF894F853
:107AC0008410606CFEF70DF9FF22236A84F85A20B7
:107AD000039A23F09F03236212B143F01003236241
:107AE00005F01803182B02BF236A43F080032362BA
:107AF000236A680723F0600323620CD4029AD1073B
:107B000044BF43F020032362029A236A920744BFD2
:107B100043F040032362236AA4F8505023F0070384
:107B2000236204F16202B8F1000F31D0D8F80010DE
:107B3000C4F86210B8F8041091809DF83C20012A26
:107B400002D143F004032362012F26D1236A43F0BC
:107B5000010323622EE04FF00109CA465AE70022D2
:107B60002046A16AEAF7FAF840F271227243904285
:107B70007FF655AF41F2450032E005F0FC0551E7D4
:107B8000022163E7012161E7022375E7012373E71F
:107B9000C4F86280A2F80480D6E7032F07D1236AD5
:107BA00043F001032362236A43F00203D1E7023F5B
:107BB000012FF8D9FDF7C1FF9DF85C30C0F30B0031
:107BC00040EA03309DF84430A4F88C00A4F84CB08F
:107BD0002046A4F84E6084F8583000F06DF900207B
:107BE00005B0BDE8F08F41F20C00F9E72DE9F34153
:107BF000884617460446019338B901A8FDF733FAC1
:107C000041F2420002B0BDE8F081012922D00229F0
:107C100011D091B98369D3B900F128054FF40076EA
:107C2000B4F85030D9061FD55A0728D501A8FDF75A
:107C30001AFA0020E6E7406C28B901A8FDF713FA0C
:107C400041F20C00DEE71946FEF74CF8DAE700F1E6
:107C50003005E3E7836923B900F12C054FF4806612
:107C6000DEE700F13405F9E79B0708D5B8F1000F0E
:107C700005D101A8FDF7F7F941F21200C2E7236A26
:107C8000F80723EA0603236202D52846FDF7EBF93D
:107C9000019921B12846FDF7D4FA00230193286801
:107CA000FDF76DFAB4F85030D90605D51F2801DC70
:107CB000032F18D02846DDE740F27262904205DDBE
:107CC0002846FDF7D0F941F207009BE7B8F1000F15
:107CD00009D1BF2807DD9A0705D02846FDF7C3F96B
:107CE00041F245008EE72046D4E90C12EAF736F857
:107CF000A36983B140F27122B4F84C3053439842E7
:107D000009D9B4F84E308342E7D300F51C70B0FBBC
:107D1000F2F0A4F84C0008F05FFAA369054673B1CD
:107D2000BB070CD5236A334323626368C3F57A76B5
:107D3000E5F7B4FCF04202D52046E9F775FB28468A
:107D400008F045FA75E783693BB1B0F85030DB07BE
:107D50000FD490F85930FE2B0BD0036A43F4005334
:107D600003620B68C0F85B308B88A0F85F3000209E
:107D7000704741F20C007047A0B1CB0742BF036AC5
:107D800043F4805303628A0742BF036A43F480438B
:107D900003624B0701D400207047036A43F4004399
:107DA0000362F8E741F242007047A0B1CB0742BF3F
:107DB000036A23F4805303628A0742BF036A23F4F1
:107DC000804303624B0701D400207047036A23F409
:107DD00000430362F8E741F24200704738B50446B9
:107DE00008300D46ECF7F0FCE9F718FB844202D1AD
:107DF0002220EBF7BFFF85F0010100252046FFF7A9
:107E0000A3FDE06BA56110B1EAF7ECFCE56304F1BA
:107E10004000BDE83840FDF726B970B590F85930FC
:107E20000446FE2B09D15B3000F0A6FF00F09DFF59
:107E300018B1236A43F40053236242F20103256A16
:107E40002B40012B35D0AB072CD5C5F3800504F1B1
:107E50006206002231462846FDF796FC002184F890
:107E60005A00FDF7A4FC314600222846FDF791FC9C
:107E7000B4F8501018B194F95A00002814DA236AA3
:107E800023F002032362B4F8502002F00302012A17
:107E900008D131462846FDF77CFC18B1236A43F02F
:107EA00008032362002070BD01F00101FDF77FFC93
:107EB000E9E741F21200F6E738B5044608F08CF91C
:107EC000D4E90A1205462046E9F748FFB4F84C10F9
:107ED000B4F84E20E060521A40F2712101FB020317
:107EE00003F59C53083328462361BDE8384008F069
:107EF0006EB9036A10B5044613F4606023D09A0586
:107F000007D504F12800FDF7AEF8236BA362002328
:107F10002363236A5B0507D504F12C00FDF7A3F862
:107F2000636BE36200236363236A204623F4606388
:107F30002362FFF7C1FF0120B4F88C305A1C62F3B2
:107F40000B03A4F88C3010BD036A0B4303624FF09F
:107F50008050F2F787B810B5044619B390F8562050
:107F60008AB190F857300133DBB29A4280F857302B
:107F700009D10121FFF732FF4FF480312046BDE8DF
:107F80001040FFF7E1BF236ADA050BD5636A626828
:107F90009B1A002B06DA01212046FFF71FFF4FF442
:107FA0008021EBE7236A1B0624D4FDF7C6FD1123CD
:107FB000B0FBF3F394F9682003EB0313C01A83B208
:107FC00012FA80F0102888BFC3F110035BB2083AA0
:107FD0001A4484F8682040F27121B4F84C202046FD
:107FE0001A44636801FB023301216360BDE810405D
:107FF000FFF7BBBC0023EEE7C94350E8003F0B404E
:1080000040E80032002AF8D1704738B505460C46E2
:10801000FEF7E6F920B149F640439C4228BF1C46D2
:10802000EA68A2420BD240F27121B5F87E304B4390
:10803000934238BF1346A34228BF23461A462A61FB
:1080400038BD03469A6A4830920505D5D3F82821F1
:10805000B3F84010E6F70EBC93F87310E6F700BCD7
:1080600000207047012070470020704770470020B3
:108070007047704770470020704700207047704776
:108080007047704770470020704700207047704766
:108090000020704701207047C820704700207047BB
:1080A0007047012070477047704790F8892010B5DD
:1080B000531C03F00F03072B28BF0023044663F370
:1080C0000302034480F8892083F8821090F88930F5
:1080D0006F2B4FEA13129EBF013262F3071380F831
:1080E0008930FFF7E1FF204694F83011FEF743FB9B
:1080F00010BD70477047704710B101F1B000704774
:1081000001F1D4007047F8307047806A7047836A85
:108110000B4383627047C06A7047C36A0B43C362F4
:108120007047C36A23EA0103C362704700F59C707D
:10813000704790F8891008B50F2904D909098230D1
:1081400002F075F908BD7F20FCE770B540F271269A
:1081500006FB01F345685643826A1D44D207044674
:1081600045600ED500F14405294690F84220ECF711
:108170008DFB334629462046BDE87040012201F0C0
:1081800087BC05EB5605456070BDD0F8A40000B96A
:10819000704743799B0701D40068F8E701207047D6
:1081A00080F87B10704738B504460D46EAF76CF846
:1081B00080B2FFF75CFF80B14288022DB4F8400026
:1081C00011D0032D0BD0012D06D1A38FA26B1B0163
:1081D000B3FBF2F3184480B238BD0122EDE74FF44F
:1081E0007A43A26BF4E7E38F5B00073313FB0200D3
:1081F000F1E738B5044601F049FE04F1A400FCF7AC
:1082000032FF04F1A800FCF72EFF04F1AC00FCF7EC
:108210002AFF2046EAF738F8C4B22046FDF7C3FC2F
:1082200005462046FDF7C1FC01462846FDF7BAFC8D
:1082300038BDB0F8343110B5A0F832310446EAF751
:1082400023F8C0B2FFF728FF94F8303194F83121B9
:1082500004F14801FEF7BDF8014604F59470FDF7FE
:108260001DFDB4F93221B4F934319A4209D0A36A20
:10827000DB0406D52046BDE810404FF40041EAF784
:1082800019B810BD806B7047836A0A4600F1480137
:10829000C3F34020E6F79ABA38B504460D4642B912
:1082A000836A23F4405309B143F480530020A3624E
:1082B00038BDE6F773FC48B1A36A23F440530DB10F
:1082C00043F48053A36243F40053EFE71120EFE738
:1082D0002DE9FF41836A0446DB0428D5B0F93481D7
:1082E000B0F932710020E5F741FD8045CCBF002593
:1082F0000125FEF773F8C82294F83011E5F722FD46
:1083000006462046E9F7C0FFB045B4BF0026012667
:10831000002345EA4605CDE90085A8EB07073FB2F3
:1083200002971A4694F8301180B2FEF7BAFC04B0F6
:10833000BDE8F0818A307047F8B504460E46002942
:108340005AD040F27123876B30465F43A7F28A27E9
:108350007F08394600F042FC94F89230851FADB298
:108360009D4239463046A8BF1D4600F037FC94F8C0
:108370009320831F9BB29342A8BF1346F21E012A8B
:10838000B4F88A10B4F88C202BD8B1F5296F44F2D8
:108390009020B8BF4FF429618142A8BF0146B2F5D1
:1083A000296FB8BF4FF429628242A8BF02461B2D35
:1083B000B8BF1B251B2BB8BF1B23304684F8953054
:1083C00084F89450A4F88E10A4F8902000F006FCD5
:1083D000831F9BB2AB42A8BF2B46DBB284F896301A
:1083E000F8BDB1F5A47FB8BF4FF4A471B2F5A47F76
:1083F000B8BF4FF4A472DAE71B23EFE72DE9F3418E
:10840000876B490089B28F42044616461D4639D013
:1084100040F271224368816302FB073302FB113390
:108420004360E9F731FF4FF0000887B23346424618
:10843000012138460195CDF80080FFF720FE38462F
:10844000FFF725FE41463846FFF71AFE0123E18F6C
:10845000A28FB14218D09542E68700D0A587A38F9E
:10846000A26B1B01B3FBF2F3204694F83011A4F881
:10847000A030FFF761FF0421204602B0BDE8F041C3
:10848000E9F718BF0023E2E79542E7D1A26AD207D5
:10849000E5D5002BE3D102B0BDE8F081F0B585B0A1
:1084A00004460E466A4600F18A0300F1920715461B
:1084B00018685968083303C5BB422A46F7D11868C3
:1084C000314628609B882046AB80FFF735FF9DF83A
:1084D0000B2094F895309A4211D1BDF80620B4F8DB
:1084E00090309A420BD19DF80A2094F894309A4229
:1084F00005D1BDF80420B4F88E309A4207D04FF46D
:108500008141204605B0BDE8F040E9F7D3BE05B093
:10851000F0BD37B5044694F89250BDF818008D426E
:108520000BD1B4F88A50954207D194F893509D42EC
:1085300003D1B4F88C5085421BD08DF80610ADF8ED
:108540000420019D84F8921084F89330A4F88C00E4
:1085500094F830112046C4F84051A4F88A20FFF75F
:108560009DFFB4F88E30A4F88A30B4F89030A4F8A7
:108570008C3003B030BD70B5044616460D4690F8F9
:108580003031B1B1994214D00122FEF7C0F9294629
:1085900000222046FEF77FF92946204684F8305114
:1085A000FFF77CFF2046BDE870404FF48441E9F7B7
:1085B00081BE19462046FFF771FF002EF2D170BD33
:1085C00030B4C56A15F0040F0DD145F00405C5623D
:1085D00080F89E10A0F89A204FF4006130BCA0F8FB
:1085E0009C30E9F767BE30BC704710B511B190F808
:1085F0009E400C7012B1B0F89A10118013B1B0F80F
:108600009C201A80C06AC0F3800010BDCA0742BF18
:10861000836A43F4807383628B0742BFC36A43F06B
:108620004003C3624A0742BFC36A43F08003C36288
:108630000B0742BFC36A43F48073C3627047CA0723
:1086400042BF836A23F4807383628B0742BFC36A8D
:1086500023F04003C3624A0742BFC36A23F080038A
:10866000C3620B0742BFC36A23F48073C3627047BF
:10867000836A43F480638362704700F5A270704799
:1086800090F830017047F8B5044607F0A5FD65681D
:108690000646E5F703F82B1AB3F5FA7304D530460E
:1086A000BDE8F84007F093BD40F27122A16B94F849
:1086B00074505143B3FBF1F3B4F8402098B2121A4E
:1086C000A4F8402094F8732000FB1522252592FB86
:1086D000F5F705FB1722002AB8BF521984F873205A
:1086E000B4F8A020121AA4F8A020626800FB11229E
:1086F000002120466260FFF738F9D0E7F0B5036B40
:1087000004469B0790F87B6087B001D5FFF771FDA9
:10871000236BDF0700F14081236B9D0411D52046B8
:10872000E9F7B2FDA16AC0B2C1F34021FEF795FAA4
:10873000002800F056814FF4005104F13000FFF79B
:108740005BFC236BD90409D500212046EAF7B6FA71
:108750004FF4805104F13000FFF74EFC236B5A05B3
:1087600013D52046E9F790FD002394F89F50C2B23C
:1087700019462846FEF7B8FB002800F032814FF476
:10878000806104F13000FFF737FC236B5B0712D5E3
:108790002046E9F779FDA16BA38FE28FC1F34F016A
:1087A00080B200F0A3FF002800F01B81042104F137
:1087B0003000FFF721FC236B1F070AD5204601F08C
:1087C000EBFC002800F00D81082104F13000FFF7D8
:1087D00013FC236BDD0617D52046E9F755FDE16A4A
:1087E00080B211F4805100F00F81002101F013F8E4
:1087F000002800F0F680E36A102123F48053E3623E
:1088000004F13000FFF7F8FB236B580613D5204620
:10881000E9F73AFD94F87B3080B20093D4E908235D
:1088200000F0DCFF002800F0DC80402104F1300083
:10883000FFF7E2FB0026236B190516D52046E9F762
:1088400023FD00230093B4F89C30B4F89A2094F8E8
:108850009E1080B2FEF7B4F9002800F0C2804FF4F9
:10886000006104F13000FFF7C7FB236B13F4804570
:108870002FD19A0513D52046E9F706FD2B462A4647
:1088800094F8301180B2E6F79DFD002800F0A98031
:108890004FF4007104F13000FFF7AEFB2E46236B5E
:1088A0001B0616D52046E9F7EFFCB4F8903080B2ED
:1088B000009394F89530B4F88E2094F8941000F05A
:1088C000DCFF002800F08D80802104F13000FFF7EC
:1088D00093FB236B9F060FD52046E9F7D5FC94F850
:1088E0007B1080B200F0AEFF00287AD0202104F186
:1088F0003000FFF781FB0026236BDD0508D504F16E
:1089000030004FF48071FFF777FB204601F0D8FA72
:10891000236B180408D504F130004FF40041FFF731
:108920006BFB2046E6F752F9236BD90308D504F117
:1089300030004FF48031FFF75FFB2046FDF767FF03
:10894000236B9A0308D504F130004FF40031FFF790
:1089500053FB2046FFF7A7FB236B9B0718D500228C
:1089600020461146FFF79DFB2046FFF79CFB204663
:10897000E9F78AFC94F87B1080B201F019F880B313
:1089800004F130000221FFF737FB2046E9F72AFF08
:10899000012084F87B6025E0A76AF807C7F38035DB
:1089A00022D5002D0CBF012503252046E9F76CFCDC
:1089B00094F89F30294605930023049394F842309D
:1089C000C7F340020393A38F80B20293E38F019316
:1089D000A36BC3F34F03009304F1750300F0A6FEED
:1089E00020B9002007B0F0BD6D00DEE7012104F1E1
:1089F0003000FFF701FB50E8003F43F4005340E82C
:108A00000032002AF7D187E600F01CFFF0E608B537
:108A10000220FCF7F3FC10B100F0B0FF012008BD0C
:108A2000826A002122F0C0028262EAF747B901237C
:108A300010B5A1F12002C1F1200423FA04F403FAD5
:108A400002F222438B40D0E9084123400A401343FD
:108A500014BF0120002010BDC36A10B5044613F0F6
:108A6000080012D00123A1F12002C1F1200023FA55
:108A700000F003FA02F202438B40D4E908010340FC
:108A80000A40134314BF0120002010BD10B50C464E
:108A9000C9B2FFF7E1FF70B1EBF720FBC4F1200290
:108AA000A4F12003E04001FA02F2104321FA03F39B
:108AB000184300F0010010BD70B504460E46ECF7F7
:108AC000A9F807F089FB05460221204684F87B605F
:108AD000E9F7F0FB20460121FEF736FF2846BDE806
:108AE000704007F074BB70B50D46044607F074FB88
:108AF00006462046E9F766FB304607F068FB294644
:108B00002046BDE87040FFF7D7BF0B68C0F8403182
:108B1000704738B540F64805D0F840310C460B6038
:108B20009BB2AB4204D90B21FFF7B0FF08B92580F7
:108B300038BD44F290232380FAE708B5E9F706FD33
:108B400000F0CCFB00F00BFBEBF764FFECF7C6FC8E
:108B5000BDE80840ECF72ABD38B50546FDF723F817
:108B600004462846FDF721F8214602460220FDF77B
:108B700029F838BD002303827047037C427C981A91
:108B8000C0B2704710B5037C427C5C1C9A1A047416
:108B900003F0030340F82310D0B210BD437C194406
:108BA00001F0030150F821007047437C0133437406
:108BB0007047022808D0042803D0012818BF0620D7
:108BC000704701F00101C81C704710B50C46EAF768
:108BD000B3FC0279408804FB020010BD10B50C46BE
:108BE000EAF7AAFC4388A3429BBFE41A037900205A
:108BF000B4FBF3F010BD2DE9F0410F4604462421EB
:108C000018461E4615469DF8188000F03CFAC31918
:108C1000B8F1000F37D1033E012E94BF0322022288
:108C200040F27126520006FB023342F21072608954
:108C300041007143A1F2E2469642A8BF16466A1A65
:108C4000921BD21A002AC2BFB2FBF1F202FB011240
:108C5000AD1AEA1A09D55242B2FBF1F707FB011C23
:108C600001FB1722654402B96D1AEB1A8B4240F2E0
:108C7000E2470AD8B3FBF7F3022298B2E2712081EF
:108C80002846BDE8F0810122CAE75B1ABB42B8BFA3
:108C90003B46B342A8BF3346B3FBF7F107FB1133A2
:108CA000CAB2002BEAD00132D2B2E7E7002337B5CF
:108CB000044601A80193E4F731FC054640B9A368D6
:108CC000322043F00403A360019B2362EBF752F8C8
:108CD000284603B030BDEBF7D1BA37B50546EBF700
:108CE000F3FA04462DB12B680360AB88A38003B070
:108CF00030BDFCF77CFF0322CDE900010DF1050139
:108D00000DEB0200FBF7A7FC0098BDF804302060D3
:108D1000ECE738B50546EBF7D7FA044607F05CFAFE
:108D20002B68A360AB88A381A37943F00103A371EF
:108D300007F04DFA012038BD38B50C460546EBF773
:108D4000C3FA014605B1083106222046FBF773FC41
:108D5000B0FA80F0400938BD10B50446EBF7B4FA1C
:108D6000036823608388A38010BD08B5EBF7ACFAD5
:108D7000807900F0010008BD10B50446EBF7A4FAB5
:108D8000836823608389A38010BD50E8003F0B43B4
:108D900040E80032002AF8D1704770B50E461546FB
:108DA000E9F7FCFB044648B93046E8F74BFE0446B9
:108DB00020B92846EBF76AFC044640B10020E9F7E9
:108DC000EDFB0020E8F73EFE0020EBF75FFC2046BD
:108DD00070BD4FF40010F1F745B9FFF77EBF1128C1
:108DE00008B502D0122805D008BD1320BDE8084000
:108DF000EAF7C0BFEBF7E2F9EBF75EFAEBF72AF818
:108E00001420F3E7EAF762BF08B5EAF715FFBDE8FB
:108E100008401120EAF7AEBF132808B502D0142885
:108E200009D008BDEBF750FAFFF755FFBDE8084041
:108E30001220EAF79FBF0020EAF736FFBDE808409E
:108E4000F9F71FB8704783790C331844704770479F
:108E5000002337B5044601250193204601A900F0FF
:108E60002AF908B903B030BD01982A468379C1793F
:108E70000025C91A0C33C9B21844E4F739FDECE7F0
:108E80000B7810B40478C3F38013B3EBD41F09D16B
:108E900032B9023106225DF8044B0830FBF7CBBB38
:108EA0000431F7E74FF0FF305DF8044B704729B10C
:108EB00043780C2B0CBF0320FF207047FF20704726
:108EC00070B586B004469DF828600B9D11B9FF204F
:108ED00006B070BD62B9012204A90DF10F00FCF7C4
:108EE00060FCD0B9204610F8021BC1F3801117E0D6
:108EF000002BF0D129463046FCF742FC0028EAD18D
:108F00002378C3F38013B342E1D106222946A01C83
:108F1000FBF791FB0028DAD1DDE79DF80F1004A8DC
:108F2000E9F782FC0028D2D10123218B0093084667
:108F3000638BA28B00F0C5FD0028C8D0627D531E54
:108F4000072BC4D8238B9342C1D9E28A9A42BED858
:108F5000A37F5BB9E37F4BB994F8203033B994F821
:108F600021301BB994F822300F2BB0D994F823305C
:108F70001B3303F01F030B2BA9D80520A8E71FB54F
:108F80000023CDF80A30ADF80E30D0E90023CDE94A
:108F900000230389B0F90C00ADF80830E4F7F4FEC3
:108FA0006846E4F7CFFB05B05DF804FB1FB500236E
:108FB00000F00F008DF80A0001A801918DF808302B
:108FC0008DF809208DF80B300393FCF713FE05B0E4
:108FD0005DF804FB1FB5CDE9001200228DF80B30BF
:108FE0008DF8082000F00F03C0F340128DF809201F
:108FF0008DF80C30C0F3001243068DF80A2001D51D
:10900000E4F778F86846E4F7B7F805B05DF804FBD4
:1090100030B5002489B00D9D8DF8081000950C9D89
:10902000079404A98DF81C006846CDE90544CDF8E5
:109030000A40ADF80E4001958DF809200493E4F73D
:10904000FBF8012009B030BD1FB50023CDE9003188
:1090500001238DF80830C0F340138DF80930C0F3B8
:1090600000138DF80A3000F00F038DF80C30430622
:109070008DF80B2001D5E4F73DF86846E4F77CF85D
:1090800005B05DF804FB10B50C4608B9E4F7F0FC38
:109090002146BDE81040FFF798BD0B6803B1186882
:1090A000086010B14379DB0703D5003818BF0120F1
:1090B00070470068F4E70B6813B908600120704737
:1090C0001868086020B1407900F00100C0F101008B
:1090D00000F001007047F0B587B00D4616468DF8D8
:1090E000070002B9A3B329469DF80700FCF755FB1A
:1090F0000446B8B929469DF80700FCF754FB40BB6D
:1091000016B39DF80710003918BF012128460DF14C
:109110000F02EBF77BFAF8B99DF80F40013418BF46
:10912000012416E004AF012239460DF10700FCF7D7
:1091300038FB04464EB19DF80730191E18BF0121B7
:10914000002818BF3D46E1E70124FCF713FB00B9F6
:109150000124204607B0F0BD4FF0FF34DEE7704732
:1091600070B515460E461C46FEF7CDFF2B684EB176
:1091700003606B6843602368C0F825302368C0F83B
:10918000153070BD83606B68C3602368C0F82930F8
:109190002368C0F81930F4E770B50546FEF7B3FF51
:1091A000044607F019F8064640212846FEF7AFFFAF
:1091B0004FF400612846FEF7B0FF304607F007F88D
:1091C0000023284623612375236284F82430FEF7A8
:1091D0009CFF802310F0010F14BF237584F8243006
:1091E00070BD10B50446FFF71BFC2046BDE81040DB
:1091F0001021E9F75FB810B504464FF46061FEF73F
:1092000090FF2046BDE81040FFF70ABC7FB5064638
:109210000C46FEF778FF4FF4C06105463046FEF776
:109220007CFF4FF400613046FEF77BFF4FF4806017
:10923000EAF7CCFE224670B969462846EBF7A2F958
:109240006B4605F1100213F8011B02F8011DAA423A
:10925000F9D104B070BD6C4602F1100623461068C7
:109260005168083203C3B2421C46F7D1E8E737B56C
:109270000D46ADF80420FEF746FF044600F120033A
:10928000024601992846EBF7A5F8236A01332362C9
:1092900023B994F82430013384F8243003B030BD6E
:1092A00037B50D46ADF80420FEF72DFF01990446B1
:1092B000024600F110032846EBF7F8F830B12369B5
:1092C0000133236113B9237D0133237503B030BD0E
:1092D00041F0004141F4E02101607047704710B552
:1092E000E6F700FB0446FCF771FD2043C0B210BD59
:1092F00010B5E5F743FE83790C3318444479B0F890
:109300000300E8F7ADFF60B12146EBF759FF0446D3
:10931000E5F73AFEE2B240F20641BDE81040FDF743
:1093200027BC0224F4E770B5E5F728FE83791844DA
:10933000B0F80F5006F050FF04462846E8F790FFBB
:1093400080B11621FFF7CFFB0025204606F03FFF36
:10935000E5F71AFE2A46BDE8704000234FF60441A7
:10936000FDF7D5BB0225F0E710B5E5F707FE8379D9
:109370000C33C418B4F80300E8F772FF70B1D4F8E6
:109380000510FFF743F90024E5F7FEFD2246BDE88E
:10939000104000234FF60541FDF7B9BB0224F3E767
:1093A00010B5E5F7EBFD83790C33C418B4F803006E
:1093B000E8F756FF70B1D4F80510FFF740F9002424
:1093C000E5F7E2FD2246BDE8104000234FF60641D6
:1093D000FDF79DBB0224F3E7F8B5E5F7CFFD8479EF
:1093E00005460C340444B4F80300E8F739FF064698
:1093F00040B9E5F7C9FD0222BDE8F84042F2130189
:10940000FDF7B6BBAB79E97903F10C020220CB1A68
:109410002A440021FCF781F9014618B9E5F7B4FDAB
:109420000722E9E78379033383713046B4F80D509E
:10943000B4F80F70EBF76AFE04463A462946304608
:10944000E9F71CFAE5F7A0FD2246D5E738B506F0A6
:10945000C3FE0446FFF743FF00280CBF0C25002580
:10946000E5F792FD2A4642F20E01FDF7A1FBE6F771
:10947000D7FD2046BDE8384006F0A9BE2DE9F04FE3
:109480008FB0E5F77BFD42F2850390F80690074622
:1094900009F10C0930F8092000EB09049A4202682E
:1094A0000CD10021E3782679FF2B016004F105043B
:1094B000079227D1FF2E06D0122514E00023FF26A5
:1094C000036003340792EAF70FFE637A33EA00027F
:1094D00035D1184010F0050FEED006F11003DBB2C5
:1094E0000E2B29D84225079B13B107A8FBF7BBFD1C
:1094F000E5F74AFD2A4637F80910FDF739FB0FB0AA
:10950000BDE8F08FFF2E01D11E46DCE703F110020B
:10951000D2B20E2AE6D986F080027E2ACCD90596F0
:109520001E46E9F70BF9804658B9079B13B107A807
:10953000FBF799FD0725DBE7FF230593F1E71125ED
:10954000D1E7FFF7CCFE38B1079B13B107A8FBF7B3
:109550008AFD4FF00C0B2EE0637803F0FD03012B26
:109560000AD1FFF702FC38B9079B13B107A8FBF734
:109570007AFD4FF0120B1EE004F1030A5146A01CC5
:10958000FCF713F95046A178E9F74EF9054630B1DA
:10959000079B13B107A8FBF766FDAB460BE0FF2E58
:1095A00021D03046FCF718FC834648B1079A12B127
:1095B00007A8FBF758FD4046E9F714F95D4697E721
:1095C00007AA6378CDE901A2A2783146009240460D
:1095D000059AFCF7FDFB079A8346002A47D1BBF1A9
:1095E000000F85D0E7E7637A8DF820008DF82330EF
:1095F00023788DF82130A3788DF82230DAF8003006
:10960000CDF82530BAF80430ADF8293063788DF8FC
:109610002430079B9A790C32134459791A7942EA1B
:109620000122ADF82C20D9799A7942EA0122ADF8CD
:109630002E20597A1A7A42EA0122ADF83020D97ADE
:109640009A7A42EA0122ADF83220597B1A7B42EA2B
:109650000122ADF834209A7BDB7B414642EA0323AA
:10966000024608A8ADF83630E6F7B0FDB3E707A824
:10967000FBF7F9FCB3E710B5E5F780FC83790C3311
:109680000344B3F80300B3F80510C0B2E9F70CF9CE
:10969000E5F77AFCBDE81040002342F224011A46A7
:1096A000FDF735BA70B5E5F769FC83791844B0F871
:1096B0000F60B0B2E8F7D4FD80B9E5F765FC7F250F
:1096C000044602220323204641F20541FDF71FFA1A
:1096D000A3790C331C44E680257270BDFEF729FD8A
:1096E00045B2E5F751FC00220446EBE72DE9F843CB
:1096F00081460220884617461E46FBF77FFE044639
:1097000090B10A220321FDF724FA0023A57920460F
:109710000C352544EB70A5F80490A5F806802F8140
:109720006E81E5F7F1FB0120BDE8F8832DE9F043F8
:10973000814685B002200E461F469DF844808DF874
:109740000F20FBF75BFE0546002844D0222229218A
:10975000FDF7FFF90022AC7930460C342C4404F1BB
:109760000E0304F11401C4F80E209A806261228372
:1097700000913A460DF10F01FBF7FFFF9DF84030D5
:10978000A4F80490E37006F00103A3719DF80F3074
:1097900016F0FD0FE3713B68A360BB88A3814FF611
:1097A000FF7304D0032E08BF43464FF0FF08BDF8F7
:1097B000302028466283BDF8342084F82180A283BB
:1097C000BDF838206384E2839DF83C2084F8202093
:1097D000E5F79AFB012005B0BDE8F083F8B5074630
:1097E000022016461D46FBF709FE044690B10C22E6
:1097F0000421FDF7AEF9A1799DF818300C31214410
:1098000020468F80C1F80660C1F80A50CB70E5F79A
:109810007BFB0120F8BD70B5064602200D46FBF724
:10982000EDFD044668B103223021FDF7B4F9A379B8
:1098300020460C332344A3F803609D70E5F764FBD6
:10984000012070BD70B5064602200D46FBF7D6FD1F
:10985000044688B104220821FDF79DF9B5FA85F286
:10986000A37952090C3323442046A3F803605A71AC
:109870009D70E5F749FB012070BD2DE9F843814655
:109880000220884617461E46FBF7B8FD0446B0B1D5
:109890000B220721FDF75DF9A579BDF820300C35C5
:1098A00025442046A5F80390A5F80580A5F8077083
:1098B000A5F80960A5F80B30E5F726FB0120BDE807
:1098C000F883F8B5074602200E461546FBF796FDCD
:1098D0000446A0B10D220521FDF73BF9A3792046EE
:1098E0000C332344A3F80370A3F80D602A68C3F86F
:1098F00005206A68C3F80920E5F706FB0120F8BDDA
:109900002DE9FF4116466A4680460F4615460A9CD9
:1099100003F1100E9446186859680833ACE8030048
:1099200073456246F6D124B90220FBF767FD044671
:1099300008B31D22ED212046FDF7FCF8A3790C3376
:109940002344A3F80380A3F80D702EB13268C3F846
:1099500005207268C3F809200F3304AE2A4603CAF3
:10996000B24218605960154603F10803F6D120464B
:10997000E5F7CAFA012004B0BDE8F08113B5132160
:10998000827901900C32841881544FF44072C28065
:10999000E9F7C8FAA07020B901A8FBF764FB02B090
:1099A00010BD8000013060700198E5F7ADFAF6E770
:1099B00070B5064602200D46FBF720FD044678B13F
:1099C00004220521FDF7E7F80022A37920460C3395
:1099D0002344A3F803605D719A70E5F795FA0120BE
:1099E00070BD13B5837901900C33C418C05CE8F7DF
:1099F00037FC20B901A8FBF736FB02B010BD637835
:109A0000019913F0300F0CBF012200228B7904332F
:109A10008B714B7962F300034B71E9F74FF9ECE777
:109A20002DE9F041E5F7AAFA83790C33C418B4F8AC
:109A300003801FFA88F0E8F713FC054600B3A2790B
:109A40006179FEF729FC0646E5F79EFA07460223F0
:109A5000324642F27A01FDF75AF8BB7938463B4468
:109A6000A3F81280E5F750FA46B9A37933B1284636
:109A7000FEF706FE01462846FCF7F4FFBDE8F0813C
:109A80000226E1E74368143B4360A0230B60704764
:109A90001AB94268A2EB530242600A6802EB8302E1
:109AA0000A60704713B504210DEB0100EBF72AFEA5
:109AB000019C2046EAF738FF0028F4D0204602B087
:109AC00010BD884210B51BD8052819D9B1F5486FCB
:109AD00016D8B3F5FA7F13D240F67644A2F10A0005
:109AE00080B2A0420CD8BDF8080001339BB24343BA
:109AF0004B435B00B3EBC20F94BF0120002010BDAD
:109B00000020FCE7C94350E8003F0B4040E800322A
:109B1000002AF8D17047002070472DE9F041044633
:109B20000E4600250127214685F00100FEF7E4FAE4
:109B30004FF48051FFF7E6FF8368804633B938461B
:109B40000DB1BDE8F08101250746ECE7028AB2427B
:109B500006D100220121204698470028EFD1EFE7E7
:109B60000268D10502D500221146F4E79307E6D535
:109B70002046FEF70AFB02460028E0D10521D8F86E
:109B80000830E8E708B5FEF7D1FA00230380436008
:109B900008BD70B506460C4606F01EFB054630466D
:109BA000FEF7C4FA30B103781C4304704FF4007020
:109BB000F0F758FA2846BDE8704006F008BBE9F710
:109BC0007DB807B542798DF8071022F0030242F004
:109BD0000302427140F203320DF10701C2800122FB
:109BE000FBF71DFA03B05DF804FB70B50C460546A3
:109BF000072120461646FFF7E4FF2046EAF77AFFE2
:109C0000214646702846BDE87040E9F757B838B598
:109C10000C4600210546FEF7C6FA47F6FE73241AE5
:109C2000A4B29C4205D928462821FEF745FF002012
:109C300038BD0120FCE738B504460D46014600203A
:109C4000FEF75AFA03689B0505D429462046BDE86D
:109C50003840FFF7DCBF002038BD2DE9F041154644
:109C60001F469DF81880FEF747FA044606F0B4FA3E
:109C7000B8F1010F064623D154E8003F43F4807346
:109C800044E80032002AF7D105B354E8002F42F42B
:109C9000007244E80023002BF7D1FF212046FFF794
:109CA00031FF54E8002F48EA020244E80023002B69
:109CB000F7D13046A5602782BDE8F04106F087BAAB
:109CC0004FF480712046FFF71DFFDDE74FF4007170
:109CD0002046FFF717FFE0E773B5064601200C4664
:109CE000FEF70AFA002305461A460093214630463D
:109CF000FFF7B3FF6B6863B14FF480712046E8F75C
:109D0000D9FA55E8003F43F4007345E80032002AD1
:109D1000F7D106F061FA05462046FEF707FA28B1AA
:109D200003881BB14FF40070F0F79CF9284602B08D
:109D3000BDE8704006F04BBA38B505460C46FEF754
:109D4000DBF983684BB10221204600229847214667
:109D50002846BDE83840FFF7BFBF38BD012938B5F8
:109D600005460C4608D0CC1E012C03D80146012024
:109D7000FFF7E2FF012038BD2221FEF711FA20464D
:109D80002946FFF7D9FF0020F5E708B5FEF7B4F93B
:109D9000006800F0F00008BD10B50146044601203F
:109DA000FFF7F3FF20B92146BDE81040FFF7EDBFF4
:109DB00010BD70B506460D4601460120FEF79CF920
:109DC000314604460020FEF797F92268036842EA0C
:109DD0000301C90523D4920549BF248A4FF6FF74B5
:109DE000641BA4B29B0554BF4FF6FF73038A304631
:109DF00044BF5B1B9BB29C42A8BF1C46FBF7DFFE27
:109E0000002804DB411B89B28C42A8BF0C464FF6E8
:109E1000FF739C4208BF4FF0FF34204670BD012401
:109E2000FBE72DE9F3410446019101460120154667
:109E3000FEF762F9214606460020FEF75DF98046EE
:109E40002046FEF762F9010706D501A8FBF70BF9DA
:109E50000C2002B0BDE8F08106F0BEF93368074679
:109E60009A0503D4D8F800309B0509D50199301D17
:109E70008D60FBF7E6F9384606F0A9F90020E8E71F
:109E800006F0A5F920460199A847E2E738B5014652
:109E900004460120FEF730F905460C30FBF7E3F8E5
:109EA000281DFBF7E0F821460020FEF725F90446BF
:109EB0000C30FBF7D8F8201DBDE83840FBF7D3B8CD
:109EC00070B5014605460120FEF716F90646043036
:109ED000FBF74DF9044670B14FF400713046FFF7BF
:109EE00011FE21462846A368984720B12046BDE8C8
:109EF0007040E2F7F7BB70BD00238260C0E900311B
:109F0000704708B50B4601461846FEF7F5F800689D
:109F1000C0F3402008BDFFF721BFCB1E012B70B559
:109F200004460D46164606D81A21FEF739F9402197
:109F30002046E8F7BFF9324629462046BDE8704082
:109F4000FFF70CBF38B504460D46FEF71EF928B1E1
:109F5000012D04D122212046FEF722F9002038BD30
:109F6000F8B50C468B7907460B44D3F80D60D3F84F
:109F700011303246E8F7F2FD09212046FFF721FEB5
:109F80002046EAF7B7FDA579EAF7A8F80C3566F0A0
:109F9000FF0625440640C5F80160EAF79FF83846F9
:109FA000C5F805102146FFF70AFE02213846FFF7E3
:109FB000F0FDF8BD70B50E46054601460020FEF7DF
:109FC0009BF8012E044603D0022E11D0012070BD53
:109FD000C16828468B7919440D31FEF755F9E068C0
:109FE000E2F780FB00202946E060FFF775FEEDE711
:109FF000C068E2F777FB0023E360E7E738B50D467A
:10A00000044601460120FEF777F8012D08D100F142
:10A0100012012046FEF738F921462846FFF75CFE7C
:10A02000012038BD08B5FEF776F800F0010008BD44
:10A0300038B50C4602210546FEF76FF80C21204684
:10A04000FFF7BFFD2046EAF755FD4FF0FF33837061
:10A050000223C3700F23437060230371062321463C
:10A0600043712846BDE83840FFF7A9BDF8B50C4656
:10A070000546FEF74AF800F0010787F00107294678
:10A080003846FEF739F80646C068012C837903D0BC
:10A09000022C20D00120F8BD0C33C4182389284697
:10A0A000E288A188FEF7AAF9618862784900520027
:10A0B000284689B2FEF749F8F068E2F713FB00235F
:10A0C00028464FF48031F360FEF72BF829463846D6
:10A0D000FFF702FEDEE7E2F705FB00234FF48031D5
:10A0E0002846F360FEF71DF8D4E7042910B50446AE
:10A0F00001D0002010BDFEF708F800F00100C0F10B
:10A100000200E9F763FF0028F3D1FBF777F9014676
:10A1100008B90220EEE72046EBF71CF80028F8D13A
:10A120000120E7E72DE9F0410F4604469046FDF790
:10A13000ECFF00F0010585F0010521462846FDF7FA
:10A14000DBFF012F064603D0032F0FD001200BE0C9
:10A150002046FFF750F822212046FEF721F8284636
:10A160002146FFF7E9FD0020BDE8F081C068E2F775
:10A17000B9FA00232046F360FFF73DF8204698F82F
:10A180000410FEF70DF820462021E8F793F8214649
:10A190002846FFF7D1FDD9E7F7B501460446002070
:10A1A000FDF7AAFF054600F112074FF48060E9F7BA
:10A1B0000DFF50B92046E8F767F83A46698B80B240
:10A1C00003B0BDE8F040FFF77CBB2046E8F75CF841
:10A1D000064620466D8BFDF796FF0022034600924F
:10A1E00029463A46B0B2FFF78BFB03B0F0BD837847
:10A1F0001A2B09D81B2383700288B2F5A47F07D2DB
:10A200004FF4A473038007E0FB2BF5D9FB23F2E79F
:10A2100044F290239A42F5D87047F0B50446CA79C3
:10A220008B7987B043EA0223ADF80C308B8803A802
:10A230008DF80E30CA788B7840F6480543EA022341
:10A24000ADF810300B8805A98DF81230FFF7CFFF5D
:10A2500004A8FFF7CCFF2046FEF75BFC0B2120464D
:10A26000FEF714FC44F29023002818BF1D46BDF8E9
:10A270000C709DF80E30BDF81460BDF810209DF8EC
:10A2800016009DF81210AF42D4BF00970095FB2B2B
:10A29000A8BFFB23B242A8BF32468142A8BF0146F5
:10A2A0002046FEF736F907B0F0BD37B5144605462F
:10A2B0001046FFF786FC2046EAF71CFC01A904467D
:10A2C0002846FEF726FC0B212846FEF7DFFB6FF041
:10A2D00004036370002344F29022A37040F6480305
:10A2E000002818BF1346A4F803309DF80630A4F8E0
:10A2F0000530BDF80430A4F8073003B030BDFFF7D7
:10A300002DBD022973B505460C4603D00024204616
:10A3100002B070BD0521FEF78AFB0028F6D0E8F7F1
:10A32000C9FA1B28F2D94FF40040E9F74FFE002884
:10A33000ECD1FBF763F806460028E8D0284601A9CF
:10A34000FEF7E7FB314628469DF80630BDF80420AD
:10A35000EBF742F90028D9D10124D8E71FB54A1EEE
:10A36000042A03460C465FD8012902D1008804B0B4
:10A3700010BD022905D100885B88984238BF184675
:10A38000F5E74A00014601A8FAF7A6F9032C07D120
:10A390000023ADF80A304FF6FF73ADF80C3001E042
:10A3A000042CF8D0BDF80620BDF80430934284BFD9
:10A3B000ADF80630ADF80420BDF80A30BDF80C2029
:10A3C000934288BFADF80A20BDF80A2088BFADF8D7
:10A3D0000C30BDF80430934288BFADF80A30BDF8A8
:10A3E0000620BDF80C309A4288BFADF80630BDF8A3
:10A3F0000820BDF80630934284BFADF80830ADF8B0
:10A400000620BDF80A30BDF808209A4288BFADF892
:10A410000830BDF80820BDF806309A4238BFADF8C4
:10A420000830BDF80800A2E74FF6FF709FE74A1E0C
:10A43000062A13B503460C4600F2AF80012903D16A
:10A4400090F9000002B010BD022907D190F9000078
:10A4500093F901309842B8BF1846F3E70A4601461F
:10A460006846FAF739F9032C0AD180238DF80330B6
:10A470004FF4FF43ADF804307F238DF8063009E038
:10A48000042CF5D0052C03D180238DF80530F3E79B
:10A49000062CF1D09DF900309DF905209342C4BFF0
:10A4A0008DF800208DF805309DF903209DF90030CE
:10A4B0009342C4BF8DF803308DF800209DF9013020
:10A4C0009DF906209DF900109342C4BF8DF801202C
:10A4D0008DF806309DF904209DF902309342C4BFE7
:10A4E0008DF802208DF804309DF90120BDF8003070
:10A4F00091425BBA9DF90520C8BFADF800309DF9C7
:10A5000003309342C4BF8DF803208DF805309DF9C8
:10A5100006209DF902309342C8BF8DF802209DF9B4
:10A5200002109DF90320C8BF8DF80630BDF8023037
:10A5300091425BBAC8BFADF802309DF903209DF986
:10A5400006309DF904109A42C8BF8DF803309DF97A
:10A550000520BDF8043091425BBAC8BFADF80430A5
:10A560009DF904209DF901309342C4BF8DF801206C
:10A570008DF804309DF903209DF901309A42B8BF4F
:10A580008DF803309DF903209DF904309A42C8BF2D
:10A590008DF803309DF9030054E76FF07F0051E719
:10A5A000012938B504460D4608D12221FDF7F8FDF2
:10A5B00028462146FFF7C0FB002038BD0146012098
:10A5C000FFF78AFB0120F8E708B5EDF7BFFB002095
:10A5D00008BD2DE9F0410D46DDE9064816461F4647
:10A5E00000F08BFF012C0AD860B144EA08043B4616
:10A5F000324629460694BDE8F04102F07DB821209C
:10A60000BDE8F0812520FBE70020704783790C33FB
:10A61000184470471438704710B50446A1F114006F
:10A62000FAF7ADFD201A20EAE07080B210BD70B5D7
:10A630001C460D461646FFF7EFFFA04207D3224601
:10A640003146A5F11400FBF73BF8012070BD002056
:10A65000FCE770B506460D4614467AB90A46204610
:10A660000821FAF78CFF044690B92A4608212920D0
:10A67000FAF785FF044658B9204670BD1046FAF730
:10A68000F2FC2046FAF7AEFE08231D44A371E571E3
:10A69000A3790C331C442670EEE72DE9F0411646F1
:10A6A000069A074688461D46FFF7D3FF0446F8B1D1
:10A6B00014382A4631460690FBF702F8854218D92D
:10A6C000069B06A81C7904F02004FAF7CCFC7CB9A0
:10A6D000424608212920FAF752FF069040B12A4647
:10A6E0003146FAF7EDFF854206D906A8FAF7BBFC1A
:10A6F00000242046BDE8F081069A93790C33D418E3
:10A70000D754F6E711B11439EBF75EBC1A20704745
:10A7100038B5002204460D4602200321FFF799FFB9
:10A72000014608B1A0F801502046BDE83840FFF7C7
:10A73000E9BFF8B504460F46164605210120069AE2
:10A740001D46FFF786FF014638B147704680057108
:10A750002046BDE8F840FFF7D5BFF8BD38B50D4637
:10A76000032104460846FFF774FFA0F80150014694
:10A770002046BDE83840FFF7C5BF73B5054608461B
:10A7800011466C891A46641ABDF81830A4B29C426E
:10A7900028BF1C46079B089E00932346FFF77DFFBA
:10A7A000014630B12846348002B0BDE87040FFF762
:10A7B000A9BF1A2002B070BD012110B500220446C5
:10A7C0001320FFF746FF014620B12046BDE81040A8
:10A7D000FFF798BF10BDF7B54489054618460F46E8
:10A7E00016460193FAF7CBFC053CA4B2844203DA87
:10A7F000011B01A8FAF765FD05210198FAF702FE91
:10A80000014628B901A8FAF72EFC1A2003B0F0BDC2
:10A8100083790C33C2181720C8542846A2F8017057
:10A82000A2F80360EBF7D0FBF0E7012110B500229E
:10A8300004461920FFF70DFF014620B12046BDE870
:10A840001040FFF75FBF10BD73B50E46002144896D
:10A850000546033CA4B2A342009128BF234603212E
:10A860001B20FFF71AFF014670B1012210F80F3CC0
:10A87000A0F8016062F3071300F80F3C284602B00D
:10A88000BDE87040FFF73EBF1A2002B070BD73B53F
:10A890000E46002144890546033CA4B2A342009120
:10A8A00028BF234603211D20FFF7F7FE014638B1DC
:10A8B000A0F80160284602B0BDE87040FFF722BF53
:10A8C0001A2002B070BD4B88042B07D1836C088816
:10A8D0005B8998428CBF00200120704700207047A0
:10A8E00010B50C4600F009FE18B143890020238002
:10A8F00010BD2520FCE710B50446806920B1002179
:10A90000EDF788FF0023A36110BD07B501228DF884
:10A9100007100DF10701FAF7D3FE03B05DF804FB51
:10A92000F7B505464FF428500C4601F053F906469A
:10A9300000F0D2FEB0B3022C02D8002003B0F0BD6C
:10A94000002731460DF105030DF106023846ADF83A
:10A95000067001F005F8BDF80620631E9342064616
:10A960001EDC072C1AD9023CADF806400824BDF8BD
:10A970000630002BE1D00133D9B22846FFF7C5FFDE
:10A9800021462846FFF7C1FF31462846BDF806207C
:10A99000FAF796FEBDF806000230CFE7ADF8067074
:10A9A0000924E4E74FF0FF30C8E702292DE9F3411D
:10A9B00004460D461746184603D8002002B0BDE8ED
:10A9C000F08101F007F9064600F086FE0028F4D079
:10A9D0004FF0000831460DF105030DF10602404627
:10A9E000ADF8068000F0BCFFBDF80630BDF82020B1
:10A9F0000646934228BF1346AB4228BF2B469DF81C
:10AA00000500ADF80630C0B9002BD7D001339AB29B
:10AA10009542D3D9D9B22046FFF777FF3946204671
:10AA2000FFF773FF31462046BDF80620FAF748FECF
:10AA3000BDF806000230C0B2C0E74046BEE707B529
:10AA400001A9EBF797FB30B9019B586AC0F3C0200E
:10AA500003B05DF804FB0020FAE7002008B5EBF72F
:10AA60000BFC08B9FF2006E0C37B012BF7D1436A3A
:10AA7000DB06F4D5007808BD73B50E4601A915466E
:10AA8000EBF778FB90B9019A546A14F010030FD0D9
:10AA9000C4F300343470D37B5A1E042A02D8D81E63
:10AAA00018BF01202870012002B070BD0020FBE714
:10AAB0001846F9E738B5436A04465B0705D5002315
:10AAC00000781A461946EDF7C5FC636A9D0706D55E
:10AAD0002046EBF763FB636A23F002036362636A59
:10AAE00018070DD52146E27911F8010BC2F3C00217
:10AAF000EDF752FC0546E8B9636A23F00803636288
:10AB0000204600F04EFC0546A0B9626AD10611D578
:10AB1000D30404D5204600F050FA40B11BE01206E1
:10AB2000E37B09D4E37B626A023B012B15D9616A9E
:10AB300048071FD4284638BD03F0FB03012BF6D08D
:10AB400021692078EDF74EFC636A256123F08003CC
:10AB500063620028E6D00546ECE7D305E7D56169D6
:10AB60002078EDF75BFC00236361636A23F4807354
:10AB70006362D2E7E37BA28D012B03D1A2B1802ACD
:10AB800028BF802211F0400F94F830304FF00101BF
:10AB900018BF01232078EDF75DFC0028DBD1636A44
:10ABA00023F004036362C5E74022EBE7002010B501
:10ABB000EBF762FB044600B910BD636ADA060BD5F9
:10ABC0005B0409D42046EBF74BFA636A204643F056
:10ABD00006036362FFF76EFF2046E9E713B50C46F4
:10ABE00001A9EBF7C7FA50B9022C07D80246214653
:10ABF000019802B0BDE81040EBF75CBB212002B029
:10AC000010BDF7B50E4601A915461F46EBF7B2FA7F
:10AC1000F8B9019C626A93050BD44FF6DF73A6F175
:10AC20002001994217D8A5F12001994213D8AE42CC
:10AC300011D8E369B34202D1236AAB4204D0C4E91C
:10AC4000076542F0020262629DF82030A78584F811
:10AC5000303003B0F0BD2120FBE713B50C4601A94D
:10AC6000EBF788FA60B963070CD0019B93F83120A9
:10AC7000A24205D05A6A83F8314042F002025A6279
:10AC800002B010BD2120FBE773B50D4601A90646B1
:10AC9000EBF770FA044678B93046FFF7D0FE2B1E6A
:10ACA00018BF0123834207D0019A536A3DB143F490
:10ACB000006343F002035362204602B070BD23F4E8
:10ACC0000063F6E790F8393037B55B0704460D4668
:10ACD0002AD4EBF7C5F96B1E042B14D8032D12D020
:10ACE000E379142B22D0A3696BB9684600F053FBBB
:10ACF000EBF7ECFE6946EDF7F1FC18B91A2528468A
:10AD000003B030BDA061636AE57343F0160363626C
:10AD1000EDF744FE2046FFF7CDFE05460028EED0B5
:10AD20002046FFF7E8FDEAE70225E8E72125E6E708
:10AD300007B501A9EBF71EFA30B90198C17B03B042
:10AD40005DF804EBFFF7BEBF03B05DF804FB37B559
:10AD50000C4601A9EBF70EFA18B9052C019D02D992
:10AD6000212003B030BD2869FAF709FA1F28F7D867
:10AD70006869FAF704FA1F28F2D8012CF0D0231FD3
:10AD8000012BEDD9214628466B6A23F482536B626E
:10AD900003B0BDE83040FFF795BF13B501A9EBF74D
:10ADA000E9F978B9019C636A204623F0500343F027
:10ADB00004036362FFF79FFD204602B0BDE8104028
:10ADC000FFF778BE02B010BDF7B501A90746EBF753
:10ADD000D1F9002843D1019C207800F0E4FA112831
:10ADE0000546204608BF002500F0DAFA636AD90656
:10ADF00008D523F0100343F0040320466362FFF7F5
:10AE000059FE0546FF232370636AA02223F0010345
:10AE100063624FF4A0730026C4E90723072304F1FB
:10AE2000100084F83130E673E671FAF71CF904F18A
:10AE30001400FAF718F92046FFF75DFD40F2011300
:10AE4000E3857F23314684F832303846A662666255
:10AE5000EDF7C8FA31463846EDF7E0FA284603B078
:10AE6000F0BD73B50E4601A91546EBF783F904460C
:10AE700018BB02F0DDFD064222D0054220D046EA92
:10AE8000050383431CD1012E01D0042E18D16B1E63
:10AE9000012B01D9042D13D1019B93F82E20B2422E
:10AEA00003D193F82F20AA4207D05A6A83F82E6064
:10AEB00042F0020283F82F505A62204602B070BD61
:10AEC0002124FAE737B5FFF7C8FDFF28044613D061
:10AED00001A9EBF74FF978B9019D6B6A284623F079
:10AEE00010036B62FFF707FD204605F1340103B044
:10AEF000BDE83040EDF76ABF03B030BD13B50C4676
:10AF000001A9EBF737F930B9022C06D80122214606
:10AF10000198EBF7CFF902B010BD2120FBE72DE936
:10AF2000F3410D4601A990461E46089FEBF722F912
:10AF3000002836D1052D08D86B1E012B05D9052D0B
:10AF400003D008F0010115B171B3212029E0019A65
:10AF5000936A49B343F02003019C9362A36A18F0FB
:10AF6000020F14BF43F0400323F04003F107626A6D
:10AF7000A3621ED5386842F48032A060BB79626259
:10AF8000BA88A373A281636AB2074CBF43F040033F
:10AF900023F0400343F48053294620466362FFF7C1
:10AFA00091FE02B0BDE8F081019A936A23F020037C
:10AFB000D2E722F480326262E5E7436A10B50446C4
:10AFC00013F080000CD0E37B2078032B216908D19B
:10AFD000EDF724FA00232361636A23F080036362A0
:10AFE00010BDEDF7FFF9F5E773B56E4604464A79F3
:10AFF00030460D460631EBF7ADFD96E80300A4F8A8
:10B000005010090C11F0800FE06484F8521004F124
:10B01000530312D00122184605F11201EBF79AFDF5
:10B020000C35284602F0B5FC28B10122294604F16E
:10B030005A00EBF78FFD02B070BDB4F8501094F8D1
:10B040005220C4F8530099809A71E9E7002337B57C
:10B0500080F8723040F6FF73A0F86E3083680446C3
:10B06000DA040D46C16010D443F480636A46A360DD
:10B0700040F203212046CDE9004503F00BFF0021FB
:10B080002046EDF7C7FB03B030BD90F87600FFF720
:10B090004FFEA36823F48053E8E71FB590F87420AF
:10B0A000044602F0010301908DF808300BB102F064
:10B0B00002038DF8093094F8753020468DF80A3077
:10B0C000039102F0E5FB4FF4017101AA204603F061
:10B0D000E1FE2046EDF714FC04B010BDEDF772BBA5
:10B0E0002DE9F7430E460446174602F0AFFC36EA58
:10B0F000000903D0212003B0BDE8F08302F098FCE2
:10B1000037EA000011D0FF2FF4D12046EDF732FBD3
:10B1100005460028EED049460224B0F86E8044F07F
:10B120000C0400293DD0022136E02046EDF722FB39
:10B1300005460028DED017F0010414BF00210221CB
:10B14000B0F86E80B8074FEA440407F004031DD539
:10B15000002BE4D144F00404404641F00801ECF730
:10B1600049FF0028C7D1E4B916F0040206F0030332
:10B170001ED1310744BF42F0010243F004030092A4
:10B1800000211A462846ECF711FFB4E741F004010C
:10B19000002BE1D044F008044046ECF72BFF0028D8
:10B1A000A9D121464046ECF73FFF0028DCD0A2E7BA
:10B1B000022243F00403DCE70A460021ECF7B0BEAC
:10B1C000826838B5C2F380320446B0F86E000D468E
:10B1D000ECF774FF20B9A3681DB143F40053A360DA
:10B1E00038BD23F40053FAE7F8B504460E46174677
:10B1F0001D46EBF76BFC2146EDF770FA044698B15B
:10B20000002102F0F7FB3A4631462046F6F79AFB5A
:10B21000A36843F00103A36040F20313A4F8723063
:10B22000002320462B60F8BD1A23FAE710B5044628
:10B23000B0F80300EDF790FA38B1617909B141F443
:10B240008051BDE81040FFF701BF10BD10B50446A6
:10B25000B0F80300EDF780FA38B1A17809B141F4F4
:10B260008051BDE81040FFF718BF10BD10B504466F
:10B27000B0F80300EDF770FA90B1627990F874308D
:10B280005AB143F0010380F87430A17809B141F458
:10B290008051BDE81040FFF700BF03F0FE03F2E766
:10B2A00010BD10B504468088EDF756FAB8B1E278C3
:10B2B000AAB9E179A27942EA0122A0F86220E17AF2
:10B2C000A27A42EA0122A0F86420227A617ABDE8DB
:10B2D000104042EA0122A0F86620EDF711BB10BD34
:10B2E00010B504468088EDF737FA20B1A179BDE8A2
:10B2F0001040EDF727BB10BD532838B505460C4666
:10B3000004D1BDE83840084602F0C0BA0620F6F77E
:10B31000D1FB60B96379142D03F03F03637104D04E
:10B32000722D07D163F03F036371A57138BD40F200
:10B330000740FBE72120F9E74FF0FF33F7B5009313
:10B34000ADF804308379DA060CD5532B08BF0023FF
:10B350004FF03F0208BFADF800308DF8052008BF60
:10B360008DF802300021451E431D6A46084615F837
:10B37000016F12F8014B9D4206EA040724EA060415
:10B3800040EA070041EA0401F1D110B1081E18BFDC
:10B39000012003B0F0BD00230360838083717047F8
:10B3A0007047002070471120704710B5044660B107
:10B3B000806C50B1EBF740FCA06C0028FAD120461D
:10B3C000BDE810400321EDF725BA10BD438907B54C
:10B3D0008B420CD050F80C2B40F2014192F87020B7
:10B3E000ADF806308DF8042001AA03F053FD03B038
:10B3F0005DF804FB436943F004034361704743690C
:10B4000023F00403436170474069C0F38000704734
:10B4100047F2305300220068F6F772BA006803F072
:10B42000CCBC38B5436904469B070D4603D540F2B2
:10B430000941FFF7F3FFEAF7E5FD08B1A3691D70C5
:10B440002046BDE8384040F20941FFF7E1BF07B5AB
:10B45000027C012A09D00122027440F20942914281
:10B4600006D040F20A4291420ED003B05DF804FBD0
:10B470004FF4816150F80C3B01AA93F870308DF8BD
:10B48000043003F007FDF0E750F80C3B01AA93F8F5
:10B4900070308DF80430F4E738B522F000430D46E3
:10B4A000114640F20322934204461AD0B3F5017FBD
:10B4B00009D240F20122934213D040F20222934279
:10B4C00009D0002038BD6FF481621344012BF8D8F5
:10B4D000FFF7BDFFF5E700F020F9204601F0D7F9AE
:10B4E000EFE763699B0704D540F209412046FFF767
:10B4F00095FF2846FFF759FFE3E708B5EDF73AF95E
:10B5000000B1806C08BD08B500B10068EDF752F9D4
:10B5100008B9034602E0836C002BF7D0184608BD3B
:10B5200010B5044642F62A3000F054FB031B584283
:10B53000584110BD022806D142F62A330888C31AA2
:10B540005842584170470020704710B5044642F6F3
:10B55000293000F03FFB031B5842584110BD90F8C2
:10B56000200000F0010070471FB504466846EBF765
:10B5700087FC1022694604F12100F9F75CF8B0FA63
:10B5800080F0400904B010BD08B5FFF7EDFFB0FA38
:10B5900080F0400908BD70B5044600F1210591B95D
:10B5A0002846EBF76DFC236893F9750002F0C5FBA4
:10B5B00078B120682B46BDE8704010220D2190F92B
:10B5C000750002F0B8BB102200212846F9F75DF89B
:10B5D000E9E770BD38B50446002390F8202041FA11
:10B5E00003F0C50703D442FA03F0C0071ED40133A9
:10B5F000082BF4D101F0010523682A4384F82020A8
:10B6000093F9750002F099FB40B1234653F8200BE3
:10B6100001220C2190F9750002F08DFB0DB900207C
:10B6200038BD00212046FFF7B6FFF8E71320F7E703
:10B6300068B13F290AD800EBA10090F8310001F071
:10B6400003014900084100F00300704700207047E3
:10B6500010B50368044693F9750002F06EFB50B113
:10B660002346BDE8104053F8310B10220B2190F90E
:10B67000750002F060BB10BD10B590F87430DB07A8
:10B6800006D490F97530013314BF0F20052010BD8A
:10B69000847C02F021F9844234BF0C200020F6E7BC
:10B6A00030B5044685B06846EBF7EAFB10216846E2
:10B6B00003F009FC2046EBF7F1FD6B46C26804ADD0
:10B6C00006321C4603CCAC4210605160234602F1A6
:10B6D0000802F6D105B030BD08B5EBF7DFFD08B1C3
:10B6E000EBF7B0FDC0B208BD013810B580B2EBF782
:10B6F000D5FD044608B9002010BD408800F09CFB31
:10B700000028F8D0207BF7E708B5EBF7C7FD18B1A4
:10B71000007AC31F5842584108BD70B5054655F818
:10B72000213B044693F9750002F007FB20B9284637
:10B73000BDE87040EBF7A4BB234653F8310B102251
:10B740000B2190F9750002F0F4FA234653F8200B10
:10B7500001220C2190F9750002F0EBFA20682B46CB
:10B76000BDE8704010220D2190F9750002F0E1BA99
:10B7700001302DE9F04185B228460E46EBF78EFDEB
:10B7800042F60217044642F603089CB12046EBF746
:10B7900059FD78B1204600F05EFBB84205D10EB1EC
:10B7A00023883380607BBDE8F081204600F053FBA6
:10B7B000404502D14FF0FF30F5E70135ADB22846E4
:10B7C000EBF76CFD0446E0E72DE9F04707460E462F
:10B7D00090460D4642F6021942F6030A0135ADB213
:10B7E0002846EBF75BFD044678B1EBF72BFD60B123
:10B7F000204600F030FB484505D1237A072B04D1C1
:10B800000320BDE8F0875045E8D141463046FFF7B8
:10B81000AFFF431C014604D03846BDE8F047FFF7B0
:10B8200007BF0020EDE770B5054608461646EBF762
:10B8300035FD044608B9012070BDEBF703FD002873
:10B84000F9D0F00713D4B10734D4720702D5A38816
:10B850005B0732D516F0060F31D116F40060EBD03D
:10B86000A38813F4006F14BF00200620E4E7A38828
:10B87000DA0743D513F0700F0AD1980610D4580692
:10B88000E1D52B6893F975300133DCD10820D3E77B
:10B890002868FFF7F1FEA388990608D50028CBD1C8
:10B8A0002A6892F874209207E9D40520C4E700289A
:10B8B000C2D1E4E7A3889907C7D40320BCE7A388D3
:10B8C00013F4E06F09D198050FD45B05C5D52B683B
:10B8D00093F975300133C0D1D8E72868FFF7CCFE63
:10B8E000A388990507D50028A6D12A6892F8742064
:10B8F0009207EAD4D9E700289ED1E6E702209BE729
:10B9000038B504460846EBF7C9FC054608B90120DE
:10B9100038BDEBF797FC0028F9D0AB8813F4E04F63
:10B920000CD1980412D413F48040F1D0236893F919
:10B930007500431C58425841C000E9E72068FFF7F2
:10B940009BFEAB88990408D50028E1D1226892F8C3
:10B9500074209207E7D40520DAE70028D8D1E2E77F
:10B960002DE9F0474FF00009044683F8009008469F
:10B97000A2F80090884616461D46EBF78FFC074656
:10B9800020B9012300202B70BDE8F08774B1EBF7DC
:10B9900059FC0028F5D04046FFF7D7FD30B1012310
:10B9A00085F8009004F120003380EDE72B46324605
:10B9B00039462046BDE8F047EBF7EEB9F8B5164634
:10B9C0001C460F46BDF9185009B90120F8BD50B901
:10B9D0003B7A072B0DD8DFE803F004181E272E044E
:10B9E00004160320F2E70846EBF72CFC0028EFD101
:10B9F000EBE725EAE573B34214DBA0199842CCBF0C
:10BA00000D200020E2E78020E0E7FB685B88AB4286
:10BA1000B8BF2B46EFE7FA689388AB42B8BF2B4616
:10BA2000B34206DA0720D1E7022D2B46B8BF022326
:10BA3000E1E75388E1E70620C8E72DE9FF47044620
:10BA40000846894690460393EBF728FC054638B92B
:10BA500003A8F9F708FB0127384604B0BDE8F087D2
:10BA6000EBF7F0FB0028F3D0039888B1F9F787FBD8
:10BA700086B24FF0FF3342460093294633462046B4
:10BA8000FFF79CFF074628B103A8F9F7ECFAE3E7B4
:10BA90000646EEE795F808A0BAF1020F31D0BAF1E8
:10BAA000030F33D0BAF1010F08D0002C4ED14FF064
:10BAB000000A03A8F9F7D7FA5746CDE7E868063039
:10BAC0003B46324603994044F9F7BCFA002CEED0CD
:10BAD0002B7A032B3AD103A8F9F7C5FA002128469F
:10BAE000EBF798FB70B30688697B2046FFF7A0FD53
:10BAF0000122034631462046CDF8009000F093FC29
:10BB0000AAE7E86806EB08038380D8E7039B9A79E5
:10BB1000D979891AC9B2481E012810D813440229BC
:10BB20001A7B04BF5B7B42EA03222B7B32EA0303CE
:10BB3000BFD101232046697BEBF704F9C6E74FF03C
:10BB40000D0AB6E709F1FF36B6B2CDE7039B4946C9
:10BB5000009320464346227F00F04BFC7CE788425E
:10BB600070B504460D46164611D8012838BF012489
:10BB70002046EBF793FB10B14388B34208D0013461
:10BB8000A4B22046EBF76EFB08B1A542F0D2002428
:10BB9000204670BD70B50C4616461D460146B8B12C
:10BBA000B3B1022C01D0102C12D1E0B2EBF7AEFAF7
:10BBB0004FF6FF718842024602D141F20A1070BD71
:10BBC0003046FFF7CCFF0028F7D028800020F6E7AA
:10BBD0002120F4E7002307B50122ADF80400ADF8F9
:10BBE000063002210DF1060301A8FFF7D3FFBDF8CF
:10BBF000060003B05DF804FBF8B50F461646441C7A
:10BC0000A4B22046EBF74AFB10B9013CA0B2F8BD44
:10BC100000F021F90546304600F0F9F820B1284639
:10BC200000F0F5F80028F0D1304600F0E9F820B136
:10BC3000284600F0E5F80028E7D10134A4B22046F8
:10BC4000EBF710FB08B1BC42DBD94FF6FF70DEE723
:10BC50002DE9F04F9A4687B08B880D460C888146B7
:10BC600004A90220ADF810309046EBF74FFAAB680C
:10BC70000090A888AF89059300F0C2F838B1102F62
:10BC800005D105A8EBF728FA022808BF02279DF87E
:10BC900040B00BF0010B38E02046009AFFF75FFF41
:10BCA0000646A8B3AA886988FFF7A6FF044630466F
:10BCB000FFF712FD40EA0B00C0B200B30DF10F0315
:10BCC000314648460DF11202FFF74AFE9DF80F304B
:10BCD0002BB1A8F80060184607B0BDE8F08FBDF89A
:10BCE0001220BA420BD13A4605990193F8F7A3FC0A
:10BCF000019B20B9A8F80060AAF80040EBE74FF6D6
:10BD0000FF739C4201D00134A4B26988A142C3D21E
:10BD10000A23E0E708B5EBF7C1FABDE8084000F0F8
:10BD20009AB838B505460846EBF7B8FA044610B994
:10BD30004FF6FF7038BD0DB96088FBE7EBF782FA6C
:10BD40000028F9D1F4E770B5044642F60520FFF764
:10BD500041FFB0B10021FFF70BFD0546014620462B
:10BD6000FFF766FC06461022002104F13100F8F7C7
:10BD70008CFC324629462046BDE870400023EAF795
:10BD8000E1BF70BD7FB504460D4610220021684614
:10BD9000F8F77BFC0026AB575A1C1BD031462046D7
:10BDA000FFF746FC1946002BB8BFD91C04AA02EBCA
:10BDB000A10100F00302584200F0030003F0030366
:10BDC00058BF43425B0002FA03F311F8102C1343EF
:10BDD00001F8103C0136402EDDD16B4604F13105EF
:10BDE00004AE1A4603CAB24228606960134605F1E0
:10BDF0000805F6D1204604B0BDE87040FFF728BC26
:10BE0000A0F5205001288CBF00200120704742F689
:10BE10000303C31A58425841704708B5030409D4B4
:10BE2000EBF740F9A0F5205080B201288CBF00202C
:10BE3000012008BD0020FCE7020408B507D4EBF799
:10BE400031F942F60303C31A5842584108BD002095
:10BE5000FCE7C00B70470346B3F902304088002B63
:10BE600001DBEBF71FB90020704708B5FFF7F3FFC0
:10BE700042F60303C31A5842584108BD08B5FFF7FC
:10BE8000EAFFA0F5205080B201288CBF00200120DD
:10BE900008BD1FB550F80C4BADF80A3094F870404F
:10BEA000069BADF806108DF8082040F2035101AA58
:10BEB0008DF80440039302F0EDFF10B906A8F9F7DE
:10BEC000D2F804B010BD2DE9F04F4FF0000889B052
:10BED00005460E461446CDF8148000F1440712B30F
:10BEE00005A8F9F7C0F83846F9F7BDF885F81C80C1
:10BEF000002332460093182123462846FEF719FCFA
:10BF000004F58854284650F80C3B40F2055193F84C
:10BF1000703006AA8DF81830079402F0BBFF00209D
:10BF200009B0BDE8F08F43691A070ED523F0080366
:10BF3000436105A8F9F797F83846F9F794F82C7794
:10BF40002846FEF772FC0024DCE7406C059048B9F7
:10BF500080463846F9F7A5F803460590002846D1F3
:10BF6000044657E083794FF0FF3B0C331844B0F898
:10BF70000160B0F803A03046EBF790F90390059804
:10BF8000F9F7A9F86C6CA0F105081FFA88F8059B71
:10BF9000A3420ED14346524628460399CDF800B03D
:10BFA000FFF70CFD0446F0B14FF00008CDF8148007
:10BFB00096E7A3790C3304EB0309B9F80120B242E8
:10BFC0000CD12046F9F787F8B9F80320431F12FA7D
:10BFD00083F35B45B8BF5B460FFA83FB2046F9F756
:10BFE00073F80446D3E70598F9F76EF8AEE7997948
:10BFF000284601F10C021A44B2F801600531B2F88A
:10C00000032099713146FFF718FDCDF814800446DE
:10C0100000289ED005A8F9F726F83846F9F723F846
:10C0200000232B77002C8BD062E72DE9F047089C8A
:10C030000E4617469846054610B1037C012B61D089
:10C040002846FFF7D7F914F08009304614BF4FF0A7
:10C05000200A4FF0100AFFF747FB1AEA000F4DD0F5
:10C060003046FFF757FE42F6052398420FD114F0F1
:10C07000010219D031462846FFF742FC08B300F50B
:10C0800088542846FFF7BBF92046BDE8F0872846CC
:10C09000FFF765FA0028EAD02846FFF775FA00286E
:10C0A000E5D041F21214ECE7B9F1000F3146284611
:10C0B00014BF02240124FFF787FB2042DAD10224B7
:10C0C000DFE7B9F1000F11D0EB8BCBB943463A460D
:10C0D00031462846FEF7DBFB04460028D1D140F26A
:10C0E0000A412846EE83FFF793F9CAE743463A46EA
:10C0F00031462846FEF7A8FB0446C2E72124C0E7E4
:10C100000524BEE70724BFE72DE9F047002586B0E8
:10C110009DF8389090F81CA004460F4690460F9E5C
:10C120000577B9F1000F09D00A464B4651460096F3
:10C13000FEF7FFFA284606B0BDE8F087BAF1080F0F
:10C14000ADF8169026D145893246043DADB29D42E8
:10C150004FF002014FF00900A8BF1D46FEF779FA23
:10C160000222814605A93046ADF81470F9F7A8FA05
:10C170002A4641463046F9F7A3FA0546831C314664
:10C18000204689F80130E9F71FFFADF81650BDF8D9
:10C190001600D0E7BAF10A0F0DF116020CBF0B2101
:10C1A0000D21CDE90162009301224346FEF7E5FA35
:10C1B0001A28ECD111233A4651462046CDF800907A
:10C1C000ADF81690FEF7B5FAE1E7F0B5002589B0B5
:10C1D0001746012204460E460393ADF81650FFF7AA
:10C1E00022FB8DF81500002846D13046FFF798F95C
:10C1F00010B13046FFF754FA3046FFF785FAB8B170
:10C2000003A8F8F730FF204650F80C2B237F92F854
:10C21000702040F202518DF8182006AAADF81A607D
:10C220008DF81C30ADF81E7002F034FE09B0F0BD80
:10C230000DF115030DF1160231462046FFF790FB74
:10C240009DF8153002465BB9BDF81630BB4235BFCC
:10C250000723DB1B8DF81530D21928BFADF8163037
:10C26000039B314601939DF8153020460093BDF89D
:10C270001630FFF749FFD9E72A46F1E72DE9F04FDD
:10C2800089B002901846154605930C46FEF7BEF994
:10C2900080460598F8F773FF0023B0F1010AB5F85E
:10C2A0000A908DF81D3000F089801AF0010740F0E7
:10C2B00085805046E0F73CFC0646002800F084806C
:10C2C000524608F10101F8F707FA01212046059AC4
:10C2D000FEF7BFF9B8460AEBDA7A09F1FF3B0390A3
:10C2E0004FEA6A0ABA4544DD36F817400122214672
:10C2F0002846FFF798FA8DF81D0068B92046FFF729
:10C300000FF910B12046FFF7CBF92046FFF7FCF9F3
:10C3100078B180238DF81D303046F9F718FA059B67
:10C320002246009328469DF81D300299FEF701FA37
:10C3300026E00DF11D03214628460DF11E02FFF7F0
:10C340000FFB9DF81D300490002BE5D1029B202BA4
:10C350001BD1ABEB0803012B0BDD0DF11E010222FB
:10C360000598F9F7ADF9012801460CD805A8F8F7AA
:10C37000A8FF3046F9F7EBF928460399FEF7C2F912
:10C3800009B0BDE8F08F08F10208BDF81E20ABEB44
:10C3900008039A42C2BF09F1FF33A3EB0803ADF8CB
:10C3A0001E30BDF81E20DDE90410F9F789F9BDF84B
:10C3B0001E309842DDD39844013793E704230024CC
:10C3C0008DF81D302646A7E71123F8E770B504461F
:10C3D0000D461646FFF7A4F840B933462A462146D3
:10C3E000FFF72BFB08B100F5885070BD41F2031038
:10C3F000FBE71FB550F80C4BADF80A3094F87040CD
:10C40000069BADF806108DF8082040F2015101AAF4
:10C410008DF80440039302F03DFD10B906A8F8F72B
:10C4200022FE04B010BD1FB550F80C4BADF80A3019
:10C4300094F87040BDF81830ADF806108DF808205B
:10C4400040F2045101AA8DF80440ADF80C3002F01E
:10C4500021FD04B010BDF0B5122785B00392077717
:10C46000022205460E46FFF7DEF9044668B103A82E
:10C47000F8F7F9FD00232B770023324600931221B1
:10C4800023462846FEF755F90FE0039A3046937984
:10C4900003339371FFF738F948B1039B3A46009391
:10C4A000314623462846FFF7F4FC05B0F0BD42F6BE
:10C4B0002930FFF78FFBB04220D1039830B903A891
:10C4C000F8F7D1FD00230D242B77D5E7F8F757FEB9
:10C4D00080B20128F3D1039B28469A791344197B33
:10C4E000FFF778F8044603A8F8F7BDFD00232B7783
:10C4F000002CC1D12846FEF75FF9D6E72246314627
:10C500002846039BFFF799FA0446EFE72DE9FF4120
:10C510000392042204460D46FFF785F9074628B129
:10C5200003A8F8F7A0FD04B0BDE8F0814FF0520871
:10C53000039A284693790333937184F81C80FFF79C
:10C54000E3F8064640B1039B4246009329463B462A
:10C550002046FFF79EFCE6E742F62930FFF73AFB5C
:10C56000A842039B0BD19A7920461344197BFFF70D
:10C5700031F803A8F8F777FD00232377D3E7324695
:10C5800029462046FFF759FAF6E72DE9FF418B7956
:10C5900004460C330B44B3F801700E463846B3F82A
:10C5A0000380FFF799F8002858D002223946204628
:10C5B000FFF739F90546E8B93846FFF7A5F868B13D
:10C5C00016222277B37939460533B37120464346A4
:10C5D0000096FFF75EFC04B0BDE8F081E0F77EFA5C
:10C5E00033461B680135EDB2002BFAD10635A8425F
:10C5F0001DDC092504F14400F8F735FD2B463A46C9
:10C60000162120460096FEF794F8092DE3D1204626
:10C6100050F80C3B40F2055193F8703002AA8DF8A7
:10C62000083041F20913039302F034FCD3E70121EF
:10C630003046F8F7ACFF01460028DAD004F1440098
:10C64000F8F7FFFDB37942460533B37139463346F7
:10C65000204604B0BDE8F041FEF7BDB80125C9E7AA
:10C6600013B5044641B94430F8F7FDFC204602B04A
:10C67000BDE81040FEF7D9B818224369027713F0DD
:10C68000080306D0002319460093FFF702FC02B00E
:10C6900010BD1A46194602B0BDE81040FFF713BCA2
:10C6A0007FB5C58B04462DB342F60520FFF792FAFD
:10C6B000A84207D100212046FEF76DFF636923F0F1
:10C6C00001036361002640F20A412046FEF7A6FE00
:10C6D00029460DF10E022046ADF80E60FFF774F802
:10C6E000BDF80E2003460092294602222046FFF79D
:10C6F0009AFEE68304B070BD2DE9F047DDF8209086
:10C700000E4690461F46044618B941F20110BDE896
:10C71000F0870846FEF7E0FF0028F6D06589033D64
:10C72000ADB2AF4209D83B46424631462046CDF82D
:10C730002090BDE8F047FFF778BC4920E7E72DE9F6
:10C74000F74305460F469046FEF7C6FF98B32846C6
:10C75000FEF7CAFF10F0300F30D02846FEF7C4FFB6
:10C7600006460020FEF7CFFE044606F010091CB96D
:10C77000204603B0BDE8F083002229462046FFF79B
:10C7800023F8B9F1000F01D0C10712D4B20617D5B2
:10C79000830715D5802300933A4643462946204611
:10C7A000FFF743FC1A28E4D02046FEF7ACFE04460F
:10C7B000DDE70023EFE741F20110DAE72120D8E7B7
:10C7C0000220D6E7F7B504461F460E461546FEF78B
:10C7D00011FE237C012B58D0237F182B2CD06369AA
:10C7E0001B0713D5217F16292DD008D8122914D064
:10C7F00002252046FEF703FE284603B0F0BD1829A7
:10C800001AD05229F4D10023237713E03046FEF7E3
:10C810007BFF0028E6D12125EBE70023237735B104
:10C82000009332462B462046FDF783FF02E0204668
:10C83000FDF7C2FF0025DCE72A4631462046FFF718
:10C8400042FB0546D5E700232377002DE8D10521DB
:10C850001720BDF82430089A0095FDF71EFF20B977
:10C860001123324612210095DDE7FDF7D3FE626900
:10C87000034642F0080262618279314605328271D4
:10C880003A462046FDF7A7FFD4E70725B1E72DE993
:10C89000F041054688B042F60520FFF79BF90646B1
:10C8A00004A8EAF7EDFA102205F121010DEB0200D0
:10C8B000F7F7C1FE50B101212846FEF76CFE28466D
:10C8C000FFF741FA6B6923F001036B6142F6030342
:10C8D000022003A9ADF80C30EAF718FC0124074642
:10C8E0004FF0000820463A464FF6FF71FFF737F940
:10C8F000044610B908B0BDE8F081FEF7EDFE013442
:10C90000A4B20028EED0A64203D131462846EAF769
:10C9100021FD214628460DF10E02ADF80E80FEF7EE
:10C9200053FF03460028DDD0BDF80E2021460092BB
:10C9300028460122FFF777FDD4E708B5EAF78EFA1B
:10C940000020EBF741F9002008BD037C012B07D044
:10C950008369187828B113280CBF00200520704780
:10C960000720704710B5044680691430F8F77BFB48
:10C97000A069BDE810401830F8F775BB2DE9F0410B
:10C980000F46144605461E46FFF7ECFF23463A467F
:10C9900008210020D5F81880F8F7BFFEAA69C8F86A
:10C9A0001400536923B1002054811682BDE8F08140
:10C9B0001A20FBE71FB50A468369090C92B29980D9
:10C9C000DA8042F60303ADF80C300223009303AB88
:10C9D00001F07AF805B05DF804FB70B5044608462E
:10C9E000F8F7CDFBA16986B28A894D8912B1521B35
:10C9F00096420CDA6389581E80B225B90A78082A53
:10CA000004BF043B98B2831B5842584170BD0020BC
:10CA1000FCE730B5044654F80C0B8DB09DF840503F
:10CA200090F8700042EA01428DF804001946029223
:10CA300003A82A460795F7F74FFE40F20241204629
:10CA400001AA02F027FA0DB030BD10B550F80C4B1A
:10CA500086B094F87040ADF80E10ADF8102040F29A
:10CA6000064103AA01938DF80C40059302F012FAD7
:10CA700010B901A8F8F7F7FA06B010BD37B50446AB
:10CA80000D46FFF76FFF204640F20941FEF7C6FC56
:10CA900000222046A36940F207411A7050F80C3B6F
:10CAA0006A4693F8703001958DF8003002F0F2F983
:10CAB00003B030BD13B501910021044601F0C7F861
:10CAC0000422002320460DEB0201FFF757FF02B0BE
:10CAD00010BDF0B504460F461E46154685B052B946
:10CAE00083691B78072B30D0082B14BF1546092506
:10CAF000002E18BF0D250A98F8F741FBA3699A8903
:10CB00004AB15B8981B2D21A914204DD92B2891A8C
:10CB10000AA8F8F7D6FB204650F80C3B40F2054136
:10CB200093F8703001AA8DF804300A9BADF80670B6
:10CB30008DF80850ADF80A60039302F0ABF910B914
:10CB40000AA8F8F790FA05B0F0BD0B25D0E7B0F8C9
:10CB50000AC02DE9F041ACF1020C9C4505460E4699
:10CB600017461C4603DDBDE8F04101F004B88369B7
:10CB70002246198100233946FFF700FF044658B9C1
:10CB8000AB690246314628460E3301F026F80446CA
:10CB900010B12846FFF7E6FE2046BDE8F0812DE9FA
:10CBA000F043202A8FB0054617461C4603910BD947
:10CBB00041F2041421462846FFF760FF03A8F8F766
:10CBC00052FA0FB0BDE8F083002B46D10846A2F11F
:10CBD0000608F8F7D4FA4FF6FF765FFA88F81FFADE
:10CBE00080F94C4510D3AB69DA88B24239D942F6A4
:10CBF0000203ADF814300223711C0093284605ABE4
:10CC000089B200F061FF25E023463A46039906A861
:10CC1000F8F718FAAB69BDF818609A88B242C7D81D
:10CC2000DA88B242C4D3BDF81A10BDF81C20B8F19E
:10CC3000000F09D02846CDF800800DF11E033C44BA
:10CC4000FFF7E7FEA4B2CCE728469E8019815A81FF
:10CC500000F053FF04460028B0D041F20A139C4272
:10CC6000A8D10024A6E738B50546FFF76EFE0446B6
:10CC700040B92846FFF79EFE044618B9042128460D
:10CC8000FEF7CFFB204638BD70B504461D46FFF7C2
:10CC90005CFE28B92B462046BDE8704000F084BFFA
:10CCA00070BD70B50446FFF750FE1646054640B904
:10CCB0004FF6FF72914206D141F20A112046FFF76A
:10CCC000DDFE284670BDA369013120465E8189B230
:10CCD00000F0CAFE20B911212046FEF7A2FBF0E7C2
:10CCE0000546EEE72DE9F0471C4696B083690192B0
:10CCF0001B780646062B03D0112B60D001A81CE040
:10CD00000129104614BF4FF010084FF0020803929B
:10CD1000002C4CD1F8F733FA4FF6FF7508F10209F1
:10CD200087B2A7420ED8B369DA88AA4237D800245E
:10CD300021463046FFF7A2FE03A8F8F794F916B093
:10CD4000BDE8F08723464A46039904A8F8F77AF924
:10CD5000B369BDF810509A88AA422DD8DB88AB423F
:10CD60002AD39DF81330282BE1D0B2465AF80C3B59
:10CD7000424693F870300DF112010DA88DF8303055
:10CD8000ADF83250CDF844804C44F7F7A5FC40F2A2
:10CD9000044150460CAA02F07DF8A4B2C1E7691C18
:10CDA000304689B200F060FE04460028C4D041F24B
:10CDB0000A139C42BBD0BBE741F20414B8E7012937
:10CDC000104614BF12270427049284BBF8F7D7F942
:10CDD00042F602184FF6FF7185B2A5420DD8B3692D
:10CDE000DB888B4221D901314FF6FF72304689B280
:10CDF00000F03AFE0446A0B119E023463A460499F1
:10CE00000CA8F8F71FF9BDF83220BDF830104245E4
:10CE10009DF8333007D1B269022330460A32FFF75A
:10CE200096FE04A889E7282B06D141F20A14214670
:10CE30003046FFF723FEF4E73C44A4B2CDE7F0B55B
:10CE4000836987B003911B780546022B144653D1A2
:10CE500008460491002A47D1F8F791F94FF6FF767A
:10CE600087B2A7420DD8A869C288B2422BD8002445
:10CE700021462846FFF702FE04A8F8F7F4F807B0A9
:10CE8000F0BD04220499234605A8F8F7DBF8AA6947
:10CE9000BDF814109088BDF81660814229D3D3885C
:10CEA000994226D8864224D39E4222D85069927A4B
:10CEB000837904340C330092034432462846FFF74A
:10CEC000A8FDA4B2CDE743694089711C019098790F
:10CED00089B20C300344009328464FF4205300F0ED
:10CEE000D7FD04460028C7D041F20A139C42BFD1A7
:10CEF000BDE741F20414BBE703A8BEE7F0B587B075
:10CF0000054617461C46039153B9FFF766FD38B135
:10CF1000012322462846039900F084F807B0F0BDAB
:10CF2000A9690B78082B05D8062B44D8032B0FD002
:10CF300003A83DE00F2BFBD1039B0593002C6DD183
:10CF4000002B6BD0224628460989FFF77EFD59E069
:10CF50000398059018B3ECB9102683794A890C33ED
:10CF60000989034400962846FFF753FDAB69998869
:10CF7000DA88914217D242F60203ADF8103002234C
:10CF80000131009328460DEB060389B200F09CFDA9
:10CF9000044660B141F20A139C4204D101E0002C26
:10CFA000F8D141F21F0421462846FFF767FD05A886
:10CFB000F8F759F8B2E7039805907CBB70B3F8F71F
:10CFC000DEF80FB386B2B7421ED2394605A8F8F78D
:10CFD000B2FA38B905A8F8F746F81A212846FFF73B
:10CFE0004DFD9BE78379F61BC2180233918983714B
:10CFF000AB6900225B89B6B200902846FFF769FD55
:10D00000B742E2D92146E9E7AA692846538911893E
:10D01000059A00920022FFF75CFDF3E705A8F8F7F8
:10D0200022F8EFE7F0B585B006461F461446039197
:10D0300032BB0846F8F7A3F8054608B3B1690B7888
:10D040004A89082B0BD8062B0BD9039B098930463C
:10D05000009313462246FFF73CFD039401E00F2B9B
:10D0600019D0B1694B89EA1892B2B2F5007F4A81B2
:10D0700017D82FB13046098900F050FD044628B179
:10D080000022234611463046FFF738FF03A8F7F782
:10D09000EAFF05B0F0BD3046039B0989FFF7D5FCD8
:10D0A000DBE741F20414EBE773B5836901911B7868
:10D0B0000446082B15460ED8062B0ED9019E204695
:10D0C0003146FFF78AFC2A46034631462046FFF7E1
:10D0D000A9FF02B070BD0F2BF0D001A8F7F7C3FF76
:10D0E000F7E730B5836987B003911B780546092BB4
:10D0F000144611D105915AB9134600910F222146C9
:10D10000FFF7E7FC21462846FFF7B8FC07B030BD23
:10D1100005A8F7F7A8FFF5E703A8F7F7A4FFF5E7D9
:10D1200070B5836986B003911B7805460A2B1446B7
:10D1300031D1059132BB0598F8F721F808B90446BA
:10D1400020E00023022205A90DF11200F7F784FF69
:10D15000012815D9BDF8126096B10598F8F70FF8B7
:10D1600086420FD8BDF8121005A8F8F7E4F948B1C7
:10D1700000230090212219462846FFF7AAFCDAE78F
:10D1800041F20D1405A8F7F76EFF21462846FFF778
:10D1900075FC06B070BD03A8F7F765FFF9E72DE948
:10D1A000F04F87699FB003913F780546052F1646DB
:10D1B0001C4604D8032F16D810D003A867E0082F08
:10D1C000FBD108461391002B00F0C28013A8F7F79B
:10D1D0004AFF21462846FFF751FC01E0FFF7DFFC3C
:10D1E0001FB0BDE8F08F202A0846049148D8002BD4
:10D1F00040F0A880571FF7F7C2FF4FF6FF78FFB245
:10D200001FFA80FA0DF11C0BA24506D8AB69DA882B
:10D21000424500F28780002434E0234632460499D8
:10D220000BA8F7F70FFFAB69BDF82C809A88424531
:10D2300026D8DA88424523D35969F1B9A94659F865
:10D240000C1BBDF82F2091F870109DF82E308DF832
:10D250004C10ADF84E200DF131013A4615A88DF86D
:10D2600050301997F7F738FA40F20341484613AAAD
:10D2700001F010FE3444A4B2C6E75A89102A09D935
:10D2800041F2041421462846FFF7F8FB04A8F7F7FB
:10D29000EAFEA5E700235846F7F7D4FEAB690DF187
:10D2A0003101102FCDE9051B93F80A902BD1B9F16C
:10D2B000020F34D105A8E9F70FFF0228DAD14A4658
:10D2C000DDE90510F7F7B7F90028D3D12B4653F85D
:10D2D0000C0BBDF82F1090F870009DF82E208DF8E3
:10D2E0004C00ADF84E108DF8502059464A4615A80E
:10D2F0000293CDF86490F7F7EFF9029B40F20341F7
:10D30000184613AAB4E7022F09D1B9F1100F06D1BC
:10D3100006A8E9F7E1FE0228ACD13A46D0E73A4642
:10D320005846CFE742F60303ADF84C30022308F12C
:10D3300001010093284613AB89B200F0C5FB0446F7
:10D340000028A3D041F20A139C423FF464AF99E74E
:10D3500059B900210023AA6928469381538111817C
:10D3600013993246FFF7CAFD3AE7F7F708FF16B1FF
:10D3700080B28642EDD1139A9379D118023389890C
:10D380009371E7E72DE9F0431C468FB08369039161
:10D390001B780546012B17465BD108460591F7F728
:10D3A000EEFE202F0BD941F2041421462846FFF748
:10D3B00065FB05A8F7F757FE0FB0BDE8F083002C1A
:10D3C00042D10598F7F7DBFE4FF6FF76A7F1040888
:10D3D0001FFA88F81FFA80F95FFA88F8A14505D886
:10D3E000AB69DA88B24220D80024DEE723463A4609
:10D3F000059906A8F7F726FEAB69BDF818109A88BC
:10D40000BDF81A609142CED3DB889942CBD89642C0
:10D41000C9D39E42C7D832462846CDF8008007AB14
:10D420003C44FFF7F6FAA4B2D8E74FF42053ADF826
:10D4300010300223711C0093284604AB89B200F01F
:10D4400081FB04460028B4D041F20A139C42CBD0A1
:10D45000ABE703A8AEE783691B780B2B02D0103B28
:10D46000012B01D8FFF70ABB7047F0B585B00193D7
:10D47000836917461A7804460B3A0A9E072A42D84F
:10D48000DFE802F004413041410441290198039052
:10D49000F7F775FE85B203A8F7F7E5FD26B131462B
:10D4A0002046FFF707FB0FE0A1697A194B8992B27A
:10D4B00093420BD90A8201F10E032046098900F03C
:10D4C0008CFB01460028EBD105B0F0BD01212046C0
:10D4D00000F0BDFBF5E72EB91A8A0198BA420BD0CD
:10D4E0004FF48166019B03A80393F7F7BCFD314617
:10D4F0002046FFF7C3FAE7E7DA895969F7F74AFEEA
:10D500000028EDD1EEE701A8F7F7ADFDDCE738B56F
:10D510008269044613780D460E2B12D0102B01D0D1
:10D520000B2B12D1536933B1997902F114000B44DA
:10D53000DD68F7F798FD29462046BDE83840FFF73B
:10D540008ABFBDE83840FFF799BA38BD07B5002358
:10D5500000921B22FFF7BDFA03B05DF804FB07B58C
:10D5600083695980009200231D22FFF7B2FA03B0AD
:10D570005DF804FB10B5037C0446012B0AD08369D7
:10D580005B884BB100F073FB1A2802D00022A3691C
:10D590005A8010BD0720FCE70220FAE710B50C46C0
:10D5A000FDF7ABFF50B12269022A01D0102A07D142
:10D5B0002146BDE81040D2B2EAF772BB252010BD6B
:10D5C0002120FCE710B50C46FDF797FF20B121465E
:10D5D000BDE81040FFF747BB252010BD2DE9F04105
:10D5E000DDF818800E4617461D46FDF786FF70B120
:10D5F00044892B46033CA4B2AC4228BF2C463A4691
:10D600003146A8F80040BDE8F041FFF73DBB2520BA
:10D61000BDE8F08108B5FDF770FF18B1BDE808401E
:10D62000FFF7A8BF252008BD38B50C461546FDF705
:10D6300064FF28B12A462146BDE83840FFF731BBD8
:10D64000252038BD08B500F04EF8407940F48050F0
:10D6500008BD08B500F047F8407940F4805008BD97
:10D6600070B506460D461446E1F788FC4379C5754A
:10D6700023F0030343F00303437140F60943C380DF
:10D68000A0F815602060153070BD13B50C4601AAD6
:10D69000FFF7E6FF019BDA791444DC7102B010BD9C
:10D6A00073B5064610460C461546F7F768FD211877
:10D6B00001AA3046C9B2FFF7D3FF019B0646DA79CB
:10D6C0001444DC712B4633B901A82946F7F7B9FD9C
:10D6D000304602B070BD5C7924F0030444F00204CB
:10D6E0005C711B68EFE708B5E1F74EFC83790C33FA
:10D6F000184408BD08B5FFF7F6FF407940F48050A4
:10D7000008BD4B88052B05D108880E288CBF00204A
:10D710000120704700207047F8B505460F461646B1
:10D7200004210A220020F7F72AFF0246B8B18479C3
:10D7300005210C3403194FF0060C00209970D870A5
:10D7400002F804C013241C7102245F715870D87150
:10D750009C7128461E81BDE8F840EAF713BDF8BD6C
:10D7600073B50546104601920C46F7F708FD0421F3
:10D7700086B20198F7F746FE024628B901A8F7F7E6
:10D7800072FC1A2002B070BD837901900C33C1186D
:10D790004C80C65221462846EAF7F4FC0020F1E707
:10D7A0002DE9F84F8A4691469846064680B384682C
:10D7B00014F400442CD1EAF76DFE102283460421B4
:10D7C0002046F7F7DCFE024620B305210C238779BB
:10D7D0000C37C519A970EC70C35512232B7108239F
:10D7E000AB71BDF828303046EB816C7085F805B020
:10D7F000EC71A5F808A0A5F80A90A5F80C80EAF746
:10D80000C1FCB36843F40043B3602046BDE8F88F21
:10D810000224FAE71A24F8E72DE9F0410646884683
:10D82000174604210A220020F7F7A9FE0246B8B1E4
:10D83000857900240C354319052106209970DC7088
:10D8400050550120187102205C70987183F8058092
:10D850003046DC711F81EAF795FC2046BDE8F08177
:10D860001A20FBE7002070470020704707B501A889
:10D870000192F7F7F8FB03B05DF804FB7047002056
:10D880007047002070477047002070470F20704796
:10D8900070470020704713B5044601A80191F7F7BF
:10D8A000E2FB022208210020F7F769FE024648B198
:10D8B000052183790C331844D15441700621204648
:10D8C000FFF74EFF02B010BD836843F4007383601E
:10D8D00000207047704770470020704708B5EAF78E
:10D8E0003BFAEAF7E3FDEBF73FF8BDE80840E9F75C
:10D8F00093B908B5EAF7C8FC28B9BDE8084000208C
:10D900000021F4F743B800200021F4F73FF8EAF7CC
:10D9100031FAEFE737B5044642F60720FEF75AF929
:10D920000546C0B10A23002CCBBF0534053CB4FB2F
:10D93000F3F494FBF3F40123002118460DF10702E0
:10D9400064B28DF80740F7F7E8FE00220346294647
:10D950001046FEF772F803B030BD38B50D46FAF741
:10D9600017F8044618B9B5F90000FFF7D3FF2046B1
:10D9700038BD430803F05503C01A00F03303C0F369
:10D98000850000F03300184400EB101000F00F0089
:10D990007047002110B5421D441E14F8010FFFF717
:10D9A000E8FF94420144F8D1084610BD08B50121B2
:10D9B0000220EAF779FE002008BD38B50D46EAF7E7
:10D9C000D9FE044688B181682A46B0F86E00C1F3DA
:10D9D0004031EAF773FB20B9A3681DB143F48043DB
:10D9E000A36038BD23F48043FAE72520F9E7A0F8C7
:10D9F0006E10704701238B4090F87110194380F826
:10DA00007110704708B50120DFF780F8C0B208BD7B
:10DA100010B5F4F7C3F8044628B10124204610BD20
:10DA2000436ADB06F9D4E8F727FC0028F8D1F5E7CC
:10DA300010B5DFF715FB002814BF03240124DFF71E
:10DA400015FB08B144F00404204610BD10B5DFF703
:10DA500007FB002814BF03240124DFF707FB08B1EC
:10DA600044F00C04204610BD70B504460E46154621
:10DA7000052100220420FCF7ECFD014618B1A0F8B6
:10DA80000160A0F803502046BDE87040FCF73ABEA4
:10DA9000F7B51D460023044600930F46164607219E
:10DAA0000620BDF82430089AFCF7F7FD014628B19E
:10DAB000A0F80170A0F80360A0F80550204603B05C
:10DAC000BDE8F040FCF71EBE73B515461A460023AC
:10DAD000044600930E46082005219DF81830FCF7F7
:10DAE000DCFD014618B1A0F80160A0F80350204603
:10DAF00002B0BDE87040FCF705BE38B50022044610
:10DB00000D460A200321FCF7A4FD014608B1A0F848
:10DB100001502046BDE83840FCF7F4BD70B504461E
:10DB20000E461546052100220C20FCF792FD014609
:10DB300018B1A0F80160A0F803502046BDE870407D
:10DB4000FCF7E0BD73B515461A4600230446009362
:10DB50000E46102005219DF81830FCF79EFD014669
:10DB600018B1A0F80160A0F80350204602B0BDE84B
:10DB70007040FCF7C7BD73B50E46002144890546C9
:10DB8000033CA4B2A342009128BF234603211220E4
:10DB9000FCF783FD014608B1A0F80160284602B0F9
:10DBA000BDE87040FCF7AEBD73B50E460021448958
:10DBB0000546033CA4B2A342009128BF234603219B
:10DBC0005220FCF76AFD014608B1A0F80160284622
:10DBD00002B0BDE87040FCF795BD2DE9F341054664
:10DBE000984683690F4658691646F7F7C8FA6C8954
:10DBF00080B2053CA4B2844228BF0446A8692146ED
:10DC00001430F7F798FC009048B105220821002055
:10DC1000F7F7B5FC019030B96846F7F724FA1A20F7
:10DC200002B0BDE8F081009901A8F7F70AFB1620C1
:10DC3000019A93790C33D118D054A8F800402846A3
:10DC4000A1F80170A1F80360FCF75CFDE8E738B5C6
:10DC5000002204460D4618200221FCF7FAFC01467A
:10DC600000B145702046BDE83840FCF74BBD10B50B
:10DC70000121044600221E20FCF7EBFC0146204651
:10DC8000BDE81040FCF73EBD70B5857904460C3503
:10DC90004619F7F774FA625D431E013A9BB2202AD7
:10DCA00012D8DFE802F0131118111A112B113111DB
:10DCB0004211421142113511271111113B11271147
:10DCC0004011401111114200002070BD042B14BFFF
:10DCD00001200320F9E7022BF9E743B37278022A07
:10DCE0000AD0012A23D10222013B0232B3FBF2F116
:10DCF00002FB1133002BEAE71022F5E713F0030FC4
:10DD000014BF01200320E0E78BB17278013BEDE7FF
:10DD10006BB17278032A0AD9013BE7E7042B34BFC1
:10DD200001200320D1E7022BF9E70320CDE70120F2
:10DD3000CBE70020704701F0DCB840B201F0DCB85E
:10DD40004FF0FF3070470078E8F7BEB913B50C46C6
:10DD50000DF107020DF10601FCF78EFE30B19DF8C2
:10DD60000600031B5842584102B010BD0120FBE7DA
:10DD7000F3F7ECBEEBF7A4BDFFF781BDFFF781BD64
:10DD80007047704700207047704770477047ECF746
:10DD9000F9B813B50C4601A901F0ACFE10B9019B0E
:10DDA000C4E9003002B010BD08B5F3F733FC50B938
:10DDB000F3F7E4FD00200021F3F734FC18B9BDE8C7
:10DDC0000840F7F752B8012008BD38B504460D46A3
:10DDD00020220021F6F759FCF5F799FFD5E9023228
:10DDE000E260EA8B43F4806322822A8CA080628204
:10DDF000AA8CA282EA8CE2826A68A3602260FFF7A2
:10DE0000C1FF18B1A36843F00403A360A36843F4FF
:10DE10008032A2602A68920544BF43F41023A360B5
:10DE200038BD08B5FFF7C0FF80F00100C0B208BDE3
:10DE300008B5FFF7F6FF00280CBF0420012008BD3D
:10DE400008B5FAF7CAFF002008BDECF755B9ECF7A2
:10DE500063B90220704702207047002070470120FC
:10DE600070470020704708461146012200F051B863
:10DE700000F09CBA00F0A4BA00F0AAB8431E012B2F
:10DE800003D9031F58425841704701207047EFF7EC
:10DE9000A9B84FF4D8720021F6F7F7BB70B5044665
:10DEA000EDF758FC0546A8B9A169F1B1238AD3B1B1
:10DEB000204604F1100200F05CFB38BBE16919B3A5
:10DEC000638AA3B1204604F1120200F027FB78B167
:10DED000054603E00023A3612361E3610023284694
:10DEE0006361236270BDA061E8E72082E6E7E36139
:10DEF000216A0029F2D0A28A002AEFD02046E38AC4
:10DF0000BDE8704000F0C9BA6182F1E76582E56161
:10DF1000DEE7EDF7B9BD0A7838B505461046FFF7DC
:10DF2000ADFF60B14C782046FFF7A8FF38B122431F
:10DF3000530704D42846BDE83840EDF7FDB821204A
:10DF400038BDFFF7E8BF10B504460878FFF796FF25
:10DF500058B14A781046FFF791FF30B1042A04D037
:10DF60002046BDE81040EDF705B9212010BDFFF7B0
:10DF7000EABF00F0A3B9084600F014BC7047F8B53A
:10DF800006460D46ECF7A6FAD8B94FF6FF734FF0E8
:10DF9000240CEF68C1B28F4208D81C462146304697
:10DFA000ECF730FCEFF79EF82046F8BDAA680CFBB2
:10DFB0000122D4899C4202D2002CEFD023460130AA
:10DFC000E8E74FF6FF74EFE7808D704700F0B3B9D4
:10DFD00070B504460D46164600F049F858B129467A
:10DFE0002046ECF70FFC38B9324629462046BDE8FA
:10DFF0007040F1F7EDBB0E2070BD08B5ECF7E0F90D
:10E0000018B1BDE80840F1F743B908BD38B504467A
:10E0100048880D46EFF71EF8D4F8FC302BB9294696
:10E020002046BDE8384000F02DBB022038BDEFF798
:10E0300023B800F03BBCD0F8FC00003818BF01202A
:10E04000704700F0F1BAEDF7BFBAEEF703BFEDF796
:10E05000CFB900F0D0B938B50446154609B100F083
:10E0600058FB15B12046EEF711F8002038BD0346E5
:10E07000408A18B1188A003818BF0120704700F094
:10E08000A0BA00F0AEBA10B5044600F08AF820B984
:10E090002046BDE81040ECF73DBD10BD00F00ABCC5
:10E0A00000F008BCEFF7B6BC2DE9FF4198460446E6
:10E0B0000E46174602F090F805462046FFF7E3FFAC
:10E0C0000A9B3A4602930023314601932046CDF83D
:10E0D0000080ECF76DFD0446284602F078F82046F3
:10E0E00004B0BDE8F08138B5044602F075F8054685
:10E0F0002046FFF7C8FF2046ECF738FD04462846C7
:10E1000002F065F8204638BD38B5044602F064F8E0
:10E1100005462046FFF7B7FF204600F051F80446B9
:10E12000284602F054F8204638BD38B5044602F0BF
:10E1300053F805462046FFF7A6FF204600F046F8B4
:10E140000446284602F043F8204638BD70B5044620
:10E150000E4602F041F805462046FFF794FF31468F
:10E160002046ECF771FD0446284602F030F82046C0
:10E1700070BD134607B500228DF807100DF107009A
:10E18000194600F05AFB03B05DF804FB084611463F
:10E190001A4600F052BB01207047EEF7FDBA00F0BE
:10E1A000E9BAECF7F1BB10B502F016F8044600F03E
:10E1B00015F8ECF70FFC2046BDE8104002F007B858
:10E1C000024608B5ECF7E0FB507D08BD024608B5F5
:10E1D000ECF7DAFB507D80F0010008BD00F06ABB6F
:10E1E000ECF70ABF00F0B3B838B503210546ECF7E9
:10E1F00053FE04462846EEF77FF9204638BD38B571
:10E2000090F825400D46FF2C17D0023C012C8CBF06
:10E210000024012449682246EEF7AAF9286890FAFA
:10E22000A0F0000AEFF7B2FFA97A2889224681F010
:10E230000101EEF7CDF9002038BD0220FCE730B532
:10E2400085B005460FC96C4684E80F002146284674
:10E25000FFF7D5FF05B030BDF0B59C4605460E462C
:10E26000174687B00C9B02AC0FCB84E80F006346C7
:10E270003A46314628460094EEF7DEF907B0F0BD85
:10E2800000207047002070477047D0F89C3003F0A2
:10E290006003402B0DD0602B03D0203B58425841E7
:10E2A000704749B10B68012B06D9486940F001005D
:10E2B000704740F20110704700207047F7B50446E0
:10E2C0001046D4E954C7DDE908268CEA020587EA3E
:10E2D00006010540194085EA0C057940C4E954510E
:10E2E000002523F4004106EA010320F0010043F475
:10E2F0000073024043F0020301950095F2F7F0F934
:10E3000094F824309A0713D5D4F854319B050FD5CF
:10E310004FF48811204600F044FC94F82430024663
:10E3200065F3410384F8243020460B46ECF7A2FD48
:10E33000002003B0F0BD30B4D0F89C300A4023EA8E
:10E3400001031343C0F89C3030BCEDF759BC0220E8
:10E35000EFF756BBD0F8F02008B57AB11368022B5E
:10E360000CD9536A13F47F4FC3F3072106D0126A06
:10E37000DBB253438B42B3FBF1F006D200204FF4E3
:10E3800035624C21ECF7EAFA002008BD0346B3F8E9
:10E39000322108468A4203D0A3F83211EEF7AABE12
:10E3A000002070474FF48071F2F742BD10B5002392
:10E3B000ECF716FF044608B9F1F7F4F9204610BD52
:10E3C00038B51D4600230446ECF70AFF28B9294654
:10E3D0002046BDE83840F1F7D1BA38BDD0F8F0009A
:10E3E00040B10368122B04D9006D202828BF2020DB
:10E3F000704700207047F8B507460E468C88ECF74A
:10E4000081FE97F825700546042F737C0CD1012BF3
:10E410000AD801460120F1F7CFF8421C01D10220B1
:10E42000F8BDE30003330EE0023FFFB2012F8CBFC3
:10E43000002001202946F1F7BFF8431CEFD0012F3F
:10E440004FEAC403EED903220344B271002DE6D093
:10E45000B3F5803FE3D84FF224416A0901FB03235F
:10E460002D09B3FBF5F332680020D21A3260D7E7EA
:10E4700038B54FF03A430546DC6A808AC4F30C0491
:10E48000A04234BF0020012041F265420821ECF790
:10E4900065FAA88A001B80B238BD2DE9F041884694
:10E4A00018F0030706461546194633D1B2F5805FCA
:10E4B00030D89A422ED33F2A28D9B2FA82F40122C8
:10E4C0000120C4F11F03DBB29A4092B2AA422CBFD2
:10E4D000C4F11904C4F11A04E2B2931DDBB29840EE
:10E4E00080B2A84214D096F80131ABB9012096F859
:10E4F000243060F3C71386F824304046EEF754FA10
:10E50000C6F82080B5823846BDE8F0813A46EAE791
:10E510000020ECE72127F6E70E27F4E7F8B511F025
:10E52000030607460D46144621D102B313883F2B3C
:10E530001DD9B3FA83F3C3F11901C9B2062901D871
:10E54000192B12D0062928BF062101238A1DD2B219
:10E5500093402846238000F05DF923883846FD610A
:10E560007B82EEF739FB3046F8BD3146EDE72126D8
:10E57000F9E738B5148811F003054FEAC4041ED139
:10E580003F2C1CD9B4FA84F4C4F11903DBB2052B77
:10E5900001D8192C11D0052B28BF052301240633DF
:10E5A000DBB204FA03F3C3F3CF0414808161048265
:10E5B0000387EEF711FB284638BD2B46EEE72125F1
:10E5C000F9E770B50E4610210546F2F731FC044616
:10E5D000102128463201F2F717FCF2F733FC2046EF
:10E5E00070BD1021F2F724BCF8B504460E4617465C
:10E5F00001F0E9FD3A46054631462046EFF7A4FF13
:10E600000446284601F0DAFD2046F8BD0220704796
:10E6100003207047EFF7ECB940F2366070470020F6
:10E6200070470022EDF7C0BB08B50B46062200F587
:10E6300098711846F6F750F8002008BD0429F8B57F
:10E6400005460C460AD10026F7B23846EEF796FD8D
:10E6500008B13C4602E00136042EF5D12046EEF723
:10E660008DFD58B195F83031A34209D085F830417D
:10E6700005F59870BDE8F840EEF742BD2120F8BDE1
:10E680000020FCE7F8B5FF230F78044680F8293016
:10E6900090F8306138460D4600F000F984F8280003
:10E6A0006988B4F832318B420BD194F830212B7841
:10E6B0009A4206D1AB88D4F8B0209A4201D100200A
:10E6C000F8BD2046FFF762FE39462046FFF7B6FF49
:10E6D00018B10C2384F83031F2E72046A988ECF712
:10E6E00063FD0028ECD104F59870EEF73DFD00289D
:10E6F000E6D1D4F8EC30002BE1D094F83011B142DF
:10E70000DDD02046B3F91220DAF752FF84F8390140
:10E71000D5E7EDF79FBC10B5144608460121EFF789
:10E7200033FC2046BDE810400121EFF72DBC8021CD
:10E73000F2F77EBB10B50446EDF79AF90146204684
:10E74000BDE81040EDF79AB910B5044681B1931EAB
:10E75000022B94BF4FF4BC73282380F82520C0F807
:10E760000831FFF70CFC2046EDF7A0FE002010BD9D
:10E770002120FCE7EEF710B838B5054610460C46E8
:10E78000EEF780F865B1D5F8EC304BB15B693BB181
:10E790002268013204BF6FF00102226022681A6011
:10E7A000002038BDF0F70CBA002070472DE9F74F74
:10E7B00001251C469DF83030064601930368174634
:10E7C00003F0070306339D4005F1FF380B46A1B166
:10E7D000416804EA080BA5EB0B0A41F000595245C9
:10E7E00009EB0B0114D952461846F5F775FF494657
:10E7F0007A1B5A445044F5F76FFF019B2BB13C4400
:10E8000048EA050804EA0804F46003B0BDE8F08FA4
:10E810001846F0E74FF03A4301225A6740F6FF727C
:10E82000D96418651A67704737B5002514460095F6
:10E83000FFF7BCFF204603B030BD70B50E4615464D
:10E84000044608B9002070BD0378042B18D0207846
:10E85000EEF794FCB0B923780C2BF3D10EB1FF2363
:10E860003370CDB1FF232B7016E020780130C0B299
:10E8700003282070EBD8EEF781FC0028F5D0E6E7FE
:10E880000020F5E71EB12078EEF7AEFC30701DB128
:10E89000207800F003F828700120D4E710F0FD0F75
:10E8A00014BF4FF0FF300020C0B270477047002007
:10E8B0000021704708B5EFF7EDF8BDE80840EFF725
:10E8C00011B938B50446FFF7F5FF0546FFF7F2FF2B
:10E8D000431BA342FAD338BD38B50D460446EFF7C3
:10E8E000D9F835B1844200D90139204601F003013D
:10E8F00038BD844238BF0131F7E708B5EFF7E2F8D9
:10E90000BDE80840EFF7EEB808B50121FFF7E4FFD6
:10E91000BDE80840EFF7E6B808B521B19200F5F779
:10E92000DBFE002008BD2120FCE700F06F43B3F1BF
:10E93000804F02D0B3F1204F02D120F070407047D9
:10E9400000F06043B3F1204F08BF20F080507047C3
:10E950000B0C23F48053B3F5284FF7B50D468FB257
:10E96000064699B216D04AF60103994214D04AF6E7
:10E970000203994212D0B1F5204F14BF042403249E
:10E98000D6F8EC300BB1196851B9D6F8E83093B924
:10E9900028680EE00024F3E70124F1E70224EFE702
:10E9A000234668463A46EFF711F9DDE90003002BEC
:10E9B000EBD103B0F0BD19680029E9D023466846C1
:10E9C0003A46EFF703F9DDE90003002BE0D1F0E769
:10E9D0000204C0F3891307D56FEA83536FEA935398
:10E9E00013F5007F18B206D0A3F1C8006FF4FF73CF
:10E9F0009842B8BF184670474FF0384359699A6932
:10EA000003F500530A405A61704700EB8023C0EBC6
:10EA1000831353FA81F303EB8322C3EB8213C1F315
:10EA20000722134403EB8322C3EB8213C1F3074293
:10EA3000134403EB8322C3EB821303EB1160704793
:10EA400038B50D46144604B938BD55F8041BFFF718
:10EA5000DCFF013CF7E72DE9F0470C4669B1CB1C20
:10EA6000B3F5002F09D24FF0000844F6FC7654F8B5
:10EA700028104FEA88094B1C01D1BDE8F087FFF749
:10EA8000C4FFC1F30263032B844608F10107C1F3FD
:10EA9000074514D18BB2F31AB5EB930F4FEA930AE3
:10EAA0000DD909F1040152462144FFF7C9FF8446FC
:10EAB00008F10208013D08EB0A07A5EB0A052A4602
:10EAC000604604EB8701FFF7BBFF07EB0508CEE7C5
:10EAD000F8B50446002850D000F11703B3F5002F15
:10EAE00005464AD2F0F7B4F8217D00EB8023C0EB55
:10EAF00083130B44A28A03EB8321C3EB811303EB43
:10EB0000122304F1100618462968FFF77EFF2A78C1
:10EB100003469AB9696861B1CA1CB2F5002F08D2E0
:10EB20006A7852000132FFF78BFF03460835B54281
:10EB3000E9D12069C31A58425841F8BD012AF8D1D9
:10EB400068680028F5D0421CB2F5002FF1D2E978B0
:10EB5000AA78891A01310029E8D030F8027B03EB4A
:10EB60008322C3EB821353FA87F303EB8322C3EBB5
:10EB7000821303EB17230139EDE70020DDE70E20B8
:10EB800070477047F1F752B8F1F750B8F1F74EB847
:10EB9000F1F74CB808B50846F1F756FC08BDF1F797
:10EBA00045B838B505460C4601F00DFBD5F8983050
:10EBB0001C40D5F894302343C5F8943001F0FEFA98
:10EBC000211E18BF01210020490238BD00207047D6
:10EBD0007047704710B5044600F03800F2F778FC33
:10EBE00078B1D0E901324178C4F3074411F0020F43
:10EBF00008BF1346043B53F8040F10B10278A24239
:10EC0000F9D110BD052B07D920F47F4020F0C700B3
:10EC100040F400701060918070470368186800F03D
:10EC200099B838B50546F2F723FC04462846FFF7A5
:10EC3000F4FF204638BDF2F777BB10B500F10804A9
:10EC400054F8083C0BB9184605E054F8040C9847F2
:10EC500008340028F4D010BD70B504460C30DDF740
:10EC60009BFD0023666856F8232062B906EB8305F6
:10EC7000B5420AD123697BB900236380637823F00E
:10EC80000E03637070BD0133EDE755F8043DDB689A
:10EC9000002BEDD09847EBE7DD68002DECD0043D6C
:10ECA00055F8043F002BE7D09847F9E738B50369DA
:10ECB00005460BB1186810B90024204638BDFFF78F
:10ECC000BCFF04460028F7D02846FFF7C5FFF4E74D
:10ECD00070B54378054623F00C0343F002034370FC
:10ECE000036953B1586840B1FFF7A7FF044620B14C
:10ECF0002846FFF7B1FF204670BD6E68043E56F807
:10ED0000044F2CB9202005F10C01DDF733FDF2E7AB
:10ED1000A368002BF3D0984704460028EFD0E7E71C
:10ED20004078C0F340007047437813F00E0F0CBFDB
:10ED300001200020704707B501A9FFF77CFF03B051
:10ED40005DF804FB08B500F05BF9002814BF14203F
:10ED5000002008BD7047430803F05533C01A00F087
:10ED60003333800800F0333018444FF0013300EBA8
:10ED7000101000F00F305843000E704710B50446D5
:10ED800088B1836A016A7BB180689847002394F850
:10ED9000240023620C28636005D82146DDF7A6FE17
:10EDA0000D2384F8243010BD0029EFD08368002B98
:10EDB000ECDB0846F6F7CBFCE8E7002307B51A467C
:10EDC000019101A9F2F730FD03B05DF804FB0023C7
:10EDD00030B587B004939DF83430DDE90A450393DC
:10EDE0000C9BCDE900450293F2F794FC07B030BDCF
:10EDF000052330B585B003930A9BDDE908450293EE
:10EE0000CDE90045FFF7E3FF05B030BD30B5002385
:10EE10000024002585B0CDE900450293FFF7E8FF07
:10EE200005B030BD03680B60016070472DE9F0410B
:10EE30000E46174600240546006808B9BDE8F08173
:10EE4000D0E90083B3420BD18368BB4208D154B9E7
:10EE5000C5F80080C368DB0701D5F6F778FC2046CB
:10EE600004464046E9E7C4F80080F3E7002370B5A4
:10EE70001A46194605460468F2F7D6FC0CB92C6010
:10EE800070BDE3682668DB0702D52046F6F75FFC15
:10EE90003446F3E72DE9F8430E461746054610B908
:10EEA0000020BDE8F8830468002CF9D0D4E900897B
:10EEB0003B4632462946A068C8470028F1D144465F
:10EEC000F2E730207047034610B501391A1A914213
:10EED00000D810BD445C1A7803F8014B4254013944
:10EEE000F4E700230144884200D1704700F8013B59
:10EEF000F9E70E20704770470020704710B50446B0
:10EF0000FEF796FD0346204009D014F0050006D018
:10EF1000DB4363F0050323420CBF0120002010BD3A
:10EF2000704710B504460B68084623608B88A380A1
:10EF300042B1E7F707FEA0712046FCF7FDF900B9E2
:10EF4000A07110BD4920F6E783791A0705D413F0A4
:10EF5000100F0CBFFF2001207047002070470000F9
:10EF6000014B1868704700BFB42A00200A4B1B6F82
:10EF700003F00703013B032B03D8DFE803F00A0388
:10EF80000608FEE7054B18687047054BFBE7054888
:10EF900070470548704700BF00800050B42A002029
:10EFA000BC2A002080D54302002D310108B5FFF7AF
:10EFB000DDFF054B1B6FC3F303330133B0FBF3F0ED
:10EFC000024B186008BD00BF00800050B02A00202E
:10EFD0000048704700B4C40400487047002D310158
:10EFE000014B1868704700BFBC2A002000487047DA
:10EFF00080D54302014B1868704700BFB82A002033
:10F00000034B5868C0F30800003818BF0120704750
:10F0100000ED00E00A4A08B5127852B107280AD874
:10F02000084A02EB00131B7B3BB1D8F7CDF9002057
:10F0300008BD0548FCE70548FAE70548F8E700BFC2
:10F04000B628002014110020028000F0018000F09A
:10F05000078000F00B4A10B512780C4662B1072801
:10F060000CD859B1084A02EB00131B7B43B1D8F707
:10F07000BDF92070002010BD0448FCE70448FAE701
:10F080000448F8E7B628002014110020028000F0A0
:10F09000018000F0078000F00B4A10B512780C4692
:10F0A00062B107280CD859B1084A02EB00131B7B48
:10F0B00043B1D8F7B3F92060002010BD0448FCE745
:10F0C0000448FAE70448F8E7B628002014110020A5
:10F0D000028000F0018000F0078000F0B8B1036802
:10F0E00013F4E07F03F03F00C3F382120AD0012A39
:10F0F0000DD1084B41B103F58053012282401A60C3
:10F1000000207047044BF5E703F50053F5E70E20A8
:10F11000704700BF68800050648000500146064878
:10F1200002688A4205D843681A44914228BF0020E9
:10F1300070470020704700BFB01100200229F8B5C9
:10F1400096BF104B00245C5C012805460E4608D093
:10F15000022809D008B944F002040B4B1F6837B9E4
:10F16000F8BD44F00804F8E744F02004F5E77B68B4
:10F170001A68144203D0314628465B6898473F68B6
:10F18000EDE700BF98170300DC11002038B5104DE3
:10F190002B78ABB10F4C23781BB100F083FA00231E
:10F1A0002370002001F0A2F80B4C50B100F0CCFA13
:10F1B0000023012120782B70FFF7C0FF012323706B
:10F1C00038BD0122054B1A702278054B1A70F7E7FB
:10F1D000C2280020C0280020C8280020C328002002
:10F1E000C42800200C4A1378FF2B01D158B1704776
:10F1F0000BB908B9704730B101331370074B1B7856
:10F20000012B03D87047013B13707047044B1B78E8
:10F210000BB9FFF7BBBF7047C7280020C8280020E4
:10F22000C328002010B500F0CEFF064B04461B7823
:10F230001BB1BDE8104000F0C1BFFFF7A7FF20469B
:10F24000F7E700BFBF2800200228F8B504D0244A01
:10F250001378FF2B01D1E9B1F8BDD3B90029FBD058
:10F26000012313701F4B1B78012BF5D900F0ABFF66
:10F270001D4E0446337893B920461A4C00F09EFF89
:10F2800020780128E8D00121FFF758FF01232370DF
:10F29000E2E711B9013B1370DEE70133E1E7134FF9
:10F2A0003B781BB901223A70114A1370114D2B782B
:10F2B0001BB100F0F7F900232B70204600F07EFF11
:10F2C000012001F013F800F07EFF3B7804461BB1EB
:10F2D00000F03AFA00233B7000233370CCE700BF04
:10F2E000C7280020C8280020C2280020BF280020EE
:10F2F000C3280020C02800202DE9FF47EFF3108528
:10F3000072B6AFF3008001F066F9002870D0704E3D
:10F31000704F337823B10020FFF764FF0023337070
:10F32000387870B903A900F095FB044648B96A4BD8
:10F33000039A1B689A4263D80120FFF753FF012309
:10F3400033703B78654CDFF8BC91002B72D020788D
:10F35000012840F09480207800F052F999F80030AC
:10F3600013B15F4B1B782370AFF30080284600F089
:10F37000B8FFEFF3108572B65A4B1A7852B10022DB
:10F380001A70574B20781B78984203D101212170C5
:10F39000FFF7D4FE544800F013FB01F03FF980461C
:10F3A0000028B6D1514B524F18703B789BB189F869
:10F3B0000000DFF84C9199F800301BB100F072F9B1
:10F3C00089F80080002000F091FF002875D000F03F
:10F3D000BBF900233B70337823B10020FFF702FF15
:10F3E0000023337000212078FFF7A8FE002323704C
:10F3F000AFF30080284604B0BDE8F04700F071BFCD
:10F400003C4BD3F8008000F0E9F8039B804498451A
:10F4100092D200F0CDF98200039942F0020292B23A
:10F42000CDE900422346344AA1EB08012E4800F002
:10F430005FFF86E72E4BDFF8B4801B780BB900F036
:10F4400015F92078022831D198F8003023B1002234
:10F45000264B1A7001F02CF9DFF8948098F80030F0
:10F46000002B7FF478AF254B1B7823B900F014F9FB
:10F470000122234B1A70012388F800306BE74FF00C
:10F4800001080023DFF864A08AF8003099F8003002
:10F4900013B94146FFF752FE9AF8003084F8008015
:10F4A0003BB1B8F1020F7FF456AFD0E74FF002083E
:10F4B000E7E7B8F1020FCFD04DE7012000F0A0F848
:10F4C000284600F00EFFEFF3108572B67AE700BF12
:10F4D000C1280020C7280020E4110020C8280020EF
:10F4E000C4280020BD280020E8110020C5280020E5
:10F4F000C2280020E011002025F20200C6280020CA
:10F50000C0280020C328002010B500F05CFE0022B7
:10F51000054B1C781A7000F051FE00F02BFBE4B292
:10F520002043C0B210BD00BFBE28002038B500F097
:10F530004AFE094B05461B78012B04D800F03EFE1D
:10F540000024204638BD054B1C6800F047F80444F1
:10F55000284600F033FEF4E7C8280020E011002020
:10F56000184B19491A6F10B502F007020A60196F9B
:10F57000164801F4744101601549164C8969032A43
:10F5800001F00200C1F34001134A21700FD0D3F8FB
:10F59000201101F00301022909D0D3F8241101F050
:10F5A0000701022903D00021117018B910BD0123F1
:10F5B0001370FBE7D3F8003103F00303591E4B42ED
:10F5C0004B41F5E700800050481200204412002013
:10F5D00000C00150CD280020CE280020054B18780F
:10F5E00018B1054B186800EBD000044B1B68184499
:10F5F000704700BFCE2800200C12002040120020CF
:10F60000012808B50BD00238012807D80020D7F709
:10F61000A1FB124A136923F00403136108BD104AC9
:10F62000137823B10F490B6F43F474430B670B49F5
:10F630000B6923F004030B61BFF34F8FBFF36F8F90
:10F6400030BF1378002BE9D0064A0749136F0968C9
:10F6500023F474430B431367E0E700BF00ED00E0C1
:10F66000C12800200080005044120020074A0849A9
:10F67000D2F8203103F003030B60D2F82431054A9D
:10F6800003F007031360F2F74FBF00BF0080005084
:10F6900054120020501200200122014B1A707047B2
:10F6A000CC280020F8B51F4B1B78002B39D01E4CFE
:10F6B0002378B3B91D4B9A6DD10302D5DA6D920749
:10F6C0002FD49B6DDB072CD400F096FE184B194A03
:10F6D0001860136F23F0070343F003031367FFF76A
:10F6E00065FC00F089FE124B134D1B68134EC01AC7
:10F6F0002B78134F56F8232046F82300111A3A6846
:10F700001048521A0A213A600932B2FBF1F2013371
:10F71000DBB20260B3FBF1F201FB12332B7000236A
:10F720002370F8BDCE280020CB28002000C0005058
:10F730003C12002000800050CA2800201412002033
:10F74000101200200C12002008B5F2F7F0FE124B48
:10F7500012491A6F096822F007020A431A67104912
:10F76000D3F82021096822F003020A43C3F82021BC
:10F770000C49D3F82421096822F007020A43C3F890
:10F780002421094B1B7813B10122084B9A62BDE872
:10F790000840FFF70BBC00BF00800050481200205B
:10F7A0005412002050120020CE28002000E000500B
:10F7B000014B1878704700BFCE28002008B5104BC9
:10F7C0001A78C2B100221A700E4B1A6F22F007028B
:10F7D00042F001021A67D3F8202142F00302C3F875
:10F7E0002021D3F8242122F0070242F00302C3F8BB
:10F7F0002421FFF7DBFB0122034B5A6708BD00BF42
:10F80000CC2800200080005000E000500D490B681B
:10F81000A0B10022A3B1834203D1836822B90B6057
:10F8200003E01A469B68F5E7936083680BB90020F4
:10F8300070475A6941690A445A61F8E722207047C3
:10F84000022070476012002038B500F0F1FD00255D
:10F85000084B094C1A682368C31A2AB123B15169AD
:10F86000994203D3C91A5161206038BD55615B1AB2
:10F870009268F2E7601200205C12002038B5154D46
:10F880002B682BB35B69A3B1134A022014681C4494
:10F8900000F0A6FA204600F065FA00230F492A6816
:10F8A0000B7022B1D08880070AD501230B7000208D
:10F8B00038BD022000F094FA022000F0B3FAECE721
:10F8C0009268002AF3D050690344012BEAD9EEE78D
:10F8D0002220EDE7601200205C120020D0280020DA
:10F8E000C38870B504460D463BB9FFF71FFE85423D
:10F8F000064602D2F4F7B4F935460E4965610B6845
:10F900008BB90C60A3600DE0AD1A9A68184665616A
:10F910006AB113465A69AA42F6D930B18460521BC3
:10F92000A3605A6170BD0020F4E70C60F7E79C60AB
:10F93000A260F7E76012002070B516469DF814200B
:10F94000C0E903360271049ABDF818300260002243
:10F9500004460D468260C380EEB900F069FD28447C
:10F96000A0619DB12E4600F02EFC0546FFF76CFF0E
:10F9700031462046FFF7B4FF104B1B68A34201D16C
:10F98000FFF77CFF284600F019FC02E0E3686561A0
:10F990007BB9002070BD00F04BFD3044A061002D0C
:10F9A000E0D1E3686561002BDDD0204621689847EF
:10F9B000D9E7204621689847EBE700BF6012002096
:10F9C00038B5044618B300F0FEFB0546FFF73CFFD0
:10F9D000104B1868A04209D02046FFF717FF0446D5
:10F9E00080B1284600F0EAFB204638BDFFF70EFF45
:10F9F00004460028F5D1FFF741FF222802D102205A
:10FA000000F0FAF9284600F0D9FB0024ECE72224A4
:10FA1000EAE700BF6012002038B50C460546A8B1E1
:10FA2000A1B100230B7000F0D7FB0121084B1B682C
:10FA300033B900F0CCFB002038BD9D4204D12170C9
:10FA40002278002AF9D0F4E79B68F1E72220F3E757
:10FA500060120020F8B506460F4600F0BDFB0025F9
:10FA60000446124B1B6823B9204600F0B0FB1B2054
:10FA700011E05A691544DA88B2420DD100F0D8FC81
:10FA80000B4E3368C01AA8420AD3002320463B60BD
:10FA900000F09DFB0020F8BDFF2EEFD09B68E2E751
:10FAA00000F0C6FC33682B441B1AEFE760120020FD
:10FAB0005C12002070B500F08FFB064600F0B8FC29
:10FAC000084B044601201D6800F0A2FC18B100F0AC
:10FAD000AFFC04460135304600F079FB204629464C
:10FAE00070BD00BF68120020014B1868704700BF4E
:10FAF00064120020F8B50C4B05461B680E46834285
:10FB00000FD3002440F2E7302146084B4FF47A72BD
:10FB10001F680023E5FB0701DBF76AFA3060204627
:10FB2000F8BD2120FCE700BF58120020641200201D
:10FB30000F4B10B51A689AB14FF47A71531E1342E5
:10FB4000A0FB01010ED1B2FA82F2C2F11F04531CD4
:10FB5000D243E04001FA03F3184321FA02F20243D0
:10FB6000104610BD0023DBF743FA0246F8E700BF5A
:10FB70006412002010B500F02FFB034B1C7800F03E
:10FB800026FBE4B2204610BDCF2800202DE9F0412D
:10FB90009846002386B00D46174606468DF813306A
:10FBA00080B30DF11301FFF737FF9DF813305BBBF6
:10FBB000284605A9FFF79EFF0446F8B9134B4FF4FA
:10FBC0007A7218680023A5FB0001DBF711FAC2F571
:10FBD0007A7189B2B1F57A7F08BF0021BDF834305F
:10FBE000B183F483059A02939DF830301146CDE934
:10FBF000008330463B46FFF79FFE0446204606B092
:10FC0000BDE8F0812224F9E70224F7E7641200201E
:10FC100008B5084B1B7803F0FF004BB100F0ECFB7C
:10FC2000054B1B689B69C01A02288CBF002001206D
:10FC300008BD00BFD028002060120020C2072DE9B7
:10FC4000F843044607D5444A136801331360FFF7AD
:10FC5000FBFDFFF713FEA3077CD500F0BDFA4FF0C4
:10FC6000000805464646FFF7EFFD3C4F3C680CB1E7
:10FC70006369A3B100223A4B012E1A7003D118F028
:10FC8000020F18BF1E70FFF7F9FD222802D10220D3
:10FC900000F0B2F82846BDE8F84300F098BA2346D1
:10FCA0005A693AB91A792179914288BF1C469B68F2
:10FCB000002BF5D1284600F08AFA2569DDB100F065
:10FCC000B7FBA269A0EB02084FEAE873A84573F1FD
:10FCD000000311DB23691344A361E36813B12046D9
:10FCE00021689847B4F8068000F076FA0136054698
:10FCF000FFF7AAFDBAE7A84600F06EFA8146204653
:10FD0000FFF784FD484600F062FA2369002BE4D037
:10FD1000A38BB5EB080533B1E28B13449BB2B3F56B
:10FD20007A7F0FD2E38300F057FA804629462046B7
:10FD3000FFF7D6FDA369226940461344A36100F092
:10FD400046FACAE7A3F57A73E383A369013D013B51
:10FD5000A361E8E7BDE8F883681200206012002084
:10FD6000CF28002010B5044600F02DFA4FF0B04225
:10FD7000936A1907FCD4136A116C5269520604D4B1
:10FD8000CA1A032A01D899420ED1E21A022A98BF50
:10FD9000DC1CB4F1FF3F38BF013C4FF0B0434022C0
:10FDA0001C6403F580539A6100F008FA054A137841
:10FDB0003BB14FF0B041CB6B43F00203CB63002368
:10FDC000137010BD742F002007B5044B01A91879DA
:10FDD00000F028FA019803B05DF804FB281703002F
:10FDE00000F001038207034A48BF43F040039361D8
:10FDF000704700BF00100058820700F001030AD5C9
:10FE00000121064A43F0400311704FF0B041CA6B24
:10FE100022F00302CA63024A93617047742F0020E4
:10FE200000200058830742BF4022014B5A617047AF
:10FE30000010005830B5154B87B00293144B039057
:10FE4000049346F611030D46059300F077F9142844
:10FE5000044616D1684600F080FB4FF0A843032209
:10FE600002A95A6319601D619A63DA6B9207FCD18B
:10FE7000142C02D1684600F07EFB00F093F9044692
:10FE800001E00028E9D0204607B030BD84120020F0
:10FE9000040000202DE9F04FB1B005468C469E4687
:10FEA000E8466F4EDDF8EC90409C06F1100A47469C
:10FEB00030687168083603C75645B846F7D13E9B8F
:10FEC00003EB0208C8F1000A0AF00F0AB9F1000FAB
:10FED00000F09D80C9F1000707F00F070121DDF850
:10FEE000FCB044F00050C4F11006CDF810B00591FC
:10FEF0000690300200F4F85040F021000790B9F16C
:10FF0000000F40F08680CDF820D047F00050002D43
:10FF100000F08480099121210A9041EA07210B9188
:10FF200042F00050CDF830C03D9B08A94FEA0A2CA2
:10FF30000D910E904CF041000F901093002A75D156
:10FF40003E9B119143F0005312933C9B13901493EA
:10FF500010AB1593434B444A169340F61103179385
:10FF6000424B0021002D08BF1346189314AB199380
:10FF70003F4B10221A9311231B931CAB1846F4F726
:10FF800084FB01221D92002246F0804603461E9605
:10FF9000239205B9EB46102CCDF880B024AE4BD19E
:10FFA000012322460021304621932294F4F76DFB71
:10FFB00020AB002125938F4218BF334647F0804283
:10FFC00026923A9A2CA828922993B2FA82F35B09D6
:10FFD00049EA837310222B912A93F4F756FBB9F167
:10FFE000000F00D028AED04448F080432CA918A8B8
:10FFF0002D962E93FFF71EFF30B92DB90346A3426D
:020000023000CC
:1000000025D1002818BF2C2031B0BDE8F08F102773
:1000100064E7CDF820E049F0005078E7002C3FF489
:1000200079AF04A9099101210A9076E73E9B0CAAB9
:1000300011924120129388E710220021304621932B
:100040002294F4F722FB002CB2D10123B1E703F193
:10005000C0026A4412F8C02C01331043CFE700BF3E
:100060001318030010000020281803002C180300A8
:1000700004000020F0B5C0299FB0DDE9244557D029
:10008000B1F5807F04D0802948D029201FB0F0BD71
:1000900001265CB140F23447029410240396049484
:1000A000212401970594069502AC0AE040F214471A
:1000B00002941024039604942124059401240197AA
:1000C0000695079401251024089409950A92212287
:1000D0000B950C940D92174A0AAD0E92164A0F9585
:1000E000109242F6110211921293139514941592E4
:1000F00001AA1692D3B112AB1793042318931123BC
:10010000199316AB1A901B9340F61103C9081C9162
:100110001AA806A91D93FFF78DFEB7E7012614B9AB
:100120004FF48267C4E74FF48667B5E70EABE3E7A9
:100130000F20ABE7241803001000001038B5164B51
:100140005A6E42F004025A66D3F8802242F001024D
:10015000C3F88022114B5B68C3F3080343B14FF02F
:10016000A842D36B13F0430FFBD11424204638BDB3
:100170004FF0A843DC6B14F04304FBD1084D2B680F
:100180001BB904212846F4F725F92B68013343F005
:1001900000432B60EAE700BF0080005000ED00E064
:1001A00084120020014B00205B68704700ED00E0E6
:1001B0004FF4004070474FF47A70704710B962B640
:1001C000BFF36F8F7047EFF3108072B6704780F304
:1001D0001188BFF36F8F7047EFF31180302383F3E3
:1001E0001188704770B10122417803788A4030212C
:1001F0004B4343F2100103F1A04303F57033002099
:100200005A507047222070470122417803788A4073
:1002100030214B4341F2100103F1A04303F5703349
:100220005A50704709B100F008B8222070470121E8
:10023000FEF754BF0021FEF751BF70B506460D46CC
:10024000FFF7CAFF04461D2E48D8DFE806F00F1856
:10025000471D20234726292C47472F32473538474B
:100260003B473E474744474747474741FEF77EFEE7
:10027000002628602046FFF7AAFF304670BD4FF4E5
:10028000C070D6F7A9F8F3E74FF42070F9E74FF400
:100290004070F6E74FF46070F3E74FF40070F0E75A
:1002A0004FF48060EDE74FF49060EAE74FF4C060F0
:1002B000E7E74FF4F060E4E74FF4B060E1E74FF4B4
:1002C000D060DEE74FF4E060DBE74FF4A060D8E7F2
:1002D0004FF48070D5E74FF40860D2E70020212664
:1002E000C7E710B962B6BFF36F8F70470120704740
:1002F0002DE9FF410D4616461F460446A8B14FF0B2
:100300000008C0F81C80FFF75BFBBDF82C304246AC
:1003100002939DF828302946CDE9007320463346E4
:10032000FFF70AFB04B0BDE8F0812220FAE7F0B540
:100330000D4616461F46044685B090B10023C361A2
:10034000FFF73EFBBDF82C302A4602939DF828307B
:100350002946CDE9007320463346FFF7EDFA05B094
:10036000F0BD2220FBE7F0B51F46002387B00D4605
:10037000164604468DF81730A8B1C3610DF1170178
:10038000FFF74AFB9DF817207AB9BDF834302946AB
:1003900002939DF830302046CDE900733346FFF7D5
:1003A000CBFA07B0F0BD2220FBE70320F9E7F0B558
:1003B0001F46002387B00D46164604468DF81730B9
:1003C000B0B1C3610DF11701FFF726FB9DF817309F
:1003D00083B9BDF834302A4602939DF8303029465F
:1003E000CDE9007320463346FFF7A6FA07B0F0BD0B
:1003F0002220FBE70220F9E738B5FFF7EDFE0546BE
:1004000000F016F804462846FFF7E1FE204638BD06
:100410004FF0B04301285B6904D0022805D1C3F333
:100420008010704703F0010070470020704770474C
:100430004FF0B0439A6A1207FCD4186A7047F0B5BF
:10044000154649228FB0149C8DF8242004F10C0627
:100450000DF1250254F8047BB44242F8047BF9D133
:10046000247814704FF48074ADF834409DF85440F3
:1004700000228DF8364004240694169CCDE9001520
:1004800005941324049409ACCDE902340B461146BB
:100490008DF832208DF83350FFF7FCFC0FB0F0BD23
:1004A00030B5C02A93B02FD0B2F5807F29D0802AF2
:1004B0002CD14FF4807480F00100204301901698F5
:1004C00001250290102421200395049405900693A1
:1004D00001AB0795089409900A9306AB0B9304238C
:1004E0000C9311230D930AAB0E910F9340F6110359
:1004F000D20802A90EA810921193FFF79BFC13B02B
:1005000030BD4FF48274D6E70F20F8E72920F6E7D4
:1005100008B5FFF713FEBDE80840FFF743BE1FB55F
:10052000079C02949DF81840CDE9003413460A4612
:1005300001460020FFF783FF04B010BD1FB5079CE4
:1005400002949DF81840CDE9003413460A4601464E
:100550000120FFF774FF04B010BD10B50446FFF78B
:1005600032FE4FF0A8431A6822601B696360FFF7F0
:1005700025FE002010BD10B50446FFF724FE4FF005
:10058000A84322681A6062681A61FFF717FE00200C
:1005900010BD10B40446084611469DF8042001928F
:1005A000A2685DF8044BFFF7BABF10B404460846D2
:1005B00011469DF804200192A2685DF8044BFFF7F4
:1005C000BDBF8068FFF756BD8968FFF769BF01208E
:1005D00070470120704738B5D4F734FF0546D5F78A
:1005E000A1F8041E18BF2C46FDF71BFC051E18BF02
:1005F0002546DAF725FA041E18BF2C46D0F7A4F9D1
:10060000051E18BF2546D2F77FFA041E18BF2C46D8
:10061000FFF7DDFF002818BF204638BD38B5FEF7CC
:1006200073FF0446D4F728FF042833D002284FF084
:10063000000508BF0124D5F76BF804282CD0022848
:1006400008BF0124FDF7F4FB042827D0022808BFC7
:100650000124DAF793FA042822D0022808BF0124E3
:10066000D0F786F904281DD0022808BF0124D2F74C
:100670005FFA042818D0022808BF0124FFF7A9FF59
:10068000042813D0022808BF0124002D18BF00241D
:10069000204638BD0125CEE70125D3E70125D8E75F
:1006A0000125DDE70125E2E70125E7E70024EFE783
:1006B00002210120F0F7B4BC00000000000000009F
:1006C000F8B500BFF8BC08BC9E467047F8B500BF3F
:1006D000F8BC08BC9E4670475FF800F0012A002075
:1006E000C4D8C4D8C4D8C4D801000000440703004B
:1006F0002C070300000000000000000004070300B6
:1007000000000000F433030094330300A43303001B
:10071000BC33030090340300CC33030010340300D7
:1007200090320300D432030000000000F19D01006C
:10073000AC070300A5950100DA07030000000000E4
:1007400000000000A59D0100AC070300C592010058
:10075000AC070300558E01000000000071DD0200AF
:1007600000000000599001000000000047DD020079
:10077000D807030075950100DA07030079DD020050
:10078000000000007DDD020000000000ADD9020085
:1007900000000000C9A502000000000009A6020038
:1007A0000000000000000000000000000000000049
:1007B0004E0C00000000000000000000781A03004A
:1007C0000000000000000000040000000000000025
:1007D000E2FF50000001000002000400FB000C00DA
:1007E0002DB202006DB202004DB20200A3B20200AF
:1007F000416A0100E5690100E1B202005D650100A6
:10080000FD8D0100796A010039690100AD8E01009A
:1008100000000000000500080030033E043E073ED3
:100820000C3E123E133E213E293E0DFFFFFF00000D
:10083000000000006D0300005B435D2000433A2F81
:1008400055736572732F6A697368752F2E73696C9F
:100850006162732F736C742F696E7374616C6C7347
:100860002F636F6E616E2F702F73696D706C3335EF
:1008700037373461373532383239632F702F626C35
:100880007565746F6F74685F6C655F6D6964646CC7
:1008900065776172652F636F6D6D6F6E2F7468720F
:1008A0006F7567687075745F63656E7472616C2FC5
:1008B000706C6174666F726D2F7468726F756768A3
:1008C0007075745F63656E7472616C5F696E746578
:1008D00072666163652E630025733A2564203A25AC
:1008E000733A20007363005374617475733A202562
:1008F00073203D20307825303478200041737365B3
:100900007274696F6E206661696C65640074696DEC
:1009100065725F726566726573685F727373695F33
:1009200073746F700074696D65725F72656672656D
:1009300073685F727373695F737461727400433AB2
:100940002F55736572732F6A697368752F2E7369DB
:100950006C6162732F736C742F696E7374616C6C4D
:10096000732F636F6E616E2F702F73696D706C33B0
:100970003537373461373532383239632F702F626B
:100980006C7565746F6F74685F6C655F6D696464C6
:100990006C65776172652F636F6D6D6F6E2F746814
:1009A000726F7567687075745F63656E7472616C81
:1009B0002F7274612F7468726F7567687075745FD9
:1009C00063656E7472616C5F7274612E6300417353
:1009D00073657274696F6E206661696C65643A2034
:1009E0005254412072756E74696D6520696E697428
:1009F000206661696C65640A00417373657274698D
:100A00006F6E206661696C65643A205254412061C2
:100A1000637175697265206661696C65640A00417D
:100A20007373657274696F6E206661696C65643A90
:100A3000205254412072656C65617365206661695E
:100A40006C65640A00417373657274696F6E206629
:100A500061696C65643A205254412067656E657225
:100A60006963206572726F720A006F6E5F72756ED5
:100A700074696D655F6572726F72002532583A2530
:100A800032583A2532583A2532583A2532583A25C2
:100A90003258005B575D2000416464696E672061D5
:100AA00064647265737320746F2074686520616C70
:100AB0006C6F776C69737420253032583A25303268
:100AC000583A253032583A253032583A2530325883
:100AD0003A253032580A00433A2F55736572732F06
:100AE0006A697368752F2E73696C6162732F736CFA
:100AF000742F696E7374616C6C732F636F6E616EAB
:100B00002F702F73696D706C33353737346137351B
:100B100032383239632F702F626C7565746F6F7461
:100B2000685F6C655F6D6964646C65776172652F81
:100B3000636F6D6D6F6E2F7468726F756768707517
:100B4000745F63656E7472616C2F7468726F756721
:100B5000687075745F63656E7472616C2E63005BA0
:100B6000495D20004C4F53543A20253039640A0027
:100B70004552523A20253039640A0054494D453ACD
:100B800020253039640A004661696C656420746F01
:100B90002067657420525353492E207363203D20F3
:100BA0003078253034780A004C4154454E43593A48
:100BB00020253034640A0054494D454F55543A209D
:100BC000253034640A004348415241435445524958
:100BD00053544943533A204E4F544946593A2025DD
:100BE0007320494E444943415445202573205452B3
:100BF000414E534D495353494F4E20257320524582
:100C000053554C543A2025730A00444953434F56D8
:100C10004552593A2049444C4500444953434F56A4
:100C20004552593A20434F4E4E454354494E470092
:100C3000444953434F564552593A205343414E007D
:100C4000444953434F564552593A20534552564909
:100C5000434500444953434F564552593A2043486F
:100C60004152414354455249535449435300444926
:100C700053434F564552593A2046494E49534845E9
:100C80004400444953434F564552593A20554E4B20
:100C90004E4F574E005363616E6E696E67207374DA
:100CA0006F702E0A00436F6E6E656374696F6E20FD
:100CB0006F70656E206F6E20746865207265717547
:100CC000657374656420504859206973206E6F7491
:100CD00020737570706F727465642E204F70656E2E
:100CE000696E6720636F6E6E656374696F6E206FE7
:100CF0006E20314D2050485920616E642063686138
:100D00006E67696E67206974206C617465722E0A63
:100D1000005363616E6E696E6720737461727465EF
:100D2000642E2E2E0A0052657175657374656420F9
:100D30007363616E6E696E67205048592069732035
:100D40006E6F7420737570706F7274656420616E5D
:100D5000642073657420746F20314D205048590A07
:100D600000417373657274696F6E206661696C65AA
:100D7000643A204D616B65207375726520746F2035
:100D80006164642074686520426C7565746F6F746B
:100D900068204C4520506F77657220436F6E7472E7
:100DA0006F6C206665617475726520746F20796F51
:100DB00075722070726F6A6563740A00436F6E6E9D
:100DC000656374696F6E2050485920636F756C6459
:100DD000206E6F74206265207365740A0070726FF4
:100DE0006365647572655F726573756C74004552F6
:100DF000524F520A004F4B0A0053543A20436F6E31
:100E00006E65637465640053543A20446973636F7C
:100E10006E6E2E0053543A2053756273637269628A
:100E200065640053543A2054657374696E670053C7
:100E3000543A20556E6B6E6F776E00524F4C453AA8
:100E4000205045524950484552414C00524F4C4564
:100E50003A2043454E5452414C006D6F64652073F7
:100E6000657474696E67730A00256420256C7520AB
:100E7000256C750A00545820706F77657220736571
:100E80007474696E67730A002564202564202564E4
:100E90000A00646174610A00706879207365747473
:100EA000696E67730A00636F6E6E656374696F6E57
:100EB0002073657474696E67730A00256C7520254C
:100EC0006C7520256C7520256C750A00616C6C6F43
:100ED000776C6973740A002D2D2D2D2D2D2D2D2D40
:100EE0002D2D2D2D2D2D2D2D2D2D2D2D0A007C2040
:100EF00020202020204144445245535320202020CC
:100F000020207C0A007C20253032583A2530325887
:100F10003A253032583A253032583A253032583A4C
:100F200025303258207C0A00636C695F7468726FE8
:100F30007567687075745F63656E7472616C5F74F9
:100F4000785F706F7765725F736574007468726F35
:100F50007567687075745F63656E7472616C5F73DA
:100F600063616E6E696E675F73746F700074687230
:100F70006F7567687075745F63656E7472616C5FBE
:100F80007363616E6E696E675F72657374617274AC
:100F9000007468726F7567687075745F63656E74EE
:100FA00072616C5F7363616E6E696E675F737461AB
:100FB00072740068616E646C655F7468726F7567E7
:100FC000687075745F63656E7472616C5F73746F63
:100FD000700068616E646C655F7468726F756768D5
:100FE0007075745F63656E7472616C5F7374617247
:100FF000740070726F636573735F70726F636564A2
:101000007572655F636F6D706C6574655F6576653D
:101010006E740068616E646C655F7363616E5F65BA
:1010200076656E740062745F6F6E5F6576656E7470
:101030005F63656E7472616C001B29CCA603B9EB0B
:101040009E0C400FB02722F3AD1877C62BFE5F81B0
:101050009106418ACDE16B6BBEBEA4A939C5F5E00E
:101060009BA14DE3DED63DB7479FD40A705920D2ED
:1010700083514A43A631B60961F22018C7322DC701
:10108000ABCF46F7FF709EB9BB5468726F75676847
:10109000707574205465737400433A2F55736572EC
:1010A000732F6A697368752F2E73696C6162732F71
:1010B000736C742F696E7374616C6C732F636F6ED5
:1010C000616E2F702F73696D706C333537373461F3
:1010D000373532383239632F702F626C7565746F13
:1010E0006F74685F6C655F6D6964646C657761726D
:1010F000652F636F6D6D6F6E2F7468726F756768A3
:101100007075745F7065726970686572616C2F725A
:1011100074612F7468726F7567687075745F70653D
:10112000726970686572616C5F7274612E63006FC2
:101130006E5F72756E74696D655F6572726F720055
:10114000433A2F55736572732F6A697368752F2E32
:1011500073696C6162732F736C742F696E73746141
:101160006C6C732F636F6E616E2F702F73696D706F
:101170006C333537373461373532383239632F7055
:101180002F626C7565746F6F74685F6C655F6D69F5
:1011900064646C65776172652F636F6D6D6F6E2F20
:1011A0007468726F7567687075745F706572697066
:1011B000686572616C2F7468726F7567687075749A
:1011C0005F7065726970686572616C2E6300287368
:1011D00063203D3D20534C5F5354415455535F4F62
:1011E0004B29207C7C20287363203D3D20534C5F9D
:1011F0005354415455535F494E56414C49445F50F6
:101200004152414D455445522900417373657274F2
:10121000696F6E2027257327206661696C65643AC3
:1012200020005B453A203078253034785D204661D7
:10123000696C656420746F2073657420434F444566
:10124000442050485920666F72207468652061649C
:10125000766572746973746D656E740A00466169AF
:101260006C656420746F2067657420525353492E57
:10127000207363203D2030782530346C780A006379
:101280006C695F7468726F7567687075745F70659C
:10129000726970686572616C5F6D6F64655F6765C8
:1012A000740A00636C695F7468726F756768707543
:1012B000745F74785F706F7765725F6765740A003A
:1012C000636C695F7468726F7567687075745F705E
:1012D00065726970686572616C5F646174615F6793
:1012E00065740A0068616E646C655F7468726F751E
:1012F00067687075745F7065726970686572616C3B
:101300005F73746172740070726F636573735F7082
:10131000726F6365647572655F636F6D706C657421
:10132000655F6576656E74007468726F7567687066
:1013300075745F7065726970686572616C5F6F6EFD
:101340005F62745F6576656E740068616E646C657B
:101350005F7468726F7567687075745F70657269C5
:1013600070686572616C5F73746F70007468726F1F
:101370007567687075745F706572697068657261B1
:101380006C5F73656E645F696E6469636174696FD5
:101390006E007468726F7567687075745F706572DF
:1013A0006970686572616C5F616476657274697397
:1013B000696E675F7374617274001877C62BFE5F85
:1013C000819106418ACDE16B6BBEBEA4A939C5F5FA
:1013D000E09BA14DE3DED63DB7479FD40A7059206C
:1013E000D283514A43A631B60961F22018C7322D83
:1013F000C7ABCF46F7FF709EB9BB00015F007C0012
:1014000054583A20252B34642064426D00525353C3
:10141000493A20252B34642064426D00494E5445DE
:101420005256414C3A2025303464005044553A20FD
:10143000253364004D54553A20253364004441540B
:10144000413A20253364005048593A20314D00502C
:1014500048593A20324D005048593A20434F4445AC
:1014600044203132354B005048593A20434F4445CF
:1014700044203530304B005048593A202D00202070
:101480002020202020202020004E4F544946593A49
:1014900020596573004E4F544946593A204E6F000B
:1014A000494E4449434154453A2059657300494ED9
:1014B0004449434154453A204E6F0054483A202550
:1014C0003037642062707300434E543A202530391F
:1014D00064003F0028002920001E0000033E200079
:1014E000556E6B6E6F776E206572726F7200496E0B
:1014F0007075742062756666657220697320465542
:101500004C4C004D6178696D756D206E756D62652E
:1015100072206F6620617267756D656E74732065E9
:1015200078636565646564005468652061726775F9
:101530006D656E74206973206E6F7420666F726DB6
:10154000617474656420636F72726563746C790092
:10155000496E636F727265637420617267756D6541
:101560006E74207479706500496E636F7272656382
:1015700074206E756D626572206F6620617267758A
:101580006D656E7473004E6F20636F6D6D616E6478
:1015900020666F756E640000EC310300E0140300F8
:1015A000E0140300E0140300E0140300E01403005F
:1015B000E0140300E0140300E0140300E01403004F
:1015C000E0140300E0140300E0140300E01403003F
:1015D000E0140300E0140300E0140300E01403002F
:1015E000E0140300E0140300E0140300E01403001F
:1015F000E0140300E0140300E0140300E01403000F
:10160000E0140300E0140300EE140300E0140300F0
:1016100003150300E0140300E01403002815030081
:10162000E0140300E0140300E0140300E0140300DE
:1016300050150300E0140300E0140300E01403005D
:10164000E014030068150300E0140300861503008E
:1016500075696E7431360075696E743800756E6B1D
:101660006E6F776E0067726F75700077696C646378
:10167000617264006865786F707400737472696E6B
:10168000676F70740075696E7433326F70740075B3
:10169000696E7431366F70740075696E74386F706E
:1016A000740068657800737472696E670075696E9E
:1016B000743332002A005B002E2E2E200068656CE9
:1016C00070000A25730A257325730025732008000E
:1016D0002573200002260000040000000000000026
:1016E00000010000000000000B0000000B000000E3
:1016F00002000000000020200000000003000000A5
:101700008C8C3C0000000000000000000000000085
:1017100001030401010109031E000000150000007F
:101720001A0000001800000000000058120000001D
:10173000181703000000035A1400000024170300C8
:101740004C170300481703000100100000001000B0
:101750000000002000100030050000000000000024
:1017600000C20100000200000010000000000000A4
:101770000000000000000000050000000000000064
:1017800080250000800200000010000000000040E2
:10179000000000000000000001041001000000052E
:1017A0000002000003000002010000006BC0BCE169
:1017B0002A459991E134741A7F9E1925AE2D8A57D6
:1017C0001E03AC9C9EB76FAC45AF8E5130C81C4613
:1017D000A35CE411E5FBC1191A0A52EFF69F2445F8
:1017E000DF4F9B17AD2B417BE66C37103FF1CAA151
:1017F000681FAC09120ECA307586E1A72B7E15163C
:1018000028AED2A6ABF7158809CF4F3C6C5C4C5480
:10181000801018FFFFFFFFFFFFFFFFFFFFFFFFFF2D
:10182000FFFFFF000000000001200000002000007A
:101830000040025C0000000000000010416C726576
:1018400061647920696E20746861742073746174B6
:10185000652E0A0054686572652077617320616E99
:10186000206572726F7220647572696E672073747E
:10187000617465206368616E67652E20535441541E
:1018800055533A20256C780A005374617274696E5E
:101890006720746573742E2E2E0A004661696C658C
:1018A0006420746F20737461727420746573743B68
:1018B0002073633D30782530326C780A004E6F74A7
:1018C00020696E2073756273637269626564207348
:1018D00074617465210A004661696C656420746FE7
:1018E00020736574207465737420747970652E0A92
:1018F000004661696C656420746F20737461727452
:1019000020746573742E0A004661696C65642074E6
:101910006F2073746F7020746573742E0A005465A1
:1019200073742053746F707065642E0A005468726B
:101930006F756768707574205465737420696E697B
:101940007469616C697A65640A00427574746F6EBB
:101950002069732070726573736564206F6E2073E5
:10196000746172743A2043656E7472616C206D6F9D
:101970006465207365742E0A00506572697068652D
:1019800072616C206D6F6465207365742E0A00436C
:101990006F6E6E656374696F6E206F70656E6564DF
:1019A0000A00436F6E6E656374696F6E20636C6FBF
:1019B0007365640A005468726F7567687075742087
:1019C0007465737420737461727465640054687212
:1019D0006F75676870757420746573742066696EBE
:1019E00069736865643A20256C75206270732C20D9
:1019F000256C75207061636B657473005468726F39
:101A000075676870757420746573743A20726563C5
:101A1000657074696F6E20737461727465640054CC
:101A200068726F75676870757420746573743A2096
:101A3000726563657074696F6E2066696E6973683C
:101A40006564200A256C75206270730A256C752008
:101A50007061636B6574730A256C75206C6F7374A9
:101A60000A256C75206572726F720A696E20256C8A
:101A700075207365630A0000981A03004200420053
:101A8000E42003000F000F00432003000A000A00B7
:101A90000B00FFFFFFFF0000010000000108FFFF37
:101AA00000000000B81E0300020002000108FFFF52
:101AB0000500000020000B0003000B000008FFFFE2
:101AC00001000000802C002004000E000308FFFF2E
:101AD0000300000002000000050002000108FFFFF3
:101AE0000500000002000C0006000C000108FFFFCA
:101AF000010000008A2C0020070002000108FFFFFF
:101B0000050000000A000D0008000D000308FFFF9B
:101B100001000000A02C0020090000000108FFFFC8
:101B200000000000BC1E03000A0002000108FFFFC5
:101B3000050000000A0003000B0003000308FFFF7C
:101B400001000000A82C00200C0002000108FFFF8B
:101B500005000000020004000D0004000108FFFF62
:101B600000000000C01E03000E0000000108FFFF7F
:101B700000000000C41E03000F0002000108FFFF68
:101B80000500000002000500100005000108FFFF2D
:101B900000000000C81E0300110002000108FFFF42
:101BA0000500000002000600120006000108FFFF09
:101BB00002000000BE2C0020130002000108FFFFFD
:101BC0000500000002000700140007000108FFFFE5
:101BD00002000000CE2C0020150002000108FFFFCB
:101BE0000500000002000800160008000108FFFFC1
:101BF00002000000DA2C0020170002000108FFFF9D
:101C00000500000002000900180009000108FFFF9C
:101C100001000000E82C0020190000000108FFFF6F
:101C200000000000D61E03001A0002000108FFFF9A
:101C300005000000200000801B0000800008FFFF5E
:101C400001000000F62C00201C000E000308FFFF1E
:101C500003000000020100001D000A000108FFFF50
:101C600000000000E81E03001E0002000108FFFF44
:101C700005000000100001801F0001800008FFFF28
:101C800001000000FC2D002020000E000308FFFFD3
:101C9000030000000102000021000A000108FFFF0C
:101CA00000000000001F0300220002000108FFFFE7
:101CB000050000001E000280230002800708FFFFCD
:101CC00001000000022F002024000E000308FFFF87
:101CD000030000000103000025000A000108FFFFC7
:101CE000000000001A1F0300260002000108FFFF89
:101CF0000500000022000380270003800108FFFF89
:101D0000010000000A2F002028000E000308FFFF3A
:101D1000030000000204000029000A000108FFFF80
:101D2000000000002C1F03002A0000000108FFFF34
:101D300000000000401F03002B0002000108FFFF0D
:101D400005000000120004802C0004800108FFFF41
:101D500001000000142F00202D000E000308FFFFDB
:101D600003000000010500002E000A000108FFFF2B
:101D700000000000521F03002F0002000108FFFFB7
:101D80000500000012000580300005800108FFFFFB
:101D9000010000001C2F002031000E000308FFFF8F
:101DA000030000000106000032000A000108FFFFE6
:101DB00000000000A01F0300330002000108FFFF25
:101DC0000500000012000680340006800108FFFFB5
:101DD00001000000262F002035000E000308FFFF41
:101DE000030000000107000036000A000108FFFFA1
:101DF00000000000C81F0300370002000108FFFFB9
:101E00000500000012000780380007800108FFFF6E
:101E100001000000302F002039000E000308FFFFF2
:101E200003000000010800003A000A000108FFFF5B
:101E300000000000F61F03003B0002000108FFFF46
:101E400005000000120008803C0008800108FFFF28
:101E5000010000003A2F00203D000E000308FFFFA4
:101E600003000000010900003E000A000108FFFF16
:101E7000000000001C2003003F0002000108FFFFDB
:101E80000500000012000980400009800108FFFFE2
:101E900001000000422F002041000E000308FFFF58
:101EA00003000000010A000042000A000108FFFFD1
:101EB000000000003020030002000118020000189A
:101EC0000200000002000A180C0053696C69636F7D
:101ED0006E204C6162731000F22018C7322DC7AB20
:101EE000CF46F7FF709EB9BB1500496E6469636108
:101EF00074696F6E2064617461206172726179002F
:101F000017004E6F74696669636174696F6E20644F
:101F1000617461206172726179000F005472616EA8
:101F2000736D697373696F6E204F4E0011005468B2
:101F3000726F75676870757420726573756C740064
:101F40001000468BA35DD53A48F7E3BA814D9F0E4A
:101F50001EBA4B00436F6E6E656374696F6E2050DE
:101F60004859207374617475733A20307830313A6F
:101F7000314D20307830323A324D20307830343A9A
:101F8000436F646564203132356B2C2030783038F3
:101F90003A436F646564203530306B2050485900F7
:101FA0002600436F6E6E656374696F6E20696E7490
:101FB000657276616C2028696E20312E3235206D75
:101FC00073207374657073292B00526573706F6E84
:101FD000646572206C6174656E63792028696E2077
:101FE000636F6E6E656374696F6E20696E7465727F
:101FF00076616C732900240053757065727669737D
:10200000696F6E2074696D656F75742028696E2024
:102010003130206D73207374657073291100504442
:10202000552073697A6520696E2062797465730042
:1020300011004D54552073697A6520696E206279CC
:102040007465739FD40A705920D283514A43A631D4
:10205000B60961BEA4A939C5F5E09BA14DE3DED662
:102060003DB7471877C62BFE5F819106418ACDE1C7
:102070006B6BBE1B29CCA603B9EB9E0C400FB0279F
:1020800022F3ADD093591FDAABBE723927EB0F9311
:102090002BA80064C6F2FA98A613F454496C0AA659
:1020A000F5320AAEDD7258530E5F97F7E72B339285
:1020B0009B62FF6D057B72B3AD11A64C91502FF260
:1020C000C4E2670C1E6312F13626498C2639074A92
:1020D00036CC306EE8250F30786ED215D974D92FF2
:1020E000DF163800002801280328002A012A292A9F
:1020F000242A272A262A232A0129052A2A2B292BA2
:1021000002297377697463685F746F5F63656E74C7
:1021100072616C007377697463685F746F5F706578
:10212000726970686572616C007468726F75676857
:102130007075745F63656E7472616C007468726F41
:102140007567687075745F706572697068657261D3
:102150006C005468726F7567687075742050657292
:102160006970686572616C0073746F70007374617C
:10217000727400446174612073657474696E67736E
:102180000067657400506F776572207365747469B9
:102190006E6773004D6F6465005468726F75676891
:1021A0007075742043656E7472616C0063656E7443
:1021B00072616C5F6D6F64650063656E7472616CF3
:1021C0005F74785F706F7765720063656E747261BB
:1021D0006C5F646174610070687900416C6C6F774A
:1021E0006C697374206D616E6167656D656E7400F6
:1021F00061646400636C65617200436F6E6E656359
:1022000074696F6E2073657474696E6773005048EB
:10221000592073657474696E6773007363616E5FD0
:1022200073657400636F6E6E5F73657400537769D6
:1022300074636820746F207065726970686572617C
:102240006C0053776974636820746F2063656E74E3
:1022500072616C0052656164206461746120736511
:102260007474696E677300536574206461746120CF
:1022700073697A6573004D6178696D756D204D5491
:10228000552073697A651F496E6469636174696F6B
:102290006E207472616E736665722073697A651F51
:1022A0004E6F74696669636174696F6E20747261E0
:1022B0006E736665722073697A651F00526561648A
:1022C00020706F7765722073657474696E67730030
:1022D00053657420706F77657200506F7765722058
:1022E000696E2064426D1F456E61626C6520616499
:1022F00061707469766520706F77657220636F6EA8
:1023000074726F6C1F456E61626C652064656570E8
:1023100020736C6565701F00476574207472616E70
:10232000736D697373696F6E206D6F64652C2030F7
:102330003A436F6E74696E6F75732C20313A46693B
:102340007865642073697A652C20323A2046697872
:1023500065642074696D6500536574207472616EE4
:10236000736D697373696F6E206D6F6465004D6F77
:1023700064653A20303A436F6E74696E6F75732CE2
:1023800020313A46697865642073697A652C203279
:102390003A2046697865642074696D651F56616CE2
:1023A000756520746F207365742028696E206361E1
:1023B0007365206F662066697865642074696D6551
:1023C0002F73697A65291F005072696E74732063D8
:1023D000757272656E7420737461747573005374D2
:1023E00061727473207472616E736D697373696F57
:1023F0006E00547970653A20313A206E6F746966C8
:1024000069636174696F6E2C20323A20696E646969
:10241000636174696F6E1F0053746F707320747200
:10242000616E736D697373696F6E005265616420CC
:10243000616C6C6F776C697374207461626C650099
:10244000436C65617220616C6C6F776C69737400AA
:10245000416464206164647265737320746F2061E9
:102460006C6C6F776C69737400426C7565746F6F18
:102470007468206164647265737320696E202758E4
:10248000583A58583A58583A58583A58583A585862
:102490002720666F726D61741F005265616420634E
:1024A0006F6E6E656374696F6E2073657474696EA8
:1024B00067730053657420636F6E6E656374696F34
:1024C0006E2073657474696E6773004D696E696D13
:1024D000756D20636F6E6E656374696F6E20696ED3
:1024E00074657276616C2028696E20312E32352039
:1024F0006D73207374657073291F4D6178696D75F4
:102500006D20636F6E6E656374696F6E20696E74A3
:10251000657276616C2028696E20312E3235206D0F
:1025200073207374657073291F526573706F6E64C6
:102530006572206C6174656E63792028696E206312
:102540006F6E6E656374696F6E20696E7465727606
:10255000616C73291F5375706572766973696F6E4C
:102560002074696D656F75742028696E2031302084
:102570006D73207374657073291F00526561642048
:102580005048592073657474696E677320666F7262
:10259000207363616E20616E6420636F6E6E65638D
:1025A00074696F6E2C20313A314D20323A324D2011
:1025B000343A436F646564203132356B2C20383AED
:1025C000436F646564203530306B205048590053A8
:1025D000657420504859207573656420666F7220B9
:1025E00074686520636F6E6E656374696F6E2C200E
:1025F000313A314D20323A324D20343A436F6465DE
:1026000064203132356B2C20383A436F6465642086
:102610003530306B2050485900436F6E6E656374DF
:10262000696F6E205048591F0053657420504859F7
:10263000207573656420666F72207363616E6E69C6
:102640006E67005363616E205048592C20313A3137
:102650004D20343A436F646564205048592C20352E
:102660003A314D20616E6420436F6465641F0053EE
:10267000657420646174612073697A65004D6178C6
:10268000696D756D204D54552073697A651F00473B
:10269000657420726563657074696F6E206D6F6418
:1026A000652C20303A436F6E74696E6F75732C2001
:1026B000313A46697865642074696D652C20323A38
:1026C0002046697865642073697A650053657420D3
:1026D000726563657074696F6E206D6F6465004D1F
:1026E0006F64653A20303A436F6E74696E6F75732C
:1026F0002C20313A46697865642074696D652C2018
:10270000323A2046697865642073697A651F56619C
:102710006C756520746F207365742028696E206362
:10272000617365206F662066697865642074696DE1
:10273000652F73697A65291F005374617274732061
:1027400072656D6F7465207472616E736D697373F9
:10275000696F6E0053746F70732072656D6F74656E
:10276000207472616E736D697373696F6E0000001F
:1027700002210300502C030000000000142103007C
:10278000402C03000000000029210300542903000D
:10279000000000004C220300542903000100000047
:1027A0003C210300C427030000000000372203007F
:1027B000C42703000100000000000000000000002A
:1027C00000000000D427030052210300EC31030075
:1027D000FE00000068210300E02C03000000000060
:1027E000A4160300E02C0300010000006D2103008B
:1027F000D02C030000000000C9160300D02C0300F9
:1028000001000000D7230300C02C030000000000DB
:1028100083210300C02C0300010000006923030092
:1028200008290300000000001A140300082903000F
:1028300001000000D4220300BC28030000000000B7
:10284000C0160300BC28030001000000D2210300D1
:1028500070280300000000004514030070280300E6
:102860000100000000000000000000000000000067
:102870008028030073210300EC310300FE000000F8
:1028800020220300702C030000000000C916030082
:10289000702C03000100000081210300602C030064
:1028A0000000000041260300602C0300010000002E
:1028B000000000000000000000000000CC28030021
:1028C00085210300EC310300FE00000020220300FC
:1028D000902C030000000000C9160300902C030098
:1028E0000100000081210300802C03000000000093
:1028F00041260300802C03000100000000000000BE
:1029000000000000000000001829030094210300CB
:10291000EC310300FE00000020220300B02C030075
:1029200000000000C9160300B02C030001000000E5
:1029300081210300A02C03000000000041260300B9
:10294000A02C0300010000000000000000000000B7
:10295000000000006429030099210300EC3103000A
:10296000FE00000068210300F42D030000000000B9
:10297000A4160300F42D0300010000006D210300E4
:10298000E42D030000000000C9160300E42D03003D
:1029900001000000D7230300D42D03000000000035
:1029A00083210300D42D030001000000AC210300AB
:1029B000F42B0300000000001A140300F42B0300A2
:1029C00001000000B9210300A82B03000000000053
:1029D000C0160300A82B030001000000CA21030059
:1029E0005C2B030000000000451403005C2B030077
:1029F00001000000D7210300F82A030000000000B6
:102A0000D9210300F82A030001000000033103006C
:102A1000AC2A0300000000002D110300AC2A0300C3
:102A2000010000005F240300482A030000000000AA
:102A3000F4300300482A03000100000000000000F9
:102A40000000000000000000582A0300DB21030002
:102A5000EC310300FE000000F0210300102D030004
:102A600000000000D5210300102D0300010000002C
:102A7000F4210300002D0300000000002D110300CD
:102A8000002D03000100000081210300F02C030051
:102A90000000000041260300F02C030001000000AC
:102AA000000000000000000000000000BC2A03003D
:102AB000FA210300EC310300FE0000002022030095
:102AC000302D030000000000C9160300302D030064
:102AD0000100000081210300202D03000000000000
:102AE00041260300202D030001000000000000002B
:102AF0000000000000000000082B03000E2203006D
:102B0000EC310300FE0000001B220300642D0300D3
:102B100000000000C9160300642D0300010000003E
:102B200024220300542D0300000000002D11030097
:102B3000542D03000100000081210300442D0300F7
:102B40000000000041260300442D030001000000A6
:102B50000000000000000000000000006C2B0300DB
:102B600073210300EC310300FE000000202203006B
:102B7000842D030000000000C9160300842D03000B
:102B80000100000081210300742D030000000000FB
:102B900041260300742D0300010000000000000026
:102BA0000000000000000000B82B03008521030096
:102BB000EC310300FE00000020220300A42D0300DE
:102BC00000000000C9160300A42D0300010000004E
:102BD00081210300942D0300000000004126030022
:102BE000942D030001000000000000000000000020
:102BF00000000000042C030094210300EC310300CA
:102C0000FE00000020220300C42D0300000000008D
:102C1000C9160300C42D0300010000008121030038
:102C2000B42D03000000000041260300B42D030072
:102C30000100000000000000000000000000000093
:102C40004F4402002D220300EC310300FF0000007E
:102C50004944020042220300EC310300FF0000005F
:102C6000054D000054220300EC310300FF0000007A
:102C7000A14C00006722030076220300000000FF41
:102C80002D4C0000BC220300EC310300FF000000CB
:102C9000B94B0000D0220300DA220300040000FF39
:102CA000454B000018230300EC310300FF00000037
:102CB000E54A0000582303006E2303000002FF00D2
:102CC000F5490000C8230300EC310300FF000000B9
:102CD0009D490000DE230300F223030000FF0000F3
:102CE0004D49000018240300EC310300FF000000F0
:102CF000452600002B240300EC310300FF000000F8
:102D0000ED25000040240300EC310300FF0000002B
:102D10006D250000502403006924030006FF000015
:102D2000012500009A240300EC310300FF0000009D
:102D30008D240000B3240300CB240300020202020E
:102D4000FF0000002D2400007B250300EC31030070
:102D5000FF000000CD230000CF250300192603004B
:102D600000FF00007523000029260300432603000E
:102D700000FF00001523000054220300EC31030083
:102D8000FF000000B52200006F2603007D2603002F
:102D900000FF000041220000BC220300EC310300D0
:102DA000FF00000065210000D0220300DA220300AA
:102DB000040000FFF12000008F260300EC31030027
:102DC000FF00000091200000CC260300DF26030056
:102DD0000002FF00A11F0000C8230300EC31030024
:102DE000FF000000411F000039270300F223030009
:102DF00000FF0000F11E000054270300EC31030027
:102E0000FF434C4920696E7374616E636520657879
:102E1000616D706C650076636F6D000034170300A0
:102E20000000000000C2010000020000241703009F
:102E300000050006000800074A2F00203557000053
:102E4000A1220200F92202000B2302009B220200B1
:102E5000762F0020C55A00003F24020063240200A0
:102E600087240200A1240200433A2F557365727330
:102E70002F6A697368752F53696D706C6963697423
:102E80007953747564696F2F76365F776F726B73E1
:102E9000706163652F62745F736F635F7468726FD4
:102EA0007567687075745F6C6F675F73696E676C68
:102EB000655F42474D3232302F736C5F67617474C7
:102EC0005F736572766963655F6465766963655F84
:102ED000696E666F726D6174696F6E5F6F76657231
:102EE000726964652E6300736C5F676174745F73ED
:102EF0006572766963655F6465766963655F696E4F
:102F0000666F726D6174696F6E5F6F7665727269FC
:102F100064655F6F6E5F6576656E74004130324246
:102F20005244343331344131312E302E320020209E
:102F30002020202020202028282828282020202069
:102F40002020202020202020202020202020881029
:102F50001010101010101010101010101010040489
:102F60000404040404040404101010101010104190
:102F70004141414141010101010101010101010101
:102F80000101010101010101011010101010104296
:102F900042424242420202020202020202020202D1
:102FA00002020202020202020210101010200000AF
:102FB0000000000000000000000000000000000011
:102FC0000000000000000000000000000000000001
:102FD00000000000000000000000000000000000F1
:102FE00000000000000000000000000000000000E1
:102FF00000000000000000000000000000000000D1
:1030000000000000000000000000000000000000C0
:1030100000000000000000000000000000000000B0
:103020000000000000000000000000000000686CCC
:103030004C00232D302B2000656667454647003045
:10304000313233343536373839414243444546000E
:10305000303132333435363738396162636465660E
:1030600000412D46612D66383930313233343536E2
:10307000375D002B2D00303000785800733003008E
:1030800076300300793003002F7661722F6C69620D
:103090002F6A656E6B696E732F676974687562401D
:1030A000322F62676170695F70726F746F636F6CEB
:1030B0002F70726F746F636F6C2F6576656E742FEF
:1030C0007372632F736C695F62676170695F6576A5
:1030D000656E742E630062676275665F696E00627A
:1030E000676275665F6F75740062676275665F6EB2
:1030F0006F666C6F770062676275660061636C0073
:103100006C6C5F636F6E6E656374696F6E006C6C80
:103110005F6164765F736574006C6C5F76616C6987
:103120006461746F720062675F6D65737361676578
:1031300000736F66745F74696D65725F6D6573733C
:10314000616765006C6C5F6164765F73796E6300C4
:103150006C6C5F7363616E5F73796E63006761703F
:103160005F706572696F6469635F6164760067614F
:10317000705F706572696F6469635F73796E630015
:103180006C326361705F636F635F6368616E6E650D
:103190006C006D626564746C735F636F6E746578E8
:1031A00074000000F6300300FC300300003103001F
:1031B0000E310300193103002631030031310300C1
:1031C00044310300503103005D3103006E310300D0
:1031D000803103009231030062675F6D616C6C6F38
:1031E0006300FFFF01060601020312010000000157
:1031F00002020102070B131510801A801280800052
:10320000000101020102020304030101020404009F
:10321000F4010000FA0000009600000064000000C5
:103220004B000000320000001E00000014000000EF
:10323000000000005000400008005000240004007E
:103240009001500240009001AE0110000B070116E2
:103250000C00000108080000050108FFFF02FFFF45
:103260000808020204FF010022FFFF23080F0303E6
:1032700004040A0A030A2AFFFF1419191B011C156A
:10328000120400480C14040F0E0C080C080D181042
:103290000900000000000000000000000000000025
:1032A000A0030906A0870908A08809072005091AB4
:1032B000415A01002001090D955A01002004090519
:1032C000755A010020050903255A01002002090250
:1032D000F55901000A000000000000000000000095
:1032E00000000000A0010A05A0030A04A0080A03C8
:1032F000A0880A08A0060A01A003090020040A1BEE
:10330000E55C010020050A1AB95C010020050A19D4
:103310008D5C010020040A04595C010020060A1794
:10332000295C010020010A0B3D5D010020020A0A10
:10333000095D010000000D0003000200010005000E
:103340000049725314497207FF000102030405FF8C
:10335000145300724907CDF6000000FB349B5F80D8
:1033600000008000100000000000000003D70200F1
:10337000C7A8020093D8020065D8020001020C0021
:10338000000004000000080100020000000000002E
:103390000003000002000000000000000000000028
:1033A0000000000004000000000000000000000019
:1033B00000000000A0090402A00104015600000062
:1033C00000000000000000000000000005000000F8
:1033D000000000000000000000000000A013050035
:1033E000A01B0502A0880A07A0040903A005090282
:1033F000A00609010100000000000000000000001C
:1034000000000000A0010107A00001040204080060
:1034100006000000000000000000000000000000A6
:10342000A0030601A0090609A0020608A0050607D8
:10343000A0050606A0070605A0020604A0010610C6
:10344000A0080602A00D0600000004020503060104
:1034500007010108090A0000A0015C04A0005C0348
:10346000A0015C02A0035C01A0025C00A0020F09A5
:10347000A0030F04A0030F03A0050F02A0010F017A
:10348000A0050F00A0040108A00301060101020429
:1034900057000000000000000000000000000000D5
:1034A000200104029D8D01002001040AB58D010058
:1034B000200204054D8D010020020404318D01001D
:1034C000200C0403058D010020000401758D01000E
:1034D00020025602398E0100200256010D8E010095
:1034E00020065704A1990100200257037599010095
:1034F000200357005999010020010605A5960100F7
:103500002002060AE596010020010615E595010056
:1035100020030608C9960100200806043D96010014
:10352000200C0600B995010020000205918C0100D5
:1035300020000505958E010020020503698E01001B
:103540002004011719930100A01201000009007F57
:10355000843503000100000F643503006FC273243B
:1035600008070000E1FE56FF8DFFACFFC1FFCFFF53
:10357000DAFFE3FFEAFFF0FFF4FFF8FFFBFFFEFFD7
:10358000000003005200F2FEFF0064001E00000075
:103590007F00F80D7F24FDFF3300A80323D6FFFF33
:1035A0001B0041010A3700001100B900653B000013
:1035B0000B00720010350000070049002F2C00009E
:1035C00005003700312600000300140057150000E5
:1035D000E1A2010029A30100D5A2010035A3010049
:1035E0001DA30100A9E00200E7E0020009E10200DA
:1035F0002BE102004DE102003DB00100EDAF010002
:10360000F9AF0100E9B001004FE3020053DE020010
:1036100057DE02005BDE02005FDE020063DE0200B6
:1036200000000000B0010000100B0020000210009C
:10363000A8200020C00C0020E1FE00000200008055
:10364000FF7F00000080FF7F0C020000D1AD010071
:10365000B5AD0100D1E30100CDE60100FDE50100BB
:1036600020C001B8000000010000010100010101BB
:103670001F150F15150F151FFFFFFFFFFFFFFFFFA2
:10368000FFFFFFFFFFFFFFFFFFFFFFFFFFFFFFFF4A
:10369000FFFFFFFFFFFFFFFF00A801A802A8000037
:1036A00000B801B802B800B0B8660300E8660300CD
:1036B000D0660300006703001867030003040408D2
:1036C00008050000000000000000000000000000ED
:1036D000000000005241494C0000000020000000A2
:1036E000A910020010000000211002006034000048
:1036F000E00300004038000014000000343E0000E9
:1037000008000000682F0000F80400005438000092
:1037100004000000303E0000030000000000000034
:10372000682F000058380000010000003C3E0000F7
:103730003900000001000000303E0000292A00008E
:10374000412A0000412A0000412A0000412A0000CD
:10375000412A0000000000000000000000000000FE
:1037600000000000412A0000412A0000412A000018
:103770007D2E0000412A00008D2300009D230000C3
:10378000292400007F240000092500008126000074
:10379000292500002927000075250000C525000007
:1037A0004126000095280000652900005F230000E5
:1037B000CB2B000081200000E92B00005D2C0000D5
:1037C000412A00003D2D0000052D0000412A000087
:1037D000412A0000892D0000412A0000412A0000F2
:1037E000412A00008D100000831000009D10000091
:1037F000A7100000B11000008C488068000200D4BF
:10380000704780B580208002A8490860CF2000F072
:1038100045FA01BDF8B586480068864C80229203BF
:103820002260854E316809051DD5110BA023034088
:1038300001D0216017E002403FD180277F4A176006
:103840007F4A1760084038D0784D287A400705D560
:1038500001207C49086000027B4908602878002824
:1038600001D0062801DB0020F2BD00F051FB716899
:1038700089684E682978052907D1B905A1606E606D
:10388000B668CC218901704A116000F04AFB012E14
:1038900000DA0226BC208005854908609420800556
:1038A0008449086065480021C9430164714241644C
:1038B00081490F6040210160D5E7AE480160FFF704
:1038C0009BFF0120F2BD5A480168890504D5C06EEE
:1038D0000004000F022801D000207047012070472B
:1038E00038B580245548046000F012FB0500734889
:1038F000006800F05FF9280000F013FBFFF77CFF81
:103900004A48007A000705D5A0004A49086000F03F
:1039100004FC31BD600397490860AD48046031BDC7
:10392000FEB50500CC2080019349486001269348EC
:103930000660FFF7C8FF002877D03C4C20780028AD
:1039400073D031020195052802D02A460A406CD175
:10395000CC27BF01884A17609E4A126853075B0F45
:10396000022805D1022B5ED3080137490860F7BD54
:103970004D01032804D1022B55D933480560F7BD0A
:10398000042802D111404ED0F7BD05284BD1019833
:10399000002848D0C005C10F684641700198C00496
:1039A000C10F6846017000F0B3FA02906068694682
:1039B0004978002903D006688021214A11602C042F
:1039C000A7496A461278002A0CD0C2680B68D21A3E
:1039D000A44B1B68234001D0066800E0466896426D
:1039E00000DD1600684640786A461278024308D027
:1039F00008684242B01E824202DA7042886000E0EB
:103A00000026029800F08DFA0198800501D59648AD
:103A100004600198054001D094480460002E02D053
:103A200009480760F7BDFFF75BFFF7BD3C3E0000AC
:103A3000400002A8402002A8C43E00000CC001A81B
:103A400090E001A894D000A8505201A838B5802475
:103A500087480460012049490860864D2878052878
:103A600002D0600084490860FFF72DFF002812D0C3
:103A700012480068000A80214140A868000EC9B2BF
:103A8000814208D2534800684007400F022802D202
:103A9000FFF726FF31BD79480168C0220A4002D1F4
:103AA000C06F204001D00448046031BD1C1002A842
:103AB00008E001A808D001A894D001A818C000A867
:103AC000F1B582B00F008026B600A020384002D0A9
:103AD0006B4806604CE000F01BFA009069480468EF
:103AE000F80202D5A0680069029000F065FBB102FF
:103AF000606800F069F9217820000022491C4378B1
:103B00008B4200D2002118234B43C5180C352B786B
:103B1000082BF3DA0C000170856056482978017093
:103B20003E4007D0574909688968CA68F90201D43C
:103B300003218A43826001261046304003D100F001
:103B4000FCFB00F0CFFFF104686900F03DF93C2078
:103B500000F0A4F8E0B200F0A1F8009800F0E1F95C
:103B6000300547490860484806603002024908604D
:103B70000298FEBD401002A84C6201A894E000A883
:103B800010B542480068800501D4FE2010BDC02059
:103B900080033F49086000F0BBF93A4909688A7818
:103BA000D20702D589688C7800E00C7800F0B9F96A
:103BB000200010BD334909688A688B78DB0704D57B
:103BC000927818235A438A180C329060704700008C
:103BD000100002A8084001A8F1B582B02D4F3C6842
:103BE0000026200F000702D1E00102902AE000F039
:103BF00079FF00F08DF9019080210903606800F0E1
:103C0000E3F825786D1C6078A84200D20025E80012
:103C100020180C3000900068029080210903009861
:103C2000406800F0D1F83D2000F038F8E8B200F02C
:103C300035F825700098A060019800F072F902A88C
:103C400000F0B4FF14480068800407D5786901F0DB
:103C50006AFC02990818029000D502960298FEBDEF
:103C600048C001A8480002A8481002A8482002A89D
:103C700094E001A83C3E0000506201A814C001A8D5
:103C8000402002A8C83E000090E000A8400002A822
:103C9000401002A8CC3E0000FC0302A8414909687C
:103CA000002901D5404908607047F3B581B03F4F06
:103CB000B9683F4C4A004CD50125090100D52125A2
:103CC00001003C4A1068566822689206920E94469B
:103CD0003A689300802213406246134380225200C8
:103CE0001A4300920A0023D0890601D5012008E07A
:103CF000F021014007D16946097A0C220A4002D01E
:103D0000022000F03FF82C49096809040AD53968F7
:103D1000090701D5022605E03968490301D50026C7
:103D200000E003264835009A24490968890003E029
:103D3000009A2249C96909094023194011439A0090
:103D4000002E02D0164326660835216602432266FD
:103D50002566E06D4407640F00F0C4F8A0070BD09F
:103D6000052C09D0B868000406D400F0D1F802216F
:103D7000134A116000F0D5F800F0BDF8002000F003
:103D800001F8F7BD0B490A68F0239A43000110437C
:103D90000860C0B270478020C0020A4908607047BE
:103DA000000000004C0002A8884000A8440002A8BF
:103DB000284000A8643F0000384101A8084001A83D
:103DC0007CD40350485000A880B5664A116001F0C9
:103DD000D5FBFFF7E0FF01BDFEB500F099F80190BB
:103DE000102061490860002260480260022060499A
:103DF00008606048C0684005C30DD52B01D2D523AB
:103E000004E0D1204000834200D9030018000100E3
:103E1000594C0094843C246864011DD5574C247887
:103E2000022C03D2564E06277C4333530024009DB8
:103E30002D7CE540ED070CD5524D06266643AD19A5
:103E4000AD888FB2BD4200D2290086B2AE4200D208
:103E50002800641C022CEAD389B2463109044A4C7A
:103E60000C404638C005C00D204342490860C020C0
:103E70000006464908604048017D00290CD04449AD
:103E8000D52B02D98024E4050C60D1246400A34220
:103E900002D2802424060C6010213E4C21603E4951
:103EA0000A604188002900D10380019800F039F8A8
:103EB000F7BD80B539483A4908603A48C1680902F7
:103EC000090A19225143416005210160FFF784FF6F
:103ED00001BD34480068C00300D4704780B5FFF7C7
:103EE0007BFF01BD8020C0021E4908602E4800688B
:103EF0004007FBD470478020C0022C4908607047FF
:103F000001E02B4908602B4909680140F9D170474D
:103F1000294800682021294A11601021284A11608F
:103F200070473021014002D11020244908607047B9
:103F30002148006830210140102901D1012070473B
:103F4000002070471F4800780621014007D01E4816
:103F50000068022803D0032801D001207047002008
:103F600070470000401002A8F41302A8048002A8C1
:103F7000409002A87C400050703F00005C3E000072
:103F8000643E0000603E00000000FF01A0600050A1
:103F9000A4500050F42302A818E000E07F1A0601A4
:103FA000500002A810E000E0400002A8402002A853
:103FB000282002A8280002A85C0002A85C2002A811
:103FC0005C1002A8B83E0000683F0000FEB55548EE
:103FD0008021490281610221534A51600021534AE4
:103FE0001160534A118003214F4A11600221016080
:103FF00020205049086080204F490860CC20800173
:104000004E49086001204E4908604848806F019081
:104010000F26000B304000904A480068C505ED0DA2
:10402000103DC0202843C0B2FFF738FE3F4800696A
:1040300080030BD50098092808D0FFF783FF0028DC
:1040400002D041480068804701F0EEF83F4804681C
:10405000032D43D0019806400196032E04D0022E72
:1040600007D10098032839D000F0FEF90198032801
:1040700004D00098062831D1062D2FD0344800688E
:104080000127C00B384001D001F096FB3148006891
:10409000000108D5052D06D101252F4807606805C8
:1040A000FFF72EFF00E000252100009800F0DEF968
:1040B00004002A4E002D05D000F09EFB3760022040
:1040C0002749086078057065800926490860FFF770
:1040D00039FF002802D02448006880471248802118
:1040E0004902C1610099002908D1022141600020E4
:1040F0000E490861C020C0001C4908602000FEBDB8
:1041000080B5FFF7EFFE1A480078800602D402203F
:1041100018490860FFF7EFFE01BD0220164908604C
:10412000704700002C1002A8282002A8340002A822
:10413000703E000094E001A80CC001A8506201A8E4
:1041400094E000A804ED00E050380000B44000A85E
:1041500000E200E0EC3E0000645000A8646000A8AB
:104160002C4000A880E200E04C3800002C6001A840
:10417000C43E0000081002A8082002A87B4800687E
:10418000800700D4704730B581480421904A01234C
:10419000E024E4008568254002D01360D160D3603C
:1041A0000068044002D013605160536030BD8948FC
:1041B000012181600160704710B5012075498A684E
:1041C0000240FCD1844A0423D3600C680440FCD133
:1041D0005360106010BD814908680122104200D16F
:1041E000704710B5E023DB000340FF24A41CA3426A
:1041F00004D37B4B1B689B0600D54868024001D066
:1042000000F0B6F810BDFEB50700C820754908607B
:10421000062075490860802040037449086074488E
:104220000168744A0A408021090111430160724CFF
:10423000C020C00020600225A56168036F490860A6
:104240006F4E7048F0664C206F49C86638686F49F9
:104250008968814201D2009100E000900099401AE3
:1042600038600121380000F06AFB0190386800993D
:1042700040183860FFF782FF6348006863490860B0
:1042800063480168490601D5624900E06249316727
:104290000199002908D10321E161006830680540D7
:1042A00002D08020800220610198FEBDF1B55B4CF8
:1042B0008020C00120605A4D0126AE62594F3E60F9
:1042C0001D20286056206866072001F01FFB022091
:1042D00028600621296654490968002902D408216A
:1042E0002966696651492965C021C900504A12688A
:1042F000F823DB01134001D1A96700E07961E16B8C
:10430000314008D0216BC90705D44A4909680840E3
:1043100001D101F003FB484848490860206B064082
:1043200001D1FFF72BFF009801F0DEFA206B80012E
:10433000FCD4206A42490860F1BD30B53748414B92
:104340000121026B0A4001D15961D9603E4A3F4CBC
:104350005466364C146503241C600023CD4D2B603D
:1043600014609162C903016030BD00004C0002A8D6
:10437000F0210901364A11600140364801602020D1
:1043800035490860354909680840C84908607047E0
:104390006C0102A8700102A880B531480821314A99
:1043A00013680B4001D0016141611178C90602D543
:1043B000862109010160FFF70EFF1420B64908604D
:1043C000BB480168490701D0FF21416101BD0000E0
:1043D000681102A86C2102A8682102A8743F00009D
:1043E000400002A8548001A80C9001A8942002A8C3
:1043F000680102A8FFF1FFFF441102A8A01002A863
:10440000E40002A8294E0600300002A8A03F0000E8
:10441000FC0302A8CC3F0000C43F0000100002A82B
:10442000E01002A8442102A828C000A80C1E000029
:10443000A88001A8443E0000FFFF7F7FB46000A871
:104440009C3F0000602102A8E02002A85E06000058
:104450002C6001A82C5001A8442002A8084001A803
:10446000301102A8F84F000070470000F8B586B080
:1044700005000C008F48866AFFF74AFD0590B005DD
:1044800003D58D480068FFF795FB002001900122BD
:104490007306DB0F89498F688860B8204000884E1A
:1044A00030606608B82030400978F0260E40402E73
:1044B00002D10100402008430D2D02D1390004270C
:1044C0000F43790704D501001420084310218C43C1
:1044D0007C4909686D462A70049305007A4EC80528
:1044E00006D5802040007949086028000125054351
:1044F0000498002811D10C20284008280DD028004D
:104500006C49496BCA0601D410229043890601D434
:1045100020218843B121014068D0684600780028F6
:1045200066D0B26BB06D012101235207520F921D6C
:104530009340C004C00C181A80B2082809D2802504
:1045400006205C4A10600804A14A106000206A46F8
:104550001070812028404ED00820049A002A00D1F3
:1045600030623A0008271743102084430420039048
:104570000005A54A106040089E4A1060A3480160EB
:1045800068460078002833D0039806283AD3A0481C
:10459000806BC00636D59F480068000E01909C488D
:1045A000006880B202909B48006A000604D002981E
:1045B0008021490101430291FFF7C4FC00280AD081
:1045C000FB2080010078C00605D002988021C90137
:1045D000014389B202910298306102980012306161
:1045E00038480168C80500D579E70BE0082030623B
:1045F0000094049733E000BF9AA06906C90E405C9E
:104600000390BDE70094049703982A49CB6A814A36
:10461000126834686F463C8128241C400443980C7F
:10462000C00120431C001B0E2340102423400343E1
:10463000900040221040184302AA9070086B000AB4
:1046400002A9C870FFF79CFA02A908710198487185
:1046500071480068C8800298F0660398F066059873
:10466000FFF75FFC08240098400601D56648846087
:10467000FFF768FC002805D068480078002801D0C2
:10468000674804600498C1B2E8B2FFF70EFB0098D7
:1046900007B0F0BD400102A86C3F0000081A03D229
:1046A000604909684018401C70470000441002A887
:1046B0000C4000A8180002A81CC000A8643F00001D
:1046C000B46000A81C0100AA540000AA1C2100AA82
:1046D000F8B5554F0F240125544910265448406B16
:1046E00030401BD001200870524800687969FFF7FC
:1046F000D5FF51490968401801285DDB01F0BAF97E
:104700004E490968090B0C40022C53D169054C4AEB
:1047100011604C49CE6346490D604BE02E0244487F
:10472000C06BC0001ED548480068E02189050140E3
:1047300042D0424D286821030140700181423BD1A3
:10474000FFF7E6FB414A42490968314002D041493E
:10475000096811602968090B21400229F3D0FFF78D
:10476000E0FBF1BD3C480068002825D00D7001F049
:10477000BBF8002820D101F07DF930490968090B08
:104780002140022916D12F4A116069023960284957
:104790000E602A4A1168090B21400229FAD01168DB
:1047A000090B0C40032C02D02904254A116000217A
:1047B000294A116001F062F9F1BD80208004274987
:1047C000086070478020400424490860704700005A
:1047D000141100AA8020C00420490860704780207E
:1047E00000051E4908607047802040051B4908608D
:1047F00070470000205001A819480168490701D0FE
:10480000FF21416170470000401002A8006101A82B
:104810001C4000A8084001A8448001A858380000A6
:10482000845000A838C001A80CC001A8733E000045
:10483000100002A81CC101A8DC3E0000AC0002A8C8
:104840001C1002A8082002A8204001A8800000AA8D
:10485000084000A8904000A8483E0000382002A868
:104860000C4000A803010706030107060501060620
:1048700005010606030207060302070605020606EF
:1048800005020606FF2808D0032806D2FE2189016A
:104890000978C140C807C00F70470020704700006A
:1048A000F0B5802000020821A44A11600A230121EA
:1048B000A34A01249C400443B6A5ED5C25439560C2
:1048C000F025A04E35609D4DB5A6F65C0227374316
:1048D0002F6004262E609C4D2D680D4006D1CD0220
:1048E0006D1E03D0966C3603FAD401E00220F0BDB1
:1048F000956CD66C6D036D0BAE4200D220005B1E32
:10490000D7D508238F4C23609060904B1B685B01C8
:1049100013D58F4C63785D1C01262E4066701D00F8
:104920000626754365191268AA80E8802370FE2068
:10493000800102789940114301700020F0BDF1B56B
:1049400082B0FFF734FC002480480068400102D4A4
:10495000012001901DE07F48826B00207C49C3B29A
:1049600006256B43CB189B8895B2AB4204D0401C04
:10497000C3B2022BF3D3FF200870012001907348CB
:104980000068400105D50878FFF77CFF002800D0BB
:1049900001947148006871498861714D02980068FE
:1049A000296D4618002E15DD00F071FD2860C0014C
:1049B000301A00280EDDFFF7FFFB00F093F8029895
:1049C0000068296D401800F08FFF050002D00298A2
:1049D000046085E0634E8020800030605F4A10688C
:1049E00007282ED005210840052805D011600C208D
:1049F00000F08CFF050073D15B4D5C482862FFF727
:104A0000DBFB02202860E020C00259490860000258
:104A10005849486080208004706002203060012086
:104A200000F074FF802040002862022000F06EFF3A
:104A3000902040012862022000F068FF8020C00022
:104A400028624D4EE02040003060042000F05EFF00
:104A500005003CD10220474908608002B062C001D5
:104A6000B06210203B4908600127F76540264348A3
:104A7000006830401BD135480068400113D53448E8
:104A800000786946087068460078FFF7FBFE00284A
:104A900009D02F4869460978062251434018C0883A
:104AA0002C49086403E0FFF7FBFE05000FD12948FD
:104AB0000760C467022000F029FF314C2660B00077
:104AC0002060022000F022FF8120C002A062019835
:104AD000002805D029480068800101D4FFF7F9F9C2
:104AE0002800FEBD70B5FFF762FBFFF765FB0226ED
:104AF00018480660234DF0022862C4082C62012089
:104B000000F004FF600828622E601F482862E02041
:104B100040001B490860174D2E60FFF7E3F91B4E5C
:104B20003078002800D005200C490860FFF7E3F931
:104B30002C6017480068B06370BD0000889001A821
:104B4000448001A888A001A8140002A8EC3E00003F
:104B50005C3E00000C8001A8F80302A83C0102A8FA
:104B60008C3F0000941002A83C1102A8BD08000070
:104B7000142102A8942002A82C9001A84C0002A89D
:104B80002CA001A83C2102A8FD6800005C3F0000A9
:104B9000300002A8000000010102040810202000DB
:104BA000505050404040403020202000F8B50400D4
:104BB000FFF702FB2948C021C900294A1268F823DF
:104BC000DB01134002D1274A116000E0016000942C
:104BD0002549AC2252008A640A220A6023498022B5
:104BE00052030A60224C626A224B13408022D20098
:104BF0001A43626280222260022242605003C8602F
:104C00001D48E0601D4E4C20F0661D4D68699621E0
:104C1000C901471800980068874200D30700C01BED
:104C20000099086000210098FFF789FE0099096843
:104C3000C919009A1160316829601249096849064A
:104C400001D5114900E011492161F2BD8020000128
:104C50000F49086000010F4908607047582102A8F9
:104C6000AC8001A8581102A80C8001A8941002A8D9
:104C7000440102A8FFF1FFFF286E0600300002A8E1
:104C8000903F0000FC0302A8CC3F0000C43F00009E
:104C9000401002A8685000A8F1B584B0B44800687C
:104CA0000390B448406B9621C9014018049988428A
:104CB00005D2081A00F018FE002800D013E2AE4C0E
:104CC0006068C00700D50EE20420AC49886280030A
:104CD000AB494862AB480568606B8607B60F032E88
:104CE00003D01020A549886224E00846802189026B
:104CF0004162A16B890601D5012062E0290610D529
:104D0000A26B02210A400CD19F4A05231360A36BBA
:104D100010273B401943116000211160616B090AA3
:104D2000116004218162A06B002803D5C803934958
:104D300048620026606B400705D5606BC00080218B
:104D40004900084003E08B488068C10701D5FFF7A0
:104D50000FFB0122154008D0B748B1014018006A86
:104D6000C004C00C401EB549086000200021B44BAF
:104D7000DB6E1B0417D5B34B1B68002B13D401212A
:104D8000AE4B5B69002B0ED0AF4B1A70AF4A106070
:104D90001022AF4B1A60CA06AE4B9A670723AD4D7F
:104DA0002B60AB4B5A65AC4AC0239B0013603502A5
:104DB000002901D0190000E02900CC4E3160536079
:104DC0007560E16B942292050A40150000D0012520
:104DD00080263602284300062CD06A482821405CF1
:104DE000C0210140402902D1FFF78AF901E0FFF715
:104DF00094F9202020602D0600D174E1944D606B61
:104E0000400708D570085E4948620220686000F0DB
:104E100059FA002806D004205849886240025849AF
:104E200048626E6057480078000600D45BE13001AC
:104E30005249FEE00125606828405AD1AC4800681C
:104E4000C005400F022803D0032801D0062802D154
:104E500069464D7005E0002069464870A548A6499E
:104E60004860680446498862FFF73CF87348406E22
:104E7000E16B0E4008D1C00606D5FFF749F80221C4
:104E80009E4A1160FFF74DF8FFF735F828032060C0
:104E90009B4EC02000067060280497490860606B34
:104EA0004007C10F684601703020039949072CD58F
:104EB0004021A24A1162904F490139660321916451
:104EC0000021116030607D6580207060062000F058
:104ED0001DFD00280DD12802F866022000F016FD05
:104EE00028029749886618207060082000F00EFD9F
:104EF000002800D0F7E024207060E020C002904934
:104F0000C865A020C00238666FE0E16BC90246D5D3
:104F1000BE4949680902090E01914909022901DBCC
:104F2000884A01E0B32292000199302937D3114910
:104F30000B88E72B33D395277F00BB4205D8FB1A9C
:104F40001B095A43920A534204E07F4FDB191B09A5
:104F50005A43930A5BB2019AD2184F6BBC460F6C4E
:104F60007B436746FB184B639F2A0FD39F2210E0B9
:104F7000FC0302A8703F0000100002A81C2002A839
:104F80001C1002A8C43E0000E40000AA202A00D899
:104F900021221102114312040A4329490A60674978
:104FA000AA020A629A4A8A6414220A603060524F46
:104FB0007D65E020C0026249C865A803B86640026A
:104FC0007060062000F0A2FC002833D12D06FD669B
:104FD000022000F09BFC5A48856668097060082032
:104FE00000F094FC002825D17560032000F08EFCB1
:104FF00088481849886700F04AFA874D401DC0016B
:10500000696B401801908548406F8021C9010840B4
:1050100002900846824908600198049988421FD28C
:105020000846696B401A00F05FFC002816D0029811
:105030007C49086057E000BF0C0000AA204000A88F
:10504000CC4001A8784201A8723E00006C3E0000EE
:10505000645000A83C6000A8046100A80498019076
:10506000206A286304270398384001D0402002E0DA
:10507000F8057060C0087060012000F047FCB801BE
:105080001D490860019800F02FFC8A4E68460078A0
:10509000002805D161480068F0613805864908603C
:1050A000029860490860854885490860244879026B
:1050B000416669464978002900D10760206AA862E4
:1050C00068460078002808D0012000F01FFC3078E6
:1050D000000602D5780492490860E06BC00202D550
:1050E0004A480068686305B0F0BD00BF045100A8DD
:1050F000204001A8040000FFB41002A87CE4035083
:10510000441102A810B5FEF703FF864900240C6085
:105110000A22CA61FEF705FF8348C02189020160A7
:1051200082494160824810210160C90541654020E3
:10513000804908608048047010BD0000400102A84A
:10514000B82002A833070000D6FEFFFF7B48406B63
:10515000800300D47047F8B5794804680027002020
:1051600000257849E20706D5C02080028025ED039E
:10517000EA0A0A6003E0A20701D40320402528437D
:10518000C862012000F0C2FB802040006E49086721
:1051900008206E4908606E490968090203D46D4908
:1051A00009680140FBD0012000F0B0FB6A4EE00727
:1051B00002D58020800430643564042000F0A6FB12
:1051C000600702D5E020C002F0606448306401202E
:1051D00000F09CFB62483064C320000630645A48EB
:1051E0008021490201671021B163890271615D4923
:1051F0000F60012232603022F2638F6280218901C8
:105200004E4A116009010160F1BD0000F83F000045
:10521000F3070000FFFF7F7F703F000020C001A860
:1052200094E001A894D001A8F8B54F4800680D2774
:1052300007400424002F00D104274C4810256603A2
:1052400008214B4A4B4B1B682340126814D0426024
:10525000394004D00220FEF795FD474806603C40E7
:1052600007D046480068054344480560B0084249F5
:1052700008600220424915E00260394005D0022052
:10528000FEF780FDA0023C4908603C4006D03B4848
:1052900001680D43056070093749086038480660A9
:1052A000300329490860FFF751FF00210020FEF775
:1052B000FCFCF1BDC43E00001C1002A8030003006A
:1052C000482102A810B580202E490A6802400AD061
:1052D0002D4B1A680624144005D15C6E2B4A2240DF
:1052E0001B6D9C0101D5002010BD096808400DD040
:1052F0002748824203D1180501D5012010BD254859
:105300000068C107C90F481E8041C00F10BD224868
:105310000321C163A821816310210160704700004F
:105320001C2002A8D80000AA402002A80400008087
:10533000646000A82C4000A8723E0000100002A883
:10534000FC0302A81C1102A8442002A84C6201A878
:10535000C44001A84C4201A8082102A82400000171
:1053600098008800600102A8B44000A8E43E000054
:105370001CC101A8440002A8401002A8643F00001C
:10538000685000A8400002A814C001A81F1F000018
:10539000010C000030C101A8082002A86C48006878
:1053A0000121084209D16B4A12686B4B000C18406E
:1053B000F03291400B40984201D00220704700200B
:1053C0007047F8B507000F386A461080604CA06837
:1053D0000A0004D16B461B8882B29A423AD200225C
:1053E0006B461A80012502263A0013D0226832400B
:1053F00007D000292ED059480088401C5749088002
:1054000000203900E16056490E6080B2B84201D3F5
:1054100069460D805348456000E030BF2068304049
:1054200003D1FFF7BBFF0028F7D04D484560390096
:1054300010D02168314005D048490A886B461B8846
:10544000D2180A8006600020E060A068B84201D24D
:1054500044480660FFF7A2FFF2BD38B5050000F032
:1054600009FB0400012199204543A8093E4A12681E
:105470008018123880B2FFF7A4FF05008020C00119
:105480003A490860200000F0F9FA280032BD33489C
:1054900003883549096802889342F9D11004081835
:1054A0007047FEB51238070C6946088000F0E2FA32
:1054B0000190274C294D2888B8421ADA01202C493E
:1054C0000860274E30BF02202168014006D03060BE
:1054D0004003264908602888401C2880FFF75EFFAB
:1054E000002802D12988B942ECDB01217160002833
:1054F0000DD12888B8420AD1A06869460988884237
:1055000005D2002168460088FFF75BFF01E0FFF746
:1055100045FF04008020C00114490860019800F094
:10552000ADFA2000FEBD10B512490A680E4B1B688B
:105530000C689442FAD0DB014033141A02D2886915
:105540002418641C0C4800684443181B10BD00005C
:10555000280002A804ED00E0FF3F0000703E0000BC
:10556000282002A8281002A8300002A880E200E04B
:105570002C1002A820C001A8B43F0000F0B502E042
:105580000A601C602E607EC84F1C07D05F1C04D0D0
:105590006F1CF5D10A601C60F0BD0A60F0BD000010
:1055A00080B5FEF7EFFB01207F49086001BD80B5A3
:1055B000EB2000F001F801BD30B57C490B681840C4
:1055C0001022134210D07A4B7A4C2468224008D023
:1055D000A84A14682402FF252D022540DD6200241C
:1055E0001460802252031A60086030BDF3B50100D8
:1055F00016001C00002500959F48019A33000027E3
:105600000BE0BC464F5D4743AE009E597E40575D60
:1056100047433740664637436D1CA542F1D33909ED
:1056200039438A080A43510811430840C10901431C
:105630000F208A0B0A4302405040F6BDF1B582B0FC
:105640000E0000208B4908608C4DEF7AA87A0190FB
:105650000F21394000910ED00B46894A89490298A2
:10566000FFF7C4FF01990140824801608648414329
:105670008648084001D1012400E04401380915D0D2
:1056800032003B0929000298009E6D7A7519401975
:10569000FFF7ACFF019909110140764802680B0140
:1056A00013430360002901D0480044437848006850
:1056B000204001D10420FEBD0020FEBD80B50A00BF
:1056C00000211180734952888018FFF7B7FF02BD8F
:1056D00070B50F22704B5C7905780F202040C540D3
:1056E0002009284001259C79C4402C4001D1032089
:1056F00070BD304C2468254005D09D684600AD5BE8
:105700006D1E664E3560DD78DE79C640F00711D536
:10571000E0060FD5002D0DD061484860088848800C
:1057200008881C7800192A4080185A7880182A099D
:10573000801800E000200880002070BD80B5594826
:105740000168594A0820014201D050611061C90620
:1057500002D58621090111605449554A1268120484
:105760000CD5544A1268530401D5C00305E0C02388
:105770009B0113404202934200D008600D4800781C
:10578000C022024002D18020400508604A480068DB
:1057900020221040086049480068C00101D4FFF78A
:1057A00006FF01BD000000002C4000A86C3F000077
:1057B0001C1002A8C43E0000F8B5414F38687E684E
:1057C000064040483040404908608024A4033F4DD3
:1057D000F00227D53E48016801200A0605D53D495B
:1057E0000968A9602870022014E0014202D03A49F9
:1057F000A9600FE00020C9060CD52949A960374AE5
:1058000091780B071B0F12789A1809095118A98073
:10581000E880A888A880A888002801D0264301E055
:10582000FFF7C5FE264023D0274E74603460A88859
:1058300000280BD0F969814208D3291D2848AA689D
:1058400090470100F3D0FFF7ABFEF1BD01000CD093
:10585000FC218902B161234902038A6134604C60F2
:10586000FA69824204D30C60F1BDEB20FFF7A4FE7D
:10587000F1BD00004C3E0000010101013C3F000071
:10588000F43E0000343F00001111000021840000AC
:10589000F03E0000143F0000443F0000204000A8FC
:1058A000851F0000F84F0000302102A8441002A814
:1058B000384101A8204201A8084001A8CC4000A816
:1058C000B44000A8FFFFDFFFB46000A8503E000016
:1058D000C43E000054380000991F0000453F0000FE
:1058E000D44000A8B45000A810B5C409FFF7CFFDFC
:1058F000201A312806DAC000183801D4C01EFDD5A0
:10590000002010BD2000FFF7CCFD10BDC32148438F
:105910006F3801D41E38FDD500207047FEB5C02079
:10592000C0043649086036483649C86510243648F0
:1059300004601020FFF7EAFF00285ED1FF20000579
:105940003249086032483349086033482D490860BD
:1059500025042E480560314807680820FFF7D6FF68
:1059600000284AD108262E4806600120FFF7CEFF06
:105970002A48806802902B4806602B48214908601D
:10598000224805600820FFF7C1FF002835D12448D0
:1059900006600120FFF7BAFF204DA868019021485A
:1059A0000660184E214830600299019800F046F8D0
:1059B0000104FC208003084000900298C10B01986C
:1059C000C00B00F03BF80006FC218905014000985F
:1059D000014317480A0C4240FF239B1CD218104079
:1059E000084330602F60E003084908602868286099
:1059F00010480460104981640020FEBD20E000A82A
:105A0000F71700002C0102A8401102A8B02002A83C
:105A10000000380EB01002A810103030E04001A88D
:105A2000E05001A8E06001A83030101020202020B4
:105A30003F3F0000402102A8F7FFF00010B54904E5
:105A4000CA104004C310991A00209A18D30F9A184C
:105A5000521052188B115B0E5B18DB11D2182023E9
:105A6000541A01D422001843CC0F611849105B0866
:105A7000F6D110BDEFF3108072B67047002800D148
:105A800062B6704780B5FEF75DFA002802D0B748CD
:105A90000068804701BD80B5FEF798FAC0480068ED
:105AA00000030AD4FEF7E0FCFFF750FBFEF745FCCD
:105AB0000120FFF727FBFFF715F880208005FEF790
:105AC0001FFA01BD80B5FEF781FA80204002FEF783
:105AD00017FA01BDF8B5FEF705FA052083490860FD
:105AE000FEF709FA824806680124264201D1FEF732
:105AF0005EFBFEF76BFA7F48016800917E4A4068C2
:105B00001060B105C80F002126420FD00091984BBC
:105B10005D6815601D68974A17687B1BBD4202D3FC
:105B20009769DB195B1C9F4FBB42F5D39E4D2960E3
:105B3000002804D031000098FDF7C2FF00902868CB
:105B4000204004D16846FEF75EFB002802D1009891
:105B5000FEF7ACFBB44804606004FEF7D1F9F1BD78
:105B600038B5924CE06BC00506D580200006206059
:105B700000BF00BF40082060FEF70EFC8C480068A4
:105B8000C021090181438B480160FEF71FFAFDF730
:105B900041FE0500A548A6490860FFF773FF802075
:105BA000C002FEF7ADF9002D01D080202060012059
:105BB000A049087031BDF8B59F4800689F49096841
:105BC00001409F480160FEF701FAFB27BF012C202E
:105BD000385C0521014002D0FEF792FA01E0FEF7A1
:105BE0009CFA724C0225F86A284001D001202060FE
:105BF0001020C043934908600026A66392480660BF
:105C0000FEF7A0F9002803D090480068804700E024
:105C10003E60FEF767F98E480068E16B090407D41F
:105C2000000705D5FEF774F98A490D60FEF779F98A
:105C3000FEF761F9FFF782FDA804FEF761F9F1BDF7
:105C400080B5FEF7C3F956480068000303D4FEF799
:105C500074FBFEF747FF80204003FEF751F901BDBA
:105C600038B5FEF7B3F9514C2025FFF72BFB002880
:105C700006D0206B000704D5FFF749FBFEF7E6FFCF
:105C80002560FEF75AFBFEF72DFF734800780C21C4
:105C90000140042902D1FEF733FA01E0FEF73DFA94
:105CA0006804FEF72DF94020206031BD1CB5FEF7D9
:105CB00019F905200D490860FEF71DF9FEF786F970
:105CC000FFF725FBBC48006800906846FEF76EFFB2
:105CD0000400FFF7D7FE002C02D10098FEF7DCFF8E
:105CE00080204004FEF70CF913BD00003C1102A80F
:105CF000400002A8B83F0000483E0000F8B5FEF79B
:105D000065F9564C256A5020284002D0FEF7F8F974
:105D100001E0FEF702FA254FFFF7D4FA00281BD165
:105D2000786B40071DD4386BE0214901014018D140
:105D3000A80611D4FEF7D6F8256AA04E354207D042
:105D4000FF20C0432D182562802000059C49086073
:105D5000FEF7D1F82E4002D00120386001E000208B
:105D6000206080208004FEF7CBF8F1BD44380000AD
:105D7000D03E000020C001A880B5FEF727F9914869
:105D80000068400601D5FEF7D8FA0120FFF7BAF9FE
:105D9000FEF7A8FE8020C004FEF7B2F801BD0000A7
:105DA0000C0002A801FF0000443E0000100002A801
:105DB0000C4201A8086201A810B527480468FEF744
:105DC00005F981490968090328D40321C00601D5D2
:105DD000214001E0A0080140012902D1FEF790F91D
:105DE0000BE0200107D50E20FFF7DAFBA7480421BE
:105DF000016008210160FEF790F9A54C2069A549D2
:105E00000860FFF73FFE2068002807D040001228F6
:105E100002D2FFF77BFD01E0FFF71FFB802080032C
:105E2000FEF76EF810BD0000402002A870012000AF
:105E3000B46000A8733E0000084201A8883F00003B
:105E40000C5201A8442002A84C3E00004838000033
:105E5000844000A87CE40350EC3E0000CC3E0000EF
:105E6000F8B584B001266846067000270297FEF751
:105E7000ADF80390544C2068000300D596E0032051
:105E8000A649C86384480068A54D0F210F2202402F
:105E9000032A03D0000B014006294DD1A148006818
:105EA000A149CE6DE16B890701D59F490E6EFFF7C1
:105EB0003AFB8619FEF746F800280ED02879C1066D
:105EC0000BD02868090D4143890B7618964909685B
:105ED000002902D10002400C3618002E01D501978E
:105EE00000E00196606B0107C80F03212A6B0A408E
:105EF000022A1BD1039AD20618D5AA68D30513D556
:105F0000A66B8A4B1E409E4203D11021834AD16367
:105F10000CE092050AD4E26B2823134006D16B46AD
:105F20001F70274A116001E06A46177002906846A8
:105F30000678002E03D10FE07B48806D0190FFF7BB
:105F4000C1F9002808D0FFF7E2F90298002802D032
:105F5000FEF77CFE00E00026022070490860002E5B
:105F600010D03020285C0C210140042902D0A06B05
:105F7000C00602D5FEF7C4F801E0FEF7CEF82020F7
:105F8000606013E0FEF7D9F9802000060C49086034
:105F900067486849086001A8FEF708FE0400FFF79B
:105FA00071FD002C02D10198FEF776FE80200004DE
:105FB000FDF7A6FF05B0F0BDCC3F000000FFFF00DD
:105FC000441002A8440102A80C0002A8FEB5002457
:105FD0000194FDF7FBFFFFF755FD574EF06E574D4F
:105FE0000007000F072807D17068002804D400209C
:105FF000FFF788F8286841E001210320504A7368C0
:106000005B070BD44F4B1B680B4007D01368DF05B1
:106010000BD55B0502D43368DB0503D40191916A8B
:10602000890904E01021484B1960916A0909084068
:1060300000900020FFF766F80098002805D17068EE
:10604000C00602D4FEF769F801E0FEF759F8002017
:106050000199002903D13D480068FFF764FA696996
:10606000401801D5009400E000906846FEF7CBF898
:10607000002805D10098FEF719F9A86905490860BC
:1060800080200005FDF73CFFF7BD000080E200E046
:10609000AC3F0000483E0000AC0002A8F8B5FDF798
:1060A00095FF002400252A48066B80277F053006CF
:1060B00006D5300709D5FFF72AF9FEF7C7FD29E015
:1060C000012520480068284019D00020FFF71AF861
:1060D0000220064002D01F490C60C8611E480468B7
:1060E000002D03D02000FDF777FD0400FFF70FF926
:1060F0002000FEF7D1FD3800FDF702FFF1BD174883
:106100000078C0210140402902D1FDF7F9FF01E0EC
:10611000FEF703F820200E490860ECE7082002A8EB
:10612000BC3E00000CC101A8683F00001000001038
:10613000FFFF7F7FB46000A8400002A8BC3F0000C2
:10614000C43E0000B44000A8441002A81CC101A82D
:10615000100002A8180000AAD83F0000EC3E000082
:1061600000F03CF802480349486000F052F800BFD4
:10617000DB2A00000000000080B5EFF305800B284B
:1061800001D23A2100E0292192225200002000F0A1
:1061900041FAFEE710B5C20018231340FF249C40CB
:1061A000E2438907090E9940030004D470489B0814
:1061B0009B00C01806E0AD4B0007000F08388008B0
:1061C0008000181803681A401143016010BD80B5A3
:1061D00074225421002000F01DFA01BD10B5FFF714
:1061E00049FC0121634A1160634B644A1360644AAD
:1061F00013600323634C2360634C2360634B19607B
:10620000634B19608023A44C2360D160FFF736FCF8
:1062100010BDFFF72FFC05000024012160B2FFF73D
:10622000B9FF641C0E2CF8D301210F20FFF7B2FF39
:1062300001211120FFF7AEFF01211320FFF7AAFF74
:1062400001211720FFF7A6FF03210120C043FFF71C
:10625000A1FF01211B20FFF79DFF734873490860D0
:106260007348C16AC1620168016002207149086017
:1062700001208A49086047046F4C20693840FCD0EF
:106280002068800101D4FDF714FE2800FFF7F6FB1B
:10629000774D0AE000281BD0FDF73AFE18E0206990
:1062A0003840FCD03000FFF7E9FB206E0004000FFF
:1062B000022801D1FEF70CFAFFF7DCFB0600FDF720
:1062C00037FE0028A878E5D0002801D1FDF729FE87
:1062D00001206978002909D12978002905D1704960
:1062E0000968890601D45349086030BF00216970EC
:1062F00029780029D6D102214E4A116067490860E9
:10630000CDE76848016842680A40674810401B4969
:106310000860800703D5A4480188491C01807047A4
:1063200070B56248016840680840000E0006604988
:1063300080221205104218D05E4B1C68641C1C6041
:106340005D4C5E4D2D682D0407D5A568002D04D049
:1063500007250D600125AC4E3560402525601B6882
:10636000012B02D910238B62CA67886770BD0000B9
:1063700000E400E0040002A80000FF3F282002A87B
:106380002C1002A840E002A844C002A804C001A842
:10639000044001A8F8B5854C206B616B0140009169
:1063A000834D0846286000989849014007D0FDF7C2
:1063B000C9FD002803D000989549096888478020C6
:1063C000009901401CD0F821C90123680B4017D067
:1063D000C0221201934213D880231B06EB62266869
:1063E0000E40954F3F683F043F0F022F01D0032F0F
:1063F00003D1002E01D09642F1D390490B60286062
:106400008F48007806280DDA0098CC2189010140D8
:1064100008D0FFF72FFB04000098FDF781FA200059
:10642000FFF72CFBF1BD0000FFFF9B0800E100E03F
:10643000E04001A85C2002A84C0002A810B58148E9
:10644000016844680C408048046080210C4205D0FB
:1064500041607E4801600020FDF762FA600403D5C8
:10646000802040057A49086010BD00001CED00E066
:10647000723E000038B57748016844680C40E00778
:1064800007D5FFF7F7FA0500FDF7E0FA2800FFF758
:10649000F5FA7148046031BD505201A85C1002A8A1
:1064A000F40302A8280002A8FFFF00C0B44000A81F
:1064B0003C6000A86C3E00002C4000A8384101A8B8
:1064C000FEB5664C206C666C064001273E4216D035
:1064D0003D0663480560206862490F60002802D0CD
:1064E0000021FDF771FC60480068A021C9018842C5
:1064F0008041C043C00F5D4988705D480560FDF76D
:1065000007FD029002210E4049D06068C2B201929C
:10651000000A009008224C4B4C03564D0020019E6F
:10652000012E27D0022E38D1009E012E24D1EE78E4
:106530000096514E2F780C2047430020F0512878C8
:10654000400590277F04C719032038434B4F38601C
:106550001C604B480460301D2B780C246343494C6D
:106560002468009FE419C45028780C235843315004
:10657000454811E00091DCE7002E0ED1434E376014
:106580003D4E361D2D780C277D4370515C601C609C
:10659000C8043F4B18603F480260324801600298CF
:1065A000FDF7BFFCF7BD0000703E00001C4201A8D3
:1065B0004C6201A870B5FDF7ABFC0400FFF75AFA76
:1065C0002E490A68D20718D52B4A121DFA239B01BF
:1065D0005D7A0C26754356592A4D2D681E60CE688B
:1065E0005E604968D9818021C9041D4E3160197BE4
:1065F00069185B7A0C256B43D150FFF73FFA2000F6
:10660000FDF78FFC70BD00003C5000A802000600A2
:1066100040380000002800D0704710B50C00FDF78E
:1066200077FC1D490C6001221C4B1A600B6C134057
:10663000FCD1FDF776FC10BDAC0002A8785201A891
:106640003C3E000090C001A890E001A80CC001A849
:1066500004ED00E090C000A890E000A800C002A8EF
:10666000401002A840E002A8404000A8723E00008E
:10667000402002A8893E0000300000A860C101A8A7
:1066800094D001A8200000A8F42302A860E101A88A
:1066900080E200E0F41302A8008002A8409002A863
:1066A00062675F6D657373616765207265636569B5
:1066B0007665727300010203BC6E030000000000E7
:1066C000306703000100000063621C9500F049027E
:1066D000BC6E0300000000005467030001000000CE
:1066E0004762758800F04902BC6E0300000000009C
:1066F0007867030001000000BA5666C000F0490246
:10670000BC6E0300000000009C6703000100000055
:10671000EB0D9A2500F04902BC6E0300000000005A
:10672000C067030001000000247EEA0B00F049026C
:10673000E4670300809C2B8F80841E000000000013
:1067400027005200602C002000000000847203002B
:106750000000000044690300809C2B8F80841E0091
:106760000000000027005200602C00200000000004
:106770008872030000000000A46A0300809C2B8F35
:1067800080841E000000000027005200602C0020C2
:10679000000000008C72030000000000046C030085
:1067A000809C2B8F80841E00000000002700520078
:1067B000602C002000000000907203000000000028
:1067C000606D0300809C2B8F80841E000000000001
:1067D00027005200602C002000000000947203008B
:1067E00000000000FC4F0103E070030010400100B6
:1067F000004100003C400100000000004840010052
:106800002007000050400100000000005C40010033
:106810000D0F000004410100FF4C00002040030167
:10682000000000861FC00100002000003840010168
:106830000000000058400401180005004008000056
:10684000090000009200040080400F018C002C021F
:10685000000000001200120000808C1900000000EF
:106860000002050E1C2F43536269686155433204D0
:1068700016100E0E0D0C0A0807060504030302028B
:106880000201010101010100EC40010180B0B18C65
:10689000FC4003019C200B00055B60804737414AA8
:1068A0000C410301B85512002A1949290908404032
:1068B00028410101FFDD0000384107014CD4E83BCD
:1068C00004196F10080E141A20262C32383E10328C
:1068D0005476980A1D00000070410101C0030000B9
:1068E000344201010008000E4842010158AA1EC0AE
:1068F0007842010100000080388001011149100038
:106900009C800301EB40020070380300D0000000BF
:10691000A8800111F0010000A8800131055AFD0195
:10692000AC800111F0010000AC800131053EFD009A
:10693000E40001026C2C511154010102C43F00001B
:10694000FFFFFFFFFC4F0103347103001040010003
:10695000004100003C4001001000000048400100E0
:106960002007000050400100000400005C400100CE
:106970000D0F00000441010003C00100204003018D
:10698000300000461FC801000020001038400101FF
:1069900000000000584004011800050040080000F5
:1069A0000900000092000A0080400F018C002C02B8
:1069B00000000000120012005B808C1B0000000031
:1069C0000002050E1C2F435362696861554332046F
:1069D00016100E0E0D0C0A0807060504030302022A
:1069E0000201010101010100EC40010180B0B18C04
:1069F000FC4003019C200A0001612080B75635123B
:106A00000C410301B8551200A01B0429088840401E
:106A10002841010100000000384107014CD4E83B47
:106A200004196F30080E141A20262C32383E10320A
:106A30005476980A1D5F00007041010100000000BB
:106A4000344201010008000E48420101F4811F0098
:106A50007842010100000000388001011149100056
:106A60009C800301EB40020070380300D00000005E
:106A7000A8800111F0010000A8800131055AFD0134
:106A8000AC800111F0010000AC800131053EFD0039
:106A9000E40001026C2C511154010102C43F0000BA
:106AA000FFFFFFFFFC4F010388710300104001004E
:106AB000004100003C40010010000000484001007F
:106AC0002017000050400100010400005C4001005C
:106AD0000D0F00000441010003C00100204003012C
:106AE000300000461FC8010000200010384001019E
:106AF0000000000058400401180005004008000094
:106B00000900000092000A0080400F018C002C0256
:106B100000000000120012005B808C1B00000000CF
:106B20000002050E1C2F435362696861554332040D
:106B300016100E0E0D0C0A080706050403030202C8
:106B40000201010101010100EC40010180B0B18CA2
:106B5000FC4003019C200A0001612080B7563512D9
:106B60000C410301B8551200A01B042908884040BD
:106B70002841010100000000384107014CD4E83BE6
:106B800004196F300A10161C22282E343A40103295
:106B90005476980A1D5F80A4704101010000000036
:106BA000344201010008000E48420101F4811F0037
:106BB00078420101000000003880010111491000F5
:106BC0009C800301EB40020070380300D0000000FD
:106BD000A8800111F0010000A8800131055AFD01D3
:106BE000AC800111F0010000AC800131053EFD00D8
:106BF000E40001026C2C511154010102C43F000059
:106C0000FFFFFFFFFC4F0103DC7103001040010098
:106C1000014100003C40010000000000484001002C
:106C2000A007000050400100000000005C4001008F
:106C30000000000004410100FF4C0000204003015F
:106C4000000000861FC00100006000003840010104
:106C500000000040584004016402FF0040080000AA
:106C6000010000009200080080400F018C000C021F
:106C700000000000D7032200000000000000000018
:106C80000002050D1A2D3F5060686963574635258F
:106C9000150D090807060505040404030303030290
:106CA0000202020201010101EC40010190382C8C2A
:106CB000FC4003019C200A00055B58804737414A8D
:106CC0000C410301B85552002A194929893B40401B
:106CD00028410101FFDD000038410701E853FA00B7
:106CE00000000000000000000000000000000000A4
:106CF000000000000000000070410101C10300001D
:106D0000344201010000000E4842010158AA1EC091
:106D10007842010100000000388001011149100093
:106D2000A080020170780300FFC00200A88001115A
:106D3000F0010000A88001310542CB01AC800111B7
:106D4000F0010000AC800131050A0D00E4000102F1
:106D50006C2C511154010102C43F0000FFFFFFFFE2
:106D6000FC4F01033072030010400100014100009C
:106D70003C4001000000000048400100A007000066
:106D800050400100000000005C40010000000000D5
:106D900004410100FF4C0000204003010000008678
:106DA0001FC00100006000003840010100000040E9
:106DB00058400401C804FF00400800000100000022
:106DC0009200040080400F018C000C0200000000C3
:106DD000B603220000000000000000000002050EC3
:106DE0001C2F4353626968615543320416100E0E1E
:106DF0000D0C0A0807060504030302020201010143
:106E000001010100EC40010190E82B8CFC400301E2
:106E100090200A00055B58804737414A0C41030126
:106E2000F56252002A194929893B40402841010155
:106E3000FFDD000038410701E853FA0000000000C0
:106E40000000000000000000000000000000000042
:106E50000000000070410101C10300003442010143
:106E60000000000E4842010158AA1EC078420101EC
:106E7000000000003880010155251000A0800201AB
:106E800070780300D0000000A8800111F00100001C
:106E9000A88001310542CB01AC800111F001000056
:106EA000AC800131053EFD00E40001026E2C51135F
:106EB00054010102C43F0200FFFFFFFF0C4001002C
:106EC00001810100204002000000000001000000DC
:106ED000304003000000000000000000000000003F
:106EE000404002000000000000400000604001003F
:106EF00001010000A840010007000000BC400400A0
:106F00000000000000000000000000000000000081
:106F100008410300FF4C0000FF4D0000FF4D000042
:106F200020C0011000F8070020C00130F502080061
:106F300024C00110FF00000024C001300013000035
:106F400028C00700EC80B38343754051A00F004870
:106F50003040000000000000000000002E02000091
:106F600050C00400511130040E2D09E654060708E4
:106F7000D1B6020064C00A000430001C4030180979
:106F80000D647920EBFCFB017FF6E803BD4B721525
:106F900011A3180510325476980A00000000000072
:106FA000080001010807000018000101AAAAAA00B0
:106FB000200001010060DA001C4001011000000007
:106FC0002C400301008000000000000300000000CE
:106FD000684002012941767100000000BC400201B6
:106FE0000000000000000000E0400201330000004B
:106FF00000000000F4400201640483078813C83ACB
:107000002441010100000000344101010C01000095
:107010005441010101010000684102016404830739
:107020008813820030420101000000003842020152
:1070300000000000000000004442010100000000C8
:10704000544209010000000000003C000000000064
:1070500000000000555555551700000000000000C5
:1070600000000000AAAA06007C4202010000000005
:107070000000000010800101030000003C800101BD
:1070800001000000B080020100030002370000018F
:1070900098000202000C00044C000000A400010251
:1070A00000040000D0000202050040AA8801000090
:1070B000F4000202000000003D210811FC00011252
:1070C0003F000000FC0001320054040030010102C6
:1070D000600051026801010200040000FFFFFFFF91
:1070E0001400000000008000000000004073030056
:1070F000F072030000000000802596000048E801BF
:1071000040420F000108F500114950020000000044
:107110009872030000000000000000000000000062
:107120003E420F00000000000000000000000000D0
:1071300000000000140000000000800000000000BB
:1071400040730300007303000000000080259600D8
:107150000048E80140420F000108F50011495002C3
:107160000000000098720300000000000000000012
:10717000000000003E420F00000000000000000080
:10718000000000000000000014000000000080006B
:1071900000000000407303001073030000000000B3
:1071A000802596000048E80140420F000102F500EA
:1071B0001149500200000000987203000000000016
:1071C00000000000000000003E420F000000000030
:1071D000000000000000000000000000140000009B
:1071E00000008000000000004073030020730300D3
:1071F00000000000004786000048E80180841E006F
:107200000101F500114950020000000098720300CE
:1072100000000000000000000000000055841E0077
:10722000000000000000000000000000000000005E
:107230001400000000008000000000004073030004
:107240003073030000000000841743000024F400A2
:1072500040420F000101F5005525500300000000D9
:107260009872030000000000000000000000000011
:1072700038420F0000000000000000000000000085
:1072800000000000030500000303000003040000E9
:1072900003020000030100000200000000F04902A8
:1072A0000614000000E0930405380000A008000068
:1072B0000000580901040706100A01040707C80A5C
:1072C00000040807800B00040808380C00040908B3
:1072D000610800000000680800000000C709010400
:1072E00004032C0B01040404920C010405040000A7
:1072F00050C30000E62D0000D0070000D0070000BA
:10730000F5DA0200102700002C0100002C0100001B
:10731000E5BF000010270000C2010000C20100000C
:1073200050C3000050140000FA000000FA000000F2
:1073300050C30000FC210000B3010000B3010000B5
:10734000193F01060410010000010106001027008A
:0C735000000C0000000000000000000025
:08735C00B48EFC7F010000006B
:0C73640070730300402A00205301000059
:1073700089100300FFFFFFFF10270000A086010017
:1073800000000000000000000000000000000000FD
:1073900000001B00000000000000000000000000D2
:1073A00000000000000000000000000000000000DD
:1073B00000000000000000000000000000000000CD
:1073C00000000000000000000000000000000000BD
:1073D00000000000FFFFFFFF10270000A086010053
:1073E000C0EA2101C0EA21010080000000F049024A
:1073F00030000000358600008B46020000000000CF
:10740000000000007027030020130020E02A002065
:107410009C160020162E03000200000099AA00000E
:10742000000000000000000000000000000000005C
:107430003E3F00009C1600200300000031AB00001E
:10744000382E0300502E030000000000030000004F
:10745000CC160020282B002000000000CC160020B5
:10746000341700209C1700200000000000000000DE
:10747000000000000000000000000000000000000C
:1074800000000000000000000000000000000000FC
:1074900000000000000000000000000000000000EC
:1074A00000000000000000000100000000000000DB
:1074B00010000000100000000000000000FFFFFFAF
:1074C000FF00000000000000ED8901000000000046
:1074D000000000000000000075DD02000000000058
:1074E000A592010000000000000000000000000064
:1074F00051920100000000000000000000000000A8
:107500006593010000000000000000000000000082
:10751000499701000000000000000000000000008A
:1075200085A001000000000000000000FFFFFFFF39
:107530000000000000000000FFFF000020360300F4
:107540007DDF0200FFFFFFFF3836030085E2020007
:1075500081E20200FFFFFFFF89E20200FFFFFFFF61
:10756000AFE8020019E90200FFFFFFFFFFFFFFFF86
:10757000FFFFFFFFFFFFFFFF972A000099120200A5
:1075800000000000D91D0200000000000000000003
:10759000FFFFFFFF00000000FFFFFFFFFFFFFFFFF7
:1075A000FFFFFFFFFFFFFFFFFFFF040008070200D0
:1075B0002000040000000000000002001000000095
:1075C00000000000000000000000000000000000BB
:1075D0000A000100000000000A000F0000005468CB
:1075E000726F75676870757420546573740002005B
:1075F0000A000800303030303030303000000200F7
:1076000005000300303030000000020008000500D3
:10761000302E302E30000000020008000000000074
:107620000000000000002000FF000000000000003B
:10763000000000000000000000000000000000004A
:10764000000000000000000000000000000000003A
:10765000000000000000000000000000000000002A
:10766000000000000000000000000000000000001A
:10767000000000000000000000000000000000000A
:1076800000000000000000000000000000000000FA
:1076900000000000000000000000000000000000EA
:1076A00000000000000000000000000000000000DA
:1076B00000000000000000000000000000000000CA
:1076C00000000000000000000000000000000000BA
:1076D00000000000000000000000000000000000AA
:1076E000000000000000000000000000000000009A
:1076F000000000000000000000000000000000008A
:107700000000000000000000000000000000000079
:107710000000000000000000000000000000000069
:107720000000000000000000000000001000FF004A
:107730000000000000000000000000000000000049
:107740000000000000000000000000000000000039
:107750000000000000000000000000000000000029
:107760000000000000000000000000000000000019
:107770000000000000000000000000000000000009
:1077800000000000000000000000000000000000F9
:1077900000000000000000000000000000000000E9
:1077A00000000000000000000000000000000000D9
:1077B00000000000000000000000000000000000C9
:1077C00000000000000000000000000000000000B9
:1077D00000000000000000000000000000000000A9
:1077E0000000000000000000000000000000000099
:1077F0000000000000000000000000000000000089
:107800000000000000000000000000000000000078
:107810000000000000000000000000000000000068
:107820000000000000000000000000000000000058
:1078300000001E0001000000000022000400000003
:10784000000000001200010000000000120004000F
:107850000000000000001200040000000000000012
:1078600012000400000000000000120001000000EF
:1078700000001200010000000000000000000207EC
:1078800002001700FFFF0C0000000000BF8FAF7F59
:107890008700370F10100004040F05140AFF0101C0
:1078A000FFFFFF0101010004010A010FFF0CFF0FA0
:0C78B0007F030100ED010000C501000095
:04000003000051EDBB
:00000001FF
