S02B0000433A2F496F54206368616C6C656D676520323032362D576F6D62436172652F576F6D62636172655F75
S31508000000C00A00203F1F0208431F0208431F0208B8
S315080000105F440208431F0208431F0208431F0208E1
S31508000020431F0208431F0208431F0208431F020812
S31508000030431F0208431F0208C5120208431F02088D
S31508000040431F0208431F0208431F0208431F0208F2
S31508000050431F0208431F0208431F0208431F0208E2
S31508000060431F0208431F0208431F0208431F0208D2
S31508000070431F0208431F0208431F0208431F0208C2
S31508000080431F0208431F0208431F0208431F0208B2
S31508000090431F0208431F0208431F0208431F0208A2
S315080000A0431F0208431F0208431F0208431F020892
S315080000B0917D0620431F0208431F0208431F0208BA
S315080000C0431F0208431F0208431F020879810008DC
S315080000D0431F0208431F0208431F0208C9190008E4
S315080000E0A9190008431F0208431F0208431F0208F4
S315080000F0431F02081DF0010819F90108D1F7020883
S31508000100CDF7020865F00108E7F70208D5F70208F7
S31508000110E9F80108D9F702087D06020859F9010825
S31508000120431F0208431F0208431F0208431F020811
S3150800013009400208431F0208431F0208431F02081A
S31508000140431F0208BD9E0008431F0208431F0208FA
S31508000150431F0208431F0208431F0208431F0208E1
S31508000160431F0208431F0208431F0208431F0208D1
S31508000170431F0208431F0208431F0208431F0208C1
S31508000180431F0208431F0208431F0208031A0308F5
S31508000190C1DB0108431F0208EDD9010821DA01086D
S315080001A0431F0208431F0208431F0208431F020891
S309080001B0431F0208D1
S315080001C0F0B5114A114C124E00F00105E3695F07BC
S315080001D013D40DB9334213D103EA00078F4207D16E
S315080001E00B4A1A40002A14BF6FF001000020F0BD28
S315080001F0013AEBD16FF00200F9E74FF0FF30F6E76E
S315080002006FF00100F3E700BF8096980000000350E6
S31508000210020001000B4B70B5D96911F480310DD17C
S3150800022001244FF48072084E084DF46020462C6471
S315080002301A61FFF7C5FF3464EC6070BD6FF001000A
S31508000240FBE700BF000003500010035000200350D6
S315080002504FF4803238B50E4B0E4C9A66E56941F676
S31508000260713315400122E3630B4B0021DA60022348
S31508000270606121202361FFF7A3FF10B92120FFF752
S315080002809FFF0122054BDA600DB10023E36338BDF9
S315080002900090005000000350001003500020035047
S315080002A070B5134C6061E3695B071ED40E4656F8B9
S315080002B0043B8D18A361AE420BD1042300212120F3
S315080002C02361FFF77DFF58B9BDE870402120FFF78D
S315080002D077BF08210846FFF773FF10B1042323618F
S315080002E070BD56F8043BA361E5E74FF0FF30F7E72A
S315080002F0000003502DE9F84316464FF48032184B98
S3150800030089469A6603F51C33DA69074602F480388B
S3150800031041F67132DA63012203F58053114DDA6032
S3150800032066B930460122104BDA60B8F1000F03D0E7
S315080003300022A3F50053DA63BDE8F88307F50054F5
S315080003402C40E41BB44228BF344649462246384668
S31508000350FFF7A6FF0028E5D12744A144361BDFE7AF
S315080003600090005000E0FFFF0020035010B582B057
S3150800037001A90DF1030000F0E7F8019A92F8403060
S315080003805BB2002B0FDD0949D36A496B19420AD0C3
S3150800039092F840100648074C013949B282F84010D5
S315080003A063634362836402B010BD00BF000004505B
S315080003B000100450002004502DE9F04F85B003A921
S315080003C00DF10B0000F0C0F8039C94F82950D4F8FE
S315080003D00C8004EB45039B8C94F82A60A068626B3A
S315080003E0216A08EB830306B1490803EB810C1168FF
S315080003F0494E21F07F4100EB810094F84210D778EE
S3150800040001EB410106EB0111168908615068013EAE
S3150800041020F07F4008EB800048614048009740EA9A
S315080004200610C860206B064601903D488662466203
S3150800043049696163E18C21B1013505F0010584F84C
S3150800044029501832944553D3A646364FDFF8DC9028
S315080004505EF8386B20E01AF0040F0CBF594694F882
S31508000460291002F10C021CBF04EB4101898C5D6165
S3150800047018BF08EB810121F00301C3F818E01AF050
S31508000480020FC3F81090D9611EBFD96941F0020165
S31508000490D96162455B462BD852F80C1C12F8050C3C
S315080004A021F07F41043006EB810154F820B012F8A0
S315080004B009AC32F8025C596052F8080C32F8041C90
S315080004C020F07F400BEB80000139986047EA011164
S315080004D003F11000196020F0030141F0020103F155
S315080004E0200BD960002DB6D10C3262450346D3D90C
S315080004F0009AD2070CD40C490C4A019858609960A6
S315080005001A6053F8041C43F00202D96043F8042C1D
S3150800051005B0BDE8F08F00BF5800045000003F0842
S3150800052000100450080020083C1004500A00300847
S315080005304FF0BA43196ADA6903F500530A40DA61DB
S31508000540704700BF000000005FF800F03904030898
S31508000550000000000000000000000000000000008D
S31508000560013800D0FCE770470348044B834202D0A9
S31508000570034B03B118477047D87F0620D87F06205B
S3150800058000000000064B0749C91A891048BF013107
S31508000590491003D0044B0BB101481847704700BFF8
S315080005A0D87F0620D87F06200000000010B5064C2C
S315080005B0237843B9FFF7D8FF044B13B10448AFF3C8
S315080005C000800123237010BDAA78062000000000D1
S315080005D03C79030808B5054B1BB105490548AFF337
S315080005E00080BDE80840FFF7CDBF00BF000000004F
S315080005F0C80D00203C790308A3F5803A704700BF70
S31508000600174B002B08BF134B9D46FFF7F5FF00213C
S315080006108B460F461348144A121A24F036F80E4B26
S31508000620002B00D098470D4B002B00D09847002090
S31508000630002104000D000D48002802D00C48AFF335
S31508000640008009F0AFFE2000290023F0E7FF09F03B
S3150800065097FE00BF00000800000000000000000030
S31508000660C00A0020C00A0020207A062000000000E8
S315080006700000000037B504460CF07CFF002840D186
S31508000680214B20766361A36843F48013A36023F0AB
S315080006904BFFA368A0801B030CD4B0F5FA7F09D9D9
S315080006A030F0F7FD0121054608462FF0ADFF284634
S315080006B030F0EAFD20460CF085FF0546F0B91348F0
S315080006C00FF0D4FC25F0FBFC0BF014FD27F00CF919
S315080006D025F09DF92A460121042025F0C5FC01A82C
S315080006E08DF804500DF024F9032104200FF0CCF9FD
S315080006F00A200BF0CFFA204620F0DAFD284603B090
S3150800070030BD0025FAE700BF05040300AC7F0620CC
S3150800071008B50449044818F035FCBDE8084018F047
S3150800072061BC00BFCC1A0308B41B03084FF0805203
S31508000730014B5A60704700BF00ED00E0F8B50E4661
S315080007400546D0B1C9B10E4B0E4F1968386802F08C
S31508000750F7F8044678B9062332460B49386802F09A
S31508000760B7F9044638B901232A460849386802F019
S31508000770AFF900B12C702046F8BD2124FBE700BF75
S31508000780D07D0620F07D06202C0004003C000400E5
S3150800079008B5044830F070FF23F0FCFEBDE80840B9
S315080007A000F008B8C81F0308014830F065BF00BF4D
S315080007B0C81F03082DE9F0415E4C92B009AD94E8D4
S315080007C00F0085E80F000DAA174604F1100304F17F
S315080007D0200C164618685968083303C6634532461E
S315080007E0F7D11868544B08A93060187930F03FFFE4
S315080007F0524830F041FF524830F03EFF4FF48073C4
S3150800080008985049ADF83430814228BF01460C9704
S3150800081022F05CFC29464FF4E0650A904A4805F048
S31508000820F9FB494822F0FAFB474822F020FC4648E3
S3150800083022F009FCB4F82480012204216846ADF8A8
S31508000840008021F0F5FBE78C0022012101A8ADF814
S31508000850047021F0EDFB268D0122042102A8ADF8D3
S31508000860086021F0E5FB0122042103A8374CADF806
S315080008700C5021F0DDFB364B4FF44870C4F8C834F1
S315080008804FF00213C4F8C43403F58033C4F8CC34EB
S315080008901C23C4F8B43408F069F907A8ADF81C504D
S315080008A000F0D4FF142008F061F907A8ADF81C5031
S315080008B000F0BCFF232008F059F907A8ADF81C5032
S315080008C000F0C4FFB921204822F0F6FB07A8ADF8CE
S315080008D01C5000F0ABFF002204A81146ADF81080AA
S315080008E021F0A6FB002205A81146ADF8147021F0E8
S315080008F09FFB0122002106A8ADF8186021F098FB9D
S315080009000122002107A8ADF81C5021F091FB0E48E2
S3150800091005F046FB00230A48C4F8B434C4F8C834C2
S31508000920C4F8C434C4F8CC3430F0A9FE12B0BDE81B
S31508000930F08100BF481C03089C200308C81F030851
S31508000940D41F0308E070720000C0085000C00350AE
S315080009500200010010B50A46044619B1024B0021EF
S315080009601B68984710BD00BF741C03080E4B034054
S31508000970B3F1607F06D1B1F5885F0CBF00206FF038
S3150800098086007047B3F1707F0BD101F4E043B3F5ED
S31508000990005F06D111F4E06F14BF00206FF08600E7
S315080009A070476FF0860070470000C07F8A42F8B52E
S315080009B006460D4600F0CD806A4B22F4FF7121F001
S315080009C00101994210D0684922F0FF038B420BD0EF
S315080009D022F47F7020F00300A1F57061884203D0ED
S315080009E001F5A0618B4227D15E4B25F4FF7121F0FA
S315080009F00101994210D05C4925F0FF038B420BD0C8
S31508000A0025F47F7020F00300A1F57061884203D0B9
S31508000A1001F5A0618B420FD115F0FF000BD0534BA7
S31508000A2040F00070984240F0968082EA0500FF2860
S31508000A308CBF00200120F8BD05F0FE43B3F1A06F7E
S31508000A4011D102F0FE43B3F1A06F72D182EA050319
S31508000A5033F47E136DD128046BD5C5F30540C2F374
S31508000A6005429042E4E7B3F1407F62D102F0FE43CB
S31508000A70B3F1407F5DD182EA050030F47E1458D187
S31508000A8031462846FFF772FF002864D1384912F428
S31508000A907C1701EA020116D0B1F1607FC2F3054363
S31508000AA036D1D1B241F0007101F17E4103391029E6
S31508000AB001D83048445C15F47C1F2FD19C4214BFE2
S31508000AC000200120B7E7B1F1607F0AD1D3B243F025
S31508000AD0007303F17E43033B102B40D82649CB5CB9
S31508000AE0DFE7B1F1707F17D106F4E043B3F5005F95
S31508000AF033D10123C6F302218B4006F4E041B1F558
S31508000B00005FD8D10120C6F3022600FA06F4D2E720
S31508000B10B1F1707FCFD1F0E73B46CCE71FB9C5F3FB
S31508000B200541A14215D0290403D5C5F305409842CD
S31508000B307EE725F47F03B3F1106F0CD102F0FE4374
S31508000B40B3F1106F07D10D48104040F01060A8426D
S31508000B50B5E701206FE700206DE73B46CDE73B464A
S31508000B609FE700BF0002000600130006FF00000210
S31508000B700000C07F781C0308781C03080000FFF6F5
S31508000B8037B50D4D0C466B78022B12D12B78072BF7
S31508000B900FD100230A460193014601AB281D22F016
S31508000BA030FE20B9019BA34218BF6FF0930003B033
S31508000BB030BD6FF08800FAE7E00D002038B500F088
S31508000BC0FE43B3F1407F04460D4602D06FF086001F
S31508000BD038BDFFF7CBFE0028F8D114F47C1F18D0D7
S31508000BE0C4F30543032B137022D9224A2240B2F1DB
S31508000BF0607F31D1E4B244F0007404F17E44033CD2
S31508000C00102CE3D81C4A125D9342DFD8142BDFD987
S31508000C100EE0184B2340B3F1607F0FD1E3B243F0E7
S31508000C20007303F17E43033B102B04D90023137092
S31508000C306FF08500CCE71149CB5CD3E7B3F1707F41
S31508000C40F4D101F4E043B3F5005FEFD10123C1F31A
S31508000C5002218B40DBB2C5E7B2F1707FB6D105F44D
S31508000C60E042B2F5005FB1D10122C5F30225AA40E0
S31508000C70CAE700BF0000C07F781C0308781C030879
S31508000C802DE9F843884617461C4600F0A1FB0546A1
S31508000C90002844D1D8F80060B6F8009009F4E0437B
S31508000CA0B3F5804FB36808BF27F0010737EA030397
S31508000CB02DD1A4B3244B24F4FF7222F001029A42E8
S31508000CC010D0224A24F0FF0393420BD024F47F71FC
S31508000CD021F00301A2F57062914203D002F5A062E9
S31508000CE093421FD114F0FF0304D0194A43F000734E
S31508000CF093421ED022464846F168FFF757FE07463C
S31508000D0068B9224648463169FFF750FED0B96FF0F8
S31508000D10840500233046C8F8003021F027F8284615
S31508000D20BDE8F88304F0FE43B3F1407F04D1230401
S31508000D30E0D56FF08605ECE7B3F1A06FF7D0044B6A
S31508000D409C42D6E73D46EAE7000200060013000685
S31508000D50FF0000022DE9F04F9B46002389B08DF86D
S31508000D601B30159B9246DDE91289002B0E460B4671
S31508000D700CBF4FF400624FF4806207A9149FFFF777
S31508000D807FFF044610BB079D304629880DF11B02DC
S31508000D90FFF714FF0446C8B99DF81B00484531D82B
S31508000DA0D5E908126B681B0A012B20D0184CA34200
S31508000DB000D053BBCDE9030733462846CDE901B831
S31508000DC0CDF800A023F07CF8044608B1C7F80090D7
S31508000DD04A46214640463B6820F0BBFA079820F071
S31508000DE0C5FF002C18BF204609B0BDE8F08FCDE935
S31508000DF0030733462846CDE901B8CDF800A023F00D
S31508000E0002F8E1E76FF08904E0E76FF08604DDE7B2
S31508000E10020080002DE9F04F064600208BB00F46F1
S31508000E2014469946CDE9060009921860002A00F092
S31508000E309880B2F1005F80F0978006AA314607AB2A
S31508000E4020F02CFC024628BB069B5A6A8AB1069DEE
S31508000E50A8466A686B88120A012A089358F824AFCC
S31508000E602B6A6DD042498A425FD01AB36FF0860268
S31508000E7010E073681B0A15D0012B04D03C498B423D
S31508000E800FD00992F2E7304609A9099420F051FEDD
S31508000E90024638B1DDE90601059220F066FC059A9E
S31508000EA03FE009940999069820F08CFA0246002832
S31508000EB0CDD0EFE70DF1200B224639462846CDE97D
S31508000EC0018BCDF800A0059322F07AFF10F1860F6A
S31508000ED00246059B09D1224639462846CDE9018BAB
S31508000EE0CDF800A020F091FA02460698002AD1D142
S31508000EF04288089B7ABB43804FF6F87293422DD8F6
S31508000F00338813B102889A42B0D1738813B14288E4
S31508000F109A42ABD14A46079920F00EFC02460028B1
S31508000F20B8D110460BB0BDE8F08F08AACDE901820A
S31508000F30394622462846CDF800A022F041FFD3E7DD
S31508000F4008AACDE90182394622462846CDF800A0EE
S31508000F5022F0E7FDC8E79A42CED087E76FF0850210
S31508000F6098E76FF08602DCE76FF08502D9E700BFE5
S31508000F70020080002DE9F043994600230C460168DB
S31508000F8085B005461746039300295BD100F108088A
S31508000F909822404623F079FBB9F1000F20463B46DC
S31508000FA00CBF4FF400624FF4806203A9FFF768FE96
S31508000FB00446002848D1039C384621882A1DFFF795
S31508000FC0FDFD0646002844D16B7969F300036B7171
S31508000FD06168D4E90823090AB9F1000F20D001296C
S31508000FE015D01E48814200D0A9BB2146404600972D
S31508000FF022F09FFF044638BB04232B60039820F099
S31508001000B5FE002E18BF304605B0BDE8F083214670
S315080010104046009706F060FD0446A8B90523ECE7AC
S31508001020012909D00D48814200D0A1B92146404680
S31508001030009722F0C6FFDDE721464046009722F0DA
S3150800104007FFE9E76FF08804284620F092FB26465A
S31508001050D4E70446F8E76FF08604F5E70200800057
S315080010602DE9F04F00249B4601F0FE438FB0B3F103
S31508001070806F0F46DDE918689246DDF86890099496
S3150800108040F085800B464FF4807209A9FFF7F8FDFA
S31508001090054600287FD1099B1B8803F4E042B2F578
S315080010A0005F1CD113F4E06F19D03F4927F4807212
S315080010B08A420AD001F500718F4206D03B498F4219
S315080010C003D0A1F53F418A4209D10124C3F3022383
S315080010D09C40102C0ED900266FF0830534E042F2AE
S315080010E00402934202D1324B9F420DD0314B9F42AC
S315080010F00CD10D24A04550D321460AA8FFF740FD80
S31508001100054620B100261FE00C24F3E700240998C1
S31508001110D0E908126EB306EB040C4568A8EB040385
S315080011202D0A012D27D0DFF890E0754500D07DBB4C
S31508001130CDE905390AAB0093CDE903BC3B46CDE9B9
S31508001140014A22F0BBFE0546099820F00FFE074625
S315080011503DBB38BB24B1224630460AA923F09DFA86
S31508001160D9F800301C443846C9F800400FB0BDE82D
S31508001170F08FB446D1E7CDE905390AAB0093CDE93E
S3150800118003BC3B46CDE9014A22F03BFEDBE7264697
S315080011906FF08605D8E72646D6E700266FF089055C
S315080011A0D2E72F460024DEE70010C00400FF400403
S315080011B0000180040013C00402008000002307B564
S315080011C01A460091024920F0C5FB03B05DF804FBFE
S315080011D08C1C030810B5114C2378580744BF03F03C
S315080011E0FB032370990705D500F098F8237823F0B8
S315080011F00203237063781BB10023094A63605360B6
S315080012000023082106486370FFF7A4FB2378DA0752
S3150800121044BF23F00103237010BD00BFE00D00207A
S31508001220E40D002038B51A4D6A782B78022A01D1C8
S31508001230072B1DD0DC070BD422F0D8FA044610B9C8
S3150800124022F0DDFA04462B7843F001032B70E4B94B
S31508001250980707D400F05AF82B78044643F002039F
S315080012602B7090B96A780AB9D90704D45A0708D5F1
S315080012700024204638BD07496A604A6002226A701F
S31508001280F4E743F004032B70F2E7FFF7A3FFF0E758
S31508001290E00D0020E40D002000F14043032B70B55B
S315080012A005460E460CD82822174C02FB0344237E1B
S315080012B0022B02D1636983421ED06FF08B0021E0B6
S315080012C0012120F02DFD70B10F4B00221C46197E1E
S315080012D0022902D15969A9420BD00132042A03F125
S315080012E02803F4D1E9E76FF087000BE06FF096006A
S315080012F008E0282303FB0244204620F004FD0028CA
S31508001300F4D1346070BD00BFEC0D00200122024B01
S31508001310002083F8A0207047EC0D00202DE9F0414D
S315080013200A4C002526464FF0010803272046C4F834
S315080013301C802776013520F0A3F8042D04F1280433
S31508001340F4D1002386F8A030BDE8F081EC0D00202A
S31508001350F8B51E4D064695F8A0300F4683B300240F
S315080013602B462246197ED1B13CB9022905D1D96945
S3150800137019B91979002918BF1C460132042A03F144
S315080013802803EFD114B96FF08C0006E0204620F050
S31508001390BAFC204620F074F810B100240EE01C4672
S315080013A0237E83B9012323763EB1651BED1003F135
S315080013B0CC335D4305F18045356000203C60F8BDBF
S315080013C06FF08800E9E76FF09600E6E7EC0D00207D
S315080013D0F7B50026294B0E6093F8A03007460D4650
S315080013E0002B48D0FFF758FF10F18C0F044627D181
S315080013F029463046FFF7ACFF044608BB01232E6892
S31508001400CDE90000694630467761736001AA20F08D
S3150800141030FD044628B9DDE9001230461FF0E5FF25
S315080014200446DDE9000120F022FD28685CB120F0C1
S3150800143027F814F18C0F08BF6FF0870400232B6080
S31508001440204603B0F0BD8368D90444BF43F48063E3
S3150800145083609A0444BF43F400638360037E012BD0
S3150800146004BF0223037620F04EFC04460028E7D08A
S315080014706FF09604E2E76FF08804E1E7EC0D0020D0
S3150800148030B40D4D2C681C606C685C6000249C6050
S315080014905468DC6014881C8254885C8294685C6199
S315080014A0D4689C61126930BCDA6119620A46014641
S315080014B003F1240023F0F1B8901C03082DE9F84342
S315080014C0232904460F4691469846089E04D86FF08D
S315080014D098052846BDE8F8830822194923F0ACF890
S315080014E005460028F3D1A368002BF0D1216A243FD2
S315080014F08F42C8F80010EAD3B1F5005FE7D271B998
S31508001500C9F80000E3687360238A3380638A7380AE
S315080015106369B360A369F360E3693361D9E70120BE
S3150800152022F0DAFEC9F8000030B1D8F8002004F13C
S31508001530240123F0B2F8E5E76FF08C05C9E700BF90
S31508001540901C03080348044A0449121A921020F012
S31508001550F9BC00BFC001000860050008207A062013
S3150800156008B5154B83F30A8800F030F8FFF7EAFF51
S31508001570124B13498B4212D30020124B12498B424D
S3150800158018D3FFF73DF8186850F82240586840F815
S315080015902240013298688242F5D30C33EAE70022EA
S315080015A0F8E71C6844F8220001325C68A242F8D3C6
S315080015B00833E4E70022F8E700000020447903082E
S315080015C05079030850790308507903084FF480418D
S315080015D0144B154A70B59A60D3F88820134D42F417
S315080015E07002C3F88820124A05F5005491664FF038
S315080015F0FF3222666FF4003262660D22A26602226C
S31508001600C3F8D020BFF34F8FBFF36F8F4FF4403628
S31508001610002006F053FF0020E66006F033FF2E6137
S3150800162070BD00BF00ED00E0000000080080004427
S3150800163000900050014B1860704700BFC47D06201B
S31508001640054B1860054B1B6F03F00703032B01D1ED
S315080016502EF004BC704700BFCC7D062000800050E9
S3150800166030B5056887B0AB8804461848ADF80C3025
S3150800167030F002F80022012103A820F0D9FC0DF170
S315080016800B0103A820F0E8FC9DF80B3083F001035A
S315080016902B70AB79022B15D14FF0FF330022CDE921
S315080016A0043304A90A4B009403A800F045F9049BE7
S315080016B0009401330CBF04220122054B05A903A897
S315080016C000F0D4F8002007B030BD00BFC81F0308DB
S315080016D0731F020870B506460C4605782FF0E2FD22
S315080016E0737D01461BB12FF0D8FD042070BD074B52
S315080016F0AA003CB120681344586008462FF0CDFD77
S315080017000020F3E713445C60F7E700BF004004508D
S315080017102DE9F84F9B46254B1646002914BF8A46E5
S315080017209A460127DAF8008004462FF0BBFDD8F860
S315080017302C50B7403D40814605D02FF0AEFD04251C
S315080017402846BDE8F88F0A9B31465046C4E903355A
S31508001750C4F804A02670C4F808B0A58220F067FC77
S31508001760636898682FF088FF114B98682FF084FFFC
S3150800177029462046FFF7AEFF072E13D822463146E4
S31508001780284606F0BDFC0B4A3146284606F0A0FC62
S3150800179008F5805347F0004208F500585F635A651C
S315080017A0C8F8407048462FF078FDC9E7DC1F0308E3
S315080017B060200308AB13030870B5044601260C4DD8
S315080017C004B970BD94FAA4F0B0FA80F006FA00F2F3
S315080017D024EA0204C200AA580F2805EBC001C8BFB4
S315080017E01038002AECD04968C0B29047E8E700BF35
S315080017F0900E002008B50C482FF03EFF272006F073
S315080018004FFE28B1272006F059FE272006F03AFE9B
S31508001810282006F045FE28B1282006F04FFE28208D
S3150800182006F030FE002008BDC81F030848B1012293
S31508001830437801789A4030235943034B00205A5085
S3150800184070472220704700BF40D0035048B101229C
S31508001850437801789A4030235943034B00205A5065
S3150800186070472220704700BF40E003502DE9F04141
S315080018700D4690461F460446002836D0002934D027
S315080018802FF010FD23780646FF2B05D0424620464A
S31508001890296804F0DDFC28602868421C0BD12378EF
S315080018A0FF2B1CD1124B6078D3F8241421F021FCAD
S315080018B0431C286013D00F49069B41F8307001EB92
S315080018C0C0014B602378FF2B04D001230A4A8340CA
S315080018D0C2F8243430462FF0E0FC002003E03046FE
S315080018E02FF0DBFC2D20BDE8F0812220FBE700BFAE
S315080018F000C00350900E002000D003500F2838B5C2
S31508001900054613D82FF0CEFC01230024084AAB4025
S31508001910C2F82034C2F82434064B43F8354003EBAA
S31508001920C5035C602FF0B9FC204638BD2120FCE7D2
S3150800193000E00350900E00202DE9F0410D46904638
S315080019401F46044650B349B32FF0ACFC237806462D
S31508001950FF2B05D042462046296804F0FFFC286084
S315080019602A68531C14D00E49069B103241F832706F
S3150800197001EBC2014B602378FF2B04D0012393406F
S31508001980084AC2F8243430462FF087FC002003E0CA
S3150800199030462FF082FC2D20BDE8F0812220FBE79F
S315080019A0900E002000D0035008B504F0F7FB054B55
S315080019B000F0553020F0A040C3F82004BDE80840E8
S315080019C0FFF7FABE00E0035008B504F0E7FB054B45
S315080019D000F0AA3020F02040C3F82004BDE80840F3
S315080019E0FFF7EABE00E003502DE9F04F144606461D
S315080019F00F4689B00393C36B01225B6904A960682B
S31508001A009847F36B01225B6905A93846984704A8ED
S31508001A1020F095FF054650B10023A37563754FF076
S31508001A20FF33A3600025284609B0BDE8F08F05A856
S31508001A3020F092FF0123A375237E04EBC303DF6125
S31508001A401D846368BB420ED1206005A820F0A5FF5F
S31508001A504FF0FF332075A360237D043B022B26D865
S31508001A600023A375DEE723681A1A53425341A37568
S31508001A7005A820F092FF237D834218BFA57505A807
S31508001A8020F06EFF804604A820F06AFF804518BF44
S31508001A90002305A818BFA37520F069FF804604A88F
S31508001AA020F065FF80451CBF0023A375D4E705A871
S31508001AB020F056FF80B1F36B022238465B6906A90F
S31508001AC0984706A820F05AFF0346207D032839D8F0
S31508001AD0DFE800F03838040905A8F3E7CC22237EAE
S31508001AE004EBC3031A8401F0ADFA129B187005A81B
S31508001AF094F8188020F028FF04EBC80888F822001C
S31508001B00237E05A804EBC303B3F820A093F822802C
S31508001B1020F026FF814605A820F029FF8346B9F163
S31508001B20000F14D0F36B022238465B6906A9984762
S31508001B3006A820F0E9FE607568B90023A3754FF082
S31508001B4000093CE0227E04EBC2021384CBE705A819
S31508001B5020F0C5FEEFE794F81690B9F1000FEED025
S31508001B60BAF1000F0DD1B8F1000F1DD00123E375AE
S31508001B70637E002B3FD1B8F1010F30D184F819806C
S31508001B8014E0736C07EB0B015A4287EA0100104216
S31508001B901CBF0022A2755A1E0A409B1A9A45CCD829
S31508001BA0A37D002BDFD1CAE7E37D43B94FF00009D7
S31508001BB053465A463946304620F008FCA060A37DB5
S31508001BC013B12269524422611F49227E0978914243
S31508001BD01AD901322276039ACAB91D4623E796F81E
S31508001BE034307BB9F36A0133E2D1B8F1030FDFD1A0
S31508001BF00123A376DAE7B8F1010FE0D0B8F1030FB5
S31508001C00D4D1F5E79946D3E70023A3750BE7002B54
S31508001C103FF409AFE57D002DDFD0B9F1000F11D1F2
S31508001C20B8F1030F3FF4FFAEA1684B1C3FF4FBAEBF
S31508001C30129B2246009330460123FFF7D5FE054640
S31508001C40A075F0E64D46EEE6B81C03082DE9F04F00
S31508001C500E46984600238BB004464FF0FF311046D7
S31508001C6017468DF8133001F0D7F9B6F5801F20D244
S31508001C70314605AA04F1080020F0AFFD451C0146CF
S31508001C8003D1237CBBB92D2010E0384601F0C4F9F6
S31508001C900122394620460DF1130320F0E9FB0028FE
S31508001CA0EFD09DF8133088F8003000200BB0BDE85F
S31508001CB0F08FB01CE5D1E56A691C36D12046616A09
S31508001CC020F0CAFA0546B31C18BF0123DFF8CC90EA
S31508001CD00193636A626C0293236805A902FB053ABD
S31508001CE0E36B05225B695046984705A820F0C1FEBC
S31508001CF020F0E4FE504620F0ECFE4FF0000B824642
S31508001D0001464B1C05D0636C81EA0A025B4213420A
S31508001D1011D02946204620F09FFA029BAB422CD0D0
S31508001D20BBF1000F2CD10546D3E72368ED1A636C87
S31508001D30B5FBF3F5C7E7484601F06EF90DF1130355
S31508001D4049462046019A20F093FB034690B1B21CFF
S31508001D5003D0D9F80020B2420CD19DF81320039382
S31508001D600D4B88F8002049461A68384622F095FC3B
S31508001D70039B9B46D9F80810C3E7BBF1000F82D036
S31508001D80B6F5801F91D2314698F800307A6804F18A
S31508001D90080001F06FF888E7B41C03080416002051
S31508001DA02DE9F3410446174698460E46184D816AB2
S31508001DB0E36A8B4201D04B1C02D102B0BDE8F08128
S31508001DC0284601F029F90122294620460DF1070384
S31508001DD020F04EFB38B14346294620469DF8072099
S31508001DE0B8470028E9D0A9684A1C04D16968204682
S31508001DF020F0BFFA0146012EDAD16B6881EA0302A8
S31508001E00636C5B421A4218BF4FF0FF31D0E700BF40
S31508001E10D81500202DE9F0474FF0FF334FF6FF7233
S31508001E200025044600F108078AB0C0E90923C36201
S31508001E30056205633846884620F0A0FC204620F057
S31508001E408BF960BB2046414620F056FA204620F022
S31508001E5083F960BB5E200AB0BDE8F0872368E26BB1
S31508001E60606C566900FB0530052205A9B04705A830
S31508001E7020F0FFFD012806460CD12946204620F011
S31508001E800CFA012E024600D101322946204620F0DE
S31508001E9082F903E020F017FE0028EED10135E36948
S31508001EA09D42DBD3204620F057F90028CAD02046A9
S31508001EB020F082F94FF6FF72636A934200F0A6801B
S31508001EC0E26B666C2068694606FB030055690522C5
S31508001ED0A847684620F0A4FD626A2368606C4C4DEA
S31508001EE000FB023020F0F5FD4FF0FF33A062E362FD
S31508001EF02A466FF00101204605ABFFF7A7FE00282A
S31508001F0046D1AD6829462046E56220F001F92063EE
S31508001F1020B92046E16A20F02CFAE06229462046DC
S31508001F2020F027FA0546A36A9D4233D1204620F0C1
S31508001F30ADF800268046B146E36999453CD3B045DD
S31508001F4059D92046616A20F087F90027054604F129
S31508001F50400AB74212D3626C2368694602FB053908
S31508001F60E36B05225B6948469847684620F058FDAA
S31508001F70534602464946E06B20F0ADFD2946204609
S31508001F8020F06AF90137B8450546E2D1642062E7D0
S31508001F90A56AB7E72946204620F0BAF8236B2946F2
S31508001FA0034406462363204620F0E3F90546002E3F
S31508001FB0B9D1C4E90B06B6E7636C2568052203FBAD
S31508001FC00955E36B05A95B692846984705A820F0DB
S31508001FD050FD20F073FD58B1284620F07AFD0146E1
S31508001FE0204620F095F8636C143B984208BF0136EA
S31508001FF009F10109A0E7384620F0C0FB0023204676
S315080020001946044AFFF7CCFE002024E7672022E79A
S31508002010301600205F2402082DE9F041036B904634
S31508002020826B90B09A4288BF8363426C436A0768A2
S315080020300E4602FB0377C36B01A905225B690446BA
S315080020403846984701A820F014FD0128014630704B
S3150800205057D0656CE26B2368606AD2F814C005FB3A
S315080020600030052206A9E04706A820F002FD01284F
S315080020704FF0000523D0D4E90A3201219342CDE975
S315080020800B458DF834800E958DF83C102AD11946EB
S31508002090204620F06EF9236B626C14339B1AE062BB
S315080020A023630C9B53B99DF83C303BB1626A616C63
S315080020B02368E06B01FB023120F093FC0C9DE36B77
S315080020C005225B6901A93846984701A820F0D1FC8A
S315080020D030702846236BA26B9A4288BFA36310B060
S315080020E0BDE8F081237C33B91C490BAA04F108002A
S315080020F000F00EFFD5E72046194A0BABFFF750FE56
S31508002100CFE7237C23BB2246164904F1080000F0DA
S31508002110FFFE616A204620F0C0F8616A421C20462C
S3150800212020F039F8054620B9236B626C1344143B3A
S3150800213023632046A16A20F01CF92368A062C01A0E
S31508002140636CB0FBF3F06062204620F055F9B6E701
S3150800215000232046044AFFF723FEDAE78D28000805
S3150800216009280008F92402089524020873B50D46C3
S31508002170D11E4A421C461B7E4A419A4226D12968EC
S315080021802368994222D3636899421FD8114E0DF1EC
S3150800219007033246FFF75AFDC0B972686B689A4260
S315080021A014D19DF80730DA1E53425341227E9342DA
S315080021B00CD1636901336361D4E90323934205D2E1
S315080021C02968A26842F8231001332361012002B06E
S315080021D070BD00BF301600202DE9F04F9A468BB02F
S315080021E09DF85030DFF850B10293DBF81030804686
S315080021F053450D461646C0F09880D146DBF80430A4
S315080022000193B9F1000F00F08C80D8F83C30012218
S315080022105B6907A90198984707A820F09DFBDBF89A
S315080022200030984240F0848007A820F0A0FB0428DC
S31508002230074614D107A820F0A1FB019B029A044681
S315080022403B44002A3ED1864212D91446361A4046E5
S31508002250019920F08EF8A9EB04090190D1E7D8F886
S315080022603C3002225B69019808A9984708A8E2E76A
S31508002270841B544528BF5446032C03EB0607AAEBD8
S31508002280040A1DD9D8F83C30294638465B69A208A5
S31508002290984724F0030304F003061F441D44002E48
S315080022A0D5D0D8F83C3001225B6908A9384698474A
S315080022B03246284608A9354422F0EFF90026C6E733
S315080022C02646ECE7074600F00302039203442A1861
S315080022D004920593049BDD1B059BD81B039B9F4219
S315080022E00FD1002FB3D0D8F83C30012208A95B697A
S315080022F098473A46284608A922F09EF978B93D44F7
S31508002300A5E7D8F83C30012208A95B69984704225A
S31508002310284608A922F090F908B9043FDAE74FF0F1
S31508002320360948460BB0BDE8F08F4FF06309F8E769
S315080023304FF06F09F5E700BF5C1600202DE9F04164
S315080023400F4616469846044688B060B390F834504F
S31508002350FDB101211FF0F5FE00210E9BCDE9051107
S31508002360CDE902379DF83C30CDF804808DF81C3055
S31508002370237C04968BB90D4901AA04F1080000F0E4
S31508002380C7FDDDE90553E06B002E08BF1D4620F0AA
S31508002390C1F8284608B0BDE8F0812046044A01ABDA
S315080023A0FFF7FEFCEDE70546F3E700BFC324020886
S315080023B06D2100082DE9F04F99B0CDE90B230E46A3
S315080023C00A69416CD31D1439B3FBF1F3013302EBEF
S315080023D0C302036B04469342C0F00F820023DFF862
S315080023E020940993E36A48461946079300F014FEB9
S315080023F0D6E9033705930C9B022B1CD1CC2F40F052
S3150800240074810B9B8BB13146204620F0E1F8656C50
S3150800241014900B9B63B1E36B01225B69706816A984
S31508002420984716A820F09CFA0CE0059B1B681493A5
S3150800243008230E930DE0782F656CEAD80B9B002BCA
S31508002440E9D1F07D00280CBF04230823782F0E93CA
S3150800245028D901230025089308230393336808998C
S315080024600C98C9F80030C9F8107020F09AFA0023C1
S315080024700F930D9306930A93039BDDF81CA09B0804
S3150800248089F814001193616C03984A1E0AEA02023D
S315080024908B1AEFB10544AB421CD8236B5B1A134465
S315080024A0236386E0079A6B1E1340EB1A3A1D934284
S315080024B007D257B1082BCCD80023042508930395D7
S315080024C0CCE7002504230895C7E704250897F6E70F
S315080024D08342E2D3039AB8469B1A9F4228BF98467E
S315080024E052449F42049278D90123D9F8102089F8DA
S315080024F01730974276D1C9F804A0069399F8173091
S31508002500002B71D099F818200699D31C09EBC30340
S315080025100132C3F804A0A3F80880997289F8182034
S31508002520B8F1000F14D00C9B022B60D10F9B7BB91E
S315080025300D9B4344032B0BD9E36B01229B6904983B
S3150800254014A998470546002840F0D58001230F9323
S31508002550069B16A80193089B009399F814204346F6
S31508002560316800F00FFDE36B50469B69119A16A976
S315080025709847051E099B18BF5346039A0993514667
S31508002580434620461FF022FF236B039AC9F808002A
S315080025909B1A08F1030222F003029B1A2363002DFB
S315080025A040F0A9800D9BDDF810A04344A7EB08076F
S315080025B00D93514620461FF0DCFE00258246002F6B
S315080025C07FF461AF8E4A3168936804F10800E362CC
S315080025D052680C9B00F04EFC89E0069B002B18BF46
S315080025E003238AE7022388E7C9F804A098E70B9B28
S315080025F0002B30D1059BB8F1030F03EB080B27D945
S31508002600DDE90401E36B4FEA98029B6998470546A2
S31508002610002864D118F003025ED0059B28F0030554
S315080026202B440593049B1D444FF0FF33059915A8C9
S31508002630159322F032F8E36B284601229B6915A907
S3150800264098470546CDF814B0002D81D0049B94E731
S315080026504246049DE8E706F12003DDF810B0109322
S31508002660F37D70689BB10023357E0A9AD9B2A942D8
S3150800267011D2109903F1010C31F83310914225D982
S315080026800E9906EBC303D8690A44104403E00E9B6F
S315080026900A9A13441844E36B01225B6915A9984703
S315080026A0159B012213930A9B584604330A93E36B3E
S315080026B013A99B699847049B05464344A3EB0B0360
S315080026C0042B06D970B90BF1040BC9E76346521AF5
S315080026D0CCE7CDF810B0B7E7CDF814B038E7CDF8A9
S315080026E014B0B3E7CDF810B0B0E770252F463846DA
S315080026F019B0BDE8F08F3D2DF8D104F10803039316
S315080027002368079A606CD71AB7FBF0F700FB073007
S3150800271020F0DFF9E16A824620461FF02AFEA16A08
S31508002720D4F830E08142626C59D0D9F8083002F109
S31508002730FF3CAEEB020103EA0C030B442363099941
S315080027402368E062CB1AB3FBF2F847453BD1079BF7
S31508002750B3EB0A0711D0E36BBA0851469B69984751
S315080027608346E36A079A3B44E362236B03989B1A02
S315080027705344236320F002F85F462368616CE06BDC
S3150800278001FB083120F01AF920461FF0E5FC204627
S315080027901FF012FD626A2368606C00FB023020F0AD
S315080027A098F9A06220461FF027FE20636FB13269B0
S315080027B0616CD31D1439B3FBF1F3013302EBC30289
S315080027C090429DD292E70027D7E704F108001FF050
S315080027D0D5FF3B46394620460A4AFFF7E1FA3269F1
S315080027E0616CD31D1439B3FBF1F3013302EBC30259
S315080027F0236B9342BFF4F6AD78E71C2777E700BF53
S31508002800041600205F240208032A2DE9F341064630
S315080028100D4617461C4606D1237A012B23D00120E4
S3150800282002B0BDE8F081DFF86080096842460DF124
S315080028300703FFF70BFA60600028EDD19DF8073013
S31508002840032BE9D0D8F804206B689A42E4D1237A9E
S315080028502969012BD4F80CC007D172690CEB010366
S31508002860934202D92074207CDAE708316144E1609A
S315080028703B46012229463046FFF79CFD606000284A
S31508002880CAD00020CCE700BF301600202DE9F3415E
S31508002890032A1746089C06D1237A012B25D0012046
S315080028A002B0BDE8F0812668DFF8908030464246DF
S315080028B00DF10703FFF7CAF960600028ECD1256817
S315080028C0D8F80400A96A6A6C4840534210EA030C17
S315080028D0E2D1237A012B0AD1E068D8F810300344F4
S315080028E07069834203D984F810C0207CD8E7286829
S315080028F0EB6A1B1A081AB3FBF2F3B0FBF2F0834239
S315080029000BD1706CF36A421E1340326B121A1344D1
S31508002910284633631FF02DFDE862D8F81020E368D7
S3150800292008321344E36001223B4604492068FFF756
S3150800293041FD60600028AFD00020B1E730160020C6
S315080029402DE9F0410025604B0E46D3F80080044679
S315080029501D6018B921252846BDE8F08190F8347025
S3150800296007B30A6803689A4240F0A4804A68436835
S315080029709A4240F09F808A6883689A4240F09A801B
S31508002980CA68C3689A4240F095800A6943699A42C0
S3150800299040F090808A69C36B9A4240F08B804B69FD
S315080029A08361D8E768223946856B21F06EFED6E941
S315080029B00212336804F1080023607368A563636034
S315080029C0336963617369A3611FF0EAFEB36904F1B1
S315080029D04000E3639B68984720B9676C17B1636842
S315080029E0B3FBF7F794F84330E761002BB2D0002326
S315080029F0656C2366002D65D0002F63D02368B3FB72
S31508002A00F5F205FB1233002B56D16668B6FBF5F3D3
S31508002A1005FB1363002B4FD120461FF069FBA36902
S31508002A20043303449E4249D340F634726369CC3B6F
S31508002A30934245D8B5F5805F44D3032120461FF05D
S31508002A4080FBD4E90001E36B1B6898470546E36BF6
S31508002A500220DB689847D5B941462046FFF7DAF9E0
S31508002A606428054604D141462046FFF7D3F90546B2
S31508002A706DB9636C226A143B204602FB03F61FF00D
S31508002A8037FBA369043303449E4238BF5A25002DF9
S31508002A900CBF0123002384F8343007D1D4E90001A0
S31508002AA00A4A1368013313601FF014FFE06B1FF026
S31508002AB031FD50E75D254EE759254CE75A254AE78B
S31508002AC05F2548E75B2546E7940F0020900F002016
S31508002AD02DE9FF410C4616461F46054688B390F871
S31508002AE0343083B3B1F5801F2FD2DFF8648001211B
S31508002AF01FF027FB4246214628460DF10F03FFF734
S31508002B00A5F80246C8B99DF80F30012B10D1D8F8A0
S31508002B101030BB4213D1009031462846FFF75CFBC4
S31508002B200446E86B1FF0F6FC204604B0BDE8F081C9
S31508002B30022B0CBF60242D24F3E72D24F1E7632430
S31508002B40EFE72124F0E71124EEE72924ECE700BF9C
S31508002B505C1600202DE9F04385B00E4617461C4644
S31508002B600546DDF83080A0B390F834309BB3B1F554
S31508002B70801F32D2DFF8689001211FF0E2FA4A4638
S31508002B80314628460DF10F03FFF760F8E8B99DF8BE
S31508002B900F30012B14D1D9F8102004EB08039A4200
S31508002BA015D322460090434639462846FFF714FBBC
S31508002BB00446E86B1FF0AEFC204605B0BDE8F0837E
S31508002BC0022B0CBF60242D24F3E72D24F1E76324A0
S31508002BD0EFE72124F0E71124EEE72924ECE700BF0C
S31508002BE05C1600202DE9F3411E4600230C461746C5
S31508002BF00546336050B390F834304BB3B1F5801FB7
S31508002C0028D2DFF8548001211FF09BFA214642465C
S31508002C1028460DF10703FFF719F80446A0B99DF8F1
S31508002C200730032B10D0022B03BF01233B6004237C
S31508002C30D8F8103018BF38603360E86B1FF06AFCAC
S31508002C40204602B0BDE8F0812D24F6E72124F7E7F7
S31508002C501124F5E72924F3E75C16002073B504462A
S31508002C6041691FF02AFA626E236B024493422CBF15
S31508002C7000220122834294BF00231B1A207C84F879
S31508002C805020636584F85800A8B100230B4E1A46F5
S31508002C901946204600961FF05FFD002305461A4692
S31508002CA01946204600961FF060FDE36828449842BE
S31508002CB094BF0020C01AE06502B070BDFFFF0F0088
S31508002CC02DE9F3471E4643690446B342884617462C
S31508002CD09DF828904FD300258DF807502046616946
S31508002CE01FF0EBF9D4F830A082450AD2236AB5EB77
S31508002CF0430F06D2002220460DF10701FFF78CF993
S31508002D00B8B39DF80730012B05D1002220460DF1F6
S31508002D100701FFF781F9B9F1030F06D031462046BE
S31508002D201FF0CBF9256B854227D3154D4FF0FF31A0
S31508002D30284600F071F94B46294600222046C5E987
S31508002D400376C5F80080FFF735FB236E054663B1A9
S31508002D502046FFF783FF94F8503013B994F858309B
S31508002D601BB1236E04F150009847284602B0BDE80F
S31508002D70F0870135B2E76225F7E71C25F5E700BFBE
S31508002D80301600202DE9FF410F4690461E4605469F
S31508002D9098B390F8343093B3B1F5801F31D21A4CFA
S31508002DA002211FF0CEF92246394628460DF10F03B7
S31508002DB0FEF74CFF024678B1012342460093394696
S31508002DC033462846FFF77CFF0446E86B1FF0A2FB54
S31508002DD0204604B0BDE8F0819DF80F30012BEBD1F9
S31508002DE02169B142E8D10093414633462846FFF7A8
S31508002DF0F3F904460028DFD1E7E72124E8E71124A0
S31508002E00E6E72924E4E700BF5C16002030B50C4647
S31508002E10054685B028B390F8343023B3B1F5801F42
S31508002E2023D202211FF08DF90DF10F032146284602
S31508002E300F4AFEF70BFF034688B99DF80F20032AB1
S31508002E400DD003222146009202462846FFF738FF96
S31508002E500446E86B1FF05EFB204605B030BD2D2406
S31508002E60F7E72124F8E71124F6E72924F4E700BF59
S31508002E705C1600202DE9F043466886B30568984637
S31508002E804FF0000CA946AE4655F83C400CF1010C33
S31508002E90C4F31307013401D0B94217D0B4450EF173
S31508002EA0080EF1D12F46002403E0B44207F10807C3
S31508002EB012D055F8343001340133F6D1C1F3130179
S31508002EC041EA0851C7E90012BDE8F08341EA085112
S31508002ED0CEE90012BDE8F083B8F1030F03D1012350
S31508002EE00372BDE8F083002303E0B34209F1080941
S31508002EF0F5D055F833400133C4F30754032CF4D105
S31508002F00C1F3130343EA0853C9E90032BDE8F08365
S31508002F102DE9F0410646406882B0B8B10F469046A2
S31508002F200024336853F8345003EBC403C5F307523F
S31508002F30C5F31301013506D05B683046CDF800802D
S31508002F40B84718B1706801348442EAD302B0BDE8C4
S31508002F50F08100BF024B1968024B1868FFF7F0BCF6
S31508002F60D07D0620F07D062008B52EF092F9014B9B
S31508002F70186008BD88160020014B18682EF084B921
S31508002F808816002073B504462248012A00EAC111B2
S31508002F909DF8185023F07C4007D9961E012E28D993
S31508002FA0073303F07F03194308E09DF81C300A43F2
S31508002FB0DB0603F0C053134343F060410023C4E922
S31508002FC000108DF80730B5B1202221460DF1070013
S31508002FD01FF09BFD1A220DF10700211D1FF095FD1C
S31508002FE0082063689DF8072043EA8263636002B09D
S31508002FF070BD1143E2E71B220DF1070021461FF0C1
S3150800300084FD23689DF80720042043EAC2632360F1
S31508003010EDE700BF80FFFF0738B5094B0D461A6874
S315080030200021044621F031FB00234FF0FF322383B1
S31508003030C4E900252361A260E382A37638BD00BFF8
S31508003040B41C03080138C0B205289ABF014B185CA6
S3150800305001207047B91C03082DE9F04107461546BB
S3150800306000240E46596888B0490A012922464FEAC3
S31508003070510104F10104F8D8DC78997824031B88F7
S31508003080C90201F4006104F480540C43C3F30A0333
S315080030905203234492B24FF000089C18274B6FEA5C
S315080030A00444039325F07843ED4302A90DF1070084
S315080030B01B2202938DF807801FF027FD9DF8072035
S315080030C0029B02A943EAC2630DF107001B2225F001
S315080030D07845049302958DF807801FF016FD9DF834
S315080030E00720029B6FEA144443EAC26305934FF034
S315080030F0FF330794069307A9BB69012206F110005E
S315080031009847BB6905A90446012206F108009847B5
S31508003110BB69404518BF044604A90122301D9847DB
S315080031200122404518BF0446BB69304603A99847A3
S31508003130404508BF204608B0BDE8F08101009AB2B4
S315080031407FB500210546084604F0FEFE00200DF175
S315080031500E0104F075FF064658B90DF10F0104F08B
S315080031606FFF9DF80E20044638B11146304604F02C
S315080031708DFF0F4C204604B070BD05F124060346AA
S3150800318000900C493046FEF7C3FA696D304605F1E2
S315080031903C06FEF79FFA3046074B9DF80F20054977
S315080031A00095FEF7B5FA3046A96DFEF793FAE1E702
S315080031B0092000F0DC1F03087B2B020801292DE9F2
S315080031C0F84304D90239012948D9BDE8F883474BA1
S315080031D0474D1C68474E484FA83C14F1A80FF4D039
S315080031E0D4F80080454B98450AD0454B984509D0F8
S315080031F003F58043984505D003F58043984501D0EB
S31508003200237F03BB052140461FF091FD3B4B9845A4
S315080032101DD03B4B98451CD003F5804398451AD0E2
S31508003220384AA3F5A723A3F54373904514BFB946B7
S3150800323099462EF02EF8D9F8003043F01803C9F84D
S3150800324000302EF021F8D4F8A840A83CC5E7A946D6
S31508003250EFE7B146EDE7DFF8B090EAE7234B244DF8
S315080032601C68244E244FA83C14F1A80FADD0D4F8FE
S315080032700080224B98450AD0214B984509D003F582
S315080032808043984505D003F58043984501D0237FB0
S3150800329003BB002140461FF04AFD184B98451DD038
S315080032A0174B98451CD003F5804398451AD0154A04
S315080032B0A3F5A723A3F54373904514BFB9469946CA
S315080032C02DF0E7FFD9F8003023F01803C9F80030CD
S315080032D02DF0DAFFD4F8A840A83CC5E7A946EFE7E1
S315080032E0B146EDE7DFF82090EAE700BF8C1600202C
S315080032F094C40350B4C4035074C403500000015B63
S3150800330000C0085000400950D4C403502DE9F041CC
S315080033100B68A54A054693420C468EB00BD0A34AC5
S31508003320934208D002F58042934204D002F58042C7
S31508003330934240F0F1809E4F2DF0B4FF3B68A83BC6
S3150800334013F1A80F16D19B4E2DF0A7FF0FCE0DF146
S31508003350180CACE80F0096E80F0010368CE80F0042
S315080033600FCE0DF1040CACE80F0006AB05936DB952
S31508003370914C04E09D4206D12DF08FFF8F4C2046DC
S315080033800EB0BDE8F081D3F8A830D8E7AC2200210A
S31508003390284621F07AF92368834A93420CD0834A57
S315080033A093422BD002F5804293422CD002F58042FC
S315080033B093422DD0824CE2E7002682488249834A0E
S315080033C02B600123A64685F8843005F1040CC5E96F
S315080033D01512A867BEE80F00ACE80F009EE80F00BC
S315080033E08CE80F00637E012B08BF8DF81D30A37E85
S315080033F0032BDFD8DFE803F014118688012674480A
S315080034007449754ADCE7022674487549754AD7E750
S31508003410032675487549764AD2E704238DF8123093
S31508003420227EE368012A4FF000026FD171498DF8B8
S3150800343011208B429CBF05238DF835306E4B6F48A3
S3150800344003932EF019F9AB6F98682EF015F92369D6
S31508003450DA1F092AAED8063B8DF81030237E2BB921
S31508003460E37EB3FA83F35B098DF81C300121284605
S315080034701FF0A4FB01A9206801F028FF237A22790E
S31508003480760142EA034206F1A04303F57033C3F816
S31508003490AC24617A627942EA0142C3F8A424A17A8B
S315080034A0A27942EA0142C3F8A8241C22C3F894244C
S315080034B0E27E4AB9E17AE27942EA0142C3F89824FF
S315080034C0012141F2944299502DF0ECFE4C4B1A78AA
S315080034D0FAB901221A702DF0E0FE05F0A5FA284681
S315080034E0FFF72EFE0446002840F022813B681BB9F0
S315080034F04449454805F036F92D4805F1A8011EF05E
S315080035000DFD3CE7022389E7062387E78DF834207B
S3150800351095E72DF0C2FEE2E73C4F06AE0FCF0FC689
S3150800352097E8070086E80700002D3FF421AFAC2294
S315080035300021284621F0A9F82368354A93420ED07F
S3150800354002F58042934229D002F5804293427FF4E5
S3150800355031AF4FF002082F482F49304A04E04FF0A8
S3150800356000082F482F49304A2E462746C5E9151226
S31508003570A86746F8043B0FCF0FC697E80F0086E802
S315080035800F00637E012B08BF8DF82630A37E032B20
S315080035903FF610AFDFE803F05450B4B74FF0010818
S315080035A022482349234ADFE70000015B00C0085090
S315080035B08C160020C01C0308012000F00A2000F029
S315080035C0022000F0B0200308182103081C21030874
S315080035D09C200308102103081421030888200308E7
S315080035E0082103080C210308742003080021030896
S315080035F0042103083F4B4C0040420F00C81F030834
S31508003600AB780620F47D062090160020F41C0308EB
S3150800361000000A50F41F0308CC200308D42003082E
S3150800362034200308F4200308FC20030814200308A8
S31508003630E0200308E82003084FF40073ADF82830AB
S31508003640237E3C48012B03BF00238DF825304FF419
S31508003650E133E36808932EF00FF8AB6F98682EF005
S315080036600BF823691A1F0C2A3FF6A4AE033B206801
S3150800367006A98DF824301FF088FCA3696FF3172379
S315080036802BB94FF480322B6803F580539A60237A5E
S315080036902679607946EA0346637AA17940EA0340C7
S315080036A0E77EA37A244A41EA03414FEA48136FBBEF
S315080036B01A44C2F83868C2F83008C2F83418E17AF1
S315080036C0E27903F1A04342EA014203F57033C3F8F5
S315080036D024281D22C3F82028012128461FF06EFA47
S315080036E02DF0E0FD154B1A78FAB901221A702DF063
S315080036F0D4FD05F099F92846FFF722FD04463EE673
S315080037004FF480739AE74FF4407397E71344C3F86E
S315080037103868C3F83008C3F834181C2308F1410880
S315080037204FEA481842F80830D6E72DF0B6FDE2E72A
S31508003730034C24E6C81F030800C00350AB780620D4
S31508003740092000F0044BD3F88420D206FBD4D3F822
S315080037508400C0F3811070470040005038B5174BFD
S315080037600546D3F828310C4603F00703013B052B21
S3150800377020D8DFE803F003131B0F0B172CF048FBC8
S31508003780052305B1286004B1236038BD2CF040FB41
S315080037900623F6E72CF086FB0723F2E72CF078FBE6
S315080037A00323EEE72CF074FB0423EAE72CF06CFB0A
S315080037B00223E6E700231846E3E700BF008000502F
S315080037C0002337B50193164B0546D3F820320C462D
S315080037D003F00703042B21D8DFE803F0030B1116C7
S315080037E01B0001230DB1019A2A6004B1236003B0BE
S315080037F030BD002101A8FFF7B1FF1223F2E72CF034
S3150800380051FB07230190EDE72DF052FD0A230190A5
S31508003810E8E72CF09BFB09230190E3E70023E1E7A7
S315080038200080005038B5104B0546D3F850320C4688
S3150800383003F00303022B12D0032B08D0012B0AD066
S315080038400023184605B1286004B1236038BD2DF061
S3150800385032FD0C23F6E72DF02BFD0A23F2E72CF0B8
S3150800386075FB0923EEE700BF0080005038B5104B02
S315080038700546D3F880300C4603F00303022B0BD021
S31508003880032B0DD0012B0FD12CF0C8FA0E2305B14E
S31508003890286004B1236038BD2CF004FB0723F6E743
S315080038A02CF0B6FA0623F2E700231846EFE700BF26
S315080038B00080005038B5104B0546D3F800310C4649
S315080038C003F00303022B0BD0032B0DD0012B0FD1D2
S315080038D02CF0DEFA032305B1286004B1236038BD55
S315080038E02CF034FB0923F6E72CF0D8FA0823F2E784
S315080038F001230020EFE700BF0080005038B5184BC1
S315080039000546D3F820010C4600F00700062823D800
S31508003910DFE800F0040A0E16121A1E00012305B18C
S31508003920286004B1236038BD2CF072FA0523F6E747
S315080039302CF0AEFA0323F2E72CF0B4FA0723EEE7ED
S315080039402CF0A2FA0223EAE72CF062FA0623E6E74D
S315080039502CF09EFA0423E2E700231846DFE700BFAF
S315080039600080005038B5104B0546D3F840310C4658
S3150800397003F00303022B0BD0032B0DD0012B0FD121
S315080039802DF096FC0A2305B1286004B1236038BDE2
S315080039902CF0DCFA0923F6E72DF08DFC0C23F2E770
S315080039A001230020EFE700BF00800050002337B551
S315080039B00193164B0546D3F860320C4603F007030D
S315080039C0013B032B1FD8DFE803F0020E1914002170
S315080039D001A8FFF793FF10230DB1019A2A6004B1DD
S315080039E0236003B030BD002101A8FFF7BBFF1123F8
S315080039F0F2E72CF057FA07230190EDE72CF044FA8A
S31508003A0002230190E8E70023E6E700BF00800050A4
S31508003A10002337B50193164B0546D3F894320C4666
S31508003A2003F00703013B032B1FD8DFE803F0020E60
S31508003A301914002101A8FFF761FF10230DB1019A9F
S31508003A402A6004B1236003B030BD002101A8FFF746
S31508003A5089FF1123F2E72CF025FA07230190EDE7F9
S31508003A602CF012FA02230190E8E70023E6E700BFEC
S31508003A700080005038B5104B0546D3F860310C4627
S31508003A8003F00303022B0BD0032B0DD0012B0FD110
S31508003A902DF00EFC0A2305B1286004B1236038BD59
S31508003AA02CF054FA0923F6E72DF005FC0C23F2E76F
S31508003AB001230020EFE700BF008000502E4B9842FC
S31508003AC04AD022D82D4B984240D014D82C4B984235
S31508003AD039D00AD82B4B984232D02B4B98422FD04C
S31508003AE02A4B98422CD000207047294B9842FAD18D
S31508003AF0284B186F7047284B98422AD0274B984274
S31508003B00F1D1244BD3F880007047254B98422BD02F
S31508003B1009D8244B984223D0234B9842E3D11D4B16
S31508003B20D3F88C007047214B984221D003F57403D3
S31508003B3003F510539842D6D1164BD3F89800704720
S31508003B40144B986D7047134B586E7047114B586F4E
S31508003B507047104B986F70470E4BD3F88400704728
S31508003B600C4BD3F8880070470A4BD3F8900070477F
S31508003B70084BD3F8940070470048E8010024F40085
S31508003B80C0CF6A0080841E0000093D0040420F0035
S31508003B90405DC6000080E00FC0EA210180BA8C01B2
S31508003BA0007E560380D54302006CDC020090D003E9
S31508003BB073B50D460021114B0191D3F88041064695
S31508003BC004F00304022C13D0032C0CD0012C13D1BF
S31508003BD001A8FFF793FE10240EB1019B336005B1CF
S31508003BE02C6002B070BD2CF05DF907240190F3E754
S31508003BF02CF04AF90190EFE70C46EDE700800050FB
S31508003C0038B5104B0546D3F840320C4603F003038B
S31508003C10022B0BD0032B0DD0012B0FD12DF048FB17
S31508003C200A2305B1286004B1236038BD2CF08EF94B
S31508003C300923F6E72DF03FFB0C23F2E701230020CA
S31508003C40EFE700BF0080005038B5144B0546D3F89F
S31508003C5000020C4600F0070004281BD8DFE800F035
S31508003C6003090D111500012305B1286004B123606D
S31508003C7038BD2DF01DFB0A23F6E72CF067F909235A
S31508003C80F2E72DF018FB0C23EEE72CF0E7F80F23EC
S31508003C90800AE9E700231846E6E700BF00800050DF
S31508003CA038B5144B0546D3F808020C4600F0070051
S31508003CB004281BD8DFE800F003090D1115000123BD
S31508003CC005B1286004B1236038BD2DF0F1FA0A2346
S31508003CD0F6E72CF03BF90923F2E72DF0ECFA0C2372
S31508003CE0EEE72CF0BBF80F23800AE9E70023184615
S31508003CF0E6E700BF00800050B0F5207F1FD009D846
S31508003D00B0F5007F15D003D868B1B0F5C07F0AD0EA
S31508003D1000200CE0B0F5607FFAD10B4BD3F8800099
S31508003D20C0F3011003E0084B186FC0F303300130ED
S31508003D307047054BD3F89000C0F30460F7E7024BD1
S31508003D40186FC0F38020F2E70080005002464FF457
S31508003D508030104B10B598660020FFF7CDFF504312
S31508003D6041F671320C4BDC69DA635A6804F4803424
S31508003D7022F4401259B90949884294BF002001200B
S31508003D80000502435A600CB10022DA6310BD0449EB
S31508003D90F2E700BF0090005000000350005A62028C
S31508003DA0002D31014209531E022B96BF074B0023F3
S31508003DB003EB820300F01F0029B103F580530122AB
S31508003DC082401A60704703F50053F8E76080005098
S31508003DD01FB50021B0F5807F0446CDE9001100F03B
S31508003DE0CF803BD8002800F0A480A0F12004602CE6
S31508003DF044D8602C42D8DFE804F09CA49CA4B4B450
S31508003E00B4B4B4A4BE4AD46A4AA4A4A44141414164
S31508003E1041414141A4A4A47CDEA441414141414120
S31508003E20414141414141E3B49C9C9CD94A4A88E8B6
S31508003E305FB94141414141939C41B4B4B4B4B4B96A
S31508003E40B9A441A4A44141414141414141414141B3
S31508003E50414141414141414141419800B0F5E06F3E
S31508003E6000F0A98038D8B0F5607F75D01AD8B0F5BB
S31508003E70007F61D005D8B0F5C07F5AD0009804B04D
S31508003E8010BDB0F5207F5CD0B0F5407FF6D12BF0A1
S31508003E90E5FF02464FF42070FFF72EFFB2FBF0F263
S31508003EA0520857E0B0F5B06F65D00AD8B0F5806F04
S31508003EB057D0B0F5A06FE1D100216846FFF780FC26
S31508003EC0DCE7B0F5C06F6CD0B0F5D06FD6D1002165
S31508003ED06846FFF7B9FED1E7B0F5186F70D00DD870
S31508003EE0B0F5086F7FD0B0F5106F5FD0B0F5F06F02
S31508003EF0C4D100216846FFF7BDFDBFE7B0F5286FBE
S31508003F0063D007D8B0F5206FB8D100216846FFF70F
S31508003F104DFDB3E7B0F5406F28D0B0F5486FADD189
S31508003F2000216846FFF774FDA8E72BF077FF00909D
S31508003F30A4E72BF093FFFAE72BF070FF0246204622
S31508003F4004E02BF08BFF02464FF42070FFF7D4FEF7
S31508003F50B2FBF0F2009291E701A8FFF787FC019AFD
S31508003F60EDE700216846FFF7C9FC87E700216846A8
S31508003F70FFF7F4FB82E700216846FFF719FE7DE7A5
S31508003F804FF0E02302911B695B0705D52BF066FF0E
S31508003F900290029B009371E703A902A8FFF7E2FCCF
S31508003FA0F7E700216846FFF7DDFC67E7002168466A
S31508003FB0FFF776FE62E700216846FFF721FE5DE718
S31508003FC000216846FFF72EFC58E70021084B0391AD
S31508003FD0D3F8703203F00303012B02D103A8FFF7CD
S31508003FE0C1FC039BD6E76846FFF764FC46E700BFBB
S31508003FF00080005008B58020FFF7EAFE034B984280
S315080040009EBF4FF48032024B1A6708BD005A6202FF
S3150800401000A000501FB503460020B3F5807F01902D
S3150800402000F0F48000F28E80662B7DD83C2B06D8F3
S31508004030243B092B5ED9019805B05DF804FB3D3B8E
S31508004040292BF8D801A252F823F000BF2F42000806
S315080040505D4200083740000837400008374000082E
S315080040603740000837400008374000083740000846
S315080040703740000837400008374000083740000836
S315080040803740000837400008674200080342000826
S31508004090374000083740000837400008AB410008A1
S315080040A03740000837400008C5410008714200083B
S315080040B06D410008534200083740000837400008A1
S315080040C0374000083740000837400008DD4100083F
S315080040D0374000083740000803420008034200083A
S315080040E0034200080342000803420008534200083E
S315080040F053420008092B9ED801A252F823F000BFAC
S31508004100034200080342000803420008034200086D
S315080041100342000837400008F94100083740000804
S315080041208B41000839420008802B84D1594B1B6FFC
S3150800413003F00703013B032B3FF67DAFDFE803F0EF
S315080041405A535658B3F5F06F71D023D8B3F5B06FFC
S3150800415052D010D8B3F5607F77D0FFF46CAFB3F5C3
S31508004160806F4ED0B3F5A06F7FF465AF002001A92C
S31508004170FFF726FB5FE7B3F5D06F5DD0B3F5E06FC9
S315080041806CD0B3F5C06F7FF456AF002001A9FFF7D6
S31508004190E9FB50E7B3F5186F65D00BD8B3F5086F90
S315080041A04FD0B3F5106F7FF446AF002001A9FFF793
S315080041B077FD40E7B3F5286F5AD008D8B3F5206FD6
S315080041C07FF439AF002001A9FFF7F0FB33E7B3F519
S315080041D0406F3ED0B3F5486F7FF42DAF002001A99C
S315080041E0FFF716FC27E70523019324E70323FBE7DC
S315080041F00823F9E70223F7E7002001A9FFF7D8FC0F
S3150800420019E7002001A9FFF779FB14E74FF0E0232F
S3150800421002901B695B0705D52BF020FE0D2303933F
S31508004220039BE1E703A902A8FFF79CFBF8E7002038
S3150800423001A9FFF71FFCFEE6002001A9FFF704FD10
S31508004240F9E601A9FFF736FBF5E601A9FFF70EFB2C
S31508004250F1E6002001A9FFF781FAECE6002001A9A2
S31508004260FFF7CEFCE7E6002001A9FFF7DBFAE2E656
S31508004270084BD3F8703203F00303012B04D0022B4A
S315080042800CBF15230023AFE7002103A8FFF76AFB3D
S315080042901123A9E7008000504FF48032074B0849E4
S315080042A0586E03F580535A664B6A23F001034B6236
S315080042B0C3035CBF034B5A66704700BF00800050BB
S315080042C00000085000A0005008B5FFF7A3FE092813
S315080042D011D00A38012802D94FF6FF7008BD4FF4ED
S315080042E08002064B5A6603F5D8335B6ADB07F3D5BB
S315080042F04FF4FA70F2E7024B1888EFE70090005087
S31508004300067F062008B5FFF785FE03280ABF024B7D
S315080043104FF6FF70188808BD047F062038B5044696
S315080043208020FFF777FE032800F08A804FF480127A
S31508004330544B4FF0A0615A6645F60E03524AC2F82E
S315080043408030524B99624FF4803103F5805399625D
S31508004350936DD903FCD4916D11F08041FBD1D4E95A
S3150800436000031B0543EA0063E07B0343207B43EA23
S315080043700043607B43EA0033A07B43EA8013136162
S315080043809069D4E904531B0643EA856300F00040AC
S315080043900343A07EE57E0343207E43EA0043607E16
S315080043A043EA00239361136AE06923F00F030028A8
S315080043B043EA000343EA850314BF0125002543EABF
S315080043C0C5031362324D3CD194F82430916A94F8AF
S315080043D02000DB00294043EA40130B4394F82110E0
S315080043E043EA011343F4803393622A49264A936DBC
S315080043F031EA0303FBD14FF08071244881621369C7
S31508004400A56823F4700343EA055313614FF000438C
S31508004410836194F822300BB91F4B996294F82330C4
S315080044203BB94FF480321C4B9A62174A936D5B0076
S31508004430FCD494F825301BB1134B184AC3F88020D6
S3150800444038BD022808D11161154891614FF4085208
S315080044504FF47F411EF026FC0B4994F822308A6AF5
S3150800446094F820001B062A4043EA4013134394F8A5
S31508004470242043EAC20394F8232043EA02438B62CA
S31508004480D7E700BF009000500040005A0050005A7D
S31508004490C7FFFEFE030001000060005AF1A7FFFFF8
S315080044A03440005A014B93F900007047BD7F06203F
S315080044B04FF400011B4A437810B551664FF4D151A9
S315080044C0022402F5B832516217494F2B4C604FF05F
S315080044D0010428BF4F2301F580514C601169C903B7
S315080044E0FCD4017843EA01235361D0E901131B0187
S315080044F043EA0123417B0B43017B43EA4103936073
S31508004500C37B817B1B0143EA4113417C0B43017C3E
S3150800451043EA41035360837C13B16FF4D15353626A
S3150800452010BD00BF0090005000100250014B1880CB
S31508004530704700BF067F0620014B1880704700BFF2
S31508004540047F06204FF4800208B5184B5A660223EA
S31508004550174A5360936813F48033FBD1012822D19C
S315080045602BF096FC134B984215D003F5122303F54E
S31508004570F863984213D0104B00EB8002400AB3FB55
S31508004580F0F3520A0A49CA620B6301234B620022FE
S31508004590074B5A6008BD45F67A13084AF2E745F60E
S315080045A01A03074AEEE75362F1E700BF009000508E
S315080045B00040025000F0490264666666D8B80500F5
S315080045C0BBCF0500B0F5207F10B50C4657D008D8EC
S315080045D0B0F5007F48D003D830B3B0F5C07F23D0FC
S315080045E010BDB0F5607FFBD12949013CD1F8FC200C
S315080045F012F080721EBFD1F8FC3023F08073C1F828
S31508004600FC302449D1F8803023F0300343EA0414FF
S31508004610C1F88040002AE3D01D4AD2F8FC3043F0A6
S315080046208073C2F8FC30DBE71EF04BFB1EF057FB2D
S315080046304FF48031184B174A1967136F013C23F45E
S31508004640704343EA043414672BF008FC0446FFF76A
S3150800465079F8C0F1020120461EF03BFB00F036F85F
S31508004660BDE81040FFF7C6BC0A4A4C1ED2F8903087
S3150800467023F0F85343EA0464C2F89040B0E7054AC9
S315080046804C1E136F23F4806343EA84231367A7E75A
S3150800469000ED00E0008000500090005008B50121B0
S315080046A0022000F01FFC4FF42070FFF725FB054B96
S315080046B018701EF006FB1EF012FB4FF48032024BF8
S315080046C01A6708BDAC7806200090005008B54FF46C
S315080046D0C070FFF77DFBBDE808400449884294BFD7
S315080046E0012102214FF42070FFF76CBF80F0FA0217
S315080046F038B504462BF0B2FB0546FFF723F8C0F1A0
S31508004700020128461EF0E5FA0121002000F02AFCE5
S315080047102CB1FFF7DBFFBDE83840FFF76BBC034B56
S315080047204FF420701978FFF74DFFF4E7AC780620B0
S31508004730B0F5807FF8B50C4600F08A8100F28B80D0
S31508004740662879D83C2803D8243809285AD9F8BDC8
S315080047503D382928FBD801A353F820F0DF4A000882
S31508004760ED4B00084F4700084F4700084F47000821
S315080047704F4700084F4700084F4700084F470008B3
S315080047804F4700084F4700084F4700084F470008A3
S315080047904F4700084F4700080D4C0008314A0008EB
S315080047A04F4700084F4700084F470008F9480008D8
S315080047B04F4700084F4700082B4900082D4C0008B2
S315080047C087480008CD4B00084F4700084F470008A8
S315080047D04F4700084F4700084F4700085B49000845
S315080047E04F4700084F470008314A0008314A000879
S315080047F0314A0008314A0008314A0008CD4B000802
S31508004800CD4B00080928A2D801A353F820F000BF11
S31508004810314A0008314A0008314A0008314A00087E
S31508004820314A00084F470008114A00084F47000858
S31508004830BF480008FF4A0008802888D18B1E062B2F
S3150800484000F29B80DFE813F0DE00CC009900E1005F
S3150800485099009900DB00B0F5F06F00F040813ED872
S31508004860B0F5B06F00F0D4801DD8B0F5607F00F0C9
S315080048708781FFF46CAFB0F5806F00F0D980B0F592
S31508004880A06F7FF464AF073C0B2C8CBF0021AC4BA8
S31508004890AC4A98BF195DD2F8203223F007030B43C0
S315080048A0C2F8203253E7B0F5D06F00F02881B0F592
S315080048B0E06F00F09B81B0F5C06F7FF448AF093C0C
S315080048C0032C8CBF0021A04B9E4A98BF195DD2F8D5
S315080048D0403123F003030B43C2F8403137E7B0F504
S315080048E0186F00F0938117D8B0F5086F00F017819C
S315080048F0B0F5106F7FF42BAF093C062C8CBF002156
S31508004900924B904A98BF195DD2F8083223F00703F4
S315080049100B43C2F808321AE7B0F5286F00F0868113
S3150800492013D8B0F5206F7FF412AF023C0F2C8CBF62
S315080049300021874B834A98BF195DD2F8603223F06D
S3150800494007030B43C2F8603201E7B0F5406F00F089
S315080049503D81B0F5486F7FF4FAAE023C0F2C8CBF50
S3150800496000217C4B774A98BF195DD2F8943223F020
S3150800497007030B43C2F89432E9E600252E464FF4A6
S3150800498080370121022000F0ADFA1EF09AF91EF0D8
S31508004990A6F9714B6B4A1F67136F23F0070333435E
S315080049A013672BF05BFA0646FEF7CCFEC0F1020150
S315080049B030461EF08EF90121002000F0D3FAFFF7E9
S315080049C085FEFFF717FB002D7FF4C1AE032C7FF49D
S315080049D0BEAE624B624A9F62936D5C00FCD4B6E63B
S315080049E04FF480125C4B0E465A664FF480325C4B8D
S315080049F09D6A03F58053C5F300659A62BFE70025F3
S31508004A000426BCE700250126B9E700250226B6E7F5
S31508004A10023C0E2C8CBF0021524B4A4A98BF195DA6
S31508004A20D2F8803123F003030B43C2F880318EE6B7
S31508004A30023C052C8CBF00214B4B424A98BF195D9E
S31508004A40D2F8203123F007030B43C2F820317EE663
S31508004A50A1F10904082C3FF67AAE01A353F824F015
S31508004A60854A0008854A00084F470008854A000815
S31508004A70B34A00084F4700084F4700084F47000849
S31508004A80854A00084FF480322E4B3849586E03F594
S31508004A9080535A664B6AC00343F001034B625CBFFE
S31508004AA0334B5A664FF0E022136923F0040313616F
S31508004AB04DE64FF48032234B2C49586E03F580534C
S31508004AC05A664B6A23F001034B62C1035CBF284B4D
S31508004AD05A664FF0E022136943F00403E7E7093CFE
S31508004AE0032C8CBF0021234B164A98BF195DD2F8B8
S31508004AF0603123F003030B43C2F8603127E6093C13
S31508004B00062C8CBF00211C4B0E4A98BF195DD2F8A3
S31508004B10003223F007030B43C2F8003217E6CC1E17
S31508004B20062C8CBF0021154B064A98BF195DD2F892
S31508004B30003123F003030B43C2F8003107E600BF38
S31508004B40201D030800800050431D03083C1D030870
S31508004B50101D0308101D0308009000500060005A3D
S31508004B600040005A4D1D0308471D03080000085061
S31508004B7000A00050431D03083C1D0308351D03080B
S31508004B803349063CD1F8FC2012F080721EBFD1F8DA
S31508004B90FC3023F08073C1F8FC30082C8CBF002051
S31508004BA02C4B2D4998BF185DD1F8803023F00303AC
S31508004BB00343C1F88030002A3FF4C9AD244AD2F82D
S31508004BC0FC3043F08073C2F8FC30C0E5023C052C8B
S31508004BD08CBF0021214B204A98BF195DD2F8283195
S31508004BE023F007030B43C2F82831B0E5093C032C30
S31508004BF08CBF00211A4B184A98BF195DD2F840326B
S31508004C0023F003030B43C2F84032A0E5093C032C0A
S31508004C108CBF0021134B104A98BF195DD2F8503249
S31508004C2023F003030B43C2F8503290E5112C0DD044
S31508004C30A4F115035C425C416400074AD2F870325D
S31508004C4023F003032343C2F8703280E50124F4E716
S31508004C5000ED00E02C1D030800800050471D0308E6
S31508004C60431D0308431D03084FF4C02270B50546CB
S31508004C70FEF724FF2F4B04465A6603F598335A6805
S31508004C80012A04D12C494A605A689207FCD480202C
S31508004C90FFF7C0F9052807D11EF013F81EF01FF814
S31508004CA04FF48032234B1A67244B24F040749D42FC
S31508004CB035D0234B9D4235D02BF0AAF885420646BF
S31508004CC003D90121284600F04DF91E4BDA6812F087
S31508004CD0060FFBD199689C609A68624012F4F81F27
S31508004CE023D12846FCF7A6FC8020FFF793F9052870
S31508004CF00DD12BF0B3F80446FEF724FDC0F10201EE
S31508004D0020461DF0E6FFFFF7E1FCFFF773F9B54211
S31508004D100ED8BDE870400121002000F023B944F008
S31508004D200074C9E744F08074C6E735469960DBE746
S31508004D3070BD00BF0090005000E0015040420F00D7
S31508004D4080841E0000000150364B98424FD01CD874
S31508004D50354B984257D00ED8344B98424FD008D886
S31508004D60334B98422CD0334B984229D0324B984239
S31508004D7026D0002327E0314B984234D0304B984256
S31508004D80F7D1304BD3F8BC301DE02F4B984232D0C8
S31508004D900FD8A3F53703A3F5D853984237D003F5B0
S31508004DA0B70303F558639842E3D1264BD3F8C830C6
S31508004DB009E0264B9842DCD1224BD3F8D03002E0EA
S31508004DC0204BD3F8A0304FF40021214A23F040733A
S31508004DD05166194A90421ED0154A90421ED04FF08D
S31508004DE0B44293607047174BD3F8B830EBE7154BCE
S31508004DF0D3F8C030E7E7134BD3F8CC30E3E7114BD1
S31508004E00D3F8A430DFE70F4BD3F8B030DBE70D4B10
S31508004E10D3F8C430D7E743F00073E0E743F0807374
S31508004E20DDE700BFC0EA210180969800404B4C00A0
S31508004E3080841E0000093D0040420F00405DC60008
S31508004E400024F4000080E00F0048E801005A6202DE
S31508004E5000900050024A536B0342FCD1704700BFD2
S31508004E6000800950044A4178536F23F4407343EA9B
S31508004E7001235367704700BF00400050104A10B521
S31508004E801369044643F0040313612BF06BFE1DF00F
S31508004E902BFF0C4B5B6E5B0142BF0B4B0B4AC3F8F7
S31508004EA02024BFF34F8FBFF36F8F30BF1DF01DFF58
S31508004EB003F088FD1CB9BDE810402AF0CFBF10BD2D
S31508004EC000ED00E00080005000E003500000FF0FF6
S31508004ED0034A0179D36E23F030030B43D366704738
S31508004EE000400050F8B504461C4BD3F88420D10680
S31508004EF0FBD4D3F88430C3F381139C422CD02AF018
S31508004F008DFF012C064602D121461DF0E2FE2CF04B
S31508004F10C0F94FF00072124B07465A6620461DF03C
S31508004F20E7FE4FF480630D4D621E93402B676B6E50
S31508004F309A0103D4D5F884309B060AD538462CF056
S31508004F40A3F9022C08D13046BDE8F84000211DF02F
S31508004F50C0BED5F88430EAE7F8BD00BF004000506F
S31508004F600060005010B50C4608B92AF057FF074BE9
S31508004F7021461B783BB1064B984204D80120BDE870
S31508004F801040FFF7AFBF0220F9E700BFAD78062053
S31508004F90005A62020278034B012100201A70FFF7BB
S31508004FA0E1BF00BFAD7806204FF0004238B5244B6C
S31508004FB0244C5A664AF6CD33656C014605F0010560
S31508004FC0236430BB0120FFF745FF6368DB0708D47D
S31508004FD0002415B11B4B1C4A1A6429F0BFFF204652
S31508004FE038BD1A4B58600846194B226BD20705D4B0
S31508004FF0984201D10724ECE70130F6E79842E7D159
S31508005000F8E70132236B13F0080305D08A42F8D17A
S31508005010F0E700220E49F5E78A42EBD020210B4A39
S3150800502091620121A2F5805251600649084A886AB0
S31508005030800603D49342DDD00133F8E79342DEE7D6
S3150800504000900050008009503254FFFF00A009501C
S3150800505040420F004FF0004238B5164B01465A66DB
S315080050604AF6CD33144C154A656C236443780B20F5
S315080050705B0043F00103D363FFF7ECFE63688A78AD
S3150800508023F4F87343EA02136360CA784B7943EA58
S315080050900223A3600A798B7943EA022323610878FD
S315080050A0FFF782FFEB0744BF054B236429F056FF41
S315080050B0012038BD00900050008009500040005083
S315080050C03254FFFF4FF00042124B70B55D6E03F588
S315080050D080535A664AF6CD3304460F4980204E6CF3
S315080050E00B64FFF7B7FE0B6A23F00F030F2C94BF70
S315080050F0234343F00F030B62F30744BF074B0B64CC
S31508005100002DA2BF4FF00042054B5A6629F026FF34
S3150800511070BD00BF00800050008009503254FFFF68
S3150800512000A000504FF00042104B70B55D6E03F5BD
S3150800513080535A664AF6CD3304460D4980204E6C94
S315080051400B64FFF787FE0B6A23F4F85343EA04233C
S315080051500B62F30744BF074B0B64002DA2BF4FF049
S315080051600042054B5A6629F0F9FE70BD00800050D2
S31508005170008009503254FFFF00A0005010B51DF002
S31508005180BCFD042300F5805100F500520B61136144
S315080051900B6113610B6113610B611361202341F2EB
S315080051A0020103610023C360836041614FF4A021BB
S315080051B08361836541620549C36103628362C36291
S315080051C043630365D164036310BD00BFFF3F0D034E
S315080051D0F8B505461446084681B9394B9D4238D07C
S315080051E0384B9D4237D003F580439D4235D003F5B1
S315080051F080439D4208BF6620FEF7EAFDAB68DE07DE
S3150800520033D5B0FBF4F46E68013C16F001062AD0DB
S31508005210282128461DF06DFDAB6C99071FD1AB6C94
S31508005220DA071ED4AB6C13F0020F14BF062700274B
S3150800523028461DF062FD2B6923F07F4343EA046389
S315080052402B61002E3BD039462846BDE8F8401DF0B4
S315080052506EBD5620D0E75720CEE76520CCE7052758
S31508005260E6E70927E4E73746E5E76B68AB6DDB0752
S31508005270AB6848BF640003F0E003402B1BD014D88A
S31508005280002B0CBF1023082363434101B1FBF3F243
S315080052900D4B203A03EAC202284601211DF029FDDA
S315080052A02A63BDE8F8401DF024BD602B05D0802B8D
S315080052B005D10123E8E70623E6E70423E4E7F8BD7A
S315080052C00000015B00C00850F8FF7F00436870B516
S315080052D004460E460D691BB140F6FF711DF009FD27
S315080052E02046FFF74BFF2269737BB17B22F08702CA
S315080052F00B43134343F0800323610DB323692A7FCD
S3150800530023F0F80343EAC2132A7813432A7943EAB7
S3150800531042136A7A43EA0213EA7B43EA8213236159
S31508005320E268D5E9053122F0F04222F470220B43F7
S3150800533013432A7B43EA82236A7B43EAC233E36048
S31508005340A368F27B23F00303134343F00103A3602E
S3150800535025B36B88A26803F4C0431343A360A3680C
S315080053606A7943EA8223A360AB79E979626A1B0109
S31508005370090203F0700301F4E06122F4772222F4B3
S31508005380EE620B4313432A7A120302F4E0421343F4
S315080053906A7F120402F47022134363626369327BE4
S315080053A023F00F0313436361ADB16B89A3616B7B74
S315080053B03BB12E4B9C421DD1AB7B2D4A03F00F030C
S315080053C05367EB7B3BB1294B9C4231D12B7C284A56
S315080053D003F00F0313672046D6E90112FFF7F8FE1C
S315080053E0204631781DF0A3FCA36CDB4313F4405F21
S315080053F0FAD170BD1F4B9C4206D1AB7B1C4A03F009
S315080054000F03C2F88030DCE71B4B9C4206D1AB7B0E
S31508005410174A03F00F03C2F88C30D2E7174B9C42A9
S3150800542001BFAB7B124A03F00F03C2F89830C8E7F6
S31508005430104B9C4205D12B7C0D4A03F00F03D36712
S31508005440C9E70D4B9C4206D12B7C094A03F00F0392
S31508005450C2F88830BFE7094B9C4201BF2B7C044A3F
S3150800546003F00F03C2F89430B5E700BF0000015BF4
S315080054700090035000C00850000009500040095031
S315080054802DE9F04105460F461E4690464AB10123CE
S3150800549030221C4C8B4002FB004416B304F58254A0
S315080054A023603023072F4FF00F0105FB03F3164C3B
S315080054B01AD8BA00181D134608FA02F29940204471
S315080054C01DF057FCB8F1000F09D1012330210D4A10
S315080054D0BB4001FB052296B102F582521360BDE876
S315080054E0F08104F50154DBE7A7F1080C4FEA8C0CB0
S315080054F003F10C0008FA0CF201FA0CF1DFE702F5E9
S315080055000152EBE700C0035030C003504369DA018B
S31508005510FCD4012300F50050024A436053689B07F8
S31508005520FCD470470040005970B504461546FFF78D
S31508005530EDFF0B784A7803F0070343EAC203CA78FB
S3150800554043EA02238A78120102F070021343C4F870
S315080055508030E26A0B7922F0170203F0070313433F
S315080055604A79120102F010021343E3621A4B9C4275
S3150800557027D12A460026D37850785B0443EA0023CD
S3150800558010780532034312F8030C000400F4803047
S31508005590034306F128000136102E44F82030EAD1DC
S315080055A0012000220D4B04355860134603EB830691
S315080055B0AE5D16B100FA03F632430133102BF5D16E
S315080055C004E0012204F580535A6000228B79A26117
S315080055D00BB10823E36070BD004000590050005924
S315080055E00122014600F5805310B55A60224B234A22
S315080055F0C3604B691340FCD18B61C1F898304B6985
S3150800560013F4401FFBD14B69DA0530D48B6F002B9E
S315080056102DD14B699B052CD4D1F888404CBB084644
S31508005620CB6FD1F88C30FFF771FF30238C600C619B
S31508005630CC620C620B67C1F88030114B994210D1CD
S3150800564042F260020F4B8A640B654C658A652246F6
S315080056500B664C6604F128030134102C41F823200C
S31508005660F8D1094B01F500514B628B6210BD4B6FA7
S31508005670C9E7D1F88430CCE71200020052000100D5
S315080056800040005900C002808F330F80084608B5D5
S3150800569069B92A20FEF79CFBB0B10C4B984206D993
S315080056A00B4B9B68C3F302730133B0FBF3F0094B52
S315080056B000F5742000F23F20B0FBF3F001387F2894
S315080056C028BF7F20C0B208BD0120F0E7005A620259
S315080056D00040005940420F000B4B10B5994228BFB5
S315080056E019460C461AB92A20FEF772FB0246631EB3
S315080056F01344B3FBF4F0A34228BF00F1FF3003289C
S3150800570028BF0320C0B210BD005A620210B50C466D
S31508005710FBB111491148012B08BF01468C4228BF2D
S315080057200C461AB92A20FEF753FB02469DF80830A4
S3150800573040F2FF300133B2FBF3F2631E1A44B2FBA8
S31508005740F4F3A24228BF03F1FF33984228BF184654
S3150800575010BD0349E2E700BF404B4C00002D310164
S31508005760809698002DE9F04F2DED048B05468DB0F7
S31508005770DFF850C306AE0F461446BCE80F000FC646
S315080057809CE80300DFF8408386E8030000224146D0
S315080057902846FFF7A1FF7E79864238BF0646284687
S315080057A0FFF7B4FE3879F6B250B92A20FEF710FB97
S315080057B04045014628BFB0FBF6F12846FFF766FFCD
S315080057C07B783A789B0043EA4203BA78000443EAB6
S315080057D0C203FA7800F4FE00120102F03002134305
S315080057E0320702F0E04213431843FB883A89A8605F
S315080057F02B617B8943EA02432B62A54B9D4208D065
S31508005800012305F580556B600DB0BDEC048BBDE832
S31508005810F08F4FF0000894F800B0A768BBF1000FAE
S315080058205CD09C499C4BBBF1010F08BF19465B46EF
S31508005830002297480096FFF769FF05EB0811D1F893
S3150800584048E0DFF888C20BF003030EEA0C0C43EAC3
S315080058500C0394F801C0BFB24FEA8C0C0CF01C0C78
S3150800586043EA0C0394F802C087424FEA4C1C5FFADD
S315080058708CFC43EA0C0394F803C038BF07464FEA8A
S315080058800C3C20790CF4E04C43EA0C034FEA004C3C
S315080058900CF4E02C43EA0C0394F810C04FEA081203
S315080058A04FEA4C5C0CF4600C43EA0C0394F805C010
S315080058B008F105094FEA0C7C0CF0405C43EA0C033E
S315080058C08B648B6C7549C3F30233013B042B00F2DE
S315080058D0D380DFE803F0D1D105AEBF007049A6E753
S315080058E0D1F88031BBF1010F4FEA134A40F2F0803C
S315080058F0BBF1020F40F06281002840F0B88105A88C
S31508005900039200F0D9FA9FED674A039A02F1B24171
S3150800591001F58041896C0CABC1F3421C03EB8C0189
S3150800592011ED065AFCEEC57AF7EE005A17EE901AF4
S3150800593007EE90AA75EE255A9FED5B6AF8EE677A30
S315080059405C2914BF85EE257A9FED587A67EE867A2C
S3150800595067EE877A9FED567A67EE877AF5EEC07A14
S31508005960F6EE006AF1EE10FA4CBF77EEE67A77EEBD
S31508005970A67AFDEEE77A02F1B24202F58042106D90
S31508005980002017EE901A1065106D0B0448BF40F002
S31508005990004010654748136D00EA814119431165B7
S315080059A03E49D1F88801D1F88811000C07EE900A13
S315080059B0012000FA0CF0B8EEE77A07EE900AF8EE46
S315080059C0E77A09B2C7EE274A07EE901AF8EEE77AA1
S315080059D034EEA77AF7EE044AC4EE847A67EE877A3D
S315080059E09FED357AC7EE054A84EEA57AF1EE005AA0
S315080059F007EEA57A05EE90AADFED307AF8EEE55ABD
S31508005A0037EE277A26EE656A47EE067AF5EEC07A0D
S31508005A10F1EE10FA4CBF77EEE67A77EEA67AFDEE4F
S31508005A20E77A17EE903A116DC3F311030B4313652A
S31508005A30C4E0D1F88431BBF1010F1FFA83FA3FF6AF
S31508005A4057AFBBF1000F40F0CC80D1F88C11091488
S31508005A50490044E0D1F88431BBF1010F4FEA134AFB
S31508005A603FF646AFBBF1000F40F0BE80D1F88C116F
S31508005A70091401EB410132E0D1F88031BBF1010F85
S31508005A801FFA83FA3FF634AFDFED0D7A2BE000BF3D
S31508005A9000400059404B4C00002D31010080E00FBA
S31508005AA08096980048E19A3F00000038E71B753F4A
S31508005AB0000000470000FC7F000080480000004905
S31508005AC0000000005C1D0308005A6202008F18CF10
S31508005AD0BBF1000F40F08280D1F88C11091407EE53
S31508005AE0901AF8EEE77A02F1B24202F58042936C18
S31508005AF00122C3F3820E0EF1010E02FA0EF207EE30
S31508005B00102A2AF4C0411AF4004F4FEA814118BFFF
S31508005B1041F0004113F01C0FB8EEC79AF6EE008A62
S31508005B20574B67D1BBF1000F61D1D3F88C2112B264
S31508005B3007EE102AB8EEC77A37EE878A00287ED194
S31508005B4005A8039100F0B8F9DFED4E7A68EE277ADA
S31508005B500399DFED4D6A86EE897ADFED4C6A27EE0A
S31508005B60267AF1EE006AB1F1004F07EEA67A0BD05D
S31508005B70DFED477A06EE10AA77EE276ABAEEE86AEC
S31508005B8056EE267AB0EE677AB5EEC07AF1EE10FADE
S31508005B90CABFB1EE477A78EEC78A77EE688AFDEE15
S31508005BA0E87A17EE903AB3F5003F57DB6FEA5141B2
S31508005BB06FEA4141374A4FEA0913D15008F1010308
S31508005BC0C7F3090705EB0919022B4FF00108C9F8B5
S31508005BD0047004F114047FF41EAE11E6D1F8941192
S31508005BE07CE7D1F8941132E7D1F8941140E7D3F85D
S31508005BF094219CE7BBF1000F15D1D3F8902112B27E
S31508005C0007EE102AB8EEC77A77EE677A69EE286A41
S31508005C101B4A87EEA67AD2F8882113B207EE903A85
S31508005C20F8EEE77A88E7D3F8982113B207EE103A28
S31508005C30B8EEC77A37EE677A77EE877AE6E7D4ED75
S31508005C40037ADFED156AF8EE677A87EEA67AF7EE3D
S31508005C50046AC6EE877A67EE887A7AE713F5003F14
S31508005C60AABFC3F3110341F400311943A2E7D4EDE7
S31508005C70037A9FED097AF8EE677A87EE874A45E652
S31508005C800080E00F3D3B843F000080430000204435
S31508005C90000000490040005900007A4410B501216F
S31508005CA004462020FEF77EF801212120FEF77AF827
S31508005CB00122114B23205A60227812069A606178D5
S31508005CC0A27842EA01429A61FF229A6200229A6306
S31508005CD01A644FF000425A654FF0FF3203F500533D
S31508005CE01A6502F0EBFB2320E1781EF08FF9BDE878
S31508005CF01040232002F0C6BB00000450F8B5012569
S31508005D00C3B2D1F800C08F7A0E7B0C469D40CB7A81
S31508005D101C491B050D65810001F1A04101F588218B
S31508005D20C1F804C04FF0300C0CFB00F0617B00F1A9
S31508005D30A04043EA074300F5802043EA465322F091
S31508005D4003020166C36502672BF0ACFA0E4B227A92
S31508005D505D6502B11D64627A02B19D632279A379F9
S31508005D6043EA0243074A93616179E37943EA0143C7
S31508005D7005498B61054B55639D64BDE8F8402BF0DA
S31508005D808CBA00BF002004500010045000000450D4
S31508005D9010B50124C0B284402BF084FA044B5A6D26
S31508005DA022EA04025A659C62BDE810402BF075BAD7
S31508005DB0000004504FF48032054B9A6641F6713262
S31508005DC003F51C33DA63012203F50053DA607047E2
S31508005DD0009000500B4B01219B6EDB035EBF4FF416
S31508005DE08032094B9A6641F67132084BDA63084AE3
S31508005DF0D1600022DA634FF48032A3F518339A662D
S31508005E00704700BF0080005000900050000003500B
S31508005E1000200350013836289ABF024B185C002030
S31508005E20704700BF741D03080346142B08461CD090
S31508005E300AD8012B1ED0122B11D070470E4A22FA0F
S31508005E4003F3DB0704D47047213B162BF6D97047BA
S31508005E5001280FD8DFE800F00D010120704701295D
S31508005E6007D0042908BF01207047022901D0052957
S31508005E70F8E70020704700BF0F00720038B5C2F37C
S31508005E800625044602F0070241B942EA052242F411
S31508005E9040220634074B43F8242038BD11462846CD
S31508005EA0FFF7C2FF02462846FFF7B4FF163442EA58
S31508005EB00022EFE7008003504FF48032084B5A6601
S31508005EC003F5EE239B69C3F3461203F00F010A4359
S31508005ED04280C3F30342C3F303334270037070472F
S31508005EE000900050014B986CD96C70470080E00F09
S31508005EF00120034B9B680A3303F01F039840704741
S31508005F000080E00F0D4B984208D1A3F5D023C3F8C3
S31508005F105812802300F58050C3657047084B984295
S31508005F2004D1A3F5D823C3F87412F2E7054B9842B7
S31508005F3004BFA3F5E023C3F89012EAE700000A506D
S31508005F4000400A5000800A50012200F580535A602A
S31508005F5040F6AA6341F20502436100230D498360B6
S31508005F60C365C26000F500520361C361C3649164EE
S31508005F7009498365884203D103650023436506E022
S31508005F8006498842F8D001F580418842F4D00123B9
S31508005F9053607047FFFF010000000A5000400A5096
S31508005FA010B504461DF06DF81DF057F850211DF088
S31508005FB02EF81DF03DF820461DF041F81DF06BF84F
S31508005FC01DF070F8042304F5805104F500520B61A6
S31508005FD013610B6113610B6113610B61136120235C
S31508005FE041F2020123610023E360A36061614FF47B
S31508005FF0A02161620649E3612362A361A365A362E6
S31508006000E3622365D16423636363236310BD00BF22
S31508006010FF3F0D0370B504460D46FFF7C1FF236920
S315080060202A7823F0870313436A7A43EA420343F044
S3150800603080032361A368AA7A23F0030343EA420391
S3150800604043F00103A36063692A7A23F00F0313431D
S31508006050636123696A6823F07F4343EA0263236125
S31508006060EB68002B00F083802269197922F0F80288
S3150800607042EAC112197842EA4112D97842EA011273
S31508006080D97A42EAC102997942EA81122261E26822
S31508006090987C22F0F04222F4702242EAC062D87C50
S315080060A0597942EA0042987842EA802242EAC132A5
S315080060B0E260A268987A22F4C04242EA4032A260BC
S315080060C05A7804F5805092028260666ADA7B28481C
S315080060D002F0030230400243187B000100F0700012
S315080060E00243587B000200F4E0600243987B0003F9
S315080060F000F4E0400243587A000400F4702002439A
S3150800610062621A8AA26139B11A4A944211D174227A
S315080061100021D8791DF045F8EB689A793AB3154A03
S31508006120944215D17022BDE870400021187A1DF0FE
S3150800613038B8114A944201D18022E9E70F4A9442BD
S3150800614001D18C22E4E70E4A9442E5D19822DFE792
S31508006150094A944201D17C22E5E7084A944201D1D2
S315080061608822E0E7064A944201D19422DBE770BD13
S315080061708C88F0FF0000015B00C008500000095041
S31508006180004009500122437801789A403023594348
S31508006190014B5A50704700BF40E00350034BD3F8F9
S315080061A02424D3F820041040704700BF00C00350D1
S315080061B0064BDA6E02F03002202A06D0DA6E22F09A
S315080061C0300208B142F01002DA667047004000500B
S315080061D02DE9F8431C4B0546D3F810334B1E0E2BFE
S315080061E00E46174690F80090447820D921B34FF010
S315080061F000082846EFB129F0AFFE30230F2103FB34
S3150800620009F3072C88BF083C104895BFA400A400D2
S3150800621004330C3308FA04F2A14018441CF05AFF60
S3150800622086B9284657B1BDE8F84329F095BE884691
S31508006230DFE7FFF7A7FFE0E78846DEE7BDE8F843B4
S31508006240FFF7A0BFBDE8F88300C0035030C0035075
S315080062502C4B2DE9F0411746D3F810234A1C064665
S315080062600C4605D1D3F8241440781CF042FF0446A6
S31508006270002C2FDB072C4FF0030532782DDC4FEA74
S31508006280840805FA08F529461F4802FA08F21CF0A0
S3150800629021FF294672781D4802F0030202FA08F225
S315080062A01CF018FF012317F0050F194A18BF1949E2
S315080062B003FA04F30CBFC2F81034C1F8103417F00F
S315080062C0060F18BF134AC2F814340123104AA34014
S315080062D0C2F820342046BDE8F081A4F108084FEA48
S315080062E0880805FA08F529460B4802FA08F21CF050
S315080062F0F1FE7278294602F00302084802FA08F20B
S31508006300CEE700BF00C0035000C4035008C40350C2
S3150800631000E0035000D0035004C403500CC40350DB
S3150800632038B505460C4C0140D4F8303423EA00034E
S31508006330C4F83034D4F830341943C4F83014D4F8D7
S315080063402C340343C4F82C34012004F50054FFF719
S315080063502FFFC4F8205438BD00C00350124B70B547
S31508006360D3F8103306461CF0D7FE0446481C1546DB
S3150800637016D0621C0FD08C420FD10321304685F00F
S315080063800102FFF725FF012004F1100305FA03F1C6
S315080063909840FFF7C5FF204670BD4FF0FF34FAE777
S315080063A0631CEAD1F7E700BF00C00350054B9A68A3
S315080063B09107FCD45A689207F9D4DA69002AF6D10B
S315080063C0704700BF00C00A5010B5034C636829F037
S315080063D0CFFD0223236110BD00C00A5008B5FFF7A0
S315080063E0E5FF0122024B03F580514A601A6108BD98
S315080063F000C00A50044B10B55C68012C03D1FFF7A6
S31508006400E3FF024B5C6010BD00C00A5000E00A5072
S3150800641038B5074DFFF7CAFF6B680446012B03D151
S31508006420FFF7E8FFFFF7C2FF2378EB6038BD00BF30
S3150800643000C00A5010B529F0A5FDB8B94A680B780E
S3150800644012B1127843EAC2034A7843EA42038A68D9
S3150800645012B1127843EA8213CA7843EA82030A69B8
S3150800646012B1127843EA4223014A936410BD00BF71
S3150800647000C00A504FF480320A4B5A6603F5EE23E1
S315080064809B69C3F303320270C3F303424270C3F33A
S31508006490461203F00F03134343804FF6FF738380BE
S315080064A0704700BF00900050014B986CD96C70473C
S315080064B00080E00F2DE9F04393B08946DDE91A879D
S315080064C01D460446002858D0002956D0B8F1000FBA
S315080064D053D0002F51D013F00F034ED12848294925
S315080064E00FAE002A08BF0146636021604846314660
S315080064F0A36023621CF033FF00283BD120460F9986
S315080065002AF0B6FF294620462AF0B2FF69464846D1
S3150800651000F04EFB70BB694620461DF024F948463C
S3150800652003A91CF0E5FF28BB204603A91DF01BF9AB
S31508006530CDF830804FF0010845F00055CDF834808D
S3150800654006AB0E950CAA07CA83E80700194620462B
S315080065501DF009F90F9709ABCDF84080119596E81B
S31508006560070083E80700204619462AF0A7FF2046B9
S3150800657029F068FD13B0BDE8F0832120FAE700BFD3
S3150800658000010004000101042DE9F04393B0894697
S3150800659017461D460446DDF86880002859D00029AC
S315080065A057D0002A55D0B8F1000F52D00B68103BCF
S315080065B0102B4ED8284A22FA03F3DB0749D5274B76
S315080065C00FAE03600023314643600362836048468A
S315080065D01CF0C5FE002839D120460F992AF048FF3D
S315080065E0294620462AF044FF6946484600F0E0FA64
S315080065F060BB694620461DF0B6F8484603A91CF05C
S3150800660077FF18BB204603A91DF0ADF80C970127A4
S3150800661045F000550D9706AB0E950CAA07CA83E8F8
S315080066200700194620461DF09EF80D4BCDF83C8014
S315080066301097119309AB96E8070083E807002046F0
S3150800664019462AF03BFF204629F0FCFC13B0BDE8AA
S31508006650F0832120FAE700BF0101010000000404CD
S31508006660100000202DE9F0410C4616461F46054647
S31508006670A0B0002800F09480002900F09180002A3C
S3150800668000F08E80002B00F08B80036B0F2B75D8E3
S31508006690444B0DF17408236000234146636030467D
S315080066A0A36023621CF05BFE002874D120461D9966
S315080066B02AF0DEFE296B20460F2984BF01F00F0160
S315080066C010312AF0D5FE304602A900F071FA0028EA
S315080066D061D1204602A91DF046F8304605A91CF0EE
S315080066E007FF002857D1204605A91DF03CF80123CD
S315080066F02D4AD5F830C0149508AE1593169214AAEB
S3150800670007CA86E807000CF00F0205F1100E42F0E2
S315080067100052CDF85CE00BAD1893199217AA07CA78
S3150800672085E80700CDF868E01B934CF000531C93EE
S315080067301AAA0EABBCF10F0F07CA83E807002DD9BA
S315080067400A9B314623F0005320460A931DF00BF8A6
S31508006750294620461DF007F801231D971E93124B64
S315080067601F9311AB98E8070083E8070020461946EF
S315080067702AF0A4FE204629F065FC0CE000F120036F
S31508006780019000930122102331462046FFF792FE1E
S3150800679000283FF47DAF20B0BDE8F0811946D8E760
S315080067A02120F8E700000404100000202DE9F04F2E
S315080067B00D46914698460646ADB0002800F0D680AC
S315080067C0002900F0D380002A00F0D080002B00F0CA
S315080067D0CD80026B369B02F00F07D3181B09B3EB6B
S315080067E0121F00F0BB80624B48460B6000234B60CB
S315080067F00B628B6029A91CF0B2FD0446002840F004
S31508006800A980369B284607EB030B29992BF00F0A1C
S315080068102AF02EFE514628462AF02AFE484602A9A4
S3150800682000F0C6F90446002840F09480284602A9DC
S315080068301CF099FF484605A91CF05AFE0446002894
S3150800684040F088804FF00109284605A91CF08BFF07
S31508006850484B1A961AAACDF86C901C9308AB07CA2F
S3150800686083E80700194628461CF07DFF06F1100349
S3150800687047F00052AAEB07071D930DF12C0CCDF833
S31508006880789047F000571F921DAA07CA8CE80700A0
S31508006890CDF8808020AACDF8849022970EAF07CA3B
S315080068A087E807000D9A614622F0005228460193B0
S315080068B00D921CF058FF394628461CF054FFAAF1E1
S315080068C0100242F0005223942A4BCDF8909011AF53
S315080068D0259223AA07CA87E8070006F1200226920E
S315080068E014ACCDF89C9026AA289307CA84E807001A
S315080068F0139A394642F080421392139A284622F098
S31508006900005213922AF0DAFD214628462AF0D6FDCF
S31508006910184B299617ACCDF8A8902B9329AB93E87A
S31508006920070084E80700214628462AF0C7FD2846BE
S3150800693029F088FB369BAAEB0B011944019B0446F8
S31508006940ABEB0A02184641441DF0A7FE336B369A94
S315080069501344336320462DB0BDE8F08F103041460E
S31508006960369A38441DF099FE0024EFE72124F1E712
S31508006970030200041000002000232DE9F0478EB022
S315080069800E46174604460193002869D00AB1002925
S3150800699066D037F0030807F0030A28D04FF0E06303
S315080069A04FF0000923600123C4F80490C4F8089046
S315080069B00896099348F000530A9308AA02AB07CA37
S315080069C0C4F8209083E80700194620462AF076FD89
S315080069D0414620462AF04CFD204629F033FB054661
S315080069E028B14246494630461DF04FFE03E0BAF14B
S315080069F0000F04D1002528460EB0BDE8F0874FF0F9
S31508006A00E0634FF00009236001ABC4F80490C4F8B2
S31508006A1008900B9301230C93124B0EAA0D9305AB0A
S31508006A2012E90700C4F8209083E8070019462046B3
S31508006A302AF044FD042120462AF01AFD204629F0B2
S31508006A4001FB054608B13A46CCE7019A4644EB00F5
S31508006A50013522FA03F3AA4506F8013BF7D1C9E73F
S31508006A602125C8E704000020F0B50F4616461D4646
S31508006A70044693B010B9212013B0F0BD0029FAD00E
S31508006A80002AF8D0002BF6D0002331461A4638469D
S31508006A901CF004FC0028EFD1304602A91CF095FB37
S31508006AA00028E9D1EB68022B0AD039683F48029AD8
S31508006AB081426B6902D01830814270D19A42DAD885
S31508006AC02B68002BD7D14FF060626360384622608E
S31508006AD0A360236201A91CF042FC0028CCD10199CD
S31508006AE0204621F4F06101912AF0C2FC6946284645
S31508006AF01CF035FC0028BFD1204600992AF0B8FCC6
S31508006B00384609A900F054F80028B5D1204609A945
S31508006B101CF029FE38460CA91CF0EAFC0028ABD16B
S31508006B2020460CA91CF01FFEEB684BB1284606A9A7
S31508006B3000F03EF800289FD1204606A91CF013FE57
S31508006B40304603A91CF0D4FC002895D1B368DA04B2
S31508006B500CD59B0427D50621F36932691B6801FB0E
S31508006B6003225B0043F0005303920593204603A9D2
S31508006B701CF0F9FD28460FA91CF0BAFC00287FF482
S31508006B807BAF20460FA92AF099FC0325204629F059
S31508006B9059FA01287FF470AF013DF7D16CE7B3EBE2
S31508006BA0420F8DD267E7292066E700BF200000B0B4
S31508006BB090B189B101234B60C368013B012B08D80A
S31508006BC08269064B1AB10A6000208B607047044A36
S31508006BD0F9E74FF00053F7E7212070470800002037
S31508006BE0AC1D0308F0B50E46154604468FB00028BE
S31508006BF062D0002960D0002A5ED0012329461A46B1
S31508006C0030461CF04BFB002856D1B36813F4C04F2E
S31508006C1052D0AB6803F4C043B3F5005F4CD1284BA0
S31508006C200BAF60602062A0603946304623601CF0D6
S31508006C3096FB00283ED120460B992AF019FC3046CF
S31508006C4002A9FFF7B5FF002836D120461CF08BFDB8
S31508006C50304605A91CF04CFC60BB204605A91CF073
S31508006C6082FDEB6843BBAB6803F4C043B3F5005F32
S31508006C7022D1284601A91CF0D2FAE8B9019B6A6913
S31508006C809A421BD32A6943F000530B9201220C92B5
S31508006C900D9308AB97E8070083E8070019462046D6
S31508006CA02AF00CFC0325204629F0CCF9012801D14D
S31508006CB0013DF8D10FB0F0BD2120FBE71D20F9E713
S31508006CC00000010206289ABF014B185C0020704795
S31508006CD0B41D030800F01F02A0F50620A0F55060B9
S31508006CE0812810D8012309494009934051F82020EA
S31508006CF01A4341F82020064951F8202022EA0302C7
S31508006D0041F8202070474FF0FF307047B01600203A
S31508006D109C16002000F01F03A0F50620A0F5506081
S31508006D20812810B519D801210D4A4009994052F811
S31508006D3020300B430B4942F82030D1E90034234474
S31508006D408C682344CC68096923445B1804D1C2E9DA
S31508006D500033C2E90233136110BD4FF0FF30FBE781
S31508006D609C160020B01600202DE9F04FA7B003921C
S31508006D701D4604460822CDE90401414021FA02F3E2
S31508006D804B40980702F1080218BF9B00202A1C44B2
S31508006D90F4D18123B4FBF3F303EBC313E41A784B62
S31508006DA004F506241B7804F55064002B39D1FCF74A
S31508006DB0D1F8064600286ED10146402206A81DF0E5
S31508006DC064FC3146402216A81DF05FFC6D4E6E4FDE
S31508006DD0B0461036B74228BF37466C48013F009781
S31508006DE043461022006806A91BF0B6FC4FF0000BBC
S31508006DF081460DF1180AD94540D1644800974346A3
S31508006E001022006816A91BF0B0FC4FF00008834654
S31508006E1016AFC34545D15E4B9E42D8D10122584B89
S31508006E201A7081270026DFF878A1DFF878B16309A0
S31508006E30A3F58643683B5AF8232004F01F01CA408D
S31508006E40D20744D45BF82330CB40DB0732D5002E7B
S31508006E5008BF26468123A4F50624A4F6FF44B4FBFE
S31508006E60F3F303EBC313E41A04F50624013F04F510
S31508006E705064DCD1039BFBB12EBB1DE05AF8040B12
S31508006E80FFF728FF013009D100223D4B1A703C4B11
S31508006E901B78002BC5D16FF091000FE00BF1010BA9
S31508006EA0A9E757F8040BFFF735FF0130EFD008F1D3
S31508006EB00108AEE7039B23B96FF08B0027B0BDE846
S31508006EC0F08F06B92646329B00201E60F6E7309BF7
S31508006ED013B10023309A1360319B13B10023319A02
S31508006EE013604FF01009DFF8A480CDF80090002356
S31508006EF02A462146D8F80000FBF72CFE002836D192
S31508006F00309B0BB1C3F800902A68224B9A4217D0DF
S31508006F102146D8F80000FBF779FF0028CCD1D5E93F
S31508006F200223DDE90410834208BF8A4292D1039BFB
S31508006F30002BC7D06B68012BC4D16FF08400BDE766
S31508006F40309B002BEBD0319B002BE8D02146D8F89C
S31508006F50000016AAFBF746FE48B9319B309A1B6813
S31508006F601268934297D39B1A319A1360D7E70A4B54
S31508006F709842CDD06328CBD0084B9842CFD08AE729
S31508006F80AE780620006D0800816D0800F07D0620A9
S31508006F90906D0800105D175EFFDF00F0FEDF00F061
S31508006FA0B01600209C1600202DE9F04F87B08246C7
S31508006FB0894698461646DDF840B02AB1002B51D0CE
S31508006FC040F26C739A4250D8BBF1010F50D8002496
S31508006FD006F110073946012005941DF07DF905468E
S31508006FE0002848D039461CF0D5FB05ABCDE901434E
S31508006FF000942B46012250464946FFF7B5FE044643
S3150800700078B110F18C0F08BF6FF08D042846394609
S315080070101CF0C0FB28462AF063FC204607B0BDE8F2
S31508007020F08F164BC5E902A92B60C5F804B02EB13E
S315080070303246414605F110001DF02FFB059E10480B
S315080070403B462A4631460068FBF79CFE38B930466F
S31508007050FFF740FE013008BF6FF08604D6E76FF0F1
S315080070609104D3E76FF08604D7E76FF09104D4E76D
S315080070706FF08504D1E76FF08C04CEE7105D175EDC
S31508007080F07D06202DE9F0438DB08146DDE91478C0
S315080070900E4615461C468BB1B8F1000F05D16FF0A8
S315080070A0860630460DB0BDE8F083B7F1005FF6D32B
S315080070B0C3F1005303F500239F42F0D810220021A4
S315080070C008A81DF0E2FA002207AB029305AB01936C
S315080070D006AB31460093484608ABCDE90522FFF7D3
S315080070E043FE06460028DCD1059BA4B1AB4215D861
S315080070F053EA0504D3D1069B0B48C8F80040009410
S315080071003A46079900682B44FBF724FD002818BF68
S315080071106FF09106C5E7AB42EDD2C0E75B1B9C4218
S3150800712028BF1C46E7E700BFF07D062030B58DB0C6
S315080071300C4605461022002108A81DF0A6FA0022D2
S3150800714007AB029305AB019306AB2146009328468D
S3150800715008ABCDE90522FFF707FE044608BB099BE5
S31508007160012B21D0079D134B29461868FBF74EFEC5
S31508007170E8B9A5F50623A3F55063812B05F01F0290
S315080071800DD801210C485B09914050F823204A404C
S3150800719040F823202846FFF7BDFD013001D16FF0E6
S315080071A0860420460DB030BD6FF08404F9E76FF011
S315080071B09104F6E7F07D0620B01600201038102856
S315080071C008D8064BC34013F0010F0CBF6FF08600BA
S315080071D0002070476FF08600704700BF010101006C
S315080071E02DE9F04F95B00446DDE92075DDE9226802
S315080071F09346DDE91E028A46DDF8909029B96FF0BC
S315080072008604204615B0BDE8F08FBBF1000FF6D016
S315080072100FB9002DF3D108B9002AF0D116B9B8F183
S31508007220000FECD1B9F1000FE9D02D4A934254D1A1
S315080072302388B3F5105F50D1282200210DEB0200F8
S315080072401DF023FA2022002102A81DF01EFA0AA822
S315080072502AF004F910B16FF09204D2E720465A4694
S31508007260514602AB00F0FAF904460028C9D1029843
S31508007270FFF7A4FF04460028C1D115B9C9F80000D4
S31508007280BFE7B74223D27B199E4220D24545B6D8DE
S3150800729039462A4630461DF0DFF9374615F00F0AFB
S315080072A0ADD1CDE900762B46524602A90AA8FFF7CA
S315080072B001F9074670B14246514630461DF0E5F9D8
S315080072C0012FC9F800A0C6D16FF08B0499E7454590
S315080072D0E4D994E7C9F8005093E76FF0850490E77E
S315080072E0004440042DE9F04F0C46C5B00021834602
S315080072F0904601A820229946DDF838A1509D529F54
S315080073001DF0C3F92022002109A81DF0BEF920228C
S31508007310002111A81DF0B9F923AE2822002119A8C9
S315080073201DF0B3F98422002130461DF0AEF93CB1B8
S31508007330B8F1000F04D0BAF1000F01D005B12FB98A
S315080073406FF08604204645B0BDE8F08F2188628834
S3150800735001F4E043B3F5804FF2D0304B30480BEAE6
S31508007360030343F01063834202D06FF08504E9E714
S31508007370D31DB9EBD30F4FEAD300E1D3519B984203
S3150800738046D847F212139942EFD1B2F5807FECD175
S31508007390244B4F9809930AF101030D9384231693FE
S315080073A04023023020F003000E90129320464A46EE
S315080073B0414601AB159600F051F904460028C1D1A3
S315080073C00B9B119043F4005319A80B932AF046F827
S315080073D008BB11AB09AA01A919A8FFF745FB10B10B
S315080073E04828ADD1C1E72B462BAD324603CAAA427F
S315080073F018605960164603F10803F6D123AB8422B8
S31508007400002118461DF041F9842220233B6099E7A4
S315080074106FF0890496E76FF0920493E70000FFF691
S3150800742000000209200000802DE9F0438846144632
S315080074301D46C5B0002839D0002937D0B2B3ABB342
S31508007440038803F44F42B2F5824F04D06FF08500EB
S3150800745045B0BDE8F083DAB2122AF7D123F0FF036C
S31508007460B3F5E24F25D143882B60DBB9E3002B60E7
S31508007470B3F5807FEAD1002318463F4908EB040597
S31508007480214415F8012D11F8014D1043121B18BFA0
S315080074900023A84543EA0203F3D138B1002B05DAE5
S315080074A00020D5E7DA1DB4EBD20FE1D06FF08600E5
S315080074B0CEE7B3F5824F5BD10B78042BF6D12822A1
S315080074C0002118A81DF0E1F818A829F0C7FF002820
S315080074D04BD14FF0880922AF4A46002138461DF0A5
S315080074E0D4F801232022002168468DF888301DF043
S315080074F0CCF82022013C08F10103002105940DEB8C
S315080075000200E400049364081DF0BFF8202200215D
S3150800751010A8CDE90C791DF0B8F8E02C6E46CDE937
S3150800752014792C6002D0B4F5807FBFD1134B073491
S31508007530336008934FF40053B3604FF48043E40874
S315080075400A93640010AB08A9324618A81194FFF7ED
S315080075508BFA2B6804460733DB08590013B1384603
S315080075601CF08EF9002C9BD0A0E76FF092006FE715
S315080075706FF096006CE700BF441F030820000080E8
S31508007580F8B5134642880C460732072A4FEAD20155
S3150800759001D0A1425AD1D0E90167058820221846B0
S315080075A000211DF072F8360A034616B1012E50D195
S315080075B0C660002C4AD041F20102954205D0B5F5C5
S315080075C0885F02D0B5F5905F08D15C6026B1B9072F
S315080075D007F0010212D4A2B3002011E0B5F5105F3E
S315080075E007D1182C03D0202C01D0102C2ED11C60CA
S315080075F0EBE705F44F42B2F5824F02D06FF08500F3
S31508007600F8BDEAB2122AF9D1202CF7D1124A25F090
S31508007610FF05B5F5E24F1A600CD0B5F5824F15D1C6
S315080076204FF4005217F4705F09D017F4864F04D050
S315080076309A60E3E74FF48042F4E742F480629A6086
S31508007640C4E79A6842F080729A60C5E76FF08600D0
S31508007650D6E76FF08B00D3E7200000802DE9F041D4
S31508007660164600221C4643688CB01B0A80460D4607
S31508007670009204D0012B56D06FF08B008EE0008864
S3150800768020F0FF03B3F5824F15D1B8F8027007371B
S31508007690FF0800971CF0D1F8002800F0E6800B7868
S315080076A0042B05D1013EB6EB470F05F1010504D0C1
S315080076B06FF0860072E03746009622463946404605
S315080076C0FFF75EFF002869D1F21CC4E9030522F022
S315080076D003026261002F00F0AA802022002101A87F
S315080076E01CF0D3FF394601AA4046FFF749FFDDE9FA
S315080076F00176DDE9072C0399002840F09880236875
S31508007700A568BB4240F093806768B74240F08F8017
S315080077108D4240F08C80A169914240F08880E269F0
S3150800772062453BD083E0032EC2D90B78012B40F08B
S315080077309F80497800294BD0F73908299CD801A39E
S3150800774053F821F0AD7700086977000879760008C4
S31508007750A377000879760008C777000879760008C5
S31508007760B7770008BF7700084FF41056F825424F40
S315080077701C22002102A81CF088FF03230197CDE9EB
S315080077800435039601AA09AD134603CBAB42206024
S3150800779061601A4604F10804F6D100200CB0BDE871
S315080077A0F08110274FF08076FA25E1E720274FF081
S315080077B00076F725DCE7FE252F4F304ED8E7FF2564
S315080077C02D4F2F4ED4E74FF41056FC252A4FCFE7FE
S315080077D02B2E7FF66DAF202220461CF056FF05F1B2
S315080077E0100315F0030723610DD001AB05F1280C32
S315080077F01A4628686968083503C265451346F7D1ED
S31508007800286801AD10606B68103E2360AB68636042
S31508007810EB686661A3600123E3601FB12C2101A810
S315080078201CF02EF8694620461BF0CFFC20B120211B
S3150800783020461CF025F83BE7B8F80030009F03F413
S315080078404F42B2F5824F0ED1DAB2122A0BD123F08B
S31508007850FF03B3F5824F06D17B0062691C339A4257
S31508007860BFF438AFE3E73B46F7E76FF0850095E7E7
S315080078706FF0910092E700BF2000008000440002EC
S31508007880004400032DE9F04F91B0DDF868900746F3
S315080078900C4692469B46DDF87080B9F1000F05D17B
S315080078A06FF08604204611B0BDE8F08FB8F1000FDE
S315080078B0F6D00028F4D02822002106A81CF0E5FE00
S315080078C006A829F0CBFD10B16FF09204EAE714F48C
S315080078D07C1FC4F305452BD0102DE1D81B9B9D4278
S315080078E02FD81B4B24F47E149C422DD102AE1022B5
S315080078F0002130461CF0C9FE5B46524639460096C2
S3150800790006A8FEF741FE0446A0B92A46314648466F
S315080079101CF0C3FE1022214630461CF0B6FE10238A
S31508007920C8F8005006A81BF04BFC0028BAD0CBE7D5
S315080079301025D3E7212814BF6FF092046FF0860450
S31508007940F0E76FF08904ADE76FF08504AAE700BF9A
S315080079500002C00370B50E461446054610B96FF00E
S31508007960860070BD0029FAD0382200211CF08DFE51
S31508007970094B24F47E129A420AD13388B3F5105F74
S3150800798006D1C4F30543102BE9D800202C60E8E79C
S315080079906FF08500E5E700BF0002C003F0B50E46AC
S315080079A017461C4605468DB060B302B953BB4EB3A5
S315080079B054B12822002102A81CF067FE02A829F06B
S315080079C04DFD20B16FF0920420460DB0F0BD2B6836
S315080079D00F4A23F47E13934217D100943B4632464E
S315080079E002A9281DFEF7E2FE044628B1212814BF85
S315080079F06FF092046FF0860402A81BF0E1FB0028E2
S31508007A00E2D0DFE76FF08604DEE76FF08804DBE795
S31508007A100002C0032DE9F0438FB0894690461D4603
S31508007A200446169F00284ED0002A4CD0002B4AD078
S31508007A30002F48D0002946D02822002104A81CF08F
S31508007A4024FE04A829F00AFD064628B16FF0920420
S31508007A5020460FB0BDE8F0832368102D28BF1025F7
S31508007A6013F47C1FC3F3054202D0954228BF15467E
S31508007A70184A23F47E13934228D12822002104A809
S31508007A801CF003FE1022002168461CF0FEFD201D96
S31508007A906B464A4604A9FEF7E5FD044660B121286F
S31508007AA014BF6FF092046FF086043E6004A81BF0C2
S31508007AB087FB0028CCD0C9E72A46694640461CF011
S31508007AC0ECFD2E46F1E76FF08604C1E76FF08804F7
S31508007AD0BEE700BF0002C0032DE9F0410E46174677
S31508007AE09846044600B3F9B1F2B1982200211CF079
S31508007AF0CCFD3146069A04F16000FFF72BFF0546D8
S31508007B00A0B92346424639463046FFF7A7FD054643
S31508007B1060B97288D208A2F110011029E26503D86B
S31508007B200A4BCB40DB0704D46FF086052846BDE830
S31508007B30F08163691C329342F6D304F12003184698
S31508007B4021691CF0AAFD2061F0E700BF01010100D0
S31508007B50F0B50D461646044689B030B301B922BBC6
S31508007B60202700213A4668461CF08FFD04F13803A9
S31508007B70CDE904372368104AA06D23F47E13934297
S31508007B80019003D002F58072934211D1102803D0D8
S31508007B90182801D020280BD1009033462A4669467A
S31508007BA02046FFF7FBFE09B0F0BD6FF08600FAE746
S31508007BB06FF08800F7E700BF0001C0032DE9F04128
S31508007BC00D4616461F4604468AB050B349B342B31B
S31508007BD03BB34FF020080021424602A81CF055FD91
S31508007BE004F13803CDE906382368114AA06D23F459
S31508007BF07E139342039003D002F58072934213D109
S31508007C00102803D0182801D020280DD10290334619
S31508007C102A462046009702A9FFF7FCFE0AB0BDE8EF
S31508007C20F0816FF08600F9E76FF08800F6E700BF8D
S31508007C300001C00370B504460D4629F033FB0D2C30
S31508007C4006460AD80D2C15D8DFE804F018181418BB
S31508007C50182714182B142E1431360F3CE4B2112CA5
S31508007C6008D80123194AA340134216D10A2C29D051
S31508007C70042C24D0002321242B8009E08020FCF743
S31508007C8041FB4FF6FF7398420CBF0E240024288050
S31508007C90304629F002FB204670BD00230F242B80B6
S31508007CA0F6E74FF48060EAE74FF44060E7E74FF401
S31508007CB0C060FCF709FBE4E74FF4F060F9E74FF41E
S31508007CC0E060F6E74FF41860F3E700BF475103009A
S31508007CD030B58BB06C46854D854829F0CDFC0FCD67
S31508007CE00FC42B68834A2360FF238DF80130D2F82E
S31508007CF04C3113F4802340F0EC80D2F850218DF8F3
S31508007D0001309DF801306C46FF2B08BF3F236846BB
S31508007D10794D8DF80130FCF7CBFB3220FCF706FCD9
S31508007D200FCD0FC40FCD0FC495E8030084E80300F8
S31508007D30704BD3F84C21120300F1C580D3F850419B
S31508007D40E4B28DF81940FCF7ADFB044484F308044B
S31508007D506A488DF81840F9F773FC6846FCF7DEFAAE
S31508007D603220FCF7E9FB6648FCF77EFF6548FCF71E
S31508007D70EBFF654C654829F07FFC0020FCF7E2FB29
S31508007D80FCF78CFC236F002023F0070343F0030362
S31508007D902367FCF7ADFC236F5D4923F4744323671F
S31508007DA0D1F8FC2012F080721EBFD1F8FC3023F007
S31508007DB08073C1F8FC300021D4F8803023F0030327
S31508007DC043F00103C4F88030524BC3F8801032B137
S31508007DD04F4AD2F8FC3043F08073C2F8FC304A4C64
S31508007DE0D4F8203123F0070343F00203C4F8203106
S31508007DF0D4F8283123F0070343F00203C4F82831E6
S31508007E00D4F8803123F0030343F00103C4F880312A
S31508007E10D4F8403123F0030343F00203C4F8403199
S31508007E20D4F8603123F0030343F00203C4F8603149
S31508007E30D4F8403223F0030343F00203C4F8403277
S31508007E40D4F8003223F0070343F00203C4F80032E3
S31508007E50D4F8083223F0070343F00203C4F80832C3
S31508007E60D4F8503223F0030343F00203C4F8503227
S31508007E70D4F8703223F0030343F00103C4F87032D8
S31508007E80D4F8203223F0070343F00103C4F8203264
S31508007E90FCF702FA4FF0E0220020136943F00403CE
S31508007EA01361D4F8603223F0070343F00103C4F8E2
S31508007EB06032D4F8943223F0070343F00103C4F880
S31508007EC094320BB030BD144B1C88FF2C88BF8C2411
S31508007ED037E74FF07E6393F89C2093F99C30002B8C
S31508007EE0FFF60FAF8DF801200BE700BF641F0308EC
S31508007EF0B41F03080080E00F781F0308C017530259
S31508007F0000B4C404C0EA210100800050BC1F030865
S31508007F1000ED00E0009000500001E00F07B5094BA6
S31508007F20186899889B7900906846ADF804108DF812
S31508007F300630FDF78FF80C20FDF7C4F8002003B0D3
S31508007F405DF804FBA01F03082DE9F04704460E461A
S31508007F5021B900F00DF90646002868D0337D1F2B9D
S31508007F6067D829F09FF90746334B1B68183B13F16E
S31508007F70180F0FD1DFF8C480D8F80090ACBB424682
S31508007F8021461C2000F0D0FA0546C0B1384629F033
S31508007F9084F905E0A34206D1384629F07EF9122570
S31508007FA02846BDE8F0871A68B24201D09B69DDE72A
S31508007FB03846002CF1D029F070F92325F0E74FF068
S31508007FC0010AD8F8004000220421307D04F110038C
S31508007FD000F0B2FA054680B1BAF1000F02D0204689
S31508007FE029F07AFCC8F80090D0E7B9F1000F01D162
S31508007FF0C8F800404FF0000AE5E702460421307D44
S3150800800004F1140300F098FA054618B1206929F01E
S3150800801063FCE1E7214660602073A060064841F8EA
S31508008020186B19F07BFF304600F082F8AEE72D2575
S31508008030B6E70F25B4E700BFCC160020C816002007
S3150800804038B50D46044608B90F4B1C6829F02AF9BD
S31508008050D4E900311A7D4FF0FF3393400B43DB43DD
S3150800806003D129F01AF91A2038BDB3FA83F301228D
S31508008070C3F11F03DBB29A400A4362602B7029F0F2
S315080080800CF90020F0E700BFC816002070B50E46B0
S31508008090044608B90D4B1C6823681B7DB34212D9E8
S315080080A029F000F9012200256368B24023EA020399
S315080080B06360236943F82650636943F8265029F01C
S315080080C0ECF8284670BD2120FCE700BFC816002042
S315080080D070B50D461646044608B9084B1C68236851
S315080080E01B7DAB4208D929F0DDF8236943F82560E2
S315080080F029F0D3F8002070BD2120FCE7C81600201F
S3150800810070B50D461646044608B9084B1C68236820
S315080081101B7DAB4208D929F0C5F8636943F8256089
S3150800812029F0BBF8002070BD2120FCE7C816002006
S3150800813013B50468806829F09FFA0C4829F09CFA60
S31508008140232000F0BBF9232000F09CF91E23ADF88C
S3150800815004300023204601A98DF806301BF00EF8DE
S31508008160012304F58054636002B010BDC01F0308E4
S3150800817000487047DC1F0308F8B5134D6B6D2A6D70
S315080081801340124A002B13659EB202DB01276EB913
S31508008190F8BD0123E9680E4AC1F304218B4028463D
S315080081A042F82130BDE8F84028F05CB9B6FA86F402
S315080081B0C4F11F04E4B22146284607FA04F428F05D
S315080081C051F926EA0406E2E70000045000200450AC
S315080081D0D016002070B500F027FC0446E8B900F078
S315080081E0ADFC28F067FE4FF4167343430C4A03F5BB
S315080081F0742303F23F23B3FBF2F30A490A480B60E0
S315080082000A230268094D0E68013B45F8046B0E689F
S3150800821013F0FF033244F6D10260204670BD00BF5A
S3150800822040420F0024170020F4160020F8160020FC
S31508008230012208B5034B1A7029F09FFB024B186000
S3150800824008BD00BFB0780620F016002010B528F04B
S3150800825031FE044629F02FF8844207D929F099FB04
S3150800826020B10122024B1860024B1A7010BD00BFE4
S31508008270F0160020B0780620F8B51F4C2378E3B135
S3150800828029F07BFB1D4B1E4D1B68C01A28602B6806
S31508008290A3B12B682B6028F00DFE4FF416725043DD
S315080082A0184A00F5742000F23F20B0FBF2F02B6864
S315080082B02B68834204D900232370F8BD0123E9E71C
S315080082C01148124E0378296856F82320104F511A80
S315080082D03A68521A29683A6046F823100A21093280
S315080082E0B2FBF1F20B4D0133DBB22A60B3FBF1F2BC
S315080082F001FB12330370DEE7B0780620F016002083
S315080083002017002040420F00B1780620F8160020FA
S31508008310F416002024170020014B1868704700BF88
S3150800832024170020F8B503213C201BF06FFE042615
S315080083304FF480120D4C0E4B0E4F04F500555A663D
S315080083403C206F676E672F672E6700F0B7F83C20F2
S3150800835000F098F84FF0007204F580535F675E6787
S31508008360AA624FF480529A62F8BD00BF0040005AD4
S3150800837000900050010000A0064B074A996D11F0C5
S31508008380050F01D0117811B10028F7D170470120E7
S31508008390704700BF0040005AB2780620164B10B549
S315080083A01C6F600712D50421144A116708219162CF
S315080083B09B6DD90701D4FFF749FF00F077FA00F063
S315080083C057FA012028F022FE29F0E5FAE20706D539
S315080083D001220A4B1A67FFF74FFF00F049FAA3007C
S315080083E042BF4FF00052054B1A67002CBEBF4FF034
S315080083F00042024B1A6710BD0040005A0060005A3E
S315080084000028ACBF00F16040064B4FEA0111C9B223
S31508008410ABBF00F5614000F00F0080F80013195457
S31508008420704700BF14ED00E008B528F03BFF0B4B82
S315080084301A7872B901221A7028F02FFF6FF0040219
S3150800844010460132052152B2FFF7DAFF5D2AF7D14D
S3150800845008BDBDE8084028F020BF00BFB378062055
S3150800846000280CDB01220649430900F01F00824060
S31508008470203341F82320BFF34F8FBFF36F8F704728
S3150800848000E100E0002807DB01234109034A00F068
S315080084901F00834042F82130704700BF00E100E02A
S315080084A0054B421153F8223000F01F0023FA00F062
S315080084B0C04300F00100704700E100E0002808DB37
S315080084C001224309034900F01F008240603341F846
S315080084D02320704700E100E013B50A4C23787BB9E6
S315080084E000F040F8684600F035F8DDE900010222A0
S315080084F0054B1BF096FF08B90123237002B010BD87
S315080085001220FBE7B47806202817002007B5009349
S3150800851013460A46014603481BF0C9FD03B05DF839
S3150800852004FB00BF2817002013460A4601460148E7
S315080085301BF0ACBE2817002007B5009313460A4661
S31508008540014603481BF0ACFE03B05DF804FB00BF10
S3150800855028170020024AD2E90021C0E90021704705
S31508008560501700200349044B044A5B1A11605360F4
S31508008570704700BFD87F062000000820501700204B
S31508008580BFF35F8F074B5A6A22F480325A62D3F8D8
S31508008590942022F00102C3F89420BFF34F8FBFF353
S315080085A06F8F704700ED00E070B5FFF7E9FF234ACB
S315080085B0234CD2F8C030234D23F0FF0343F0A00329
S315080085C0AC422149C2F8C03028D025F01F03203B11
S315080085D0B3F1005F23D21D4B0A68184823F01F0326
S315080085E043F00303C0F89820C0F89C30184B0132BA
S315080085F0C0F8A0300A60BFF35F8F05220F4BC3F89F
S3150800860094205A6A42F480325A62BFF34F8FBFF3FE
S315080086106F8FBFF34F8FBFF36F8F70BD0D4B086819
S315080086200D4EC2F8980043F001030130AC42C2F87F
S315080086309C60C2F8A0300860DDD0CCE700ED00E011
S31508008640C07D0620207A062058170020DF7D0620E8
S31508008650E1FF072000000820030000202DE9F04173
S315080086600E461146DFF8D480D8F80040FF2C8CBFA0
S315080086701A270027FFF784FF1F292AD90021C206D7
S315080086801CBF20F01F0020302B4DF30618BF26F024
S315080086901F06CBB29C4231D8D5F8C03040F003044F
S315080086A023F47F4343F48073C5F8C03028F0FAFDFD
S315080086B0D8F8003046F00306C5F89830C5F89C404F
S315080086C0C5F8A06028F0E9FDD8F800300133C8F8ED
S315080086D00030BFF35F8F0522174BC3F894205A6A00
S315080086E042F480325A62BFF34F8FBFF36F8FBFF3E6
S315080086F04F8FBFF36F8F3846BDE8F081C5F89830C5
S31508008700D5F89C30D5F8A02023F01F03984222F014
S315080087101F0201D196420BD0904201D89E4209D23F
S31508008720D5F89830013123F0FF03C5F89830B0E743
S315080087300027CEE72827CCE700ED00E058170020F1
S31508008740BFF34F8F0549064BCA6802F4E06213432C
S31508008750CB60BFF34F8F00BFFDE700BF00ED00E021
S315080087600400FA0538B54160044628F092FD05462E
S315080087702146044819F0D2FB2846BDE8384028F0BF
S3150800878083BD00BF5C170020014819F0C4BB00BFB9
S315080087905C17002070B528F07CFD134D044613487D
S315080087A028F06AFF2E7896B900F0AEF9FFF7ECFFCD
S315080087B029F004F90E4B1E6028F07CFB0D4B0E4A7F
S315080087C01860536F43F0010353671BF04CFE00F02B
S315080087D09DF81BF05EFE094B1860012320462B709E
S315080087E028F052FD002070BDC1780620C81F030876
S315080087F060170020881700200040005064170020EA
S3150800880038B5044628F045FD0F4D02462B78FF2B58
S3150800881004D1B4B1BDE8384028F036BD1BB9002CE8
S31508008820F8D0012103E0002C14BF0121FF210B44DD
S31508008830DBB22B70B3FA83F304495B0910460B705D
S31508008840E8E71946F3E700BFBE780620BD7806209C
S31508008850054B1B685843054B00F5742000F23F2072
S31508008860B0FBF3F0704700BF8817002040420F00A6
S3150800887010B5094B1B786BB1084C237853B128F017
S3150800888027F90023064A237013700123054A13703B
S31508008890054A137010BD00BFC0780620BB780620B5
S315080088A0BA780620B6780620B5780620034B1B78DA
S315080088B013B10122024B1A70704700BFC078062018
S315080088C0BB78062073B50F4E04463378834211D021
S315080088D000238DF80430430001A88DF805300A4DB1
S315080088E0FCF7C0FA40203CB1FFF7B2FF2B68181A14
S315080088F02860347002B070BDFFF7AAFF2B681844D1
S31508008900F6E700BFBE7F06208C17002073B500244B
S3150800891001A88DF80440FCF73DFB2046224CFFF7E2
S31508008920D1FFD4F80031214A03F0030313604FF452
S3150800893080121F4B1F4D5A664FF400325A6627F0B5
S31508008940F3FF1D4B1B780BB3D4F8003103F0030378
S31508008950022B23D0032B24D0012B17D127F098FA0A
S31508008960024698B1154B164EDC6800231946C4F327
S315080089700B04013404EB84040138E4FB060101F01E
S315080089803FFBFFF765FF2B6803442B601F20FFF7AB
S315080089905FFF2B6803442B6002B070BD27F0D6FA40
S315080089A0DEE727F07BFADBE7008000509817002007
S315080089B0009000508C170020C478062000C0015093
S315080089C040420F000122114B10B55A67104B114C4B
S315080089D01B78A3B1022028F0E0FF80B128F000FB45
S315080089E068B1A36DD90302D5E36D9A0703D4094B81
S315080089F09B6DDB0704D54FF48032044B9A6210BD99
S31508008A000122054B1A70FFF713FCF4E70050005AD1
S31508008A10C57806200040005AC27806200122014B7C
S31508008A201A707047C578062070B528F03BFC144EBE
S31508008A3005463478FCB9134B1C60134B1C60134B6A
S31508008A401C6000F02BF8012028F0BDFF28F0AEFBD3
S31508008A500F4B0246186020B9284628F01EFC232032
S31508008A6070BD234640F2E7310A4801F0C9FA0A4BBD
S31508008A70186001233370284628F00FFC0020EFE722
S31508008A80C8780620AC170020A8170020B4170020C5
S31508008A90B017002018FCFFFFA417002010B500240B
S31508008AA086B01422214601A88DF800401BF0EDFD82
S31508008AB0012313488DF8043028F0DEFDBFF34F8FED
S31508008AC06846FDF7A5FC204601A98DF80440FDF788
S31508008AD0B1FC20460F2127F067FA0F21204627F020
S31508008AE069FAFDF77BFC27F043FA064B53209C6195
S31508008AF0FFF7E4FC5320FFF7C5FC06B010BD00BF26
S31508008B00B41F030800C00A5008B50A4828F0B4FD87
S31508008B1040F6015200210120FDF7B0F94FF4A27288
S31508008B20002101201AF015FA4FF48072024B9A645C
S31508008B3008BD00BFB81F030800D00A5008B5094889
S31508008B4028F09AFD40F6016200210220FDF796F909
S31508008B504FF49E72002102201AF0FBF90022024B04
S31508008B609A6408BDB81F030800D00A5010B5044619
S31508008B7027F074F90C4BA0F57A729A4212D84FF482
S31508008B807A73B0FBF3F05C43084BB3FBF0F3B4FB2A
S31508008B90F3F0022806D9BDE810400323B0FBF3F032
S31508008BA0F7F7DEBC10BD00BFFFC99A3B40420F0075
S31508008BB038B508460C4626F0E0F9034620B994E88D
S31508008BC00700024D85E80700184638BDB81700208B
S31508008BD070B5042915461C46049E01D9212070BD8E
S31508008BE002D126F0C4F901460B4B9A7A8A42F5D986
S31508008BF018680C2303FB010115B1B1F904302B8069
S31508008C0014B1B1F9063023800EB90020E7E7B1F9AF
S31508008C1008303380F9E700BFB81700202DE9F04384
S31508008C202A48DDF81C80847A94424BD90C24624386
S31508008C30D0F800E01EEB020446D06089002843D035
S31508008C40B4F90450B4F906608D42B4F908701DDC15
S31508008C50B142A8BF3146002F36D000F1FF3C1FFABB
S31508008C608CFC07FB0C594C1B94FBF7F44E45D8BFFC
S31508008C706046A4B2A04202D3B14218BF20465EF8AD
S31508008C8002C05CF820200CEB800403E02946E2E7EA
S31508008C90013880B218B154F804ED7245F8D0B142E3
S31508008CA01EBF17FB00F1491909B2994203DD10B13D
S31508008CB0013880B2E5E70020C8F80020A8F80410BB
S31508008CC0BDE8F0830E20FBE70220F9E7B81700207D
S31508008CD008B506494FF0FF30FFF76AFFBDE80840C0
S31508008CE001214FF0FF3026F04AB900BF9C32030835
S31508008CF07FB50222084B0949CDE901234FF00073DD
S31508008D00CDE90313072301A94FF0FF30059326F099
S31508008D105BF907B05DF804FB006A1800000206005C
S31508008D2070B5404B404C1978227888B091420DD0E6
S31508008D301B78DBB223702378002B65D000F084FE05
S31508008D4001F064F828F019FE384B18602378002BD8
S31508008D5058D028F012FE364E04463368C51A42F239
S31508008D60107028F0ADF8854202D3346001F0EAF8B5
S31508008D7001F0EEF810B101222E4BDA602E4B1A786C
S31508008D8022B100222D481A7000F09AFA2C4B1A7854
S31508008D9022B100222B481A7000F092FA28F0EDFD55
S31508008DA0044628F087F81A21B0FBF1F01F4A136829
S31508008DB0E31A834202D3146000F056FE224B1B7856
S31508008DC003B3684600F084FBE0B100F075FE00F0DE
S31508008DD011FFDDED050A01469DED000A002000F0B1
S31508008DE023F91A4A13780133DBB23B2B15D81370D3
S31508008DF001F0AEF810B101220E4BDA6001F0FAF874
S31508008E0000F0DAF808B070BD01F032F800F024FE80
S31508008E1000F020FA00F0ECFD98E70023137001F04B
S31508008E2091F8E5E7C17F0620C27F0620C817002013
S31508008E30C417002000400059D67806208C720620F8
S31508008E40D5780620B06C0620D3780620C978062087
S31508008E5010B5044619F088F8012807D1044B9C423E
S31508008E6001BF044A137883F00103137010BD00BFD5
S31508008E70DC350308C17F06200022014B1A807047A3
S31508008E801C0D052010B50B4CC2B00FF0CDFE2068A6
S31508008E9001F0DCFA60B11BF07BFB48B14FF482713C
S31508008EA0206801AA1BF0EDFC10B901A81BF068FBAD
S31508008EB042B010BD1C09052001490248FFF744B815
S31508008EC0DC1F0308CC170020014819F048B800BF7A
S31508008ED0DC35030818B1034B1860002070472520BD
S31508008EE0704700BFE817002010B5054C05492068F3
S31508008EF0FAF70CFA2068BDE81040FFF7EBBF00BF91
S31508008F00387E0620187E06207FB50368264A23F495
S31508008F107F4323F00703934243D1002106221620FC
S31508008F20224B0AF01BF8014608B100BEFDE70822ED
S31508008F3012201F4B0AF012F8014608B100BEFDE7E1
S31508008F40032214201B4B0AF009F808B100BEFDE7FE
S31508008F500DF1070102A80FF0ADFC014608B100BEED
S31508008F60FDE7BDF80C3008225BBAADF810309DF865
S31508008F700B3018208DF81230FF238DF81330FE239E
S31508008F808DF814309DF80A308DF81530BDF8083084
S31508008F905BBAADF8163004AB09F0E0FF08B100BEC5
S31508008FA0FDE707B05DF804FBA000010001360308E1
S31508008FB0F8350308F4350308642888BF642307B521
S31508008FC08DF8070088BF8DF80730064B1878FF28FC
S31508008FD005D001221F210DF1070309F0D5FF03B0C3
S31508008FE05DF804FBC47F0620FF22064B1A70002298
S31508008FF0054B1A70054B1A60C3F80320012203F8C3
S31508009000012C7047C47F0620D2780620CB7806202C
S31508009010034B1B78FF2B1ABF024B187800207047AA
S31508009020C47F0620D2780620B5EEC00A64291FB58B
S3150800903028BF64210123F1EE10FA8DF808308DF867
S3150800904009008DF80A104ED4DFED2B7AB4EEE70A44
S31508009050F1EE10FA49DCF6EE007A30EE270AFCEE5D
S31508009060C07ACDED017A9DF80430F5EEC00AF1EE2E
S3150800907010FA8DF80B303AD4DFED1F7AF4EEE70AD2
S31508009080F1EE10FA35DCF6EE007A70EEA70AFCEE81
S31508009090E07ACDED017A9DF804308DF80C30831E08
S315080090A058425841154B8DF80D001B781BB140F0FE
S315080090B004008DF80D00124A1388591C1180114AB4
S315080090C0ADF80E3002AB03CB10605160FFF7A0FF7E
S315080090D030B10D4808221B21007802AB09F054FF75
S315080090E005B05DF804FB0023BFE7FF23BDE70023B7
S315080090F0D3E7FF23D1E700BF00007F43C27F0620E6
S315080091001E0D0520CA780620C47F06200368484A33
S3150800911023F47F4323F00703934213B56DD00BD88E
S31508009120444A93424ED002F18072934254D0424A46
S31508009130934225D002B010BD404A934264D002F152
S31508009140A062934252D002F1794202F57B02934221
S31508009150F0D1B0F805101B29ECD1C379012BE9D160
S315080091600389374A03F001031370002BE2D0082263
S315080091703448354B007802B0BDE8104009F004BF0A
S3150800918000210F20314CFFF72FFF0FF0B3FB3048BB
S315080091900FF0D4FB01200FF0C1FB20460FF008FBAF
S315080091A0022120780FF04EFB0023A02200931146DF
S315080091B020780FF017FB0221207802B0BDE8104096
S315080091C00FF054BB027B1F4B1A70204B187802B065
S315080091D0BDE810400FF026BBFF221A4B02211A7079
S315080091E00022174B1A70194B1878E6E70121007907
S315080091F002B0BDE810400FF0C5BB0121007902B0EE
S31508009200BDE810400FF0AABB41F20602B0F80530DF
S315080092100479934203D041F20522934201D10FF01B
S31508009220C5FB204602B0BDE810400FF033BB00BFB7
S31508009230A0000F02A0000600A0000100A0000F0475
S31508009240D2780620C47F0620CA780620C37F062067
S3150800925040E2010010B50024114B2146C3E9004441
S315080092601C72104B47F23052C3E900441C720E4B75
S315080092700E48C3E900441C720D4B1C700D4B1C6054
S315080092801BF003FA214647F230520B481BF0FDF952
S315080092902146BDE8104047F2305208481BF0F5B9A0
S315080092A0B4180020A81800209C18002080F7052074
S315080092B0D37806209818002050820520200D052016
S315080092C02DE9F04F8BB0002800F09A804E4D4F4B99
S315080092D02A68D5F804E02D7AD3F800C0D3F80490AC
S315080092E002951D7A4A4B4B4C1B682168019300F284
S315080092F0DC5309930023D4F80480247A9B4603940C
S3150800930043F69724CDE90733CDE905330493B0F83E
S3150800931000A0414FA64527F812A0B0F802A03F4F7B
S3150800932098BF0EF1010E27F811A0878802F10102F5
S315080093303E469CBF01270497394FA04527F81C6075
S315080093409EBF012608F101080596A1459EBF012684
S3150800935009F101090696A24288BF4FF0010B01F1F7
S31508009360010184BFCDF808B00022A14288BF0121BF
S315080093700CF1010A82BF079103910021A24588BF1B
S315080093800125029E92BFD4464FF0000C089586B17F
S31508009390039E76B16DB1019B0133F92B88BF012677
S315080093A0019389BF1F4B2B461E70002684BF2B4690
S315080093B00196099E0630B042A9D1164C1348216081
S315080093C01149C0F800C00A6013B1114B019A1A601E
S315080093D0089B03B10572079B0BB1039B2372BBF174
S315080093E0000F01D0029B0B72069B0BB1C0F80490CC
S315080093F0059B0BB1C4F80480049B0BB1C1F804E0CB
S315080094000BB0BDE8F08F00BFB41800209C180020F0
S3150800941098180020A818002080F7052050820520FB
S31508009420200D0520D378062030B513460C4643F6A2
S3150800943097259FED197ADFED196AAB420FD943F6E6
S315080094409824A31AA24288BF00239FED137A01EB42
S315080094508301DFED126A002393420ED130BD30F846
S3150800946013C0013307EE90CAF8EE677A77EEC77A2B
S3150800947067EEA67AE4EC017ADFE730F813400133A9
S3150800948007EE904AF8EE677A77EEC77A67EEA67A1D
S31508009490E1EC017AE0E700BF000000453373494478
S315080094A043F6982307B59FED060A00932021054B3E
S315080094B0054A064810F01AF803B05DF804FB00BF29
S315080094C00AD7233C20CC0320A0CB0320FCB60420DB
S315080094D02DE9F04F2DED048B044689B030B90026EE
S315080094E0304609B0BDEC048BBDE8F08FC94F202289
S315080094F000211BF0CAF83B78002BF0D0C64B1A7A2D
S31508009500002AECD0C54D2A7A002AE8D0DFF8408335
S3150800951098F80860002EE2D01A68C149C148FFF7DA
S3150800952083FF2A6843F69825DFEDBF8ADFF8249380
S31508009530BE49BF48FFF778FFBE4BBC4AB849BE488C
S315080095400195CDF800900FF0CDFE2946484605AAAC
S31508009550CDED058AB7EE008A10F02AF8DDED057A1A
S31508009560F4EEC87AF1EE10FAB9D4B7EE087A002309
S3150800957027EE877A01221D4643F69620A9F1040CA8
S3150800958009F1040E09EB820ADAED007AF0EEE77AC1
S31508009590F4EEC77AF1EE10FA4FEA820138DD01EBF4
S315080095A00C0ADAED006AF0EEE66AF4EEE67AF1EE17
S315080095B010FA2DDD7144D1ED006AF0EEE66AF4EE9C
S315080095C0E67AF1EE10FA23DD03B3B5F5967F1DD2E0
S315080095D0D31A07EE903AF1EE006AF8EE677A67EE6C
S315080095E0A67ADFED966AF4EEE67AF1EE10FA0DDB6E
S315080095F0DFED936AF4EEE67AF1EE10FA06D8914BAF
S3150800960003EB8503C3ED007A0135ADB2134632325A
S3150800961001328242B6D9092D7FF661AF29468948BB
S3150800962006AACDED068A0FF07FFFDDED067AF5EE88
S31508009630C07AF1EE10FA7FF652AFDFF80892824B45
S3150800964049461A464FF0000B9FED809AB1EC017A15
S31508009650C9EE077ADA460BF1010B1FFA8BFB5D455B
S31508009660E2EC017AF2D12946774804F1180203930D
S315080096700FF05AFF2246A169734842F81C1B294677
S315080096800FF0EAFF00209FED687ADFF8BCC1039B64
S315080096906A1E6146DCED017AD1ED006A77EEE67A5C
S315080096A0F0EEE77A0130824237EE277A0CF1040CA5
S315080096B0EFD807EE902AF8EEE77A0021C7EE276A78
S315080096C00A46C4ED016A9FED586A08460F318D4275
S315080096D00CD9D3ED007A9C46B0EE677A884245D31A
S315080096E077EEC77A36EE276A013292B288B2834598
S315080096F003F13C03E9D8002A4AD007EE902AF8EE8F
S31508009700677A86EE277A0021D4ED005AB2EE0E5A11
S31508009710DFED457A84ED027AC4ED038AC4ED048A46
S3150800972035EE854AB0EE677A0B460A46DFED4A6A99
S31508009730B9EC016AC9EE064AB4EEE44AF1EE10FA4B
S315080097402BD837EE067A002B00F08880F4EEE67AFE
S31508009750F1EE10FA05DBD4ED047A77EE887AC4EDDB
S31508009760047A1A46DFED307A002378E0FCEC016AC9
S31508009770F4EEE76AF1EE10FAF4EEC76A76FEA77A17
S31508009780F1EE10FA00F1010048BFB0EE667AA5E7DF
S315080097909FED257AB7E70146CAE775EEC53AF4EEB6
S315080097A0E43AF1EE10FA14DB77EE867A002A00F036
S315080097B0D280B4EEE67AF1EE10FA05DB94ED037A80
S315080097C037EE087A84ED037A13469FED177A00225E
S315080097D045E032B1B4EEE67AF1EE10FA13DA9FED0F
S315080097E0127A002BF3D0F4EEE67AF1EE10FA05DBE6
S315080097F0D4ED047A77EE887AC4ED047A0023DFED97
S315080098000A7A1A462BE094ED037A37EE087A84ED45
S31508009810037AE4E7D3780620B4180020A8180020B5
S315080098202022002080F7052000000000800C01207F
S3150800983050820520E0F60120FCB6042000007A4399
S3150800984000004844701D0020C018002000606A47C8
S315080098509C18002040E1022000606A463246481CF7
S315080098608A4580B297D162B15FED056AB4EEE67AB1
S31508009870F1EE10FAA2BF94ED037A37EE087A84ED7A
S31508009880037A63B11FED0C7AF4EEC77AF1EE10FA9B
S31508009890A2BFD4ED047A77EE887AC4ED047AD8F8B4
S315080098A00020384913460D4643F69720DFF8D8C0FE
S315080098B0834252D943F698218B1A8A4288BF0023DD
S315080098C00021314805EB83038A4250D143F698219B
S315080098D02C4807AACDED078A0FF06AFE9DED077A98
S315080098E0F1EE007AC4ED058A27EE277A012343F6BE
S315080098F09620264901F1080C05EB830EDEED007A69
S31508009900F0EEE77AF4EEC77AF1EE10FA4FEA830240
S315080099101BDD02EB010EDEED006AF0EEE66AF4EE00
S31508009920E67AF1EE10FA10DD6244D2ED006AF0EE46
S31508009930E66AF4EEE67AF1EE10FAC1BFD4ED057ADE
S3150800994077EE887AC4ED057AFA3301338342D3D9A0
S3150800995000233B70C4E5334681E73CF813E0013346
S3150800996007EE90EAF8EE677AE1EC017AA0E730F8BC
S3150800997002CB013107EE90CAF8EE677AE3EC017A7A
S31508009980A2E700BF20220020200D05201C2200206F
S3150800999008B50023042218460A21FBF771FD142294
S315080099A000210D481AF071FE4FF4C35200210B48EE
S315080099B01AF06BFE4FF4C352002109481AF065FEEF
S315080099C04FF4C352002107481AF05FFE0023064AE7
S315080099D01360064A137008BD38000520D8E704202E
S315080099E078CF042018B7042014B70420D4780620AA
S315080099F010B500240E4B21461C600E4B4FF4C35283
S31508009A000D481C701AF041FE21464FF4C3520B480C
S31508009A101AF03BFE21464FF4C35209481AF035FEA8
S31508009A202146BDE81040142206481AF02EBE00BF93
S31508009A3014B70420D4780620D8E7042078CF042069
S31508009A4018B70420380005204FF48062014B1A64C9
S31508009A50704700BF00D003504FF48062014B1A6470
S31508009A60704700BF00E0035000200E4A0E491368F5
S31508009A7001EB830108600D4901EB830108600C497D
S31508009A804FF07E5001EB83010133B3F5C36F21BF5D
S31508009A90002313600122074B086034BF13601A7055
S31508009AA0704700BF14B70420D8E7042078CF0420F5
S31508009AB018B70420D4780620F0B5434C2378002B39
S31508009AC07BD0DFED427A42484249434A0E46154664
S31508009AD007460023F0EE676AB0EE676AB7EC017ACC
S31508009AE036EE076AB6EC017A76EE876AB5EC017A45
S31508009AF00133B3F5C36F77EE877AEFD19FED377AE7
S31508009B00C6EE873ADFED316A86EE073A87EE874A70
S31508009B100023B0EE665AF0EE664AF0EC015AB1EC54
S31508009B20016AF2EC017A75EEC35A36EE636A77EE8D
S31508009B30C47A0133B3F5C36F45EEA54A06EE065A55
S31508009B4047EEA76AE9D1C4EE877AC5EE075A244AD2
S31508009B5086EE876AC2ED007A77EEA57A9FED217ABE
S31508009B6077EE867AF4EEC77AF1EE10FAC2ED015A6C
S31508009B7082ED026AC2ED037A20D9DFED1B6AF4EEA4
S31508009B80E67AF1EE10FA1CDA77EEC77ADFED176A95
S31508009B9087EEA67AF7EE007A77EEC77A9FED147A03
S31508009BA067EE877AB6EE007A77EE877AFCEEE77A82
S31508009BB017EE903A137400232370F0BDDFED0C7A8C
S31508009BC0F0E7DFED027AEDE7D47806200000000022
S31508009BD0D8E7042078CF042018B704200000C3442F
S31508009BE0380005200AD7233BCDCC4C3E713D4A3E72
S31508009BF00000C842014B187C704700BF380005209A
S31508009C00054A012113782BB1044883F0010301703A
S31508009C10137070470248F8E7C57F0620D6780620F5
S31508009C20D57806202DE9F0410121ACB02A20FAF7B3
S31508009C30B9F801213B20FAF7B5F801212020FAF7F7
S31508009C40B1F801212C20FAF7ADF80A214FF4C060CB
S31508009C50FAF76EFD002302211A461846FBF710FC98
S31508009C60002303211A461846FBF70AFC002307219E
S31508009C701A460120FBF704FC102200210AA81AF054
S31508009C8004FD012702230AA94FF0B2408DF82E30B1
S31508009C908DF82A7019F01AF9822200214FF0B24085
S31508009CA019F0F9F80022DFF8608110464FF40071C8
S31508009CB019F04AF900214546A42208460EAC19F0C7
S31508009CC048F90FCD0FC40FCD0FC495E80300032341
S31508009CD03F4A002684E80300019248F201204FF02B
S31508009CE081728DF83C30ADF810303A4BCDE90566F7
S31508009CF00392CDE90766384C09968DF81A708DF8E7
S31508009D001260CDE91803354B4FF480714FF4803259
S31508009D10CDE91A434FF08073CDE91E12CDE924230D
S31508009D20CDE92812CDE922710EAA07A92C48CDE95A
S31508009D302036CDE92A36CDE91C67CDE92667FBF73B
S31508009D4011FD18AA03A92648FBF7EEFB01AA05A9E7
S31508009D50234819F051F8D8F82800224C029002A896
S31508009D60FBF79CFF204B214AA360236804F11005EA
S31508009D701A401F4B134323601E4B63600723E3609F
S31508009D8094E80F0085E80F004FF0FF321A4B314672
S31508009D90A361E369194862F39F03E361184AFEF772
S31508009DA097F92320FEF78AFB0D49164A01F5005359
S31508009DB05A624FF4007201F580539A624120FEF709
S31508009DC07DFB4120FEF75EFB2CB0BDE8F08100BFAD
S31508009DD00110010001018300000101970000010143
S31508009DE0004000594C0005208C7206200C80C0C02B
S31508009DF0D02E100784400059B06C0620CC170020DE
S31508009E00019C00088F330F80083603081FB500240D
S31508009E10134B21461C70134B4FF0B2401C7019F0BF
S31508009E202AF801464FF0B24019F02EF84FF42023D5
S31508009E304FF0FF3200930C4B69462046CDE90144AA
S31508009E4003941A65094AFBF759FF2320FEF71AFB04
S31508009E5001214FF0B24019F02DF804B010BD00BF33
S31508009E60D6780620D5780620002004504C00052018
S31508009E7008B500214FF0B24019F01CF80020FBF796
S31508009E8087FF4FF0FF32094B23201A65FEF7E8FAE1
S31508009E900023074A1370074A13701023064AD36033
S31508009EA01046BDE80840FBF79BBB00BF00200450E6
S31508009EB0D6780620D57806200040005907B51249FD
S31508009EC08B6A4A6A13409B051BD54FF400720F4BE9
S31508009ED068465A6218F0C3FFDDED007A9FED0C7AEA
S31508009EE0F8EE677A67EE877AB1EE007A9FED090A8F
S31508009EF067EE877A87EE800A03B05DF804EB00F018
S31508009F0039B803B05DF804FB0040005900600059F9
S31508009F1048E19A3F00F07F45054B064A1A606422DD
S31508009F20054B1A700023054A1370054A13707047CB
S31508009F303C7E062000004040C67F0620D8780620D2
S31508009F40D77806200122014B1A707047D878062068
S31508009F50064B1B7803F0FF0033B1054B1A7812B98C
S31508009F6001221A7070470020704700BFD878062073
S31508009F70D7780620F0EE087AB4EEE70AF1EE10FA82
S31508009F80154B82B083ED000A21DADFED147AB4EEC0
S31508009F90E70AF1EE10FA1CD930EE670ADFED107AFF
S31508009FA09FED107AC0EE276AF6EE007A46EE877ABB
S31508009FB0FCEEE77ACDED017A9DF804300A4A137073
S31508009FC000230A4A13700A4A137002B070476423C2
S31508009FD0F4E70023F2E700BF3C7E0620CDCC0C4018
S31508009FE0CCCC4C3F0000C842C67F0620D878062055
S31508009FF0D7780620014B1878704700BFC67F062021
S3150800A00053B94AB9002908BF00281CBF4FF0FF31D1
S3150800A0104FF0FF3000F0B2B9ADF1080C6DE904CE8F
S3150800A02000F006F8DDF804E0DDE9022304B0704725
S3150800A0302DE9F04F8C46099E04460F46002B48D161
S3150800A0408A4215465ED9B2FA82F33BB1C3F12002C1
S3150800A0509F409D409C4020FA02F217434FEA154E56
S3150800A0601FFA85FC220CB7FBFEF10EFB117701FBEC
S3150800A0700CF042EA0742904207D9AA1801F1FF37C5
S3150800A08002D2904200F258813946121AA4B2B2FBA3
S3150800A090FEF00EFB102200FB0CFC44EA0244A44529
S3150800A0A00BD92C1900F1FF322CBF01270027A44534
S3150800A0B002D9002F00F04381104640EA0140A4EB84
S3150800A0C00C0400211EB1DC400023C6E90043BDE8AC
S3150800A0D0F08F8B4206D90EB1C6E900010021084669
S3150800A0E0BDE8F08FB3FA83F1002951D16345C0F07A
S3150800A0F01681824240F213810846002EE7D0C6E94F
S3150800A1000047E4E7002A00F0AF80B2FA82F3002B9A
S3150800A11040F0C2808A1A4FEA154EAFB20121200CD0
S3150800A120B2FBFEFC0EFB1C2240EA024207FB0CF0C7
S3150800A13090420ED9AA180CF1FF382CBF4FF001092E
S3150800A1404FF00009904203D9B9F1000F00F0F080F2
S3150800A150C446121AA4B2B2FBFEF00EFB102200FB94
S3150800A16007F744EA0244A7420ED92C1900F1FF3238
S3150800A1702CBF4FF0010E4FF0000EA74203D9BEF1D7
S3150800A180000F00F0D2801046E41B40EA0C4099E725
S3150800A190C1F120058B400CFA01F400FA01F922FA04
S3150800A1A005F72CFA05FC8A401F4320FA05F3380CFC
S3150800A1B023431FFA87FE1C0CBCFBF0F800FB18CCE7
S3150800A1C044EA0C4408FB0EFCA4450ED93C1908F1D8
S3150800A1D0FF3A2CBF4FF0010B4FF0000BA44503D9F3
S3150800A1E0BBF1000F00F0B880D046A4EB0C041FFAB0
S3150800A1F083FCB4FBF0F300FB134403FB0EFE4CEAAE
S3150800A2000444A6450ED93C1903F1FF302CBF4FF084
S3150800A210010C4FF0000CA64503D9BCF1000F00F065
S3150800A2209F80034643EA0840A4EB0E04A0FB02EC19
S3150800A23064457346E04602D307D1F14505D2BEEB25
S3150800A24002036CEB070C0138E0465EB1B9EB03027A
S3150800A25064EB080404FA05F522FA01F3CC401D4321
S3150800A260C6E90054002132E742082F464B08AC469F
S3150800A27042EAC172AE46C407110C92B241EA0341E2
S3150800A28042EA0142B1FBF5F1B3FBF5F01F23A2EB5D
S3150800A2900C0241EA004142E79D40C3F12002994081
S3150800A2A09C402CFA02FC4FEA154E20FA02F2AFB295
S3150800A2B0BCFBFEF80A430EFB18CC110C41EA0C4114
S3150800A2C008FB07FC8C4550D9691808F1FF302CBFEC
S3150800A2D04FF001094FF000098C4502D9B9F1000F7A
S3150800A2E030D0A1EB0C01B1FBFEF808FB07FC0EFB16
S3150800A2F0181192B242EA0142624534D2AA1808F10C
S3150800A300FF312CBF4FF001094FF000096245BED25C
S3150800A310B9F1000FBBD1A8F102012A44B7E7841AA4
S3150800A3206CEB030201201746E7E62C4402382BE7BC
S3150800A330ACF1020C2A440CE702392A44A5E62C445F
S3150800A3400238BAE6A5EB0C0CA8F102006144B1FB91
S3150800A350FEF808FB07FCCAE7A8F102083C4444E7F4
S3150800A360023B3C445EE7414691E7A1EB0C014046BF
S3150800A370B1FBFEF808FB07FCB9E700BF704700BF52
S3150800A38008B5064B044613B10021AFF30080044B11
S3150800A3901B6803B19847204617F0D0FD000000005F
S3150800A3A06C00052070B50D4B00260D4D5B1B9C10EF
S3150800A3B0A64209D10B4D27F073FB0B4B00265B1BFE
S3150800A3C09C10A64205D170BD55F8043B0136984746
S3150800A3D0EEE755F8043B01369847F2E7D07F0620AA
S3150800A3E0D07F0620D07F0620D47F062030B583791B
S3150800A3F085B001901844C0680D4600F0380016F084
S3150800A400A1FA044628B901A81AF02AFB022005B0C9
S3150800A41030BD294601981AF02DFB46220A490DF14E
S3150800A4200F001AF065FA019904F10C001AF009FCFC
S3150800A430482205490DF10F001AF05BFA204624F070
S3150800A4406CFC0020E3E700BFCC1D030813B50446E7
S3150800A45078B1DC2208490DF107001AF049FAE068DC
S3150800A4601AF039FBDE22044603490DF107001AF0FB
S3150800A47040FA204602B010BDCC1D030813B50446A9
S3150800A48090B140F29E220A490DF107001AF030FAFF
S3150800A49004F10C001AF003FB4FF428720446044931
S3150800A4A00DF107001AF025FA204602B010BD00BFCC
S3150800A4B0CC1D0308054B10B553F8204004B910BD50
S3150800A4C02046636898472468F8E700BF8800052097
S3150800A4D00020134B10B51870124B134CC3E900003B
S3150800A4E0124B206018706060A06000F043FA80B2DA
S3150800A4F0A0F10E036380A0F11403013060810C49BA
S3150800A500201DE38019F085FD20460A4919F081FDD2
S3150800A51004F108000849BDE8104019F07ABD00BFEB
S3150800A520DA7806208800052068780620D97806207B
S3150800A530181E0308211E03082B1E030870B50446BF
S3150800A54048B326F0AFFE002363712379054613F05E
S3150800A550100605D010232371BDE8704026F09DBE75
S3150800A5600D4903F0030331F823203046013A21F858
S3150800A57023202146094C00F0EFF923781BB1304619
S3150800A580FFF798FF2670064B5B6813B10120FFF7AB
S3150800A59091FF2846E0E770BD68780620DA7806203D
S3150800A5A08800052038B50446057A26F07BFE054B5B
S3150800A5B053F82520226043F82540BDE8384026F0A8
S3150800A5C06CBE00BF8800052010B5064B00F0E00001
S3150800A5D01A78541C1C70044B03F8320003EBC203B0
S3150800A5E0596010BDD9780620700005200023F0B503
S3150800A5F00E4D0F492C789C420FD951F833705E1CCA
S3150800A60087424FEAC3020ED10A490A440133A342DC
S3150800A61002F1080202D3013C2C70F0BD92E8030057
S3150800A62002E90300F2E73346E5E700BFD9780620DA
S3150800A63074000520700005202DE9F04F04468BB004
S3150800A6400592420748BF00F0F704029126F02AFE59
S3150800A650DFF894A104F003060AEB86033AF82620ED
S3150800A6605B8880469A4204F0EF094FEA860739D29A
S3150800A670002000F053F90546A0B33AF82630013316
S3150800A6802AF82630404626F008FE002D40F0828043
S3150800A69023071DD51F2C1BD904F0E0035744039349
S3150800A6A026F000FE3AF82620AA467B88DFF838818D
S3150800A6B09A422CBF4FF0000B4FF0010B464F26F085
S3150800A6C0ECFD08EB86030693444B1B789A450ED39C
S3150800A6D0C4F3800080F00100494600F0010000F054
S3150800A6E09FF86EE001223E4B00251A70CAE73B78B8
S3150800A6F0039A1A4204D07B680193019B1B681BB915
S3150800A7000AF1010A0837DFE709935A79D00709D50C
S3150800A7101A79510706D5BBF1000F0CD189EA020256
S3150800A720920708D001931B68002BEED1E5E70121BB
S3150800A7302B4A117026E001981AF0B1F990F804B086
S3150800A740099009A81AF08CF95946002000F068F813
S3150800A75026F0A8FD069B38F826205B8804909A42C6
S3150800A76034BF4FF0010B4FF0000B03D2002000F06E
S3150800A770D5F80990099B002BD9D038F82620013244
S3150800A78028F826200498079326F087FD079B002BB8
S3150800A790B3D01D4628461AF025FB029B029AAB71D8
S3150800A7A0059B85F804901344EB710E4B5B6843B127
S3150800A7B026F078FD04460120FFF77CFE204626F0A9
S3150800A7C06CFD0948452200EB8600294619F026FC4F
S3150800A7D028460BB0BDE8F08F70000520D978062012
S3150800A7E0DA78062088000520687806200022014BC2
S3150800A7F01A6070479000052010B5044626F052FDF1
S3150800A800064B1A682AB91C602260BDE8104026F07B
S3150800A81044BD1B68A342F4D110BD00BF90000520BB
S3150800A82070B505460E46054B1C6804B970BD6368CD
S3150800A8303146284698472468F7E700BF9000052068
S3150800A8402DE9F0474FF6FC7700251646DFF87480A9
S3150800A85003311A4B08EB00140F404FEA001A1B6825
S3150800A8606280814628F80A7002FB07F0E56098477F
S3150800A87017FB06F39BB2024660602381E0B11049DC
S3150800A880204651F8291019F0C6FB29462289606826
S3150800A89019F0FBFE29462B469E4205DC0020D044D3
S3150800A8A0A8F80260BDE8F0876268E068551850505D
S3150800A8B00133E5603944EFE71A20F3E794000520F1
S3150800A8C0343603089C00052010B5094C04EB001427
S3150800A8D063682BB1204619F0A0FB60681AF074FC77
S3150800A8E02046BDE810401022002119F0CEBE00BF58
S3150800A8F09C000520034B0201C3E900100021024811
S3150800A90019F0C3BE940005209C0005200022024BC6
S3150800A910C3E90022704700BF9400052038B5094BEB
S3150800A920020103EB0014E568204629469A5A19F0F5
S3150800A93075FB25B12B68E3606388013B6380284675
S3150800A94038BD00BF9C000520024B03EB0013987826
S3150800A950704700BF9C000520054B03EB0010C36839
S3150800A9600B604388C1600133438019F058BB00BFB0
S3150800A9709C000520044A010102EB0013505A10B14D
S3150800A9801B89B3FBF0F070479C00052038B5124DC3
S3150800A9902B78FBB9114B002808BF1846046804B980
S3150800A9A01C680D200E49FFF7A5FF5423B4FBF3F2EC
S3150800A9B000235121184692B2FFF742FF044620B100
S3150800A9C0FFF7A4FF1924204638BDFFF781FD0123B0
S3150800A9D02B70F8E71224F6E7DB780620C81A030876
S3150800A9E0F1A900080149084619F013BB683603089F
S3150800A9F0012838BF012038B5C41C24F003042046BA
S3150800AA0019F038FC054601462246084819F006FBA7
S3150800AA102DB921460220FFF703FF284638BD2246F6
S3150800AA200021284619F031FEF7E700BF683603080B
S3150800AA3030B5427E037E0446B2EB931F4FF0000505
S3150800AA4089B03CD25200214821491341CDE904017D
S3150800AA5003F00303E17D253304A88DF81930CDF8FA
S3150800AA601A50ADF81E508DF8181000F035FD627EAC
S3150800AA70CDE90155A38A03950AB9DA071CD501223F
S3150800AA8023F001039BB2A3828DF8082003F00C0380
S3150800AA90003B18BF0123A27D5B0001A88DF80A3090
S3150800AAA08DF809201AF0EEFD206A1DF03CF8637E49
S3150800AAB00133637609B030BD22680192E6E745772F
S3150800AAC0312009B0BDE8304005F00AB9D6BE898EF6
S3150800AAD055555500212810B50C460ED18B8A9B0773
S3150800AAE007D4084805F096F82046BDE81040FFF759
S3150800AAF09FBFBDE8104005F08DBDBDE810401AF0B7
S3150800AB00A2BB00BF09AB0008F0B553280C4685B0B8
S3150800AB100FD0552874D0512878D18B8A03F00C03AE
S3150800AB20002B6DD00120897D05B0BDE8F04000F00E
S3150800AB3071BA0027204603A903971AF047FB054672
S3150800AB4000285BD0037803F00F03032B2BD1206A70
S3150800AB501CF0E4FFA18A0646C1F3800128461DF0D1
S3150800AB608EF800284AD129468023324620461DF011
S3150800AB7050F80546002841D1274805F04BF82946E4
S3150800AB8004F124001CF0E6FE0646A17D284600F0E6
S3150800AB902BFA30461CF0C7FF2046039905B0BDE8DE
S3150800ABA0F0401AF043BB052B28D1206A1CF0B6FFEB
S3150800ABB0A18A04F148030193C1F380130646009362
S3150800ABC0C1F300123B462846C1F3C0011DF05FF8E9
S3150800ABD0A0B929464FF48073324620461DF019F86D
S3150800ABE0054658B903981CF0E5FE00F0A3FB312092
S3150800ABF0657705B0BDE8F04005F072B800F09AFB3D
S3150800AC00204605B0BDE8F040FFF712BF05B0BDE825
S3150800AC10F0401AF018BB00BF1DAC0008512810B54B
S3150800AC200C4607D1054804F0F5FF2046BDE810405C
S3150800AC30FFF7FEBEBDE810401AF005BB09AB0008D9
S3150800AC400120014904F0D4BFD5AA000821281FB560
S3150800AC500C4634D11C4804F0DDFF04F1100000F066
S3150800AC603BFC94F824001CF04EFE94F820306268F1
S3150800AC7013F0010394F8221012D00023CDE9023311
S3150800AC80A368684613440193012300928DF80A309D
S3150800AC908DF80B108DF80C3000F0DEF904B010BDFD
S3150800ACA0CDE901330223684600928DF805108DF828
S3150800ACB006301AF0E7FC20461AF04AFBEEE704B025
S3150800ACC0BDE810401AF0C7BABD530208032001496F
S3150800ACD004F08EBF4DAC000837B5174D0446EB6936
S3150800ACE093F87D2012B9002003B030BD01281AD090
S3150800ACF002280CBF022201228DF8042001228DF8B9
S3150800AD0005209A6F286922F044029A6701A924F05F
S3150800AD10C9F80028E8D1012C07D1EA69936F43F0F6
S3150800AD2040039367DFE70422E6E7022CDBD1EA69F2
S3150800AD30936F43F00403F4E7280B002037B5184D4A
S3150800AD400446EA6992F87D3013B9002003B030BD95
S3150800AD5001281CD002280CBF022301238DF80430D9
S3150800AD6001238DF80530936F286923F4805323F067
S3150800AD700203936701A924F0ABF80028E6D1012C59
S3150800AD8007D1EA69936F43F002039367DDE704236B
S3150800AD90E4E7022CD9D1EA69936F43F48053F4E7C8
S3150800ADA0280B00200422F0B51D4E0546F36985B030
S3150800ADB083F87C2040791AF053FC2C79074694B125
S3150800ADC0A879FFF789FF044638BB01466A7901204E
S3150800ADD01AF024FC3B4622467179306905B0BDE875
S3150800ADE0F04024F003B82B686879039402931AF0AC
S3150800ADF037FC009022467179306902AB23F0F8FFE0
S3150800AE00044650B9A879FFF767FF044628B90246F1
S3150800AE1001216B7928681AF002FC204605B0F0BDBE
S3150800AE20280B0020014B186924F047B9280B00208D
S3150800AE30014B186924F043B9280B0020F8B526F011
S3150800AE4031FA0646164FFB6993F86F4093F86E3051
S3150800AE500434E41AE4B20CB9042507E0012019F019
S3150800AE60CBFF014688B9C4F10405EDB2304626F099
S3150800AE7014FA44B1FA694FF00060936F43F0100377
S3150800AE80936705F049F82846F8BD064819F0E3FE29
S3150800AE90FA69013C92F86E30013382F86E30D9E7D0
S3150800AEA0280B00203C0B00202DE9F843DFF86C80C6
S3150800AEB00546D8F81C3093F86E4093F86F30E41ABC
S3150800AEC0E4B298B126F0EEF92E460746306820B16E
S3150800AED0042C0ED1304619F0C3FD29680E4819F026
S3150800AEE0B0FE384626F0D9F900232B602046BDE887
S3150800AEF0F883D0F8009019F075FF3368D8F81C204D
S3150800AF00C3F8009092F86E30013401333668E4B223
S3150800AF1082F86E30DAE700BF3C0B0020280B0020D1
S3150800AF202DE9F0414FF0000882B00546CDF80480BF
S3150800AF3038B3154F01AC0AE023601B687B612368B0
S3150800AF40C3F800802668453D002D344610DD7B6930
S3150800AF50002BF1D1012019F04FFF0646206000288A
S3150800AF60F1D101A8FFF7A0FF304602B0BDE8F08195
S3150800AF70019E3046737943F00103737102B0BDE850
S3150800AF80F0810646F5E700BF280B002008B505F056
S3150800AF906BF9024B1030D86108BD00BF280B0020A2
S3150800AFA038B504460A4DFFF7F1FFEB692A689A6738
S3150800AFB064B1A08804F0A0FD04F0BAFD0122EB6993
S3150800AFC083F87C20FFF73AFF002038BD0120F3E71D
S3150800AFD0280B0020034BDA69936F43F48033936799
S3150800AFE0704700BF280B0020042238B5084B0D46D1
S3150800AFF0DB6983F87C20FFF76FFE044608B100F092
S3150800B00023FC2A46002101201AF008FB204638BDF9
S3150800B010280B0020022238B5094B0D46DB6983F858
S3150800B0207C20FFF78BFE044608B100F00DFC2A468B
S3150800B030002101201AF0F2FA1AF00FFB204638BD5B
S3150800B040280B0020034A136823F40043136000F01A
S3150800B050D1BD00BF280B00207FB52D4E0446F569EB
S3150800B060102295F87C300021022B14BF02230823F6
S3150800B070684685F87C3019F008FB237A002B3DD00A
S3150800B08001238DF8043063680293A37A53B195F8C7
S3150800B0907D0004F01BFD029B0288134402930123E2
S3150800B0A08DF80D30637A207B8DF80E30FFF746FE5B
S3150800B0B00546C0B9E07A1AF0D3FA6A4603467179AA
S3150800B0C0306923F097FE054668B9F369227AB3F822
S3150800B0D07A10E37A01F001019AB11A4601201AF0B2
S3150800B0E09DFA1AF0BAFAF269936F23F480339367DC
S3150800B0F015B1284600F0A8FB04B070BD236800937C
S3150800B100C1E70A46206801211AF089FAE9E700BF73
S3150800B110280B0020F0B51B4B87B0DD6995F86C400D
S3150800B12004EBC404A600AF5905EB840417B1204606
S3150800B13007B0F0BD1A79A7736273032101AA1869CB
S3150800B140A76023F023FFA8512046039A049B1036D4
S3150800B150AA513544BDF808209DF804106B60BDF867
S3150800B16006300729A3EB0203638308BFA36822837B
S3150800B17008BF43F00103A783276208BFA36007B08F
S3150800B180F0BD00BF280B002083689B0700D57047D9
S3150800B19030B5154D87B0044601686A46286923F01C
S3150800B1A0F7FE50B9238B628B69461344033328692B
S3150800B1B0ADF8043023F0EEFE08B107B030BD009BB1
S3150800B1C09DF90E00636000F005FD2073EB699DF89C
S3150800B1D0111093F87D0004F06DFCA368A07343F08A
S3150800B1E00203A36007B030BD280B0020F8B54FF660
S3150800B1F0FF741E46A142038BB0F81AC008BF818BA4
S3150800B2009C4418BF81836145054636DA4FF6FF70C0
S3150800B2108242ACEB010C02D09445A8BF94468B42FF
S3150800B2201FFA8CF407D80027A74216D3AB8B3846EB
S3150800B2303B44AB83F8BD5B1AA342A8BF23462A69E1
S3150800B240304611449AB2174619F031FF80B2B84217
S3150800B25018D1298BA7420B46E8D23046C91AE61BF5
S3150800B2606B69B6B2324613FA81F119F020FF80B243
S3150800B270361AB6B226B92746D8E700273846F8BDA3
S3150800B280384480B20746AB8B1844A8833846F8BDC5
S3150800B290F8B524260F4FFC6994F86D3006FB034475
S3150800B2A021461AF0F8F9054625F0FCFF0022F9694F
S3150800B2B0226291F86D305E438A5103220133B3FB53
S3150800B2C0F2F202EB42029B1A81F86D3025F0E5FF97
S3150800B2D02846F8BD280B00202421044BDB6993F887
S3150800B2E06C2001FB02311AF0D6B900BF280B0020EA
S3150800B2F010B5094CE369986F10F400700AD02069FC
S3150800B30023F060FE30B90121206923F059FE80F050
S3150800B3100100C0B210BD00BF280B0020044BDA693B
S3150800B320926F920503D50021186923F049BE70472C
S3150800B330280B002010B5154CE36993F87C30012BD7
S3150800B34008D00022114610461AF068F90122E3696E
S3150800B35083F87C2001220321206923F042FD002284
S3150800B3600121206923F018FEFFF7D8FF00201AF004
S3150800B3707BF91AF07BF900201AF079F9E269936FE4
S3150800B38023F4847343F4C043936710BD280B00204D
S3150800B39010B525F087FF0446FFF7CCFF074B56206C
S3150800B3A0DA69B2F876300133A2F8763004F0E0FCB8
S3150800B3B02046BDE8104025F070BF00BF280B0020CE
S3150800B3C010B5114CE269936F190704D523F00803E9
S3150800B3D09367FFF7DDFFE269936FD80604D523F07C
S3150800B3E010039367FFF72AFDE269936F990609D55B
S3150800B3F023F02003936705F043F918B1BDE8104020
S3150800B400FFF7C6BF10BD00BF280B002008B5FFF721
S3150800B41091FF00F0EFFB094A1368D16923F4004352
S3150800B420136053690022501C23B981F86E2081F8F5
S3150800B4306F3008BD02461B68F5E700BF280B0020E1
S3150800B440014B186923F0CEBD280B0020002208B551
S3150800B450104611461AF0E2F8034B18690EF066FA20
S3150800B4601AF001F908BD00BF280B0020024B5878D6
S3150800B470C0F38000704700BF280B002038B5154C74
S3150800B4800546E36993F87D3083420ED0431E042BAC
S3150800B49008D8DFE803F0030B0F14160020690EF036
S3150800B4A077FE10B9E36983F87D5038BD20691AF034
S3150800B4B0E0F8F6E7002120691AF0DDF8F1E7022145
S3150800B4C0F9E7FFF7D3FF0028ECD020691AF0D5F882
S3150800B4D0E7E700BF280B00207FB50446114E407AE7
S3150800B4E0002530711AF07BF87071207AFFF7C6FFD5
S3150800B4F0636869460093236830690193637A8DF817
S3150800B5000A50ADF80830ADF80C5023F02AFE2A464A
S3150800B510294628461AF0A0F820681AF0A6F804B0BA
S3150800B52070BD00BF280B002038B50B4C05462368B4
S3150800B530206923F48063236023F0C3FD38B10DB975
S3150800B540002038BD236843F480632360F8E7002DA4
S3150800B550F6D00C20F5E700BF280B0020F0B53B4CD1
S3150800B5600746216889B011F0010165D120222046DD
S3150800B57019F08BF8364823F047FC064610B1102020
S3150800B58009B0F0BD334D344B01A82B6004F070FEB2
S3150800B590029B2046AB82019B32462B622F4B2946E3
S3150800B5A01B886B822E4B1B68EB612E4B1B882B82EC
S3150800B5B02D4B1B68AB614FF0FF3340F8103F0EF080
S3150800B5C059F90028DBD1BB68DB0237D4012000F02B
S3150800B5D047FB0028D3D102224FF0FF31206923F020
S3150800B5E0A6FC0028CBD10120FFF79EFF206923F097
S3150800B5F08DFD0028C3D11D4E01AD0FCE0FC596E8AF
S3150800B600070085E80700206901A90EF03DFA002821
S3150800B610B5D1012120690EF093F90028AFD1144A5B
S3150800B6201449206919F0FCFF00F058FA0028A6D141
S3150800B630236843F0010323600020A1E70E4920692F
S3150800B6400EF056F90028C1D099E700BF280B002054
S3150800B650690345EC6C01052071B80008BC3A03087B
S3150800B660C03A0308BE3A0308C43A03087836030802
S3150800B670DB550208095602087236030870B50546F6
S3150800B6800E4614460AB119F0E9FF04482346324625
S3150800B6902946BDE87040006923F076BC280B0020D7
S3150800B6A0F8B505460E46FFF735FD2F680446CFB9AF
S3150800B6B0638B008B18440A3080B2FFF731FC0346CF
S3150800B6C0286000B382790C321344A2681A71618B20
S3150800B6D0228BDF710A441A810D4A0A2112799A715E
S3150800B6E019F08EF94FF6FF712B68B2B22046FFF7B4
S3150800B6F07DFD074A5369D1690022501C23B981F898
S3150800B7006E2081F86F30F8BD02461B68F5E700BF6A
S3150800B710280B0020242238B505460B4BDC6994F823
S3150800B7206C3002FB03442046FFF72EFDAA790C3243
S3150800B730AB18197941F0020119716168A950227B89
S3150800B7405A71A27BDA7138BD280B0020024BDB69DF
S3150800B75093F87D00704700BF280B0020044BDA6978
S3150800B760936F034393674FF000601CF097B900BFCF
S3150800B770280B002038B501F0B5FE324C28B3857D7C
S3150800B78025BBE36993F87C20022A10D1B3F872200E
S3150800B79053200132A3F8722004F0EAFA012019F0C6
S3150800B7A066FF2421E26992F86C304B43D550E26972
S3150800B7B092F86E3092F86F209B1ADBB2032B40D8B2
S3150800B7C0BDE838401020FFF7C9BFFF25284604F01A
S3150800B7D017FA002831D0E36993F87C20022AE6D1CB
S3150800B7E0B3F8722053200132A3F8722004F0C0FA8D
S3150800B7F0012019F03CFF23681D0407D5E36993F877
S3150800B8007C30012B02D0522004F0B2FA2422E169DE
S3150800B81091F86C305A4388188068C0F38005400751
S3150800B82041BF03220133B3FBF2F202EB420246BFE9
S3150800B8309B1A81F86C308D50B9E7322004F098FADB
S3150800B840B5E738BD280B002038B5054625F021FD9B
S3150800B8500446064B0820DB6983F87E50FFF77EFF17
S3150800B8602046BDE8384025F00FBD00BF280B002054
S3150800B870F8B515461C4606461946104619F0F2FE56
S3150800B8802A462346304619F04EFF4E4ED6E9022385
S3150800B89000EA020401EA03050D2C75F100034DD2F6
S3150800B8A00D2C75F1000318D3474B23402BB124F018
S3150800B8B0011323F4A0432B4376D004F17F432B4393
S3150800B8C065D0610152D5F369996FCA054ED521F441
S3150800B8D0807193F87C20996726E00C2CE4D801A3A4
S3150800B8E053F824F03BB90008A9B80008A9B800081D
S3150800B8F0A9B8000889B90008A9B80008A9B80008B5
S3150800B900A9B800081FB90008A9B80008A9B800080E
S3150800B910A9B8000819B90008002019F0A8FEFFF711
S3150800B92029FFF36993F87C20082A04BF022283F8CA
S3150800B9307C202046294619F074FEF8BDA4F58043FC
S3150800B940083B2B43B0D1FFF715FFF36993F87C202A
S3150800B950022AE9D140F60201986F814318BF0122F5
S3150800B960552083F87C2004F003FADAE725F091FCE9
S3150800B97064220746F369082083F87E20FFF7EEFE67
S3150800B980384625F081FCCCE719F072FEC9E7F26962
S3150800B9905120B2F870300133A2F8703004F0E8F99B
S3150800B9A0012019F064FEBCE7F36993F87C20012AAC
S3150800B9B0BFD040F60202996F8A4314BF01220222C1
S3150800B9C0CEE700BF280B00200150010030B50C4619
S3150800B9D00021054685B009480091006903AB0DF1C1
S3150800B9E00E02FDF7F5F815B1BDF80E302B8014B12F
S3150800B9F0BDF80C30238005B030BD00BF280B0020F1
S3150800BA0013B504460DF106010020FFF7DFFFBDF967
S3150800BA100600074BC828A8BFC820A042A8BF2046D2
S3150800BA20B3F904209042B8BF1046588002B010BD42
S3150800BA307478062070B586B0ADF80C20ADF80E30D7
S3150800BA404FF0C8124FF08213ADF80800ADF80A108F
S3150800BA5000200DF10601CDE90423FFF7B7FF02A880
S3150800BA6004220346BDF9066004ACB0F9001034F9A7
S3150800BA70025BB142A8BF3146A942A8BF2946013A8E
S3150800BA8012F0FF0220F8021BEFD103CB034AC2F8DB
S3150800BA900600C2F80A1006B070BD00BF747806200A
S3150800BAA013B5044600210DF10600FFF78FFFBDF917
S3150800BAB00600084A084B9042B8BF1046A042B8BFD5
S3150800BAC02046B3F902209042A8BF1046988002B0DB
S3150800BAD010BD00BFD4FEFFFF7478062038B5144B9E
S3150800BAE00021186918F02DFD0446E8B947F6FF73DA
S3150800BAF010498D1E086048608860881C21F8023C41
S3150800BB00FFF764FFB5F90420B5F902309A420DDC57
S3150800BB10C820FFF775FF0848FFF7C2FF64231A46D7
S3150800BB2019461846FFF786FF204638BD1024FBE75E
S3150800BB30280B002076780620D4FEFFFF084B10B5A8
S3150800BB40B3F9024030B903EB4103B3F904309C4220
S3150800BB50A8BF1C46A242A8BF2246104610BD00BF79
S3150800BB60747806200346044AB2F904001BB1034B55
S3150800BB701B8BC01A00B2704774780620280B002069
S3150800BB80C82838B50EDC084B084D1A8B801AB5F94B
S3150800BB90002004B2A24205D0214618690EF010F919
S3150800BBA000B92C8038BD00BF280B00207478062009
S3150800BBB08BB200294FF00A01B4BF053B05339BB28F
S3150800BBC01BB293FBF1F3024A10835383704700BFFD
S3150800BBD0280B0020024B5B8BC01A40B2704700BF8F
S3150800BBE0280B0020024B1B8BC01A00B2704700BFFF
S3150800BBF0280B00200022044BDB691A605A629A64FB
S3150800BC00A3F86C20704700BF280B00200A4B418B15
S3150800BC10DA6992F86E3092F86F209B1A5BB203EBE2
S3150800BC20031203EB8203028B50180A30834234BF97
S3150800BC3000200120704700BF280B0020074B418BCE
S3150800BC40DA69038B0B4445214E33B3FBF1F392F8C3
S3150800BC506F100B4482F86F30704700BF280B002026
S3150800BC6007B50A490A4AD1E90203024343F0200309
S3150800BC70C1E90223CDE900234FF0FF324FF0FF332D
S3150800BC80086923F027F903B05DF804FB280B0020A8
S3150800BC900DD50155014B1870704700BFC77F0620A8
S3150800BCA0054A08B59268824205D0427942F00302F5
S3150800BCB042710DF0B1F808BD9001052010B507488E
S3150800BCC018F0CEFE054B1C46181D18F0C9FE04F1E7
S3150800BCD00800BDE8104018F0C3BE00BF900105205B
S3150800BCE010B5022019F088F8034C6060022019F09C
S3150800BCF083F8A06010BD00BF9001052008B5FFF7C6
S3150800BD00DDFF0022024BDA60BDE80840FFF7E8BF16
S3150800BD1090010520014B5868704700BF9001052027
S3150800BD20014B9868704700BF9001052038B5104D43
S3150800BD30EB681BB1EB6898470023EB602B688BB167
S3150800BD400B4818F0ACFE044660B12B681BB14FF0E7
S3150800BD5000401BF0A3FE204619F014FD18B120463A
S3150800BD6019F012FD38BD20461DF02EFBFAE700BF7C
S3150800BD709001052010B5084CE0604FF000401BF01C
S3150800BD808DFE00BF00BF00BF00BFE3681BB1E368BC
S3150800BD9098470023E36010BD9001052038B58279E5
S3150800BDA043790244527B044612F0300F06BF23F053
S3150800BDB0020343F0010303F0FC03437125F072FA12
S3150800BDC005462146054818F03CFF4FF000401BF099
S3150800BDD065FE2846BDE8384025F05FBA9001052083
S3150800BDE02DE9F041244E00217468FE20A57901F062
S3150800BDF049FD074600F02AFA50B141F20C00C2B2DA
S3150800BE000023B06842F20501BDE8F04119F006BD0D
S3150800BE1000F042FA0028F0D10C352C44237AE51CB0
S3150800BE209B09022BE9D0012B18D9237AA11C03F010
S3150800BE303F02073443F0C00311F8010F8C4242EA6F
S3150800BE40000203EA0003F7D1002AD6D0FF2BD4D08C
S3150800BE5057B928461BF0CAFD0020D0E729461BF033
S3150800BE60D8FD0028E1D0C8E7294638461AF0FCFA7A
S3150800BE700028EED0C3E700BF90010520F0B5184EA4
S3150800BE8085B07568AB790C331D4404F0E1F8B5F854
S3150800BE900920B5F807108A421FD8032A1DD9032995
S3150800BEA01BD96F79CFB1C04360F0050010EA0704CB
S3150800BEB013D1EB78A879CDE901742C79009400F0B8
S3150800BEC065F900280CBF0C22002242F24101B06835
S3150800BED005B0BDE8F04019F0D7BC1122F5E700BF60
S3150800BEE09001052010B50D4C626893790C331A44FD
S3150800BEF01179D078003918BF01210038B2F8073017
S3150800BF0018BF0120B2F8052000F0CEF942F242012E
S3150800BF100246A068BDE8104019F0B6BC900105209D
S3150800BF2010B5084C6068837918440F3003F048FF51
S3150800BF300023A0681A46BDE810404FF6284119F0BC
S3150800BF406DBC00BF90010520F8B507460D4616469C
S3150800BF501C4623B9012018F04FFF0446C8B1062233
S3150800BF600C21204619F075FC691EC9B2032988BF41
S3150800BF700022A37998BF074A03F10C0398BF525CC5
S3150800BF80234420469F80DE70DA719A71FFF788FE97
S3150800BF900120F8BD94360308F8B5FFF7BBFE837990
S3150800BFA01844B0F80F60B0B202F060FC0446C0B1A5
S3150800BFB01BF02AFA0138C0B2032814D800270B4B05
S3150800BFC01C5CFFF7ADFE054604233A4642F23001F3
S3150800BFD019F024FCAB790C33E818C6800472447255
S3150800BFE0F8BD0227EDE700242746EAE7943603085A
S3150800BFF02DE9F0411D46134307460C461646BDF883
S3150800C000188006D12046BDE8F0411A46194619F0AF
S3150800C010AFBD414620461DF0E4FA78B121463846C0
S3150800C0201AF064FF40238674C57421460693384681
S3150800C0304346BDE8F041024A1DF0F9BABDE8F08171
S3150800C0404D5C0208F7B50E4605461BF0DAF9B379DA
S3150800C05000780C3333445F789B7800EA10101F4051
S3150800C060384019F04DFD044668B9284619F051FDC7
S3150800C070384019F045FD044628B928461BF0C4F98E
S3150800C08003F00EFD0446284600211BF04DF8172143
S3150800C09030461DF082FA30461DF070FA314644707B
S3150800C0A0847028461DF05FFA032128461AF075FFAA
S3150800C0B040220346009229460020024A1DF0B7FA9C
S3150800C0C003B0F0BD015C020808B581B207481CF050
S3150800C0D0FAFD012001F0DAF830B9054A137D59074F
S3150800C0E05CBF43F00203137508BD00BFA801052015
S3150800C0F0A00105204FF0101370B51F4C0025A3644E
S3150800C1004FF4E06320460126A4F84C301B4B43F657
S3150800C110FF71E3651A4B656240F8583F84F8606022
S3150800C12019F004FB03F094FF4FF48073A4F852301F
S3150800C130144B84F85600A361134BA4F84E601A6892
S3150800C14084F85150A4F8B86084F8B550257513786A
S3150800C150527829461344334104F108006375A4F85C
S3150800C160C050A4F8B6501CF0AEFD294604F1940060
S3150800C170BDE870401CF0A7BDA00105205555550027
S3150800C180D6BE898EF95D0208080305202DE9F84315
S3150800C1902D4C9946636A0F46D90715469DF82460C3
S3150800C1A09DF828804DD400283AD004F1240353E89A
S3150800C1B0003F43F0020304F1240141E80032002A5B
S3150800C1C0F3D1626A9DF8203022F4C07242EAC312A3
S3150800C1D0052E626284F8546007D1FFF747F968B9FB
S3150800C1E06D00ADB2BD4228BF3D4694F854309A075B
S3150800C1F022D413F0040F14BF03260126636A84F8B9
S3150800C2006060A4F84870A4F84A5084F84C90B8F1D5
S3150800C210000F13D043F4801301206362BDE8F8834E
S3150800C22004F1240353E8002F194622F0020241E8DC
S3150800C2300023002BF4D1C4E70226DFE723F480139A
S3150800C240EAE70020EAE700BFA0010520024B93F8C1
S3150800C2502400C0F380007047A001052008B5FFF749
S3150800C260F5FFB0B10B4B586A20F0040210F001003C
S3150800C2705A6203D1BDE8084000F0B0BB00F084FC68
S3150800C28019F0BAFA00F036F9BDE80840002000F0C7
S3150800C290C9BB08BDA0010520024B586A00F0010081
S3150800C2A0704700BFA001052070B54A4C1646636A60
S3150800C2B003F0010288B972B124F0F4FF0546606AFA
S3150800C2C020F0010210F00400626201D100F086FB42
S3150800C2D0284624F0E2FF002070BD002AFBD19B0708
S3150800C2E004D5236B03B3012000F0E2F994F84C302F
S3150800C2F003F0FD03012B1FD024F0D4FF05460EB32F
S3150800C30004F1240353E8003F43F4804304F1240175
S3150800C31041E80032002AF3D1FFF792F842F210738F
S3150800C32003FB0600606319E0022018F065FD206330
S3150800C3300028D8D10720CFE71BF084FB0028DBD1E3
S3150800C3401220C9E704F1240353E8003F23F480438D
S3150800C35004F1240141E80032002AF3D104F1240350
S3150800C36053E8003F43F0010304F1240141E8003299
S3150800C370002AF3D1636A13F00403A9D140F27122AB
S3150800C380E363B4F84A30E260023B5343236119F091
S3150800C39024F90323B0FBF3F303EB4303C31A253352
S3150800C3A084F8613000F0B2F8FFF74AF8606020645C
S3150800C3B0B4F8C000002808BFF520FFF785FE064B35
S3150800C3C004481A681378527813445B10637519F099
S3150800C3D014FE7DE7A001052008030520F0B5244CCE
S3150800C3E087B0A06A00B3E76ABE7902F057FA0C363E
S3150800C3F0BA5DBD190223FF26CDE9043695F8233028
S3150800C40000215B090393AB8BD20902936B8B80B235
S3150800C41001932B8B009305F108031CF070FEA06AAC
S3150800C42002F0E6FC0023A362E06AFEF787F8002321
S3150800C430E362636A23F00402D907626208D594F8B6
S3150800C4405450052D06D1FFF711F818B184F860503D
S3150800C45007B0F0BD94F854309A0707D413F0040FC8
S3150800C46014BF0323012384F86030F1E70223FAE7B7
S3150800C470A001052013B5154C24F014FF236A019377
S3150800C4800023236224F009FF019BA3B9636A1A04F7
S3150800C49006D519F022FAA0B1636A23F40043636251
S3150800C4A0636A1B0305D5FFF799FF636A23F4002324
S3150800C4B0636202B010BD01A818F0F1FA19F083FA08
S3150800C4C0E2E74FF080401BF0E9FAE9E7A001052012
S3150800C4D001238340DB43064901F1240252E8002F79
S3150800C4E01A4001F1240C4CE800200028F4D17047CA
S3150800C4F0A0010520044A4FF08040536A43F4002304
S3150800C50053621BF0CBBA00BFA001052038B5FFF770
S3150800C510C3FE184D044608B195F85440FFF796FE39
S3150800C52010B195F855301C4304F00504052C0DD1BF
S3150800C530FEF79CFF50B995F86030012B03D1032311
S3150800C54085F8603038BD012385F8603095F861308C
S3150800C55095F84D10253BDBB20133DBB2032B28BF20
S3150800C560002341FA03F2D207F6D5253385F8613060
S3150800C570E8E700BFA001052008B5FEF761FF054AF8
S3150800C580516C50640B1A002BBFBFD36B5B1A1B1878
S3150800C590D36308BDA001052040F271232DE9F041BF
S3150800C5A0414C0E46E36018B1237D43F0080323751A
S3150800C5B040F27125FEF744FFB4F84870216C7D43BC
S3150800C5C06B181B1AA3F59672A7B1AA4212DD8D4203
S3150800C5D010D86FF496721344B3FBF5F3B1FBF5F27A
S3150800C5E0934228BF134605FB1311A5F59672121A36
S3150800C5F021640A4440F2712CB4F84A30D4F83C80DD
S3150800C6001F1F0CFB03F3E1682089984508440CFBBF
S3150800C61007F72CBF0021A3EB080116B10E1E18BFA1
S3150800C6200126B84500D316B1904200DAF1B9227D49
S3150800C630A3F5E17322F0080223612275FFF766FF6E
S3150800C640236CB8451D444FF0000365602564E36319
S3150800C650164D18D2FFF7FAFD2B6810B3DA79197B55
S3150800C660637D5B1A934218DA627507E0237D91426F
S3150800C670D4BF2161226143F0080323750A48BDE847
S3150800C680F04119F0BABCFFF7E1FD2B6838B19A7989
S3150800C6901B7B617D0B449342E6DC6375EEE71A78F3
S3150800C6A0F6E75A78DBE700BFA00105200803052056
S3150800C6B038B505460D4C80B10320FFF709FF002366
S3150800C6C084F851300123A4F84E300420FFF700FF08
S3150800C6D0BDE838401020FFF7FBBE0520FFF7F8FE3F
S3150800C6E0012384F8B550A4F8B830EEE7A001052078
S3150800C6F0324B70B55A6A0D4631B316075CD503F14D
S3150800C700510603F14E0498B3D10624D52288012A8E
S3150800C71021D9520804202280FFF7DAFE1020FFF7FD
S3150800C720D7FE23880BB90123238018F056FF2388E8
S3150800C730B0FBF3F202FB13003070002D3AD0032051
S3150800C740BDE87040FFF7C4BE940635D503F1B506BB
S3150800C75003F1B804D7E703F1240252E8002F42F0A8
S3150800C760100203F1240040E800210029F3D1D5E79F
S3150800C770D20312D52288B3F8521091420DD952002D
S3150800C78092B22280B3F852301020934228BF134643
S3150800C7902380FFF79DFE0420C1E703F1240252E837
S3150800C7A0002F42F4803203F1240040E800210029DA
S3150800C7B0F3D1F0E70520C3E770BD00BFA00105204F
S3150800C7C070B58AB005466B464D4AAC791068516813
S3150800C7D0127A03C30C3408201A702C4403F0ACFBFD
S3150800C7E020B101222846A11D18F016F90021A379C7
S3150800C7F00DF121008DF80F30A37ACDF8211003F042
S3150800C8000F0303F128026A4412F8282C8180ADF838
S3150800C81010208DF82010062B12D8DFE803F00459F3
S3150800C820111168115500374A02F1240353E8003FF5
S3150800C83043F4005302F1240040E800310029F3D103
S3150800C840A37A0DF11301C3F380138DF81230E36850
S3150800C8500DF11200CDF81330238A09AEADF8173062
S3150800C86000231A4618F0A6FFE3791C218DF8193023
S3150800C8704FF47F43ADF81A307F238DF81C30637967
S3150800C88028468DF81D300023ADF81E30AB7903AC71
S3150800C8901233AB7118F02EF9AB792B440C332246C0
S3150800C8A003CAB24218605960144603F10803F6D168
S3150800C8B0106829461860144818F0C3F94FF08040EC
S3150800C8C01BF0ECF80AB070BD0D20FFF701FEB7E7C4
S3150800C8D0D4F81230CDF82130E38A8380EB79063B11
S3150800C8E0EB71A37AC3F3C0138DF82030A8E7054B84
S3150800C8F05B6A9B0444BF42F00102ADF810209FE733
S3150800C900E41E0308A0010520C001052070B583793F
S3150800C9100C33C4182379DA0702D44FF0FF3070BD00
S3150800C920A37A03F00F05082DF7D8062D01D9284656
S3150800C930F5E7E27A911F1F29EFD8012D1FD10C2A9E
S3150800C940EBD1244E736A13F0060F01D1DB05EED442
S3150800C95018F03DFF20B918F031FF0028E7D1DCE7D1
S3150800C960A37A96F84C20C3F3C010B2EBD31FD4D1E8
S3150800C97004F1120100F001001BF04BF8EDE7042D5D
S3150800C980D5D11449144A486A0240002AC5D0096B11
S3150800C9900029CCD08A79C3F380130C3288188A5CB4
S3150800C9A0B3EBD21F13D104F10C010622083017F09D
S3150800C9B043FEB0FA80F4640918F009FF0028B6D1DE
S3150800C9C0002CB4D118F0F1FE0028B0DBA5E700244E
S3150800C9D0F2E700BFA00105200800040038B50E4D97
S3150800C9E0044600F0D1F8286B18B1FDF7A7FD00231F
S3150800C9F02B6318F001FF094804F008FAEB6A0BB13B
S3150800CA00FFF778FD044884F0010119F002FBBDE840
S3150800CA103840034818F024B8A0010520A8010520CD
S3150800CA20C001052038B51C4C0546237D23F00803B4
S3150800CA30237500F0A9F8B4F8C0302BB9A36813F42D
S3150800CA40601F08BFA4F8C0301348002119F0E1FAA6
S3150800CA50124B606AA361430406D485F001000021E5
S3150800CA60BDE83840FFF798BD626B6168521A002A24
S3150800CA70F3DA20F0010242F4004210F00400626288
S3150800CA8001D1FFF7ABFF4FF080401BF007F8FFF727
S3150800CA90DDFB0028E1D138BDA0010520F95D0208BB
S3150800CAA02DE9F04F4FF0000B304C8BB0E66AA36AC5
S3150800CAB0B779C4E90ABB0C37F51901936B6A904636
S3150800CAC0824689460393FEF735FCF35D05F10807B0
S3150800CAD03946C3F3C01308A88DF8203018F07FFE36
S3150800CAE0FF238DF8213094F8253001A8C3F380037D
S3150800CAF00E358DF822308DF808B0049507978DF815
S3150800CB0023A08DF824908DF8258002F0DFF93046B1
S3150800CB10FDF714FD636A23F02402D907626205D47F
S3150800CB200120FFF75BFF0BB0BDE8F08F104B94F8C0
S3150800CB3054501A68052D1378527813444FEA630344
S3150800CB40637502D1FEF792FC40B994F854309A07FF
S3150800CB500AD413F0040F14BF03250125012084F815
S3150800CB606050FFF75FFFDEE70225F7E7A001052023
S3150800CB7008030520034B5B6A13F0060F0CBFE2207F
S3150800CB80F1207047A001052008B500F0ABFC054B65
S3150800CB90834206D1FEF7CEFBBDE80840002003F02D
S3150800CBA015B808BDA001052070B51E4C1E4803F037
S3150800CBB00DF894F8603094F861200021C8201BF025
S3150800CBC032FC014604F1580018F0B0FD04F1580093
S3150800CBD01BF0BDF800221146104618F03DFD6668A8
S3150800CBE06664FEF72DFC0246FFF7C4FFB61AB6F5D3
S3150800CBF0FA6F05460BDC00F031FB627DA0F5E171AA
S3150800CC0028461BF0D9F8BDE87040FEF771BB666888
S3150800CC1000F024FB3146A0F5E172637D28461BF03F
S3150800CC20ADF8F0E7A001052075CF000810B5FEF7AE
S3150800CC3081FB00F019FB40F2EE2398420FDDFFF767
S3150800CC4099FF044600F00AFB084BA0F5E1715A7DEE
S3150800CC5020461BF0B1F8BDE81040FEF749BBFFF7C8
S3150800CC608BFCBDE81040002019F0D4B8A0010520BF
S3150800CC70F7B5104C064694F851500F462DB10020D2
S3150800CC80013D84F8515003B0F0BD0B4B02201B68E0
S3150800CC905978FEF7A9F994F84C303A46CDE900538D
S3150800CCA031460323206B19F0E8F8206B03F002FDE8
S3150800CCB00120E8E7A001052008030520094A02F13A
S3150800CCC0240353E8003F43F0080302F1240040E838
S3150800CCD000310029F3D1044B01201B685978FEF76F
S3150800CCE099B900BFA00105200803052070B50A4CB4
S3150800CCF0636A5B070DD58B790C33CD1850B9E87983
S3150800CD00CE5829891BF077F80644A6636B7984F810
S3150800CD10503070BD0120F3E7A00105202DE9F04F42
S3150800CD20174698468F4B8BB0DD6A0491AC795B6ADF
S3150800CD300C342A5D014061F345122A55394603F041
S3150800CD404002064640460292C3F3801A18F041FD97
S3150800CD5005EB040B0590285D0BF108031946C0097D
S3150800CD60039318F036FD029B8146002B45D1002817
S3150800CD7045D118F02CFD80F00103DBB25246394646
S3150800CD80404603F001031BF040F80390002800F02A
S3150800CD908580029B002B34D1B9F1000F6CD1059B1D
S3150800CDA0002B69D018F004FD002865D0012208A9D7
S3150800CDB00DF11F0018F00FFD00286FD09DF81F30E9
S3150800CDC02A5D591E4B424B41B3EBD21F66D1062250
S3150800CDD008A90BF1080017F02FFC00285ED13B6864
S3150800CDE0CBF80830BB88ABF80C302B5D68F3C7135B
S3150800CDF02B554FF0000AD1461AE00123BEE7029BE5
S3150800CE00BCE7584B5B6A98051CD44FF0000915F827
S3150800CE1004A0484618F0E4FC3B68CAF3801ACBF82D
S3150800CE200830BB88ABF80C302B5D68F3C7132B555D
S3150800CE304C4F002E38D197F8B530ABB3013B87F885
S3150800CE40B5302BE018F0B1FC0028DEDB00221146D5
S3150800CE50104618F0BAFC15F804A081460028D8D068
S3150800CE60002302211A460BEB010018F0DCFF2B5DAC
S3150800CE7060F386132B55CCE708F1FF32D2F1000890
S3150800CE802B5D48EB0208B8EBD31F07D106223946BB
S3150800CE900BF1080017F0D0FB0028AAD00023039353
S3150800CEA003980BB0BDE8F08FFEF7CAFAFB6A00F1EB
S3150800CEB096019A790BF10E0013441A6B9DF85030BF
S3150800CEC0009619F012F8284B07461B68002E3DD12C
S3150800CED002205978DFF88C80FEF786F8D8F82C00FF
S3150800CEE003F0E8FBD8F82C309A7913441F6386B30D
S3150800CEF01E4802F06BFE049AD8F8243072B343F445
S3150800CF008063C8F82430029B8BB986B92B5D3246FC
S3150800CF10C3F3C0130BF1080108A88DF8203018F0E8
S3150800CF205AFC2B5D9DF8202062F3C7132B55B9F1E7
S3150800CF30000FB5D0002351461A460BF1020018F02F
S3150800CF4072FF2B5D60F386132B55A9E70020D9796C
S3150800CF50C0E700F0C7FA064B8361CCE723F4806389
S3150800CF60CFE700BFA00105200803052039D1000836
S3150800CF70F757020853282DE9FF4718D005D8512836
S3150800CF8000F0CE8004B0BDE8F087A0F15503012B70
S3150800CF90F8D8553818BF01200121FFF7A9FBFFF77C
S3150800CFA0EBFA002004B0BDE8F04718F033BF0024C0
S3150800CFB002A84FF0FF310294FEF772FB02985C4D0F
S3150800CFC068B1FFF7A3FC0828064605D8594B13F89D
S3150800CFD0009019F0080F09D102A8FDF765FF6B6AE2
S3150800CFE013F0060F1FD0FFF721FE1CE0072821D1FA
S3150800CFF06A6A12F48012EFD12846029918F0F2FBF9
S3150800D0000028ECD018F0F9FB68B1FFF7B5FA40F242
S3150800D0107122B5F84A305343EA6B9A4203D201218A
S3150800D0200846FFF7B9FA0121084604B0BDE8F047FB
S3150800D030FFF75EBB029B039300F016F96B6A07467F
S3150800D04013F004035ED019F002035BD0A0F56E73EB
S3150800D050002B0EDD0120039A93790C331A44917A3A
S3150800D0600090C1F380130C32C1F34011FFF756FE4E
S3150800D07004460398FEF74EFB03990120FFF736FE98
S3150800D0806A6AD10748D5039902F080088B790C3370
S3150800D09001EB030A18F09BFB80F001039AF80A00DB
S3150800D0A0DBB24FEAD8120AF10C01C0F380101AF06D
S3150800D0B0ACFE48B3C4B96B6A9A0736D519F0010FA6
S3150800D0C017D0039818F0C5FF70B1A7F21657002FAE
S3150800D0D00ADD039883790C331844817A0C30C1F33E
S3150800D0E08011FFF7C5FD0446042E02D16B6A9B0723
S3150800D0F012D519F0040F0FD00398FFF761FB002C27
S3150800D10091D16CE71C46B4E7B8F1000F04D141464B
S3150800D11018F063FB0028CDD003A8FDF7C5FEEEE79F
S3150800D12004B0BDE8F047FFF7C9BD042EE1D1F3E727
S3150800D130A001052098360308512808B50BD10848E0
S3150800D14002F044FD0122074B104693F95010BDE842
S3150800D1500840FFF7A5BCBDE80840FFF70BBF00BFB6
S3150800D16075CF0008A001052010B5074C2368DA061C
S3150800D17007D523F01003236018B90220A16818F018
S3150800D18051FA0023A36010BD64020520F8B50023F8
S3150800D190027D0446950703600CD550F8081FC90C94
S3150800D1A001F4FC7141F005011BF093FD227D02F0AC
S3150800D1B0FD022275A06818F0F3FE0546100703D590
S3150800D1C0FEF73EF928446060194F62683E4656F8F5
S3150800D1D0041FAD1A79B921603460BB68E3B1607D7C
S3150800D1E0597D884219D2217D09070FD5BDE8F84037
S3150800D1F00020FFF7B9BF886818F0D2FE4B682B44A9
S3150800D2001B1A002BE7DA0E460968E3E759681B691B
S3150800D2100B449B1A002BE9DAF8BDD3E9011018F084
S3150800D220BFFEE3681A44521AC242F5D5DEE700BFCC
S3150800D23064020520014610B50446032018F0F2F9E9
S3150800D240054B1B68D90305D4237D5A075CBF43F0F9
S3150800D2500203237510BD00BF64020520014BD86880
S3150800D260DC38704764020520034B10B5DC68FEF70E
S3150800D270E7F8DC3C201A10BD6402052018220021BC
S3150800D280014817F002BA00BF64020520034B1B6869
S3150800D29003EA0040003818BF0120704764020520E1
S3150800D2A030B5B8B14468ACB1104D2B691A4692B97D
S3150800D2B043B19A688A1A41BF5242B2FBF4F202FBA2
S3150800D2C0044409190A4C81604BB9036020602B7D20
S3150800D2D001332B7530BD8242FCD01268E7E79A68A5
S3150800D2E0521A002AF1DA1C461B68EDE7640205208B
S3150800D2F07402052040B1436833B1084B1A7D013AE0
S3150800D3001A7553F8102F02B970471A68904202D15D
S3150800D31002681A60704713461268F4E7640205202B
S3150800D32038B50446094D0846AB68A34201D1FFF754
S3150800D3301BFF6A68064B22B11A68A24202D122680C
S3150800D3401A6038BD13461268F5E700BF6402052067
S3150800D350680205202DE9F3475C4E33685A0700F149
S3150800D360B280B368002B40F0AE8056E8003F43F029
S3150800D370040346E80032002AF7D17468B4B1FEF710
S3150800D3805FF801AA074601462046256918F010FEEF
S3150800D39008B9204621E0019BA5EB03082568ADB92D
S3150800D3A0636808F1DC084344C6E9024356E8003FCF
S3150800D3B023F0040346E80032002AF7D1B468002CAB
S3150800D3C04DD102B0BDE8F047FEF740B839462846C9
S3150800D3D001AA18F0EDFD18B92846FFF72BFFCCE790
S3150800D3E0D5E901A018F0DCFD2B7DAAEB0000DB07D0
S3150800D3F005D4019A2B699B1AEA689B1A1844626835
S3150800D40002EB08031B1A002B25DD984504D9E368AF
S3150800D410801ADC3383421DD994F8149019F0010F51
S3150800D4200DD1A06818F0BCFD2369E9681A44A2EB7F
S3150800D4300A02E368521A121ADC339A420DDC6A7D34
S3150800D440637D9A4207D219F0080FA2D0D5F80C804E
S3150800D4502C4600E080462D68A1E78846F8E7A368D1
S3150800D46013F4601FC3F3C24526D10025336821464D
S3150800D47043F010030120336018F0D4F81DB3A368F5
S3150800D48004F1080513F4601F4FEAD341C3F3C244FD
S3150800D49007D0013CE4B201F4FC71284621431BF095
S3150800D4A018FC0321284603F0CBFC64B9284602B0D1
S3150800D4B0BDE8F04703F0AABC04F1080003F05EFCDF
S3150800D4C00028D2D1D2E702B0BDE8F0876402052071
S3150800D4D008B5034B996809B118F0A4F808BD00BF50
S3150800D4E064020520014B9868704700BF6402052056
S3150800D4F00C4B70B59C68844212D12146022018F064
S3150800D50091F8D4E9016018F04BFD0546FDF798FF40
S3150800D510801BE84221464CBF0120032018F082F800
S3150800D52070BD00BF64020520114B70B59D682C695B
S3150800D5302E6816B96868204470BD727D6B7D9A4264
S3150800D5400FD8B06818F02CFD6FF0DB036A687168B5
S3150800D5509B1A0B4429691B1A8B42D4BFD018501842
S3150800D560EAE7304618F071FD0028EAD13668E0E7A8
S3150800D57064020520014B1878704700BFDC78062046
S3150800D580437D0F4A1B01DBB282F82E3382F82F3314
S3150800D59082F8313382F8303382F8323382F8333303
S3150800D5A082F8343382F8353382F8373382F83633E3
S3150800D5B0037E23B9037D1B01DBB282F8223C704748
S3150800D5C000E100E037B5054602F0C8FC044698B904
S3150800D5D02846FFF7D5FF2B8A0DF10601ADF8043072
S3150800D5E06B8A01A8ADF8063018F040FD0122034BFE
S3150800D5F01A70204603B030BD0224FAE7DC7806200C
S3150800D600982238B50546164B00211C6B2D0202FBE5
S3150800D6100044204617F039F8124B45F001051B68FF
S3150800D62004F10800DB7800216375E5821BF04BFBEB
S3150800D6304FF0082363651323A4F858304FF6077391
S3150800D640A4F86030FF23084A84F86230074B204666
S3150800D650C4E91E32C4E92232BDE8384019F0EBBAF3
S3150800D6607C0205200803052055555500D6BE898E2F
S3150800D67010B50A4B98241A6B93F834000023803AA5
S3150800D680D9B2884201D8002010BD013304FB03F14A
S3150800D69051580029F4D00120F6E700BF7C02052086
S3150800D6A0034B1B6BC01A034BC0105843C0B27047DC
S3150800D6B07C0205201BCA6B28F8B580F85E2000227C
S3150800D6C01E1E0D460CBF4FF48C718C2180F85F200E
S3150800D6D0026A00F1080722F480720262C2680446F0
S3150800D6E0026101F2631138461BF0EDFA0120FFF7DB
S3150800D6F0CDFD28B9237D5A075CBF43F00203237585
S3150800D700A1683846C1F3C84141F0A0011BF0E1FA0F
S3150800D7105DB140F27123B4F85620C2EB05125A43A4
S3150800D720236A626243F4807323621EB1236A43F458
S3150800D730002323620C4B1B68DB78637523F0B2FD6C
S3150800D740237D064643F00803237525B1FDF778FEC9
S3150800D750636A03446362204618F04FFC304623F0A0
S3150800D7609CFD0020F8BD00BF08030520F8B51F463C
S3150800D77083690446164613B1C9B1002515E0002988
S3150800D780FBD018F08AFE054678B9B4F858309B07DE
S3150800D79010D5E36B73B917F02FFBE06350B9294630
S3150800D7A0204619F0DDF941F207052846F8BD19F0BB
S3150800D7B0D7F9E2E7044B3A46A361314601232046EE
S3150800D7C0FFF77AFFD9E700BFA5E4000838B5044695
S3150800D7D000284CD0083003F019FB0025FF2304F17C
S3150800D7E0380084F86130A56117F03AF904F1400071
S3150800D7F017F036F904F1340017F032F904F12C0069
S3150800D80017F02EF904F13C0017F02AF904F130005C
S3150800D81017F026F904F1440017F022F9154B186B96
S3150800D820154B201AC0105843C0B217F00CFF01461A
S3150800D830284617F003FFA06C10B101F0D9FAA564C9
S3150800D840E06C18B117F098FF0023E364206D17F019
S3150800D850E3FF00232365FFF70BFF08B1002038BD5F
S3150800D860064817F0FDF8064817F0FAF8F6E741F209
S3150800D8704200F4E77C0205201BCA6B28A00205209B
S3150800D880A4020520F0B5104B02461E6B93F834C06F
S3150800D89035464FF0FF3400239C4508DC91B1631CE4
S3150800D8A010D0982303FB046080F86120F0BD95F83A
S3150800D8B0617028469742F9D0FF2F08BF1C46983555
S3150800D8C00133E9E70020F1E77C020520014BD86A1D
S3150800D8D0704700BF7C02052070B500249826074DC6
S3150800D8E095F83430A34201DC002070BD286B06FB96
S3150800D8F00400FFF76BFF0134F2E700BF7C02052046
S3150800D90038B50A4DFFF7E8FFEB6A13B100221A6033
S3150800D910DA801BF0E4F9002495F83430A34200DCE1
S3150800D92038BD2046FFF76CFE0134F5E77C0205207A
S3150800D930F8B5054600249827074E96F83420E3B232
S3150800D9409A4201D80020F8BD306B297807FB0300FE
S3150800D95018F0BFFD0134F0E77C02052070B52D4CA8
S3150800D9600646E06A18B1FCF7E9FD0023E3620025E4
S3150800D970294817F075F8A562FFF7C2FF284617F081
S3150800D98066FE7EB90025032084F834602563E586A3
S3150800D990FCF79AFFAE4217DC94F8340017F057FEEE
S3150800D9A030B970BD022017F027FAE0620028E9D1E5
S3150800D9B00025E06A84F83450256338BB002017F048
S3150800D9C046FE41F20700ECE706EBC60106EB41010D
S3150800D9D0C9002B460122032089B2FCF731FF054610
S3150800D9E00028E5D10320FCF799FF20630028DFD043
S3150800D9F098222946724316F048FE94F83430AB4212
S3150800DA00CADD2846FFF7FCFD0135F6E7FCF796FD6B
S3150800DA10E562D3E77C020520A40205202DE9F04340
S3150800DA2000268BB0DFF8E08008AF98F83430B342B0
S3150800DA3002DC0BB0BDE8F0839823D8F8304003FB2E
S3150800DA40064494F86130FF2B0DD0236A980306D557
S3150800DA5004F14409484617F08AF8054628B9226AA7
S3150800DA6012F4A02F1DD10136DFE7AB7939460C3306
S3150800DA702B44D8689A7A1B8AC2F38012BB8000238B
S3150800DA808DF81F2038601A460DF11F0017F092FE18
S3150800DA903B4628469DF81F2094F8611017F02AFF88
S3150800DAA0D8E7B4F8583003F01D031D2B17D13C23D3
S3150800DAB0FF210020CDE90431CDE902000121CDE99D
S3150800DAC0000004F16903C2F380021BF018FBA8B931
S3150800DAD04FF080500BB0BDE8F04302F01DBA12F4C7
S3150800DAE0803F08BF3C214FF0000218BF432194F83D
S3150800DAF05F3094F861001BF0A2F9E8E7236A23F483
S3150800DB00A0232362AFE700BF7C0205202DE9F74F6B
S3150800DB1099465A4B88461B681646019305469DF852
S3150800DB2030B00D9CFFF7BCFD17F08DFD98F800701E
S3150800DB3082461EBB00260021384602F085FFC7F341
S3150800DB408002C2EBC202024493B216FA82F2FF2A9C
S3150800DB501CD9C3F1FC039EB247F0100717F03DFD30
S3150800DB602523B0FBF3F202FB13010020C9B203F030
S3150800DB701BF84FF0010985F891000CE0304616F0C5
S3150800DB80FEFF4845D6D9A0EB0906D4E7FB06B6B290
S3150800DB90C7F30019E2D4BBF1000F01D095F858B0CD
S3150800DBA000235A46394620461AF07DF920461AF0CF
S3150800DBB0AFF9294620461AF0B8F9514620461AF018
S3150800DBC0DDF9204605F173011AF033FAB9F1000FB1
S3150800DBD048D095F8902095F89110204602F00AFF53
S3150800DBE0294620461AF034FA90B1019B6968DB6829
S3150800DBF0E2791944A379286DD21A0C3353FA82F2C2
S3150800DC002244A0B317F000FE0146204616F0F8FE9F
S3150800DC10B9F1000F2FD0B5F9941020461AF01BFA67
S3150800DC20514620461AF0ECF9294620461AF010FA11
S3150800DC3020B1286D10B1214617F0E9FD314620467E
S3150800DC401AF01DFAB9F1000F06D0284618F08CFC18
S3150800DC500146204602F016FF304688F8007003B0E9
S3150800DC60BDE8F08F95F8802095F88110B5E7E86C47
S3150800DC7017F07BFDC8E7B5F98410CEE74C030520FD
S3150800DC802DE9F04F01280C468DB007D0312800F059
S3150800DC909E810DB0BDE8F04F00F004BCDFF8E882C5
S3150800DCA000264046B74B40F8246B1D6816F0D8FE90
S3150800DCB0D8F8283003B1DE80204600F0FDFA218D21
S3150800DCC02046276A18F082FC84F86F00204600F088
S3150800DCD00BFAAB8A204643F00203AB8294F89030E5
S3150800DCE005F12409AB76FF23EB76FFF7D9FCA87775
S3150800DCF0B4F85A30204603F5FA73AB6018F034FCD2
S3150800DD002B7EAA689B09534303F59673EB6028613B
S3150800DD10204618F0ADFF002194F881001AF082FB26
S3150800DD2019F0FBFE484619F0FCFDFFF7CFFD94F805
S3150800DD306F100646204618F05FFC01230093002367
S3150800DD404FF0000A1A468DF8200008A920460196C9
S3150800DD50FFF7DCFEB07921460C3030441AF04BFA56
S3150800DD603046C6F800A019F0DDFEB4F8583028622F
S3150800DD70D807C7F3405726D5236AD8F82800990448
S3150800DD80C3F34032C3F3400658BF1146CDE9002617
S3150800DD904FF0000248BF04F16301C3F30033CDE935
S3150800DDA00213114608ABCDF820A0ADF824A01AF04E
S3150800DDB0C9FA0023D8F82800036019F0B3FE014613
S3150800DDC0484619F0B8FD636B214693F806A00593FB
S3150800DDD00AF10C0A03EB0A0630461AF00CFA20463A
S3150800DDE0D4F804B0D5F80C8018F0F2FC08B3059BFB
S3150800DDF013F80A3003F00F03072B1AD1B3789A06E3
S3150800DE0017D0002108AAB01C1AF00BFA9DF8293081
S3150800DE107BB1089A206DD84402EB030A002875D016
S3150800DE2017F0F0FC002871D052464146206D17F0D5
S3150800DE30EBFC206D28B317F0E5FC10B3B37803F0BC
S3150800DE403F03012B1DD90121F07802F0FDFDB378BF
S3150800DE500138ADF81C003221F01C03F03F0307AA75
S3150800DE601AF0B8F8064660B10378092B09D1206D77
S3150800DE7008A917F0CBFC08AB03CBC6F80200C6F816
S3150800DE800610002F4FD02046FFF70AFC17F0DBFBE1
S3150800DE90804600234FF0250BB4F858A00893CAF320
S3150800DEA0800A606B08A917F05FF9064600283CD17E
S3150800DEB0B4F858309B0714D507A9204618F03BFB41
S3150800DEC04FF0250A8046E06B214683790C331844C7
S3150800DED01AF091F90896E06B08A917F045F9002899
S3150800DEE054D1AB8AC3F3C0032B772FB1A87F17F0A1
S3150800DEF0AAFB8388013383802120237D43F0010315
S3150800DF0023750DB0BDE8F04F01F0EABEE06C0028BD
S3150800DF108FD017F02CFC00288BD052464146E06C77
S3150800DF2017F023FC85E7B846B3E7089EB3790C33A8
S3150800DF301E44BAF1000F03D0214630461AF0DDF927
S3150800DF4017F04BFBB0FBFBF303FB1B010020C9B228
S3150800DF5002F02AFE014630461AF0CCF8B8F1000F56
S3150800DF6008D0414630461AF0B9F93046B8F80410D8
S3150800DF701AF097F8089819F0D5FD0146484619F0A1
S3150800DF80DAFC8EE74C0305207C020520089EB3794F
S3150800DF900C331E44B8F1000F03D0304607A91AF017
S3150800DFA0BDF817F01AFBB0FBFAF303FB1A010020C1
S3150800DFB0C9B202F0F9FD014630461AF09BF80898F6
S3150800DFC019F0B0FD0146484619F0B5FC83E7194B30
S3150800DFD008461D680B7D23F008030B7500F03CFA14
S3150800DFE020B3154B687F1A68637DD17A28B9927871
S3150800DFF00B44934205DCDAB203E0D2785B1A93420B
S3150800E000F9DA2046218D627518F0C5FA20B100218B
S3150800E01094F891001AF006FA697F2046B1FA81F160
S3150800E02049090DB0BDE8F04F18F04DBE0DB0BDE87A
S3150800E030F08F00BF4C030520080305202DE9F043A7
S3150800E040002685B00E6000284AD089460546CDE9E7
S3150800E0500166284602A917F087F800283DD00298DD
S3150800E0608379034493F80E80039608F03F0808F175
S3150800E07003070CE0A7422AD201983944E41BD0B121
S3150800E080224617F014F8A04223D10027029803A9C4
S3150800E09017F078F80028DCD003998B79CC7903F14E
S3150800E0A00C02E41AE4B21144002FE3D1002CECD0A0
S3150800E0B001980028E4D10A462346014617F032F8AB
S3150800E0C001900028E1D1192005B0BDE8F0833F1B77
S3150800E0D0DCE701A816F0C4FCF5E7019BC9F8003097
S3150800E0E0002005B0BDE8F08338B50546B0F85820DD
S3150800E0F01F4BD1071C68C2F340034FEA830348BF8E
S3150800E10043F00803A382530742BFA38A43F01003D0
S3150800E110A382036AD80642BFA28A42F02002A282DC
S3150800E120590742BFA28A42F04002A2829A0642BF1B
S3150800E130A28A42F08002A2825B0642BFA38A43F407
S3150800E1408073A38295F88030E37595F8600018F01F
S3150800E1500EFE0023207663766B682360FF23237701
S3150800E160D5F86930A364B5F86D30A4F84C3038BDDD
S3150800E1704C03052000232DE9F347054601A8019322
S3150800E180FDF786F868B9019F97F8069009F10C091A
S3150800E19007EB0906B37A03F00F03032B04D0052B0C
S3150800E1A010D002B0BDE8F08705F14400394616F0F4
S3150800E1B048FD2B6A4FF0805043F400332B6219F068
S3150800E1C06DFCEEE7DFF89480012241460DF103006D
S3150800E1D017F001FBAB6CA8F1100448F8103CB5F831
S3150800E1E058308246C3F3001384F821303189F07918
S3150800E1F057F8099019F0FFFD174B48441B68A060B3
S3150800E2005B7906F118026B750123E260237106F14A
S3150800E2100C03BAF1000F14D09DF80330C4F8188027
S3150800E220237794F8212095F86130637701236AB93A
S3150800E230A37795F89030E3777379676284F820308E
S3150800E240AFE7A361B37AC3F38013E9E7B27AC2F3FF
S3150800E2504012A277EFE700BF080305208C020520CD
S3150800E26037B5134605466A460C4612490868496892
S3150800E27003C295F8602008326A4412F8081CB5F8FB
S3150800E2805820D00607D4224628461CF0ADF800F5DB
S3150800E290FA7003B030BD920704F10A044FEAC404C9
S3150800E2A01CBF03F50C73E418E823481E584304FB07
S3150800E2B00100ECE7A13603082DE9F041044622F0F7
S3150800E2C0F1FF236A5B4A0646134203D1BDE8F041D3
S3150800E2D022F0E3BF9F05C3F3402572D5E06A16F026
S3150800E2E04EFC002704F134082085404616F0B8FB9A
S3150800E2F0A56BA76365634DB104F12C0016F0B0FB5E
S3150800E300E762236A23F40023236205E0B4F8583051
S3150800E310D806C3F3001747D40027236A590560D4E3
S3150800E3203D46B4F85830C3F30017DB061BD5E36A3D
S3150800E3305BB104F1340016F093FB0023E06AE36254
S3150800E340606316F01CFC3D462085236B5BB104F127
S3150800E350400016F085FB0023206B2363206416F02B
S3150800E3600EFC3D466085236A304623F4002323F4D9
S3150800E370C063236222F091FF204618F05CFC8DB141
S3150800E38094F8742094F8733002F00F0143EA0123DD
S3150800E390013384F8733022F00F02C3F303231A43C0
S3150800E3A084F87420BDE8F081E36A002BB4D04046B7
S3150800E3B016F056FBE06AE562606316F0E0FB20851E
S3150800E3C0ABE7A36B002BA7D004F1340016F048FB8B
S3150800E3D0A36B04F12C00C4E90D3516F041FBE56288
S3150800E3E08FE7206B16F0CBFBB4F858306085DA0659
S3150800E3F0C3F300150ED5236B002B91D004F1400012
S3150800E40016F02EFB0023206B2363206416F0B7FB5F
S3150800E410608586E704F13C0016F022FB236CC4E90C
S3150800E4200F35002B3FF47CAF04F1300016F018FBD3
S3150800E430256375E700060800064B1B68D97ADA7863
S3150800E440437D5B1A9342A8BFDAB20021427518F0E1
S3150800E4503ABC00BF0803052070B50F4E0546B36ADF
S3150800E4600BB10022DA803368A3B10C4B1B685C7FC2
S3150800E47074B9094800F02AFD01212846AC6418F051
S3150800E4806FFB00230648336016F0EAFA204670BD93
S3150800E4900124F6E70124F9E77C0205204C03052050
S3150800E4A0A002052003282DE9F7430C4600F0198140
S3150800E4B007D8012810D0022800F0FC8003B0BDE878
S3150800E4C0F083312800F0FC803228F7D1084603B0E3
S3150800E4D0BDE8F043FFF74EBE4FF000098E4B8F485C
S3150800E4E01E6840F8249B16F0BBFA2046FFF7FCFD91
S3150800E4F006F124072046FFF7DFFE19F00EFB384623
S3150800E50019F00FFAFFF7E2F90622037BB4F8288020
S3150800E51003F04F03A0F806900373B4F85830054685
S3150800E520103BC0F8009042730D2B31D8DFE803F09A
S3150800E5305C305807300C303030303030300C037BCC
S3150800E54023F00F032B7323E00123027B04F16901F7
S3150800E55063F3030202730C224273206A05F1140264
S3150800E56010F0080F0CD001924FF0FF32C0F3800074
S3150800E57000921A4617F027F92B7B43F08003E1E750
S3150800E580D4F869306B618B889380236A5B07F3D470
S3150800E590B4F858202B7B05F10E0162F345132B7353
S3150800E5A0204619F0FFFD2B7B697B60F38613023149
S3150800E5B02B732846C9B216F023FAB4F8583003F07C
S3150800E5C01403142B13D0B8F1000F13D06B7B4344FC
S3150800E5D06B73002342462846616B16F009FD09E075
S3150800E5E0037B62F30303ADE70222037BF9E7B8F185
S3150800E5F0000FEED1284619F095FAB38A306258070B
S3150800E60030D54FF00009E56BB4F82A800821284672
S3150800E610C5F80090A5F8069016F0F2F90623297BAE
S3150800E6206B7301F0400141F004012973204605F19E
S3150800E6300E0119F0B7FD2B7B60F386132B7308F1D7
S3150800E64006036B73B8F1000F05D0D4E90F014B46EA
S3150800E650424616F0CDFCE06B19F064FA01463846DE
S3150800E66019F069F940F27121B4F85430B4F856201B
S3150800E6702046D21AE36803F59C53083301FB02339C
S3150800E680236118F0F5FA237D2120190742BFB38AC2
S3150800E69043F00103B38201F023FB236A1A037FF5D3
S3150800E6A00DAF204623F40023236203B0BDE8F043F0
S3150800E6B018F0C1BA084603B0BDE8F04318F044BAEA
S3150800E6C00B7D084623F008030B75FFF7C5FE0028E7
S3150800E6D03FF4F4AE104B1B685B7F43B1012B7FF40C
S3150800E6E0EDAE204603B0BDE8F043FFF7A5BE0C4BE0
S3150800E6F0617D1A68D37A92780B449342D8BFDAB20E
S3150800E700A3696275002B3FF4D9AE0121204603B0F8
S3150800E710BDE8F04318F0D7BA4C0305207C02052063
S3150800E7200803052038B50446D0F8A400D0B194F8FB
S3150800E730305116F0D0F981B20631284619F05BFB44
S3150800E74083B240F271200849B4F87C20098C424310
S3150800E75041438A42B8BF0A4603F548709042B8BF9B
S3150800E760104638BD0346ECE7B402052030B5174B12
S3150800E770826A1B68D206597926D5828F1C79836BE3
S3150800E7801203B2FBF3F2631AB2FBF3F2B0F8A0304D
S3150800E79003B1013BD0F8A45005B15B101B02B3FBD3
S3150800E7A0F2F35B180CD090F899200F2A08D91209B1
S3150800E7B0B3EB820FB8BF00234FEA8201A8BF5B1AEA
S3150800E7C09C42A8BF1C46E1B2417530BD080305202E
S3150800E7D010B50446FEF786FEA0420AD1054B1B6813
S3150800E7E093F8203080F83430BDE81040222001F03C
S3150800E7F077BA10BD4C0305202DE9F0411A4C0646A0
S3150800E8002368A3B92EB100254FF4A478EFB2B74216
S3150800E81011DB0020BDE8F0812068013507FB030005
S3150800E82016F004FFA27BEBB29A42F5D8EAE7002578
S3150800E8304FF4A477F6E72068013508FB070016F0C1
S3150800E840F3FE0028E2D000254FF4A476EBB2BB42D3
S3150800E85002D341F20700DDE7206806FB050016F043
S3150800E860E5FE0135F2E700BFB40205200A4B9A7BA4
S3150800E87082420ED94FF4A4721B6802FB0030836AE9
S3150800E8805B0707D490F8383113F0100F08BF002043
S3150800E89070470020704700BFB4020520084A09499E
S3150800E8A01368C31AD810002B01FB00F005DB937B15
S3150800E8B08342D8BF4FF0FF3070474FF0FF307047A4
S3150800E8C0B4020520199C8FC170B504460E4622F085
S3150800E8D0E9FC054604F1300252E8003F334342E8BA
S3150800E8E000310029F8D12046FFF7D8FF01230B4A4B
S3150800E8F003FA00F002F11C0353E8003F034302F158
S3150800E9001C0444E800310029F4D14FF4807019F052
S3150800E910C5F82846BDE8704022F0BFBCB402052001
S3150800E92070B505460C46C2B90126204618F09DFA70
S3150800E930B5F84010441C28461AF025FF14FB06F4C7
S3150800E9400028A4B207DD844205DB84B2012C1CBF73
S3150800E95004F1FF34A4B2204670BD836ADE07E3D50E
S3150800E960C28F002AE0D0D906DED5DA05DCD4D0F885
S3150800E970A430002BD8D10C4B1B6893F8213013F028
S3150800E9800C0FD1D103F01202122ACDD15B06CBD5DA
S3150800E990FFF784FF80B218F06AFA0028C4D1EE8F18
S3150800E9A00136B6B2C1E700BF4C0305202DE9F04792
S3150800E9B089466D490446CB8A63B9826812F4601F9A
S3150800E9C04FEAD24301BFC3F3C40303EB830302EB4D
S3150800E9D08302CA82B9F1000F02D1204618F084FAE0
S3150800E9E0B4F8A050002D40F0B280A36A082113F0B5
S3150800E9F0100F0CBF3E230823204684F87B3002F014
S3150800EA0063FC2046FFF7B2FEFFF748FF86B20746CB
S3150800EA10304618F034FA8246304618F02EFA30B1ED
S3150800EA20304618F020FA0021304618F025FA236BF4
S3150800EA30590409D54FF4804104F1300018F0D6F98D
S3150800EA4000212046FFF740FFFFB24A4639462046D6
S3150800EA50B4F84080FFF764FFB4F84030A4F88000AB
S3150800EA601844A4F840005DB1204616F09CFE2046E6
S3150800EA7016F0DDFD2046B4F840101AF039FD0546BB
S3150800EA80304618F0FCF9504510D0A36ADA070DD4C1
S3150800EA904A4639462046A4F84080FFF741FFB4F8B5
S3150800EAA04030A4F880001844A4F84000B4F8403078
S3150800EAB0434502D2304618F0DEF9304618F0D4F94C
S3150800EAC0B4F88020B4F8A03094F874109B1AA4F80F
S3150800EAD0A03094F87330204602FB01332522B3FB9D
S3150800EAE0F2F102FB1133202184F8733002F0ECFBBB
S3150800EAF07DB3A36ADB0714D5A26BB4F88030204631
S3150800EB00534340F2712204F14401534394F84220DE
S3150800EB1002F050FB606C85082046FFF703FE284488
S3150800EB20E06040F27125A16B20460139694318F06F
S3150800EB3066F9A36BB4F8802020465A43636801211E
S3150800EB4005FB02336360BDE8F04717F073BA012589
S3150800EB5057E720460221FFF7B7FE29462046BDE8BB
S3150800EB60F04717F056BA00BFB402052008B501F001
S3150800EB706FFAFB220F4B10F0020FDA7344F2902261
S3150800EB801A820CBF012203224107197B48BF42F0B3
S3150800EB90040262F303011973197B62F30711032256
S3150800EBA019731A760421002219755A82DA61DA82F3
S3150800EBB008BD00BFB40205202DE9F843564C0546AA
S3150800EBC0A06818B1FBF7BAFC0023A360EEB2304682
S3150800EBD019F04CFD8046002841D1304618F058F906
S3150800EBE000283CD1FFF708FE07460220FBF76CFE1B
S3150800EBF075B105EB850105EBC101C9004346012244
S3150800EC00022089B2FBF71CFE074638B141F2070716
S3150800EC100023C4E90033A373EFB120E002204FF4C8
S3150800EC20A479A673FBF77AFE394609FB05F220603C
S3150800EC3015F02BFD2368681EF9B2814209FB01F223
S3150800EC4007F101072DDB0021284699506360FFF77D
S3150800EC50D3FD0028DAD1304618F001F930B3002583
S3150800EC60002019F003FD002018F012F90020FFF724
S3150800EC70C3FD0220FBF728FE2846C4E90055A57304
S3150800EC8018F0EDF8284616F08CFD284618F0E4F83A
S3150800EC90284616F0DAFC0220FBF716FE4FF00708A6
S3150800ECA037E002F5A47119449950C5E7304616F0C5
S3150800ECB078FD0028D3D1284616F0C7FC0028CED107
S3150800ECC0304618F0C9F80028C9D1304618F0DAF8E5
S3150800ECD006460028C3D1002D1BDD022016F08CF84D
S3150800ECE00221A060C68015F08BFEA06831468379A4
S3150800ECF0C279D21A0C33D2B2184415F0C6FC0121D7
S3150800ED00A3689A7913441A7B61F301021A73FFF711
S3150800ED102DFF4046BDE8F883B4020520014B987BD9
S3150800ED20704700BFB402052030B50A4B4FF4A475EE
S3150800ED301A689C7B002318462832D9B28C4200D820
S3150800ED4030BD05FB03F151580133C1F340110844A6
S3150800ED50C0B2F2E7B4020520F8B522F0A3FA234DB3
S3150800ED6006466C685CB123684FF4A47200212046FD
S3150800ED70E7696B6015F089FC2023E761A3623046DA
S3150800ED8022F08BFA84B30123237584F83031A3F17A
S3150800ED900113E367EB7BAA8984F842312B8A0021A9
S3150800EDA0A4F84031072384F889304FF4A473A4F8F3
S3150800EDB08A3003F1A473C4F88C3003F1CE5303F5FB
S3150800EDC09813C4F8903041F61B33A4F894301B23EB
S3150800EDD004F10800A4F8442184F8963019F073FF6A
S3150800EDE01021204602F070FA2046F8BDB40205202C
S3150800EDF070B5044618F0F7F804F1080002F006F8B2
S3150800EE0022F050FA4FF4A472054600212046E6691E
S3150800EE1015F03BFC064BE66153F8042F2AB9284641
S3150800EE201C60BDE8704022F038BA1B681A68F5E71E
S3150800EE30B40205202DE9F04106464FF480400F46FE
S3150800EE4001F07AF8044630B90E4B1D6893F80E8027
S3150800EE507535A04502D80020BDE8F08155F84D3C2F
S3150800EE605A0709D5C3F34003BB4205D106222946F2
S3150800EE70304615F0E1FB18B1013405F5A475E8E74D
S3150800EE800B20E9E7B402052010B5044610B9084B73
S3150800EE90198410BDA0F87C10A0F87E20FFF742FC6C
S3150800EEA02169E0602046BDE8104017F0A8BF00BF02
S3150800EEB0B4020520014BD87319827047B4020520A5
S3150800EEC0014BD87B704700BFB40205202DE9F04FEF
S3150800EED0D0E9029590F9201087B0027F029190F848
S3150800EEE021100192046807798369427F90F81EA071
S3150800EEF090F81F80002940F0FD80A8F10301012940
S3150800EF0094BF032602260393B5F808B084F89F2019
S3150800EF102A4652F8101BBAF1000018BF0120C4F89F
S3150800EF20281104F1480101F0FBFD20461AF014FBF4
S3150800EF30204617F0AFFF19F07BFA414602462046F5
S3150800EF4019F0A3FBC8220DF116012046ADF81620CC
S3150800EF5017F09AFF43F6FF7104F5947016F0E6FB76
S3150800EF60AA88039BA4F82C21AA7984F82E211A686A
S3150800EF70C4F875209B88A4F87930019B1BB1A36A55
S3150800EF8043F00203A362BAF1000F03D0A36A43F465
S3150800EF900073A3624FF4607000F0CEFFC0F3C01A8E
S3150800EFA0C3054FEA8A1A48BF4AF0800A810548BF56
S3150800EFB04AF4807A22F076F9A36A43F00403A3623E
S3150800EFC0E36A43EA0A03E36222F067F994F8343005
S3150800EFD043F0100384F83430BB1E012B00F28C80FA
S3150800EFE0A36A43F48043A36201212046FFF76CFC21
S3150800EFF00421204602F068F96B7D2046C3F304031A
S3150800F00084F874306A8907F0FD075200A263697BA9
S3150800F0102A7B42EA0122E287E97BAA7B42EA0122AD
S3150800F020A2876A7D84F87330C2F3421284F84220BC
S3150800F03000220523A4F840200122A4F8A030A4F851
S3150800F0408020029917F02BFF00F0FCFF20F40060E7
S3150800F050C4E908012046FFF789FB424BB3F816A01E
S3150800F060BAF1000F05D1002F40F2C71A18BF4FF4A6
S3150800F070D77A2046FFF712FCC0B23B4B000240F09D
S3150800F0800300E082C4F80490A361002F3AD1204619
S3150800F090FFF748FBB8F1010FE06005D0414620466E
S3150800F0A084F8308118F040F804F1080630465146D5
S3150800F0B019F009FE0120FEF7E9F828B9237D5A0759
S3150800F0C05CBF43F002032375A1683046C1F3C8410B
S3150800F0D041F0880119F0FDFD40F271216B89204647
S3150800F0E0013B594317F08BFE204616F086FF07B002
S3150800F0F0BDE8F08F012606E7012F7FF475AF40F2D1
S3150800F100014172E740F27127760006EB4B067E4313
S3150800F11009EB06036360A36A04F1440943F001039B
S3150800F120A36294F83430494643F00103204684F834
S3150800F13034301AF09AF933464946204694F8422064
S3150800F14002F038F8EB7901225B00494620467B43FA
S3150800F1501AF091F9636C20469E08FFF7E3FA3044EB
S3150800F16098E700BFB402052081F6000810B4C46A07
S3150800F17014F0080F11D144F0080423F41053C462A4
S3150800F18023F01003064C1B0414401B0CC0E908436B
S3150800F19040215DF8044BFFF797BB5DF8044B7047B9
S3150800F1A02FCF87F700232DE9F341ADF804304B79CB
S3150800F1B09DF804209E074EBF032303F00103013385
S3150800F1C063F30102054608468DF804200C4616F03E
S3150800F1D02FFA064616F01F0318BF01239DF80420D0
S3150800F1E018BF4FF0030863F34512EB6A08BF4FF0E8
S3150800F1F0020898058DF8042004D521462846019A68
S3150800F20019F0C2F9204615F0BAFC074641462046D1
S3150800F21015F070FCA3798DF80570BDF804100C3351
S3150800F220E152E2189DF80430990648BF9670637952
S3150800F23043F00103637122F035F82146074605F1CC
S3150800F240A40015F0FEFC95F84631013385F84631E1
S3150800F250AB6ADA070ED52846FFF720FB80B217F00F
S3150800F26000FE30B34388B5F880209A4202D9284672
S3150800F27018F0CDF8FEF736F9854214D10E4B204624
S3150800F2801E6818F04FFC2C360146304618F053FB22
S3150800F290AB6ADB0707D4304618F046FB022802D8CB
S3150800F2A0232000F01DFD384602B0BDE8F04121F0EC
S3150800F2B0F4BF0123D7E700BF4C0305202DE9F04F23
S3150800F2C085B004460191084661B34B799A071AD46A
S3150800F2D015F055FC019A60B9537901A8DB0742BFBE
S3150800F2E0A36A43F40063A36215F0BAFB05B0BDE850
S3150800F2F0F08FA36A1F0506D523F40063A36253792A
S3150800F30043F001035371019E21F0CCFF7379314616
S3150800F3109E0705461ED504F1AC0015F0A1FC28464B
S3150800F32021F0BBFFDFF89C9121F0BCFFA36A804661
S3150800F3305D0614D5D4F8AC3043B19A7913441B7BD7
S3150800F3403A2B03D829FA03F3D80711D4404621F0FB
S3150800F350A4FFCBE704F1A80015F073FCDFE794F9E6
S3150800F3604631022BF2DCD4E92A6376B9002BEDD0BC
S3150800F37004F1AC0015F093FB0546404621F08DFFDD
S3150800F38029462046FFF70EFFCEE7002BF0D194F86A
S3150800F3909670039304F1A80B96F807A0B379AAEB25
S3150800F3A0030A5FFA8AFABA4527DC584615F0DFFBE6
S3150800F3B00546A7EB0A076B79294623F008036B7104
S3150800F3C003A815F03EFCD4F8A86036B17379DA07BD
S3150800F3D003D49B0701D4002FDED1039B002BB5D0A5
S3150800F3E09B79022B46D8002015F006FD039980BBB1
S3150800F3F004F1A80015F034FCA8E7002015F0FCFC81
S3150800F400054630B9039904F1A80015F029FC0395BF
S3150800F4109CE78079B1790C300C313A463144FFB219
S3150800F420284415F03AF93946284615F0E9FAB37929
S3150800F43072791F44B7716B79D1074CBF43F001034A
S3150800F44003F0FE036B717379002723F001037371D0
S3150800F450B1E74A794379D5074CBF43F0010303F076
S3150800F460FE0343714B7923F001034B71014603A850
S3150800F47015F0F1FBE36A9A0513D50398034600686D
S3150800F4800028FBD1DB79C3F14503DBB2032B08D88F
S3150800F49015F0B2FC014608B90399A9E703A815F0C7
S3150800F4A0D0FBD4F8A83013B15B79DB0704D5039AEF
S3150800F4B0537943F008035371404621F0EEFE039951
S3150800F4C05FE700BF7C2C020000232DE9F0411B4EAC
S3150800F4D006F11C0252E8007F42E80034002CF7D1FE
S3150800F4E04FF001088FB934B306F11C0353E8003F07
S3150800F4F0234306F11C0141E80032002AF4D1BDE895
S3150800F500F0414FF4807000F007BD97FAA7F080B17C
S3150800F510B0FA80F308FA03F5184627EA0507FFF755
S3150800F520A5F90028DED017F0ADFF0028DAD12C4364
S3150800F530D8E72023EEE7BDE8F08100BFB402052036
S3150800F5402DE9F74F04460190002867D04FF00009CF
S3150800F550C5794E460C35054421F0A4FE4F46DFF822
S3150800F560C080009098F80E205FFA89FA52451AD999
S3150800F5704FF4A47303FB0AFBD8F800105944886AB1
S3150800F580430748D5B1F89810C1F30B01002942D0BA
S3150800F590E179C1F14501C9B2032916D8022015F04F
S3150800F5A02BFC044648B900230098A8F8123021F02D
S3150800F5B074FE304603B0BDE8F08F0027014601A867
S3150800F5C015F03FFBE5790C3525440123002039B2B7
S3150800F5D003EB810305F821A0E854D8F8003005EBC1
S3150800F5E0810C5B44B3F8983001378CF8023003235A
S3150800F5F003EB8103E854D8F8003004215B44B3F8E0
S3150800F6009820013660F30B02A3F89820204615F0DF
S3150800F610F7F9FFB2F6B209F10109A3E70646C8E70A
S3150800F620B4020520F7B5684601F06EFA00254FF4D6
S3150800F630A477124EB37BAB4201DC03B0F0BD34684D
S3150800F64007FB0544A36A03F00503042B13D105221F
S3150800F650694604F1490014F0EFFF60B10121204624
S3150800F6601AF03AF938B9012015F0C6FB014610B16F
S3150800F670204602F0DDF90135DCE700BFB4020520BB
S3150800F6802DE9F04F31280C4685B000F091810AD853
S3150800F690022800F0E280032800F0E580012847D020
S3150800F6A005B0BDE8F08F322800F0ED803328F7D199
S3150800F6B001F1A40015F0F3F994F846310390013BE3
S3150800F6C084F8463143799D0722D4180720D5B4F823
S3150800F6D0983004205A1C62F30B03A4F8983000F003
S3150800F6E02BFCA8B12046FFF7D9F880B217F0B9FB72
S3150800F6F0002800F055814188AA4A937C0B44DBB266
S3150800F7009374127D9A4203D84FF0806018F0C6F9B8
S3150800F71003A815F0A5F9D4F8A8301BB9D4F8AC306D
S3150800F720002BBDD04FF480512046FFF7CDF8B7E740
S3150800F73091F89930084623F0F00381F8993017F0CC
S3150800F7407AFB84F83101204618F0F7FFB4F9340142
S3150800F750FCF716FA944B20461D68FFF79FF885F8C4
S3150800F760240094F834304FF4003085F82030002314
S3150800F77085F8213085F8233063686B60A36ADA0759
S3150800F78042BF636C9B08AB6000F0D6FB002859D0DB
S3150800F790FDF7CAFED4F82831E8602B6194F83131B8
S3150800F7A0804E6B76D4F82C3105F12C076B6194F8F2
S3150800F7B030312B76637D85F8223094F8953085F8BC
S3150800F7C02530E26A02F4C062B2F5C06F04BF0433A2
S3150800F7D085F8253018F0A1F9384618F0A2F8B0686F
S3150800F7E018F0A0F90023A8620393D4F8A40003A98B
S3150800F7F015F0BAFC48BB212000F072FAD4F8A830FC
S3150800F80013B9D4F8AC3023B14FF480512046FFF732
S3150800F8105BF8042000F090FB00283FF441AFB37C6E
S3150800F820002B3FF43DAFF37C327E0133DBB29A42C4
S3150800F830F3743FF635AF4FF0806005B0BDE8F04F82
S3150800F84018F02CB9FDF70AFDA4E7039818F06AF931
S3150800F8500146384618F06FF8C7E7084605B0BDE810
S3150800F860F04FFEF7B5BF91F89930C3F30312013292
S3150800F87062F3071381F899300021204605B0BDE8E8
S3150800F880F04FFFF793B8002603A80396FBF700FD91
S3150800F8902046FFF703F8C0B215F0D1FE054620460C
S3150800F8A0FEF7FCFF039B29460193B4F8403082B269
S3150800F8B000930220334615F0BEFE03998B7903F1B7
S3150800F8C00C050D44AA7A0A3312F0200F14BF03223E
S3150800F8D0022213448B71E36A5B050FD5AB7AEA7A89
S3150800F8E0204643EA022218F068FE38B903A815F044
S3150800F8F0B7F83D21204617F0B6FFD1E6A26AAB7AE3
S3150800F9001706039903F0030312D5032BEED18B795F
S3150800F9100B441A7B3A2AE9D8244BD340DE07E5D5AF
S3150800F9204B79204643F002034B7101F09BFDB7E685
S3150800F930032B4A79F4D022F002034B71084695F856
S3150800F940068095F9059095F80AB015F018F906217C
S3150800F9500646039815F0CEF82046FEF79FFF039D4E
S3150800F9600BF0030B95F806A0C0F303230AF10C0A63
S3150800F97005EB0A0743EA0B13FB702B46F6B2B87081
S3150800F980BE8005F80A9087F801805A7922F00202AB
S3150800F9905A711B68002BF8D1284615F0E6FF7FE65A
S3150800F9A00121A9E6B40205204C0305207C2C02009F
S3150800F9B0344B8E8F1D68360195F8203081F8343027
S3150800F9C08B6BE08FB6FBF3F6B1F8A010B3B21B1A37
S3150800F9D0994295F821204CDCD1064CBF0021022122
S3150800F9E094F8310118F01EFD95F82130DB071BD578
S3150800F9F0A36ADF0706D52B682046636004F1440135
S3150800FA0019F033FD95F82130D80602D4A36AD90631
S3150800FA1006D4A4F8A060204695F9271017F03FFAF7
S3150800FA20A36A43F01003A36295F82020E36A9206BE
S3150800FA304CBF43F0010323F00103E36295F821303C
S3150800FA409B0606D52046FEF729FF012180B217F04E
S3150800FA5013FA95F82130204603F01203122B0ED123
S3150800FA6017F043FA95F82610204617F03CFA0121BC
S3150800FA7003E79207B8D5032194F83101B2E717F0E6
S3150800FA8033FAEFE74C030520012838BF0120012986
S3150800FA9038BF0121014B187519767047B402052045
S3150800FAA00138C0B203289ABF014B185C0020704782
S3150800FAB0AC360308431E012B05D9022902D8024B8E
S3150800FAC0585C704700207047A9360308431E042B6C
S3150800FAD0054A07D8052808BF03200621431E01FB4F
S3150800FAE00320704710467047D4360308014B53F875
S3150800FAF020007047B036030810B560B10022074CE5
S3150800FB00D3B2013354F823101346814202F101029D
S3150800FB10F6D2D8B210BD0120FCE700BFB036030804
S3150800FB20024BDB6993F87F00704700BF280B002063
S3150800FB30024BDB6983F87F00704700BF280B002063
S3150800FB4070B51646028B04468A420D461DD2438B73
S3150800FB5023B90EB1D5B23570206970BD0C4B216939
S3150800FB60184614F09AFD0346208B61692D1A18442D
S3150800FB70638B9D42A8BF1D46EAB214F08EFD16B1EE
S3150800FB80238B1D443570024870BD002EE3D1E3E790
S3150800FB90DD7806200022024BC3E90022704700BF29
S3150800FBA0FC02052010B524220021064814F06DFD3C
S3150800FBB00623044C2384044BE36100F055FB943080
S3150800FBC0206010BDD8020520EF7A020810B5044659
S3150800FBD021F05FFB0022044B5C60044BBDE810403B
S3150800FBE0DA6121F051BB00BFFC020520D8020520CE
S3150800FBF0024B03EB80035960704700BFD80205200B
S3150800FC00034B03EB80035868003818BF0120704780
S3150800FC10D802052010B5044621F03BFB0022044B10
S3150800FC20DC61044BBDE810405A6021F02DBB00BFD3
S3150800FC30D8020520FC02052070B5C6B2212E04465E
S3150800FC40144D10D1FBF7FEF9230CC4F3074405EB5A
S3150800FC5084042B846368EB61EB69CBB13046296871
S3150800FC60BDE870401847222EF6D121F01BFBEB6940
S3150800FC70044633B10020FFF7CDFFFF232B84FBF7A3
S3150800FC80C5FB00F025FA2046BDE8704021F005BB0B
S3150800FC9070BD00BFD802052038B5104B04461A7847
S3150800FCA012B100221A7038BDC5B2FDF71BFC68B147
S3150800FCB0C38AB3EB144F0BD1312D02D1012015F0B5
S3150800FCC052FD2846BDE83840FDF702BCFF23F0E7A1
S3150800FCD02846BDE8384017F0E9BE00BFFC020520FB
S3150800FCE038B5A0F121030E2B044612D8FDF7FAFB0E
S3150800FCF068B3C58AFF2D2AD0212C02D1002015F021
S3150800FD0032FD222C44EA054025D1BDE8384017F0DB
S3150800FD10E0BEA0F131031E2B0ED8134B188C44EA13
S3150800FD20004000F073FA312C11D10020FFF772FF62
S3150800FD30BDE8384015F0A5BCA0F111030E2B06D876
S3150800FD40132C40F4C02003D009D9142C03D038BD95
S3150800FD500122064B1A70BDE8384000F03BBABDE8F0
S3150800FD60384000F053BA00BFD8020520FC0205202F
S3150800FD700B4A10B5D36904461BB11168BDE810409B
S3150800FD801847084B5B6813B1BDE810401847FDF7E4
S3150800FD90A9FB014618B183690BB12046EEE710BDF1
S3150800FDA0D8020520FC02052008B500F05DFA034BD1
S3150800FDB01A6802609B88838008BD00BF20790620E8
S3150800FDC037B5054600F050FA044600F055F90D4BD4
S3150800FDD0002808BF1C462DB12B682360AB88A3807A
S3150800FDE003B030BD15F04BFC0322CDE900010DF13F
S3150800FDF005010DEB020014F02FFC0098BDF8043045
S3150800FE002060ECE720790620024B186908B108F053
S3150800FE10ABBF7047480B00200D4B37B51C6804B1C3
S3150800FE200C340C4B68461D6800232B6000F020FA42
S3150800FE30009B20466B60FBF7B3F8FFF7B5FF044855
S3150800FE4014F00EFE0122044B83F8202003B030BDC7
S3150800FE50040305204C030520480B0020002310B599
S3150800FE602C4A02F1100151E8001F02F1100C4CE86F
S3150800FE700034002CF5D140EA0104A00201D5FDF7B3
S3150800FE8069FA210101D5FBF79BFAE20301D500F0D7
S3150800FE9055F9002C01DAFBF749FF630001D5FCF799
S3150800FEA0E9FAE00001D5FDF7B9FD610101D517F0C2
S3150800FEB07FFCA20107D518F0B4FAFFF7B3FB15F0DB
S3150800FEC0A7FC15F05BFCE30101D515F06DFC60029B
S3150800FED001D502F0CBFA210201D515F0AEFBE202FC
S3150800FEE001D516F0BBFFA30501D501F05FFAE005C1
S3150800FEF001D5FFF7E9FA610503D515F041FC15F0C0
S3150800FF0040FC220501D515F085FDA30301D515F0A2
S3150800FF103CFC10BD480B0020064A02F1100353E8CA
S3150800FF20003F034302F1100C4CE800310029F4D1DC
S3150800FF30704700BF480B0020014B1B6818407047EC
S3150800FF40480B002010B5044BD3E9064204430A4384
S3150800FF50C3E9064210BD00BF480B002038B5054668
S3150800FF60FDF78CF900212822334814F08EFB4CF259
S3150800FF700C000021FFF7E6FFCDB1AB682E4A002042
S3150800FF801360E98A4FF6FF72FEF77EFF022014F02F
S3150800FF9033FF2A4B186000284BD02B460C3005F14E
S3150800FFA01C0253F8041B934240F8041BF9D1224A59
S3150800FFB0234B101D936000231373FAF7F3FA00F02E
S3150800FFC0B9FE2846FBF7CAFA044668BBFAF72AFFC1
S3150800FFD020B14FF480700021FFF7B4FFFAF728FF2D
S3150800FFE020B14FF400600021FFF7ACFF2DB1B5F941
S3150800FFF00E10B5F90C00FBF7DBFD18F01DFA002012
S31508010000FFF7DEFE00F0C6FC02F0D0F8044658B948
S31508010010FBF774FEFFF7BEFD00F078F830B900F083
S315080100207BF8044617F079FD204638BDFFF7F4FE44
S31508010030F8E70124F8E700BF480B00200403052070
S3150801004009FE0008014BD3E906017047480B002059
S31508010050054B9B69DA054CBF032001201B0548BFE8
S3150801006040F00400704700BF480B0020014B1860A0
S31508010070704700BF08030520014B93F8200070471D
S31508010080480B00202022034BC3E900229A60002274
S315080100901A7670473003052010B50024094B1C2237
S315080100A021460948C3E9004414F0EFFAFFF7EAFFCD
S315080100B03023054AC2E90333536154760122034BBF
S315080100C01A7010BD0C03052030030520C87F0620D1
S315080100D008B521F0E7F8FFF7D5FF3023084A0949A3
S315080100E0D36013615361CB600B614B610023537677
S315080100F001224B76044B1A70BDE8084021F0CDB8B1
S315080101001403052030030520C87F0620014B187803
S31508010110704700BF2679062010B5044C23781BB911
S3150801012017F0D9FC01232370002010BD267906207B
S31508010130014B1868704700BF0C0305202DE9F041F3
S3150801014021F0B0F8DFF88880074698F8003043B9FF
S315080101504FF4803017F0A2FC3846BDE8F04121F093
S315080101609CB8184E184C35460FCD0FC495E80700B4
S3150801017084E80700FFF786FF3023C6E90333736176
S3150801018000233846737688F80030032521F085F870
S315080101900E4E103CE068302804D07368C6E900307A
S315080101A0FFF77AFD54F8040B202801D0FFF744FD28
S315080101B0013D15F0FF05EDD1012388F80030BDE8B2
S315080101C0F08100BF30030520140305200C03052028
S315080101D0C87F062038B50C4C0546237E022B12D85B
S315080101E054F82330202B0ED121F05CF8237E44F8F5
S315080101F023500133237621F050F8BDE838404FF4F7
S31508010200803017F04BBC38BD3003052038B50D4C8E
S315080102100546637E022B14D804EB8303DB68302B77
S315080102200FD121F03FF8637E04EB83020133D560D9
S31508010230637621F032F8BDE838404FF4803017F084
S315080102402DBC38BD300305204FF4827200210148C8
S3150801025014F01BBA50030520014B024A1A60704775
S315080102604C030520E4030520004870475003052088
S31508010270024A02604FF40072426070475404052036
S3150801028070B504460025314A314B88B0CDE90423BF
S31508010290438B04A8CDF81A50ADF81E50ADF81830A6
S315080102A0FBF71AF9E2682368CDE90255134401936D
S315080102B0A37D01A88DF80930A38A13F00C020FBF9C
S315080102C01346C3F3802383F001035B0018BFDBB237
S315080102D08DF80A3015F0D6F9217F04F1240017F0BC
S315080102E039FB064617F01AFC054617F034FCA38AB3
S315080102F028B3D4E903210A44E260027843F400638F
S31508010300C2F30502E276A3822B7803F00F03072BCB
S3150801031019D1A97811F03F0100D0E9782046C1F337
S3150801032080011AF06AF8304617F0FDFBA38A43F4F8
S315080103308063A382237F0133237708B070BD23F43A
S3150801034000639BB2DFE70021E8E700BFD6BE898ECE
S315080103505555550070B5427E037E0446B2EB931F90
S3150801036088B05BD200255200344835491341CDE99E
S31508010370040103F00303E17D253304A88DF8181061
S315080103808DF81930CDF81A50ADF81E50FBF7A4F8C0
S315080103901AF02CF8627EA1682368206A01FB0233F1
S315080103A00193A37DCDE902558DF8093017F0B6FB07
S315080103B017F0D1FBA28A68B3D4E90263617E06FB12
S315080103C0113320498B4293BF1E214FF496710125A3
S315080103D0B3FBF1F388BFB3FBF1F30178437065F31F
S315080103E0C7118578C3F3042325F01F0501702B4334
S315080103F001F03F018370E17642F40063A38201A80C
S3150801040015F040F9206A17F08EFB637E0133637697
S3150801041008B070BD22F400639BB2EFE7838AC3F389
S31508010420C0211B0504D508B0BDE87040FFF728BFF9
S3150801043008B0BDE8704014F002BF00BFD6BE898E71
S3150801044055555500C3BF030053282DE9FF410C46F6
S3150801045019D0552800F0CE80512840F0D1808B8ADA
S3150801046013F00C0F00F0C6805B0540F1C3800B7FCB
S31508010470013B012B00F2BE800120897D04B0BDE855
S31508010480F041FAF7C7BD0023204603A9039314F0E8
S315080104909DFE0546002800F0A780037803F00F03A8
S315080104A0032B59D1A18A04F12408C1F3C00140469E
S315080104B017F050FA17F032FBA18A0646C1F38001FC
S315080104C0284617F0DCFB002840F08E808023324650
S315080104D02946204617F09DFB002840F085804B48A9
S315080104E0FFF798FB01214046039F17F033FA0123D2
S315080104F02377054617F012FB17F02DFB06463846FB
S31508010500FAF742FE0E21B87B17F03EFAA28AFEB12F
S315080105107B6842F400623178A282226996331344D9
S315080105202268C1F305019B1A0344E176E360237F40
S31508010530A17D013323770020FAF756FD284617F0E7
S31508010540F2FA2046039914F071FE04B0BDE8F08171
S3150801055022F40062A282EAE7052B45D1A18A04F1B9
S315080105602407C1F3C001384617F0F4F917F0D6FA93
S31508010570A18A04F148030193C1F380130646009347
S31508010580C1F3001201232846C1F3C00117F07FFB0E
S3150801059050BB32464FF480732946204617F039FB83
S315080105A0064608BB1A48FFF735FB3146384617F0A9
S315080105B0D1F9074617F0B2FAD5F802300278C0F831
S315080105C00A30EB88C3812B78C3F3801363F3C71210
S315080105D00270A17D3046FAF707FD384617F0A3FAEF
S315080105E0039814F02AFEB0E7FAF7A4FE2046FFF7AF
S315080105F0B1FEAAE7204604B0BDE8F041FFF7AABE5E
S3150801060004B0BDE8F04114F01EBE00BFA97B020884
S31508010610897B0208212810B50C4607D10548FFF742
S31508010620F9FA2046BDE81040FFF794BEBDE8104030
S3150801063014F009BE49040108034637B50C4C6A464D
S315080106402068A5880090A079ADF804508DF80600B9
S3150801065013B9481C03B030BD0220D90748BF117829
S3150801066002F1010244BF401880B25B08F5D1F1E7F7
S31508010670EE1E0308014B186E80B2704700C001B820
S315080106800B4BD86800F07060B0F1106F0ED008D827
S31508010690B0F1E06F18BFB0F1006F0CBF0120002068
S315080106A0704700F17443584258417047012070471A
S315080106B0000002B838B5044680790C4D0C30204448
S315080106C014F0CCFF0123A179E279521A0C312144A5
S315080106D02869D2B21EF058FC246804B938BDA1793C
S315080106E0E2790023521A0C31F1E700BF280B0020EA
S315080106F02DE9F04F89B0074691469A46ADF8141090
S3150801070014F03DFA051E46DD20F0CCFD9DF814B027
S3150801071003900BF023030493002F3FD03C464FF080
S315080107200008254EA079E27900F10C01121A5FFA48
S3150801073082FB214406EB08005A4613F0AEFF2468F3
S31508010740D844002CEED1049B1C480093C0F80890AD
S315080107500DF11C0953462A461749CDF80490A246BD
S3150801076020F073FF3C46A379E57903F10C00ED1AF5
S31508010770EDB206EB0A0120442A4613F08EFF2468DF
S31508010780AA44002CEFD1039820F087FD042249469C
S31508010790384614F08CFC09B0BDE8F08F0748009381
S315080107A0C0F808900DF11C0953462A460249CDF8AE
S315080107B0049020F04AFFE6E754060520407E06200D
S315080107C02DE9F04784B0904699460390ADF8081094
S315080107D014F0D5F9071F002F25DD039D002D40D004
S315080107E04FF0000A204EAB79EC7903F10C01E41ABB
S315080107F0E4B2294406EB0A00224613F04EFF2D689F
S31508010800A244002DEFD11948F119C0F808800191C9
S315080108109DF808104B4601F0230100913A4612490A
S3150801082020F007FF18B1002004B0BDE8F087039D4A
S315080108307DB10746AB79EC7903F10C00E41AE4B211
S31508010840F1192844224613F028FF2D682744002D64
S31508010850F0D103A8042114F034FA012004B0BDE84C
S31508010860F087014ECFE700BF54060520407E0620DB
S3150801087030B514460D460246064883B001958021D7
S3150801088083602346009420F0ECFEB0FA80F040091C
S3150801089003B030BD407E0620002370B50D46D168F1
S315080108A08AB009BA0291C17890F800C061F30703CA
S315080108B0817802AE61F30F23417806AC61F31743E1
S315080108C06CF31F630993936851681BBA0393836892
S315080108D009BA1BBA0793136842681BBA05930F4BEB
S315080108E012BA9E60C36804911BBA089206932346FE
S315080108F0802201200949009420F0B6FE0028F6D18D
S31508010900DDE90810DDE9063200BA09BA12BA1BBADE
S3150801091028606960AA60EB600AB070BD407E062057
S315080109202DE9F84FDFF868808246D8F800B00F46FF
S315080109301646BBF1000F28D0002498F804904C45C0
S3150801094007D1347098F80400A04214BF0120022090
S3150801095017E004EB09056910C1EBC101594488790F
S31508010960C5F3470500F00100381A03D1062250469F
S3150801097013F062FE002806DB02D06C1CE4B2DEE747
S315080109803570BDE8F88FA946D9E70320F9E700BF16
S31508010990640705200022024B1A7118F09FB900BF9F
S315080109A064070520F8B5054620F07CFC104C85F354
S315080109B0070563790646AB4205D10024304620F087
S315080109C06CFC2046F8BD002720686571277110B1B7
S315080109D014F0FAFB27606379002BEED0C5EBC5004E
S315080109E0FAF706F820600028E7D160710724E5E7E1
S315080109F0640705207FB50E4610210546144617F0F3
S31508010A0045FAE8B10F4B01A918681B7902908DF8D0
S31508010A100C300023ADF8043066F305038DF8043075
S31508010A2004F110030DEB03044FF0000314F8082C2E
S31508010A30284662F3471303228DF8063013F0ECFFBC
S31508010A4004B070BDEC360308034637B50C4C6A464C
S31508010A502068A5880090A079ADF804508DF80600A5
S31508010A6013B9481C03B030BD0220D90748BF117815
S31508010A7002F1010248BF40185B08F6D1F2E700BF50
S31508010A80EE1E030838B583790C460C33C518C35CCA
S31508010A9003F00F03072B25D1AB789A0622D0E87805
S31508010AA0C3061FD5012100F00F00FFF7CDFF0E4B3E
S31508010AB002359C4295BF1E234FF4967300210121EE
S31508010AC094BFB4FBF3F4B4FBF3F42B5C2A1861F37B
S31508010AD0C7132B549378547023F01F03C4F30424CB
S31508010AE02343937038BD00BFC3BF03004840704716
S31508010AF000EB0010084480B2704700BF90FAA0F0DE
S31508010B0000BA80B2704700BF044BD3F801200260D7
S31508010B105B7903F01F030371704700BF277906202D
S31508010B20204BF0B5002914BF0C461C460025064685
S31508010B30174613688BB0C4F80130137925706371B1
S31508010B40EAB21146384617F061FC38B1237803F149
S31508010B5028016944013301F8282C23700135252D14
S31508010B60EED122782EB16946A01D13F096FD0BB081
S31508010B70F0BD002AFBD00534F5B22946384617F0F0
S31508010B8045FC40B9B5FBF2F302FB13550AAB53FA20
S31508010B9085F515F8285C0136252E04F8015FEBD199
S31508010BA0E5E700BF27790620034B002818BF03464F
S31508010BB00B449879704700BF2779062070B50E4611
S31508010BC082EA124294B2214603463046FFF78EFF67
S31508010BD0FFF794FFFFF78CFFFFF790FFFFF788FFFA
S31508010BE0FFF78CFFFFF784FF174D002B14BF1E4636
S31508010BF02E460546FFF77AFF0246144B701CA3FBE7
S31508010C000213D11A03EB51035B0903EBC30103EB8F
S31508010C108103D21AD2B2114617F0F8FB40B93378DC
S31508010C206C40A4B204FB03F306EB1346B07970BD1E
S31508010C30731D2A3601E09E4204D013F8010F824241
S31508010C40F9D1F4E7104670BD277906204D91CFBA40
S31508010C5070B5044620F026FB0B4E0546306818B1E0
S31508010C6014F0B2FA002333602CB12220604314F049
S31508010C70A9FA30B130600024284620F00EFB204640
S31508010C8070BD1A24F8E700BF6C07052008B5FDF703
S31508010C9005FE431C1BBF2222034B00201B6818BFFD
S31508010CA002FB003008BD00BF6C0705202DE9F041A5
S31508010CB00F46164616F037F9002239464FFA80F8DC
S31508010CC00446174817F091FC05460122394614488F
S31508010CD017F08BFC454501DB804512DA054405EB27
S31508010CE0D575C4EB650040B20E4A92F900308342CD
S31508010CF009DAC01A00EBD07003EB600358B2BDE8FD
S31508010D00F0810020F0E792F901308342F7DDB2F96C
S31508010D100230B342DCBF00EBD07040F34700EEE788
S31508010D205279062082780620014B1878704700BF51
S31508010D305B790620104B1A7842F0F0021A701A7C79
S31508010D4042F0F0021A7493F8202042F0F00283F878
S31508010D50202093F8302042F0F00283F8302093F8EF
S31508010D60402042F0F00283F8402093F8502042F0E8
S31508010D70F00283F850207047700705204288F8B5BD
S31508010D8002F00702072A05461E4F2AD120F08AFAE1
S31508010D90002211017B5C07EB021C1B090F2B0AD0F1
S31508010DA00132062AF5D1184A13880133138020F037
S31508010DB074FA1920F8BD2B681446ACF802301123D1
S31508010DC07B5496B220F069FAFAF73AFB07EB04135B
S31508010DD0D8602B68002023F4E02343EA06432B60FE
S31508010DE0E8E71301F95C1446C1F30312013202F074
S31508010DF00F02052A28BF002262F307112646F95475
S31508010E00E2E700BF700705208678062038B54488D2
S31508010E10054604F00704072C0FD020F043FA074AC9
S31508010E202401135D43F0F00313552B6843F4E023C3
S31508010E302B60BDE8384020F030BA38BD7007052070
S31508010E402DE9F047B0F80280074608F00708B8F11F
S31508010E50070F894632D01A4D4FEA08142E5DFAF764
S31508010E60EFFA05EB081ADAF80C30360906EBC8066C
S31508010E70C01A05EB460670802B5D03F00F02042AA3
S31508010E809EBF013262F303032B55B9F1030F12D149
S31508010E90295D0234281901F00F0119F005F80446F5
S31508010EA020F000FA3A68074B134023433B60BDE83C
S31508010EB0F04720F0F2B94FF6FF74F1E7BDE8F08785
S31508010EC0700705200000FF7F242816D80F2805D8AB
S31508010ED002280CD8B0FA80F040097047084B103840
S31508010EE080B2C34003F0010383F00100704705385F
S31508010EF0012894BF0020012070470120704700BFD8
S31508010F002D2011002DE9F04F95B0FAF703FF42F2B3
S31508010F103603867905460C3630F8068084199845D5
S31508010F200ED1FAF7F7FE022113F06AFD7F22A378A4
S31508010F300233A370AA5500232022237762706377B0
S31508010F400121E078FCF79EFC00230546ADF8463002
S31508010F50002800F0C280CDE91233237AE2888DF8A1
S31508010F604A30E37AADF848208DF84E30E378B4F884
S31508010F700920FE2BA388ADF84C2003F01C014FF67F
S31508010F80FF7208BF4FF480421C2922D0DDE9120105
S31508010F90884201D81F281AD841F21105FAF7C0FE6E
S31508010FA00446EAB20123414614F038FCA3791C44ED
S31508010FB0BDF94630002BACBF05226FF0040213447D
S31508010FC00A2293FBF2F3A37415B0BDE8F08F9142A0
S31508010FD0E2D813F01003E67D677E04D0012E0AD00D
S31508010FE041F21205DAE706F0FD02012AD4D17A1E8A
S31508010FF0D2B2022AD0D8227B013A062ACCD87BB9AA
S31508011000FFF726F8032E08BF04260640F6B2002E7F
S31508011010C2D0032F08BF04273840C0B20028BBD06E
S31508011020E07819F0C1F920B1A088FFF74DFF002833
S31508011030D6D02B4A237F1278002A47D0042BCFD843
S31508011040677F042FCCD8E07D94F91620032808BFC2
S3150801105004207F2A08BFC822667B1CBF02EB8202D6
S3150801106052000E96A67B18BF92B2B4F804C0E18866
S3150801107094F80C9094F815A094F818B00F96ADF85A
S315080110804620667EB4F80920CDE90B37E37E032EA8
S3150801109008BF0426003B18BF01230A93A37E04F167
S315080110A00F0ECDE908630DF14603CDE904A30F9BA5
S315080110B0CDE9060B01930E9B284600935FFA8CF344
S315080110C0CDE902E914F0FDFF054667E7002B7FF439
S315080110D063AF677F002FB6D05EE741F207055DE78C
S315080110E05C7906202DE9F047FAF714FE83790C336B
S315080110F0C4182679E7787EB14FF000080534B04563
S315080111002FDB0025FAF70CFEEAB20023BDE8F0470B
S3150801111042F2390114F082BB012F42D035464FF015
S315080111209809DFF88C8098F834309D42E4DAD8F8CB
S31508011130300009FB050090F86130FF2B0AD0B0F8A2
S315080111405820C2F30013D20606D500231A461946BB
S31508011150FCF70CFB0135E6E71A46194601F062F879
S31508011160F8E72078B4F80150A0F1FE035942594135
S3150801117094F803900434FCF785FBA8B1B0F858300D
S315080111802A4613F0100F39464B4607D0FCF7EEFAFC
S3150801119005460028B6D108F10108B0E701F042F882
S315080111A0F6E741F21205ADE741F24205AAE700BFAB
S315080111B07C0205202DE9F0411D4690460E4607465C
S315080111C0FEF7AEFCFEF792FC04464046FEF78EFC9F
S315080111D0194B04449D4225D9184B9D4215D9184BE4
S315080111E0013D93FBF4F3002BB8BF03339A1005EBCB
S315080111F0A305B5FBF2F379683268A1EB930102EB1B
S31508011200430279603260BDE8F0810E4B0E4AA3FBBA
S3150801121005535B0904FB03F303F6C313A2FB03237C
S31508011220DB0AE8E704FB05F3084A03F574338F3351
S31508011230A2FB03231B0CDEE74C621000136666064D
S3150801124040420F001F85EB515917B7D183DE1B4367
S315080112503A289ABF014B185CFF207047F1360308FC
S31508011260024B1A6818600260704700BFD407052050
S315080112700022024B1A601A71704700BFD407052075
S3150801128070B5064615460C4620F00CF8337B23EA62
S31508011290050344EA030131730A4C1DB9237919433D
S315080112A0217106E000231946226823712AB9002B09
S315080112B0F6D1BDE870401FF0F0BF137B12681943E1
S315080112C00123F3E7D407052070B50E4B06461B79B3
S315080112D001EA0304994313D194B11FF0E3FF0546CC
S315080112E0304615F01DFE30B103781C4304704FF4E7
S315080112F0007016F0D3FB2846BDE870401FF0CDBF3D
S3150801130070BD00BFD40705202DE9F047074615F043
S3150801131007FE044600283DD045784DB91FF0C2FFA7
S31508011320237825706370204B1B6863601FF0B5FF37
S315080113304FF00108DFF87090667836B923784BB319
S315080113404FF4007016F0AAFB24E096FAA6F5B5FA52
S3150801135085F508FA05F55FFA85FA636833B9D9F8A8
S31508011360003026EA050565706360E5E79A68A2B16B
S315080113701B7B3AEA030310D1BAF1000F0DD051468F
S315080113803846904748B102280BD0012805D1636831
S315080113901B6863600120BDE8F08763681B686360AA
S315080113A0DBE70020F7E700BFD407052070B5002565
S315080113B00E4EFDF7B3FCA84200D870BD3068FDF7A4
S315080113C055FA40B1FFF7A0FF28B94FF40070BDE800
S315080113D07040FEF7A1BD3468FDF7A0FC0134B4FBEB
S315080113E0F0F303FB104401353460E2E7D00705202A
S315080113F0F8B506460C4617461D4615F086FD10F04B
S31508011400080003D00221304616F0E8F94FF0290CFE
S31508011410134BC5F12001A5F12002EB400CFA01F1AD
S315080114200B432CFA02F21343DB0700D470B11121E6
S31508011430204618F0B2F8204618F0A0F845708770D3
S3150801144021463046BDE8F84018F08DB80D212046F2
S3150801145018F0A3F8204618F091F84770F0E700BF96
S31508011460000040842DE9F34105460C46009115F02C
S3150801147046FD030705D5684613F0F2FA02B0BDE842
S31508011480F081009F97F8068008F10C0817F8080004
S31508011490FFF7DEFEFF2806460ED10021009B01A8B4
S315080114A01A681960019213F0DBFA284617F8082022
S315080114B0009918F084F8E1E7384613F060FB013823
S315080114C0B042EAD10B4B1E684EB921462846A3798C
S315080114D023441A7B02B0BDE8F04118F070B873686E
S315080114E00BB93668F0E72146284698470028F8D010
S315080114F0C4E700BFD407052037B504460D460821C1
S31508011500FFF7E2FE2046082115F0FBFC2946204696
S3150801151015F040FD2146012018F0F8F82146002073
S3150801152018F0F4F8012000232146034A009018F028
S315080115307EF803B030BD00BFDF94020837B5044614
S3150801154018F061FA0321204615F027FD0025034608
S3150801155021460120034A009518F069F8284603B088
S3150801156030BD00BFED9802082DE9F74F80460F46BA
S3150801157015F0CBFC10F4801450D1022013F03CFC7A
S31508011580064600284CD0BB7921460C333B44B3F8B8
S315080115900490B3F806B0B3F808A017F0FEFF30467A
S315080115A017F0ECFF02210546404615F0F6FCA5F8B2
S315080115B004906881A5F806B0A5F808A014F00DF8FE
S315080115C009F10109B0FBF9F303FB1900022368804D
S315080115D06B70B3793146BB71FB71F2793846D21A11
S315080115E0D2B2234613F004FD4146012015F07EFCD4
S315080115F01022C7606B89414601200092094A18F0FA
S3150801160016F84FF48031404615F081FC40463146C4
S3150801161017F0A9FF204603B0BDE8F08F2320FAE7AB
S315080116200720F8E7439A02082DE9F34104460D46D7
S315080116300146012015F05AFC01210746284617F0F4
S31508011640ACFF284617F09AFF064600F10108404606
S31508011650FFF75AFAD6F801300221C7F81230737922
S315080116602046BB7515F099FC29460746F0802046A9
S3150801167017F079FF20232146009301203B46034AB0
S3150801168017F0D5FF002002B0BDE8F081D399020812
S315080116907FB504460D4615F032FCC2073BD52046F8
S315080116A015F033FC430715D5002320461A460DF1DC
S315080116B00F0115F08FFE9DF80F30062B0AD8284624
S315080116C0F8F73CFF012200232046FDF74FFD0020D5
S315080116D004B070BD0E21284617F05FFF284617F0A3
S315080116E04DFF0646FEF7AEFCC6F80510FEF7AAFC46
S315080116F02946C6F80100204617F035FF0321204682
S3150801170015F04BFC00220346009221460120034AAC
S3150801171017F08DFFDBE70821DDE700BFF198020826
S3150801172008B5074A0749084818F0D0F80648FFF7E8
S3150801173097FDBDE80840002204210348FFF7A0BD34
S31508011740C19A0208B1180108DC0705202DE9F04104
S3150801175091F806800F4686B008F10C0803910446F5
S3150801176001EB08060146012015F0C0FB17F8083001
S315080117700546023B0F2B00F29280DFE803F0089042
S3150801178090909067907190903160909090511FF071
S3150801179089FD71780546204615F0FCFB082120468F
S315080117A015F0AFFB2146012017F0B0FF21460020B6
S315080117B017F0ACFF0123009300233A4A1846214645
S315080117C017F035FF08212046FFF77EFD03A813F021
S315080117D047F928461FF061FD012006B0BDE8F081F2
S315080117E0B38820467288717815F0DFFD204615F01A
S315080117F08CFB830708D42046039918F004F90121C4
S315080118002046FFF761FDE7E7AA68274B9A4203D10D
S315080118102146012017F04AFF03A813F021F9EEE744
S31508011820836843B103AA0492B27803218DF8142080
S3150801183004AA2046984703A813F012F9CCE783684F
S31508011840002BF8D003AA04927278EEE78368002B7E
S31508011850F1D00022059203AA0492042104AAE8E71A
S31508011860039D21460120AE7915F040FB0F4B826896
S315080118709A4203D02846F8F761FEADE7AB19D3F8CB
S315080118800D202046D3F81130FDF770FC2846F8F7ED
S3150801189055FE2146012017F009FF0221B0E7002075
S315080118A09BE700BFFB990208ED980208F198020828
S315080118B0F7B50D46044615F022FBAB790C33EF5C00
S315080118C0EE18C3076DD5012F48D0082F41D0002F38
S315080118D05AD17189204617F098FEB188727809297C
S315080118E00B4638BF0923013B9BB29A4209D8738834
S315080118F08B428CBF00230123002A08BF002300EA7C
S3150801190003072046FCF7CAFF80B215F0AAFA70B1A0
S315080119104088B188F38832890090084617F0B5FDEA
S3150801192038B92846F8F70AFE012003B0F0BD0120B0
S31508011930EFE7002FF5D02146002015F0D7FA10223F
S31508011940C560738900921A4A2146002017F06FFE76
S31508011950EAE72946204617F0EEFFE5E72046F18833
S3150801196017F053FE0746701C16F074FD0028D8D0F0
S31508011970002FD6D02146002015F0B8FA2022C560DE
S31508011980F38800920B4ADFE72946204614F022FA2B
S315080119900028C9D12946204603B0BDE8F040FFF723
S315080119A0D5BE0E2FD5D02946204614F002FAEFE708
S315080119B0439A02088B99020838B504460D4615F074
S315080119C0A4FA42070FD4204615F09FFA83070AD4D2
S315080119D02046022115F09BFA29462046BDE83840E3
S315080119E0034A17F008BF2846F8F7A8FD002038BDB6
S315080119F03D15010838B504460D4615F080FA00F084
S31508011A00050004280CD1204615F07FFA10F4C02FE2
S31508011A1006D129462046BDE83840044A17F0EBBEF0
S31508011A202846F8F78BFD0C2038BD00BF691501085B
S31508011A30014A17F0E0BE00BF2916010870B5054630
S31508011A400C460146012015F051FA0646284615F0BE
S31508011A505CFA010704D52046F8F770FD002070BD31
S31508011A6033685A05F7D4284615F049FAC30708D545
S31508011A7021462846FFF7A0FF18B913F0BDF9044619
S31508011A8070B156E8003F43F4806346E80032002A05
S31508011A90F7D121462846BDE87040024A17F0ABBE89
S31508011AA00720DCE79116010873B504460E4615F0C2
S31508011AB026FA00F00C0004284FF0020035D113F085
S31508011AC09BF9054698B34379022143F00203437112
S31508011AD017F063FD284617F051FD29464670204642
S31508011AE017F041FD1621204615F054FA0821204623
S31508011AF015F007FA2146012017F008FE21460020B5
S31508011B0017F004FE204617F0ABFE0121204615F01A
S31508011B1044FA034601202146064A009017F087FD3C
S31508011B2020460821FFF7D0FB002002B070BD072030
S31508011B30FBE700BF1B9902082DE9F04387B004466D
S31508011B400E4615F0E2F900F4C060B0F5C06F06D193
S31508011B50022013F051F9054610B9072053E0002574
S31508011B602146012015F0C2F9814696F8068000F152
S31508011B70120208F10C08B04408F10F0308F11F011D
S31508011B8053F8040B8B4242F8040BF9D10321304672
S31508011B9017F003FD304617F0F1FC0A22074608F153
S31508011BA00501013012F058FD0C210DEB010000F082
S31508011BB011FB03AB03CBC7F80B00C7F80F10059B46
S31508011BC007F10B02C7F8133005B30A21284617F0A7
S31508011BD0E4FC284617F0D2FC2946204617F0C3FC38
S31508011BE040212046C9F80C6015F08BF903212046DF
S31508011BF015F0D3F900250346214601200B4A009525
S31508011C0017F015FD284607B0BDE8F083204607F111
S31508011C101303012116F031FC2046314617F0A3FCC7
S31508011C202046C9F80C5016F044FCDFE7FB9A020877
S31508011C30F0B50D4689B0044615F061F9AB7910F097
S31508011C40010003F10C0305EB0302EB5C00F09E8037
S31508011C50033B082B00F23181DFE813F009002F015D
S31508011C602F0182002F012F012F015C007C00D2F881
S31508011C700100D2F8051003ABB2F8097003C302F1EB
S31508011C80130301210B32204616F0F7FB04212846DF
S31508011C9017F083FC284617F071FC06460C2105A8A7
S31508011CA000F098FA05AB03CB3346C6F80100C6F82F
S31508011CB00510079A002143F8092F2046721C16F0D1
S31508011CC0DCFB2146002015F011F9034603AA4783D8
S31508011CD003CAC3F81200C3F8161020460821FCF7F8
S31508011CE0F3FD8021204615F00CF9204616F0E1FB9C
S31508011CF02946204617F037FC0321204615F04DF9F1
S31508011D000346002021466E4A009017F090FC0120F8
S31508011D1009B0F0BD0B21284617F03FFC284617F0FD
S31508011D202DFC2946204617F01EFC1FF0BBFA054676
S31508011D30C021204615F0E5F84FF48051204615F0EC
S31508011D40E6F828461FF0A9FA4FF48061204615F0F7
S31508011D50E2F8DCE72846F8F7F1FB4FF40071F5E7FE
S31508011D600621284617F019FC284617F007FC2046D5
S31508011D7015F042FB2946204617F0F5FB204616F0DA
S31508011D80BDFB2146002017F091FCC0E7043B072B59
S31508011D90BED801A252F823F0B91D0108DD1D0108BC
S31508011DA03F1E0108111D0108111D0108111D010819
S31508011DB0111D0108551E01082046802115F0A1F8BC
S31508011DC0AA7920460C322A4402F10903002101327C
S31508011DD016F053FB2846F8F7B1FB98E74FF48060F5
S31508011DE0FEF7AAF8B0B100274FF40061204615F0B6
S31508011DF08EF82046CDE90577FCF750FD06462046C4
S31508011E0015F07BF839460346009505AAB0B217F0D6
S31508011E1060FA7CE72146012015F068F800F1120105
S31508011E20204616F080FB0621284617F0B6FB284601
S31508011E3017F0A4FB2946204617F095FB67E72846C5
S31508011E40F8F77CFB2146012017F060FC204616F0C6
S31508011E5055FB5CE71FF026FA06468021204615F059
S31508011E6050F84FF48051204615F051F830461FF0CE
S31508011E7014FA4FF4C061204615F04DF8294620465C
S31508011E8017F071FB2146012015F030F8C2680546A6
S31508011E9082B1937901210C331A4402F113032046C6
S31508011EA00B3216F0EAFA204616F003FB2046E968DB
S31508011EB017F059FB0023EB6029E7002028E700BF4C
S31508011EC0FB9A020808B507490022074817F0FEFCE5
S31508011ED00548FFF7C5F9BDE8084001200021FEF7CE
S31508011EE031B800BF311C0108EC07052038B5054695
S31508011EF00C4615F004F800F00500042806D1214621
S31508011F002846BDE83840044A17F075BC2046F8F75C
S31508011F1015FB0C2038BD00BF391B010838B50C4626
S31508011F208B7905460C331944E35C142B03D0152B26
S31508011F300FD0002038BD013117F0B5FE152128460E
S31508011F40224617F0FAFE2146284617F00CFB012017
S31508011F50F0E70146012014F0C9FF0B4B82689A424B
S31508011F6003D02046F8F7EAFAF1E7A1792846214491
S31508011F700D3117F098FE2046F8F7E0FA29460120B8
S31508011F8017F094FBE3E700BF8F9D020837B50446B7
S31508011F900D460A46142117F0D0FE2946204617F0A9
S31508011FA0E2FA0321204614F0F8FF30220346009294
S31508011FB021460120024A17F03AFB002003B030BD42
S31508011FC08F9D020808B5094A09490A4817F07EFC97
S31508011FD00848FFF745F9022106480022FFF750F99C
S31508011FE0BDE8084020200021FDF7ACBF939D0208FB
S31508011FF01D1F0108FC07052073B51E46ADF8002014
S315080120008DF80230009B044601A801930D4611463E
S3150801201017F033FE9DF80630B34203D1BDF80430FC
S315080120208B4205D02846F8F789FA122002B070BD0E
S31508012030204615F077F89DF80230827A9A4209D13E
S315080120408288BDF800309A4204D12846F8F776FA14
S315080120500020EBE76946204615F02EFC2946204666
S31508012060014A17F0C8FBE1E78D1F010837B5044699
S3150801207017F079FA0321204614F08FFF002503464D
S3150801208021460120034A009517F0D1FA284603B0E4
S3150801209030BD00BFED9D02082DE9F0478846212194
S315080120A004461746994615F099FB88B3204614F05D
S315080120B02CFF10F4103F2ED1022012F09DFE05468A
S315080120C058B34FF00A0A232117F067FA284617F082
S315080120D055FA012397FBFAF708F1FF32934043704B
S315080120E0064687704846F9F77DFD90FBFAF04FF4EE
S315080120F08041F070204614F00AFF4146204616F04A
S31508012100CBFB29462046BDE8F047054A17F073BBC5
S315080121101120BDE8F0872320FBE70720F9E700BF78
S315080121206D200108F0B507460E46144685B00C4BDE
S315080121306946384603F11002FEF79AFB0028F6D0E5
S31508012140102C254628BF102530462A46694612F026
S31508012150A4FA641B2F442E44E9D105B0F0BD00BF93
S315080121605D79062030B589B020226946FFF7DAFF86
S315080121706A460C4D04AB144603CC9C422860696040
S31508012180224605F10805F6D1074C1A4603CA6160CD
S3150801219008A98A422060134604F10804F5D109B05A
S315080121A030BD00BF5D7906206D79062010B588B06F
S315080121B0694620200EF0B8FE044630B96846FFF796
S315080121C0D1FF0122024B83F82020204608B010BD1A
S315080121D05D79062070B5124B054693F820300C46FA
S315080121E08CB00BB9FFF7E2FF10220021684612F006
S315080121F04CFA4CB92022214604A812F046FA04A842
S31508012200FFF7B0FF0CB070BD102C264628BF10266C
S31508012210294632466846FFF785FF3544A41BE8E799
S315080122205D7906202DE9F3411E46836904460D466C
S3150801223017462BB171B30025284602B0BDE8F081D7
S315080122400029F8D0B0F85830990703D5438D002BEB
S3150801225000F00481204614F020F905460028EBD148
S315080122602046628D218DFBF7FBFF012E27D040F218
S315080122707123B4F854205A43904220D9B4F8562011
S315080122805A43904215D92946204614F069FC41F271
S315080122904505D1E71FF006F806462946206D13F0D5
S315080122A0B0FA2046294614F05BFC30461EF0F5FFCD
S315080122B0C1E700F51C70B0FBF3F0A4F85400636B9A
S315080122C0ABBBD4F83880B8F1000F0DD1204614F015
S315080122D0D8FA054640B14146204614F041FC192D6D
S315080122E0AAD141F20705A7E7A26B42B1236A13F403
S315080122F0007104D1C4E90D2123F400232362B4F843
S3150801230058309A0742D5204617F048FFA0B3204611
S3150801231017F05FFF0546002800F08480204600215B
S3150801232014F01EFC04F1400012F09AFBD7E7204690
S3150801233001A917F0BFFE0028E1D02046019917F040
S31508012340F7FE054640B12046002114F009FC04F1C8
S31508012350380012F085FB6FE7A36B002BCFD0236AF9
S3150801236013F40075CBD104F1340012F079FBA36B99
S31508012370C4E90D35236ABFE7E36B3BB9D4F840805E
S31508012380B8F1000F3ED0226C002A4FD1B4F858306C
S31508012390DB0755D4334B3246A36139460023204621
S315080123A0FBF78AF9054600287FF446AF206D01211F
S315080123B013F027FA206D13F025FA00283FF43BAFF6
S315080123C0616B29B9A16B00293FF435AFC4E90D1535
S315080123D0204617F0ADFE054600283FF42DAF1EF046
S315080123E061FF06460021206D13F00BFA20460021F5
S315080123F014F0B6FB236A304623F4002323621EF049
S315080124004CFF19E7204614F0ADFA054650B141468E
S31508012410204614F0A5FB04F1340012F021FB04F167
S31508012420380081E7E36B002BB0D1ACE7236A13F4DC
S31508012430806102BF23F40023C4E90F212362A5E7C3
S31508012440094DA86A0028A5D112F0D6FC0146A86252
S3150801245000289FD1204614F083FB42E741F20C0580
S31508012460EAE600BF81DC00087C02052070B500247D
S3150801247098260C4D95F83430A34200DC70BD2B6BC1
S3150801248006FB043393F86120FF2A03D0186D18B1AF
S3150801249013F0C3F90134EDE7D86C0028FAD013F02C
S315080124A063F9F7E77C02052030B51546102289B095
S315080124B00C4601460DEB020018F0F5F84FF41053DF
S315080124C080221021CDE90132084B224600930DEBFB
S315080124D0010005F5807317F0D3FF102104460DEBB3
S315080124E0010018F0EAF8204609B030BD004440045E
S315080124F01FB502464FF410538020CDE90130054B34
S31508012500009301F580730021084617F0B9FF05B05D
S315080125105DF804FB00444004102210B588B00C464F
S3150801252001460DEB020018F0BEF84FF41053802255
S315080125301021CDE90132094B224600930DEB01002A
S315080125404FF4806317F09CFF102104460DEB010040
S3150801255018F0B3F8204608B010BD00BF0002C0034A
S31508012560002370B510250C4616468AB0014610227E
S3150801257006A8059318F097F805AB06AA0293304604
S315080125802B46CDE900450849EEF76AFD0646294678
S3150801259006A818F092F8334629462046059A17F0F8
S315080125A058FF0AB070BD00BF0044400430B51C4650
S315080125B00023102587B0059305AB0293CDE90045A5
S315080125C013460A4605490FF050F929460346059A66
S315080125D0204617F03EFF07B030BD00BF0002C0031A
S315080125E0F7B50027054603200E460197F4F76AFB5F
S315080125F00122014601AB1046F5F79EFF044618B1C4
S315080126002F60204603B0F0BD3146094A01980FF004
S31508012610CBF80646019846B11FF05EF92C603046A4
S3150801262017F00CFF40F20744EBE72860E9E700BF23
S315080126300002C0032DE9F04147F2121380460F4606
S315080126404FF48070002196B01160CDE901301F4B1F
S31508012650084600934FF48043164617F011FF0446C7
S31508012660F8B904904122306804AB05A90EF0EDFFD4
S31508012670054640B9049D412D03D19DF81430042B1C
S3150801268013D06FF08305412105A818F016F83068B4
S315080126900EF013FF00232846336017F0CFFE40F2F1
S315080126A00744204616B0BDE8F08140460DF11501F4
S315080126B0202217F0F8FF38460DF13501202217F0D0
S315080126C0F2FF294605A817F0F8FFEAE70000020914
S315080126D010B58CB00C462022014604A817F0E3FF7A
S315080126E000234FF48072236047F21213CDE90132B9
S315080126F0084B2246009320214FF4804304A817F083
S31508012700BFFE0446202104A817F0D7FF20460CB0C7
S3150801271010BD00BF0000020930B504230D4697B06D
S315080127201446014620220DF115008DF8143017F0D4
S31508012730BAFF29460DF13500202217F0B4FF002310
S315080127404FF48072236044F21213CDE90132084B2B
S315080127502246009341214FF4804305A817F090FEC5
S315080127600446412105A817F0A8FF204617B030BD39
S315080127700000020970B51C460E46042396B015469C
S31508012780014620220DF115008DF8143017F08BFF44
S3150801279031460DF13500202217F085FF002320264A
S315080127A0049304AB05AA29460293CDE900464123C1
S315080127B007480FF06DF80546412105A817F07DFF7A
S315080127C02B4631462046049A17F043FE16B070BDD3
S315080127D000000209074A1379834208D9012303FA3B
S315080127E000F013681840003818BF01207047002010
S315080127F0704700BF0C080520054A034610680022E9
S3150801280008B91A60704700F001010A444008F7E761
S315080128100C080520014B1879704700BF0C080520E4
S31508012820102A2DE9FF4706468846154621D8002471
S315080128304FF0010ADFF844900F4FD9F800200AFA41
S3150801284004F3134212D046EA042038436A46E9B231
S3150801285080B206F019FB48B92A464146684611F086
S31508012860EBFE18B9E0B204B0BDE8F0870134202CBC
S31508012870E3D1FF20F7E700BF0080FFFF0C08052022
S3150801288070B506460D46FFF7A5FF40B1054C44EA6B
S315080128900624204617F066FE00B92C6070BD40F28A
S315080128A00640FBE706800400F7B504461CF037FA34
S315080128B0FF2C4DD100F038FE0024594E3379A3423E
S315080128C021D84FF400410024084606F03FFB202298
S315080128D0FF215448346011F0D8FE204600F088FEE6
S315080128E0FF260446504D0CBB00F062FC0C214C4AF5
S315080128F043F6FF7006F0ACFA20213820494A06F063
S31508012900A7FA00202AE0E5B22846FFF763FF58B187
S315080129100521284617F0D9FE0321284617F0D5FECA
S315080129200621284617F0D1FE0134C7E794F8753019
S31508012930FF2B05D02B7843B91321204618F0CFFC7D
S31508012940204600F055FE0446CDE784F87560F7E7A2
S315080129502046FFF73FFF18B940F2064003B0F0BD25
S315080129606B4606220021204617F0FBFE00283FD0C1
S3150801297049238DF8063020024FF47F4140F4004088
S3150801298006F0E4FA0521204617F09FFE03212046AA
S3150801299017F09BFE0621204617F097FE0122204DCF
S315080129A0A2402B68204623EA02032B6000F0B0FD03
S315080129B000211C4B2A7908461D46013A8A4221DC28
S315080129C0FF260020AE5400F013FE0546164F002DD3
S315080129D08CD095F87530A34205D13B78E3B913211C
S315080129E0284618F07CFC284600F002FE0546EEE76C
S315080129F06B4606220121204617F0B3FE0028BAD0FD
S31508012A007223B6E71E78A64200D010B1587818701E
S31508012A10012001310133D1E785F87560E3E700BF8D
S31508012A200C080520807906207E7906202DE9FF41CC
S31508012A30334C064601A8FFF7DFFE019A2379934234
S31508012A401ED86379012B3CD100274FF0FF383D464C
S31508012A5010E02368EB40DB070BD5082202AB1146D1
S31508012A60E8B217F07EFE20B1039B43453CBF2F46D3
S31508012A709846013523799D42EBD3F8B2FFF714FF47
S31508012A8000250122236802FA05F73B4233D13B436D
S31508012A902360A3680C21013343F6FF70184A73615A
S31508012AA0A36006F0D5F998B1236823EA07032360E2
S31508012AB0A368013BA3607361FF25284604B0BDE8FE
S31508012AC0F081022BF8D10F4B134413F8010CD5E70B
S31508012AD023790C4A013B52FA83F3934207D1EDB2AB
S31508012AE015702021074A382006F0B2F9E5E713F8F0
S31508012AF0011D5970F1E70135202DC4D1DCE700BF6E
S31508012B000C080520807906202DE9F04F00258BB0A9
S31508012B10754C04213F2003AA257006F0B5F900B1CA
S31508012B200395039E002E63D00027721E5642564116
S31508012B30002525706D4C0C21224643F6FF7006F0E0
S31508012B40A3F9C0B10D23A380039B2560032BA560C0
S31508012B5011D805AD2A46142143F6FF7006F094F9FB
S31508012B6048B995E8070084E8070022460C2143F690
S31508012B70FF7006F06DF9039B042B05D004213F2055
S31508012B8003AA039106F064F920213820584A06F071
S31508012B907BF920B12022FF21554811F076FD032249
S31508012BA0237900255B00B3FBF2F3524A137000F058
S31508012BB0BBFC23799D421ED3002F58D01021372004
S31508012BC005AA06F061F978B9102105A800F084FB79
S31508012BD00546102105A817F070FD372006F070F993
S31508012BE015B1FF20FFF760FE4FF00008424F3BE0AA
S31508012BF001273E469CE72368EB40DB070BD50822F5
S31508012C005FFA85F81146404605AB17F0AAFD10B9DB
S31508012C104046FFF749FE0135CBE75FFA88F9484692
S31508012C20FFF7D8FDF0B14FF0000ADFF8D0B01BF876
S31508012C30015B10222946484605AB17F092FD10287C
S31508012C4027D105AA29460190484617F044FD019B5C
S31508012C500090194605A817F030FD009A9AB1484622
S31508012C60FFF722FE08F1010823799845D5D336B135
S31508012C703D2006F025F9002523799D420FD3002032
S31508012C800BB0BDE8F08F45EA0820384380B206F05C
S31508012C9017F90AF1010ABAF1030FC8D1E2E7EEB250
S31508012CA03046FFF797FDE8B104220C21304604AB04
S31508012CB017F057FD04280AD1049B0122C3F3002308
S31508012CC08DF814300C21304605AB17F017FD10228C
S31508012CD0002105A811F0D9FC10220D21304605ABBB
S31508012CE017F00CFD0135C7E77E7906200C0805208B
S31508012CF0807906207F7906200080FFFF2C3703089C
S31508012D00F0B4114B114A1D7914460023D9B28D42EC
S31508012D1004D914F8017B5E1C874205D10C4C247832
S31508012D208C4203D9F0BC70473346EFE7134493420C
S31508012D3006D110702021F0BC3820044A06F088B864
S31508012D4013F8011D5970F2E70C0805208079062051
S31508012D507F79062020F00040A0F20540F8B5032847
S31508012D6017D8DFE800F0021728330C790F78A4F199
S31508012D701B02534253414E88CD8801F10802194876
S31508012D80990011F043FD20B10771A0F80560C471DF
S31508012D900581F8BD0E784D888C8801F10802124824
S31508012DA0002111F033FD0028F3D00671A0F8055073
S31508012DB0A0F80740EDE70D480D784C6811F0EBFCDB
S31508012DC00028E6D00571A0F80540E2E707480C7827
S31508012DD011F0E1FC0028DCD00723437100230471BC
S31508012DE08371D6E748370308443703084037030891
S31508012DF0002110B5821D83880446084612F092F90F
S31508012E00024648B16188208819F0F1FA0446034858
S31508012E101CF0C5FD848010BD1A24F8E720020A17A4
S31508012E20002313B5CDE90033421DB0F80330B0F8DD
S31508012E300110007817F0AFFC044603481CF0AFFDFB
S31508012E40848002B010BD00BF20020A1940F2055362
S31508012E5020F0004098422DE9F0410BD840F2015389
S31508012E60984209D840F2014398420DD040F20A43EC
S31508012E70984214D0BDE8F081A0F20350022816D872
S31508012E80DFE800F024495C000D784C882D4811F0E4
S31508012E9082FC0028EED00571A0F80540EAE72A4829
S31508012EA00C7811F078FC0028E4D00471E2E7274891
S31508012EB00F784E880D79CC8811F06DFC0028D9D091
S31508012EC00771A0F80560C5710481D3E78C684E883F
S31508012ED00D790F7884B1B1F8068001F108021C4812
S31508012EE0002111F093FC0028C4D00771A0F80560F1
S31508012EF0C571A0F80880BDE7234622462146144835
S31508012F0011F05AFC0028B5D00771A0F80560C57103
S31508012F1004724472AEE70F4891F800804F880E7923
S31508012F20CD880C8911F037FC0028A3D080F80480DD
S31508012F30A0F80570C671058144819BE70D784C6838
S31508012F400548A4E7703703085C3703086C3703089C
S31508012F5068370308643703086037030830B587B054
S31508012F6005460C4600930749134603A802220DF0AD
S31508012F7051FC28B9049B03A89D80DC801CF076FCD3
S31508012F8007B030BD7C37030830B587B005460C4617
S31508012F9000930849134603A802220DF03BFC30B9F9
S31508012FA0049B03A81D71A3F805401CF05FFC07B03C
S31508012FB030BD00BF743703084FF0FF30014670B5C6
S31508012FC0084A9368127B03EBC202934200D170BD93
S31508012FD0D3E90054854274EB01063CBF28462146D5
S31508012FE00833F2E7180805204EF6602337B50B4A71
S31508012FF0157954795D435C43A5420BD004210DEB49
S31508013000010017F02FFB28B9019B641B0134A3FBB0
S3150801301004342C44204603B030BD00BF18080520EF
S3150801302038B5FFF7C9FFB1F1FF3F08BFB0F1FF3F60
S3150801303004460D460CD01BF0A5FE064BA042A9413D
S3150801304034BF211A00211869BDE8384006F044B892
S3150801305038BD00BF180805202DE9F84F1E4DAB797C
S31508013060DB0736D51BF08EFE4FF0000906460F46E4
S315080130704FF0FF3A4FF0FF3B2B7B5FFA89F4A342EF
S3150801308003D8BDE8F84FFFF7CBBFAB684FEAC408D2
S3150801309053F8342003EBC4014B68964277EB0303DC
S315080130A008D3204617F092FE0A2806D1AB68434496
S315080130B0C3E900AB09F10109DEE7FFF795FFAB6844
S315080130C08019984447F1000243F83400C8F80420EF
S315080130D0F0E7BDE8F88F00BF1808052038B50C4C95
S315080130E0A37923F00402DB07A27110D501200EF0A3
S315080130F087F80DF0F7FF50B16569FFF775FF0146CF
S31508013100284605F0E9FFA37943F00403A37138BD06
S315080131101808052008B518220021024811F0B5FA49
S31508013120002008BD1808052038B50478C4B1002266
S31508013130082120460B4BF5F7FFF990B902461021F5
S315080131400120094BF5F7F8F958B9084DFF21A86888
S31508013150E2002C7311F099FA054928691BF008FE5B
S31508013160002038BD20080520280805201808052054
S315080131705930010810B5002210210120054BF5F739
S31508013180DBF9044620B9044B044958691BF0F0FDE4
S31508013190204610BD2C08052018080520DD30010839
S315080131A0024B987900F00100704700BF1808052006
S315080131B010B5094C206830B917F09EFA0138C0B22B
S315080131C0012802D8054817F0BFF900232360A3791F
S315080131D023F00203A37110BD180805203700040067
S315080131E070B586B0FFF7E4FF17F086FA431EDBB227
S315080131F0012B154B88BF0023144E0546012168464D
S3150801320033600093FFF774F9044638B90098032D23
S31508013210306006D0B37943F00203B371204606B095
S3150801322070BD102201AB02A917F0BFF9054618B9FE
S31508013230102102A817F05CFC102102A817F03DFA2C
S31508013240002DE7D02C46E9E73700040018080520C9
S3150801325038B5104CA3799B0709D5206817F082F970
S31508013260B0B12D2815D1BDE83840FFF7B9BF17F021
S3150801327043FA0138C0B20128F5D8074D284617F098
S3150801328071F90028EDD1A379256043F00203A371F2
S31508013290002038BD180805203700040073B50E460E
S315080132A00546A8B1102913D1FFF7D2FF044660B924
S315080132B0084832462946006801AB17F076F90446F4
S315080132C018B13146284617F0F8F9204602B070BD04
S315080132D02124FAE71808052037B505460C460DF0EE
S315080132E001FF10B1022003B030BD17F08AFD002896
S315080132F0F8D124B903B0BDE83040FFF771BFE5B195
S31508013300102C1AD1FFF754FF17F0F6F9431EDBB25A
S31508013310012B0B4B88BF00230A4C0122284601A921
S3150801332023600193FFF7C0F80028DCD1019B2360D5
S31508013330A37943F00203A371D5E72120D3E700BFA0
S31508013340370004001808052073B5044618F066F816
S31508013350E51C0321284617F085F930BBE278637925
S31508013360E2B922791A43F4D003F07F0343F040030C
S315080133706371FFF76DFF78B90D4B01AE32462946E9
S3150801338018681CF0FFFC38B99DF80630BDF8042012
S31508013390A37053232280A37102B070BDFF2AE3D123
S315080133A022791A40FF2AD4D0DEE740F20740F3E734
S315080133B0180805202DE9F041154F0446BB79DB07AE
S315080133C023D53B7B834220D9BB684FEAC00803EB70
S315080133D0C00153F830204B68B3F1FF3F08BFB2F183
S315080133E0FF3F12D11BF0CEFC06460D46FFF7FCFD4A
S315080133F0BB688019984445F1000543F83400C8F8BC
S315080134000450BDE8F041FFF70BBEBDE8F08100BFEF
S315080134101808052010B5144C237B834222D9A268CB
S3150801342002EBC00352F830105A68B2F1FF3F08BFE9
S31508013430B1F1FF3F16D04FF0FF304FF0FF31C3E92E
S315080134400001FFF7B9FDB1F1FF3F08BFB0F1FF3F3A
S3150801345004D12069BDE8104005F094BEBDE81040CE
S31508013460FFF7DEBD10BD00BF18080520FF232DE9B3
S31508013470F74F264E0B70054688460622014630460A
S3150801348011F0DAF8044690B1FFF7C4F94FF0000AD3
S31508013490814605F1030B5FFA8AF7B94510D82B68FF
S315080134A03360AB88B380FF23B3712D2404E0B3796D
S315080134B0FF2BFAD088F80030204603B0BDE8F08F1C
S315080134C03846FFF787F9F0B1384601A9FFF7D8F969
S315080134D02D28044617D00028EED16A465946019888
S315080134E01CF050FC04460028E6D10322294668460A
S315080134F011F0A2F838B92B683360AB88B771B3807D
S3150801350088F80070D8E70AF1010AC4E7A07906200D
S31508013510044B9A79824204D100221A609A80FF22CA
S315080135209A717047A07906200022034B1A609A8087
S31508013530FF229A71704700BFA079062070B504462C
S315080135400D461B4A13686BB393F87D1011F00401FD
S315080135502AD1586810608C22184693F8706011F0C9
S3150801356094F8034680F870602268C0F85A20A28849
S31508013570A0F85E20A27980F860202868D864AA7924
S31508013580A98883F85220FF2283F8752083F87620CC
S3150801359040F6FF72A3F86E20064AA3F85010116888
S315080135A013605960184670BD1A1D5B68CBE700BFEA
S315080135B03408052030080520054A0346106800B975
S315080135C07047B0F86E209A42FAD04068F7E700BF14
S315080135D030080520054A0346106800B9704790F877
S315080135E070209A42FAD04068F7E700BF30080520F4
S315080135F010B9024B186870474068704730080520B3
S315080136000023114A2DE9F0418C21136080460246B8
S315080136100120F7F715F9044620B905460B4E306027
S31508013620454502D32046BDE8F0810120F7F776F932
S3150801363007468C220021013511F027F887F87050CA
S3150801364037603E1DECE700BF300805203408052029
S31508013650012310B58B4090F87110044621EA030145
S3150801366049B280F87110002949D11BF054FB204654
S315080136701AF00DF8102104F1180017F01EF820466B
S3150801368001F0F6FE04F1380011F0EAF9204619F0C6
S315080136902FFF224A13681BB19C4231D1636813601C
S315080136A0A36859050BD51A0509D443F40063A18902
S315080136B094F87000A36004F1780204F055FF002322
S315080136C0204663601CF006FA17F09EF84FF48072E4
S315080136D0B2FBF0F2424394F870300344B3FBF2F1C3
S315080136E002FB1133DBB2591EC9B2FD29F5D884F89C
S315080136F07030002363600A4B1A6852B91C6010BD0A
S315080137001A465B68002BCBD09C42F9D1636853609B
S31508013710C6E71A68131D5268EFE700BF300805208F
S315080137203408052090F8743003F00B03013BDBB233
S315080137300A2B9ABF014AD05C0020704784370308D8
S315080137401FB5014690F870308DF80430FFF7EAFF8F
S31508013750B1F862308DF80C00ADF80630B1F8643076
S3150801376001AAADF80A30B1F86630054840F20311EE
S31508013770ADF808301CF0C2F905B05DF804FB00BFCE
S315080137807808052007B590F870308DF8051001AA5C
S3150801379040F2072103488DF804301CF0AFF903B055
S315080137A05DF804FB7808052038B50A4B04461B6802
S315080137B00D462BB143699B0702D517F063FE30B15D
S315080137C02A4620680421BDE8384019F03FBEA3699E
S315080137D09D6138BD38080520014B1860704700BF48
S315080137E038080520024B1868003818BF01207047B1
S315080137F03808052013B50446019120B901A811F02E
S315080138002FF9212012E008460029FAD011F0B7F95C
S3150801381080B20028F2D0094B20461B6801994BB1AA
S31508013820984728B92046019900F090FF02B010BDCB
S315080138300020FBE701F0C8FBF3E700BF38080520C5
S31508013840436A73B59904044625D4FFF7A9FC636A4C
S3150801385003F4804308B3A26AD2041ED4D4F8010043
S31508013860002BB4F80520E37904F1010500902946F7
S315080138700CBF53201420ADF804208DF8063017F03C
S31508013880ACFD40B96946284600F092FB18B9636A4F
S3150801389043F00803636202B070BD002BFBD1084DEB
S315080138A0661C2946304600F083FB0028F3D12B68B5
S315080138B0C4F80130AB88A4F80530AB79E371E6E7C3
S315080138C0870805202DE9F0411E4E3071C0B33346F5
S315080138D000224821F4F730FE38B905464FF048086A
S315080138E007463379AB4202DC0020BDE8F081346833
S315080138F0002108FB05441422A76104F1340010F0E5
S31508013900C4FEA0224FF4A073C4E90723072304F1D8
S31508013910100084F83130E773E77111F0A1F804F16A
S31508013920140011F09DF8204617F0E6F840F201134D
S31508013930E3857F23A76284F8323067620135D0E7D1
S315080139403060D1E73C080520074A034611798142D0
S3150801395008D9106838B1482202FB0300406A00F012
S3150801396001007047002070473C08052038B5054618
S315080139700C46FFF7E9FF034638B148220020044BFD
S315080139801B6802FB0533236038BD2120FBE700BF16
S315080139903C0805202DE9F04F0446364A93B01068D5
S315080139A051680FAB03C3906812AA1860E37B02EB58
S315080139B04303626A33F80C5C170548D40127B846F5
S315080139C045F01005A67BC2F30043C6F3C006920371
S315080139D048BF43F0020386F00106B8F1010FD4E9A6
S315080139E0072194F8009094F831A004F1080B0B9183
S315080139F094F93240F6B209D0B8F1020F06D0B8F1FF
S31508013A00040F14BF4FF000084FF00308012F05D02B
S31508013A10022F03D0042F14BF002703274846CDE9F8
S31508013A200C2317F009F90D9BCDE90770CDE903B30E
S31508013A3001232946CDE900A3DDE90B324846CDE944
S31508013A400548029601F054FD13B0BDE8F08FA36A4C
S31508013A5094F82E809E0648BF45F02005580648BFB3
S31508013A6045F04005110494F82F7048BF45F0040548
S31508013A70A8E700BF9037030837B5044648B104786C
S31508013A802046FFF761FF10B9002003B030BD0134AD
S31508013A90E4B2074D2B79A342F6D9204601A9FFF7CF
S31508013AA065FF08B90198F0E70134E4B2F2E700BF0F
S31508013AB03C08052070B5144B05461979186800238A
S31508013AC0994201DC1A201AE0426AD60718D490F8FE
S31508013AD03940640714D4DCB203460C4903F8014B98
S31508013AE0D1F80B6042F00902C0F80160B1F80F6025
S31508013AF0497C9E8099714262FFF74CFF2C7070BD1C
S31508013B0001334830DCE700BF3C0805207C08052066
S31508013B1073B50579C67801A92846FFF727FF00BBC3
S31508013B20019C2846636A23F010036362FFF772FC5F
S31508013B3076B92946A069621C0F4B00F09DF822222E
S31508013B4031460D48A66102B0BDE8704010F09DBD32
S31508013B50204616F0D1FF636A5A0604D523F04003BE
S31508013B60636202B070BD284604F1340102B0BDE8B3
S31508013B70704004F033B900BFA008052037B50446E4
S31508013B800D4617F031FB6988204616F032FE6A7E2B
S31508013B902B7E204643EA0223A4F862306A7F2B7FF4
S31508013BA043EA0223A4F86430EA7EAB7E43EA0223A1
S31508013BB0A4F866301B23A4F86C302D4B5A8B9B8BCB
S31508013BC0A4F86820A4F86A30022384F872301BF03E
S31508013BD0A1F8204619F02FFD94F87330022B15D160
S31508013BE001F0C0FE70B194F87530FF2B0AD105219A
S31508013BF02046A36843F48053A36003B0BDE8304070
S31508013C0017F06DBB0021204616F0F6FD002120466F
S31508013C1000F048FA4FF6FF73288C984225D000F039
S31508013C20F3F9009400F0DCF96A46ADF8040040F2B5
S31508013C30062110481BF062FF002240F202212046AD
S31508013C401BF018FF2046FFF77BFD204619F006FDFD
S31508013C50204601F085FBA368012123F48043204611
S31508013C60A36017F040FB03B030BD0020D9E700BFC1
S31508013C707C08052078080520F7B504460F46164640
S31508013C8068465A79991D1D4600F070F92CB969469E
S31508013C903046FFF753FC0446A0B140F2032384F8EB
S31508013CA07670A4F8723033682946C4F85A30B38856
S31508013CB02046A4F85E30B37984F86030FFF75EFFDA
S31508013CC003B0F0BD032140F2064019F07FFB6B8873
S31508013CD0A0F803300D2343710148F8F74BF8EFE7D5
S31508013CE0758F0208A0F11B03E02B10B5044618D8FE
S31508013CF0042142F2240019F069FB6FF06F03437146
S31508013D004223A0F8034083710748F8F733F819F0FE
S31508013D1060FB407920B119F05CFB407940F4805092
S31508013D2010BD2120FCE700BF9190020807B590F865
S31508013D3070304FF4887101AA03488DF804301BF0DE
S31508013D40DDFE03B05DF804FB78080520F7B5C678F3
S31508013D5005463C2E00F1020404D103B0BDE8F0404B
S31508013D6017F023BA87792FBB234A156A1762D6B18A
S31508013D702146284646F4805617F036FA40F20121C4
S31508013D806A462846EE6085F87270CDE900561BF042
S31508013D90B5FEAB68394643F480632846AB60FFF746
S31508013DA057FC03B0F0BD2146284603B0BDE8F040F4
S31508013DB0FFF7E4BE4FF6FF73408C98420DD000F032
S31508013DC023F950B100F090F823460246FF2100205E
S31508013DD003B0BDE8F040FFF74FBF2346074A223537
S31508013DE0144618685968083303C4AB422246F7D10A
S31508013DF01B882380D5E700BF7C080520A00805207D
S31508013E001FB50446B0F80300FFF7D6FB08B3B4F8AC
S31508013E10053090F87020A0F86C308DF80420ADF8C4
S31508013E200630227AE37940F2091143EA0223ADF812
S31508013E300830A27A637A084843EA0223ADF80A30C1
S31508013E40227BE37A43EA022301AAADF80C301BF080
S31508013E5055FE04B010BD00BF780805201FB50446FD
S31508013E608088FFF7A9FB80B190F870300E218DF894
S31508013E700430D4F806300648CDF80530D4F80A30AF
S31508013E8001AACDF809301BF039FE04B010BD00BFF8
S31508013E907808052013B504468088FFF78DFBD8B14D
S31508013EA090F870306A468DF80030E3784FF4037164
S31508013EB08DF80130A37909488DF80230E3798DF838
S31508013EC00330237A8DF80430637A8DF80530A37AA6
S31508013ED08DF806301BF012FE02B010BD78080520D9
S31508013EE0004870478708052008B5FFF759F9044BBC
S31508013EF01A460733002808BF1A46104608BD00BFF0
S31508013F008008052010B58379044613F0280F21D0BF
S31508013F100268114BC3F80B208288A3F80F20827917
S31508013F2000205A74FFF7A8FD20B9BDE81040032008
S31508013F300DF066B9436A13F4C04FF3D1226843F012
S31508013F400803C0F80120A288A0F80520A2794362D7
S31508013F50C271E7E7212010BD7C0805204379024A92
S31508013F609B09D05C704700BFAC3703080B6810B5D6
S31508013F7003608B88FF2A0446838002D10723A37135
S31508013F8009E0032A08D8054B9B5C072B837102D1EC
S31508013F90FFF7E4FFA07110BD0023F0E7B03703086F
S31508013FA08379024A03F00703D05C7047A4370308F4
S31508013FB010B58B798279094C02F0070203F00703E1
S31508013FC0A25CE35C9A4206D1062210F035FBB0FAF0
S31508013FD080F0400910BD0020FCE700BF9C370308AC
S31508013FE060B11422074B1B68C31AB3FBF2F3007CBA
S31508013FF0DBB240EA032000B280B270474FF0FF30CF
S31508014000FAE700BF547E062010B502461424084973
S315080140100B7A0968FF2B01D1002010BD6343C8182C
S31508014020CB5AC3F30B039342F7D0437CF2E700BFA5
S31508014030547E0620F722014B1A807047A27F06207C
S3150801404010B5044658B30068836CA3421FD1636850
S315080140508364224612491BF01DFD04F10C001BF076
S3150801406039FD04F1440010F0FBFCA06948B1143095
S3150801407010F0F6FCA069183010F0F2FCA06911F0F6
S31508014080A3F82046BDE8104011F09EB81346002B50
S31508014090DFD05A68A242F9D162685A60D9E710BDE1
S315080140A015B5020870B5054648200E4611F08AF87E
S315080140B0044650B1FFF796FB60B11C2011F082F857
S315080140C0A06128B9204611F07FF80024204670BD6A
S315080140D0002303700321284616F08EFBAB6C22469B
S315080140E06360AC6417232681002663811449284638
S315080140F02560267766640CF061FE04F019F83246ED
S31508014100014604F10C000CF059FE02232374FFF753
S3150801411069FB18B90B4B1B78002BD7D00A4B1988AA
S315080141201729D3D9204616F0F9FB0028CED1132139
S31508014130204617F0B4F9636943F002036361C5E7E2
S3150801414015B50208A7790620A27F0620F8B5054607
S3150801415010B34C1C20D0114C2468247E8C421BDDE4
S315080141603F2919DC032701F0030600EBA10191F8A9
S3150801417031407600B74002F0030224EA0704B24050
S31508014180224381F8312013B1002117F041FA28465C
S31508014190BDE8F84017F09BBAF8BD00BF4C080520EA
S315080141A070B5164600221A7032800A7A0D46072A19
S315080141B04DD8DFE802F004090D111A1E304AE868E5
S315080141C030F8023B338043E0EB68981D5B88F9E7DA
S315080141D0EB68981D9B88F5E7697B17F066FA02225A
S315080141E01C4B18801846328032E002231A48338065
S315080141F02EE01A4C2B7BE88923702B88E11C0133AE
S3150801420063702B8801331B12A37000F0A7F90330E2
S31508014210308020461CE0124CA889EB89020AA3705B
S315080142201B0A20706270E37000F00EFA58B1C36879
S315080142301A88022A07D19A782271DB7863710623D4
S315080142400748338004E00423FAE780221A70002025
S3150801425070BD00BFC1790620B4370308AE790620C0
S31508014260A8790620054A064B1860136843F001032E
S315080142701360828B034B1A80704700BF44080520E0
S315080142804C0805208878062010222DE9F04FDFF822
S3150801429058818FB0002105460DEB020010F0F5F9A3
S315080142A0D8F8001011F008040AD04D4B03F110029A
S315080142B053F8041B934245F8041BF9D100242CE05A
S315080142C021461022284610F0E0F902A904A8029412
S315080142D0FEF722F9044600BB0390029903A8FEF7EC
S315080142E07FF90446B0B982463E4BA2B21B68D9880B
S315080142F0914216D8294603A816F07AF90446029877
S3150801430016F022F9002C5AD010220021284610F066
S31508014310BCF902E0029816F017F920460FB0BDE87D
S31508014320F08FD3F800B0A7B24FEA07190BEB0717BE
S315080143303846ADF806A017F0B9FD0646384600F02E
S3150801434053F9002839D0A6F520539BB2032B02D97D
S31508014350B6F5245F23D13BF809303946ADF820304C
S315080143600DF1060200200DF10503ADF82260FFF7F5
S3150801437017FFBDF806600146324609A810F08DF907
S31508014380321D039808A916F02AF90646A8B103A80A
S3150801439016F04EF9029816F0D7F83446BDE706F539
S315080143A05643FF339BB2042B07D83BF80930ADF8C7
S315080143B02260ADF820300026E2E7013494E7084B85
S315080143C005F1100255F8041B954243F8041BF9D16F
S315080143D0D8F8003043F00803C8F800306EE700BF8C
S315080143E0C37906204C08052044080520134B0146CD
S315080143F01B6870B513F0040306D00022104B1C6825
S31508014400E38990B2834209D80E4A14680022E589E5
S3150801441090B2854209D84FF6FF7005E0A56835F8D0
S31508014420125001328D42ECD170BDA66836F8126081
S3150801443001328E42ECD1034498B2F5E744080520CF
S31508014440480805204C080520094B1B685B070AD557
S31508014450084B1A68D389834203D9936833F8100045
S315080144607047C01A80B2044B1B689B68F6E700BF09
S3150801447044080520480805204C08052038B5046875
S3150801448005460C222046084910F0D6F850B90222F2
S31508014490064904F10E0010F0CFF818B902200C34C1
S315080144A02C6038BD1020FCE7B7370308C537030869
S315080144B02DE9F7431028019146D101A8FFF7DEFF40
S315080144C0022806D1019B1888FFF790FF03B0BDE8C3
S315080144D0F0831F4B019F1E6816F0040608D00024BE
S315080144E01C4BD3F80080B8F81660A5B2AE420BD8BB
S315080144F00025194BD3F80080B8F81690ACB24C4594
S3150801450010D34FF6FF70E1E7D8F81000102200EB40
S315080145100410394610F090F801340028E5D145F425
S315080145200040D3E7D8F81000102200EB05103946F1
S3150801453010F082F801350028E0D1A0196FEA404051
S315080145406FEA504080B2C1E70228DAD1BAE700BF64
S3150801455044080520480805204C080520020408B52A
S315080145601DD5124BC0F30E001B685B0713D5104B04
S315080145701A68D38A98420CD2136903EB001000F12A
S31508014580100350F8042B984241F8042BF9D1102056
S3150801459008BDC01A80B2074B1B681B69EDE7FFF718
S315080145A053FF0870000A48700220F1E74408052005
S315080145B0480805204C08052038B50446094B1B68F0
S315080145C01D68A54209D2204621B917F079FC30B1F8
S315080145D0103402E017F07DFC08B1204638BD103CC6
S315080145E0EFE700BF4C080520437ADA0702D5C3F383
S315080145F080007047034BC0881B881840003818BFD5
S3150801460001207047887806200C4B0246186810F07E
S3150801461001000AD03AB10A4B1B68DB88934234BFC2
S31508014620002001207047104670472AB1054B1B88A8
S31508014630934294BF00200120704700BF440805201B
S315080146404C0805208A78062070B50146FFF7DCFF7D
S31508014650E8B10F4B1A68D5888D4209D301F180500C
S3150801466013680138040103EB00101B5B8B420ED063
S31508014670002398B2854201D8002008E016681C017B
S31508014680345B06EB03108C4203F10103F1D170BDD3
S315080146904C0805202DE9F34100250E46A846174F7B
S315080146A001903A68ABB2D18899421DD91468ABB268
S315080146B004EB0314B4F90430002B1CDA2046FFF787
S315080146C093FFC0B1E1680B889E4214D13246019826
S315080146D0023110F0ECFCE36882B21B88934207D0E2
S315080146E0114601A810F0EDFA404602B0BDE8F08186
S315080146F043441FFA83F80135D3E700BF4C08052068
S315080147007FB5114B0E4605460446039320B920464C
S3150801471016F037FF0446A0B1204616F063FF02469D
S3150801472068B93146204617F0A7F8022807D1802331
S31508014730314600932046042303AA17F0EFFB002D08
S31508014740E5D004B070BD00BF0100FFFF2DE9F04FB1
S3150801475097B08346099116F08BFE099883790C3335
S31508014760C45CC51810F00BFA202C0646099F17D809
S31508014770012C05D9C44BA21ED2B2D340DB0713D4F0
S315080147802146062300225846009716F0D8F841F22A
S315080147900614584616F071FE204617B0BDE8F08F8C
S315080147A004F07F03522BEBD1384697F8068010F0B8
S315080147B0E6F9BBF80A2083B29A4214D214F0010230
S315080147C040F08F8004F07F03522B00F08A801E2C64
S315080147D000F08780099B214600935846042316F06A
S315080147E0AEF82124D5E747443A7B013B202A9BB200
S315080147F046D8012AE2D9023A1E2ADFD801A151F880
S3150801480022F000BF9D480108BD470108A1480108DB
S31508014810BD47010897480108BD4701088D480108A9
S31508014820BD4701089D480108BD470108A14801087F
S31508014830BD470108A5480108BD4701088D4801087B
S31508014840BD470108CF480108BD470108BD47010812
S31508014850BD470108D3480108BD470108D7480108E3
S31508014860BD470108BD470108BD470108BD47010805
S31508014870BD470108DB480108BD470108A5480108ED
S31508014880522A24D0D22A99D10D2B05E0062B0DD018
S31508014890142B93D10AE0052B90D907E0022BF8E7F0
S315080148A0042BF6E7032B89D9DF0787D4022C00F0FE
S315080148B00B81DBF800309B68980516D40BF1440090
S315080148C010F0CEF8099BCBF84430002461E7012BA0
S315080148D0E2E7032BE0E7012BDBE7002B7FF46EAF62
S315080148E0E4E709A810F0BCF87BE71E2C00F0368334
S315080148F0584616F077FE0746002840F0828058464B
S3150801490016F06BFE00287CD004F07F03522B00F0D2
S31508014910CC80082C68D1B6B2152E14BF02201020FF
S31508014920691D16F045FE00285ED0DBF8143058469E
S31508014930D9074BBF23F0010343F00103394601218F
S315080149404CBFCBF81430CBF8143016F061FE099839
S315080149500D9015F05FFF0446B0F80180B0F803909A
S315080149600D9810F00CF9152814BF022510250534E9
S3150801497021462846FFF79CFD21460390284616F056
S3150801498017FE0D9A0490B8F1000F00F04F81C84543
S3150801499000F24C810221092015F05DFFBBF80A706F
S315080149A08246023FBFB23E4640464FF0FF35494672
S315080149B0039A17F001F90446002800F0788116F0E9
S315080149C0E3FE002800F0908101222146584616F0A0
S315080149D06CFF03468DF82E00002800F02B810D9AF6
S315080149E0009222460821B0E0DBF8143013F00106E4
S315080149F04CD023F0010300215846CBF8143016F0A9
S31508014A0007FE202C55D8231F1C2B57D801A252F874
S31508014A1023F000BFFF4C0108BD4A0108F74D010804
S31508014A20BD4A01084F490108BD4A0108E14E01087E
S31508014A30BD4A0108FF4E0108BD4A0108154F010884
S31508014A40BD4A0108FF4A0108BD4A01082D4F010860
S31508014A50BD4A0108BD4A0108BD4A0108494F010876
S31508014A60BD4A0108534F0108BD4A0108BD4A01085C
S31508014A70BD4A0108BD4A0108BD4A01085D4F010842
S31508014A80BD4A0108234F01085555515043F001030A
S31508014A9001215846CBF8143016F0BAFD12233246D6
S31508014AA021465846009615F04AFF09A80FF0D8FF87
S31508014AB00BE7522C00F04182D22CF6D0099B00223A
S31508014AC000932146062340E0099DB94C284615F076
S31508014AD0A1FE2188B0F801602A46584615F044FF20
S31508014AE02388BBF80A10B34228BF3346172BB8BF31
S31508014AF017235846ABF80A3016F0A6FCE5E6099FD7
S31508014B00384615F087FE0546B0F80180B0F803A0CF
S31508014B10384610F034F815280CBF20460220691DC6
S31508014B20FFF7C6FC0590B8F1000F0AD0D04508D8A2
S31508014B30B5F80530049317F09BF950B9102300977F
S31508014B4001E00123009742461021584615F0F7FE69
S31508014B50BBE63A460221112015F07DFE44464FF088
S31508014B60FF35BBF80A3006909E1E0393063B9BB29F
S31508014B70B6B2089351462046059A17F01DF88146A4
S31508014B8068B35146049A17F064F80446484616F085
S31508014B90FBFD40B94FF6FF739C4201D00134A4B224
S31508014BA05445E7D91BE04FF000030DAAADF83430A0
S31508014BB049460CAB584616F00DFF039ABDF834303A
S31508014BC0053A9A42089A0790D8BF1346002DADF8C0
S31508014BD0343009DB9D4202D1EB1CB34208DB6A1C67
S31508014BE01CD10A230097AEE7351F9D42A8BF1D4673
S31508014BF0042211A93846ADF84490ADF8464010F0A4
S31508014C0056FA2A463846079910F051FA4FF6FF73B5
S31508014C10043E761B9C42B6B2C0D1E0E73946069BF4
S31508014C2004355D705846FEF7BFFD4EE60123009236
S31508014C304246D7E6049B13B1204616F08EFD204660
S31508014C4016F0BAFDD8B1002D54DC0DA80FF008FFF7
S31508014C50082358468BF81C3050F80C2B40F20251A9
S31508014C6092F870208DF8483000238DF8442011AA57
S31508014C70ADF84640ADF84A301AF040FF25E6ADF8E2
S31508014C8044000DF12E032146584611AA16F0A2FE3C
S31508014C90BDF844300590BB4228BF3B46002DADF810
S31508014CA044300ADB9D4202D16B1CB34209DB6B1C03
S31508014CB020D10D9B00930A23BAE7B51E9D42A8BFD2
S31508014CC01D4602220CA90D98ADF8304010F0EFF9F7
S31508014CD02A4605990D9810F0EAF94FF6FF73023E38
S31508014CE0761B9C42B6B2E2D0601C80B28145BFF405
S31508014CF05EAEDCE702350D998AF8015092E7DDF8D8
S31508014D002490484615F086FDB0F80180B8F1000FE9
S31508014D1047D0B0F803309845049342D84FF6FF7749
S31508014D204A460221052015F096FD4546BA46BBF8C6
S31508014D300A400590023CA4B22946584617F01EF8C7
S31508014D40504506464FD04FF400622946584616F09C
S31508014D50ACFD002842D1304617F0A6F800280CBF52
S31508014D60022310235745039324D0304617F09CF8A5
S31508014D700690384617F098F8069B834206D1039B9E
S31508014D80022B0CBF03231123A34214DB384617F069
S31508014D908BF8059B013019465870584615F0B8FD31
S31508014DA093E50123CDF8009042460421CDE600BFE4
S31508014DB0A27F062037460DF146013046ADF844502C
S31508014DC0FFF7CCFB039B48469A1C11A910F06FF913
S31508014DD0039B023CE41A5545A4B2D7D0049B01357E
S31508014DE0ADB2AB42A8D24FF6FF739F42CED10A238A
S31508014DF0CDF80090D8E7DDF824900024484615F050
S31508014E0009FDB0F80530B0F803A0B0F8016007460F
S31508014E10484603930FF0B3FEC51FADB2102D0C948F
S31508014E205AD82A46F91D0DA80FF037FC002E55D081
S31508014E30564553D84A460121072015F00CFDA046D0
S31508014E40074633460A249A45049307D93946BBF8D7
S31508014E500A0015F0E3FC0328049B04D8B8F1000FF7
S31508014E601CD0394699E7ADF84430039B5846ADF84E
S31508014E7048300DAB139300230BAA009311A90DF12A
S31508014E802E03ADF846A0ADF8505016F00EFF0A28CD
S31508014E900446E3D0BDF82C3030B11E4623463246CF
S31508014EA00621CDF8009050E6ADF83030BDF82E3029
S31508014EB00CAAADF8323039460423BBF80A0015F0BE
S31508014EC0B8FC4FF6FF72BDF82E309342C9D00133B4
S31508014ED04FF001089BB2B6E70424DFE70124DDE7BA
S31508014EE00A23099C8BF81C30204615F093FC2346AF
S31508014EF00022B0F80110584617F0E0F8E5E4099CDD
S31508014F00204615F087FC0C238BF81C30B0F80320DB
S31508014F102346EEE75A460F210E20099B17F026F97C
S31508014F20D3E45A4621212020099BF7E75846099AD6
S31508014F30B5F8011017F0A0FAC7E45846099AB5F86A
S31508014F40011017F0EFFAC0E45846099917F029FB42
S31508014F50BBE45846697817F092FBA6E5584617F060
S31508014F60AEFBA2E57FB5174A0646136842F6052049
S31508014F7023F00803136016F05AFE054650B1684639
S31508014F80FFF782F9002016F0FCFA044620B92946F3
S31508014F90FFF7B6FB04B070BD1022684604F1210183
S31508014FA00FF04AFB38B10121204616F031FB63693F
S31508014FB023F0010363611EB13146204616F00FFF47
S31508014FC02046E0E74408052037B58B790A460C33B5
S31508014FD0CD180191C95C044611F0010329D01D2998
S31508014FE00AD101211E2015F036FC0146204615F08E
S31508014FF08FFC012003B030BD032916D10E4BB5F83D
S3150801500001201B884189934228BF1346172BB8BF35
S315080150101723438116F018FA636940F2094123F010
S3150801502002032046636116F037FA01A80FF018FD4E
S31508015030DFE71846DEE700BFA27F062038B5124B28
S3150801504004461B8842898B4228BF0B46172BB8BFDB
S3150801505017231146438116F0F7F9636923F0020312
S315080150606361A3699D693DB10022294620469A617B
S31508015070BDE83840FEF798BB40F20941204616F0D4
S315080150800BFAA3691D7038BDA27F06200148FEF7F9
S31508015090A3BB00BFB97A01080022024BC3E900226B
S315080150A09A60704754080520014B1860704700BF85
S315080150B05008052013B500F0F9F978B10190837904
S315080150C00C33C418204604F0B7F8034610B120463D
S315080150D001A9984701A80FF0C3FC08E000F0F2F90E
S315080150E0019020B1034B1B68002BF3D0984702B0FF
S315080150F010BD00BF5008052010B50446062142F22E
S31508015100050018F063F92368C0F80330A388A0F8EE
S3150801511007300648F6F72EFE18F05BF9407918B104
S31508015120BDE8104018F01BB910BD00BFE1BD00086D
S3150801513010B5044606214FF6284018F047F92368AA
S31508015140C0F80330A388A0F807300648F6F712FE20
S3150801515018F03FF9407918B1BDE8104018F0FFB8CA
S3150801516010BD00BF21BF000838B505460C4669B910
S31508015170022142F21B0018F029F9B5F86E30A0F8A1
S3150801518003300D48BDE83840F6F7F4BD122142F266
S315080151901A0018F01BF92146B5F86E30053020F8CB
S315080151A0023C04F1100351F8042B994240F8042BF0
S315080151B0F9D10248E6E700BFF38E02082F8F0208ED
S315080151C008B5002142F20E0018F000F9BDE80840C2
S315080151D00148F6F7CFBD00BF6190020838B590F8CF
S315080151E072300446032B154606D1FFF7E9FF012362
S315080151F0002084F8723019E0C9B9012B2DD9032191
S3150801520040F2064018F0E2F8B4F86E304571A0F89D
S3150801521003301348F6F7AEFD18F0DBF88378002B58
S31508015220E5D018F0D6F8807840F4805038BDA3B19F
S3150801523002214FF6044018F0C9F8B4F86E30A0F808
S3150801524003300848F6F796FD18F0C3F84379002BA2
S31508015250CDD018F0BEF84079E6E70220E6E700BFB0
S31508015260758F0208AB8F0208F8B507460E4642F25B
S3150801527013000E2115461C4618F0A8F8B7F86E302B
S31508015280A0F80560A0F80330BDF81830A0F807505B
S31508015290A0F80B30BDF81C30A0F80940A0F80D3075
S315080152A0BDF82030A0F80F300648F6F763FD18F070
S315080152B090F8807820B118F08CF8807840F4805006
S315080152C0F8BD00BFED8F0208F8B507460D4642F254
S315080152D019001C211C46164618F078F8B7F86E30E6
S315080152E00F3020F80C3C2B6804F1100240F80A3CF8
S315080152F06B6820F8026C40F8063C234653F8041BF9
S31508015300934240F8041BF9D10648F6F733FD18F025
S3150801531060F8807820B118F05CF8807840F4805005
S31508015320F8BD00BF9B8E020870B506460D4642F2CF
S315080153307A000421144618F049F8A0F8036045716B
S3150801534084710648F6F716FD18F043F8407918B146
S31508015350BDE8704018F00AB870BD00BF099402088C
S3150801536010B50446022142F2300018F02FF8B4F8BD
S315080153706E30A0F803300B48F6F7FCFC18F029F854
S3150801538043792BB918F025F8017A2046FEF7FAF980
S3150801539018F01FF8407920B118F01BF8407940F44D
S315080153A0805010BD99BF000801480FF078BB00BFB7
S315080153B05808052040F6FF732DE9F3410D46B0F86C
S315080153C06E100192994205D101A80FF049FB02B06E
S315080153D0BDE8F081114614460122002C38D1234834
S315080153E00FF02FFCFFF7E0FF04460028EFD00FF07F
S315080153F0C6FB94F8058087B228F00103637104217E
S315080154002046A6680FF0FCFC0446437918F0010F04
S3150801541014BF43F0010303F0FE0343718179B6F823
S315080154206E200C3103F00103866083F00103625498
S31508015430C2F30322084442EA031242704780224615
S315080154403046294619F068FC2046F6F7A7FCC9E755
S315080154506379A0603AB143F0010323F00203637153
S3150801546000222468B9E703F0FE03F6E75808052089
S31508015470F8B50024094F0546786800B9F8BD836870
S3150801548006689D4207D1F5F759F814B126603046EA
S31508015490F3E77E60FBE70446F9E700BF54080520F9
S315080154A0014601480FF0CDBB5C08052001480FF005
S315080154B0F6BA00BF5C080520014601480FF0C1BBDA
S315080154C054080520034803680BB10FF0E8BA1846DB
S315080154D0704700BF54080520044B1A6822B998681A
S315080154E0003818BF0120704701207047540805206D
S315080154F02DE9F041154606460F4642F236001921B6
S315080155001C46DDF8248017F061FF2B0AC371230AB4
S3150801551083729DF81830857103739DF81C304472A7
S3150801552043739DF820302D0C240CC67087800572B4
S31508015530C4728373D8F80030C0F80F30B8F8043055
S315080155408676A0F813309DF8283043759DF92C30DE
S3150801555083759DF83030C375002303769DF8343082
S3150801556043769DF83830C3760648F6F703FC17F0FC
S3150801557030FF407920B117F02CFF407940F4805074
S31508015580BDE8F081050F010838B505460C464FF60A
S315080155901940052117F01AFFC57044600548F6F74A
S315080155A0E9FB17F016FF407918B1BDE8384017F046
S315080155B017BF38BDDF8D020838B505460C464FF6CC
S315080155C01A40052117F002FFC57044600548F6F731
S315080155D0D1FB17F0FEFE407918B1BDE8384017F047
S315080155E0FFBE38BD0F8E020870B50D46064601216D
S315080155F0DAB1FFF7C9FF0446A8B9072142F2350017
S3150801560017F0E4FEC6702B684360AB88038108482F
S31508015610F6F7B0FB17F0DDFE437923B117F0D9FE93
S31508015620447944F48054204670BDFFF7C5FFE2E78C
S31508015630E18C02080A4610B50421044642F23700F5
S3150801564017F09BFE032303710023C4704371837112
S315080156500548F6F78FFB17F0BCFE407918B1BDE88F
S31508015660104017F0BDBE10BD198D02080A4610B5C7
S315080156700421044642F2380017F07FFE0323037122
S315080156800023C470437183710548F6F773FB17F05D
S31508015690A0FE407918B1BDE8104017F0A1BE10BDB3
S315080156A07D8D0208F8B506460F4642F239000621F5
S315080156B014461D4617F08AFE01238471240A0371D4
S315080156C0C7704671C47105720548F6F753FB17F0A2
S315080156D080FE407918B1BDE8F84017F081BEF8BDE3
S315080156E0E51001080148FFF7DFBC00BFF1560108C4
S315080156F02DE9F04F867987B00C3605900546805B13
S31508015700C0F30B00FDF758FF044618B905A80FF0BA
S31508015710A7F94EE090F87230022BF7D1AB5B059AE8
S31508015720C3F30B0103F44053B3F5805F9060A953AB
S3150801573042D1537923F001035371836B002BE5D0D2
S31508015740042105A804F138060FF094FA30460599A4
S315080157500FF077FAA06B002301465A1CA9BBDBB2EE
S31508015760012B01D90FF0DEFAA06B0FF008FA032816
S315080157701FD9D4F83890484699F806700FF0FFF902
S315080157800C3709EB070539F80770A0F104084745F6
S31508015790D4F8389020D9514F07F1100A57F804BBAD
S315080157A04B46424629462046D847574510D0002839
S315080157B0F4D007B0BDE8F08F38300FF051F9059AEB
S315080157C0537943F001035371BAE713460968C4E7ED
S315080157D00028EED130469AE748460FF0D0F904374B
S315080157E08742F7D36988A1F140033F2B0BD80421DF
S315080157F030460FF03FFA2046A26B698817F070FE13
S315080158000023A363D5E705290BD0062961D004290E
S31508015810E0D130460FF02EFAA16BA06CFDF7EAFF36
S31508015820EEE72946204617F059FE02460028D1D14F
S315080158302B79122B06D0132B36D02046697917F00F
S3150801584025FEC7E794F87330022BF6D040F67A4066
S3150801585029898B1F9BB2834224D86A89931F9BB2DD
S3150801586083421FD891421DD8AB89B3F5FA7F19D265
S3150801587040F6764CEF89A7F10A0080B2604511D847
S31508015880B4F86A000290B4F86800CDE900702046C1
S31508015890FFF7EAFC021E18BF01222046697917F0B4
S315080158A0B1FD97E70122F8E794F87330012B03D18C
S315080158B02046697917F0EAFDA3681A048AD523F404
S315080158C00043A3602B89012B84D12046FEF72EFACB
S315080158D080E72046A16B17F0ACFE91E7C8370308AD
S315080158E010B5044614F008FF30B1003C18BF012476
S315080158F00020024B1C7010BD0E20FCE76008052035
S315080159000C4B01461A7892B95B689B070FD490F83D
S315080159107520FF3A18BF012291F8523013F0400062
S315080159201EBF91F86000C0F3801010407047012235
S31508015930F2E700BF60080520024B586800F0020034
S31508015940704700BF60080520024B586800F0080040
S31508015950704700BF60080520014B1B68184700BF48
S31508015960607E062008B514F0C7FE012809BF034B5F
S315080159700020586800F0100008BD00BF6008052027
S3150801598007B502460529084634BF0846032012F022
S31508015990010101D0032811D0094B5A6002F0800396
S315080159A0019302F04003009302F0200302F004027F
S315080159B000F084F9002003B05DF804FB2120FAE722
S315080159C060080520094B0A4A10B51A60094A5A6047
S315080159D0094A9A6000F0E4F9032104460020FFF71A
S315080159E0CFFF0022054B20461A7010BD607E0620A7
S315080159F0B15C0108095D0108816F0108600805208D
S31508015A00054A08B5431C934203D800F077F90020EC
S31508015A1008BD2120FCE700BF40420F0038B5054606
S31508015A200320F4F7E5FF0446C8B195F87030037012
S31508015A3095F8753043702846FDF774FE2246A07026
S31508015A4040F2026106481AF015F8064B28469B688B
S31508015A5001219847BDE83840FF20FDF759BD38BDFB
S31508015A6078080520607E062070B5054608200E4692
S31508015A70F4F7BEFF044680B195F870300021037033
S31508015A80064B46609B68284698472246BDE8704003
S31508015A9040F20161024819F0EDBF70BD607E062033
S31508015AA07808052038B5054608200C46F4F7A0FF06
S31508015AB0024638B1C0E90054BDE838400D21024814
S31508015AC019F0D8BF38BD00BF7808052038B5054696
S31508015AD008200C46F4F78CFF024650B195F8703051
S31508015AE040F20561037044600248BDE8384019F088
S31508015AF0C1BF38BD780805201FB504460191C2B15A
S31508015B0004210DEB010014F0ADFD58B14FF0FF3340
S31508015B1045F2180203930021204603AB17F0D6FE7F
S31508015B2004B010BD019B0F4AB3FBF2F102FB11331E
S31508015B30019345F21802002101AB204617F0C6FE73
S31508015B400820F4F755FF02460028E9D094F870308A
S31508015B5040F204610370019B4360034819F08AFF10
S31508015B60DEE700BF40420F007808052010B504465D
S31508015B700120F4F73DFF024648B194F8703040F22F
S31508015B8003610370BDE81040014819F073BF10BDE9
S31508015B907808052038B5054608200C46F4F728FF8D
S31508015BA0024650B195F8703040F2076103704460BF
S31508015BB00248BDE8384019F05DBF38BD78080520B0
S31508015BC010B50F4C2368D3B10022D3F8A0001A7779
S31508015BD083F83D2083F85E2014F0B6FC2068442142
S31508015BE0603014F06AFD206821211D3014F065FD2E
S31508015BF020682121BDE810403E3014F05EBD10BD7D
S31508015C006808052070B50C4606461546204620222A
S31508015C1014490EF011FD60B92022284612490EF0EA
S31508015C200BFD30B9114B1B681B7DC3B140F2034014
S31508015C3070BD366C2022204606F151010EF0FCFC9F
S31508015C4038B92022284606F171010EF0F5FC002824
S31508015C50ECD02946204614F0F7FC0028E6D10020AE
S31508015C60E6E700BF9838030878380308680805206E
S31508015C7000F0C003402B07D1094B1B6873B100F034
S31508015C803F0053F820007047802B01D1054BF4E7FC
S31508015C90054A0648C02B18BF104670470248704788
S31508015CA0700805206C0805208D5E0108A1E0020830
S31508015CB0014B1B68187A704768080520003918BF18
S31508015CC00121003B18BF012310B50B4C003A24688B
S31508015CD018BF0122A3749DF808302070003B18BF35
S31508015CE00123E3749DF80C302174003B18BF01238E
S31508015CF06274237510BD00BF68080520014B1B6837
S31508015D00D86070476808052001280AD002280ED0F5
S31508015D1098B90B4B1A68936943F001030020936104
S31508015D207047074B1A68936943F00203F6E7044B79
S31508015D301A68936943F00403F0E72120704700BF0E
S31508015D406808052038B5094D2C685CB9A4200FF000
S31508015D5039FA286040B12246BDE838400449054869
S31508015D600BF02CB8002038BD1A20FCE7680805207E
S31508015D7015D7020874080520024B034A00201A6049
S31508015D80704700BF7008052034380308024B034AE0
S31508015D9000201A60704700BF6C0805200C380308FC
S31508015DA010B50C4CFFF70CFF2068A42114F085FCF4
S31508015DB00322236800201A704FF0FF32DA6010229E
S31508015DC0187783F83D0083F85E00188298741A7272
S31508015DD0986110BD68080520F8B594461A46274B00
S31508015DE006461D6808462B7F022B19D10F4605F179
S31508015DF0600405F1800354F8041B9C4247F8041B10
S31508015E00F9D1604605F1A00354F8041B9C4240F8F9
S31508015E10041BF9D1D5F8A030136046BB0020F8BDA4
S31508015E20AB69DB071FD5164C04F1200354F8041B94
S31508015E309C4240F8041BF9D16546124C04F1200333
S31508015E4054F8041B9C4245F8041BF9D111460E4827
S31508015E50FCF73EFC0028E0D016B1304617F096FE56
S31508015E604FF0FF30DBE76146FCF7E4FBF2E700227F
S31508015E7045F21601304617F019FDCFE768080520E7
S31508015E80F61E0308171F0308B838030845F2060368
S31508015E90994210B504463ED00DD840F203239942E3
S31508015EA01CD045F20203994246D040F20123994299
S31508015EB014D048202EE045F21703994240D045F206
S31508015EC01A0399421ED045F20C039942F1D117F0F3
S31508015ED0C2FC41281DD0052120462EE0194894F818
S31508015EE0701019F09EFD94F873304FF4A041012B00
S31508015EF014BF80204020FFF7BBFE00220346204640
S31508015F009847D6E7C02117F0B6FC07212046FFF7C8
S31508015F10ABFD002010BD93791A44517C41F4905190
S31508015F20FFF7A2FD94F873302046012B14BF802198
S31508015F30402117F0A0FCECE7052117F005FEE8E77C
S31508015F400220E7E774080520B1F5A04F2DE9F041D5
S31508015F500546174600F0E680A1F5A043DC1F042C90
S31508015F6000F2E7809279083B0C321744026C92F8EA
S31508015F705061032B03D8DFE803F03A718CC416F09D
S31508015F80010600F0C2807E1D102231466B480EF0D4
S31508015F9053FB00285CD014F0AFFB03462A6C012B97
S31508015FA092F85E010AD13246032114F094FB0446A5
S31508015FB01021304614F081FB002634E033461022C6
S31508015FC0032114F09BFB95F873300446012BEFD19E
S31508015FD0334605F11802153753F8041BBB4242F83C
S31508015FE0041BF9D1AB6843F48073AB60E0E716F0A4
S31508015FF0010600F08A8014F07FFB012816D0286C70
S3150801600007F1050843460A22022190F85E0114F0B9
S3150801601075FB0446D7F80530AB62D7F80930EB6251
S31508016020B7F80D302B86002C6FD00AE02B6C93F84D
S315080160305E01434B43EA002014F094FA0446002813
S31508016040DDD020460021FFF72DFD284617F09EFDDD
S31508016050284617F09BFD40F2034061E016F0020660
S3150801606053D014F049FB03462A6C012B92F85E01C2
S3150801607007F1050707D13A46062114F02CFB044619
S315080160801021384696E73B461022062114F036FBC6
S31508016090F5E716F0020638D014F02EFB01280FD0CA
S315080160A07979C9B100394FF0060218BF0121286C68
S315080160B0BB1D90F85E0114F021FB02260446B2E7E7
S315080160C02B6C93F85E011F4B43EA002014F04AFA41
S315080160D004460028E4D0B4E70A467B1D13F8010FED
S315080160E00028DFD10132062AF8D195F85210286C1A
S315080160F0C1F3C00181F0010105F14C0301F0010171
S31508016100D7E7C6F38006B600F6B22A6C92F8503184
S3150801611023EA060382F85031284617F06FFD00205E
S31508016120BDE8F08117F003FB00222B6C83F85C2194
S31508016130F2E7BDE8F041FFF7A9BE00BF68380308DA
S315080161400380040006800400F0B5B1F5A04F0546AA
S315080161508DB008D045F21304A14243D00DB0BDE875
S31508016160F040FFF793BE046C08AF102200213846B1
S315080161700EF08BFA94F85D31042B2CD11E4B1B685B
S3150801618093F85E205AB1BC4603F13E024E33664689
S3150801619010685168083203C69A42B446F7D104F525
S315080161A08473069305F15303059305F15A03049382
S315080161B0237928460393637904F1C8020293A379E4
S315080161C004F1F801CDE9007304F1B80317F0B9FE3B
S315080161D000200DB0F0BD013B022B9CBFD4F82C3139
S315080161E00893DCE7016C01F5847117F0BCFA4A21C2
S315080161F0284617F040FBEBE768080520F0B545F29D
S315080162000E06B142044613468DB00BD045F2130370
S3150801621099425FD0B1F5A04F76D117F088FA0020E0
S315080162200DB0F0BD9979026C0C310B44591D02F57C
S315080162308C72153351F8040B994242F8040BF9D1C3
S31508016240256C102205F58C7105F584700EF0F4F9AC
S3150801625020B90B21204617F077FCE0E708AF10229A
S31508016260002138460EF011FA95F85D31042B2AD132
S31508016270284B1B6893F83D205AB1BC4603F11D0211
S315080162802D33664610685168083203C69A42B446E9
S31508016290F7D105F5A073069304F15A03059304F1A2
S315080162A053030493EB7A204603932B7B05F1B8023B
S315080162B002936B7B05F1F801CDE9007305F1C8037B
S315080162C017F03FFEABE7013B022B9CBFD5F82C31FB
S315080162D00893DEE7056C102205F5A07105F58C70AB
S315080162E00EF0AAF90028B4D1D5F858314B219B07ED
S315080162F048BF94F87430204644BF43F0020384F83B
S31508016300743017F0B8FA8AE70DB0BDE8F040FFF728
S31508016310BDBD00BF68080520F7B545F21406B142B0
S31508016320044622D045F21907B94229D0B1F5A04F42
S3150801633030D117F0FCF9206C00F5947300F1C8020E
S31508016340009300F1110100F1B803513019F0F7FC7F
S31508016350024628B1204617F019FC002003B0F0BD0B
S315080163603146204617F0A2FAF7E7036CD3F828213D
S315080163700B4BB2FBF3F103FB1121FFF7A7FBECE78C
S3150801638013781BB90C2117F0DFFBE6E7492117F053
S3150801639072FAE2E703B0BDE8F040FFF777BD00BF48
S315080163A040420F0045F20D03994273B5044625D0C4
S315080163B00DD8B1F5A04F1DD045F20403994200F05E
S315080163C08B80204602B0BDE87040FFF75FBD45F2FD
S315080163D01103994200F0A28045F215039942F0D1C2
S315080163E0016C91F85D31052B06D8DFE803F05743B8
S315080163F04A435C5717F09BF9002010E093790C3358
S315080164001A44561D02F125052A463146FFF7FAFBBD
S3150801641038B120460B2117F097FB40F2034002B032
S3150801642070BD3146236C113351F8042BA94243F848
S31508016430042BF9D1236C01F12002313351F8040BF5
S31508016440914243F8040BF9D1206CD0F8942000F15D
S31508016450D80300F131011130FCF78CF9024618B165
S31508016460204617F093FBC7E745F21501204617F0BA
S315080164701DFAC1E7452117F0FEF92046FFF776FB1D
S31508016480BAE7452117F0F7F92F4B20461B68D9685B
S315080164904B1C5A425A41FFF72FFBADE746212046CE
S315080164A017F0E9F9A8E7284B1B6893F85E205AB15B
S315080164B001F1110201F5A071019100213E3300910C
S315080164C0114617F066FB97E7C831204617F087FD96
S315080164D090B340F20740A2E79179036C0C310A4464
S315080164E0511DA833153251F8040B914243F8040B98
S315080164F0F9D1256C102205F1A80105F198000EF0D5
S315080165009BF820B90421204617F01EFB74E7D5F83D
S31508016510583143F00103C5F858316DE70A4B056C4C
S31508016520196810224E3105F5A0700EF085F800287D
S31508016530E8D105F1C801C8E7216C2046C83117F032
S315080165402EF94721ABE700BF6808052045F2160377
S315080165509942F7B5044600F0A1810CD8B1F5A04FD0
S315080165600FD045F20303994210D0204603B0BDE887
S31508016570F040FFF78BBC45F217039942F5D102208B
S3150801658002E017F0D4F8002003B0F0BD9379056C4A
S315080165900C33D618F379DF070CD4FFF7CDF918B900
S315080165A094F87530FF2B05D00521204617F0CCFA53
S315080165B02120E9E7A54F337A3A68127A9A4202D836
S315080165C0A27C9A4201D90621EFE7D6F80530C5F82B
S315080165D00B30B6F80930A5F80F300223AB7294F9DF
S315080165E0523094F85210002BB2BF0123C1F3C003F5
S315080165F083F00103AB7094F86030C3F3C00383F0F2
S3150801660001036B70337A102B28BF1023A374F37917
S31508016610D8072FD5AB79DA072CD5737A2A7A13409E
S3150801662085F85131B37A6A7A134085F8503195F86D
S315080166305E31FF2B22D0206C90F850319B071DD478
S31508016640C1F3C00181F00101062290F85E0104F14F
S315080166504C0301F0010114F051F878B1204640F2DB
S315080166601B41FFF701FAA3685807A1D5204617F081
S315080166708DFA9DE7002385F85131D6E73B68F07915
S31508016680597C00F0080229B112B1AA79110703D47D
S3150801669003218AE7002A61D0A9790A075ED5D5F8C8
S315080166A0582142F00402C5F85821B5F8502122F4C0
S315080166B0807222F00102A5F8502193F81CC0B27924
S315080166C0BCF1020F03D0002A3AD002216DE7002A55
S315080166D034D193F85E100029F7D0D97C83F83D2090
S315080166E029B1002AF1D093F85E20002AEDD00422C0
S315080166F085F85D211B7C1BB994F87430990701D57F
S31508016700002AC5D094F91330022B03D1D5F8583194
S315080167105B07BDD513F0F0FF012839D194F8750050
S31508016720FF2835D001A9FCF7ABF8002830D1236C36
S3150801673093F85021960727D40A2136E70122CCE798
S315080167400143490715D572791878052A28BF032206
S315080167503F4902EB82020A44125CC9E71A7F012A01
S3150801676002D1B279002AC2D1420704D4AA795007C4
S3150801677001D40022BCE772791878052A28BF0322BA
S31508016780344902EB8202E6E793F851319807D3D5EB
S3150801679094F87500FF2818D0226C0821D2F85831D0
S315080167A043F04003C2F8583113F0BCFF052194F8B1
S315080167B0750013F08AFF032194F8750013F085FF1D
S315080167C0062194F8750013F080FF95F85D31206C69
S315080167D0042B00F5987020D13B6803F11D022D3377
S315080167E052F8041B9A4240F8041BF9D195F85D3119
S315080167F0D5F85811B3B921F002021946C5F858213E
S315080168005207E17428D5216C204601F1940301F160
S3150801681071025131FFF7E0FAB5E6102200210DF0B9
S3150801682034FFE3E741F002024907C5F858210AD5C2
S31508016830A17C0F2907D994F8741041F0080184F84E
S3150801684074100221DCE70121DAE700BF6808052098
S31508016850D8370308F1370308042B3FF694AEDFE86F
S3150801686003F018030B0318002046452117F003F817
S315080168702046FFF77BF986E62046452116F0FBFF01
S315080168803B682046D9684B1C5A425A41FFF734F9EE
S3150801689079E64321204616F0EEFF74E616F0B7FFB7
S315080168A04221F7E7F8B50446FFF72AF8266C0546AC
S315080168B010B394F87530FF2B12D086F85E31FFF7C6
S315080168C03BF818B994F87530FF2B1FD0F5B9A368B2
S315080168D05B0715D50521204617F036F90020F8BDC6
S315080168E02046FCF7A3F886F85E01236C93F85E311F
S315080168F0FF2BE4D10025E2E7FF2386F85E31F9E7AD
S3150801690041F205212046FFF7AFF8E7E70721012005
S3150801691016F01DFF024608B91A21F3E730498079B6
S3150801692009680C3091F800E0131883F801E091F832
S315080169301CC0BCF1010F19D183F802C02E1E18BF65
S3150801694001268F69DE70BF0705D4BCF1010F1CBF94
S3150801695046F00806DE704E7C9EB1DE78360710D406
S31508016960A3685B07B6D441F20321CBE7BCF1020F5A
S3150801697005D191F85E6016B101269E70DEE7002604
S31508016980FBE7BEF1030F07D0096911F0FF1F1EBF10
S31508016990D97841F00401D97094F874108F0708D595
S315080169A0D9784E0705D4BEF1030FDCD041F00401B6
S315080169B0D970002D18BF032510215D7119719D71BC
S315080169C0216C1058C1F803009888A1F807009B7933
S315080169D020464B72062116F039FD01207FE700BFDC
S315080169E068080520F0B545F20E06B142044615467B
S315080169F08DB00ED045F21306B1425BD0B1F5A04F6A
S31508016A0040F0BD8016F093FE236CD3F85831190770
S31508016A1056D5236CD3F8582112070CD4AA7903F555
S31508016A2084730C3215446A1D153552F8041BAA42A3
S31508016A3043F8041BF9D10021256C08AF102238460A
S31508016A4085F85C110DF021FE95F85D31042B2AD1EC
S31508016A504D4B1B6893F83D205AB1BC4603F11D0204
S31508016A602D33664610685168083203C69A42B44601
S31508016A70F7D105F5A073069304F15A03059304F1BA
S31508016A80530304932B7905F1C80203936B79029397
S31508016A90AB79CDE9007305F1B803204605F1F80194
S31508016AA017F04FFA0CE0013B022B9CBFD5F82C31AD
S31508016AB00893DEE7056C95F85C3123B1012B55D0B7
S31508016AC000200DB0F0BD102205F5A07105F5847002
S31508016AD00DF0B2FD20B10B21204617F035F8EFE78E
S31508016AE0D5F8583108AF9B0748BF94F874304FF072
S31508016AF0100244BF43F0020384F8743001230021D5
S31508016B0085F85C3138460DF0C0FD95F85D31042BEA
S31508016B1025D11D4B1B6893F85E205AB1BC4603F17B
S31508016B203E024E33664610685168083203C69A42D9
S31508016B30B446F7D105F58C73069304F1530305930F
S31508016B4004F15A030493EB7A05F1B80203932B7BFC
S31508016B5002936B7BCDE9007305F1C8039DE7013B01
S31508016B60022B9CBFD5F82C310893E3E705F58C7108
S31508016B7016F0F9FD8821204616F07DFEA0E70DB036
S31508016B80BDE8F040FFF782B96808052037B545F238
S31508016B901405A942044633D00CD8B1F5A04F13D039
S31508016BA045F20E0399423AD0204603B0BDE830407B
S31508016BB0FFF76CB945F219039942F5D1137853BB1E
S31508016BC00C2116F0C1FF13E016F0B1FD206C00F59B
S31508016BD0947300F1C802009300F1510100F1B80362
S31508016BE0113019F0ACF8024628B1204616F0CEFF4E
S31508016BF0002003B030BD2946204616F057FEF7E7B8
S31508016C00036CD3F82821114BB2FBF3F103FB1121D5
S31508016C10FEF75CFFECE7872116F02DFEE8E7917990
S31508016C20036C0C310A44511D03F58473153251F86E
S31508016C30040B914243F8040BF9D1226CD2F858316E
S31508016C4043F00803C2F85831D2E700BF40420F00AB
S31508016C5045F2100330B59942044685B000F09E808E
S31508016C600CD8B1F5A04F27D045F20503994227D094
S31508016C70204605B0BDE83040FFF708B945F21103D3
S31508016C80994200F0A88045F212039942F0D1016CAD
S31508016C9091F85D3113B1043B012B03D82046B83175
S31508016CA016F07DFD236C93F85D31042B40F2D980F3
S31508016CB0052B03D186218AE016F039FD002049E02B
S31508016CC09179036C0C310A44511DC833153251F8B8
S31508016CD0040B914243F8040BF9D1216CD1F85831D0
S31508016CE013F004034DD091F85D31042B18D0216CB3
S31508016CF091F85D3101F1C80273BB01F1F803039301
S31508016D0001F59873029304F15A03019304F15303AD
S31508016D10009301F1B8032046D83117F03AF9CDE7C7
S31508016D20514B1B6893F85E2062B101F1110201F51E
S31508016D30A07101910021009111463E33204616F0BB
S31508016D4028FFBBE72046B83117F049F90028CED00D
S31508016D5040F2074005B030BD043B012BCDD901F502
S31508016D60A073019391F85C01D1F82C31C34003F06B
S31508016D70010343F080030093134601F151021131D7
S31508016D80DCE781F85C3101F1C8020093204601F580
S31508016D90A07301F5987117F02FF98FE7056C10228A
S31508016DA005F1980105F5A0700DF046FC20B1042106
S31508016DB0204616F0C9FE81E78821D5F858319B0788
S31508016DC042BF94F8743043F0020384F874302046C5
S31508016DD016F051FD72E7056C95F85D3105F5A07061
S31508016DE0042B20D1204B102219684E310DF024FCBA
S31508016DF00028DCD1204605F1B80117F0F0F8002883
S31508016E00A6D1216C01F1F803039301F59873029356
S31508016E1004F15A03019304F15303009301F1C802E3
S31508016E2001F1B80377E70146102205F198000DF044
S31508016E3003FC0028BBD105F1B801204616F0AFFCCA
S31508016E40216C91F85C310133DBB2142B81F85C318A
S31508016E50D8D0D1F8583123F00103C1F8583184212B
S31508016E60B5E78721B3E700BF6808052070B545F285
S31508016E701505A942044658D00BD8B1F5A04F1CD028
S31508016E8045F20D0399421CD02046BDE87040FEF735
S31508016E90FDBF45F216039942F6D1006CD0F894204D
S31508016EA000F1D80300F131011130FBF763FC02460A
S31508016EB0B0B3204616F06AFE01E016F038FC002051
S31508016EC070BD93790C331A44551D02F125063246D5
S31508016ED02946FEF797FE30B120460B2116F034FEFF
S31508016EE040F20340ECE72946236C113351F8042B91
S31508016EF0B14243F8042BF9D1236C01F12002313355
S31508016F0051F8040B914243F8040BF9D1216C204640
S31508016F1001F1940301F171025131FEF75DFFCEE7EC
S31508016F202946204616F0C2FCC9E716F070FC236C08
S31508016F3093F85D31052BC2D8DFE803F01903111167
S31508016F401E192046822116F096FC0C4B20461B681A
S31508016F50D9684B1C5A425A41FEF7CEFDAFE7204687
S31508016F60822116F088FC2046FEF700FEA7E783215A
S31508016F70204616F080FCA2E78521F9E76808052076
S31508016F801F4B10B51B6804469B6913F0040310D107
S31508016F9041B180F8773090F87010BDE81040194873
S31508016FA018F03FBD90F87330012B03D18368580759
S31508016FB005D410BD022B02D183685907F9D494F977
S31508016FC0772094F87730002AF3DB1BB9012384F87C
S31508016FD07730EEE75A064FF47A725EBF5B00DBB292
S31508016FE084F877305B08534394F8701000220548FB
S31508016FF009F0C2FE94F8773063F07F03E7E700BF34
S31508017000680805207408052045F21E0330B5994223
S315080170100446154689B010D845F21603994213D885
S3150801702045F20103994200F0648145F20C03994245
S3150801703022D0B1F5A04F00F069812A46204609B051
S31508017040BDE83040FEF722BFA1F5A043173B072B49
S31508017050F3D801A252F823F00D7101083B7001081B
S315080170603B7001083B700108AF7201083B700108CB
S3150801707083720108F970010890F97730002B02DB59
S3150801708083685A0707D52046092116F05DFD41F2A6
S31508017090092009B030BDAA792A44994D527C2D6838
S315080170A002F008016D7C2DB121B9032116F04CFDC2
S315080170B02120EEE7550748BF43F0080302F0010215
S315080170C043EA021309B143F0200343F004032246BD
S315080170D0A3608C49204609F071FE0221204613F06F
S315080170E08BFB47F23053002245F21A01204609F07C
S315080170F043FEA36898054CD5A368590749D594F862
S31508017100700009B0BDE8304016F02ABA90F874301C
S31508017110DA0747D590F87530FF2B3CD094F9131050
S3150801712001291DDCA26895060DD5754B10071B684C
S3150801713001D4187C38B1187F10B91878032802D001
S315080171409B699B072ED501290AD06D4B15071B682C
S3150801715001D41A7C22B11A7F22BB1B78032B21D1B9
S31508017160102200210DEB02000DF08FFA13F0C4FA7C
S3150801717001AD01282B462DD0A06AE16A228E03C3F0
S315080171801A802046BDF8042004AB0DF10601FEF76E
S315080171909BF800207DE78368DB0616D4FEF7CCFB57
S315080171A00028BBD0564B1B68197F022928D1DA7CE7
S315080171B032B393F85E301BBBA368580716D5204631
S315080171C016F0C2FC41F2022063E7FEF799FB00289C
S315080171D0E4D0E7E70A22022194F8750013F0C1FA10
S315080171E00028CED1019068602881CAE7204641F27D
S315080171F00221FEF739FC01212046FFF7C1FEE1E72E
S31508017200204616F066FAA56805F0040550B925B1B9
S31508017210204616F0BBFC1A203BE71A212046FEF74A
S3150801722023FCF8E745B1FEF78FFBC8B1204694F871
S315080172307510FEF7AFFCACE722463249204609F045
S31508017240BDFD0221204613F0D7FA47F230532A46EC
S3150801725045F21A01204609F08FFDA3685A07E2D4C0
S31508017260226CD2F8583143F020032046C2F858312F
S31508017270FFF718FB00288CD04121204616F0FBFAAF
S3150801728087E7FEF761FB00286AD0226C002A67D0DF
S31508017290A3685B0764D5D2F85831980660D4297873
S315080172A00029E0D10521204616F04EFC71E790F839
S315080172B07430D90706D4402116F0DDFA294620464E
S315080172C0FEF7D2FBA3685A077FF563AF204645F25E
S315080172D01A0118F0A6FB204622460A4918F0DAFBDD
S315080172E0A368022123F03C032046A360FCF7B0F90A
S315080172F04FE702460349044809F060FD49E700BF24
S3150801730068080520CDD802087808052045F21A0133
S3150801731018F087FBA36823F03E03A360236C6BB1C7
S3150801732093F85E01FF2809D094F87520FF2A03D047
S31508017330D3F858315B0601D5FBF7B6FA2246204643
S31508017340084918F0A7FB22460649074818F0A2FB88
S3150801735020460221FCF77CF9204616F0F9FA18E7CF
S31508017360022096E6CDD802087808052045F21E03C4
S3150801737099422DE9F7430446154611D845F21603F5
S31508017380994214D845F20103994200F03F8345F228
S315080173900203994200F0A480B1F5A04F00F03C83A6
S315080173A02A46204603B0BDE8F043FEF76FBDA1F5B6
S315080173B0A043173B072BF3D801A252F823F000BFCD
S315080173C0E1730108A1730108A1730108A1730108FA
S315080173D0C9790108A1730108B57501087575010810
S315080173E08C4E33681A7F022A11D1DA7C7AB193F866
S315080173F05E3063B941F20221FEF736FB20460121D0
S31508017400FFF7BEFD41F2022003B0BDE8F083A36891
S3150801741013F0040501D00220F6E72046FEF770FABC
S3150801742032680038167818BF0120032E2DD013694B
S3150801743003F0FF13003B18BF01239B0040EA030139
S3150801744094F874300D469B0723D54F0721D4032E94
S315080174501DD141F203212046FEF706FBA368224609
S3150801746043F00403A3606C49204609F0A7FC0221F6
S31508017470204613F0C1F947F23053002245F21A01AA
S31508017480204609F079FC0020BEE72B46D6E741F0F5
S31508017490040593699E0704D4137F012B18BF45F091
S315080174A00805537C0BB12807D3D502210B2016F00A
S315080174B04EF902460028D1D0837903445D7394F8C6
S315080174C07530FF2B03D094F87430D90703D5A36818
S315080174D043F00203A3600621204615F0B7FFBDE776
S315080174E083685A0703D490F97730002B05DB236CA0
S315080174F053B1D3F85831DB0606D52046092116F0D3
S3150801750023FB41F209207FE7204616F0E2F820B96D
S31508017510204616F03BFB212076E7226CD2F858313B
S3150801752043F01003C2F85831AB790C332B44596830
S31508017530C2F803101989A2F807109B7A537201221F
S31508017540236CDA70A26812F0040610D12246324979
S31508017550204609F033FC0221204613F04DF947F283
S315080175603053324645F21A01204609F005FCA36854
S315080175709F0588D5236C002B85D0D3F85831DE06B4
S3150801758081D5FEF7E1F994F8751030B1A36898072B
S3150801759003D42046FEF7FEFA75E70846FBF71AF903
S315080175A040B194F87430D90704D40521204616F061
S315080175B0CBFAB0E7236C002B3FF42DAFD3F8583143
S315080175C0DA067FF528AF9F063FF525AFFEF7BCF92A
S315080175D048B1A3689E0706D42B7823B9052120460E
S315080175E016F0B2FA4FE7A368256C23F00203A360ED
S315080175F0D5F85831074F43F02003C5F858313B6891
S31508017600EA791B7A934202D8A37C934206D90621CA
S31508017610CCE700BF68080520CDD8020894F95210B6
S3150801762094F852300029B2BF0123C3F3C00383F093
S315080176300103102A28BF10226B7094F86030204687
S31508017640C3F3C00383F00103AB70A27495F80680F7
S3150801765008F00D06FEF754F9002800F0928018F09C
S31508017660010F00F08E8094F87530D4F84090FF2B06
S315080176707CD089F85E313B6899691A7F880703D4FB
S31508017680012A01D0310701D406F0F7061978032932
S3150801769000F0E8811B6913F0FF1F01D046F00406CC
S315080176A00721022016F053F8019000285BD090F8C4
S315080176B006E03A680EF10C0E137800EB0E0C8CF806
S315080176C00130137F012B06D0022B5DD192F85E3073
S315080176D0003B18BF01238CF8023010238CF8036095
S315080176E016F0010607BF324631462A7A697A8CF8BE
S315080176F00430236C1DBF02F0030201F003018CF86C
S3150801770005208CF805608CF8061083F8511183F86A
S31508017710502150F80E20C3F80A20BCF80420DA815B
S315080177209CF806201A748EB3206C90F8501111F04B
S3150801773002062BD194F852100622C1F3C00181F03A
S31508017740010190F85E0104F14C0301F0010112F008
S31508017750D5FFD8B13146FEF7A5F9204616F016FA37
S3150801776001A80DF07DF940F203404DE62046FBF7EE
S315080177705DF989F85E01236C93F85E31FF2B7FF47E
S315080177807AAF08F00C0676E70023A4E7019E002EDF
S31508017790E9D0FEF7D1F895F806C018B994F875300E
S315080177A0FF2B0FD01CF0010F04D0236C93F85E3128
S315080177B0FF2B07D10521204616F0C6F93046F2F708
S315080177C0BDFEA8E63B680CF00802597C29B112B146
S315080177D06A7B120703D40321EDE7002A5BD0697B94
S315080177E0080758D5D5F8582142F00402C5F858219A
S315080177F0B5F8502122F4807222F00102A5F8502131
S31508017800187F6A7902280FD092B941EA0C01490713
S315080178104DD52A791978052A28BF0322944801EB00
S31508017820810101448A5C11E022B993F85E1011B90D
S315080178300221C0E70122D97C83F83D2029B1002A1B
S31508017840F6D093F85E20002AF2D0042285F85D214D
S315080178501B7C1BB994F87430980701D5002ABAD055
S3150801786094F91330022B03D1D5F858315907B2D5FB
S3150801787012F042FF01282BD194F87500FF2827D072
S3150801788001A9FAF7FDFF18BB236C93F8502192075B
S3150801789018D40A218FE71A7F012A02D16A79002AA8
S315080178A0D3D11CF0040F04D16A7B520701D40022FC
S315080178B0CCE72A791978052A28BF03226D4801EBF6
S315080178C08101AEE793F851319B0701D40A216DE690
S315080178D094F87500FF2818D0226C0821D2F858317F
S315080178E043F04003C2F8583112F01CFF052194F801
S315080178F0750012F0EAFE032194F8750012F0E5FE10
S31508017900062194F8750012F0E0FE3246062120465B
S3150801791015F09CFD95F85D31206C042B00F59870E7
S315080179201BD13B6803F11D022D3352F8041B9A4201
S3150801793040F8041BF9D195F85D31D5F858118BB982
S3150801794021F002021946C5F858215507E1741CD5DC
S315080179508121204615F08FFF95E5102200210CF0B4
S3150801796094FEE8E741F002024E07C5F858210AD508
S31508017970A17C0F2907D994F8741041F0080184F8FD
S3150801798074100221E1E70121DFE7042B3FF67BAD05
S31508017990DFE803F01803101018002046822115F0BD
S315080179A06AFF3B68D968481C424242412046FEF7B5
S315080179B0A3F868E52046822115F05DFF2046FEF70B
S315080179C0D5F860E58421C4E790F87430D90706D460
S315080179D0802115F050FF29462046FEF745F8A36891
S315080179E05A077FF550AD45F21A01204618F019F8E5
S315080179F022462046204918F04DF8A36823F00403CF
S31508017A00A36002212046FBF723FE3CE502461A49FC
S31508017A101A4809F0D3F936E545F21A0118F001F8C2
S31508017A20A36823F03E03A360236C6BB193F85E0150
S31508017A30FF2809D094F87520FF2A03D0D3F85831C6
S31508017A405B0601D5FAF730FF224620460A4918F0A7
S31508017A5021F822460849094818F01CF8204615F06D
S31508017A6077FFCEE7002A7FF41BAE06F0FB0617E682
S31508017A70D8370308F1370308CDD802087808052056
S31508017A800138C0B20A289ABF014B185C002070471A
S31508017A90D838030810230748282243826423C0E9FB
S31508017AA005234FF6FF738383002340F8043B13F045
S31508017AB0B5BC00BF7C08052030B5044685B008462C
S31508017AC0039117F0ACF8830706D418B103A80CF094
S31508017AD0C7FF012005B030BD03998B7903F10C026C
S31508017AE088188A5C013A202A00F21781DFE812F029
S31508017AF021001501B1001501B4001501BD001501DC
S31508017B00C4001501CC001501D4001501DB001501CF
S31508017B10E9001501F100150115011501F30015011B
S31508017B2001011501030115010C01150115011501C5
S31508017B30E20003790BB103F588534278023A1E2A0B
S31508017B40C4D801A151F822F0C57B0108CD7A0108F4
S31508017B50CF7B0108CD7A0108DB7B0108CD7A0108C4
S31508017B60E77B0108CD7A0108F37B0108CD7A010884
S31508017B70177C0108CD7A0108FF7B0108CD7A010837
S31508017B80237C0108CD7A01082F7C0108CD7A0108EA
S31508017B90CD7A0108CD7A0108397C0108CD7A010828
S31508017BA0497C0108CD7A0108CD7A0108CD7A010808
S31508017BB0CD7A0108CD7A0108CD7A0108CD7A010876
S31508017BC00B7C010817212046FDF738FA7EE70022CB
S31508017BD02046114614F02CFF78E71A460021204664
S31508017BE014F0D0FF72E700222046114615F076F907
S31508017BF06CE700222046114615F020F866E71A467A
S31508017C000021204615F00CF960E71A4600212046A6
S31508017C1015F025F95AE71A460021204615F0E3F82A
S31508017C2054E700222046114615F0A3FA4EE71946F5
S31508017C30204615F005FB49E70093002320461A461E
S31508017C40194615F007FB41E71946204615F054FB7E
S31508017C503CE7B0F80110B6E702338B710A460023F8
S31508017C604178204614F0E4FE33E70133002220462A
S31508017C708B7114F087FF2CE702338B71427800234E
S31508017C80204615F02BF924E701338B710023204692
S31508017C901A4614F0D3FF1CE70133002220468B71E4
S31508017CA015F0A1F815E70133002220468B7115F06E
S31508017CB0B7F80EE70133002220468B7115F0CFF88D
S31508017CC007E702338B7142780023204615F051FAF3
S31508017CD0FFE60021ACE705338B710023B0F80320DA
S31508017CE0B0F8010000930B460146204615F0B2FA9A
S31508017CF0EFE60021A9E703338B710A46B0F80110B4
S31508017D00204615F018FBE4E603338B710A46B0F8F2
S31508017D100110204615F018FBDBE60020DAE600BF65
S31508017D2038B5FCF7DDF80446FCF73AF90546064886
S31508017D3017F035FE0023037143712368C0F8063036
S31508017D40A3880573438138BD2009020538B5044661
S31508017D50FCF726F9054605480CF01DFD20B12368F8
S31508017D604360A3888572038138BD00BFF4380308D0
S31508017D7013B5C37A0093B0F80930D0F80520D0F8C6
S31508017D800110007813F05FF90446034817F007FE5F
S31508017D90848002B010BD00BF20020403FF2337B55B
S31508017DA00DF107008DF80730FBF784FE04460448F9
S31508017DB09DF8075017F0F3FD8480857103B030BD37
S31508017DC02003040110B5007813F0D3F904460248DC
S31508017DD017F0E5FD848010BD2002040A37B54B79FA
S31508017DE005465B070C460CD420461421064A0CF0BE
S31508017DF09FFC01A801940CF0C7FC10B9A3791C4497
S31508017E00257403B030BD00BF0C390308024B1B684B
S31508017E1003B11847704700BFC408052070B5064668
S31508017E2008460C46FCF7BCF8054606480CF0B3FCB8
S31508017E3038B106712268C0F80520A288C572A0F873
S31508017E40092070BD0839030810B5002104460078D9
S31508017E5016F03DFF48B16178207813F0E1F8044641
S31508017E60034817F09CFD848010BD0224F8E700BF83
S31508017E702002560110B54178007813F054F90446EA
S31508017E80024817F08CFD848010BD00BF20025602FF
S31508017E900020024B1870024B18707047D4790620DF
S31508017EA0D3790620F0B50D4691B0831C09AC00F1D3
S31508017EB01A02264618685968083303C69342344697
S31508017EC0F7D11B881C21284633800CF0D3FEBDF858
S31508017ED0264014F00C0433D12E6830460CF04FFEC0
S31508017EE0871EA7420DDA4FF0FF3400239C428DF816
S31508017EF01C301EDB01223146A31C07A80CF09FFD8E
S31508017F0017E0631C0122314605A80CF098FD9DF87F
S31508017F101430012BE9D023460122314607A80CF07B
S31508017F208EFD9DF81C3013B101331C44D9E78DF839
S31508017F301C3009F0D1F8012833D0022838D0A8B36B
S31508017F409DF82F0000F02CFC04469DF8300000F047
S31508017F5027FC07AF9DF828200DF12901064605A83B
S31508017F60FCF704F838469DF836200DF13701FBF782
S31508017F70FDFFFF238DF81330104B1B78DB0704D464
S31508017F800DF1130105A812F023FC9DF913303246B1
S31508017F90CDE900732146029505AB09A800F010F852
S31508017FA004E09DF81C3013F0010FC9D111B0F0BDE2
S31508017FB09DF81C3013F0030FF7E700BFD3790620AD
S31508017FC02DE9F74F4488064614F0100F1D460C9FFD
S31508017FD09DF934A0DDF838B02FD0230728464CBFC9
S31508017FE0082404F00F0417F0FEFE8146384617F000
S31508017FF0FAFE96F90F3080465A4604211348019332
S3150801800076780CF003FC019BA0B104712A68C0F8CC
S315080180100520AA8880F80B90A0F8092080F80CA002
S31508018020437386733B68C0F80F30BB8880F81580A8
S31508018030A0F8133003B0BDE8F08FCDE90DAB0C976E
S3150801804003B0BDE8F04F16F056BE00BF303903083D
S3150801805010461946F8B522F0004340F20A42934207
S315080180600ED8B3F5806F13D96FF480621344092BC8
S315080180700ED8DFE803F0520F1E2F4F4F4F4F0D5208
S3150801808040F20152934233D0A3F20253032B44D94F
S3150801809000200DE00D784C688A6901F10803204833
S315080180A000210CF089FB10B10571C0F805400120CB
S315080180B0F8BD0E784D880C798A6901F108031948CB
S315080180C000210CF079FB0028F1D00671A0F80550C3
S315080180D0C471ECE70D784C884A690B1D12480021DA
S315080180E00CF06AFB0028E2D00571A0F80540DEE72E
S315080180F00F784E880D79CC8801F108020B480021CA
S315080181000CF084FB0028D2D00771A0F80560C57170
S315080181100481CCE7FAF71EFEC9E7FAF797FEC6E728
S31508018120403903083C390308383903083439030848
S31508018130004870475180010810B50078FDF7D0FB5B
S315080181400446024817F02BFC848010BD20020F005C
S3150801815038B5FAF75FFB00240546E0B2854208D830
S31508018160FF20FAF7A1FB0446074817F018FC84809C
S3150801817038BDFAF72FFB28B1204617F032FE204604
S3150801818016F023FE0134E8E720020F0710B54178FF
S315080181900078FDF7F5FB0446024817F000FC8480D9
S315080181A010BD00BF20020F0110B50068FDF728FCBD
S315080181B00446024817F0F3FB848010BD20020F1015
S315080181C010B54178007815F09FF90446024817F072
S315080181D0E6FB848010BD00BF20020F0910B5417867
S315080181E0007815F0A7F90446024817F0D8FB8480F1
S315080181F010BD00BF20020F0E014B186817F0C0BB57
S315080182001C09052030B5124B0D469942144689B012
S315080182101BD1930011D505A906A808F05BFE062314
S3150801822000220393059BE1B20293069B2846CDE9FA
S31508018230003241F0005117F0FEFB06480CF0ABFA8C
S3150801824000B10471012009B030BD0020FBE700BF71
S31508018250C80805206439030822F00042B2F1A04F8C
S3150801826008B504D103480CF096FA012008BD002090
S31508018270FCE700BF6839030810B5047ED4B1102C99
S3150801828028BF102417F051FC621C81B20023062076
S31508018290D2B2F2F7D5FA044650B90749074817F09A
S315080182A0F5FB0748074917F0F1FB0748F2F7A4FA67
S315080182B0204610BD0424E5E7747E0620CC08052077
S315080182C0C8080520847E06206C7E062070B5044603
S315080182D00D461646FFF790FF38B133462A46002168
S315080182E002480CF069FA00B1848070BD6C39030844
S315080182F022F00042B2F5887F2DE9F0471C4600F0CE
S31508018300E2800ED840F203139A423CD040F2091398
S315080183109A4200F0C2800E2A00F0B3800020BDE820
S31508018320F08740F207239A4247D0B2F5037F56D029
S3150801833040F206239A42F1D120684C30FBF730FE11
S3150801834025680746644895F8736095F870A095F80E
S31508018350759095F87680A4880CF01DFA0028DDD072
S31508018360EB6C4360B5F8503087720381731E5E4229
S315080183705E41C67280F80CA080F80D9080F80E80D8
S31508018380A0F80F40CAE72078FBF724F90028C5D0E2
S31508018390524894F800806788A688E588247A0CF004
S315080183A0FAF90028BAD080F80480A0F80570A0F878
S315080183B00760A0F80950C472B0E72078FBF70AF9FC
S315080183C00028ABD060782578FFF75AFB0446444865
S315080183D00CF0E1F90028A1D0057144719EE7A57852
S315080183E0012D1ED0022D2DD0CDB9E37894F8008049
S315080183F0023BDBB2022B8CBF01253A4A94F9047081
S31508018400667998BFD55C94F9064037480CF0C3F9EC
S3150801841028B180F8048045718771C67104720120FC
S315080184207DE7E37894F80080023BDBB2022B98BF24
S315080184302C4A94F90470667998BFD55C94F906407C
S315080184402A48E3E7E3782A48023BDBB2022B94BFCA
S31508018450244A012594F80180277898BFD55C94F9B8
S315080184600490667994F906400CF095F90028D6D05F
S31508018470A0F804808771C57180F8089046728472E5
S31508018480CDE723460822002113F8014B19480CF0C1
S3150801849093F90028C3D00471C1E7174894F80080FE
S315080184A06788A688E58824890CF075F90028B6D06E
S315080184B080F80480A0F80570A0F80760A0F80950B4
S315080184C0A0F80B40ABE70D481C780CF064F90028BE
S315080184D03FF424AF047121E7A8390308A439030836
S315080184E09C3903087039030894390308903903083D
S315080184F0983903088C39030888390308A039030811
S315080185000022084B10B51A609A8002681A6018781A
S3150801851012F0E3FE044618B90349044817F0B6FAFF
S31508018520204610BD8C780620947E06207808052002
S3150801853008B5034B5888FBF7D5FB002008BD00BFDB
S315080185408C78062010B50078FBF744F840B1132162
S3150801855012F0C5FE0446034817F021FA848010BDBF
S315080185602524F8E72002060573B5144606460D4686
S3150801857020461421094A0CF0DBF801A801940CF0F5
S3150801858003F948B9A3790C331C44054BA6711B7929
S31508018590A5800BB116F0BAFB02B070BD8439030889
S315080185A08C78062022F000420D2A73B51C460ED09F
S315080185B06FF4C0631A440B2A12D80B2A10D8DFE8C5
S315080185C002F03B12242C370F46505F84878E042213
S315080185D0002153F8044B44480CF0EEF800B18480AE
S315080185E0002002B070BD2078FAF7F4FF0028F7D012
S315080185F03E48267894F90150A4780CF0CCF8002866
S31508018600EED0067145718471EAE7247838480CF092
S31508018610C2F80028E4D00471E2E725783548646891
S315080186200CF0B9F80028DBD00571C0F80540D7E78A
S31508018630257831486468F3E73048257864680CF092
S31508018640AAF80028CCD00571A0F80540C8E72C483F
S31508018650257864680CF09FF80028C1D0057144712B
S31508018660BEE7637827480D2B96BF274A0125D55CB7
S3150801867024780CF090F80028B2D004714571AFE760
S31508018680637800210D2B98BF1F4A204898BFD55CF7
S315080186906368A27888BF012526780CF08DF808B1A1
S315080186A0067145716378012B9AD88DF80730012236
S315080186B0002116480DF1070324780CF07DF80028EF
S315080186C08ED00123047143718AE7247810489EE706
S315080186D00021636822780F480CF06EF880E70E488F
S315080186E00CF059F87CE700BFEC390308D8390308C0
S315080186F0E0390308E4390308DC390308D4390308E7
S31508018700D0390308CC390308AC390308C83903083A
S31508018710C4390308BC390308C039030873B50646CA
S3150801872018F0C0FD1C4C054663795B070ED420463C
S3150801873014211A4A0BF0FCFF01A801940CF024F845
S3150801874020B1284618F0A9FD02B070BDA3790C33F3
S315080187502344032E08D8DFE806F0020D13191A7907
S31508018760FF2A01D001321A71284602B0BDE87040CD
S3150801877018F093BD5A79FF2AF6D001325A71F3E7F8
S315080187809A79FF2AF0D001329A71EDE7DA79FF2A50
S315080187901CBF0132DA71E7E7D0080520E83903087A
S315080187A0042828BF0020014B185C7047F0390308DC
S315080187B030B585B005460A4901A808F00BF8044604
S315080187C050B901A808F074F8044615B1029B9B79C3
S315080187D02B7001A817F046F8204605B030BD00BF3A
S315080187E0043A03082DE9FF4180460F4601A80C49C2
S315080187F016461D4607F0EEFF70B9029C9DF8283013
S3150801880084F80480C4F80570C4F80960A4F80D500A
S31508018810E37301A817F02AF804B0BDE8F08100BF98
S31508018820FC3903081FB50446054901A807F0D2FF1C
S3150801883020B9029B01A81C7117F018F804B010BDE5
S31508018840F439030830B585B005460C4601A8064932
S3150801885007F0C0FF28B9029B01A81D715C7117F0CA
S3150801886005F805B030BD00BF143A030830B585B028
S3150801887005460C4601A8064907F0ACFF28B9029B34
S3150801888001A81D715C7116F0F1FF05B030BD00BF7E
S315080188900C3A03081FB50446054901A807F09AFFD3
S315080188A020B9029B01A81C7116F0E0FF04B010BDA7
S315080188B01C3A03087FB505460E4601A80C4907F080
S315080188C089FF044680B901A807F0F2FF029B044616
S315080188D025B1D3F806202A605A89AA800EB11B7BD6
S315080188E0337001A816F0BEFF204604B070BD00BF64
S315080188F0243A030830B585B005460C4601A8064951
S3150801890007F068FF28B9029B01A81D715C7116F072
S31508018910ADFF05B030BD00BF543A03081FB5044684
S31508018920054901A807F056FF20B9029B01A81C7149
S3150801893016F09CFF04B010BD4C3A03081FB5044657
S31508018940054901A807F046FF20B9029B01A85C600A
S3150801895016F08CFF04B010BD443A030830B585B053
S3150801896005460C4601A8064907F034FF28B9029BBB
S3150801897001A81D715C7116F079FF05B030BD00BF05
S315080189803C3A030830B585B005460C4601A80649A8
S3150801899007F020FF28B9029B01A81D715C7116F02A
S315080189A065FF05B030BD00BF343A03081FB5054958
S315080189B001A807F00FFF10B901A816F057FF05B077
S315080189C05DF804FB2C3A030808B508F059F808B114
S315080189D0012008BD08F00EFA0020002108F058F819
S315080189E00028F5D10BF041FF0028F1D1014B187889
S315080189F0C0B2EEE7D679062010B5204C88B02060C3
S31508018A00F1F7F4FE1C22002101A824680BF03DFEB3
S31508018A100BF08AFD628BA368ADF81020A28B43F494
S31508018A208063ADF81220226AADF8080005926268E3
S31508018A300393019216F06CF918B1039B43F00403F2
S31508018A400393039B01A843F480320392226892059B
S31508018A5044BF43F4102303930DF0FDFA044650B9BD
S31508018A600A20074A074908F069F9044618B907F0C0
S31508018A7091FFFFF70FF8204608B010BD0C09052035
S31508018A8021ED0208810E030870B58EB008F020FCAE
S31508018A90002302AE31460DF107008DF80E308DF830
S31508018AA00730E7F74BFE002840F09380304615F073
S31508018AB0B3FF002800F08D80302800F08A809DF8E9
S31508018AC00730012B17D172238DF80E30EDF7ECFC28
S31508018AD0CDE90601030C8DF81230BDF81D30ADF84D
S31508018AE01000ADF813309DF81F308DF81530492365
S31508018AF08DF816300AE049238DF80E3096E8030002
S31508018B00ADF81410090C04908DF816109DF80E3066
S31508018B1013F0280F07D1DDE90401ADF80C10090C93
S31508018B2002908DF80E103A4D2B68D868002856D158
S31508018B302B681A690AB9374A126837490A605A69A5
S31508018B400AB9364A126836490A609A7FD1074ED45D
S31508018B5004A816F0FFF80446002845D11C22014650
S31508018B6006A82D680BF091FD0BF0DEFC6A8BAB684D
S31508018B70ADF82420AA8BADF81C00ADF826202A6A88
S31508018B8043F480630A926A680893069216F0C0F85D
S31508018B9018B1089B43F004030893089B06A843F4FD
S31508018BA0803208922A68920544BF43F41023089339
S31508018BB0E7F760FD0446B8B9BDF92A0015F00AFFC2
S31508018BC016F0CDF83046FBF79DF9164808F0B0F8CF
S31508018BD00AE09DF80E3018077FF578AF8EE713F097
S31508018BE014FE04460028A3D020460EB070BDDA7FD5
S31508018BF000234FF0FF3006A9CDE906338DF81A2078
S31508018C0016F06AF90028A3D040F20C44ECE700BF3D
S31508018C100C090520441C0308E8080520401C030824
S31508018C20E4080520998C010837B5154D286816F012
S31508018C30ACFE10BB134B1B780BB100F0BDFA08F064
S31508018C40D9F815F0B6FE07F0DFFE0446286816F0D7
S31508018C5097FE20B92868F1F711FC019048B90BF085
S31508018C6004FE08B9002CECD103B0BDE8304016F07B
S31508018C704EB801A80BF0F4FEECE703B030BD00BF17
S31508018C801C090520D6790620024B1B6803B1184733
S31508018C90704700BFE408052050EA010337B50446CA
S31508018CA00D4604D103B0BDE83040FFF7EDBFB1F181
S31508018CB0FF3F08BFB0F1FF3F13D018F0E1F82218C3
S31508018CC045EB010308490948C1E9002300239D42F0
S31508018CD00CBF21464FF0FF31CDE90033044A18F0A5
S31508018CE006FE03B030BD00BF700B0020EC0805205E
S31508018CF0F58C0108D3B518F0D5FA044618F0C0F872
S31508018D000B46104AD2E90067B04273EB070107D355
S31508018D10FFF7BAFF204602B0BDE8D04018F0BDBA49
S31508018D20D2E900670022311A67EB03039342CDE9C2
S31508018D300022134618BF4FF0FF31034A034818F0C3
S31508018D40D6FDE7E7700B0020F58C0108EC08052035
S31508018D500023044A52E8000F42E800310029F9D1FC
S31508018D60F7F77CB810090520054A52E8003F034386
S31508018D7042E800310029F8D1024B1B68184700BFA9
S31508018D8010090520E808052013B51C68E10705D573
S31508018D9015F006FE1549164816F078FEA20722D5E3
S31508018DA0FCF79AFBC8B9019018F07CFA04461148F9
S31508018DB00BF075FE0190204618F06FFA019890B1F4
S31508018DC043799B070CD401A802210BF053FF0198A4
S31508018DD0FCF772FBFCF76EF9E6E7FCF76BF9DFE7E0
S31508018DE0FCF75EFBF6E7002002B010BDA47E062064
S31508018DF0780805201409052008B5054807F0D6FDA9
S31508018E00044B01211870BDE8084007F0DFBD00BF1B
S31508018E10B47E0620D579062038B5044648B118F03F
S31508018E2041FA0546214608480BF00BFF284618F07B
S31508018E3034FA064B022193F9000007F0C7FDBDE895
S31508018E403840FFF721BF00BF14090520D579062050
S31508018E502DE9F0410A4B0B4F04460E46386819684E
S31508018E601546E9F76DFD40B933462A46386844F494
S31508018E708021BDE8F041E9F785BFBDE8F08100BF73
S31508018E80D07D0620F07D06202DE9F0410A4B0B4FD7
S31508018E9004460E46386819681546E9F751FD40B982
S31508018EA033462A46386844F48021BDE8F041E9F79B
S31508018EB00FBEBDE8F08100BFD07D0620F07D0620FB
S31508018EC038B5084D084B044619682868E9F738FD8E
S31508018ED030B9286844F48021BDE83840E9F796BFDF
S31508018EE038BD00BFF07D0620D07D06202DE9F0476C
S31508018EF0144B0F461968144B06468CB018689046F1
S31508018F00E9F71EFD044680B93B460A223046CDF8EC
S31508018F10008002A909F020FC4FF0000905460DF171
S31508018F20080A4D4505D1002DEED120460CB0BDE805
S31508018F30F08730465AF8041BE9F768FF09F1010979
S31508018F40EFE700BFD07D0620F07D0620F8B50B4B74
S31508018F500B4F06460C4638681968E9F7F1FC0546D1
S31508018F6048B9E24316FA82F2386842F4802246F496
S31508018F708021FFF7BBFF2846F8BD00BFD07D06203C
S31508018F80F07D0620F8B50E46054618B311B3134F02
S31508018F903B680BBB00F03EF90446B0B9F1F722FD78
S31508018FA007F096FC6D6A002D08BF4FF480752846B8
S31508018FB007F0E8FB044640B932462021384607F057
S31508018FC093FC044618B107F0F5FB2046F8BD044B9F
S31508018FD01D60FAE72124F8E72E24F6E71C09052087
S31508018FE018090520014B186816F08BBC1C090520C9
S31508018FF0064B10B5186816F098FC044618B900F027
S3150801900043F911F076FD204610BD00BF1C09052065
S31508019010014610B50446064808F084FF00234FF0C0
S31508019020FF3223604FF0FF33C4E9022310BD00BFAE
S31508019030400905201A4B37B51D6845B9194C2378DF
S31508019040C3B1194817F0A6FE257003B030BDD5E99E
S31508019050024517F015FFA04271EB05020B460BD32B
S315080190600022104B1A700122104B1A70104B186807
S3150801907015F053FE0020E8E7211A65EB03050023E6
S315080190809D4218BF4FF0FF31CDE90033094A064822
S3150801909018F02DFC0028D8D10122024B1A70D4E70A
S315080190A040090520D879062020090520D679062009
S315080190B01C090520B99001080022044B1A700122E7
S315080190C0034B1A70034B186815F027BED87906208A
S315080190D0D67906201C090520264BF7B504461868DB
S315080190E00D4616F052FC30B9284601A917F0FAFECA
S315080190F018B115F038FE03B0F0BDD4E90223B3F177
S31508019100FF3F08BFB2F1FF3F02D02046FFF780FFBD
S3150801911017F0B6FE019B1818174B41F100011D788F
S315080191204DB1164AD2E90032834272EB010602D3E7
S31508019130581C42F10001124AC4E9020113687BB9BD
S3150801914023601460002DD6D1FFF774FF0546002869
S31508019150D1D02046FFF75CFFFFF76CFF2846C8E72A
S31508019160D3E90276B84271EB0606E9D31A461B68BB
S31508019170E5E700BF1C090520D7790620780B0020F2
S315080191804009052008B598B1D0E90223B3F1FF3F9C
S3150801919008BFB2F1FF3F0BD0FFF73AFF054B1B782B
S315080191A033B9FFF747FF18B1BDE8084015F0DBBD35
S315080191B008BD00BFD77906200022F8B5114B124D1C
S315080191C01A7017F05DFE0123104EC5E90001104F14
S315080191D033703C6834B1D4E90212D5E900038842F8
S315080191E0934108D200233370FFF724FF48B1BDE845
S315080191F0F84015F0B8BD2046FFF70AFF636898479F
S31508019200E7E7F8BDD6790620780B0020D77906203E
S3150801921040090520074BDA69D20407D51B6A40F2D3
S31508019220044013F0010F18BF0020704740F20440B4
S31508019230704700BF0080E00F10B503783E2B0AD1B6
S31508019240837843F478530D4A0D49107800229042E9
S3150801925008D800200DE0FF2B0ABF83781B0243F4D0
S315080192607F43F0E731F8024BA34203D1054B53F88C
S31508019270220010BDEDD30132E9E700BFE21B030866
S31508019280201C0308E41B030830B5002485B002A896
S31508019290EDF7F0F801A8BDF80850019408F014F8A4
S315080192A000B101940E48019C0BF075FAB0B1002388
S315080192B04371C371037243728372C3726FF05703AA
S315080192C0837449230B22C374112302710375012286
S315080192D06FF001038271C4600582437505B030BD24
S315080192E05C3A03082DE9F04FB0F800E091469A463A
S315080192F042680EF1804387B0013B884602EB83073B
S315080193001199836890ED036AD0ED046A90ED057AA8
S315080193100293002900F0E3804FEA9E0B03F1100443
S3150801932003EB0B1301933B4602F1100C5F460CEB62
S315080193300B1C0094DFED6B3A0E4614469B460EF065
S315080193400305CDF80CE004920590F8EC017AE7EEF6
S31508019350476AEBEC017AE7EEA76ADFED637A002F3D
S3150801936000F0BA80009A04F1100313ED043A12EDE5
S31508019370044A53ED034A12ED035AE3EE047A53ED18
S31508019380025A52ED022AE4EE857A13ED012A12ED0C
S31508019390017AE5EEA27A10336345E2EE077A02F125
S315080193A01002E2D1019BACF1100155B12A469E4645
S315080193B00846F0EC015ABEEC017A013AE5EE877AE5
S315080193C0F7D1EAEC017AB9EC017A77EE677A109A65
S315080193D076EEA35AE2EC017A26EE275A1092C5EEEA
S315080193E0257A3FB3009A04F1100010ED045A52EDA4
S315080193F0045AE5EE275A52ED034A12ED024A12EDD6
S31508019400017A42ED045A50ED035AE5EEA74A42EDB8
S31508019410034A50ED025AA5EEA74A02ED024A50ED5B
S31508019420015AA5EEA77A1030604502F1100202ED45
S31508019430057ADAD12A464DB1F1EC015A93ED007A53
S31508019440A5EEA77A013AA3EC017AF5D1013EB4EC6F
S31508019450017A0CF1040C7FF478AFDDE903E2119986
S31508019460059802EB81050EF1FF34A608C0ED046AE2
S3150801947080ED057A20D002F110073B46314605F109
S31508019480100252F8100C103243F8100C52F81C0C4A
S31508019490013943F80C0C52F8180C03F1100343F880
S315080194A0180C52F8140C43F8140CEAD1013E05EBDA
S315080194B0061507EB0612103514F0030409D02B68BC
S315080194C0012C136005D06B68022C53601CBFAB6876
S315080194D0936007B0BDE8F08F2146029B65E7154604
S315080194E0C1E700BF000000340000000010B58E4639
S315080194F02DED028B049C826004F1FF3CF444044682
S31508019500A0F800E04FEA8C0200211846B0EE408A26
S315080195100BF0BBF8002284ED038ABDEC028B2261B5
S315080195206261606010BD00BF00B55FEA910E3AD076
S31508019530103003469FED1D7AF44653ED047A53ED38
S31508019540035A13ED026A77EEA57A53ED016A77EEAF
S31508019550867A77EEA67ABCF1010C37EE277A03F103
S315080195601003EAD10EF1FF3E00EB0E1011F00303D2
S315080195700FD0D0ED007A012B37EE277A09D0D0ED3E
S31508019580017A022B37EE277A1CBFD0ED027A37EE25
S31508019590277A07EE901AF8EE677AC7EE276AC2EDC0
S315080195A0006A5DF804FB9FED017ADFE70000000021
S315080195B010B55FEA910E01F0030440D01030DFEDDB
S315080195C0247A0346F44653ED045A13ED036AE5EE8D
S315080195D0A57A53ED026AE6EE067A13ED017AE6EE0E
S315080195E0A67ABCF1010CE7EE077A03F11003EAD17A
S315080195F00EF1FF3E00EB0E107CB190ED007A012CC6
S31508019600E7EE077A09D090ED017A022CE7EE077AA0
S315080196101CBF90ED027AE7EE077A07EE101AB8EE4C
S31508019620477AC7EE876AF5EEC06AF1EE10FA4FF08F
S3150801963000030BDBF1EEE66AC2ED006A10BD14B158
S31508019640DFED037AD9E7DFED036AF3E7136010BDAF
S31508019650000000000000C07F012940F2878030B574
S315080196608E4601F00304890800F0A58000F1100573
S315080196709FED537A2B468C4653ED047A53ED035AE4
S3150801968013ED026A77EEA57A53ED016A77EE867ACB
S3150801969077EEA67ABCF1010C37EE277A03F11003AF
S315080196A0EAD1002C67D001F1FF3C05EB0C13D3ED91
S315080196B0007A012C37EE277A66D01D1DD5ED007A82
S315080196C0022C37EE277A66D0D3ED027A06EE90EAB7
S315080196D037EE277AF8EE664A87EE245A002962D0D1
S315080196E000F1100501F1FF3CDFED357A2B4653ED0C
S315080196F0045A13ED036A75EEC55A53ED026A36EE3E
S31508019700456AE5EEA57A13ED017A76EEC56AE6EEC7
S31508019710067A37EE457AE6EEA67A0139E7EE077A52
S3150801972003F11003E3D105EB0C10B4B190ED007A07
S3150801973037EE457A012CE7EE077A0ED0031D93ED35
S31508019740007A37EE457A022CE7EE077A05D090EDD6
S31508019750027A37EE457AE7EE077AB7EE007A74EEC3
S31508019760C74A87EEA47A82ED007A30BD9FED147A56
S3150801977082ED007A704707EE90EAF8EE674A01F142
S31508019780FF3C87EE245AAFE707EE90EAF8EE674A00
S3150801979087EE245AA8E707EE90EAF8EE674A87EEBD
S315080197A0245A00299CD10346F3EC017A77EEC57A4F
S315080197B067EEA77AC3E705460346B5EC017A7DE766
S315080197C0000000001046044A1368591E033102D8E6
S315080197D00021116018477047C47E0620034B18689C
S315080197E0034B002808BF1846704700BF44090520E7
S315080197F0883A0308014815F01ABC00BF4C09052030
S3150801980013B50B4C0229226005D10A4815F00FFC45
S31508019810002002B010BD0A4600930146064B0548D2
S3150801982015F0E6FB003818BF01204000F1E700BF3C
S31508019830C47E06204C090520C5970108014815F084
S3150801984007BC00BF4C0905200021014815F022BCC0
S315080198504C09052008B5064B1B68013305D0FFF7EF
S31508019860EDFF80F00100C0B208BD0020FCE700BF93
S31508019870C47E06202DE9F843DFF860900646D9F83C
S31508019880008008461746B8F1000F03D00E2420467B
S31508019890BDE8F88306B3336801331DD1E1B100F0A1
S315080198A075F805460028F1D0C9F8000000F0DAF885
S315080198B0284615F0B0FA044640B14046C9F800807A
S315080198C000F0D0F8284615F0A1FAE0E73560002F38
S315080198D0DDD02846B847DAE72124D8E74809052024
S315080198E0024B1868003818BF01207047480905203F
S315080198F038B50C4601F0F0FAA3780B4A13705A1ED4
S3150801990055425541A8420CD0012B04D02846BDE842
S31508019910384001F0C3BA204601F092FA0028F5D082
S3150801992038BD0020FCE700BFD9790620002108B51B
S31508019930024B08465B689847002008BDE07E062072
S3150801994010B5FFF74BFF0D4B0C461A1A53425341FC
S315080199508B4201D1002010BD094B1B683BB9094A4E
S31508019960064B002C08BF1346074A1360F2E715F0A9
S3150801997071FC0028F3D00220EDE700BF603A030826
S3150801998048090520883A030844090520F8B504461C
S3150801999017F07FFC002607460E4B1B6893B19E689D
S315080199A0AEB196F82420D20711D435460FCC0FC58F
S315080199B00FCC0FC523682B6096F8243043F00103BA
S315080199C086F82430384617F05FFC3046F8BD1B6828
S315080199D0E4E700BFD47E0620431E033306D8044BB2
S315080199E0984228BF1846642838BF6420704700BFCC
S315080199F040420F0038B5184B05461B680C4603B1A3
S31508019A00984744B1236833B11B68013303D0E3682F
S31508019A100BB1A36843B915F02DFE0020912241210F
S31508019A2000F014FA212038BD204602F0A3FD0023D8
S31508019A300A4A85F84831C5E93A43136053606369B0
S31508019A4043B1074A42211068B322C31A5842584102
S31508019A5000F0FCF90020E6E79C0B0520C87E0620ED
S31508019A60D80B052010B5044618B9054B054A1360ED
S31508019A7010BD00F041FCD4F8F430002BF6D1F4E720
S31508019A80DFEE0208D87E062008B502460868FFF709
S31508019A90A3FF08604868FFF79FFF48608868FFF7DB
S31508019AA09BFF8860C868FFF797FF0B69C860581C59
S31508019AB003D00B48834228BF03460B614B69581CE8
S31508019AC003D00748834228BF034688694B61FFF7DD
S31508019AD083FFBDE808408861104601F033B900BF2D
S31508019AE040420F00D0F8EC302DE9F04105460C460E
S31508019AF013B1038E8B424ED0D5F8E830002B4DD0EA
S31508019B009E68002E4AD0D868002847D0013800B28E
S31508019B1000281DDB002107E0128A0CF10101A2428F
S31508019B2019D209B2884213DB0B1803EBD3735B1006
S31508019B3003EBC30206EB8202B2F80EE01FFA83FCBE
S31508019B40A6450CF1FF3EE7D90FFA8EF08842EBDA0B
S31508019B502120BDE8F0814FF6FF729445F8D09BB2FB
S31508019B6003EBC30306EB83062846B6F9122095F8DC
S31508019B703C11D5F8FC800AF0F0FC0746B8F1000F55
S31508019B8004D00023324628461946C0472C86C5F814
S31508019B90EC6085F845710020BDE8F0810E20BDE82E
S31508019BA0F08100BF2DE9F04782B004460E46904683
S31508019BB001F098F9002877D15D4D2F68D4F8E8A00F
S31508019BC0D4F8EC901FB1574500F090800027AE609D
S31508019BD001F0BEFE0128064604D0012100220846EE
S31508019BE015F048F9204615F0C4FC002860D12B6809
S31508019BF0DAF80010D9F800201BB11868884200F07D
S31508019C008180204615F0A9FCB7B1B8F1000F13D130
S31508019C10204601F049FC0546D4F89830002B3CD182
S31508019C20012E05D025B1434B002103205B689847D7
S31508019C30284602B0BDE8F0873F4BC5F800A01A7860
S31508019C40C5F804908DF80780002A40D1D4F8FC5055
S31508019C50002D5FD0114620460DF10703A84720467F
S31508019C6001F022FC054617B1B8F1000FD4D0B5FAB8
S31508019C7085F040F205423321400900F0E7F84146F4
S31508019C80204601F077FD2D4B49461B6805462046BF
S31508019C909847D4F89830002BC2D000224FF40073AD
S31508019CA0204600F039FBBBE70023214D6B6084E7B2
S31508019CB094F825309A079AD5D4F8A0305B0596D53D
S31508019CC01F4B0122002120461B6898478FE7D4F8CD
S31508019CD0EC30B4F9481023B1B3F912309942A8BF50
S31508019CE019464246204601F02BFBB8E76F68002F5C
S31508019CF03FF46DAF4F457FF469AFAB68B34215D0FA
S31508019D00012764E7696819B1096891423FF47CAF94
S31508019D10596876E794F82A1094F8453142469942EB
S31508019D2028BF1946204601F0D9FA98E700257FE7AA
S31508019D30C87E0620E07E062098320308D87E0620D3
S31508019D40A00B0520F8B505460E4617F0A2FA3146CE
S31508019D5007462846FFF7C6FE044620B1384617F0DF
S31508019D6093FA2046F8BD01F0D3FD2246314628462E
S31508019D70FFF718FF04460028F0D1284615F0F9FB2D
S31508019D800028EBD095F8253013F002030DD0D5F84D
S31508019D90A0305B050DD5B5F83631B3420BD0B5F811
S31508019DA038319B1BB3FA83F35B09044A82F8D8302E
S31508019DB0D4E72346F9E70123F7E700BF003E00B0E1
S31508019DC070B5044600200D4615F058FC094B1B7862
S31508019DD04BB9D4F8FC6036B129462046B446BDE8ED
S31508019DE070401A46604729462046BDE8704015F07E
S31508019DF0A3BB00BF9832030830B4064DBDF908402D
S31508019E002D781DB1029430BC15F099BB0E2030BCDB
S31508019E10704700BFE2790620024B1860024B1960B1
S31508019E20FEE700BF640B0520DC7E062038B5044D2D
S31508019E30044C054B286021601A60FFF7EDFF38BD19
S31508019E40640B0520DC7E0620680B052010B550B989
S31508019E500548064B0160064802601868054B1860FC
S31508019E601868FFF7E3FF10BDDC7E062048090520C8
S31508019E70680B0520640B0520054B1B680BB91846B2
S31508019E807047834201D01B69F8E70120704700BF7C
S31508019E90700B052018B10A4B1A680AB910467047A3
S31508019EA01A68824207D1026901201A60054A1368B5
S31508019EB0013B1360704702F110031269EDE700BF19
S31508019EC0700B05206C0B05202DE9F74F064617F098
S31508019ED0E9F9DFF82081012398F800B0DFF8189135
S31508019EE00190BBF1000F06D089F8003003B0BDE838
S31508019EF0F04F17F0D2B93D4F88F8003089F800B015
S31508019F0015F002F908B115F0FDF83D6838495DB953
S31508019F10DFF8E8A0DAF800200024AA423B682ED828
S31508019F204FF0FF31324838E06B7D8BB12B68B34275
S31508019F3002D09A1B8A420BD96A6813442B60AB6814
S31508019F40003A18BF0122003B18BF01236A75AB7599
S31508019F502D69DCE7907D20B1107D88429CBF0146C2
S31508019F6014461269002AF5D1002CD9D094E80B00C1
S31508019F70A275411AE268204698470135CAE71A468A
S31508019F80FF21EFE75A7D3AB11A68B24228D0921BEF
S31508019F90824225D8914226D21B69002BF2D15CB1A7
S31508019FA02046FFF777FF38B13B683C602361DAF852
S31508019FB000300133CAF800303B685C7D1CB1186873
S31508019FC000F0DEF8044615F09BF80646002C95D1FC
S31508019FD099F80030002B91D1019888F8004085E75F
S31508019FE01C460021D8E711461C46D5E7700B05200B
S31508019FF0FCFFFFBFDB790620DA7906206C0B05200A
S3150801A00038B5054610B3182200210AF03EFB17F0B1
S3150801A01049F902462846FFF72FFF20B1104617F0E7
S3150801A0203CF9022038BD0A4B1C6854B909491D6020
S3150801A0300B68104601332C610B6017F02EF9204688
S3150801A040F0E719680C6901F11003EEE72120E9E749
S3150801A050700B05206C0B052038B50446FFF70CFF7D
S3150801A06017F020F905462046FFF706FF637D23B959
S3150801A070284617F012F90E2038BD00236375064BE2
S3150801A0801B68A34203D115F03BF8FFF71DFF2846CD
S3150801A09017F003F90020EFE7700B05202DE9F84FBB
S3150801A0A0DDF82890984604460D469246FFF7E4FEE9
S3150801A0B0DDF830B017F0F6F8074615F021F8064630
S3150801A0C02046FFF7D9FE637D23B12046FFF7C4FF7B
S3150801A0D00023A375BAF1010F21D175B9B8F1000FA3
S3150801A0E01FD1B9F1000F03D05A4631462046C84759
S3150801A0F0384617F0D2F8002017E035440C4BAA1B56
S3150801A1009A420ED8012363759DF82C30304684E8AF
S3150801A11020032375C4F80CB0FFF7D6FEE8E7AE4274
S3150801A120ECD1384617F0B9F82120BDE8F88F00BF01
S3150801A130FCFFFFBF2DE9F04107468846FFF79CFE65
S3150801A14017F0B0F83D68064614F0DAFF7B7D7BB15F
S3150801A15085420DD0094B2C1A9C4209D8304617F076
S3150801A1609CF8B8F1010F08BF25462846BDE8F081DD
S3150801A170304617F092F80025F7E700BFFCFFFFBF4E
S3150801A1800023024A194600F09DB900BFCBF0020828
S3150801A190024B0022196815F0F9B900BF9432030879
S3150801A1A0024B0122196815F0F1B900BFB00B052061
S3150801A1B090F82730FF2B0FD0012904D9023901293C
S3150801A1C006D9212070470222044B196815F0DEB919
S3150801A1D0034B03221968F9E7022070478C320308FA
S3150801A1E088320308024B0422196815F0CFB900BF5B
S3150801A1F08432030838B5094B5A68094B9A420AD181
S3150801A20017F047F8054606F0D9F90446284617F027
S3150801A2103BF8204638BD0024FBE700BFE07E062058
S3150801A22087F10208024BD868C0F30360704700BF84
S3150801A230000002B838B54FF0FF35054C206800F02C
S3150801A240B9FE2560034C206800F0C2FE256038BDC2
S3150801A250EC7E0620E87E062010B5054C237823B14E
S3150801A26003F094FD0020207010BD0E20FCE700BF0E
S3150801A270DD79062008B503F057FD0122014B0020C0
S3150801A2801A7008BDDD790620F8B504460F4616464C
S3150801A29016F0FFFF0546A047044620B1284616F0EA
S3150801A2A0F3FF2046F8BD05F063FE04220549D1F8FF
S3150801A2B0EC3E23EA07033343C1F8EC3E024B5A64EA
S3150801A2C0ECE700BF003000B0002002B800F0180328
S3150801A2D0182B0AD003070AD410F0100F40F2011305
S3150801A2E008BF0023034A936770470023FAE701234F
S3150801A2F0F8E700BF003F00B038B10368044A002BF5
S3150801A30008BF1346034A13607047014BFAE700BFBB
S3150801A3108FF10208F07E062010B4D0E9564122409A
S3150801A3200B4052EA030104D003495DF8044B09685E
S3150801A33008475DF8044B7047F07E06200F2938B5AB
S3150801A34005460C460ED801F003FB01280CD1074A35
S3150801A3502846536E23F00F032343536615F00CF971
S3150801A360002038BD2120FCE70220FAE7003F00B0B3
S3150801A37008B50E4B5A6C12F0A00F13D19B6C5B07F4
S3150801A38012D40B4BD3F8EC3E23F07F4323F0FF03A3
S3150801A39053B1FFF747FF6FF4905343FA00F000F00B
S3150801A3A0010008BD0020FCE70120FAE7000002B819
S3150801A3B0003000B0074A084B30B10221C2F86412D6
S3150801A3C00422C3F8642270470421C2F864120222E7
S3150801A3D0F7E700BF006001B8005001B870B50D4637
S3150801A3E0064620B91A4B1B68EBB10E201AE001F09C
S3150801A3F0AFFA012827D1174BD6F8F00093F9004098
S3150801A40015F066F80022C4F11C04241A641BC4F171
S3150801A4102B03002BB8BF5B42232B16DC3AB10D4B3D
S3150801A4201D70002070BD0122C1F11C04EFE786F8FA
S3150801A430285016F02EFF054660B200F087FE284622
S3150801A44016F022FFEDE70220ECE72120EAE700BF3C
S3150801A45048090520DC79062008B514F099FE802202
S3150801A460024B5867024B1A6108BD00BF003F00B096
S3150801A470000002B8014B1868704700BF880B052019
S3150801A48037B516F006FF01230022002400930023A6
S3150801A490054619461046019405F044FB052002F0CD
S3150801A4A0F1FC064B21461C60054B02205B68984768
S3150801A4B0284616F0E9FE204603B030BD900B05206C
S3150801A4C0E07E06202DE9FF4102290C4615469846ED
S3150801A4D0039005D1FFF7D4FF002004B0BDE8F08151
S3150801A4E016F0D7FE1E4E0746336853B1AB4208D065
S3150801A4F00024384616F0C8FE002CEDD12120346020
S3150801A500EBE7184B0022C3F80080356000230125CC
S3150801A5104FF00008104619460195009505F002FB13
S3150801A520114B052083F8008002F0ACFC2246434615
S3150801A530052003A902F0C4FC0C4B039A04461A60D1
S3150801A5400028D5D0DFF82880D8F800309847212888
S3150801A550CFD12946D8F8043002209847C9E700BF69
S3150801A560900B05208C0B0520E0790620880B052029
S3150801A570E07E0620034B5B6E9B045ABF024B18789C
S3150801A5800120704700C001B8E079062090F827300D
S3150801A590023B022B05D84B7CE3B1012B1CD0022BC5
S3150801A5A01CD0D0F860311B0612D5D0F8A4300D2B7B
S3150801A5B003D0A3F10F02022A0AD88A8A1A2A07D9CE
S3150801A5C00F2B08480CD0084A112B18BF10467047A4
S3150801A5D014F059BE05487047054870470148704749
S3150801A5E0704700BF40420F0080841E0020A107006B
S3150801A5F048E801000A78022A11D0101F4242424156
S3150801A60052004B781201022B0BD0191F4B424B41BA
S3150801A6105B000549054842EA8312FFF735BE012268
S3150801A620EFE70123F5E700BFF0FFFF0099B901083D
S3150801A6300B78022B10D0181F434243415B004A781E
S3150801A640022A0BD0111F4A424A4152000F210448DF
S3150801A65043EA8202FFF718BE0123F0E70122F5E774
S3150801A660C5B90108D0F8B03010B5994204460ED0E4
S3150801A670C0F8B01002F094F80649A4F84001012385
S3150801A680054AD1F8FC1004F5827004F0F3F80020AD
S3150801A69010BD00BF004F00B0A43F00B02DE9F74F31
S3150801A6A004468B4615461E46FFF762FE28B3A38A63
S3150801A6B01BB3204614F07CFC78B91EB10E2003B0FA
S3150801A6C0BDE8F08F714BD3F8EC3E03F03002102A47
S3150801A6D0F4D003F0C003402BF0D06D4F04F00CF812
S3150801A6E07B69DB07EAD516F0D4FD0646032002F09E
S3150801A6F0D5FC20B1304616F0C7FD0220DFE77A699E
S3150801A70012F0060AF6D1304616F0BEFD5F4B4FF43D
S3150801A71000612046D3F8EC9ED3F8C48E05F092FD6D
S3150801A72048B14FF4007601215A4F524608467E64D5
S3150801A73014F0A0FB7E6494F825309F0707D5D4F85A
S3150801A740A0305E0542BF4FF40022534B5A64594666
S3150801A7502046FFF7F7FA4D4BC3F8EC9EC3F8C48EB3
S3150801A7600028ACD194F82430980601D4002D4ED097
S3150801A770C5F3400004F0A8FB022315F4807F1FBF30
S3150801A780454A002153644FF03A420BBF414A916151
S3150801A7905364536305F0ECFB4FF4806315F0040F23
S3150801A7A014BF3E4A3E4A3B4E13650423284673644A
S3150801A7B0FFF78CFD204614F08EFD38B14FF48073F7
S3150801A7C015F0010F16BF344A73645364A90647D5B9
S3150801A7D04FF6FF72B4F8423093420FD0314A3249EC
S3150801A7E0526F100CC2F301120132B3FBF2F3088067
S3150801A7F02A4A2B492D481B0448675367003D18BF51
S3150801A800012594F8243065F3451384F8243020464D
S3150801A81014F0AFFEF0B1204614F05DFDD0B14FF44F
S3150801A8200031204605F00EFD431C03229BB201A907
S3150801A8301F4814F016FF9DF804209DF8053002F014
S3150801A8400701052915D112070DD443F48073194A56
S3150801A850C2F8CC30002003B0BDE8F04F14F00EBFAB
S3150801A86001F036F8CAE713F0040F09D19DF806304E
S3150801A870EBE703F03002202A05D113F0010FF4E7C4
S3150801A8804FF48073E3E79DF80630E0E7003000B047
S3150801A89000C001B8002002B8001002B8005001B883
S3150801A8A0006001B8004001B8A47F06200000FFFF40
S3150801A8B00C0000BA003E00B02DE9F0470B460646EB
S3150801A8C0154611B92120BDE8F087002AFAD00329D7
S3150801A8D005D8002201F09CFD03460028F2D01C8809
S3150801A8E09A78B4F5804F02F0070180F0A580A1F1AE
S3150801A8F0070C1879DF88DCF1000343EB0C03052903
S3150801A9002B7394BF0023C2F30013C2F3801C6B732D
S3150801A910930985F810C003F00203C2F3C00C43EA99
S3150801A9200C03C2F34012AA746B74E874D6F8A0300B
S3150801A930AF82DA066BD40639012968D80020B6F841
S3150801A9401280F76908F1FF383C4B0A3C04EA08040F
S3150801A9505B6D3B5DA860802B1CBF323BDBB2AB73E2
S3150801A96096F827300134FF2B04EA08042ED1631D1B
S3150801A97003EA080317F80390013303EA080330468C
S3150801A98017F803A014F069FC80B142F2107349EA82
S3150801A9900A2929F001094FEA09494FEA194903FB2E
S3150801A9A009F96423B0FBF3F0B9FBF0F0A860385D50
S3150801A9B0D6F8F830400100F47E60FF2896BFC04300
S3150801A9C00020C0B213B195F90E109847631CE873BD
S3150801A9D003EA0803F95C013303EA0803FA5C013365
S3150801A9E003EA080341EA0221FA5C013303EA080390
S3150801A9F0F85C41EA0241002341EA00616A7C30467B
S3150801AA0003F0E0FF062328600020AB715BE7002313
S3150801AA10EB730B4BDB691A0A1B0406D4D3B2323B20
S3150801AA20DBB2AB7300232B60EEE762F0FF0352B291
S3150801AA308032F4D18023F4E7022044E7004000B8CD
S3150801AA4000C000B870B504460D46FFF79FFD94F89F
S3150801AA5027400646042C02D16B7C012B0CD9023CFB
S3150801AA60012C8CBF002401243146204603F0D4FF73
S3150801AA70431C03D1022070BD0124F5E7AA882B687F
S3150801AA80AAB9AA689B1A03222B60AA71002EF1D0D3
S3150801AA90B0F5803FEED84FF22441720901FB00223E
S3150801AAA03609B2FBF6F29B1A00202B60E3E700EBAE
S3150801AAB0C200054A04EB4404D2F8A820204402F057
S3150801AAC01F02A3EBC203DEE7003E00B0F8B5074656
S3150801AAD00D4614468BB114F03EFD29463846BE8A0A
S3150801AAE001F0D2F8B44228BF3446A4B22246294618
S3150801AAF0044801F055FA2046F8BD14F015FC06463F
S3150801AB00F0E700BF0C0000BA082310B1024A5364EB
S3150801AB107047024AFBE700BF001002B8002002B8DE
S3150801AB20054A12681AB190F82A1119B91047084648
S3150801AB3002F0BEBE01487047780B052000FEFFFFF4
S3150801AB40314B2DE9F7431C6801F4007900F0010344
S3150801AB50174653EA090206460D462FD04FF000085C
S3150801AB600BB30023002201200021CDF80480CDF883
S3150801AB70008004F0D7FF41462046FFF7D1FF0122A6
S3150801AB8041466086104614F075F9D4F8A01094F879
S3150801AB90270002F0F7FEFFF74DFB94F8243043F047
S3150801ABA0040384F82430B9F1000F07D001212046A7
S3150801ABB014F01BFE25F4007506430D432B46324659
S3150801ABC02046FFF7A9FBFB070FD51049104A08686D
S3150801ABD000211368116001210E4A117003B19847CB
S3150801ABE00D4B002102205B68984717F00E0F08D01D
S3150801ABF04FF4EC723B21002003B0BDE8F043FFF7A8
S3150801AC0025B903B0BDE8F083480905208C0B05205A
S3150801AC10900B0520E0790620E07E062008B558222B
S3150801AC200021064809F031FD1022FF21044809F0E8
S3150801AC302CFD05F011FB002008BD00BFF03E00B059
S3150801AC40343F00B073B5314A3149137809784FF06A
S3150801AC50FF350B4386211370A0F820116F2282213C
S3150801AC60C0F80C21C0E944126422C0E9462240F228
S3150801AC70FF420D2382854FF40042002680F83C31BD
S3150801AC804FF6FF730446A0F84820224A0386026459
S3150801AC9000F154020265204AC3844263C0F8B050E9
S3150801ACA04585856380F8286003F07EFF2046FFF717
S3150801ACB0B5FF0122194B2046C3F8382294F928100A
S3150801ACC0FFF78CFB6023164A41F6FF71D3644FF0F8
S3150801ACD03A4211631167134A2946D3644022124B3B
S3150801ACE020465A64D4F8A02014F0A8FA0E230022AC
S3150801ACF00193009340F202231046194604F012FF0D
S3150801AD0001F0EAFC304602B070BD00BFE2790620C8
S3150801AD10983203080700FFFFFFFF4000005001B803
S3150801AD20004000B8005000B8002002B8044BD3F820
S3150801AD30EC3E13F0806F14BF23200020704700BF3C
S3150801AD40003000B002462DE9F843B0F8404100F55D
S3150801AD508275FFF7EBFF0F68D1F804807E1C08BFE8
S3150801AD60D2F80C718E6808BF0F60B8F1FF3F04BFB7
S3150801AD70D2F81881C1F80480731C48D1D2F814316D
S3150801AD80D1F80CC08B60BCF1FF3F47D1D2F81061F6
S3150801AD90D1F810E0D1F814C0BEF1FF3F08BFD2F8D0
S3150801ADA004E1D1F8189008BFC1F810E0BCF1FF3FE3
S3150801ADB008BFD2F808C1CE6008BFC1F814C0B9F1FE
S3150801ADC0FF3F08BFD2F81C91B9F1000F2DD1C0F190
S3150801ADD064048C6117B16F2F38BF6F27164928464F
S3150801ADE0C2F80C71C2F81061C2F81431C2F81881A0
S3150801ADF0C2F81C41C2F804E1C2F808C107230F4A88
S3150801AE00D1F8FC1003F036FD0020BDE8F88304F103
S3150801AE106F031B1AB34238BF3346B1E704F18606FE
S3150801AE20361A664538BF6646B2E76F34241A4C456A
S3150801AE3038BF4C46CDE700BF004F00B0A43F00B075
S3150801AE4038B5054C054B417800782568236002F032
S3150801AE50C1FE00B1256038BD940B0520D03A030820
S3150801AE6038B516F016FA054600F072FD012805D028
S3150801AE70284616F009FA0224204638BDFFF7D2F90A
S3150801AE800028F1D1044BDC6814F08054ECD1284633
S3150801AE9016F0FAF9F0E700BF000002B80A4B10B540
S3150801AEA01B68044673B1094B48B10121084A1A6067
S3150801AEB0022003F037FC0020064B1C7010BD01462A
S3150801AEC01860F5E70220F9E7940B0520980B052091
S3150801AED0C83A0308E1790620014B1878704700BF84
S3150801AEE0E17906204FF40022034B586C03F5005311
S3150801AEF05A64C0F3C0407047000002B8024B586953
S3150801AF0000F00100704700BF00C001B808B50B4B3F
S3150801AF105A69D20704D518B9BDE8084001F08CBFB3
S3150801AF205B69DB0708D438B101F078FF0323044ACB
S3150801AF301364A2F58052536408BD00BF00C001B86E
S3150801AF4000E0095090F92430002B0CDA4FF08053B9
S3150801AF50064A29B19360A2F58052D3600020704752
S3150801AF60D3609360FAE70E20704700BF006001B80E
S3150801AF704FF0806310B1024A53617047014AFBE7FB
S3150801AF80001002B8002002B8202350B1064AC2F8C0
S3150801AF90F433064B196C11F0010104D1032003F0B7
S3150801AFA0C1BB034AF3E77047001002B800C002B8F4
S3150801AFB0002002B8431C07D06FF0FF02034B104074
S3150801AFC05A62A3F580535862704700BF00E000B883
S3150801AFD0431C06D06FF07E42024BDA63A3F5805319
S3150801AFE0D863704700E000B8024B586E00F00F00B6
S3150801AFF0704700BF003F00B0014B986E704700BF15
S3150801B000003F00B0014B002099667047003F00B031
S3150801B01003282DE9F74F0C4691467DD83F4B1E5C18
S3150801B0203F4B13F800A03F4B13F800B016F031F967
S3150801B030804604F069FF074640B1002300220193C8
S3150801B040009301200023002104F06CFD04F064FF45
S3150801B05048B10023002201930093002000234FF4F6
S3150801B060004104F05FFD002E4ED02F4BDD6C05F03C
S3150801B070080506EB0A002D4B23305844DD64C0B29F
S3150801B08001F030FE5146304604F08AFF5A465146D1
S3150801B090304604F0F1FF264BDD649FB14FF0FF35D2
S3150801B0A0244B1B68D3F8A01093F8270002F06AFC1A
S3150801B0B021490868FFF77EFF0D6020490868FFF7F8
S3150801B0C087FF0D60B9F1000F04D01D4B0021032045
S3150801B0D05B689847D4B14FF400521A4B1D6F03F5BC
S3150801B0E00053C5F340351A67404616F0CDF800F00F
S3150801B0F02FFC01280CD11DB14FF40052124B1A67CF
S3150801B100002003B0BDE8F08F3546B2E72546EBE7E8
S3150801B110002CECD10520F4E72120F2E7E83A0308F0
S3150801B120E43A0308E03A0308004000B8006000B8B2
S3150801B130005000B848090520EC7E0620E87E062066
S3150801B140E07E062000C001B800D001B8034A136AA0
S3150801B15060F3D22313620020704700BF00C000B815
S3150801B160094A136D13F400130BD1D2F84001C00735
S3150801B17007D4D2F8800000F47060003818BF0120A7
S3150801B180704741EA53507047004001B8F8B5144674
S3150801B1900D4601F00B0323EA0201484A2340D16414
S3150801B1A0A2F58052D3646B07064610D50121FFF735
S3150801B1B0D7FF60B104F0DCFE4FF4007314F0040FFE
S3150801B1C014BF3F4A3F4A136504223F4B5A64EF06B0
S3150801B1D006D514F0100F14BF00221B223B4B5A65EB
S3150801B1E0280618D5210611D54FF40012344BDA6416
S3150801B1F016F04FF80E210746032002F047FB40F2EE
S3150801B2000122324B3846DA6216F03EF8214696F8A4
S3150801B210270002F0B7FBEA0503D5E30537D502F0A7
S3150801B2208BFBAF0503D5A00534D502F091FB15F4C8
S3150801B2308C6F18D014F4806231D096F825309907AE
S3150801B2400CD5328EB6F83631934226D0B6F8383157
S3150801B2509A1A534253411E4A82F8D8303046D6F8D4
S3150801B260F010FFF7F9F828050FD504F081FE194A01
S3150801B2702105D2F8EC3E4CBF43F0006323F000638E
S3150801B280C2F8EC3E0422104B5A640020F8BD02F0C5
S3150801B2904DFBC6E702F056FBC9E70123DBE76B0561
S3150801B2A0DCD596F825309F07D8D5094B114683F882
S3150801B2B0D820094B30461B689847CFE7006000B88D
S3150801B2C0005001B8006001B8002002B8004000B87B
S3150801B2D0003E00B0003000B0A00B052070B5054651
S3150801B2E090F83C010C460D2822D0FF2901D12120D6
S3150801B2F070BD1AB14FF0FF320F4B1A6014F0C1F945
S3150801B300064695F83C0101F03DFA844228BF0446F9
S3150801B310E4B2B44238BF3446E0B285F82B0001F0F6
S3150801B32055FB064A0346107820B9FF2BE0D1DEE724
S3150801B3300220DDE70020DBE7F47E062098320308C9
S3150801B3407FB5204B04461B780E46154643B3D0F805
S3150801B350EC3000229BB34FF0FF36029602AEB3F9EA
S3150801B360123000960392EDF759FCB8B902994B1CB5
S3150801B37014D02046C1F3813114F0BAF870B9BDF979
S3150801B3800C30029902460093C1F30D01034620468B
S3150801B390FEF732FD2946204614F07BF904B070BD4C
S3150801B3A002A913F0EFFD32469DF80810204609F070
S3150801B3B0D4F82A4601462046FFF790FFEEE71846DD
S3150801B3C0ECE700BF98320308F8B50D4690F83C1132
S3150801B3D004460D29174603D12E4B1B78002B51D055
S3150801B3E02A462046A4F8485009F0B7F8D4F8EC30B4
S3150801B3F084F82A00002B41D0274A1678D4F8FC2075
S3150801B4004EB1002A40D1B4F94800B3F91210884266
S3150801B41006DC002607E0BABB94F84521824202D22F
S3150801B4200126B3F9125000222946204684F82D70C8
S3150801B430FFF786FF08BB76B1C4F8EC00204613F087
S3150801B44074FD4FF6FF739842014615D02046BDE8B4
S3150801B450F840FEF777BC114B1B7813F0FD0F0BD1A3
S3150801B460204601F09DF90E4901230E4AD1F8FC1038
S3150801B47004F5827003F0FEF90020F8BDFF2384F875
S3150801B4802B30F9E70220F8E7B4F94410B3F9122092
S3150801B4909142BDE798320308E2790620A67F062085
S3150801B4A0004F00B0A43F00B0F0B504468FB000F0DD
S3150801B4B053FCD4F8A8300546012B00D010B1284614
S3150801B4C00FB0F0BD6C49204614F027F9D4F8EC60AA
S3150801B4D00146258EC4F8F0003EB133682BB15B688E
S3150801B4E01BB11A68032A00F2A28015F0D2FED4F81D
S3150801B4F0F030002B63D01A68032A60D99F6A7F0E41
S3150801B50015F0C2FED4F8F010B3898DF80E70B06844
S3150801B5107268EB1A9BB200FB03225848ADF80C304F
S3150801B52003680292994202D02046FEF795FF544DD0
S3150801B530544E00F00DFA0128FBD12B6CDB07F8D429
S3150801B540736CDF01F5D4D4F8F01020460D919DF8FF
S3150801B5500E20029908AB02F007FF002841D100F03E
S3150801B560F7F90128FBD1474A4549536CD801FCD460
S3150801B5700B6CDB07F9D408A901A803F065F80546A1
S3150801B58078BB228E404B5A6494F8243060F3410309
S3150801B59084F8243000F096FC0246D4F8EC104B6986
S3150801B5A01E685868531EDBB2FD2B049605901CD8FD
S3150801B5B0012A36D0204604A900F010FC7FE7324B59
S3150801B5C0DB6BC3F3C20213F0380F03F0070718BF8A
S3150801B5D0574313F4E07FC3F3821291D002FB07F7B6
S3150801B5E08EE7022528460FB0F0BDF71C15D9FF2AAC
S3150801B5F037D001367FF463AFD4F8EC10234B4A6891
S3150801B6009A4217D8D4F85C319B051AD494F8243099
S3150801B61043F0020384F8243051E7FF2A17D00022A9
S3150801B620C8E7C61CC6D901307FF449AFE6E79F6A69
S3150801B6307F0E69E7204600F0F7FB00283FF43FAF8D
S3150801B640E0E720464FF4803114F0CFF837E7C71CFE
S3150801B650B0D90130E3D12A46204604A900F0BEFB41
S3150801B660CAE7C31C05D80122204604A900F0B6FB87
S3150801B670BFE70130BDD1C1E7FC4F00B07C0B052007
S3150801B68000C002B8000002B8008001B800CA9A3B9F
S3150801B690F8B590F84861044666B315F0FAFD1F231C
S3150801B6A0154F013E3B651E40144B05461E65D4F8F1
S3150801B6B04C21A3F580539A67D4F85021DA67D3F859
S3150801B6C04031DB0711D5204613F021FE4FF0FF3339
S3150801B6D018B1C0F120029340DB43C7F84431D4F8CE
S3150801B6E0AC201340054AC2F844312846BDE8F84063
S3150801B6F015F0CABDF8BD00BF006001B8005001B819
S3150801B70010B504234FF03A4101240A4AD1F8180129
S3150801B710C2F81831C2F814314C634FF40051116361
S3150801B720410742BFC2F81431A2F58052C2F8183156
S3150801B73010BD00BF002000BA70B54FF03A434FF470
S3150801B74080640A4DD3F818610020C5F81841C5F878
S3150801B750144104F069FC4FF400532B67730542BF8B
S3150801B760034BC5F81441C3F8184170BD002000BA4F
S3150801B770001000BA2DE9F04104460D4619B990F8B2
S3150801B7802430590658D4464B464A5B6AA18EC3F300
S3150801B790032313704FF6FF739942D4F8F06004D06F
S3150801B7A0414B1B680BB120469847404F3B68B34253
S3150801B7B069D03F4B1B6833B1002E6CD0316801B19B
S3150801B7C0B168204698474FF00708204600F0E8FF81
S3150801B7D0002D4DD0374B93F90030C3F11C0316B138
S3150801B7E096F926209B1A06202D4994F928500A6AAB
S3150801B7F05B1B63F3D2220A622F4BD4F8F0203A601E
S3150801B800986701F07FF9002201202C4B2C4908701A
S3150801B81083F88020204613F0AFFE2A4B5B6C5A0250
S3150801B82003D4D4F8A0301B0603D54FF40012264BD7
S3150801B830DA640020BDE8F0814FF6FF7C65F38613D4
S3150801B840174A80F82430536A184F1649C3F303235D
S3150801B850D0F8F0600B703B68A0F834C0B34215D03D
S3150801B860134B1B68002BA7D100F09AFF4FF007086E
S3150801B870164A4346D2F8FC1004F58270A2F65C72A9
S3150801B88002F0F8FFA6E74FF001089EE700F088FFEF
S3150801B8904FF00108ECE731462046984793E700BF89
S3150801B8A000C000B8DF790620840B05207C0B052033
S3150801B8B0800B0520DC790620006000B8003F00B047
S3150801B8C0DE790620000002B8005001B8004F00B02A
S3150801B8D038B515F0DEFC4FF6FF710A4A13888B421C
S3150801B8E003D115F0D1FC0E2038BD074C074D1B04BA
S3150801B8F06567A4F580546367118015F0C5FC0020BF
S3150801B900F2E700BFA47F0620006001B80000FFFF30
S3150801B91008B50C4BD3F84C21531C11D012F08042B8
S3150801B9200ED1094B1B681BB111460320FFF770FBAB
S3150801B9304FF08062054B1A6501225A6102229A620A
S3150801B94008BD00BF0080E00F48090520001002B8B5
S3150801B9500F4BDB68C3F30363013B0B2B0FD8DFE8FF
S3150801B96003F006060C06060606080A080808022059
S3150801B9707047042070470520704703207047054B20
S3150801B9805B6913F0060F14BF04200120704700BF3E
S3150801B990000002B800C001B8094AD368C3F30363BB
S3150801B9A00B2B08D06FF49050184100F0010080F07D
S3150801B9B0010040007047506C10F48030EDD170479B
S3150801B9C0000002B80C4AD368C3F30363062B07D8F1
S3150801B9D0042BD8B20BD8C31E5842584140007047B1
S3150801B9E0072B06D1D2F868010028ECD1704702204E
S3150801B9F070470020704700BF000002B8084BDA689C
S3150801BA00C2F30362931E012B8CBF0023012303702B
S3150801BA1040F62203D34003F001030B70704700BFC1
S3150801BA20000002B8024B1B6803B11847704700BFF4
S3150801BA30AC0B0520024B1B6803B11847704700BFC2
S3150801BA40A80B052011F0010311D09AB9552391FAD3
S3150801BA50A1F193FAA3F34A081B0F490042EAC372FC
S3150801BA6001F00203C0F8AC2080F82930704722B9EA
S3150801BA70AA23ECE70023024AF4E7014AF2E700BFEA
S3150801BA80B756351213B501910F21164B596701990E
S3150801BA9011F0010F144922D00ABB01244C674FF05B
S3150801BAA0FF31C3F84411D0F8AC400F49C1F84441FD
S3150801BAB04FF07044C3F8484190F829301B07C1F884
S3150801BAC0483152B10422006D0DEB020108F0E5FD83
S3150801BAD04FF03A430222C3F8F42002B010BD022403
S3150801BAE0DCE700BF006001B8005001B813B590F853
S3150801BAF027100446FFF786FA012001F0FFF84FF4F4
S3150801BB00F0620B4BDA644FF40072A3F58053DA64E2
S3150801BB1094F82730023B012B08D80421054B012252
S3150801BB209B6F0DEB0100019300F000FB02B010BD05
S3150801BB30006000B8004001B838B5184B05461C68C6
S3150801BB4044B1E36833B1206801F0E8FDA3681868D9
S3150801BB5001F0E4FD124B134A1B6813602BB1DA6836
S3150801BB601AB19B68186801F0D9FD0F4B1B682BB1F8
S3150801BB70DA681AB19B68186801F0D0FD0B4B1B688F
S3150801BB802BB1DA681AB19B68186801F0C7FD21461E
S3150801BB902846BDE83840002213F0F8BC9432030861
S3150801BBA090320308B00B05208C320308883203084B
S3150801BBB0F8B5D0F84C3104468B420D46164603D1EA
S3150801BBC090F84831202B0ED0324629462046FFF7F9
S3150801BBD039FF202384F848310023C4F84C51C4F8AE
S3150801BBE05031FFF755FD4FF00077074B32465F643A
S3150801BBF029462046FFF746FF8022044B1A6103F5C2
S3150801BC0000535F64F8BD00BF001002B8000002B817
S3150801BC10072330B5144CE363144BB9B144251449D1
S3150801BC2040F040004D6388630121D9634FF4804198
S3150801BC3012B9C4F8081101E0C3F808110A4BC3F890
S3150801BC400C11C3F81011C3F8141130BD4FF480421A
S3150801BC504FF48041C3F80811C3F80C21C3F8102129
S3150801BC60C3F81421F1E700BF006000B8005000B81E
S3150801BC70004000B8034BD3F8F80780F00070C0F312
S3150801BC8040607047000002B810B590F82700FF28F9
S3150801BC9014D02E4BD3F8A02012F0060F01D001289C
S3150801BCA00DD94FF470622A4BDA604FF48072A3F50E
S3150801BCB08053DA600022254BC3F89C2010BD12F090
S3150801BCC004043CD00B7813F0200300D08B7892073C
S3150801BCD018D50B7803F00F03072B32D14B78022BBB
S3150801BCE02FD98B7813F03E0F2BD0CA7812F0040F98
S3150801BCF027D012F0010F14BF0A230423920748BF65
S3150801BD000633CB5CEBB1002C14BF022101210128BB
S3150801BD1040F6FF7003F01F0208BF5200013A40EADD
S3150801BD2002320C4802654FF47060094A0902D06074
S3150801BD30A2F58052D160054AC2F89C30BEE7234677
S3150801BD40C5E70023034A01211365ECE7003E00B06D
S3150801BD50006000B8004000B810B590F82710012916
S3150801BD6003D8174BD3F898300BB1002010BD028EBB
S3150801BD70272A22D8134B14481B68834219D0312429
S3150801BD801248181A434243415B000D48A0F8B240D5
S3150801BD9050246343282404FB01330D491944895C63
S3150801BDA0FA31A0F8B8100B490B449A5C0A4B1A7081
S3150801BDB0DBE76FF003040123E7E70E20D6E700BFB0
S3150801BDC0003E00B0D80B052000F04902005A620275
S3150801BDD02478030834770308057A062010B50B681A
S3150801BDE0104CC4F87832C4F87C32B8B1D0F8EC00FB
S3150801BDF0A0B1406990B1541EE4B2FD2C10D95C1C67
S3150801BE0004BF6FF001030B600360FF2A06D14B687C
S3150801BE105A1C02D16FF001034B604360002010BD2C
S3150801BE20012AF3E7004001B8184AF0B5D2F84832BA
S3150801BE30D0F8E840D2F84C025A1C08BF0023411C2E
S3150801BE4010D0002B08BF034600214FF0240C104ADE
S3150801BE50104FC2F87832C2F87C32E5688D4203D1B8
S3150801BE600020F0BD1846EFE7A2680CFB01225668D0
S3150801BE70BE4209D952693AB116680136566808BFF1
S3150801BE801360013608BF50600131E7E70080E00F13
S3150801BE90004001B800CA9A3BFF2818BFC3434FF0B8
S3150801BEA0180108BF1023064A18BFDB00C2F8FC13A5
S3150801BEB018BF03F00803A2F58052C2F8FC33704795
S3150801BEC0002002B8024BD3F8F807C0F3C040704708
S3150801BED0000002B84FF03A43D3F81421D2031ED515
S3150801BEE04FF480320E49C1F81421A1F58051C1F8E9
S3150801BEF018215A6DD1B2C2F30722C3F8A410C3F8A8
S3150801BF00A4200422C3F8A4200022C3F8A420C3F85D
S3150801BF10A420C3F8A420C3F8A420C3F8A42070471A
S3150801BF20002000BAF0220D4B016D9A64A022A3F5F8
S3150801BF3080539A64C38E4FF03A42B3FA83F30120D1
S3150801BF40C3F11903DBB2C2F8F400C2F8CC304FF4DE
S3150801BF500053C2F8D010C2F8F0307047006000B83C
S3150801BF60F8B54FF03A440D461746064615F091F9CD
S3150801BF70012304226363084BE76026616561C3F800
S3150801BF8014214FF40042054BC3F8842115F07CF9BE
S3150801BF900DB102236363F8BD002000BA00E100E099
S3150801BFA02DE9F84305460124036803F00703063320
S3150801BFB004FA03F0AB68EC68461EA34278D06C68B5
S3150801BFC003EA060707EB040CC41B13440643A24203
S3150801BFD006EA0306634637D9101A3A189CB3631E54
S3150801BFE0062B40F2978041EA0C039F0740F09280A6
S3150801BFF04B1CACEB0303022B40F28C800B4624F05E
S3150801C00003084FEA940901EB0807ACEB010E18681F
S3150801C01043F80E0004339F42F9D144450CEB08005E
S3150801C020A4EB080354D097F800E0012B0CF829E09B
S3150801C0304ED00C44214697F801C0022B80F801C066
S3150801C0401CBFBB7883706B684AB3501E062801F182
S3150801C050010040D91C1A022C3DD941EA0304A40760
S3150801C06039D122F00307A1F1040C4FEA920ED8192F
S3150801C0705CF8044F43F8044B8342F9D1BA42A2EB68
S3150801C080070001EB07040AD011F82E2001281A70BF
S3150801C09005D0627802285A7001D0A2789A7015F0F4
S3150801C0A0F8F80223AE60AB62BDE8F84315F0ECB8C8
S3150801C0B0042A1BD90B78043AAB614B780431AB617E
S3150801C0C011F8023CAB6111F8013CAB61AB6876E74C
S3150801C0D00C442146B7E71144013B00E0013010F852
S3150801C0E0012C884203F8012FF8D1D8E7013A032A2F
S3150801C0F00ED8DFE802F00B08050211F8013BAB6127
S3150801C10011F8013BAB6111F8013BAB610B78AB61EF
S3150801C110BDE8F8830C44ACEB010E01EB0E0311F8F4
S3150801C120010B8C421870F8D121468CE738B50B46BD
S3150801C130154601464FF03A4468B101221048C4F841
S3150801C140F4201A46FFF72CFF25B14FF03A43042293
S3150801C150C3F8F42038BD73B1D4F8D8209A4284BF05
S3150801C1600122C4F8F4204FF03A42C2F8D43002232F
S3150801C170C2F8F430E8E70123C4F8F430E4E700BF75
S3150801C180CC0000BA38B5044615F083F84FF03A42A8
S3150801C1900121A38F054651674BB3B3FA83F3C3F164
S3150801C1A01903DBB2A069C2F8B410C2F88C300723B0
S3150801C1B0C2F89000C2F8B0304FF4A02302F500523D
S3150801C1C0C2F81431A2F58052C2F8183100220D4B7B
S3150801C1D01A600D4B5B6C5B0209D54FF480020B4B61
S3150801C1E05A64D4F8A01094F8270001F0CBFB002379
S3150801C1F0E38707232846A4F84030BDE8384015F000
S3150801C20043B800BFB40B0520000002B8002002B8ED
S3150801C2102DE9F84305460C46C1B1D0F81880878F39
S3150801C22015F037F8B5F83EC0791EDFF80C9101EA2A
S3150801C2300C0323F00702032C0646D9F800E0424412
S3150801C2405FD1BEF1000F04D115F01EF80E20BDE82E
S3150801C250F8832EF001042EF0010EA64556D10023CF
S3150801C260C9F80030238894426FEA43436FEA53437F
S3150801C270238041D1B5F8403008EB0709184608383C
S3150801C28080B202F108044C4528BF4446082804D95F
S3150801C290B4F800E0BEF5804F43D263440F431B1A3E
S3150801C2A03B409BB2EB87A5F84000947811884FF084
S3150801C2B03A42C1F30C019165C2F89830C2F8B00050
S3150801C2C04FF48022184B04F00704C3F814214FF4E5
S3150801C2D00042164BC3F88421FFF7FCFD042C0BD151
S3150801C2E04FF48002124B5B6C124B5A64D5F8A010BE
S3150801C2F095F8270001F046FB304614F0C5FF0020EB
S3150801C300A5E7601E012898BF1446A4E7B5F84000C2
S3150801C3104344E31A48BFDB1908389842A2DC304681
S3150801C32092E72246ABE700BF002000BA00E100E031
S3150801C330000002B8002002B8B40B0520164B10B550
S3150801C3401968B1F84020CB8F888F13440138073B11
S3150801C3508C69034023F007031C4402F108034FF0DC
S3150801C3603A429BB2A1F84030C2F8B0304FF480226D
S3150801C3700A4BC3F814214FF40042094BC3F8842130
S3150801C380A07800F00700042803D1064AD3681B03E6
S3150801C390FCD4054B1C6010BD48090520002000BAD5
S3150801C3A000E100E0000002B8B40B052010B5064C08
S3150801C3B0216839B1CB0703D4044B1868FFF728FF66
S3150801C3C00023236010BD00BFB40B052048090520D2
S3150801C3D04FF480320C4B0D49C3F818214FF03A43FC
S3150801C3E0C1F81421D3F8AC10D3F88C20012302F03C
S3150801C3F0070206329340C1F30C01083B994201D862
S3150801C400FFF768BD704700BF002000BA001000BAE8
S3150801C4102DE9F04106460C46878F1546D0F8188057
S3150801C42014F037FFF28F07F1FF3E02EA0E0323F0FD
S3150801C4300701032CB6F840C0414419D14A4C246877
S3150801C4409CB96244073A02EA0E0222F0070208EB97
S3150801C45002044344E31A48BFDB19634510DB14F0B1
S3150801C46013FF00242046BDE8F08124F00104F0E71B
S3150801C470012C03D0022CECD1ACF1080C0C46E8E7F0
S3150801C480002D37D08C4238D14FF03A42926D4FF099
S3150801C4903A4CDCF8AC70718AC7F30C079F423FDD52
S3150801C4A02388B3F5804FDAD2A77801F1FF3C07F06C
S3150801C4B00707C3F30C039B1A41EA0C0E052F2F70CD
S3150801C4C003EA0E0324D81BB223EAE3776F80E778E1
S3150801C4D02F74F66902EA0C02B718AF609FB212FA16
S3150801C4E083F38B4291BF00238B1AAB80EE609CBF0E
S3150801C4F0AF80EB6014F0C8FEB4E7A4F108029045DA
S3150801C50084BFFF0802EBC7021288C2F30C02BEE71A
S3150801C510164F7F6D002F14BF0A270027DB1BD2E7B2
S3150801C520DCF8543001F1FF3CA3EB020E41EA0C039F
S3150801C5300EEA030EDFF838800FFA8EF3002BD8F8CF
S3150801C5400C700FDC07F07067B7F1407F14BF002746
S3150801C5500127FF002F70D8F84C70A5F802E03F0AB2
S3150801C5602F74B6E70827F5E7B40B0520004000B895
S3150801C570000002B8054BA822D3F84C013121431C0F
S3150801C5800CBF0120C0F38070FDF760BC0080E00F8E
S3150801C59010B50F4B1C78ACB90E4BD3F8F8375B03C3
S3150801C5A009D490B10F23441EB4FBF3F410300444AC
S3150801C5B0E4B2204610BD40F648023F212046FDF769
S3150801C5C045FCF6E70001C4B2F3E71024F1E700BF22
S3150801C5D0A67F0620000002B8014B5880002070474C
S3150801C5E0A67F062038B5264D0446297819B9202292
S3150801C5F0244808F04AF84FF2F0012378224A1370CA
S3150801C600224AC2F8C811224A1BBB2249D1F8F81797
S3150801C61009031ED4FF2313704FF040731B4AC2F857
S3150801C62034311C4BD3F8F83713F480230BD14FF46C
S3150801C6307F01C2F830111849C1F8303148F2C801F2
S3150801C640164BC3F8F4100723C2F8FC330122124B28
S3150801C6500FE000201249022BC1F8DC004FF0FF0160
S3150801C6601170D9D10722094BC3F8FC230422A3F57B
S3150801C6708053C3F8FC23012300202B7038BD00BF6B
S3150801C680E3790620E03F00B0A67F0620002002B825
S3150801C690CC7F0620000002B8001002B8003F00B0A7
S3150801C6A0004001B810B5044600F03EFF094BD3F827
S3150801C6B0F80734B900F44020B0F5402018BF01202E
S3150801C6C010BD022C0ABF80F400300020C0F34040A0
S3150801C6D0F6E700BF000002B82049D1F8FC37FF2B66
S3150801C6E031D01F48C3F303120270D1F8F81703F0CB
S3150801C6F00F0309035BBFC2EB02120F3B02F1FF32C4
S3150801C700D2184ABF03EB0213D3B2DBB2154A164954
S3150801C71013700978154B1A68E9B1B2F1A06F1AD3EB
S3150801C720D3F85012124A134BB1F1FF3F18BF134603
S3150801C730114A136041F66A02104B1B68B3FBF2F308
S3150801C7400F4A13607047D1F8F83713F4002F0CBF5E
S3150801C750B4235A23DAE7074BEAE700BF000002B819
S3150801C760CD7F0620E5790620CB7F06200080E00FE5
S3150801C7705082E00FEC3A0308B80B0520D80B0520C8
S3150801C780BC0B052020B1022804D1034B1878704749
S3150801C790024BFBE700207047CD7F0620E57906208E
S3150801C7A02DE9F74FD0F8B0404C23022C38BF0224AC
S3150801C7B07749013CCA6CD1F8DCC07649C2F38212CA
S3150801C7C0D3400A6803F00105A24206462B4690F8B3
S3150801C7D03C71714ADFF8E4A1DFF8E491DFF8E481FE
S3150801C7E016D11078A84213D19AF80000B8420FD191
S3150801C7F0D6F8B40060B160450AD196F82BC099F80D
S3150801C8000000844504D1B8F8040003B0BDE8F08FF0
S3150801C8100C601370002D00F0988004234FF07F41BF
S3150801C8205E4AC2F8BC305E4BC3F8BC1096F82B3092
S3150801C8301B06C2F8BC30002040F27122594B19215F
S3150801C8401B68B3FBF2F36343B3FBF1F1182B4FEA11
S3150801C85000448CBFB1FA81F32023002C00F09680A6
S3150801C860B4FA84F29B1A002B40F38E80C3F10F02AF
S3150801C870012A38BF0122DC40A14201D2013A6408EB
S3150801C880411C02F01F054900A940474B091B8908AD
S3150801C890C3F8B010110241EA0211DFF82CB141EADE
S3150801C8A0020300EB002200EB0225DBF8000040F64C
S3150801C8B0C202003818BF01202B210193FDF7C6FAE1
S3150801C8C0FA2202FB04F0DBF8002040F6FF71B0FB08
S3150801C8D0F2F00A225043354A019BC2F8D810A2F554
S3150801C8E08052C2F8D8303249A2F58052C2F8DC50DB
S3150801C8F0D1F8F81700F57A744B0309D4D2F8DC207D
S3150801C900294B02F47F01C2F303520A43C3F8FC2000
S3150801C910C6F8B450274D00F6B8302C6001F034FF44
S3150801C9204FF47A72204BC3F8A400C3F8F8002B68B9
S3150801C930B4FBF2F0B3FBF2F3A8F8043096F82B3007
S3150801C9408AF8007089F800305FE798F80000FFF769
S3150801C95019FF96F82B30834228BF0346D8B22FB168
S3150801C960022F7FF468AFFFF713FE65E7104BD3F884
S3150801C970F8371A03F7D418B10F230138B0FBF3F0CF
S3150801C9800D4B1B68185C57E70F2275E70F2277E7EF
S3150801C990004001B8F47E0620E4790620001002B8AA
S3150801C9A0002002B8D80B0520003F00B0006001B88E
S3150801C9B0000002B8C00B0520B80B0520CA7F062067
S3150801C9C0C97F0620A67F0620BC0B052038B5254B56
S3150801C9D005461A78244C0D2A02D1FF20207038BD4D
S3150801C9E0104612F04EFE01461046FFF7CBFEA8424E
S3150801C9F028BF2846C0B2884238BF08462378C0B245
S3150801CA008342ECD0207042BB184BD3F8F81711F4C7
S3150801CA10002122D1F8B1431EDBB24FF2F005144AC8
S3150801CA20C2F8C8510F22B3FBF2F2551C18B1C2EB7A
S3150801CA3002129B1A591C0D4AD2F8C83143EA05332A
S3150801CA4043EA0113C2F8C831D2F8C821094BC3F821
S3150801CA50FC202078C3E70346DFE7074B1868FFF792
S3150801CA609FFEF6E7A67F0620CC7F0620000002B8C7
S3150801CA70002002B8003F00B048090520014B187094
S3150801CA80704700BFCB7F062010B50446FCF728FF88
S3150801CA9078B1154B1B786BB964B1144B1B784BB144
S3150801CAA0134B1B78013B012B04D84FF40042114B61
S3150801CAB01A6510BD104B1B6D1B04FAD414F0E9FB63
S3150801CAC0044603F055FA4FF400420C4B2046BDE8E4
S3150801CAD010401A6502220A4BC3F814250422054B95
S3150801CAE05A6414F0D1BB00BFE6790620E77906201F
S3150801CAF0C40B0520002002B8000002B8001002B8D5
S3150801CB0000D00350054BD3F8843013F0030F4FF4CC
S3150801CB10802314BF024A034A93647047004000B851
S3150801CB20005000B8006000B837B5044600F0FCFCB8
S3150801CB3001213A20E7F736F9354D364B00201C70AE
S3150801CB402B78002B0CBF002404F00104FFF79CFF8F
S3150801CB502B78013B012B08D8EB7B01A88DF8043013
S3150801CB602B7C8DF80530E4F771FE00222A4BC3F8B9
S3150801CB701425002C44D06A68002A37D0274B1B6835
S3150801CB8003EB5203B3FBF2F3013B1B0243F0F80339
S3150801CB902A78022A2CD0032A2ED0012A33D1072239
S3150801CBA043F002034FF6FF701D49C1F88400A1F551
S3150801CBB08051C1F88430184BC3F8142593070BD557
S3150801CBC0EB7B01A88DF804302B7C8DF80530E4F752
S3150801CBD02DFE0120FFF758FF4FF08043ACB1114AF3
S3150801CBE013650020FFF78EFF03B030BDF823CFE7AA
S3150801CBF0062243F00103D5E7042243F00503D1E7F2
S3150801CC002246F823CEE70022CCE7074AE8E700BF29
S3150801CC10C40B0520E779062000C00350D80B052070
S3150801CC20006000B8001002B8002002B8F0B52A4F1B
S3150801CC3006463D4604460FCE85B00FC533682B60C0
S3150801CC4000F072FC01213A20E7F7ACF80022234BE9
S3150801CC50C3F81425A17A627A42EA0142C3F820256B
S3150801CC60217CE27B42EA0142C3F81C25217B627BD7
S3150801CC7041EA0240C3F818053B78032B29D8DFE8B7
S3150801CC8003F022020C178DF8041004218DF80520F3
S3150801CC900DEB0100002205F0CBF9E37B00228DF8AC
S3150801CCA00830237C042102A88DF8093005F0C0F963
S3150801CCB0637A01228DF80C30A37A042103A88DF832
S3150801CCC00D3005F0B5F9064B1878FFF72DFF002052
S3150801CCD000E0212005B0F0BDC40B052000C00350BB
S3150801CCE0E7790620034B1B6D002BBCBF024BC3F82B
S3150801CCF088007047000002B8004000B84FF0006392
S3150801CD0038B1064A1365064B4FF40032C3F884203E
S3150801CD107047044A1365044BF6E700BF001002B8D2
S3150801CD20005000B8002002B8006000B82DE9F047AD
S3150801CD3000F054FC4FF47A752F4BB0FBF5F51860EB
S3150801CD404FF4FA736B4307462C48190E1B02181841
S3150801CD502B4A4FF0000341F10001EDF751F9294B38
S3150801CD60A0F5807182460246196330B94FF0010A6F
S3150801CD704A222B21FDF76AF852464FF47A735A4331
S3150801CD80290200235008EDF73BF91E4B1E4AB7F559
S3150801CD907A7F9A601D4B4FEA0A6619601C4BA946B1
S3150801CDA08846044618604FEA1A2A06D201259D22AA
S3150801CDB02B210020FDF74AF8A9464FF47A73A6FB02
S3150801CDC0030103FB0A116D0840194FF0000341F1F5
S3150801CDD000014A46EDF714F90E4B023419600E4B61
S3150801CDE048F10008A408186044EA8874054B013C18
S3150801CDF09C63BDE8F08700BFD80B052020A107007A
S3150801CE0040420F0000C001B802110100E80B0520DD
S3150801CE10E40B0520E00B0520DC0B05204FF400226E
S3150801CE20034BC3F884215A600122024BDA6070472A
S3150801CE3000E100E000C001B84FF40022064BC3F838
S3150801CE408421C3F88420BFF34F8FBFF36F8F042269
S3150801CE50024BDA60704700BF00E100E000C001B88C
S3150801CE6010B50446A242A2EB0000A3EB010104D2CD
S3150801CE70034B01399B6B0133184401F0030110BDC3
S3150801CE8000C001B838B501250A4B02019D504FF47F
S3150801CE9080730446084A8340536614F0FAF9074A30
S3150801CEA0A540137823EA05031370BDE8384014F04A
S3150801CEB0EBB900BF00E101B800E001B8F17906203D
S3150801CEC02DE9F84F164604468A461F4614F0E1F93D
S3150801CED0022E00F09380804614F0E4F9604B614A13
S3150801CEE0D3F8209092F879505A6EEDB2520744BFA2
S3150801CEF0D3F82090013505F0030514F0CEF948461C
S3150801CF00294600F03DF98446DAF80000012E04BFEF
S3150801CF1001306044ACEB000C08BFCAF80000BCF154
S3150801CF20804F7ED300F040F98145A1EB050188BF0A
S3150801CF304B4BDFF854E188BF01F1FF3101F00301E2
S3150801CF4088BF9B6BA0EB090C0EF80410A1B1F90779
S3150801CF5042BF41F61F72444B5A67BA0742BF424B5A
S3150801CF60424A5A677B0742BF00223D4B9A673D07F3
S3150801CF7042BF00223A4B9A6511254FF0010A384BF8
S3150801CF8004F11002120103EB041BCBF80C0138491A
S3150801CF909D501A6A0AFA04F5586E0B78A2EB090233
S3150801CFA0EDB22B4362450B704FEA041925D34FF4B2
S3150801CFB08073A340034220D11EF80420002A4BD1D6
S3150801CFC00EB32C4AF807536607D541F61F7140F28E
S3150801CFD00110254B596750675967B90706D5224B82
S3150801CFE0224A244924485A6748675A677A0742BF3A
S3150801CFF00122224B1A613B0719D4404614F044F921
S3150801D0000120BDE8F88F1E4A42F809A042F89C3C67
S3150801D01014F03FF916490B7823EA05030B7014F04F
S3150801D02033F9404614F030F90020BDE8F88F212085
S3150801D030FFF758FE4FF48031094A124BD1601A782E
S3150801D040002ADAD000222D201A70FFF74BFE102293
S3150801D050084B40465A66D1E7064A40465366CDE72D
S3150801D06000C001B8003E00B000E001B800001F1F73
S3150801D070F179062000D001B800000101000002B8CC
S3150801D08000E101B8E8790620E9790620024B18780B
S3150801D090003818BF01207047F1790620034B10307C
S3150801D0A00001185800F00100704700BF00C001B820
S3150801D0B070B50646FDF722FF044608B1FFF7BCFE28
S3150801D0C000230A4D3046AB61EB612B6200F06CF828
S3150801D0D0074BC9B283F8791028622CB1FFF79EFE77
S3150801D0E04FF08062034B5A64002070BD00C001B83E
S3150801D0F0003E00B0002002B810B504462120FFF713
S3150801D100F1FD1CB14FF48032064BDA60064B1A78F2
S3150801D1103AB100222D201A70FFF7E4FD1022034BC5
S3150801D1205A6610BD00C001B8E879062000D001B8DA
S3150801D13038B514F0B7F8084B084A1D6A92F87940D1
S3150801D1405A6EE4B2520744BF1D6A013414F0A5F8B9
S3150801D150284604F0030138BD00C001B8003E00B0FE
S3150801D1600346064A103302EB00111B01D1F80C01E4
S3150801D170D158C1F3400112F0A7BA00BF00C001B8E7
S3150801D180074B084A1B6810B54343146803EB8173C0
S3150801D19000224FF00041E4FB0012981810BD00BFB1
S3150801D1A0E00B0520DC0B05200C4A20F04043014624
S3150801D1B010B5002014684FF00042E4FB0320084A2A
S3150801D1C0890F126802FB0300064B9B6B984204D930
S3150801D1D001330131C01A01F0030110BDE40B05202A
S3150801D1E0E80B052000C001B8044B01F0F0711030BE
S3150801D1F041F0030100011950704700BF00C001B892
S3150801D20008B52220FFF76EFD4FF48022014BDA6044
S3150801D21008BD00BF00C001B840B1836833B10649F3
S3150801D220C268096803F13043032A00D8704743F8F6
S3150801D230041B043AF8E700BF1C0C052070B5164616
S3150801D240054610B92124204670BD0029FAD0002AC6
S3150801D250F8D042680F4B006803321B68920800F148
S3150801D2603040984704460028EDD1EA68A868033299
S3150801D2703146920800F1304012F046FA0446002879
S3150801D280E0D1286921466A6900F1304007F0FDF9C5
S3150801D290D9E700BFF87E062070B50C68651C15D065
S3150801D2A0C4F302669E42C4F3074530D1A4B2944240
S3150801D2B02DD804EB8506B24229D2141BA50824F001
S3150801D2C003040E59340F04D0012C08D0002221245E
S3150801D2D002E06B1C51F82320C0E9002470BD0E4CF6
S3150801D2E034F8133042EA03431A686B1C51F8234099
S3150801D2F001EB83014B6822405E4036F0704404D14D
S3150801D3001B0F032B04BF8B681A430024E4E701357E
S3150801D31001EB8501C1E700BF003B030807B501A87A
S3150801D320E8F7CAFD264B2749D3F86022D2B2FF2A6D
S3150801D3301DBFD1F87801130243EA0213D1F87831F7
S3150801D3401CBF20F47F621343C1F8F8330C20E7F7BA
S3150801D350E9FE01213F20E6F725FD4FF000421A4B71
S3150801D36042F201015A60C822184B5A654FF4C0228D
S3150801D37003F51043C3F868214FF48032C3F86C21D2
S3150801D380134AC2F8701202F52042D2F8F82712039E
S3150801D39008D44FF470610F4AC2F8A0104FF4206206
S3150801D3A0C3F8A02001220C4BC3F8002403F530432F
S3150801D3B0D3F86821094B1A6003B05DF804FB00BF76
S3150801D3C00080E00F000002B800900950008001B803
S3150801D3D0006001B8002002B8005001B8A40B05206E
S3150801D3E0134B1B78002B20D0124B134A00201A60CE
S3150801D3F0124B134A1A60134B134A1A60134B1A68D5
S3150801D400134B1A60134B144A1A60144B144A1A60C8
S3150801D410144B154A1A60154B154A1A60154B164ACC
S3150801D4201A60164B164A1A6070470220704700BFE9
S3150801D430F2790620280C052004440308200C05204F
S3150801D4406C3B0308240C05208C3B0308FC7E062054
S3150801D4501C0C0520400C0520543B0308380C0520FC
S3150801D460083F03083C0C0520883B0308340C0520BB
S3150801D4703C3B03082C0C0520903B0308300C052087
S3150801D480843B03080022012138B51F4B5A649A646C
S3150801D490DA641E4A51610221916242F20101DA6897
S3150801D4A0C2F3036221FA02F2D207F8D51122012446
S3150801D4B0174DDA634FF0FF302C7007F052F800234E
S3150801D4C02B70144D40F2D55228685421C01A18BF42
S3150801D4D00120FCF7BBFC104B28681A680F4B19682A
S3150801D4E0FFF7ACFE01F0C0FA0D4B1868FFF794FE82
S3150801D4F00C4B1868FFF790FE4FF08062034B5A6198
S3150801D50003F580535C6138BD000002B8001002B80B
S3150801D510F2790620200C0520240C0520280C05206C
S3150801D520400C0520340C052001230D4A0D49C2F88B
S3150801D530803291660C4A53600C4A53600C4A536018
S3150801D540A2F580425360A2F54042536002F5C0320B
S3150801D550536002F580425360A2F50042536070475A
S3150801D56000900050FF0B001600D000B8001000BA5A
S3150801D570005001B810B50324FFF7D6FF114A124B24
S3150801D5801A65FFF7CBFE114BC3F8104100F0CEF92F
S3150801D59001F0B2F84FF460720D4B5A614FF4007204
S3150801D5A01A65FEF78FFC0021FEF776FC4FF4800220
S3150801D5B0084B1C64A3F580535C64074BC3F88421AC
S3150801D5C05A6010BD0048F000000002B8005001B8CA
S3150801D5D0001002B800E0095000E100E008B512F0B9
S3150801D5E01DFC044B1B6FC3F300430133B0FBF3F07F
S3150801D5F008BD00BF008000502DE9F04F064687B0F0
S3150801D60002900F4657F8044B631C06D1029B3460FF
S3150801D610F01A801007B0BDE8F08F3E4BC4F3016ADB
S3150801D6205FEA147B33F81A1008BFC4F30742A4B2A1
S3150801D63044EA014404F06F4118BF0122B1F1804F59
S3150801D64002D0B1F1204F0ED124F070444FEAC2093D
S3150801D650314B09F10401314499424BD901339E42B8
S3150801D66048D80020D6E704F06041B1F1204F08BF41
S3150801D67024F08054EAE7059B2BBB072015F0420FDF
S3150801D68020FA0AF000F001002CD115F0280F21D15B
S3150801D69000222244BBF1010F48F8082C4FF0FF3253
S3150801D6A018BF0022019B043453F8041B08F108082B
S3150801D6B04A4048F80C2C0193039B9C42DBD1049900
S3150801D6C04E4439449DE740F6F30232210020FCF727
S3150801D6D0BDFBDDE740F6F7023221FCF7B7FB4FF455
S3150801D6E08052D6E740F6FC023221FCF7AFFB4FF435
S3150801D6F00052CEE701259300049305FA0BF504EBD6
S3150801D7008203039305F0940306F10808019705932C
S3150801D710D2E700BFF83A0308DF4F00B0F8B506466E
S3150801D720E0B10024144B25461F46144953F8042B2F
S3150801D730AAB91348314600EB8500FFF75DFF30B9FA
S3150801D74040F6A8223621BDE8F840FCF77FBB0D4B11
S3150801D7500135281847F8246023F81400F8BDB242A9
S3150801D760FCD001340C2C02D031F81450DEE740F617
S3150801D770C22236210020E6E7EC0B05209078062028
S3150801D780404000B09278062070B5A8B1002971D042
S3150801D790002213463849394C51F8045B85420CD1AD
S3150801D7A0374A116CC907FCD49B0003F58043403303
S3150801D7B01360344B01221A6470BD01320C2A59D008
S3150801D7C034F81230E8E7C2F3016334F8131012F49F
S3150801D7D07E0F93B243EA014321D00430C2F30742D4
S3150801D7E0022A016808D946688568033AC3E900161A
S3150801D7F09D600C300C33F3E70CD142680830C3E95D
S3150801D80000120268531CDED100221D4B1A6003F573
S3150801D8108053CFE7012AF4D104301960F1E7120FDA
S3150801D82000F108054068072A09D8DFE802F007046D
S3150801D8300A0E1114191EC04303F500531860284631
S3150801D840DFE71A6842401A60F9E703F58053F5E7FE
S3150801D85011F02FFFF3E7012203F580538240F2E727
S3150801D860012203F500538240EDE71A6830EA020205
S3150801D870FBD1E4E7044CC4E7EC0B052090780620BD
S3150801D88000C002B800D002B8003B0308064BDB68AB
S3150801D890C3F30363984206D1044A536E23F0F00397
S3150801D8A043EA011151667047000002B8003F00B013
S3150801D8B02DE9F347054611F0F5FE00278046194E76
S3150801D8C0DFF864A013F0E5FC0DF1070181460DF1BF
S3150801D8D00600FEF793F89DF806300BB3DAF80C301C
S3150801D8E013F4603F1CD0DAF8180011F055FF04460E
S3150801D8F06B1C03D011F0D6FEA0EB0807484613F0BF
S3150801D900C3FC14F5007F07D19DF8063013B99DF8BD
S3150801D91007300BB1AF42D5D3204602B0BDE8F08738
S3150801D9203446E5E700FEFFFF00C000B80122014BBF
S3150801D9301A657047001002B80122014B1A65704733
S3150801D940002002B84022014B1A657047002002B830
S3150801D9504022014B1A657047001002B80122024B9A
S3150801D96098611A61704700BF000001B8044BD3F8EB
S3150801D970B03010B1C3F30332027003F00F007047E1
S3150801D980000002B8064B01F080015B6C03F48003CA
S3150801D9900B4302BF4FF40012024BDA64704700BF13
S3150801D9A0000002B8006001B80D4B1A7882B1012A4D
S3150801D9B010D10C4B012112F0010F0B4A03F58053CC
S3150801D9C09960084B08BF13469A689207FCD47047BA
S3150801D9D0054BEFE700224FF480539A60FFDE00BF44
S3150801D9E0F3790620004003B8000003B8094B10B5C7
S3150801D9F09C69DB691C4006D0074B1B6823B120468E
S3150801DA009847064B9C6110BD6305FAD5FFF7CCFF15
S3150801DA10F7E700BF000003B8440C0520002003B84F
S3150801DA20094B10B59C69DB691C4006D0074B1B687E
S3150801DA3023B120469847064B9C6110BD6305FAD56C
S3150801DA40FFF7B2FFF7E700BF004003B8440C052013
S3150801DA50006003B84FF604014FF60502044B012096
S3150801DA601B6C9BB28B4208BF1346024A136670476A
S3150801DA700080E00F00C001B82DE9F74F81460E4638
S3150801DA804FF0FF34FFF754FB002501908A46A04664
S3150801DA902846DFF8D0B005F110031B015BF80370C7
S3150801DAA007F00307012F15D12846FFF759FB024650
S3150801DAB00B4601985146FFF7D3F9DBF8643005F1B7
S3150801DAC00802D340DB0736D5002E3DD00024A046F8
S3150801DAD0356038460135082DDDD148B30022114697
S3150801DAE0204DAF68AB6B0133E8FB034107F44033C4
S3150801DAF0B3F5003F30D16B6B07F44057013342F160
S3150801DB000006B7F5805F22D12D6B15F5807505FBEB
S3150801DB1006F642F1000203FB0266A5FB0332324414
S3150801DB20594304FB0212A3FB04342244C9E9003217
S3150801DB3003B0BDE8F08FA04271EB0803C9D206B164
S3150801DB40356004468846C4E73446B046C1E7320222
S3150801DB5042EA13621B02E3E72B6B13F5807342F16A
S3150801DB600002DDE700C001B8F8B5062011F0BDFDD9
S3150801DB70044611F097FD42F21073041B9C420546B8
S3150801DB8018D94FF080624F240B4B5A6441F26F77D4
S3150801DB900A4E0BE011F086FD401BB8424FF4837222
S3150801DBA021468CBF00200120FCF750F9736C5B01FC
S3150801DBB0F0D5F8BD1A24E9E7002002B8000002B83A
S3150801DBC0034B1A6E596E03F500530A401A667047DD
S3150801DBD000C00A50FF28F8B56BD0FF2965D00F2879
S3150801DBE065D8002963D10026344C354D84F8740074
S3150801DBF084F87560686940F25F124B2100F00100F4
S3150801DC00FCF724F911234FF48012AB662D4B6E668F
S3150801DC10C3F888219A6001213B20E6F7C3F894F8F6
S3150801DC207510294A94F874300A432849063341F88D
S3150801DC302320274B3E201D68E6F7CAF86F08ED0733
S3150801DC400246334628463946ECF7DAF9090241EA2B
S3150801DC501061C0F3C05040EA41001E4B6066186B64
S3150801DC6010F5807005D14FF4D7722B21FCF7EEF829
S3150801DC7002200246002300200121ECF7C1F9A06623
S3150801DC803E20E6F7A5F840F649435843000DFF281C
S3150801DC9028BFFF20022838BF0220002184F8780017
S3150801DCA0012000F03FFD0020F8BD0F289BD9212057
S3150801DCB0FAE7FF294FF0070093D194E7003E00B039
S3150801DCC000C00A5000E100E0020D0C00008003507C
S3150801DCD0D80B052000C001B82DE9F34105460F46CA
S3150801DCE068461146FFF7C8FE0646B0B1AFB1DDE991
S3150801DCF000321B0A43EA0263A5FB0384094B120A95
S3150801DD0005FB02441A6812B9FFF768FC02460023AC
S3150801DD1040462146ECF774F93860304602B0BDE852
S3150801DD20F08100BFD80B052070B5FFF71DFF002154
S3150801DD30022000F0F7FC11F0B5FC04460F4D104E19
S3150801DD40D5F8F4331B070BD513F0A3FABDE87040D9
S3150801DD5002220C4BDA6001220B4B1A7013F094BAAB
S3150801DD6011F0A0FC001BB04240F216224FF045010B
S3150801DD708CBF00200120FCF769F8E1E7000002B832
S3150801DD803F420F0000C001B8F4790620224910B5B8
S3150801DD900B78002B3ED00122204C94F875300133C4
S3150801DDA0DBB202FA03F31E4A536613664FF40022E6
S3150801DDB01C4BC3F8882100230B7003231A4A392107
S3150801DDC01364A2F580525364184B40F2C522586C6D
S3150801DDD0C0F38060FCF73AF84FF48041144A154BBA
S3150801DDE0C2F89410144AE16ED26E914202BFD3F87A
S3150801DDF06C212267D3F86431206F08BFA4F87A3002
S3150801DE00B4F87A1000F0DEF8BDE8104001210220CE
S3150801DE1000F088BC10BD00BFF4790620003E00B0B2
S3150801DE2000E00A5000E100E000E00950000002B8F5
S3150801DE3000E001B800C001B800C00A5010B5044698
S3150801DE403E20E5F7C5FF6043034B00F5F42000F5D6
S3150801DE509070B0FBF3F010BD40420F002DE9F74F6B
S3150801DE60FFF7ECFF0446FFF77FFE13F012FA0021D5
S3150801DE704B4D064668462970FFF7FEFD494B80461D
S3150801DE809F69494BDB6813F0706F1CD1474B5B697F
S3150801DE9013F0060A17D1E0B1454B611D1868A1FBBD
S3150801DEA000B93E20E5F794FF5346024649465846CF
S3150801DEB0ECF7A6F8009B090241EA106100029842B4
S3150801DEC0019B994105D3304603B0BDE8F04F13F0E5
S3150801DED0DBB90021022000F025FC11F0E3FB8146A5
S3150801DEE0DFF8C4B0DFF8D4A0DBF8F4331B0741D55B
S3150801DEF0B8F1000F4DD0DDE900893E20E5F768FF4E
S3150801DF004FEA182141EA09614FEA1923A0FB019852
S3150801DF1000FB0388264B1A6812B9FFF75FFB024616
S3150801DF20002348464146ECF76BF80121214B0134A1
S3150801DF3093F87530DFF86CC001331F4A3F1BDFF8D1
S3150801DF4080E0DBB201FA03F30744CEF86030CCF87F
S3150801DF506C705366DCF81820DCF86C70241AD21B36
S3150801DF60A24216D2CEF864300220CEF8603000F014
S3150801DF70D9FBA8E711F096FBA0EB090050454FF431
S3150801DF801B724FF045018CBF00200120FBF75EFF95
S3150801DF90AAE70222054BDA6001232B7093E700BF3B
S3150801DFA0F479062000C00A50000002B800C001B882
S3150801DFB0D80B0520003E00B000D00A503F420F00A2
S3150801DFC000E00A5001232DE9F74F934F044697F8CD
S3150801DFD075208A469340914A0E46936697F87420AF
S3150801DFE08F4B0546C3F8F0204FF400328D4B4FF0A6
S3150801DFF0000B1A610223DFF83882C8F80C308A4B05
S3150801E0009B6903F1FF39A3EB0903002B40F3EA806F
S3150801E0100BF1010BBBF1020F6FD9EC220D21002088
S3150801E020FBF714FF4FF08053804A814F53664FF434
S3150801E0300031794BC7F86C511D670025C3F86C9000
S3150801E040C7F86461A3F87A601161754AC2F8F0509D
S3150801E05093F8752001239340704A936613F019F9D2
S3150801E06029464FF4807E3E6AD7F864C001F1100351
S3150801E0701B01FB5803F00303012B10D10EFA01F320
S3150801E08013EA0C0F0BD107EB0112B442D2F80C219B
S3150801E09000F2BB80944202D2964280F0B9800131E7
S3150801E0A00829E3D1634C2268012A08D862490B780A
S3150801E0B0142B02BF0023614E337001330B70BDB1BF
S3150801E0C05549012AB1F8763043EA0503A1F87630B5
S3150801E0D0544B5D660CD859490B780133DBB2022BD8
S3150801E0E00B7005D1002301322260534A0B7013705D
S3150801E0F003B0BDE8F04F13F0C7B8012397F87520B0
S3150801E100494D9340454A936613F0C3F84FF0805240
S3150801E110464B01905A66AB6903F10109C5F86C9043
S3150801E120D8F83010D8F80830DD036BD5FA6E7B6E57
S3150801E130A9EB0202A2FB0326D7F868C001F5807194
S3150801E140A2FB0C530025E6FB0C35A1FB03EC01FBF6
S3150801E15005CCB2EB0E0266EB0C06120A42EA06621F
S3150801E1605244B2EB112F4FEA112603D3013345F17D
S3150801E1700005921B043E964228BF1646C8F8186049
S3150801E18097F87920D8F82010E318D2B245F100059E
S3150801E1908C42D8F8381084BF02F1FF32D2B2481C3B
S3150801E1A00ED04FF0000E01F1010C99427EEB0500ED
S3150801E1B008D20132B3EB0C03D2B265F10005F4E7DC
S3150801E1C02A44D2B21D4602F0030287F87920C8F81C
S3150801E1D02030012397F8752001989340184A9366D1
S3150801E1E013F052F8104B9B6900BF00BF00BF00BF78
S3150801E1F000BF00BF00BF00BFD8F86420D2007FF57A
S3150801E20002AF0FE756462546E3E79442BFF444AF0B
S3150801E2102B439DB243E700BF003E00B000E00A5021
S3150801E2200080035000D001B800C00A5000E001B8D0
S3150801E23000C001B8740B0520F6790620F579062089
S3150801E24000D00A504FF40052014B5A60704700BF84
S3150801E25000E100E04FF40052034BC3F88420BFF3FA
S3150801E2604F8FBFF36F8F704700E100E037B5044663
S3150801E270FFF75AF901213A20E5F794FDE178227969
S3150801E2801B4841EA0243C0F8BC35E579A37943EA5C
S3150801E2900543C0F8C03523784BB18DF80410042125
S3150801E2A08DF805200DEB0100002203F0C1FE63780D
S3150801E2B05BB10421A37900228DF80430E3790DEBD3
S3150801E2C001008DF8053003F0B3FE227801235AB117
S3150801E2D0084AC2F8B835627802233AB1054A0020DD
S3150801E2E0C2F8B83503B030BD034AF2E7024AF6E789
S3150801E2F000C0035000D0035000E00350F8B50B46A8
S3150801E300002213F8044B944225D91D68854224D16D
S3150801E31006245A791D79124B88181E6804FB0503D1
S3150801E320104F33F8063C7B43B3420ED900238A5A71
S3150801E3307A43964202D804FB0300F8BD9D42FAD9F6
S3150801E340013304FB03F2825AF2E740F251423D21BE
S3150801E3500020FBF77BFD0020EFE708330132D2E707
S3150801E360480C052040420F0000202DE9F84FA2FB7A
S3150801E3700179A64EDFF8C8C2BE19984669F10003AD
S3150801E380B44570EB030307D240F243220E21FBF793
S3150801E3905DFD0220BDE8F88FD8F814A00C46154695
S3150801E3A0BAF1000F04D0DAF80030032B00F28D80A1
S3150801E3B0974B984A9E6BA3F580431B6FD2F8FCA036
S3150801E3C05A074EBF4FF440039B0503F0E073C6F3AB
S3150801E3D014061E43904BD3F8EC305B0048BF46F059
S3150801E3E0807646EA456611F053FD012D8346D0D164
S3150801E3F00028CED0894B984275D003F5122303F530
S3150801E400F863984200F0A780854B984200F0AD80EA
S3150801E4100246002300204FF00071EBF7F1FD0130B1
S3150801E420A7FB007300FB0933C6F31301A1FB0B1B02
S3150801E43020339B09C8F800307A4BC90C1C6041EAA5
S3150801E4404B31794BF50258BF49421960774B0C4459
S3150801E4501C60BAF1000F36D00023DAF81C70F001FF
S3150801E460DAF8005048BF6408C8F80830C8F804301C
S3150801E47017B3DFF8D091D9F83C21D20277D43E46BA
S3150801E4801CB1B4FA84F3072B67DD2302B3FBF7F05B
S3150801E490430067020133E40D01E002330130A6FBB4
S3150801E4A003128F4274EB0202F7D2C0F30E031B0369
S3150801E4B043F00063C8F808300023062DC8F80C306D
S3150801E4C0C8F8103011D8002064E7042BDAF8286060
S3150801E4D089D1F1014CBF4FF4400306F0E07326F0F1
S3150801E4E0E0761E437FE752489AE7DAF83030002B88
S3150801E4F0E9D011F0CDFCDAF83010FFF7FFFE04463B
S3150801E50010B18378002B65D111F082FCDAF830104E
S3150801E510FFF7F4FE04460028D5D08378002BD2D025
S3150801E520407940F27D52003818BF01203D21FBF7A2
S3150801E5308DFC207940F27E5200384FF03D0118BF1C
S3150801E5400120FBF783FC237962791B0243EA021354
S3150801E550C8F81030B7E7374862E7C3F1080227FA67
S3150801E56002F204FA03F3571C90E7334858E7334A93
S3150801E570C6F38156965D81EAE170A0EBE17046F338
S3150801E580401100FB01F14FEAE07EB60606FB0E11CB
S3150801E590A0FB06064FEA540C10EB0C0041EB0601F2
S3150801E5A02246EBF72DFD0E2D0FD9194B9A6BD9F88B
S3150801E5B04830D9F83C11DB0607D502F4801201F47C
S3150801E5C000110A4308BFC0F58010C0F31300C8F84C
S3150801E5D0040054E7407940F26252003818BF01201E
S3150801E5E03D21FBF733FC207940F2635200384FF0A6
S3150801E5F03D0118BF0120FBF729FC237962791B022B
S3150801E60043EA0213C8F80C307EE700BF006CCA88DB
S3150801E610008001B8004F00B0000002B800F04902BE
S3150801E620005A6202500C05204C0C0520480C0520A6
S3150801E6300A3BB2DF313641DCD694BFD6083B030824
S3150801E640807C814A004001B810B5044686B059B9A4
S3150801E650214B4168D3F8FC30827A2048059300683B
S3150801E6606B46FFF781FE69461D4B0A685A631A4BCA
S3150801E670D3F8FC3033B34B6843B11A4B1A4AC3F883
S3150801E6803C214A68A3F58053C3F83C218B6843B102
S3150801E690144B164AC3F81C218A68A3F58053C3F89C
S3150801E6A01C21134AC868D2F8983123F4EE63034350
S3150801E6B0C2F89831D2F89031096923F4EE630B4315
S3150801E6C0C2F89031002022890A4B9A6203F5A033D9
S3150801E6D0186406B010BD00BF004F00B048090520F8
S3150801E6E0008001B8006001B8FFFF0F0000F0FF0FBE
S3150801E6F0000002B8004000B8074BD3F88022D207C1
S3150801E70007D55B6E002B4FF48043B4BF034A044A16
S3150801E71013650020704700BF00800050002002B832
S3150801E720001002B8064B1A6C9207FCD4022240EA82
S3150801E73001205860034B1A640122034B1A70704773
S3150801E74000C002B800D002B8F779062010B590B11A
S3150801E7500468012C0FD902696AB11168094B102C9A
S3150801E760196051685960916888BFD268996094BFE9
S3150801E770D960DA6010BD10220021024805F085FF34
S3150801E780F8E700BF580C0520084BC1171A68A2FB09
S3150801E790000302FB013310F1807043F10003400EC0
S3150801E7A040EAC310803820EAE0707047680C0520FB
S3150801E7B00722194B70B51A64184B194A1E68194B6A
S3150801E7C0F408E005C0184FEA163141F100010023AB
S3150801E7D0EBF716FC144B154D18601548FFF7D4FFD7
S3150801E7E04042C5F8DC0049F65800FFF7CDFFC5F8E9
S3150801E7F0A8001048FEF7D8FC024660B1E3015008AC
S3150801E80018184FEA16714FF0000341F10001EBF7B2
S3150801E810F7FBC5F8B40070BD000002B8D80B052097
S3150801E82065CD1D00B2E60E00680C0520003F00B05C
S3150801E8307011010040420F0010B5044698B10B4B08
S3150801E840D3F8FC00FFF782FF4FF47A7303FB04F059
S3150801E850074BA0F6AC50DA689B681044C01ABDE8AD
S3150801E8601040FFF791BF4AF6C870F8E7004F00B0AD
S3150801E870580C05202DE9F0410546084614461E4662
S3150801E880FFF764FF002D00F0818072076BD52869B8
S3150801E89000287DD04FF47A735843454BA0F6AC5007
S3150801E8A09B68C01AFFF770FFA062A88B002872D078
S3150801E8B04FF47A7358433E4BA0F6AC509B68C01A86
S3150801E8C0FFF762FFE0613B4BE9681F68002965D0E5
S3150801E8D04FF47A735943364BA1F6AC519A685B6883
S3150801E8E0891AC91A344BC8171A68DFF8D480A2FBEB
S3150801E8F0011302FB003311F1807143F10003490E44
S3150801E90041EAC31180392D4B2162D3F8C4306362C1
S3150801E910D8F8003053B1384610F02BFE30B12246F4
S3150801E920D8F800302249D7F8E40098470021A869A9
S3150801E930FFF782FF6063A86898B34FF47A73584368
S3150801E940A0F5FA50FFF720FF6061286840B14FF43F
S3150801E9507A72174B1B6803F51C53103302FB003000
S3150801E960FFF712FFA061B30710D5284600F06CF82F
S3150801E97020636B69C3B10E4AD0684FF47A7202FB01
S3150801E9800300A0F5FA50FFF7FFFEE062BDE8F0814B
S3150801E9904AF6C87086E74AF6C87091E74AF6C8711A
S3150801E9A0A0E747F23050CDE747F23050EBE700BF1A
S3150801E9B0580C052048090520680C0520003F00B0C1
S3150801E9C0540C052070B5064608461C4610F094FE00
S3150801E9D00546D6F8F00000F011F84368054A002B01
S3150801E9E0A8BF4FF4FA721A44034B601992FBF3F26B
S3150801E9F0104470BD0CFEFFFF18FCFFFF40B1036811
S3150801EA00012B05D90069034B002808BF1846704732
S3150801EA1000487047103B030828B1094881420CBFDA
S3150801EA202F20BC207047074A536F106DC3F301119D
S3150801EA301B0C01FB033300F01F000130184470471B
S3150801EA4048E80100004001B8406840B14FF47A72C5
S3150801EA50044B1B6803F51C53103302FB0030FFF708
S3150801EA6093BE00BF580C052070B588B06D46184C8A
S3150801EA700FCC0FC594E80F0085E80F00EC220021A2
S3150801EA80144805F002FEB0220021134805F0FDFDE9
S3150801EA9020220021114805F0F8FD10F096FE104BD2
S3150801EAA01B783BB16D460A4E0FCD0FC695E80F0090
S3150801EAB084E80F000C220B490B4805F0EEFD0B4BC1
S3150801EAC00B4AD3F87831C3F38243136608B070BD95
S3150801EAD0E03F00B0643E00B0503F00B0E04F00B0E8
S3150801EAE0E3790620203B0308AC3E00B0000002B8DB
S3150801EAF0003F00B0064BD3F8EC0E064B9B6C1A018F
S3150801EB0003D4054B9B6E1B0401D500F58070704735
S3150801EB10003000B0000002B8004000B810B512F08D
S3150801EB20B8FB0E2104460320FEF7B0FE40F201228F
S3150801EB30034B2046BDE81040DA6212F0A5BB00BFC0
S3150801EB40004000B8064B00201B6893F82430DB0907
S3150801EB5002BF0322034BC3F85022FBF72BBC00BFAD
S3150801EB6048090520006001B8012370B5074C2370D8
S3150801EB70074B1E68074B3240D3E90053194028401A
S3150801EB80FBF7DEFF0023237070BD00BFFF79062067
S3150801EB90700C0520B80D0020024B1879C0F3C0008F
S3150801EBA0704700BFB80D002010B50446FEF7E2FC19
S3150801EBB000F03CFF2046FDF7B5F9FEF763FCFEF7CA
S3150801EBC0B5F8FEF72BF9FFF7F3FD15490723154AA3
S3150801EBD0D1F8FC1004F58270FFF74CFE4FF08071F6
S3150801EBE00020FEF701FB4FF000720F4B4FF40011A6
S3150801EBF00120C3F80021FEF7F7FAFEF72BFF20B92B
S3150801EC0040F221121421FBF721F910F0DCFD012055
S3150801EC10FDF78AFFBDE81040002010F0FDBD00BFDA
S3150801EC20004F00B0A43F00B000D001B88023074AC6
S3150801EC305364082340B15364054AD2F8BC3E23F015
S3150801EC402003C2F8BC3E7047024AF4E7001002B836
S3150801EC50003000B0002002B810B512F01AFB0121ED
S3150801EC6004460020FFF7E2FF044B1961044B5B6879
S3150801EC7098472046BDE8104012F006BB000002B8CE
S3150801EC80E07E0620F0B583B014460646FFF734FD4C
S3150801EC90FCF734F900285CD0584B5D6915F0060578
S3150801ECA057D112F0F6FA23790095022B054654D16D
S3150801ECB0237B022B32D00320FEF7F0F920B9504B03
S3150801ECC0DB685B0440F19280A37B277B003B18BF7E
S3150801ECD00123A2684B49012F01920B707BD000F0EA
S3150801ECE097FE0420FEF7CEF80420444E0223716FE6
S3150801ECF03A4621F0F85121F4F81141F0506141F4F6
S3150801ED00803171670DEB0001FEF7DAF80446B0B100
S3150801ED10012030223C493D4B08701A653C4E336848
S3150801ED2098472128044604D1012100207368984791
S3150801ED300024284612F0A8FA204603B0F0BD0320A5
S3150801ED40FEF7A0F82846334A334B72671C7012F057
S3150801ED509BFA0E24204603B0F0BD0320FEF79EF968
S3150801ED60002843D12179D6F80C31012922682FD000
S3150801ED70D01A0027214B274A00905A679F67637B61
S3150801ED80264823F04007002FC3F3801303700CBFF6
S3150801ED90012300232249234A0B70D2F8BC3E214A9B
S3150801EDA00CBF43F0200323F02003C2F8BC3E032026
S3150801EDB0FEF768F8114B1C4A03205A676946012376
S3150801EDC02279FEF77DF898B10122134B1A706FE785
S3150801EDD09342CED8CCE72379022B80D0009BD6F874
S3150801EDE00C1100270B441344019378E72846AEE734
S3150801EDF0284612F049FA2124ACE700BF00C001B841
S3150801EE00000002B8FE790620017A0620001002B831
S3150801EE10E07E062000000101FB790620FC79062028
S3150801EE20FD790620003000B0010C0100F7B50D464A
S3150801EE300024074612F02DFA1E4B064620461C7082
S3150801EE40FFF7F4FE1C4B1D4A5A679C676879431EF7
S3150801EE5058425841FBF758FE40F60142164B9A674D
S3150801EE602A792968012AD7F8143101D1994200D3A0
S3150801EE70CC1A042303200DEB03010194FEF720F8B5
S3150801EE8048B988220E4B30465A6412F0FDF92124FE
S3150801EE90204603B0F0BD0B4D2B6898472128044640
S3150801EEA004D1012100206B6898470024304612F0EE
S3150801EEB0EBF9EDE7FB79062000C001B80000010176
S3150801EEC0002002B8E07E062038B5164C05462078A3
S3150801EED04FF42072B0FA80F03E214009FAF7B6FFE6
S3150801EEE055B14FF44062104BD3F80831C3F381236F
S3150801EEF023700E4BC3F8082160784FF42072B0FADC
S3150801EF0080F03E214009FAF7A1FF55B14FF440625E
S3150801EF10054BD3F80C31C3F381236370034BC3F854
S3150801EF200C2138BDF8790620004000B8006000B809
S3150801EF3010B5104B104AD3F8B8001478596A9A6A72
S3150801EF4000F00F0021F4706122F0E052844241EA98
S3150801EF50042142EA84624FF01F04084835BF9A62C9
S3150801EF6059625962C0F8B84034BFC0F8B8409A62CD
S3150801EF7010BD00BF00C000B8DF79062000E000B868
S3150801EF80A82238B51C4B5D6C03F500535A64102250
S3150801EF909A60A3F5804302F100521A675A6600F097
S3150801EFA0C1FF164B1B7813B90320FDF76BFF00242D
S3150801EFB0134B9C6700F0DCFF124A134BD2F8EC1E88
S3150801EFC00B40C2F8EC3E0422104B5A64104BC3F8AE
S3150801EFD0C440FFF7ADFFAB0607D50E4B5B6FB3F524
S3150801EFE0817F22BF8022044B1A61FCF771FC002243
S3150801EFF0094B1A7038BD00BF000002B8FB7906201C
S3150801F00000C001B8003000B0DF0000FF002002B8E0
S3150801F010003E00B0003F00B0FA7906200D4A10B54F
S3150801F020D2F8A030D2F8A4100B40B3F1804F0CD31C
S3150801F0304FF040400849094CC1F8A400D467C1F80B
S3150801F040A0004FF48021064AD161034AC2F8A030D4
S3150801F05010BD00BF00400050006000500000FF01D5
S3150801F060001002B89B4B2DE9F04F9A6EDB6E87B004
S3150801F07002EA0308984BC3F868804FF03A43D3F87D
S3150801F0801471D3F818311F40944BC3F81471944B7B
S3150801F0909A68DB6802EA030A924BC3F808A003F5EB
S3150801F0A02043DA691B6A02EA03098F4B09F47702DE
S3150801F0B0DA618E4BD3F80422100305D4D3F8046120
S3150801F0C016F4002600F0E18012F0E3F8884B5A693D
S3150801F0D05E6E02F0060BBBF1000218BF01221B6F20
S3150801F0E001921E40834A26F0007323F400637107D8
S3150801F0F0536606D5804A92F879300133DBB282F835
S3150801F100793012F0C1F8B8F1000F00F0DF8018F479
S3150801F110004427D012F0BDF80146FFF7EBFC044680
S3150801F120764B1D682A682B689A42FCD02A689A424F
S3150801F130FCD0FFF7DFFCA04240F0A980084612F098
S3150801F140A3F86F4B1C606F4B5D6C15F4E05B40F0E8
S3150801F150A08024F07F4424F0DF040CB9FFF710FFE8
S3150801F1604FF08074002518F0020F12D0654B5E49E6
S3150801F1705B6C03F460424A64002A00F09E801A041C
S3150801F18000F19E809D0440F19E804FF000630025AA
S3150801F1901C43C8F340384FEA48085B4B3B40002BF9
S3150801F1A04BD017F4206F0AD040F2C952062100202D
S3150801F1B0FAF74CFE002000F037FF27F48027F80500
S3150801F1C006D5FF22484B44F4C0649A60FFF7A6FCB3
S3150801F1D017F0090F0BD040F2DE5208210020FAF78A
S3150801F1E035FE00F015FF4FF03A4301225A6317F036
S3150801F1F0106F0CD040F2E75209210020FAF726FEDB
S3150801F20000F006FF002211461046FCF78FFF17F49F
S3150801F210202F0AD040F2EF5207210020FAF716FEF6
S3150801F220002000F001FF27F48027F90301D5FDF737
S3150801F230CFF8002FB8BF48F008087A070ED54FF067
S3150801F2403A431B6B13F4005F4FF4005317BF234A6D
S3150801F2502E4A136344F4000408BF13637B0548BFB1
S3150801F26044F0040417F48023029300F0B780FDF7F5
S3150801F27065F8013806284BD8DFE810F077017A01DE
S3150801F28077017D0180018301830101963BE70446ED
S3150801F29048E7FFF775FE144BC3F844B015F48053DD
S3150801F2A005D115F4806505D04FF080645AE74FF013
S3150801F2B0804457E74FF0805455E74FF0007366E7EF
S3150801F2C04FF0004363E74FF0005360E74446454675
S3150801F2D063E700BF004000B8006000B8002000BA2C
S3150801F2E0004001B8006001B8002002B800E100E062
S3150801F2F000C001B800E001B8003E00B0DC3A0308DE
S3150801F3006C0C0520000002B8090B0B89001000BA25
S3150801F3104FF4C46203210020FAF798FD4FF03A42F0
S3150801F3200121D2F88C30D2F8AC0003F0070306337A
S3150801F33001FA03F3C0F30C001B1A9BB2072B12D96F
S3150801F3409A4B5B6C58020ED49948D36CD26E406DB9
S3150801F35058B103F0070306339940C2F30C03C91ADF
S3150801F36089B2092901D844F40074924B1B78002B01
S3150801F37034D04FF03A43D3F8143113F4A02F2DD1DA
S3150801F3808D4BDFF870B21B7883B9F2040ED49BF863
S3150801F39000305BB18949C4F3C003D1F8EC1E83F090
S3150801F3A001035B0021FA03F39B0717D10420FDF73C
S3150801F3B069FD834B8349596700F02AFB9BF80030A6
S3150801F3C043B9814B1B782BB1804B814A1B6823407B
S3150801F3D0134201D144F4804426F48056BAF1000F51
S3150801F3E031D01AF4805F18BF44F480241AF4807F60
S3150801F3F018BF44F400241AF4005F18BF44F010043F
S3150801F4001AF4007F18BF44F020041AF4806F06D05E
S3150801F4104FF480626F4B44F04004DA609A601AF444
S3150801F420006F06D04FF400626A4B44F08004DA603C
S3150801F4309A601AF0805F06D0674B0021186845F478
S3150801F4408055FBF77FFDB9F1000F39D019F4802FEC
S3150801F45018BF45F4007519F4803F18BF44F4805469
S3150801F46019F4801F18BF44F4003419F4001F18BF9B
S3150801F47044F0020419F4003F18BF44F4801419F447
S3150801F480800F18BF45F0100519F4002F18D04B4B03
S3150801F490D3F8BC3E13F0C00F12D0444BDA6802F021
S3150801F4A03062B2F1407F05D19A6CD00602D4DB6C8A
S3150801F4B0190769D54FF40022484B29F40029DA6166
S3150801F4C0002E00F0478132051ED54549DFF8F0B018
S3150801F4D091F803A0434ABAF1000F00F08D804FF46A
S3150801F4E000600AF1FF3A50665FFA8AF2CA703AB9C1
S3150801F4F03D4A1278002A4AD040F601423B4B5A67E8
S3150801F5000022134614431D43B30009D52E20FDF7E7
S3150801F510E9FB4FF00052334B45F008051A675A6666
S3150801F520F00608D52B20FDF7DDFB10222D4B45F4FF
S3150801F53000151A675A6616F0306F40F0A580F10477
S3150801F54040F1FC80019B002B40F0DC80244A1379B2
S3150801F550002B00F05681013BDBB2137113B9234B23
S3150801F560234A5A6700231C43E8E044F48034D5E66D
S3150801F57044F40064D2E644F48064CFE644F480742B
S3150801F580CCE644F00804C9E644F4001498E7DBF82D
S3150801F590782012F4A05F15BF4FF4807240F601423D
S3150801F5A0CBF85820CBF87820AAE700BF000002B8AC
S3150801F5B0004000B8017A0620007A0620003000B023
S3150801F5C000C001B800000101FC790620B80D002031
S3150801F5D0088D0100006001B848090520002002B81D
S3150801F5E0E979062000E001B8FB79062000D001B8C8
S3150801F5F00000010DFD7906200320FDF743FC4FF4B9
S3150801F6000061A34A5166DBF8141011F0060126D0F1
S3150801F6105046FDF771FDDBF86410DBF870309C4A43
S3150801F6200B4013F0100F1FD010232D2013675366BC
S3150801F630FDF758FB4FF4001A9649974AB1F8763008
S3150801F64013F4006F1CD023F40063A1F87630137805
S3150801F65003F0FF025BB14FF40042534652E741F60D
S3150801F6601F705067CBF878104FF0000AE4E7039251
S3150801F670FDF7C6FDFFF784FC039A4AF0200341E72C
S3150801F68013784FF40052E8E7320115D52920FDF722
S3150801F69029FB824B8249DB6803F48042C3F380333A
S3150801F6A00B70FFF779FA28B17E4B79497E484B668C
S3150801F6B00367D2B945F00405B30123D50420FDF744
S3150801F6C0E1FB2720FDF70EFBFFF75AFC4FF000720E
S3150801F6D06F4B5A66754BD3F8EC2E510679D4022234
S3150801F6E0734B9A6045F0020523E00B6720204B66B1
S3150801F6F0FDF7F8FA45F400152D2045F00C05FDF740
S3150801F700F1FAD9E716F0807FDFF8A8A14CD00420DA
S3150801F710FDF7B8FB2820FDF7E5FADAF87830002B73
S3150801F7203ED1FFF72DFC5A4B5E4A45F001051A6793
S3150801F7305A66FFF707FA00225E4B9A65B20409D5A5
S3150801F7405D4A5379002B00F09E80013B53710023DB
S3150801F75048EA0308554BD3F8BC3E1B0603D5204699
S3150801F7602946FCF767F9424620462946FFF7FCF980
S3150801F770029B0BB1FCF71AFE4FF400424F4B07F000
S3150801F7800437C3F814714E4B19F4002FC3F88421BA
S3150801F7901EBF4FF40022464BDA6107B0BDE8F08F71
S3150801F7A00023CAF87830BEE7F004C4D50420FDF773
S3150801F7B069FB444BCAF87430FDF722FDDAF8643068
S3150801F7C013F0407FB7D12A20FDF78CFAFFF7D8FB53
S3150801F7D080E7D3F8BC3E9A0684D402223A4B9A6053
S3150801F7E03A4B1B6893F825309B077FF57BAF294B6E
S3150801F7F093F8D830002B3FF475AF8022274B1A6156
S3150801F80070E70420FDF73EFB0320FDF73BFB294B80
S3150801F8102C4A5A6711F03DFD82460DF11700FEF795
S3150801F820A5F82B4B83461B780BB1FFF777F9BBF18C
S3150801F830030F0ED1DFF864B00020FEF797F803280E
S3150801F84007D1DBF82830D807F6D4DBF84830D903D6
S3150801F850F2D49DF81730032B06D101221D4B5046D1
S3150801F8601A7011F011FD7DE64FF03A43D3F81431C1
S3150801F87013F4A02FF1D100F0CBF8504611F004FD96
S3150801F8804FF480436FE60520FDF7FCFA01235FE795
S3150801F89000E001B8003E00B0FB790620000002B87E
S3150801F8A0FA7906201000002000D001B8003000B017
S3150801F8B0002002B800C001B8E9790620002000BA84
S3150801F8C000E100E000000101001002B84809052026
S3150801F8D0FE790620007A06200122024B1A62DA61B5
S3150801F8E0704700BF002002B8094A08B5D369116AF2
S3150801F8F00B40084923F47F00DB07C86106D5D168A8
S3150801F9004FF0FF30C1F303610FF068FF08BD00BF78
S3150801F910000002B8002002B80C4A08B5936CD26CF4
S3150801F92013400B4A9364DB070FD50A4B40F67A025C
S3150801F9301878122100F00100FAF788FABDE80840A4
S3150801F940002201200021FFF70FB908BD00C000B849
S3150801F95000E000B8B80D002038B50C4C0C4DD4F8B1
S3150801F9608430DB0706D4A36FD4F884201340094AF0
S3150801F970936738BDD5F804315A02F0D500F07EFEFA
S3150801F9804FF48003C5F88431E9E700BF008001B868
S3150801F99000E100E000A001B808B511F07AFC0E4BB1
S3150801F9A01A78A2B90D4A126812F4843F0FD10C4A8B
S3150801F9B0102111651B7863B9084B1B68DB0508D450
S3150801F9C0074B20221A65BDE8084011F05DBC054ABF
S3150801F9D0EEE7044BF5E700BF017A0620B80D0020D3
S3150801F9E0002002B8001002B810B511F052FC0E2121
S3150801F9F004460320FDF74AFF40F20122034B204645
S3150801FA00BDE81040DA6211F03FBC00BF004000B803
S3150801FA100022044B1A70044B197811B11A70FFF7BA
S3150801FA20BBBF7047007A0620017A062038B511F067
S3150801FA3030FC4FF48043274C0546C4F88430BFF3A5
S3150801FA404F8FBFF36F8F4FF40043C4F88430BFF371
S3150801FA504F8FBFF36F8F4FF48033C4F88430BFF3F1
S3150801FA604F8FBFF36F8F4FF40033C4F88430BFF361
S3150801FA704F8FBFF36F8F4FF48023C4F88430BFF3E1
S3150801FA804F8FBFF36F8FFEF7E5FB4FF40023C4F8E2
S3150801FA908430BFF34F8FBFF36F8F4FF48013C4F8D1
S3150801FAA08430BFF34F8FBFF36F8F4FF40013C4F841
S3150801FAB08430BFF34F8FBFF36F8F4FF40003C4F841
S3150801FAC08430BFF34F8FBFF36F8F2846BDE83840A8
S3150801FAD011F0DABB00E100E038B511F0DAFB0546B2
S3150801FAE04FF480430E4C63604FF4004363604FF458
S3150801FAF0003363604FF480236360FEF7A3FB4FF482
S3150801FB00002363604FF4801363604FF4001363604E
S3150801FB104FF4000363602846BDE8384011F0B4BBD2
S3150801FB2000E100E02DE9F047DDF820A003EA01082D
S3150801FB30099B06460D4602EA000703EA0A09BAF1D5
S3150801FB40000F40F06881031F0B4300F02881052848
S3150801FB5071F1000380F0FE8050EA010300F0D081C4
S3150801FB60431E0B4300F03E81FFF760FFBD4AD2E911
S3150801FB70004323EA050324EA06043C4343EA08074B
S3150801FB80B94BC2E900471E6826EA0A0646EA09068B
S3150801FB901E60FFF701FF14F02A4F0CBF4FF4004314
S3150801FBA048F20203B14AB507D26EB14848BF43F4D9
S3150801FBB0005383EA020122EA0302C266AD4A0B40F8
S3150801FBC08166D366C4F380421203200348BF42F418
S3150801FBD08072E10648BF42F40052A749A30648BF0E
S3150801FBE042F4007214F0400FD1F88830A34800F0AF
S3150801FBF031815D0505D44FF480652B438560C1F8D5
S3150801FC00883014F0800FD1F888309C4800F05C8168
S3150801FC101D0505D44FF400652B438560C1F888306E
S3150801FC20974B9648D96817F4007F82EA010323F0B7
S3150801FC30805301EA030102EA0302C1608360914B22
S3150801FC40DA608D4B07F4007200F0468101224FF409
S3150801FC50802583F88420E30448BF45F48035A00352
S3150801FC6048BF45F48015A10748BF45F4001514F4AB
S3150801FC70001FDFF84C8206D0D8F800000FF0CAFD45
S3150801FC8008B945F40025E20248BF45F40035FB06EC
S3150801FC907D4B48BF45F480051A6A7C4985EA02030B
S3150801FCA023F001031A400A621D40CB61784B16F016
S3150801FCB0010F1D62774B784A08BF1A46774B7D07B5
S3150801FCC01B6F48BF42F00062754882EA030123EAC6
S3150801FCD002030367734B0A4041661A67724A04F0C6
S3150801FCE00103D16CA0F5803081EA030221EA030100
S3150801FCF0C16482641A406D4B2002DA64D8F8002088
S3150801FD0048BF6B4B92F8022158BF6A4B610748BF3F
S3150801FD1043F4806322B114F4C06F18BF43F48073AF
S3150801FD2032074FF03A42BDE8F047D2F8181148BFFA
S3150801FD3043F0004383EA010222F4A0225E481140FF
S3150801FD40C0F818111340C0F814215C4AC2F81831DA
S3150801FD50FFF7C2BEA0F580630B4306D020F480638B
S3150801FD60A3F500730B437FF4FFAE11F092FA3D49F8
S3150801FD70D1E9003223EA060322EA050242EA080229
S3150801FD803B43C1E900324E4A126892F802114A4AC7
S3150801FD9009B313F4C06F1ED04FF4807311E011F04C
S3150801FDA078FA304AD2E9003123F004033B4341EAA9
S3150801FDB0080157EA0807C2E900314FF480633E4A51
S3150801FDC00BD0C2F81431A2F58052C2F81831BDE839
S3150801FDD0F04711F059BA4FF48073C2F81831C2F8D6
S3150801FDE01431F4E711F055FA1E4AD2E9003123F02D
S3150801FDF001033B4341EA0801C2E900310123314AC3
S3150801FE0057EA08071BBF9364A2F58052D364D364EB
S3150801FE1008BF9364DBE750EA01037FF4A5AEBAF1A4
S3150801FE20010F7FF4A1AE11F034FA0F4A136823F0DB
S3150801FE30010343EA090313604FF40053184AB9F161
S3150801FE40000F04D05366A2F580521367BFE7136704
S3150801FE505366BCE723F48063C1F888304FF48063A6
S3150801FE608360CEE6B80D0020700C0520004000B86E
S3150801FE70006000B8005000B8003F00B0006001B84B
S3150801FE80004001B8005001B8000002B8002002B8CD
S3150801FE90001002B8041800030438000300C001B8B2
S3150801FEA000E001B800D001B800C000B800D000B821
S3150801FEB00D0A0A09090A0A09002000BA001000BA3F
S3150801FEC04809052000E000B823F40063C1F888302A
S3150801FED04FF400638360A3E693F8841071B183F845
S3150801FEE08420084BD3F8A41003F50053C3F8A410D3
S3150801FEF0C3F8A0104FF05023C3F8A4200025AAE6A2
S3150801FF00BDE8F08700400050024B186800F0010078
S3150801FF10704700BFB80D0020014B5879C0097047DA
S3150801FF20B80D00200A4B197801F0FF0229B100210A
S3150801FF30197008499202C1F80821597801F0FF029F
S3150801FF4029B1002159709302024AC2F80C3170474F
S3150801FF50F8790620005000B84FF40062034B5A6442
S3150801FF604FF40042A3F5E0339A667047001002B8D1
S3150801FF70F8B5084C084D636C0423084F6B64636C31
S3150801FF805B0300D4F8BD042602207E640FF091FBC2
S3150801FF906E64F4E7000002B8001002B8002002B847
S3150801FFA038B5044671B940B1154BDB6813F0606F7B
S3150801FFB004D04FF4C062134B9A6538BD124B1B6CC3
S3150801FFC0D907F6D4FFF710FD0D4D0020FDF7CEFC3D
S3150801FFD0032801D0092805D1AB6ADA07F5D4AB6C39
S3150801FFE0DB03F2D4FFF7C4FF0122084B5A61022250
S3150801FFF09A62042203F580535A64002CDDD0D8E7AF
S31508020000000002B8006001B800C002B8001002B8C9
S3150802001008B503210920FDF739FC2022014B1A6194
S3150802002008BD00BF000002B838B5054611F031F91F
S315080200300E4B04461868FCF7A5F835B1FFF7E8FC3D
S315080200402046BDE8384011F01FB9094B1B78002B32
S31508020050F6D0084B1D78002DF2D1FFF7D9FC2A46B7
S315080200604FF480400021FEF77FFDE9E748090520A5
S31508020070007A0620FF7906202DE9F84F584B0746E5
S315080200800E4615465C6C002A40F0A78004F0A004D0
S31508020090003C18BF0124FBF71BFCFEF749FFA0230F
S315080200A04FF0000A4F4A03205364FCF7EBFE042084
S315080200B0FCF7E8FEDFF86081FFF7AAFC4A4B4FF02F
S315080200C0040BC8F87430C8F878A0FFF751FF474BFD
S315080200D0444AD3F8BC1EDFF8089141F02001C3F860
S315080200E0BC1EFF2191604FF48071C9F81010D3F835
S315080200F0EC1E3F480840C3F8EC0EC2F844B0C3F8F9
S31508020100C4AED8F8143013F0060F04D0FDF778F809
S315080201105846FCF7B7FE0CB1FFF71EFF47B1FFF7CB
S3150802012063FCFFF775FF0420FCF7ACFEFFF7FAFE47
S31508020130D9F81430D9074BD5294AD36813F0706F0A
S31508020140FBD1284B2B4A5A642B4A536E23F0F003F1
S31508020150536616B12846FFF767FF284BD3F84C318A
S315080201605A1C01D05B0002D501221E4B5A61002D92
S315080201702ED0234B2049DA6E03F500539A6603F50F
S31508020180D0331B6A174A23F00103D3611D4BD1F8FA
S315080201908800DB681C4903438B601C4BC860D3F894
S315080201A0841003F5005399674FF03A43D3F81811B0
S315080201B003F50053C3F81411154BD96C03F5005314
S315080201C09964144903F5803359664FF60843536414
S315080201D00020BDE8F84FFBF725BC00245BE700BF0B
S315080201E0000002B8002002B800000101003000B089
S315080201F0DF0000FF10003000003F00B00080E00F73
S31508020200004000B8004001B8006001B8008001B89B
S3150802021000C000B85000002F00C001B838B5144617
S315080202200D4611F036F8064BD3F8BC2E54402C4036
S315080202305440C3F8BC4EBDE8384011F025B800BF9B
S31508020240003000B0034BD3F8BC3E99430CBF0120E3
S3150802025000207047003000B0174BD3F8BC2E12F0BE
S31508020260010312D0154B93F84830154A43F08073B0
S31508020270C2F8D0304FF4801302F50052C2F8B430F7
S31508020280A2F58052C2F8B83070471106EDD40D4B6C
S3150802029093F8471121B1D20602D593F84431E4E71F
S315080202A04FF480120020084B0549C3F8B820C1F85C
S315080202B0D000C3F8B4207047003000B0003F00B049
S315080202C0004000B8003E00B0006000B870B5164E97
S315080202D0032804460D4633781ED023FA04F202F0A8
S315080202E0010295421DD053B10122A240A54023EA3C
S315080202F002032B43DBB233704BB1012070BD2DB123
S315080203000A4B01201B6898473378EDE73570074B8F
S3150802031000201B689847F0E79A07DED003F0FC0333
S31508020320E9E7002070BD00BF037A0620AC0C052061
S31508020330F8B505460C4610F0ACFF104F06463B785A
S3150802034033B1012D04D01CB90D4810F023FD3C70C1
S3150802035021462846FFF7BAFF0A4B04461B783BB9E3
S315080203603B782BB90FF0B2F810B1074B1B689847C8
S31508020370304610F089FF2046F8BD00BF047A0620F1
S31508020380840C0520037A0620E07E0620054A0B46E1
S31508020390117831B100211170034A01215268187887
S315080203A010477047047A0620E07E062038B5074DC6
S315080203B004462B78834207D0FAF7E6FD20462C70CE
S315080203C0BDE83840E8F71CBA38BD00BF027A0620F5
S315080203D01B4B022910B5187002D0032904D010BD90
S315080203E0184B1B78002BFAD1F9F77AFA0028F6D0BF
S315080203F04FF40052144BC3F88420BFF34F8FBFF358
S315080204006F8FFAF77BFD0028E9D0FAF729FD002855
S31508020410E5D10E4B1C6834B123689847BDE81040F5
S315080204200020FAF7A5BD0EF0DFFD094B186011F0A2
S31508020430A4FA084B18602046FAF768FDEEE700BFF3
S31508020440CF7F0620027A062000E100E0980B0520FD
S31508020450A80C0520A40C052038B504460D46F9F764
S315080204603FFA80B14FF40052124B5A60FAF746FD32
S3150802047048B9012D07D80120FAF77AFD0E4B1B68F9
S3150802048023B15B6898470D4B1C7038BD11F075FA9D
S315080204900B4B1A68801A186010F040FD4FF47A72F6
S315080204A0084B1B6802FB00300EF0A0FD0120FAF78C
S315080204B02DFDE8E700E100E0980B0520CF7F062036
S315080204C0A40C0520A80C0520F0B585B010F0E1FEB5
S315080204D0334D04462B7823B1324810F05BFC0028D2
S315080204E047D110F0E7FC02AA03A90EF0D9FF03468A
S315080204F0002837D00EF0E8FF029B98421BD1002055
S31508020500294B03991B68294E994230701FD9002737
S31508020510C91A012323482B70254A334601970097A7
S3150802052011F003FA68BB234A1378D90701D5317843
S3150802053061B3204611E00EF0C5FF029B98421ED019
S31508020540002318461849194A0968137003910121AC
S31508020550FFF7BCFE002320462B7010F095FE002004
S3150802056005B0F0BD20462B7010F08EFE212005B096
S31508020570F0BD204610F088FE0E2005B0F0BD022020
S31508020580BEE7032320462F703370F3E703F0FE031A
S315080205901370002BCDD1084B1B6898472046DCE721
S315080205A0047A0620840C0520740B0520CE7F0620CB
S315080205B08D030208037A0620AC0C0520114B10B5F0
S315080205C05B6F002403F44073B3F5007F04BF022275
S315080205D00D4B0E4908BF1A600D4B0E4A1C700E4B86
S315080205E00E481A600E4A5A60E8F7BCF80D490E48DA
S315080205F0E8F7B8F80D4B0E4A1A60E8F70FFA2046E4
S3150802060010BD00BF00400050740B05202C3B0308A8
S31508020610047A0620C9040208E07E0620740C052026
S3150802062031030208343B03087C0C0520AC0C052078
S31508020630AD03020802220E4B10B41A640D4AA3F542
S31508020640005314685B687CB1DBB2042B07D1002225
S315080206500121094B186823465DF8044B1847052BF8
S3150802066002D100221146F4E75DF8044B704700BF39
S3150802067000E00950A00B0520480905200C4B10B5CF
S315080206801C6C5A6C14400B4A24F002011164E207EE
S3150802069005D540F2BD1200201968F9F7D7FBA30762
S315080206A004D5BDE810400248FFF7C4BF10BD00BF1D
S315080206B000C0095000E009502DE9F84F0E46884659
S315080206C056F8041B05461446002032461F460FF00C
S315080206D0A5F8D8F8008040460FF0A1F830B195B9D0
S315080206E0416819B14FEA18630D683DB90F213B46B7
S315080206F0224640460FF0ABF80D4617E04A799A4271
S3150802070001D00831F0E7DFF83890DFF83880D9F8F9
S3150802071000B0D8F800A03046C9F80040C8F8007002
S31508020720A8470025C9F800B0C8F800A0224601204B
S3150802073052F8041B0FF072F82846BDE8F88F00BF7E
S31508020740B40C0520B00C052070B50C4B04020D46FE
S3150802075004F4E064C0F307211B680C43084A043416
S315080207609C42126807D91D210FF071F80022134620
S3150802077010462B6070BD1060043BF9E7B00C0520EB
S31508020780B40C0520094A10B5116851B9B0F5006FC5
S3150802079009D2041D2046E7F7C7FE08B9044B1C60B8
S315080207A010BD1220FCE72120FAE700BFC00C052085
S315080207B0BC0C052010B5054C206818B111F08CF850
S315080207C0002323600022024B1A6010BDC00C0520CC
S315080207D0BC0C052038B5044608680D460FF0E6F845
S315080207E050B9094B1B6800202A68C4E900531A60ED
S315080207F0064B1B68A36038BD2028FCD1044B1B6836
S31508020800002BF0D10920F6E7C00C0520BC0C052008
S31508020810B80C05202DE9F84F1D460C6816464FEA16
S31508020820042AC4F307230AF4E06A4AEA030A1F4BB6
S315080208300AEB050B1B680BF104029A420746DDF820
S3150802084028802DD80123F20093409D4228D215B163
S31508020850B8F1000F27D03846FFF7BCFF8146E0B94A
S3150802086024F47F4424F0C70444EA1B244FEA0B2BE2
S315080208707B681FFA8BFB44EA0B0443F8044B534488
S315080208802DB118462A46414603F007FF0346012EB4
S315080208900CBF03F8015C23F8025C4846BDE8F88FF2
S315080208A04FF01D09F9E74FF02209F6E7BC0C0520BF
S315080208B038B50446054B00681D684068D4E901232B
S315080208C01146A8476368988838BD00BF007F06208E
S315080208D010B5044C23781BB90EF09FFF0123237031
S315080208E010BD00BF067A0620F7B50F46154606461E
S315080208F010B9222003B0F0BD00230360002AF8D005
S315080209000F4C226892B91821012001AB0192E7F730
S3150802091013FE0028EED1019B1F702A691D615A60D9
S315080209206A699A602360019B3360E3E723681A7851
S31508020930BA4203D05A6903F11404E3E72E20D9E731
S31508020940C40C0520044A0346106810B102789A427C
S3150802095000D170474069F8E7C40C0520014B1868B6
S31508020960704700BFC40C0520094A5168C84390FA6B
S31508020970A0F048B1B0FA80F0042805DC01238340D0
S315080209800B43536040B270474FF0FF30704700BFC9
S31508020990F00C05200021034B28220348C3E9001165
S315080209A003F073BEF00C0520C80C052038B50546C1
S315080209B0FFF7DAFF04460448294600EBC4000FF0A5
S315080209C065F8204638BD00BFC80C0520C3B2042B03
S315080209D010B513D80A4A02EBC00252E8003F0B438D
S315080209E042E80034002CF8D101220649824051E837
S315080209F0003F134341E800300028F8D110BD00BF7C
S31508020A00CC0C0520F00C0520F7B501270026184A5C
S31508020A101849194D106800B30B7807FA03F42042F7
S31508020A201DD0E04352E8004F044042E8004CBCF1B6
S31508020A30000FF7D105EBC303043353E8000F43E86D
S31508020A400064002CF9D1019048B1087801AA0B4933
S31508020A5005EBC0000FF052F8012003B0F0BD0B7889
S31508020A60506883422EBF00230133DBB20B70D1E7F5
S31508020A70F00C0520077A0620C80C05207856341291
S31508020A80024B1868003818BF01207047F00C052081
S31508020A902DE9F041194D06462B680C4613B900207C
S31508020AA0BDE8F08110F0FEFB2F680FB32A68012516
S31508020AB0D2E9047810F0F1FB002DF0D057EA0803CA
S31508020AC019D056EA04030CD10D4DD5E9006456EA4D
S31508020AD0040306D10B4B1B68984706460C46C5E924
S31508020AE00001BE4274EB08042CBF01200020D7E7A0
S31508020AF0B8463D46DEE70120D2E700BF080D0520CD
S31508020B00C00D0020000D0520F7B54FF0FF3427462B
S31508020B1005460E4610F0C6FB1A4B1B6883B910F041
S31508020B20BCFBB7F1FF3F08BFB4F1FF3F04D054EA5C
S31508020B30070315D1002427462046394603B0F0BDDF
S31508020B405969DA68019119695B685218019941F184
S31508020B500001A24271EB070C3CBF14460F46DDE7C3
S31508020B6055EA060304D1084B1B68984705460E4604
S31508020B70AC4277EB0603DDD3651B67EB06062C460C
S31508020B803746D9E7080D0520000D05202DE9F74F50
S31508020B90DDF840A00E46DDE90C7815469DF83CB016
S31508020BA008B1016891B9BAF1000F07D02946304653
S31508020BB0D04740F2034003B0BDE8F08F002DF8D0CD
S31508020BC0002EF6DB284604F0FFFAF2E7019010F051
S31508020BD069FB81465846E9F7A1FE0446484610F0E5
S31508020BE05CFB019A9CB9BAF1000F08D02946304637
S31508020BF0D04703203146E9F713FE1A20DBE7002D1A
S31508020C00F7D0002EF5DB284604F0DEFAF1E70E9B54
S31508020C10C4E90678E3600023636057EA0803A6601E
S31508020C202562226084F824B0C4F828A001D10E9B5C
S31508020C3033B1184B1B689847C019074648EB010899
S31508020C4010F030FB002205461349C4E904780B6804
S31508020C502BB1D3E904AB574578EB0B0011D2A2B9F5
S31508020C600B680C6063600D4B1C682CB1094B1B6842
S31508020C709847FFF749FFA047284610F00EFB0020C9
S31508020C8099E758681A460346E2E753686360546070
S31508020C90E9E700BF000D0520080D0520F80C052020
S31508020CA02DE9F74F4FF0000881460D4692461E463B
S31508020CB010F0F8FA4746DFF874B00190DBF8004006
S31508020CC084B9B8F1000F07D0174B1C6824B100206D
S31508020CD00021FFF719FFA047019803B0BDE8F04FBE
S31508020CE010F0DBBA22684A4511D12DB1A2682968EB
S31508020CF022F000428A420AD126B9626857B9CBF86D
S31508020D00002008E05146206AB0470028F5D0274659
S31508020D106468D5E77A60D4F8048020460EF062FE4D
S31508020D2044464FF00108CBE7F80C0520080D0520CC
S31508020D30014B1860704700BFF80C052070B50E46C7
S31508020D40094904460846154603F063F90023074A8B
S31508020D5030211360064A05201660064A15602246A7
S31508020D60BDE87040E9F76CBD14790308080D052043
S31508020D70000D0520FC0C052070B5044616461846DB
S31508020D800022002386B0CDE904230B4B0D461B68CF
S31508020D9013B9212006B070BD04A998470028F8D1D6
S31508020DA0DDE904230290CDE900232946324620468E
S31508020DB00EF052FEEEE700BFFC0C0520F8B505461C
S31508020DC010200F461646E9F713FE0446014610227E
S31508020DD0074803F023F944B101230020E3602B6896
S31508020DE0C4E9017623602C60F8BD1A20FCE700BF2F
S31508020DF01479030800200021014BC3E9000170475A
S31508020E00C00D00202DE9F04706460D464FF00009B1
S31508020E1050EA010318BF2B4BDFF8B48018BFC3E9A9
S31508020E200001294F30462946FFF732FEC0B9B9F10B
S31508020E30000F45D010F036FA002104460020FFF7CD
S31508020E4063FEB1F1FF3F08BFB0F1FF3F03D01F4B6E
S31508020E501B6803B198472046BDE8F04710F01DBA53
S31508020E6010F020FAD8F8004014B16368C8F80030C8
S31508020E7010F013FA3C60002CD4D0A36833F0004378
S31508020E8007D138680EF0AEFD00234FF001093B602A
S31508020E90C8E72368002BF4D018680028F1D0A268A6
S31508020EA032F00043EDD0D0E9009A236A21688068BF
S31508020EB0D0470028E5D1B9F1000FE2D04846EEE75F
S31508020EC0BDE8F087C00D0020040D0520F80C0520AA
S31508020ED0080D0520F8B504460D4610F0E3F9094B4E
S31508020EE01B684BB1D3E90667C4E90067DB682B6068
S31508020EF0BDE8F84010F0D1B900260027C4E900671A
S31508020F00F5E700BF040D052010B5064C237823B972
S31508020F10E0F788F918B901232370002010BD40F2C2
S31508020F200740FBE7087A062038B50A4B05461B78C0
S31508020F300C463BB908490948FFF7E6FF10B140F2EB
S31508020F40074038BD2946204600F0F3FC0028F8D0B1
S31508020F50F5E700BF087A0620EFBEADDEBEBAFECAC6
S31508020F602DE9F0431D4600239DB00F46DDE925898C
S31508020F700146164606A82022019309F094FB06A903
S31508020F8020222E4802AB0EF0E1FD0446202106A8D7
S31508020F9009F093FB002C39D101A902A8F1F7BCFA92
S31508020FA0044698BB264B10220E93652339460DF14B
S31508020FB03D008DF83C3009F076FB102231460DF1E2
S31508020FC04D0009F070FB2A4601250DF15E010DF16F
S31508020FD05D000EF0ACFD249A0DF1650119A80EF01C
S31508020FE0A6FD4B46352201980EA98DF86C408DF860
S31508020FF06B50F1F7DBFA044640B9434635220198AD
S315080210000EA98DF83850F1F7D1FA0446102102A834
S3150802101009F053FB3CB11021484609F04EFB10215A
S31508021020404609F04AFB019809F08EFA0EA83521C6
S3150802103009F043FB20461DB0BDE8F0832979030871
S315080210400062746C73B5144D144C2B68206803F057
S31508021050100200F0020010431CD01B074CBF0126E9
S31508021060A67AF2F741FF01968379C3F3C00383F0A8
S315080210700103DBB20093E388A288217A607A00F042
S31508021080D3F838B9236823F0020323602B6823F0C8
S3150802109010032B6002B070BD7C0805200C0D0520DC
S315080210A010B501210024094B0948A3F10802C3E936
S315080210B0004443F8081C4FF01013517253600AF0AB
S315080210C0ADF904480AF0AAF9204610BD140D052008
S315080210D0097A062080080520014B187B704700BF55
S315080210E00C0D0520024BD87A003818BF012070472C
S315080210F00C0D052010B5064C23681B0707D5F2F719
S31508021100F3FEF6F723FE236823F00803236010BDD7
S315080211100C0D05202DE9F041354F3B68580707D5D8
S315080211200021084600F0A6F83B6823F004033B605A
S31508021130F2F736F8064658B12E4DAB7A13F0180F69
S315080211403CD1281DF2F700F90446A0BB043500E09D
S31508021150294DDFF8A88029464046F2F729FFF8B953
S3150802116076BB98F8066006F01806003E18BF0126F8
S31508021170AB792846190725D5F3F7DAFF0446D0B91D
S315080211802B68C8F80030AB88A8F80430AB79532B23
S3150802119088F8063019D11EB13B6843F008033B6054
S315080211A0FFF750FF044630B9FB7ADBB13B685A07B2
S315080211B00FD5FFF79FFF2046BDE8F0810026C5E759
S315080211C00126D5E7F3F798FFD8E73B6823F008032B
S315080211D0E5E70121084600F04DF838B93B6843F0C7
S315080211E004033B603B685B07E5D5E2E70446E2E7B2
S315080211F00C0D05207C08052087080520097A06209B
S3150802120010B5044640B1012802D106480AF006F98B
S31508021210BDE81040FFF77EBF02480AF0FFF82046F5
S3150802122010BD00BF80080520F8B507460E4642F2F3
S315080212304100082115461C460CF0C8F89DF81830DE
S315080212404771C3709DF81C3086710371A0F8075068
S31508021250A0F809400648EAF78DFD0CF0BAF840797D
S3150802126020B10CF0B6F8407940F48050F8BD00BFC2
S315080212707DBE000838B505460C4642F242000621F4
S315080212800CF0A4F80023C57043718371C37103720D
S3150802129004710648EAF76EFD0CF09BF8407920B116
S315080212A00CF097F8407940F4805038BDE5BE000846
S315080212B0704708B5E9F7C4FCBDE80840E9F706BD7A
S315080212C0F7F796BEF7F744BD002303600E20704772
S315080212D070470F20704710B5044608B1DFF73AFB8E
S315080212E02046BDE8104010F0FBBA00F4E040B0F525
S315080212F0805F04D0A0F50053584258417047012038
S315080213007047F0B51E4620F47F0387B0B3F1106F1D
S315080213101546DDE90C7CDDF838E006D1D1E908236B
S315080213204C68240A04D0012C0BD06FF0850006E025
S31508021330CDE903CECDE90167009502F051FE07B06B
S31508021340F0BDCDE903CECDE90167009502F0B4FD03
S31508021350F5E73AB1002918BF00232121D21A184409
S3150802136003F093B9704741F2052398421AD8B0F5AB
S31508021370905F09D241F2010398420CD0B0F5885F1A
S3150802138009D06FF0850070472923A0F5905080B2E6
S31508021390C340DB07F5D511F0070F14BF6FF08600BF
S315080213A000207047B0F5105FEBD121F04003802B87
S315080213B006D0B1F5807F14BF6FF086000020704713
S315080213C00020704770B5046A05460E463CB90120EE
S315080213D002F082FF286228B120466E6270BD6FF065
S315080213E08A00FBE76FF08C00F8E7F8B50F4611465E
S315080213F006461546FFF7E6FF044620B92A46394649
S31508021400306A03F04AF92046F8BD2DE9F041089EF4
S3150802141088461F460488FAB12046FFF766FFD8B108
S31508021420316809B9D10031602046FFF79CFF0446AE
S3150802143078B9CD1DB2EBD50F11D1069B9A4211D8B8
S315080214404146384603F029F93368079A0733DB0819
S3150802145013602046BDE8F0816FF08504F9E76FF066
S315080214608604F6E76FF08904F3E710B50446006AC6
S3150802147010B1616AFFF72FFF0020C4E9080010BD0A
S3150802148038B50446FFF7F1FF237E012B0FD0023B46
S31508021490012B0FD8E369012B14BF6FF096050025BF
S315080214A028220021204603F0F0F8284638BDE369D1
S315080214B0002BF1E76FF09605F2E713B50446C0B1C3
S315080214C001A9DFF785FF044698B9019B1A7E022A0D
S315080214D012D103221A761A79FF2A10D01AB158693C
S315080214E000F05AFC0446019800F02BFC002818BFAD
S315080214F00446204602B010BD6FF09604F3E76FF07B
S315080215008404F0E773B5054608460C4600F00DFB61
S31508021510002328461A4601A9DFF7B2FB50B9019EF5
S3150802152035460FCD0FC495E8030084E8030030461C
S3150802153000F01CFC02B070BD70B5144602881D4648
S315080215401046049EFFF7D1FE68B944F2010322F45D
S315080215504050984207D002F44F42B2F5824F02D069
S31508021560B2F5844F0ED1B4420FD82246284603F06C
S3150802157094F80021321B281903F087F80020059BEE
S315080215801C6070BD6FF08500FBE76FF08900F8E715
S31508021590F0B50F461E46154685B03AB3002301221A
S315080215A0336003A9DFF76CFB044678B903984368EE
S315080215B0D0E908121B0A0CD0012B11D06FF0860451
S315080215C0039800F0D3FB002C08BF0446204605B05A
S315080215D0F0BD3B46CDE90056FFF7AEFF0446EFE7FE
S315080215E03B46CDE9005602F04BFBF7E76FF089045C
S315080215F0ECE770B514460288049D02F4E040B0F5A3
S31508021600804F1CD144F2010022F44056864207D08C
S3150802161002F44F42B2F5824F02D0B2F5844F0ED190
S31508021620AC420FD81846224603F037F800212A1B87
S31508021630204403F02AF80020059B1C6070BD6FF059
S315080216408500FBE76FF08900F8E7F0B50F461E46FE
S31508021650154685B0FAB1002303A91A463360DFF7A7
S315080216600FFB044688B9039803885B0410D5CDE9B5
S3150802167000563B46D0E9081200F01AFB04460398C6
S3150802168000F074FB002C08BF0446204605B0F0BDE6
S315080216906FF08604F3E76FF08904F6E72DE9F34164
S315080216A00C461946002366680B6030461746D4F87E
S315080216B0148000F05DFB054688B9304600F05AFBF7
S315080216C0054660B9F6B276B9B8F1000F05D1A06839
S315080216D020F47F4020F0030060B16FF086052846AB
S315080216E002B0BDE8F0810146606900F019FB0028E6
S315080216F0EDD1F2E74FF6F87362889A4219D894F850
S315080217000480B8F1000F00D101A83946DFF720FEA0
S3150802171005460028E3D10FCC3F683E460FC694E83B
S31508021720030086E80300B8F1000FD8D1019B7B615C
S31508021730D5E76FF08505D2E738B50379044615462D
S315080217404BB9636900202B60237E012B0AD02860DF
S315080217506FF0960005E0D0E9081200F038FB002881
S31508021760EFD038BD02232376FBE708B1FFF788BE20
S31508021770704710B50446006858B104280AD00528EF
S315080217800DD06FF0860000232360A3886FF3080349
S31508021790A38010BD04F1080002F015FCF3E704F17A
S315080217A0080002F07CFBEEE70123DFF7E3BB38B55E
S315080217B005462B68D3B112B90024204638BD042B3E
S315080217C007D0052B0DD06FF086042846FFF7D1FF08
S315080217D0F3E705F10800E6F7BBF904460028EBD063
S315080217E0F3E705F1080002F035FBF6E76FF0880427
S315080217F0E3E72DE9F041054600680F461646984686
S3150802180068B36A79D2072AD52A7942B3B24229D865
S31508021810042808D005281DD06FF086040023C8F8CE
S3150802182000602B7106E005F10800E6F7C7F90446E1
S315080218300028F3D137B1324621463846D8F8003067
S31508021840FFF787FD2846FFF794FF002C18BF2046AE
S31508021850BDE8F08105F1080002F00FFBE7E76FF03B
S315080218608804DBE76FF08904D8E71FB501240394DF
S31508021870089C0294079C0194069C0094DFF76AFA76
S3150802188004B010BD03681943B1FA81F040097047E4
S315080218902DE9F04705469A46002386B0059305F0DA
S315080218A0FE43B3F1106F0846DDE90E679146DDF88F
S315080218B0408036D12B464FF4804205A9DFF7E0F97E
S315080218C0044680BB05990B8823F0FF03B3F5E24F64
S315080218D002D0B3F5E44F04D14B880733B7EBD30FE5
S315080218E024D353464A462846CDE901780096FFF79F
S315080218F008FD044666B90023C8F80030059800F0CA
S3150802190035FA002C08BF0446204606B0BDE8F08723
S315080219100028F3D039463046DFF732F9C8F80070A6
S31508021920ECE76FF08604002EE5D0F3E76FF0890442
S31508021930F9E7DFF725B908B50088DDE90221FFF7DF
S31508021940D4FC20B1BDE808401046DFF719B96FF09C
S31508021950850008BD2DE9F04F1E46002389B01746BB
S31508021960129ACDE905331360438881460D46002B4A
S3150802197000F0D880038803F4E043B3F5804F00F003
S31508021980D18031462846FFF77DFF002800F0CA803D
S315080219904946012006AB05AAFFF780FE0446002841
S315080219A040F08B80059B5B6AA3B1DDF81490CA46AA
S315080219B0D9F80430D9F820B01B0A5AF8248F00F057
S315080219C08180012B00F0A7806FF086040598FFF747
S315080219D04CFD72E0D9F804301A0A67D1B9F800A0AA
S315080219E0B9F802105046FFF780FC80B15046FFF75F
S315080219F0BAFC0446002860D10AF4E043B3F5805FD6
S31508021A0002D0B3F5005F0FD10731CA081CE00AF409
S31508021A104F43B3F5824F04D10AF4E043B3F5E04FDE
S31508021A2007D06FF0850448E00AF44F43B3F5844FB4
S31508021A30EAD047F201039A450FD149080131C9088C
S31508021A4001EBC10101F13B02079207990598FFF7DD
S31508021A50B9FC04460028A8D02FE044F201039A45AF
S31508021A6003D1C90801F11002EEE747F202039A45CB
S31508021A7005D1C90801EB410101F15A02E4E744F232
S31508021A8002039A4505D1C90801EB410101F14A024F
S31508021A90DAE72AF0FF00B0F5E24FB5D0B0F5824F8B
S31508021AA001BFCC1DE4086400621CCDE7484607A9BD
S31508021AB000F03FF804460028C7D0DDE90501FFF724
S31508021AC054FE24E0B9F800305B040BD433463A4698
S31508021AD029464846CDE9018ACDF800B0FFF72BFF23
S31508021AE0044609E0534642465946484602F043F937
S31508021AF010F1860F0446E9D0002C7FF467AFDDE9C2
S31508021B000501129AFFF718FE04460028D5D1204689
S31508021B1009B0BDE8F08F534642465946484601F099
S31508021B20FCFFDDE76FF08604F1E71822002102F0D8
S31508021B30ACBD10B544680288240A438806D0012C35
S31508021B4056D000236FF086000B6022E002F4E040D4
S31508021B50B0F5805F02D0B0F5005F05D10733DB0828
S31508021B6040D16FF0850014E002F44F40B0F5844F7F
S31508021B7003D10733DB0853B9F3E747F20100824280
S31508021B8008D15B080133DB0803EBC3033B330020B0
S31508021B900B6010BD44F20100824202D1DB08103309
S31508021BA0F5E747F20200824204D1DB0803EB43035E
S31508021BB05A33ECE744F20200824204D1DB0803EB13
S31508021BC043034A33E3E722F0FF02B2F5E24FD0D0ED
S31508021BD0B2F5824FC5D10733DB085B000133012B0F
S31508021BE0D5D1BEE722F0FF02B2F5824FF7D0CEE793
S31508021BF002F4E044B4F5805F03F1070002D0B4F5BD
S31508021C00005F08D1C308002B4AD022F0FF04B4F5BE
S31508021C10824F43D00EE002F44F44B4F5844FF1D01C
S31508021C2047F20104A24215D15B080133DB0803EB34
S31508021C30C3033B33033310F0180F23F0030301D118
S31508021C40072805D122F0FF02B2F5824F08BF0433F6
S31508021C502C339CE744F20104A24202D1DB0810337A
S31508021C60E8E747F20204A24204D1DB0803EB430386
S31508021C705A33DFE744F20204A24204D1DB0803EB3B
S31508021C8043034A33D6E722F0FF03B3F5E24FB9D04E
S31508021C90B3F5824F04D1C3085B000133012B05D18A
S31508021CA022F0FF04B4F5824F0B68C3D1013BC1E7AA
S31508021CB02DE9F34745680446DDE90A672D0A884691
S31508021CC091469A4606D0012D16D06FF0860002B0CC
S31508021CD0BDE8F087CDE9006702F060F810F1860FDB
S31508021CE0F5D153464A4641462046CDE90A6702B02F
S31508021CF0BDE8F047FFF77DBCCDE90A6702B0BDE84B
S31508021D00F04701F00CBF037E022B06D1C3695A1CA9
S31508021D1003D00133C361002070476FF09600704705
S31508021D2003466FF040420846591E914207D338B11E
S31508021D3003F1404393428CBF0020012070470120E3
S31508021D407047034668B1017E8A1E012A0BD8032909
S31508021D50C26903D1012A01D1FFF792BB1AB1013A2E
S31508021D60DA61002070476FF096007047FFF7E9BF07
S31508021D7000207047C0B2FF280CBF6FF08600002013
S31508021D80704707B500216A4601F00DFD8C3018BF71
S31508021D90012003B05DF804FB13B500216A46044628
S31508021DA001F001FD8C3002D1002002B010BD0021E5
S31508021DB02046E5F7BBF9014610B16FF09800F4E743
S31508021DC06A46204601F0EFFC8C30EDD0F5E72DE9A6
S31508021DD0FF4107461446884600293FD0002A3DD0CF
S31508021DE0B2F5005F3DD202F124063146012002F027
S31508021DF073FA0546C0B303463A4621464046DFF71C
S31508021E003FFB7F6900243846FFF7BBFF01281FD036
S31508021E1021462B46324638460094E5F7C5F8014670
S31508021E20C8B9384602AA01F0BEFC044620B9029B8C
S31508021E309E4205D06FF0980438460021E5F776F9F8
S31508021E4031462846FFF747FA204604B0BDE8F08136
S31508021E506FF08A04F4E76FF09804F1E76FF08604EE
S31508021E60F2E76FF08D04EFE76FF08C04ECE7FFF70B
S31508021E7032BA2DE9F047D0F814A086B081468846D2
S31508021E8017465046002104AA01F08DFC044610BBF1
S31508021E90049E0120314602F01FFA0546002837D073
S31508021EA02146504604AA039401F07DFC044670B903
S31508021EB003AB02462146CDE9005350463346E5F7C1
S31508021EC0E1F8039B04469E4209D06FF09804314616
S31508021ED02846FFF700FA204606B0BDE8F087002834
S31508021EE0F5D13B46424631462846CDF80090DFF703
S31508021EF0E5FA04460028EAD1D8F800302BB13B6847
S31508021F00002B08BF6FF09104E1E76FF09104DEE75A
S31508021F106FF08C04DFE700230360704703680B60E9
S31508021F2001607047036803B970478B4204D10B6896
S31508021F30036000230B6070471846F3E7FEE7DFF7F6
S31508021F400FBBFEE700239A4200D1704710B550F83E
S31508021F50234041F8234001339A42F8D110BD436821
S31508021F6003B1184722207047436903B11847FF2077
S31508021F70704737B50D680C46AB88ADF804302B7838
S31508021F80022B0CD00DF1030101A800F065F89DF8AB
S31508021F900330204683F001032B70E6F759FF03B09E
S31508021FA030BD03681878704713B50468A388ADF87E
S31508021FB004302378022B15D00DF1030101A800F095
S31508021FC04BF8A2799DF80330012A13D1618843EAB6
S31508021FD041034FF6E07163F03F039BB28B4203D194
S31508021FE02270638002B010BD4FF6DF729342F8D1B9
S31508021FF00022F5E7002AF5D183F001032370F1E701
S3150802200003681A78022A03D100225A80DFF728BB0E
S31508022010704710B504682378022B07D0A379022BE0
S3150802202002D16079DFF76AFC0223237010BD70477C
S31508022030F8B50E461746044660B10FF033F9054661
S315080220403A4631462046E4F7C3F828460FF025F902
S315080220500020F8BD2220FCE738B50D46044698B1A3
S3150802206091B10FF01FF930222378534303F1A043AD
S3150802207003F570335B6C6278D34003F001032B706F
S315080220800FF00BF9002038BD2220FCE7416C4369AA
S3150802209010B5DA1CA1F11404B2FBF4F203EBC20088
S315080220A00330B0FBF4F0B1F5805F00F1010002D114
S315080220B0012828BF0120013010BD38B505460C4657
S315080220C0FFF7E4FF6B6CA3F11402B3F5805F02FB22
S315080220D000F005D140F6E8736969994288BFCC30A9
S315080220E0E31DB3FBF2F3013304EBC304204438BD0A
S315080220F038B5054644692146FFF7DFFF6A6CE31DDA
S31508022100143AB3FBF2F3013304EBC304204438BD9B
S31508022110F7B507460E4600257C6CA819644280EA84
S3150802212006031C4003D02C46204603B0F0BDFB6BC9
S3150802213001225B6901A99847019B0133F4D1043551
S31508022140EAE770B505460C46E0F70EFFEB6B20464C
S31508022150BDE87040DB68184770B50025044686B0AE
S315080221600562E369AB4202D8206A06B070BD666CA6
S315080221702068E36B05225B6901A906FB05009847FF
S3150802218001A800F076FC00F099FC10B1236A01332D
S3150802219023620135E5E738B50446456C006804F163
S315080221A0400305FB0101E06B00F095FC054620465D
S315080221B0FFF7D2FF284638BD2DE9F04700254FF034
S315080221C0FF384FF6FF730446C1462F4686B0C0E96C
S315080221D00853E369BB420DD8A5EB0805012D06D9BC
S315080221E04FF6FF7300256362E369AB4226D806B051
S315080221F0BDE8F0872368E26B606C566900FB07301E
S31508022200052201A9B04701A800F033FC824601A8BD
S3150802221000F006FC0646504600F050FC60B1B14597
S3150802222088BF6762B04528BFB046B54238BF354653
S31508022230B146236A013323620137CAE7666C20680E
S31508022240E36B052206FB05005B6901A9984701A80D
S3150802225000F0E6FB0135C7E7F0B50546002687B06C
S31508022260EC69013CB44203D80C46204607B0F0BDDF
S3150802227001B14C1E6F6C2868EB6B05225B6901A9DC
S3150802228007FB0400984701A800F0F3FB00F016FCD0
S315080222900028EAD121460136E2E7F0B504460D46A2
S315080222A0466CE36B006887B005225B6901A906FBE9
S315080222B00500984701A800F0DCFB00F0FFFB20B1FF
S315080222C001A800F0ADFB07B0F0BD29462046FFF78E
S315080222D0C3FF0646676C2068E36B05225B6901A9A2
S315080222E007FB0600984701A800F09AFB431CEAD0B0
S315080222F0B54238BF0130E6E72DE9F0434FF6FF79DC
S31508022300D0F8248004460E46C84514BF4546002523
S31508022310002787B0E369BB4202D807B0BDE8F0835D
S31508022320E26B2368606CD2F814C000FB0530052204
S3150802233001A9E04701A800F09CFB022806D0C8457F
S315080223400CD1721C29462046FFF725FFE3690135A1
S31508022350B5FBF3F2013703FB1255DBE729462046A4
S31508022360FFF79BFFB0F1FF3F14BF02463246013228
S31508022370E8E70368F0B5CC1A436C0646B4FBF3F4F7
S31508022380002587B0F36937685A1E9542706C08D3E0
S31508022390706C336800FB043007B0BDE8F04000F00B
S315080223A098BB0134B4FBF3F203FB1244F36B052228
S315080223B05B6901A900FB0470984701A800F059FB64
S315080223C000F07CFB0028E3D10135DBE710B423F0EB
S315080223D0030422449B070A44436C18BF04325B4237
S315080223E081EA0204234203D05DF8044BFFF7C1BF1A
S315080223F010465DF8044B70472DE9F041D0E90A36DC
S315080224009E42044686B028D11422C369456802FB57
S315080224101355284606B0BDE8F0812068676C331A62
S31508022420B3FBF7F3E26B07FB0300D2F8148001A9AA
S315080224300522C04701A800F01CFB012804D0636CE2
S315080224401D44013B3340ED1A31462046FFF791FF02
S315080224500646A36AB342E0D1DBE70025F9E708B5E9
S3150802246008301346D1E90012E0F704FD012008BD41
S3150802247013B50C460021217600936168134622465D
S31508022480DFF7B2FA18B1E37D03B1A07EA075A07D8D
S3150802249002B010BD73B5164600F108050C4628466B
S315080224A009680DF1070200F098F9032E06D1636850
S315080224B0834203D12846216800F076F9012002B04A
S315080224C070BDD01E009B42424241187E824211D103
S315080224D01A688A420ED85A688A420BD35A69013256
S315080224E05A61D3E9030282423FBF986840F8221034
S315080224F001321A610120704710B5032A029C07D1DE
S31508022500A26A5340626C5242134201D100F04CF95E
S31508022510012010BD08B5C36800209847BDE80840E9
S31508022520E0F72ABD012814BF0420022070B5002452
S3150802253042431C70CC7D101D02F002024CB91AB13E
S31508022540012220F003001A7000F1080348681844B3
S3150802255070BD1AB1012220F003001A7000230C7E06
S3150802256001F12005DAB2944201D80020F0E735F8E5
S3150802257033205E1C824206D901EBC30300F108022E
S31508022580D8691044E4E73346801AEBE773B5054683
S3150802259090F842601C4630460DF10303FFF7C2FF6E
S315080225A0EB6B012E5B690DD1324601A998479DF85E
S315080225B0033013B1BDF806300193BDF80430236029
S315080225C002B070BD0122214602B0BDE8704018472C
S315080225D0F0B5054600244868EB6B87B00E46012223
S315080225E05B69029402A908309847274695F8423053
S315080225F0012B40F0AC80632C00F2AB80612C08D82A
S3150802260005AB224631462846FFF7C0FF9DF814302F
S315080226105BB3224605AB314628468DF81070FFF7A4
S31508022620B5FF95F84220059B012A7FD14FF6FF7226
S31508022630934256D0082205A904A800F066FA059B1B
S315080226409DF81010C3F3072291424AD1DBB2029ACF
S315080226501A44029245E0DCD005AB224631462846AA
S31508022660FFF794FFBDF81430D2E795F84230012BF4
S3150802267039D1612C2ED822463146284603ABFFF7BC
S3150802268085FF3146284604AB621CFFF77FFF3146B9
S31508022690284605ABA21CFFF779FF102208230DEB8B
S315080226A002010DF107008DF8073000F02EFA10220C
S315080226B005A90DF1070000F028FA039BDAB24AB918
S315080226C09DF80720B2EB132F04D1DDE9043203EBA0
S315080226D00243029395F84230012B14BF01230223C9
S315080226E01C44013482E7302CF4D822463146284667
S315080226F003ABFFF74BFF3146284604AB621CFFF7D4
S3150802270045FF102320220DEB03010DF107008DF87A
S31508022710073000F0FAF9039B9AB2002ADAD19DF83B
S315080227200720B2EB134FD5D1049BD2E70133D8D099
S31508022730102205A90DEB020000F0E7F9059B9DF8AA
S315080227401010C3F307429142CBD19BB27FE7312CDB
S3150802275081D9029807B0F0BD13B500240194049CF0
S315080227600094DFF7EBFD02B010BD13B50124019406
S31508022770049C0094DFF7E2FD02B010BD00234FF07F
S31508022780FF3230B544689C4202D10023037230BD41
S31508022790016801EBC30541F833206A600133F2E7A9
S315080227A0C0E90012FFF7EABF002370B545689D42EB
S315080227B010D0046854F8332004EBC306B2F1FF3F85
S315080227C009D0C2F31302914205D14FF0FF3244F801
S315080227D03320726070BD0133E9E70023F0B545681E
S315080227E09D4202D14FF0FF300EE00468DE0054F835
S315080227F03340671C09D0C4F31307B94205D1240D27
S315080228001470036833445868F0BD0133E8E770472B
S3150802281070B59400224605460E460FF04DF9431C44
S315080228200AD058B922463146284601F005FF002843
S3150802283014BF3D20002070BD6E20FCE77120FAE728
S3150802284013B5044601A8E3F737FBBDF80630238023
S315080228504FF480736380E3F74BFB6060002002B09D
S3150802286010BDE3F7B7BA08B5E3F7A4FA002008BD26
S3150802287010B5044644EA010313F00303084609D1D6
S31508022880934201D1002010BD54F8231040F82310BA
S315080228900133F5E72146920001F0FFFEF2E710B593
S315080228A004460FF00DF9431C10D088B9E3F720FB54
S315080228B0234620F003002044984201D1002010BD8F
S315080228C053F8042B0132F7D03E20F8E76E20F6E7DC
S315080228D07120F4E70A4601390144E5F7BFBE13B58C
S315080228E00023044601461B220DF107008DF8073026
S315080228F000F00BF922689DF80730B3EBD26F0CBFD4
S315080229000120002002B010BD13B50023044601467B
S3150802291020220DF107008DF8073000F0F6F80DF1C8
S3150802292007001A22211D00F0F0F862689DF80730A8
S31508022930B3EB926F0CBF0120002002B010BD0068F5
S31508022940431C584258417047006810F07E0F0CBF6E
S31508022950C0F3C160002070470068C0F3D310704707
S31508022960006800F07E00B0FA80F0400970470368FC
S3150802297013F07E0F14BF042008207047036813F073
S315080229807E0F03D1406820F07C40704713F0780030
S315080229901CBF03F07F03D81F7047006800F07F0052
S315080229A07047032809D0022803D1C1F10201C8B22F
S315080229B0704700290CBF07200020704737B5054627
S315080229C001F10C0443696946012220469847BDF87D
S315080229D00030012201932046AB6901A9984703B04A
S315080229E030BD37B501F10C04436901226946054633
S315080229F0204698474FF6FF72009B99B291420DD135
S31508022A006FF30F0343F4254343F0A5030193012211
S31508022A102046AB6901A9984703B030BD0020FBE701
S31508022A2037B5044600251B22011D0DF107008DF856
S31508022A30075000F06AF860689DF80720B2EBD06F7D
S31508022A4003D120F0784003B030BD0DF107001B22F8
S31508022A5004F108018DF8075000F057F8A0689DF8B0
S31508022A600730B3EBD06F01D1C043EAE74FF0FF302E
S31508022A70E9E74BF29A22036810B5B2EB134F044604
S31508022A8013D19BB2012B13D1FFF7CAFF01300CD029
S31508022A904FF6FF72E068B2EB104F4FEA104309D1C6
S31508022AA080B2C01A18BF012010BD2368013303D0B3
S31508022AB00420F9E70220F7E70320F5E701288CBF8F
S31508022AC0002001207047033801288CBF002001200E
S31508022AD07047143070472DE9F04105469846036958
S31508022AE008460E4617469847044638B943463A46B4
S31508022AF031462846E0F7B0FA044618B13146284668
S31508022B00FFF75CFF2046BDE8F0811F2A0B689EBFCF
S31508022B104FF0FF3191408B43590801F055315B1A4A
S31508022B2003F033319B0803F033330B44017803EB8C
S31508022B3013130A444FF0013103F00F334B43A2EB50
S31508022B4013620270704770B505460EF0ABFBD5F8F6
S31508022B5080400646013CC5F880404CB90EF099FB08
S31508022B600546214601200DF04FFD28460EF08CFB46
S31508022B703046BDE870400EF090BB70B50C461D4657
S31508022B80DBB90EF08FFB237F0646012B256784F8F7
S31508022B907450A56603D104F188000EF0FBF8E36DC4
S31508022BA01BB12046626E216F984730460EF075FBC0
S31508022BB02046BDE87040FFF7C6BF70BDF0B50446B3
S31508022BC0857A90F808E0477AC27A90F80CC0467B74
S31508022BD0E37B807B85B08DF8085084F86C200D461F
S31508022BE084F86D308DF800E08DF801C08DF8047018
S31508022BF08DF805608DF809008DF80C208DF80D30DA
S31508022C00002937D0257FDDB92A4604216846FFF711
S31508022C100FFA2A46012101A8FFF70AFAA37F04211F
S31508022C20012B94BF2A46012202A8FFF701FAE37F85
S31508022C3023B90122042103A8FFF7FAF905B0F0BD6A
S31508022C40002201216846FFF7F3F9042100220DEB61
S31508022C500100FFF7EDF9A37F0221012B94BF0022A1
S31508022C60012202A8FFF7E4F9E37F002BE6D101224D
S31508022C700221E0E70A4668460221FFF7D9F92A4601
S31508022C80022101A8FFF7D4F9A37F0221012B94BFE1
S31508022C902A46012202A8FFF7CBF9E27F002ACDD104
S31508022CA01146C8E770B5054614460E460EF0F1FA07
S31508022CB02B685C4034405C402C60BDE870400EF0E6
S31508022CC0E3BA08B50DF0DCF8BDE808400021E1F7E3
S31508022CD03DB80029CCBF01210021E1F737B802210E
S31508022CE04FF42070E1F76EBC704770477047704723
S31508022CF07047436D0B42FCD1704708B54368DA0743
S31508022D0014D58368DB0702D50369D90707D50A23D1
S31508022D1050218363FFF7EDFF836C9A07FCD10122EA
S31508022D2000F500535A6043689B07FCD408BD38B5C2
S31508022D300A46044619B9BDE83840FFF7DEBF012145
S31508022D4000F58053596002F00F0540F6FF71FFF750
S31508022D50D0FF78218563FFF7CCFF02F00103520703
S31508022D6048BF43F00203A26C02F003029A42FAD168
S31508022D7038BD70B5054614460E460EF08AFA2B681B
S31508022D805C4034405C402C60BDE870400EF07CBA72
S31508022D90022A10B54FF0000405D9033A022A0CD9C3
S31508022DA00360047110BD11F4000218BF4FF07F4290
S31508022DB021F07F4313430C0EF2E721F0FF03CCB256
S31508022DC0EEE730B4012500F5805344685D60CB78A0
S31508022DD04D785B0443EA05230D7889782B43090469
S31508022DE001F480310B43C0F89830E30702D430BCB3
S31508022DF0E2F78CBB30BC704738B50C46054611461F
S31508022E00E2F784FB2378627803F0070343EAC203F6
S31508022E10E278284643EA0223A278120102F07002F7
S31508022E2013432B67EB6AA27923F48B3323F480735B
S31508022E3043EA02432279120202F4E06213436279F8
S31508022E40120302F480521343EB62FFF7BAFF01231F
S31508022E5005F580525360E27902B1EB6038BD08B5D8
S31508022E600A6F496F02F00702FFF792FF08BD036C6B
S31508022E700B42FCD1704719B1012903D000207047D3
S31508022E80C0697047006A704710B50C460121FFF702
S31508022E90EEFF846110BDB0F1B24F04D1012908D802
S31508022EA029B9C26170470029FBD0012901D1026202
S31508022EB07047704710B50C4660210246FFF7D7FFE8
S31508022EC014B10123136110BD0223FBE70A4601214F
S31508022ED038B5157800F58053044659603DB94369FB
S31508022EE0D90704D54021FFF7C2FF022303615378AD
S31508022EF09078D1681B0320B939B143F40073616233
S31508022F0003E043F400730029F9D1D17843EA012397
S31508022F10117909B143F04003517909B143F08003AD
S31508022F20D17990790901127A41EA80010A43134359
S31508022F30E36045B16369DB0705D420212046FFF724
S31508022F4096FF0123236138BD0A4392B20021E2F7B4
S31508022F5095BF3AB122F0030202F1A04202F56032AD
S31508022F6009B9106070470002FBE738B505461446F2
S31508022F7021B94FF42070E0F72BFF014601396400AE
S31508022F80B1FBF4F10902E96138BD38B50D46E2F73D
S31508022F90DBFF012200F580535A602B8A826843F0D0
S31508022FA001031343AA7B044643EA822383608368A8
S31508022FB02A7D43EA42738360AB7C13B1E97CE2F76C
S31508022FC0A1FFD5E901122B7B204643F48053E36027
S31508022FD0FFF7CBFF6B7B0BB1102363616B7D1BB1D4
S31508022FE0A36843F48033A360AB7D1BB1A36843F4A3
S31508022FF00043A360EB7D2A7E1B07120503F0E0431C
S3150802300002F4E0021343A3652B78636138BD436873
S31508023010DB0702D5436D0B42F9D1704708B540F676
S31508023020FF71FFF7F4FF012300F58052536008BDD4
S315080230304368012B04BF00F500504360704743689C
S315080230409B07FCD4704708B540F6FF71FFF7DFFF10
S31508023050012300F58052936308BD08B540F6FF7157
S31508023060FFF7D5FF022300F58052936308BD08B522
S3150802307040F6FF71FFF7CBFF042300F580529363F6
S3150802308008BD08B540F6FF71FFF7C1FF082300F532
S315080230908052936308BD836C836C1B0600D4704709
S315080230A0C36BF9E74FF48072836C00F580539A6319
S315080230B0836C9B01FCD47047836C5A06FCD5416429
S315080230C0836C1B06FCD5C06B80B27047B0FBF1F06F
S315080230D00138704770B5054614460E460EF0D9F803
S315080230E02B685C4034405C402C60BDE870400EF0B2
S315080230F0CBB830B50022044600F0FC05A31803F04D
S315080231000303581921FA00F3DB0704D50132042A0E
S31508023110F4D14FF0FF3030BD03782BB9407805382B
S3150802312018BF4FF0FF307047012B09D14378012BA6
S3150802313019D0032B08BF042018BF4FF0FF30704781
S31508023140022B07D1437883B1052B10D0072B08BF72
S315080231500820F1E7032B0CD14378022B0CD0052B60
S3150802316008BF0A20E8E703207047062070470720B1
S3150802317070474FF0FF307047092070470B781B06DF
S3150802318083604A788B7843EA02438361FF2383622A
S315080231900023836303644FF0FF3300F50050036591
S315080231A070473AB122F0030202F1A04202F56032F8
S315080231B009B9106070470002FBE7704700207047A4
S315080231C008B10EF04BB92120704710B508B9212075
S315080231D010BD0029FBD0036813F0704205D1C3F372
S315080231E00E030B60B3B10020F2E703F05044B4F1CA
S315080231F0004F05D0B2F1304F02D0B2F1404FE6D1BE
S315080232008268D20404D5C369002BE0D01B68E8E7BC
S31508023210DBB2E6E74368002BD9D00B60E3E737B5A4
S315080232200C46054610B9212003B030BD0029FAD054
S31508023230002301A90193FFF7C8FF0028F3D12968E3
S3150802324011F0704102D1019B2360EDE7AA68B1F142
S31508023250204FC2F38033C2F34035C2F3003217D08F
S315080232600ED8B1F1004FDED152B2002A18BF06229B
S3150802327003EB450308BF00221344019A5343E3E7CD
S31508023280B1F1304F02D0B1F1404FCCD12B44F4E723
S3150802329052B2002A18BF05222B44EBE72DE9F74361
S315080232A00D4690461F460646E8B1E1B10468D1F8D4
S315080232B000904C451BD004F03043B3F1004F12D1B5
S315080232C084EA0903B3F1805F3CD2002301A9019382
S315080232D0FFF77BFF38B9019AC2F30E02144349EA93
S315080232E002039C422ED0212003B0BDE8F08314F0DD
S315080232F0704427D4B4F1805F29D00023694630464A
S315080233000093FFF762FF0028EDD1019001A9284634
S31508023310FFF75BFF0028E6D1DDE900239A42E3D0F6
S31508023320E1E70023B8F1000F06D043F48053B268F0
S31508023330A9684A401A42D6D1002FDED0AB689B0450
S31508023340DBD4D0E7002FECD14FF4C043EAE7002BD9
S31508023350F4D1B8F1000FD0D04FF4C043E7E7F7B580
S315080233600C460546002800F0BF80002900F0BC8004
S3150802337000230B60036803F070430B60C268032ADC
S3150802338000F2B280012A6AD812B143F000632360C0
S31508023390AA68900166D402F08072EB6813B9002A13
S315080233A040F0A280236823F0407313432360EA683F
S315080233B0022A08D12A69032A00F2968023F47F0397
S315080233C043EA02432360EB68032B04D12B69F62BED
S315080233D040F28A80A370AB68190442BF236843F49B
S315080233E000432360EB68032B1FBF23682A6862F336
S315080233F00E0323602A68AB6802F07042B2F1805F5E
S3150802340003F4805703F4806634D213F4F84F6BD171
S315080234100023284601A90193FFF7D7FE002863D1A6
S315080234202B6813F070414ED12368019A62F30E039A
S31508023430236097B1EA69002A56D0B1F1004F55D1F7
S31508023440117F19B116B143F400732360537F23B178
S315080234501EB1236843F48073236003B0F0BD43F0C2
S31508023460806394E702F04072B2F1407F18BF4FF0D2
S31508023470007292E75A0403F400511DD4002933D08E
S31508023480226842F4005222601B0542BF236843F4B5
S31508023490006323601FB1236843F4805323602B68BB
S315080234A003F07043B3F1404FB2D0002EB0D0236878
S315080234B043F480632360ABE7226842F480422260C9
S315080234C00029E1D0DCE703F05043B3F1004F05D001
S315080234D0B1F1304F02D0B1F1404F05D1019B5A1ECE
S315080234E0236862F30703A3E72120B6E70F20B4E7B0
S315080234F073B50C46054608B921201BE00029FBD006
S315080235000123C6684B609E4218D8002301A901937D
S31508023510FFF785FE0028EFD1019B06B11C336A69C5
S315080235209A4209D32A69002AE6D0226043F0005358
S315080235300020A36002B070BD1D20FBE7023E012EEB
S31508023540DAD80023F4E72DE9F0410D46044698B08F
S3150802355018B9212018B0BDE8F0810029F9D04FF03A
S3150802356000730360002315A943600362836028463B
S31508023570FFF7F5FE0028EDD1204615990DF078FFE4
S31508023580AB68DB043CD52B68002B50DA4FF00108F8
S31508023590EE696946376873682046CDF80480009359
S315080235A0029700F0E0F8B368204603A9CDF8108028
S315080235B00393059700F0D7F8F368204606A9CDF8D5
S315080235C01C800693089700F0CEF83369204609A9AD
S315080235D0CDF8288009930B9700F0C5F87369204641
S315080235E00CA9CDF834800C930E9700F0BCF8B36999
S315080235F020460FA9CDF840800F93119700F0B3F833
S31508023600284612A9E3F7D4FA0028A2D1204600F0E8
S31508023610AAF8284615A9FFF76BFF00289AD1204673
S3150802362015A90DF04BFF20460CF00CFD92E70F2072
S3150802363090E770B50E46154604468AB010B92120A1
S315080236400AB070BD0029FAD0002AF8D00023012258
S3150802365029463046FFF722FE0028F0D1F368002BF0
S31508023660EDD1EA68013A012AE9D84FF0807263601F
S3150802367028462260A360236207A9FFF770FE002886
S31508023680DED1204607990DF0F3FE304601A9FFF771
S315080236902FFF0028D4D1204601A900F064F8284655
S315080236A004A9E3F785FA0028C9D1204600F05BF899
S315080236B0284607A9FFF71CFF0028C1D1204607A9FB
S315080236C00DF0FCFE20460CF0BDFCB9E770B50D46C0
S315080236D0164604468AB010B921200AB070BD0029E0
S315080236E0FAD0002AF8D00023012231462846FFF7ED
S315080236F0D5FD0028F0D1F368002BEDD1EA68013A2E
S31508023700012AE9D84FF08172636028462260A360D5
S31508023710236207A9FFF723FE0028DED12046079970
S315080237200DF0A6FE284601A9E3F742FA0028D3D1EE
S31508023730204600F018F8284604A9FFF7D9FE002803
S31508023740CBD1204604A900F00EF8304607A9FFF7A8
S31508023750CFFE0028C1D1204607A90DF0AFFE2046AC
S315080237600CF070FCB9E7436882B013B9416002B045
S31508023770704743680193019B5B68012B019B01D14A
S315080237805960F4E75B68F5E7FFF718BD0120704753
S315080237900020704738B505460C4619B10A4600217D
S315080237A000F073FF38BD70B506460D4614468CB058
S315080237B0CAB11022002108A800F067FF002207AB51
S315080237C0029305AB019306AB00933046294608AB34
S315080237D0CDE90522E3F7C8FA18B9099B6360059B88
S315080237E023600CB070BD6FF08600FAE708B5FFF7E4
S315080237F0E5FC002814BF6FF09200002008BDFFF711
S31508023800F5BFF0B51C4600238BB023600F4616465B
S31508023810FFF7D4FC70B968460DF020FE054648B994
S31508023820324639466846E3F7A7F810B926600BB060
S31508023830F0BD25606FF09200F9E720F0FF03B3F5BB
S31508023840824F06D14138C0B2012894BF0020012018
S3150802385070470020704710B50024436814601B0A9D
S3150802386004D0012B09D06FF0850010BD0088FFF740
S31508023870E4FF084410600020F7E72C311160FAE7EC
S3150802388038B50A460C460021054600F0FEFE38BD4C
S31508023890406810B5000A029C04D0012808D06FF0CF
S315080238A08B0010BD93420CD8C4E904120020F8E735
S315080238B003F12C00904204D810311C332161636154
S315080238C0F4E76FF08C00ECE7F0B50B46C1680446E6
S315080238D001298DB002D000200DB0F0BD2B2A02D8E6
S315080238E06FF08900F8E713F003071A460DD001AD09
S315080238F003F1280C2E4610685168083203C6624541
S315080239003546F7D1106801AA3060012111800021DD
S3150802391051802168516061689160A168D160002F69
S31508023920D9D001AA0BAD144603CCAC421860596033
S31508023930224603F10803F6D120682C21186001A853
S31508023940FFF79EFFC7E72DE9F0470F4690469A46CE
S31508023950054694B090B189B182B14288D31D072B2E
S315080239604FEAD3095CD0038803F4E043B3F5805FDA
S3150802397002D0B3F5005F04D1530705D06FF0860471
S3150802398024E0B3F5804F4BD002AE20220021304608
S3150802399000F07BFE324649462846E3F7F1FD044627
S315080239A0A0B94B464246394628460096FFF770FFAD
S315080239B0044658B9282201460DEB020000F065FEBE
S315080239C00AA80DF04BFD28B16FF09204204614B0F8
S315080239D0BDE8F08731460AA8FFF7B5FD58B1482871
S315080239E014BF6FF092046FF085040AA8FFF7E8FB8C
S315080239F00028EBD0E8E76B681B0A012B06D0524673
S31508023A0049462846FFF727FF0446EEE74246394667
S31508023A103046FFF759FF0028F1D06FF08904E4E732
S31508023A206FF08504D2E72DE9F0439DB00D46DDE936
S31508023A30248916461F460446002868D0002966D0FF
S31508023A40002A64D0002B62D0B8F1000F5FD0B9F11A
S31508023A50000F5CD02022002102A800F016FE2046A4
S31508023A603246294602ABE3F7F9FD0446F8B90AAD30
S31508023A7002AE0FCE0FC596E80F0085E80F000C9A26
S31508023A807B1C22F080720E9322F4804208F1020314
S31508023A9023F0030342F4005201A90AA80D940F93D6
S31508023AA00C920194FFF7BBFB28B16FF092042046F3
S31508023AB01DB0BDE8F083019B01334345019329D824
S31508023AC02822214612A800F0E0FD12A80DF0C6FC35
S31508023AD00028EAD10AAA02A912A8E3F783F801285C
S31508023AE012D058B1482814BF6FF092046FF08504BB
S31508023AF012A8FFF765FB0028D9D0D6E704233B7046
S31508023B00019BC9F80030F3E76FF08B04F0E76FF01A
S31508023B108604CCE76FF08904C9E7FFF714BFFFF7FD
S31508023B2082BF2DE9F04F9FB01546DDE928AB0F4657
S31508023B30994606462A9A002800F09C80002B00F037
S31508023B409980BAF1000F00F09580002900F0928062
S31508023B50002D00F08F80BBF1000F00F08B80002A49
S31508023B6000F088800023B0F80080CBF8003008F413
S31508023B704F41EB00B1F5824F13605ED15FFA88F1CF
S31508023B8012290DD128F0FF01B1F5824F02BF083B79
S31508023B905B081360B3F5047F04BF40F20923136080
S31508023BA000232A4603933946304603ABE3F73CFC27
S31508023BB0044600283DD1039C40460734E408FFF733
S31508023BC03CFE08B1013D01370DF110082022002103
S31508023BD04046039400F059FD214642463046E3F733
S31508023BE0CFFC044628BBC6460DF1300CBEE80F00D2
S31508023BF0ACE80F009EE80F008CE80F00EB1C21468C
S31508023C0023F00303282214A8CDE90F47119300F0E5
S31508023C103CFD2B46524649463046CDF80080FFF712
S31508023C2037FE044628B914A80DF018FC38B16FF00F
S31508023C30920420461FB0BDE8F08F2C46C4E74246E0
S31508023C400CA914A8FFF7F5FC88B95246494640461E
S31508023C50FFF73AFE88B95A4629463046FFF7FBFD72
S31508023C60044614A8FFF7ACFA0028E2D0DFE76FF0A3
S31508023C709204F6E76FF08604DBE76FF08904D8E76B
S31508023C802DE9F0479CB00C46DDE9249A15461F46F5
S31508023C908046002866D0002964D0002A62D0002B0C
S31508023CA060D0B9F1000F5DD0BAF1000F5AD083681F
S31508023CB0DB075AD52022002102A800F0E6FC21469D
S31508023CC02A46404602ABE3F7C9FC044638BB0AADAE
S31508023CD002AE0FCE0FC596E80F0085E80F0001A9C0
S31508023CE00AA8B8F800500194FFF799FA014628463F
S31508023CF0FFF7A3FD012804BF042307F8013B4FF091
S31508023D00000308BF09F1FF39CDE90D3709F10303AD
S31508023D1023F0030305460F9329B16FF09204204658
S31508023D201CB0BDE8F087019B4B4521D8282212A872
S31508023D3000F0ABFC12A80DF091FB0028EDD10AAAFF
S31508023D4002A912A8FFF7C2FC48B9019B2B44CAF87C
S31508023D50003012A8FFF734FA0028E0D0DDE76FF04A
S31508023D609204F6E76FF08604D9E76FF08404D6E783
S31508023D706FF08904D3E710B4048804F4E044B4F578
S31508023D80805F06D0B4F5005F03D05DF8044BFFF7F9
S31508023D90DABD6FF085005DF8044B704770B404888D
S31508023DA0DDE9035604F4E044B4F5804F04D0CDE9C6
S31508023DB0035670BCFFF737BE6FF0850070BC7047BC
S31508023DC0F8B51E4603880F4603F44F43B3F5824FF0
S31508023DD0154610D1089BE3F727FB044648B9069B0C
S31508023DE09D420BD82A463946304600F056FC079BB8
S31508023DF01D602046F8BD6FF08504FAE76FF0890466
S31508023E00F7E7E3F7EDB9F0B5044617461E460D4641
S31508023E108DB0D1B1C8B12022002104A800F035FC2A
S31508023E203A462946204604ABE3F718FC58B9169BCE
S31508023E3031460293159B04A80193149B0093DDE96E
S31508023E401223E3F71FFD0DB0F0BD6FF08600FAE707
S31508023E50E3F742BE10B413460C46014640B104B914
S31508023E6032B9224601F160005DF8044BE3F796BDCC
S31508023E706FF086005DF8044B704713B50C46014691
S31508023E8050B14CB142B13BB1009360301346224661
S31508023E90E3F7C0FD02B010BD6FF08600FAE738B549
S31508023EA0044630B1982500212A4600F0EEFB002090
S31508023EB038BD6FF08600FBE7E3F714BAE3F790B96B
S31508023EC0F0B5044615461F460E468DB019B96FF071
S31508023ED086000DB0F0BD0028F9D02022002104A8E2
S31508023EE000F0D3FB2388CDE90865B3F5105FEED160
S31508023EF06388C02B16D0B3F5807F15D0802B15D1D9
S31508023F0010208542CDE90400E1D3169B3946029377
S31508023F10159B04A80193149B0093DDE91223E3F78A
S31508023F20B1FCD6E71820ECE72020EAE76FF0850017
S31508023F30CFE7F8B50E4614461D46074600283DD07B
S31508023F40E1B302B9D3BB5C220021384600F09DFBDF
S31508023F5031463846069AE3F7FDFCA0B97288D208BC
S31508023F60182ABA6510D0202A1BD0102A26D10F2D5E
S31508023F7024D907F1380304F1100254F8041B9442B9
S31508023F8043F8041BF9D1F8BD172D17D907F13803E1
S31508023F9004F1180254F8041B944243F8041BF9D19D
S31508023FA0F1E71F2D0AD907F1380304F1200254F864
S31508023FB0041B944243F8041BF9D1E4E76FF0860028
S31508023FC0E1E7FFF7B6BF38B5044630B15C250021F4
S31508023FD02A4600F05AFB002038BD6FF08600FBE740
S31508023FE0E3F780B908B50DF0E3FA002008BD00F042
S31508023FF005B809B1E3F71EBE2220704700207047B4
S31508024000E3F766BEE4F78EB9E4F7C8B940B2E4F757
S31508024010F7B90E2070470E207047704770477047F1
S31508024020F8B50C468D18073552421540A5F1080712
S315080240300646384600F05AF9A0883B1B618800EB11
S31508024040E30080B2A1EBE30125F8040C25F8061C6F
S31508024050A188DA10D1B1A4EBC101B1F802C0C880B7
S3150802406002EB0C004880E188B9B18A1A92B204EBD5
S31508024070C10125F8022C8A80A2888AB9B26813443B
S31508024080F268B360934288BFF3600EE015F8081C25
S3150802409041F0020105F8081CE5E725F8021CEBE7E2
S315080240A0A4EBC2042278D207E8D43846F8BD2DE933
S315080240B0F04F17464FF0000887B07A1C109A05464B
S315080240C014BF3C460824CDF81480002A00F0CA80A2
S315080240D0C2F80080002900F0C78042688A4240F28E
S315080240E0C380073103F0010A21F007060DF0DAF85A
S315080240F005AACDE9008281463A4653463146284604
S3150802410000F0F8F8059F834607B130B948460DF026
S31508024110C4F8192007B0BDE8F08FB7F802802969FC
S315080241204FEAC802C0EBC8080139B8F1270F29615E
S315080241307DD9BAF1000F54D1864206F108084BD050
S31508024140224639462846FFF76BFF04460590A044E7
S31508024150404600F0CBF8059906F10F004A88C308D5
S31508024160A2EBD002A8F80220CA88A8F80430002ACE
S3150802417034D0D31A9BB201EBC202A8F80630938058
S315080241808B88F608A380B8F804303A46E38041469D
S3150802419000232846668000F014F9AB68EA680833FB
S315080241A09342AB6088BFEB60237843F00103237028
S315080241B02B6901332B616288AB68083403EBC203AF
S315080241C0EA68AB60934288BFEB60109B48461C6066
S315080241D00DF063F800209DE73C46B8E7A8F80620EC
S315080241E0CEE707EB08042046039200F07FF80BF1AE
S315080241F00703DB080599638008F10703DB08A38038
S31508024200CB8893B1DB00039AD81D821A5A44C2F3AB
S31508024210CF020B44E2809A80A38808F1FF384FEA5E
S31508024220D808A1F80280CB80B7E7E380F4E7BAF1B1
S31508024230000F1BD007F10803B3FBF4F204FB123399
S31508024240B3B1224639462846FFF7EAFE04462378E2
S315080242503A4643F00103237021460123284600F01B
S31508024260B0F8A8E7222055E7212053E78642E8D18D
S315080242703C46ECE707B500224FF0FF3101AB01924D
S31508024280E4F744F9019803B05DF804FB07B5009317
S3150802429013464FF0FF32FFF70AFF03B05DF804FB3F
S315080242A070B5049E15461A4696B1002333608DB141
S315080242B081B14D4333462946FFF7E8FF044628B93C
S315080242C0306818B12A46214600F0DFF9204670BD4B
S315080242D02224FBE72124F9E707B5002201AB019264
S315080242E0E4F72AF9019803B05DF804FB002303609A
S315080242F043607047F0B5D0E90554561C08BF08223A
S31508024300002B4FF0000008BF2C46069F3860002C91
S3150802431038D09DF814606588F60006EBC505C2F12B
S31508024320000C2078C00708D523BBE08898B104EBB7
S31508024330C004658806EBC505F3E78D42F4D35BB97D
S3150802434004F10800B0FBF2FE02FB1E00C0B10844ED
S31508024350A842EAD83C60F0BD082A11D0608801302C
S3150802436004EBC000A0EB010E0EEA0C0EA0EB0E0049
S315080243708542EFD2A0880028EDD0A4EBC004D8E786
S315080243800846E7E72046E6E703460069C0B10AB9E8
S3150802439051B91A6810460378DB0711D531B9C388B3
S315080243A05BB100EBC300F6E79A69F3E7012904D18A
S315080243B0838823B1A0EBC300EDE7002070471846B7
S315080243C070472DE9F041D0E9055407468846164656
S315080243D0ABB1954200D00ABB424600213846FFF7E8
S315080243E0D3FFB442054600D02EB9424601213846CB
S315080243F0FFF7CAFF0446C7E90554BDE8F0819542AE
S3150802440008D08D4228BF0D46B44205D0444538BF70
S315080244104446F0E70D46F7E74446ECE79442EAD10C
S31508024420E3E738B51C46C3E900010023C4E90500E1
S31508024430C4E90233236122776362FFF757FF2369D0
S315080244400139C908013341802361A368E268083348
S3150802445093424FF00000A36088BFE36038BD08B5F9
S31508024460E4F76EF908BD002307B5684600938DF890
S315080244700430E0F72DFD03B05DF804FB10B50CF02F
S3150802448008FF04460CF05EF82046BDE810400CF022
S31508024490FBBE4FF4C870E4F7DBB970477047704744
S315080244A008B500F07DF800F08CF800F093F8FFF7F5
S315080244B0F6FF00F0A2F8BDE8084000F0A9B808B572
S315080244C0E4F70AF8FEF779FEFFF7E7FFE3F7ACFF32
S315080244D0E3F724FDFFF794FDE4F7A6FAE4F75AF9A1
S315080244E0E4F762F8FFF7DAFF00F007F800F067F87A
S315080244F0BDE80840FFF7D4BF704708B500F04BF88F
S3150802450000F04AF800F049F800F049F8FFF7F4FF1E
S3150802451008BD08B500F07DF800F07CF800F07BF8DD
S31508024520BDE8084000F079B800F000B807B51320D6
S315080245300DF10601FFF75DFDBDF8060003B05DF853
S3150802454004FB10B504460A210AF013FD40F6E441BD
S3150802455020460AF010FD002010BDFF207047F5F72F
S3150802456049BE0AF00ABE08B500F064F8E4F798FFF7
S31508024570E5F70EFAE5F756FBBDE80840E5F7CCBCC9
S3150802458010B50446E4F7C0FC2046E4F7BFFD10BDAB
S3150802459001207047704770477047DCF7B9B8704713
S315080245A008B5DCF701F9FFF722FDFFF72BFDDCF76B
S315080245B0EFF8E4F781FCBDE80840DEF7CBBCE4F788
S315080245C05BBC08B5DDF716F9E4F77EFCBDE80840E2
S315080245D0E4F78ABC08B5FCF77CFEE3F7FBFDFFF7B8
S315080245E0D3F8DCF71FFEFEF7E9FDFFF7D1F8FFF770
S315080245F0F9FCBDE808400CF0DBBF08B5E4F768FB38
S31508024600FFF7ADFFE4F774FBBDE80840FCF758BEB8
S31508024610704770477047E4F735BC704708B5FFF72F
S315080246204EFFFFF7A0FFFFF774FFE4F779FB0CF0E4
S315080246304FF8F8E7E4F70EBE0139024410B5904286
S3150802464001D1002005E0037811F8014FA34201D0F9
S31508024650181B10BD0130F2E7884210B501EB0204BF
S3150802466002D98442234607D8431EA14207D011F82D
S31508024670012B03F8012FF8E70244824200D110BD4C
S3150802468013F8011D02F8011DF7E702440346934297
S3150802469000D1704703F8011BF9E70A44431E914209
S315080246A000D1704710B511F8014B914203F8014F3A
S315080246B0F9D110BDF7B5044614F4004C4FF6FF764F
S315080246C008BFFF2620F40040050205F4E065C0F3A2
S315080246D006209E42019145EA000504F0380E084676
S315080246E0897904D201A800F0BBF900271AE06FF312
S315080246F00F044EF0800EEE1844EA0E0444EA16241D
S3150802470036020C31B6B2471834434450391D29448F
S31508024710BCF1000F09D021F8023C1146E5F766FE06
S315080247200028E2D1384603B0F0BD01F8013CF4E7AF
S3150802473070B504460E4615680A460021FFF7A5FF1E
S3150802474025F4004520462122314600F0D3F8290AED
S3150802475004312046C9B200F053F9A3791C44E56036
S3150802476070BD026810B501F0040022F40044C2F3D9
S3150802477006220021043240F0290000F000FC10B1A4
S3150802478083790344DC6010BD0346002200681A6080
S315080247900179E5F72BBE10B50021FFF7E2FF0446C3
S315080247A008B9002010BD0179E5F720FE0028F8D1E6
S315080247B0A3790C33E018F5E72DE9F04117460568A9
S315080247C001F0040125F400452C0204F4E064C5F363
S315080247D006252C4306461A46043441F0290507B134
S315080247E08BB13B462146284600F09CFC804650B1D8
S315080247F0E1B200F07FF93B462A4641463068BDE8F9
S31508024800F041FFF757BF0020BDE8F0812DE9F341DB
S31508024810002401F004010668074641F029051068DC
S3150802482029461460019000F025F9019800F0A7F9CD
S3150802483026F40046310201F4E061C6F30626314346
S3150802484080460122043101A800F017FB30B101A805
S3150802485000F006F9204602B0BDE8F08143462A4632
S3150802486001993868FFF726FFF5E708B5FCF776F8E9
S3150802487008B1C3681BB1003818BF012008BD4069DA
S31508024880F6E72DE9F0478846164658B352B3E5F7D8
S31508024890F5FD074640B3B1460025BA469AF8061012
S315080248A09AF807403F68641AE4B2444584BF44460E
S315080248B0012544B10C31484622465144FFF7EDFE24
S315080248C0A144A8EB04085046E5F738FE002FE4D1C8
S315080248D065B93246022052F8041B0AF09FFF2846A1
S315080248E0BDE8F0872220FBE71B20F9E71E20F7E741
S315080248F07047704738B514460A4600210546FFF741
S31508024900C4FE042324F01C0444F010042C716B71B9
S3150802491038BD2DE9F74F1F469DF830308946834644
S315080249200193002850D0002966D00D68002D65D065
S315080249304FF0000AEC79A979641AE4B2BC4207D3AB
S315080249400C31394458462944E41B0BEB020836E07D
S315080249502868AA463F1B002836D00546EAE7061904
S31508024960464588BFA8EB0004224688BF4646FFF79D
S3150802497094FE019B002B3CD0A879E4B23FBB2044AD
S31508024980A871E979AA79914233D1D9F800202F681A
S31508024990AA4208BFC9F80070BAF1000F01D0CAF8D6
S315080249A000702846E5F7CAFD67B1BA79FC7902F1C3
S315080249B00C013D46394430460027A41AE4B2404564
S315080249C0CDD30646A6EB0B0003B0BDE8F08FEA7915
S315080249D03919121AD2B2914207DA0C302844D21B7C
S315080249E00144121B3844FFF737FEEA79121BEA71B3
S315080249F0C7E7AA462F68D7E70846E5E72846E3E762
S31508024A0010B5C4790246C4F14503D8B2884228BF14
S31508024A1008460444D47110BD38B50546C079C0F1BC
S31508024A204504E4B2944288BFD4B20C3022462844E4
S31508024A30FFF733FEEB7920462344EB7138BD1FB5E9
S31508024A4003910021009103A9FFF763FF05B05DF802
S31508024A5004FB13B501240094FFF75BFF02B010BDF7
S31508024A6038B50446206800B938BD0568E5F766FD1D
S31508024A702560F7E7034601F0EC0103B970471A7996
S31508024A80834202F0130242EA01021A715A790CBFF2
S31508024A9042F0010202F0FE025A711B68EDE710B5F8
S31508024AA078B1026872B9002309E0194603600B68F7
S31508024AB0002BF8D05C79E407F7D500240C60036074
S31508024AC0104610BD1146F2E720B1006810B14379CD
S31508024AD0DB07FAD57047034658B10020DA79997987
S31508024AE01B68521A50FA82F01BB15A79D207F5D5C9
S31508024AF07047704770B50D460446E8B186798E420E
S31508024B0003D3751A8571012070BDC27906F1450372
S31508024B109B1ADBB299420FD806F10C010144921B8B
S31508024B20A81BD2B20844FFF797FD0023A371E379C5
S31508024B301D44AD1BE571E6E70020E5E710B50C4616
S31508024B4098B191B18979E279C379521AC3F14503C9
S31508024B50D2B2DBB2934208D30C312144FFF75CFF91
S31508024B602046E5F7EBFC012010BD0020FCE70346D2
S31508024B70006818B102681A6000230360704703468A
S31508024B80002003B97047DA7999791B68521A50FAE4
S31508024B9082F0F6E72DE9F84F894614468246FFF772
S31508024BA0EEFF05464846FFF7EAFFA542074601D348
S31508024BB0A04208D2BD4208D10024A346A0462646F2
S31508024BC047B9384604E02746F6E738D24FF0FF30B1
S31508024BD0BDE8F88F5EB99AF806809AF80760A6EBE0
S31508024BE0080608F10C08D044DAF800A0F6B2BBF1C0
S31508024BF0000F0BD199F8064099F807B0ABEB040BF6
S31508024C000C344C44D9F800905FFA8BFB5E45354666
S31508024C1028BF5D46BD4228BF3D4621462A46404634
S31508024C20FFF70AFD0028D3D1A8442C447F1BEDB216
S31508024C30761BABEB0505F6B25FFA85FBC0E70120EA
S31508024C40C6E703680BB9016070471A461B68002B52
S31508024C50FBD111607047036803B10B6001607047AE
S31508024C6039B10B461A461B68002BFBD10368136041
S31508024C700160704770B5046806460D4644B1204681
S31508024C80FFF77DFFA84211D8236813B9E379A37108
S31508024C9070BD20463360E5F751FC3468F4E7ED1A37
S31508024CA0236820463360E5F749FC3468002DEFD0C7
S31508024CB0A279E3799B1ADBB2AB42F0D92A44A271F4
S31508024CC0E6E7F8B5066805460C4646B13046FFF7EC
S31508024CD056FFA0421DD8336813B9F379B371F8BDEC
S31508024CE030462B60E5F72AFC2E68F4E70646384676
S31508024CF00768002FFAD1C2798379D31ADBB2A342A5
S31508024D0002D9121BC271EAE7E41AE5F717FC3EB1AB
S31508024D103760002CE3D028680028E0D00026E7E7B1
S31508024D202E60F6E7F8B504460F46BC4200D1F8BD38
S31508024D30A179E5796D1AEDB2C5F14506B6B20EB995
S31508024D402468F2E749B10C312A46214404F10C00E1
S31508024D50FFF782FC0023E571A3712368BB42EFD0FB
S31508024D605A79D207ECD49979DD79A0796D1AEDB220
S31508024D70B54228BF3546E2790C3010440C312A4632
S31508024D8019442044FFF789FCE379206853FA85F32E
S31508024D90E3718379761B53FA85F5C379EDB2AB4293
S31508024DA0B6B2857103D103682360E5F7C7FB002E07
S31508024DB0D3D1C5E738B50C46016809B9046038BDD0
S31508024DC00D4609680029FBD1236823B12046FFF75F
S31508024DD0A9FF2C60F3E721462846FFF7AFFE002815
S31508024DE0EDD1F6E738B100230279036043608360A8
S31508024DF0042302714371704700221146E5F71CBC71
S31508024E0038B504460D46FFF775FEA8B994B1207960
S31508024E10FFF7F2FF68B104606279437992074CBFE3
S31508024E2043F0020303F0FD03437145235D1BC3717F
S31508024E30857138BD0120EBE72046FAE738B50368E5
S31508024E4004460D46ABB11879FFF7D6FF98B122682A
S31508024E5043790260527992074CBF43F0020303F08A
S31508024E60FD03437145235D1BC371857120600020D4
S31508024E7038BD0120E8E71920FAE770B50C46164650
S31508024E80054628B3006818B309B9002070BD0AB1EF
S31508024E9045291FD8E1B2FFF72DFE0028F5D11EB924
S31508024EA02B689A799E71A41A442C08D8002CECD047
S31508024EB02846E1B2FFF7C2FF0028E6D004E0452102
S31508024EC02846FFF7BBFF08B11920DFE7453CEBE7A9
S31508024ED02220DBE72120D9E72DE9F84390F807805D
S31508024EE090F806900446A8EB0907FFB2B9420D46A8
S31508024EF002D30020BDE8F8830079FFF77DFF064656
S31508024F000028F6D0A17980790C317F1B29440C3010
S31508024F10BAB221443044FFF7C0FBF37901203B447F
S31508024F20F371E37999444D442368A5EB0805E571C5
S31508024F3033602660DEE7F8B5076806460D463C4646
S31508024F40002305B12CB90BB100221A603460384629
S31508024F50F8BDE379A2799B1ADBB2AB4207D8E379AB
S31508024F60A2799B1ADBB2ED1A23462468E9E72046A2
S31508024F70E9B2FFF7B1FF0028F1D10746E7E7531870
S31508024F80452B02DCC9B2E5F757BB00207047F7B5D7
S31508024F90002605460F4601960DB9019C09E0002236
S31508024FA038461146E5F748FB044628B901A8FFF733
S31508024FB057FD204603B0F0BDA97943798171EA7994
S31508024FC023F00303C2716879521A00F003000343FF
S31508024FD001F10C0063712918D2B22044FFF75DFB78
S31508024FE0019B03B9019406B1346026462D68D3E7BE
S31508024FF02DE9F74F0C4690460746002852D0002C5A
S3150802500053D0E279A579521BD2B29A4207D9C2463F
S315080250100C351D442544BAF1000F0ED13EE0246832
S315080250209B1AECE7254634E0002C39D00022387961
S315080250301146E5F701FB386007468CB387B3E67974
S31508025040F8790C362644761B5645334628BF53460E
S31508025050C0F1450B5FFA8BFB5B45994628BFD946DB
S315080250600C304A46294638440193FFF716FBFA796B
S315080250704E454A44019BFA714D44AAEB090A08D1E6
S315080250802468002CCED0A579E279AA42F8D00C354C
S3150802509025445B45BFD3BAF1000FC5D14FF0000ACC
S315080250A0A8EB0A0003B0BDE8F08F2046FAE72DE91F
S315080250B0F8430E461546074680B389B35AB30446E3
S315080250C0E279A3799A4202D1A146A84611E0236859
S315080250D0002BF9D0D9799A799142F5D01C46EFE797
S315080250E02AB9B9793879E5F7A7FA024688B1A14605
S315080250F01446424631462046FFF78EFC4C4518BFF9
S31508025100C9F80040A8EB000822680644B8F1000F67
S31508025110E6D1A5EB08052846BDE8F8830546FAE771
S315080251200D46F8E7452937B515461C4611DC002217
S31508025130C9B2E5F781FA019040B122462946FFF73E
S31508025140B6FF844202D901A8FFF78AFC019803B088
S3150802515030BD0020FBE738B51546C9B2FFF742FE57
S3150802516081712944C17138BD0B6803B1186808609A
S3150802517010B14379DB0703D5003818BF0120704701
S315080251800068F4E70B6813B90860012070471868CD
S31508025190086020B1407900F0010080F001007047F4
S315080251A013B500240246019438B1104601A9FFF747
S315080251B0E9FF28B9002C18BF2246104602B010BDD6
S315080251C0019CF2E7E5F714BC0CF08ABB2DE9F04125
S315080251D00E460746E5F79EFF83683060D90703D473
S315080251E000242046BDE8F08100224321EAF7A8FC04
S315080251F00578044605F00F05032D90F801800DD1B8
S31508025200BB8A9A060CD4BB8A9B0702D4B8F1250F2F
S31508025210E6D8032DE5D0052DE3D0E1E7052DF2D139
S315080252203068E6F7F3FC0028EDD1D9E7838A9B06B6
S3150802523002D5084602F0BEBB704702F0BBBB4177F7
S315080252403120EAF74DBD56280CBF0123022331202F
S315080252504B77EAF745BD08B5E6F76CF8BDE80840AE
S315080252603120EAF73DBD38B500F12C05044628463B
S3150802527002F05AFB50B194F8203013F0180F05D0FB
S315080252802846BDE83840002102F064BBA06A38BD52
S315080252902DE9F84390F823300546012B0E4602D92C
S315080252A00020BDE8F88390F82030D90758BF86F069
S315080252B00106002E4AD1077EFFF7D5FF02F02EFC23
S315080252C00378417807F1FF389A0601F102015FFA7D
S315080252D088F80BD5B8F1010F08D8012F14BF04249A
S315080252E00824837803F01F0304EBC306384602F04A
S315080252F04BFB95F8213081465B0754BF022195F88E
S315080253002510384648BF0231B8F1010F9DBF013159
S3150802531089B24FF0A0084FF0000802F035FB0746A5
S31508025320EC68E6F78DF8A4F59673A3EB09039B1BC5
S31508025330DB1BA3EB08031B1A002BB1DD95F8210032
S3150802534000F00C00003818BF0120AAE70120A8E7E0
S3150802535038B504462C3002F0E7FA94F821300128D1
S315080253608CBF43F0080303F0F70384F82130204684
S31508025370FFF779FF054602F0D1FB94F82030228C1C
S31508025380C3F38001C3F340039B0043EAC10394F8C5
S31508025390211042F40052C1F3C00143EA0113017815
S315080253A042F0080201F023010B430370437803B16C
S315080253B022842846BDE8384002F0B5BB5328F8B522
S315080253C00C4615D009D8232800F0EA80512800F0A7
S315080253D0C880BDE8F840FFF73EBF5628F9D191F8D4
S315080253E02030DA075CBF23F0100381F82030F0E79B
S315080253F0E5F790FE054600220221EAF7A1FBAB6813
S315080254000646D80735D494F82330013384F8233076
S3150802541094F82630013384F82630002601212046E6
S31508025420FFF736FF0746C0B194F82030D80740F197
S31508025430818094F8213059077CD404F12C0002F0BB
S3150802544073FA012894BF00230123580094F8221006
S31508025450E5F7CAFD2046FFF77BFF2846E5F794FEE7
S31508025460032E69D1284602F0A5FA2B7B84F8273049
S3150802547064E0002394F8212084F8233042F01003D4
S3150802548084F82130317894F82030C1F38001C3F3CF
S315080254908000814218D083F0040343F0100184F897
S315080254A0201042F05002090784F821200CD523F077
S315080254B0080343F0100304F12C0084F8203002F0AC
S315080254C051FA3320EAF70CFC327894F82030C2F30A
S315080254D0C001C3F34003994228D194F82130D20679
S315080254E04CBF43F0040303F0FB0384F821307378BE
S315080254F0B3B994F8203083F0020384F82030327866
S3150802550097078AD072789AB143F0200384F820303C
S3150802551094F82130032643F0200384F821307DE7EE
S315080255202846E6F773FB0028E3D176E7012675E7F6
S31508025530022673E7022089E7002E96D194F82130D5
S31508025540DA070AD494F8202043F00103D60748BFA5
S315080255506A6884F8213048BF2260002F3FF439AFC9
S31508025560F8BD91F82030084623F0300381F8203040
S3150802557091F8213043F0020381F82130FFF773FED8
S3150802558002F0CCFA00212046FFF782FE00283FF4FB
S3150802559020AF94F822100120BDE8F840E5F73ABD9D
S315080255A091F82030DD06DBD518070BD46568E5F7D8
S315080255B047FF2D1AB5F57A7FD2DB2046BDE8F840BB
S315080255C0FFF7C6BE91F821301907EFD504F12C0072
S315080255D002F0AAF90128E9D9C2E7EBF74BB80A287B
S315080255E002D80130C0B27047242801D80230F9E740
S315080255F0252805D0262805D0272818BFFF2070475A
S31508025600002070470C20704708B5EBF739F820B12F
S31508025610BDE808402020E6F7A1B808BD70477047E4
S31508025620704770478B691847002070477047704764
S315080256304FF00000704700207047704770470020FF
S3150802564070470020704700207047002070470020EE
S3150802565070474FF0FF307047704770470020704719
S315080256600020704770477047704770477047704709
S315080256707047F4F795BDF4F79BBDF4F7B3BDE0F7B1
S3150802568031BC704708B5E5F78DFB18B1BDE808408F
S31508025690E6F7DAB808BD2DE9F8430E6A05460C4660
S315080256A01EB106600020BDE8F883088B4B8B1844B0
S315080256B00A3080B2E5F734FC286090B32046E5F755
S315080256C063FDD5F800800A2198F806704046FFF770
S315080256D097F90C37A37B08EB070989F80730637B30
S315080256E0314689F80630628B238B20461344A9F883
S315080256F00830237B4FF6FF7289F80530636848F84D
S3150802570007302B68E5F772FD238B628B13449842A8
S3150802571001D12660C6E72B681BB12846E5F7C4FB0C
S315080257202E601920BFE710461946704737B50C4652
S3150802573005460DF1060101A8E6F748F943F6FF7397
S315080257409C420DD047F6FF739C4209D0BDF904303E
S315080257509C42B8BF1C46BDF906309C42A8BF1C46EF
S31508025760AC8103B030BD70477047002070470020F7
S315080257707047704711207047002070470020704715
S31508025780704770470020704770477047012383713E
S31508025790D31CC3714379417343F003038273437184
S315080257A0704700207047704770474FF0FF307047C8
S315080257B000207047704770470020704700207047E6
S315080257C04FF0FF30704711207047002070470120C4
S315080257D070470020704700207047002070477047C6
S315080257E07047704707B501A80191FFF739F90020FC
S315080257F003B05DF804FB704770470020704700202D
S3150802580070477047002070470020704770477047FE
S3150802581000207047002070477047704770B51546DC
S315080258201A1D0E46D2B20E21FFF7B0FF83790C334A
S3150802583018440123A0F803608370457170BD38B51A
S3150802584004460D46FF21FFF7A1FF83791C44A57381
S3150802585038BD38B504460D463E21FFF797FF8379D2
S315080258601C44A57338BD70B50E4615460F21042291
S31508025870FFF78CFF83790C33184401238680C370A3
S31508025880857070BDFFF782BF10B504460023FFF787
S31508025890C5FF2046BDE81040E6F702BA2DE9F041F9
S315080258A0804602200F4616461D46FFF7A5FA04460D
S315080258B088B10C210822FFF769FF83790B441C443F
S315080258C09DF81830A4F803806771E6802581A370D5
S315080258D0E6F7E6F90120BDE8F08108B50220FFF7F0
S315080258E08BFA30B101221121FFF7B3FFE6F7D8F997
S315080258F0012008BDF8B504460F46164613210922AB
S315080259001D46FFF7A6FF83790C331C441323E77061
S31508025910A37026712B68C4F80530AB88A4F8093041
S31508025920BDE8F840E6F7BCB970B5054602200E4652
S31508025930FFF762FA0446B8B12846E8F797FF01F07E
S31508025940DEFA00F0010004221421A0602046FFF7C7
S3150802595080FF1422A3790C3323449A70A3F80350C8
S315080259605E71E6F79DF9012070BD08B509F0F9F9EF
S3150802597008BD2DE9F041074602200D4690461E460F
S31508025980FFF73AFA0446E0B109222121FFF761FF3F
S315080259900A2283790C331C44BDF9183084F8038033
S315080259A093FBF2F323729DF81C30A7806372BDF94C
S315080259B02030A67193FBF2F3E571A372E6F770F94C
S315080259C00120BDE8F08137B50446FFF7D8F8FF2273
S315080259D0A379C0B20C33E518E254831E6B700D230B
S315080259E0AB70AB791C38012BE8768DF8073009D1F4
S315080259F00023E91D1A460DF10700FFF7DBFE9DF8A5
S31508025A000730AB712046E6F74BF903B030BD00F01C
S31508025A10F2B97047704738B5044602F009FD0546E3
S31508025A2058B9C820E5F7ECFFC82202212846E6F74E
S31508025A3085F88442A8BF044624B22046E5F7E0FF6B
S31508025A4002F0F6FCBDE83840C8220221E6F776B82D
S31508025A50B0F90020B1F900302DE9F3479A4204461D
S31508025A600D464BDC0BF01EFC8046E9F75DF9002873
S31508025A7041D1E6F777F8824602F0DAFCC82202211B
S31508025A80E6F75CF80DF10601814601A8E5F79EFFE7
S31508025A9047F6FF73B5F900209A4204BFBDF80620FF
S31508025AA02A80B4F900209A4204BFBDF80430238044
S31508025AB0B5F90000FFF7AFFF0746B4F90000B84290
S31508025AC0C4BF38462780E5F7EBFF03F0FAF8064627
S31508025AD060B15046E5F7E4FF4846E5F791FF4046D0
S31508025AE00BF0DBFB304602B0BDE8F087E6F73AF882
S31508025AF020802F80F3E741F20C06F0E72126F1E732
S31508025B0030B190FAA0F00123B0FA80F08340D8B2FF
S31508025B10704770B5064601F0F8F9C0F3801484F0B0
S31508025B20010402060546E4B206D40821304601F00D
S31508025B3084FE44EA4004E4B2EB0506D40B2130465F
S31508025B4001F07BFE44EA8004E4B2204670BD4B1E97
S31508025B50032B10B50C4601D8032902D10023184697
S31508025B6010BDFFF7D6FF04EA00038443F6D1F6E731
S31508025B702DE9F743044688461646019301F0C5F90E
S31508025B80C0F34015204601F03CFC214681462846D2
S31508025B9001F0ACF9074606B32046E8F77FFE8046D1
S31508025BA0204601F031FC32460146019B1FFA88F075
S31508025BB0E6F7CAF92146284603F078FD2021204651
S31508025BC001F0A9F957E8003F43F4805347E8003249
S31508025BD0002AF7D103B0BDE8F08301A8FEF740FF1B
S31508025BE099F80110404601F00F0101F0C1FE2A465C
S31508025BF0062814BF01463146204601F0B4FBD9E710
S31508025C00032970B506460D4614460CD0042919D048
S31508025C10012915D1222101F0BDF92846314603F0A2
S31508025C2075FD002070BD136812791B680021FFF705
S31508025C309FFF00222368314601201A6003F066FDA1
S31508025C400120EFE713680C221B68EFE7012910B55C
S31508025C5004460CD101F059F92146C0F3401001F06F
S31508025C6045F90023817C1A462046FFF781FF012069
S31508025C7010BD2DE9F7430F46054601F046F900F037
S31508025C802009C0F34018284601F0BBFBBB7900780F
S31508025C900C333B445E789B7800EA10101E40304075
S31508025CA0FFF72EFF044648B9B9F1000F06D1284678
S31508025CB0FFF72FFF3040FFF723FF0446284601F07F
S31508025CC0A3FBE9F7EDFEA04223D01CB30221284626
S31508025CD001F063F900210646284601F025FA182143
S31508025CE0384603F05AFC384603F048FCB6B2394641
S31508025CF044708470A0F80360284603F034FC2346F7
S31508025D002246294640460096E6F772F903B0BDE8F0
S31508025D10F08300242646E2E770B504460D4603F0F2
S31508025D2025FD28B929462046BDE87040FFF7A1BFE0
S31508025D30402829462046BDE870404FF0160314BF96
S31508025D402A222322EBF754BB38B505460C4601F046
S31508025D50DCF8830604D42046BDE83840E4F7EEBBF7
S31508025D6021462846BDE83840FFF783BF2DE9F341AF
S31508025D708C7906460C340C440D4601F0C6F8A17817
S31508025D8007463046FFF7E3FE617880463046FFF75E
S31508025D90DEFEB4F8032003460092C7F340104246DB
S31508025DA03146E6F725F9284602B0BDE8F041E4F7A0
S31508025DB0C5BB08B58B790B441B7B162B03D0172B57
S31508025DC005D0002008BDFFF7A7FF0120FAE7FFF775
S31508025DD0BBFFFAE708B58B790B441B7B162B03D05E
S31508025DE0182B05D0002008BDE6F72CF90120FAE7A2
S31508025DF0FFF7BCFFFAE77047022805D0032805D04B
S31508025E00012806D1E6F7D0BEE6F7BEBE0020E6F7C1
S31508025E1009BE704710B1012803D070470120E6F782
S31508025E2001BE0020FBE7F7B51F468B1E012B044671
S31508025E300D46164605D9032D1DD8DFE805F01218BA
S31508025E401218FFF7B2FC0023CDE90004F01A18BFB6
S31508025E5001201A463946FFF7B6FC0028EBD1012085
S31508025E6003E0204601F0E5FD002003B0F0BD204620
S31508025E7001F0EFFDF3E7FF20F7E72DE9F0471D46AE
S31508025E80002391460446DDF820A00F460AF10E01CA
S31508025E90C380C9B2FEF7B4FDB9F1000318BF0123E6
S31508025EA0A6790AF10C0A0C3604EB060888F801A052
S31508025EB005F00F0545EAC315A35D4A4603F04003FC
S31508025EC01D439DF824103B46A55508F10200FFF72D
S31508025ED0AAFFA35D60F38613A3553B68C8F808308A
S31508025EE0BB88A8F80C30BDE8F0872DE9F0410F46CB
S31508025EF00446242118461E4615469DF8188001F0C8
S31508025F007AFFC319B8F1000F37D1033E012E94BFA9
S31508025F100322022240F27126520006FB023342F2A3
S31508025F201072608941007143A1F2E2469642A8BF07
S31508025F3016466A1A921BD21A002AC2BFB2FBF1F29D
S31508025F4002FB0112AD1AEA1A09D55242B2FBF1F75F
S31508025F5007FB011C01FB1722654402B96D1AEB1AED
S31508025F608B4240F2E2470AD8B3FBF7F3022298B211
S31508025F70E27120812846BDE8F0810122CAE75B1A50
S31508025F80BB42B8BF3B46B342A8BF3346B3FBF7F1A1
S31508025F9007FB1133CAB2002BEAD00132D2B2E7E7C5
S31508025FA0C0F3845303EB830300EB830080B270478C
S31508025FB0F8B500231360047D05468068FFF7F0FFF5
S31508025FC014F00807034603D00B446B600120F8BDA2
S31508025FD06E68701AB0EB030CF8D514F001000AD1FA
S31508025FE0D5E90374E41B14EB0C0FF0D419448E1B89
S31508025FF016606960EAE73846E9E710B50446E7F746
S31508026000C5F86168E069E7F74BF9BDE8104001F0A9
S3150802601047BD38B50C46C94301F001010546E7F705
S315080260207FF9A30702D4E869E7F764F9BDE83840BF
S3150802603001F036BD10B50446E7F772F92046E7F7D0
S31508026040A5F8BDE8104001F02BBD007D00F0010067
S3150802605070470120704707B5036801A80193E4F762
S3150802606095FC03B05DF804FB01F0FCBCFFF7F0BC3D
S3150802607070B504460D460BF015F9236A06462B43FE
S315080260802362A36973B16368C3F57A75E5F7D8F92C
S31508026090E84202D52046E7F72BFA3046BDE87040BB
S315080260A00BF0FBB8B5F5007F04D1E06AFEF767FD91
S315080260B02085F2E7206BFEF762FD6085EDE702F0C8
S315080260C00EBE2DE9F04F85B09146139A8A46B2F96B
S315080260D000201D46009200229DF83830139901933C
S315080260E00A809DF84830826902930446DDF840B07A
S315080260F09DF850309DF858609DF864809DF8687048
S31508026100002A40F00C8105F01C021C2A00F0EF80E0
S31508026110EA0617D405F00302032A08BF05F0FD05AF
S3150802612005F0F70500222046218D0393E8F798F833
S3150802613040F2712202FB09F29042039B08D941F20E
S315080261404500D1E0012605F01403142B3346E9D1A4
S31508026150A80608F0FD0248BF05F0FC05012A00F072
S31508026160CC80B8F1020F08BF4FF004089A0784F8EA
S31508026170718000F1C5805B0740F1C480B8F1030F56
S3150802618014BF0321042107F0FD03012B84F88010B4
S3150802619000F0BA80022F08BF0427B00784F872708D
S315080261A000F1B480720740F1B380032F14BF0323B2
S315080261B004230020009A84F89030E5F7BFFCEF0626
S315080261C00646A4F85C0008D402F032F9009A94F85C
S315080261D09010E5F7B3FCA4F85C00139B31461880CF
S315080261E004F17800FFF7A2FA47F6FF7104F1880076
S315080261F0FFF79CFAE06C94F89010FFF7BAFAFF22C0
S31508026200236A84F862209DF8602023F09F0343EAFC
S31508026210021305F01802182A08BF43F0800323F078
S315080262206003680723620CD4029AD10744BF43F07D
S3150802623020032362029B9A0742BF236A43F0400364
S3150802624023622946204600F0D9FB236AA4F858504F
S3150802625023F00703236204F16902BBF1000F59D048
S31508026260DBF80010C4F86910BBF8041091809DF899
S315080262703C20012A02D143F004032362019B03F066
S31508026280FD03012B02BF236A43F001032362019B2C
S31508026290023B012B9EBF236A43F002032362FFF7E8
S315080262A09CF994F874309DF85C2084F8730023F006
S315080262B00F03C0F30320034362F3071384F8743011
S315080262C09DF84430204684F86030EB0648BF236ABE
S315080262D0A4F854A048BF43F40023A4F8569048BF34
S315080262E0236200F0A8FC002005B0BDE8F08F012665
S315080262F04FF0060A3346D1462AE74FF0030835E738
S31508026300022140E701213EE7032746E7022350E739
S3150802631001234EE7C4F869B0A2F804B0AEE741F229
S315080263200C00E1E7F8B51646026A044622EA0602B6
S315080263300262DA070D46069F0ED50846FEF790FB5F
S31508026340A3694BB9B4F85830DB0605D4B6F5007F15
S31508026350204608D100F036FB1FB139462846FEF71B
S3150802636070FC0020F8BD00F03BFBF5E770B504466B
S31508026370C06A0D46FEF703FC0646206BFEF7FFFBD6
S31508026380B1B282B22046E7F76BFFA36933B140F296
S315080263907122B4F854305343984201D8002070BD94
S315080263A0B4F85630834205D22846FEF759FB41F225
S315080263B04500F4E700F51C70B0FBF2F0A4F85400AF
S315080263C0ECE7930701D5FFF753BE7047F0B585B0E2
S315080263D016460446039330B903A8FEF741FB41F279
S315080263E0420005B0F0BD01291BD0022906D059B1D9
S315080263F003A8FEF735FB41F21200F2E703A8FEF7FF
S315080264002FFB41F20C00ECE74FF4007700F12C0564
S31508026410B4F858305B0709D503A8FEF721FB00201C
S31508026420DFE74FF4806700F13005F1E7039B3A4650
S315080264302946009320463346FFF774FF2868FEF77D
S315080264409EFB1F2801DC032E01D02846D1E72946E8
S315080264502046FFF78BFF20B939462046FFF708FE8C
S31508026460DDE741F24500BCE783693BB1B0F8583035
S31508026470DB070FD490F86130FE2B0BD0036A43F486
S31508026480005303620B68C0F863308B88A0F8673044
S315080264900020704741F20C00704738B5B0F8583002
S315080264A00446DB070AD4204600F075FB054618B1F8
S315080264B00021204600F054FB284638BD836C002B89
S315080264C0F1D1E8F749FCA0640028ECD141F20905AC
S315080264D0F2E7A0B1CB0742BF036A43F480530362D3
S315080264E08A0742BF036A43F4804303624B0701D417
S315080264F000207047036A43F400430362F8E741F257
S3150802650042007047A0B1CB0742BF036A23F4805307
S3150802651003628A0742BF036A23F4804303624B0776
S3150802652001D400207047036A23F400430362F8E7A4
S3150802653041F2420070471FB5436B0C4623B9836B81
S3150802654013B9002004B010BD9A79002198180E30AC
S315080265506A4601F066FE9DF80730002BF1D0009AD4
S315080265600120D35A2380EDE738B50546FF2190F876
S31508026570900001F00FFE2B6A04469B0209D52846B5
S31508026580E7F78EF8FFF75FF8837903F01F0304EB4A
S31508026590C304204638BD10B5044609B1012010BD12
S315080265A0C06C48B9206D60B9B4F858309B07F5D16C
S315080265B0206AC0F38050F2E7FFF7D9F80028F1D035
S315080265C0ECE7FFF71CF90028EED0E7E710B504461A
S315080265D0FFF7E1FF002814BF18200020B4F858304E
S315080265E09A06C3F3800103F0400358BF40F0010046
S315080265F043EA4103184310BD38B50C460021054647
S31508026600FFF7C9FFD0B9E30615D504F0180095F8C7
S315080266108030012B11D12B6AB5F858201C0444BFCF
S3150802662002F040010843910607D4920704BFC3F358
S315080266308033184301E004F05B0038BD1820E6E712
S315080266402DE9F04F8BB01E46149B0F46D3F800A0D7
S315080266509DF854809DF8585003908DF81F20BAF182
S31508026660000F45D15046FEF7C7FB044618B9192054
S315080266700BB0BDE8F08F149B186063793A4623F095
S315080266800103637103980023CDE900640DF11F012C
S31508026690E7F73CFA0246B8F1000F06D00720A379BD
S315080266A02344197B60F3030119731AB3D7B1002384
S315080266B039462046FEF79CFC06462046FEF770FD44
S315080266C08146002D14BF4FF00C0B4FF0080B4BF010
S315080266D01002CBF38003049205933846FEF74FFA6D
S315080266E0B0420CD86379002043F001036371BFE717
S315080266F05446C2E7002FF5D0A1461646E1E73846CA
S31508026700FEF73DFA0021A0EB06085846EAF79CF97F
S31508026710059B03B10730C0F1FF0323EAE3739845EB
S31508026720D1BF5A46C0F1FC03049A23EAE37398459B
S315080267304FF000000692A8BF9846FEF75DFB069A40
S31508026740054638B9BAF1000F2FD02368206009939D
S3150802675009A82BE0437909A943F0010343710023F1
S31508026760C9F800008DF8242001903A460093039850
S315080267703346E7F7CBF91FFA88F2904206D0EB794F
S31508026780A879023B434429181B1A4B735AB133465C
S31508026790394628461FFA88F2FEF72AFC0644284696
S315080267A0FEF7FEFC0546A94697E71498FEF758F940
S315080267B05DE7B0F85830D90608D45A07C3F3800003
S315080267C005D513F0030018BF012070470020704753
S315080267D010B50446C06C18B9206D68B900200AE0E5
S315080267E0FEF7C5FF0028F7D0B4F8580000F00300FA
S315080267F0B0FA80F0400910BDFFF704F80028F3D17B
S31508026800ECE72DE9F84F054690461F46FFF7DEFEF0
S31508026810014606462846FFF7EFFE83462846FFF757
S31508026820D7FFB5F858A081461AF0030F06F0EF0411
S3150802683007D11AF0200F02D11BF0010F01D006F082
S31508026840EE042B6A44EA4914E4B2C3F38056284696
S315080268505B0254BF44F0080444F00C04FFF7A9FF96
S3150802686048B144F002040A9B88F800403E7083F857
S315080268700090BDE8F88F1AF0040F08BF04F0FD0473
S31508026880F1E72DE9F043B0F858300446C3F3001691
S31508026890DB0687B05CD400F138052846FEF7E0F837
S315080268A0B4F858300DF1170813F0020FC3F3400974
S315080268B029D0314620460DF116030DF11502CDF801
S315080268C00080FFF79EFF9DF8167001233146204689
S315080268D0CDE901679DF815200095FFF7B1FE48B985
S315080268E0236A57B143F400139DF8172042B143F4C3
S315080268F08013236207B0BDE8F08323F40013F3E79D
S3150802690023F48013F5E7E76A3846FEF738F90DF1FE
S31508026910160381B20DF115022046CDF80080FFF765
S3150802692070FF9DF81660012339462046CDE9019687
S315080269309DF815200095FFF783FE88B9236A4EB1A4
S3150802694043F400139DF817203AB143F480132362E7
S315080269500020CFE723F40013F4E723F48013F6E7C5
S315080269601920C7E770B5B0F858300446DA0686B07B
S3150802697002D5002006B070BD9B07FAD500F1400685
S315080269803046FEF76DF8256B002DF2D0B4F8733059
S31508026990204605A9ADF81030FFF7CDFD18B1BDF8B0
S315080269A01430A4F87330002307222946CDE90123BF
S315080269B0204609220096FFF743FEBDF81030A4F8D8
S315080269C07330D7E710B504463430FEF749F804F1B8
S315080269D03800FEF745F8236A23F46013236210BDD4
S315080269E010B504463C30FEF73BF804F14000FEF7CA
S315080269F037F8236A23F40023236210BDB0F858300F
S31508026A0070B5DA060446C1F3001601D50EB170BD9B
S31508026A10BEB100252046FFF7D5FF2046FFF7E0FF67
S31508026A2004F12C00FEF71CF8E562258504F1300016
S31508026A30FEF716F8236A2563658523F4C063236285
S31508026A40E5E7C1F34005C3F34003AB42DFD0FFF7E6
S31508026A50B9FF2046FFF7C4FF4DB104F12C00FDF73C
S31508026A60FFFF236AE662268523F40073E7E704F14B
S31508026A703000FDF7F5FF236A2563658523F48063F5
S31508026A80DDE72DE9F8438846114605461746994635
S31508026A90FFF79CFD014606462846FFF7ADFD002195
S31508026AA0E9F7D2FFC11C95F88000042804D195F8AD
S31508026AB07130032B18BF032000F066FF4FF4FA73F8
S31508026AC008F1FF345C43F30600FB0844A5F85A00B4
S31508026AD015D595F89080B8F1040F05D195F872305E
S31508026AE0032B18BF4FF00308B5F8580000F003004F
S31508026AF0012807D0022819D004F5487478B120462F
S31508026B00BDE8F8832421404600F03EFF10210546E1
S31508026B10404600F039FF04F58A642C4404443A4698
S31508026B204146304601F00CFB0444E8E70E21404694
S31508026B3000F02AFF05464A464146304604F58A646D
S31508026B4001F0FEFA2C44EFE710B50446E6F7CAFC54
S31508026B50844204D1BDE810402220E9F7C1B810BD2D
S31508026B6038B504460D460830EAF750F92046FFF7CD
S31508026B70EBFF85F0010100252046FFF74AFAA06CD3
S31508026B80A56110B1E8F734F9A56404F14400BDE83B
S31508026B903840FDF765BF70B590F861300446FE2BA4
S31508026BA009D1633000F055FF00F04CFF18B1236A93
S31508026BB043F40053236242F20103256A2B40012B58
S31508026BC036D0A9072BD5C5F3800504F1690600223C
S31508026BD031462846FEF7F4FD002184F86200FEF7E6
S31508026BE000FE002231462846FEF7EFFD18B194F959
S31508026BF06200002815DA236A23F002032362B4F836
S31508026C005830DA070BD59B0709D4012231462846A4
S31508026C10FEF7DBFD18B1236A43F00803236200205E
S31508026C2070BDB4F8581001F00101FEF7DAFDE6E787
S31508026C3041F21200F4E738B504460AF033FB628DD6
S31508026C400546218D2046E7F70BFBB4F85410B4F835
S31508026C505620E060521A40F2712101FB020303F545
S31508026C609C53083328462361BDE838400AF015BB11
S31508026C7038B50446B4F85820B0F95C0012F0100F83
S31508026C8094F88030C2F3001104F1780514D0024654
S31508026C9019460020E4F752FF01462846FEF746FD4C
S31508026CA047F6FF7104F18800FEF740FDB4F9840047
S31508026CB0BDE83840E4F764BF94F8812001F0B3FBDD
S31508026CC001462846F0E710B590F85E200446AAB1B8
S31508026CD0A1B190F85F300133DBB29A4280F85F3097
S31508026CE00CD80121FFF73CFF236A43F48033236261
S31508026CF04FF08050BDE8104000F0D0BE226AD105A0
S31508026D000CD5636A61685B1A002B07DA01212046F3
S31508026D10FFF726FF236A43F48023E8E7130624D401
S31508026D20FEF75BFC1123B0FBF3F394F9702003EB37
S31508026D300313C01A83B212FA80F0102888BFC3F16F
S31508026D4010035BB2083A1A4484F8702040F27121A3
S31508026D50B4F8542020461A44636801FB0233012121
S31508026D606360BDE81040FFF765B90023EEE773B527
S31508026D700446FEF732FCC0F30F23542B34D9A92B51
S31508026D808CBF02230123C0B27E288CBF02220122B5
S31508026D9003218DF804301344B3FBF1F000EB4000F5
S31508026DA01B1A8DF805301344B3FBF1F202EB4202CB
S31508026DB09B1A8DF80630002319461A4601AD15F8B6
S31508026DC0010B44FA00F6F60705D55600B040034310
S31508026DD00132DBB2D2B20131C9B20329EFD143EA99
S31508026DE08210C0B202B070BD0023CCE7C94350E896
S31508026DF0003F0B4040E80032002AF8D1704738B508
S31508026E0005460C4601F016FB20B149F640439C4262
S31508026E1028BF1C46EA68A2420BD240F27121B5F895
S31508026E207E304B43934238BF1346A34228BF2346BC
S31508026E301A462A6138BD826A034612F4007F00F1B7
S31508026E40480005D0D3F82821B3F84010E9F7B6BEB2
S31508026E5093F87310E9F7A8BE002070477047002020
S31508026E60704700207047704770470020704700201F
S31508026E707047704770477047704700207047002078
S31508026E80704770470020704701207047C820704736
S31508026E90002070477047012070477047704790F886
S31508026EA0892010B5531C03F00F03072B28BF0023B4
S31508026EB0044663F30302034480F8892083F88210A8
S31508026EC090F889306F2B4FEA13129EBF013262F394
S31508026ED0071380F88930FFF7E1FF204694F830114E
S31508026EE001F01AFD10BD70477047704710B101F1E5
S31508026EF0B000704701F1D4007047F8307047806AD5
S31508026F007047836A0B4383627047C06A7047C36AD5
S31508026F100B43C3627047C36A23EA0103C36270471D
S31508026F2000F59C70704790F8891008B50F2904D9A6
S31508026F300909823003F024F808BD7F20FCE770B502
S31508026F4040F2712606FB01F345685643826A1D44E0
S31508026F50D207044645600ED500F14405294690F845
S31508026F604220EAF727F9334629462046BDE870400B
S31508026F70012202F080BA05EB5605456070BDD0F8CD
S31508026F80A40000B9704743799B0701D40068F8E763
S31508026F900120704780F87B10704738B504460D46C5
S31508026FA0E7F77CFC80B2FFF75CFF80B14288022DCE
S31508026FB0B4F8400011D0032D0BD0012D06D1A38FB2
S31508026FC0A26B1B01B3FBF2F3184480B238BD01224F
S31508026FD0EDE74FF47A43A26BF4E7E38F5B000733DE
S31508026FE013FB0200F1E738B5044602F039FC04F156
S31508026FF0A400FDF735FD04F1A800FDF731FD04F103
S31508027000AC00FDF72DFD2046E7F748FCC4B2204642
S31508027010FEF715FB05462046FEF713FB01462846F2
S31508027020FEF70CFB38BDB0F8343110B5A0F8323192
S315080270300446E7F733FCC0B2FFF728FF94F830316D
S3150802704094F8312104F1480101F0EDF9014604F5FD
S315080270509470FEF76BFBB4F93221B4F934319A42D3
S3150802706009D0A36ADB0406D52046BDE810404FF4D2
S315080270700041E7F729BC10BD806B7047836A0A4650
S3150802708000F14801C3F34020E9F74ABD70B504464A
S315080270900E4615463AB9A36A23F440534EB9A3627B
S315080270A055B9002004E0E9F73FFE0028F3D1112084
S315080270B070BD43F48053F2E743F40053A362F0E74A
S315080270C02DE9FF41836A0446DB0428D5B0F93481E9
S315080270D0B0F932710020E4F745FD8045CCBF0025A2
S315080270E0012501F0A5F9C82294F83011E4F726FD26
S315080270F006462046E7F7D2FBB045B4BF002601266E
S31508027100002345EA4605CDE90085A8EB07073FB205
S3150802711002971A4694F8301180B2FEF72AFC04B098
S31508027120BDE8F0818A307047F8B504460E46002954
S315080271305BD040F27123876B30465F43A7F28A27FA
S315080271407F08394600F029FC94F89230851FADB2C3
S315080271509D4239463046A8BF1D4600F01EFC94F8EB
S315080271609320831F9BB29342A6F10300A8BF13463E
S315080271700128B4F88A10B4F88C202BD8B1F5296FF7
S3150802718044F29020B8BF4FF429618142A8BF014654
S31508027190B2F5296FB8BF4FF429628242A8BF0246E8
S315080271A01B2DB8BF1B251B2BB8BF1B23304684F8E3
S315080271B0953084F89450A4F88E10A4F8902000F024
S315080271C0ECFB831F9BB2AB42A8BF2B46DBB284F80B
S315080271D09630F8BDB1F5A47FB8BF4FF4A471B2F5E5
S315080271E0A47FB8BF4FF4A472DAE71B23EFE72DE9B1
S315080271F0F341876B490089B28F42044616461D46FB
S315080272003FD040F271224368816302FB073302FBD7
S3150802721011334360E7F742FB4FF0000887B2334663
S315080272204246012138460195CDF80080FFF721FE36
S315080272303846FFF726FE41463846FFF71BFE01236E
S31508027240E28FB242A28F1CBF0123E687AA42A26A34
S315080272501CBF0123A587D20700D5A3B1A38FA26BB2
S315080272601B01B3FBF2F3204694F83011A4F8A030C0
S31508027270FFF75AFF0421204602B0BDE8F041E7F7BE
S3150802728023BB0023DCE702B0BDE8F081F0B585B088
S3150802729004460E466A4600F18A0300F1920715462D
S315080272A018685968083303C5BB422A46F7D11868D5
S315080272B0314628609B882046AB80FFF735FF9DF84C
S315080272C00B2094F895309A4211D1BDF80620B4F8ED
S315080272D090309A420BD19DF80A2094F894309A423B
S315080272E005D1BDF80420B4F88E309A4207D04FF47F
S315080272F08141204605B0BDE8F040E7F7E5BA05B09A
S31508027300F0BD37B5044694F89250BDF818008D4280
S315080273100BD1B4F88A50954207D194F893509D42FE
S3150802732003D1B4F88C5085421BD08DF80610ADF8FF
S315080273300420019D84F8921084F89330A4F88C00F6
S3150802734094F830112046C4F84051A4F88A20FFF771
S315080273509DFFB4F88E30A4F88A30B4F89030A4F8B9
S315080273608C3003B030BD70B5044616460D4671B171
S3150802737090F830318B420AD00126012201F09AFB9D
S3150802738000222946204601F055FB84F83051204652
S3150802739094F83011FFF77AFF36B12046BDE87040FF
S315080273A04FF48441E7F790BA70BD30B4C56A15F058
S315080273B0040F0DD145F00405C56280F89E10A0F8A9
S315080273C09A204FF4006130BCA0F89C30E7F77CBAEB
S315080273D030BC704710B511B190F89E400C7012B1CE
S315080273E0B0F89A10118013B1B0F89C201A8090F860
S315080273F02C00C0F3800010BD836A43F48063836265
S31508027400704700F5A270704790F830017047F8B5DA
S31508027410044609F047FF65680646E4F711F82B1A91
S31508027420B3F5FA7304D53046BDE8F84009F035BF1E
S3150802743040F27122A16B94F874505143B3FBF1F3F5
S31508027440B4F8402098B2121AA4F8402094F873208F
S3150802745000FB1522252592FBF5F705FB1722002AC4
S31508027460B8BF521984F87320B4F8A020121AA4F8E7
S31508027470A020626800FB1122002120466260FEF706
S31508027480D9FDD0E7F0B5036B04469D0790F87B60FB
S3150802749087B001D5FFF7A7FD236BD90700F14D8108
S315080274A0236B9A0411D52046E7F7F8F9A16AC0B208
S315080274B0C1F34021FEF738FA002800F063814FF441
S315080274C0005104F13000FFF791FC236BD80409D56B
S315080274D000212046E7F7F2FE4FF4805104F130000E
S315080274E0FFF784FC236B590513D52046E7F7D6F92F
S315080274F0002394F89F50C2B21946284601F09FFC11
S31508027500002800F03F814FF4806104F13000FFF754
S315080275106DFC236B5A0712D52046E7F7BFF9A16B14
S31508027520A38FE28FC1F34F0180B201F0C8FD002894
S3150802753000F02881042104F13000FFF757FC236B81
S315080275401B070AD5204602F06DFB002800F01A81B7
S31508027550082104F13000FFF749FC236BDF0617D533
S315080275602046E7F79BF9E16A80B211F4805100F0F0
S315080275701C81002101F038FE002800F00381E36A2D
S31508027580102123F48053E36204F13000FFF72EFC46
S31508027590236B5D0613D52046E7F780F994F87B300E
S315080275A080B20093D4E9082301F001FE002800F016
S315080275B0E980402104F13000FFF718FC0026236B0E
S315080275C0180516D52046E7F769F900230093B4F89B
S315080275D09C30B4F89A2094F89E1080B2FEF75EF9B1
S315080275E0002800F0CF804FF4006104F13000FFF765
S315080275F0FDFB236B13F480452FD1990513D520463D
S31508027600E7F74CF92B462A4694F8301180B2E4F78C
S315080276109BFC002800F0B6804FF4007104F130009C
S31508027620FFF7E4FB2E46236B1A0616D52046E7F724
S3150802763035F9B4F8903080B2009394F89530B4F8DE
S315080276408E2094F8941001F001FE002800F09A802A
S31508027650802104F13000FFF7C9FB236B9B0610D586
S315080276602046E7F71BF994F87B1080B201F0D3FDA8
S31508027670002800F08780202104F13000FFF7B6FBCE
S315080276800026236BDF0508D504F130004FF480711C
S31508027690FFF7ACFB204602F0FDF8236B1D0408D564
S315080276A004F130004FF40041FFF7A0FB204601F039
S315080276B07EF8236B580308D504F130004FF4802175
S315080276C0FFF794FB204601F0CFFA236BD90308D5BE
S315080276D004F130004FF48031FFF788FB204601F0B1
S315080276E067F9236B9A0308D504F130004FF4003189
S315080276F0FFF77CFB2046FFF7D0FB236B9B0718D5C9
S31508027700002220461146FFF7C6FB2046FFF7C5FBB7
S315080277102046E7F7C3F894F87B1080B201F03BFEE7
S3150802772080B304F130000221FFF760FB2046E7F739
S315080277305FFB012084F87B6025E0A76AFB07C7F395
S31508027740803522D5002D0CBF012503252046E7F7F3
S31508027750A5F894F89F30294605930023049394F8D4
S315080277604230C7F340020393A38F80B20293E38F9A
S315080277700193A36BC3F34F03009304F1750301F05E
S31508027780BEFC20B9002007B0F0BD6D00DEE701217E
S3150802779004F13000FFF72AFB50E8003F43F4005398
S315080277A040E80032002AF7D17AE601F034FDE3E632
S315080277B008B50220FDF720FB28B9BDE808404FF0BE
S315080277C08060E8F7A9BBBDE8084001F0C0BD826A3F
S315080277D0002122F0C0028262E7F770BD012310B5CC
S315080277E0A1F12002C1F1200423FA04F403FA02F2F9
S315080277F022438B40D0E9084123400A40134314BF71
S315080278000120002010BDC36A10B5044613F0080013
S3150802781012D00123A1F12002C1F1200023FA00F0BF
S3150802782003FA02F202438B40D4E9080103400A40F4
S31508027830134314BF0120002010BD10B50C46C9B26F
S31508027840FFF7E1FF70B1E8F7FDFBC4F12002A4F1EE
S315080278502003E04001FA02F2104321FA03F3184327
S3150802786000F0010010BD70B504460E46E9F744FE65
S3150802787009F018FD05460221204684F87B60E7F7E1
S3150802788023F820460121FEF7C4FB2846BDE87040CE
S3150802789009F003BD70B50D46044609F003FD064618
S315080278A02046E6F795FF304609F0F7FC29462046BA
S315080278B0BDE87040FFF7D7BF0B68C0F84031704784
S315080278C038B540F64805D0F840310C460B609BB2F5
S315080278D0AB4204D90B21FFF7B0FF08B9258038BDA2
S315080278E044F290232380FAE708B5E7F73FF901F057
S315080278F0CAFA00F0C1FD01F0F4FDEAF7E3FABDE8C1
S315080279000840EAF75FBB38B50546FDF798FE044618
S315080279102846FDF796FE214602460220FDF79CFE02
S3150802792038BD00230384704790F8203090F8212050
S31508027930981AC0B2704710B590F8203090F82120F6
S315080279405C1C9A1A80F8204003F0070340F82310BB
S31508027950D0B210BD90F82130194401F0070150F851
S315080279602100704790F82130013380F821307047A2
S31508027970022808D0042803D0012818BF0620704719
S3150802798001F00101C81C704710B50C46E8F79EF8CD
S315080279900279408804FB020010BD10B50C46E8F7D0
S315080279A095F84388A3429BBFE41A03790020B4FBE7
S315080279B0F3F010BD37B50446E3F7E6FB2046E4F7D5
S315080279C03DF9002301A80193E3F786FC054640B971
S315080279D0A368322043F00403A360019B2362E8F7FD
S315080279E07FF9284603B030BDE8F710BC38B505461E
S315080279F0E8F73AFC044609F055FC2B68A360AB8805
S31508027A00A381A37943F00103A37109F046FC01207F
S31508027A1038BD38B50C460546E8F726FC014605B1D9
S31508027A20083106222046FCF707FEB0FA80F0400924
S31508027A3038BD10B50446E8F717FC03682360838847
S31508027A40A38010BD08B5E8F70FFC807900F00100A5
S31508027A5008BD10B50446E8F707FC836823608389E6
S31508027A60A38010BD70B50E461546E7F7A5F804467D
S31508027A7048B93046E5F772FF044620B92846E8F7C2
S31508027A8091FF044640B10020E7F796F80020E5F793
S31508027A9065FF0020E8F786FF204670BDF1F764B956
S31508027AA04FF40010F1F760B9E8F78AB9112808B55A
S31508027AB002D0122805D008BD1320BDE80840E8F711
S31508027AC00FB9E8F735FBE8F7C7FBE8F7A5F914207D
S31508027AD0F3E7E8F7B1B808B5E8F7B6FBE8F7DCFA72
S31508027AE0E8F760F8BDE808401120E8F7F9B8132866
S31508027AF008B502D0142809D008BDE8F7B5FBFFF788
S31508027B0073FFBDE808401220E8F7EAB80020E8F754
S31508027B1081F8BDE80840F9F7CCBB704783790C3386
S31508027B20184470477047002337B504460125019368
S31508027B30204601A9FDF726FB08B903B030BD019816
S31508027B402A468379C1790025C91A0C33C9B2184461
S31508027B50E3F794FDECE70378024603F00F03072BDD
S31508027B6010B50FD1837813F03F000AD0D37813F0FB
S31508027B70100006D0012103F00F00941CE8F75CFD03
S31508027B80204410BD0020FCE7512810B50C4607D149
S31508027B90E3F7D0FB2046BDE810400021FDF74FBBB6
S31508027BA0BDE81040FDF74FBB51280B4609D18A8A1A
S31508027BB018461305C2F3C02101D5E8F761BBFDF7E4
S31508027BC03EBBFDF740BB10B50C780378C4F38014AE
S31508027BD0B4EBD31F1BD162B9023103F00F03032B97
S31508027BE013D106220830FCF727FD003818BF0120FA
S31508027BF010BD8A7894060AD0CC78E40707D502F035
S31508027C003F02062A03D90431E7E7052BE9D001200A
S31508027C10EEE72DE9F0410D46848A11462846C4F35B
S31508027C2040021E46FFF7CFFF10B10120BDE8F081E2
S31508027C3015F8027BFDF7CBFD04F4C07880F001034A
S31508027C40B8F10002C7F38017294618BF0122384641
S31508027C50DBB200F0DAF8014630B14FF4C0703040BA
S31508027C60B0FA80F04009E1E7FDF7B7FD0028DCD15C
S31508027C70B8F1000FF1D0E04300F4C070EFE721B18C
S31508027C8040780C3818BF012070470120704770B53C
S31508027C9086B004469DF828600B9D11B9012006B0EE
S31508027CA070BD62B9012204A90DF10F00FDF793FD1B
S31508027CB0D0B9204610F8021BC1F3801117E0002B39
S31508027CC0F0D129463046FDF777FD0028EAD1237818
S31508027CD0C3F38013B342E1D106222946A01CFCF75E
S31508027CE0ABFC0028DAD1DDE79DF80F1004A8E7F708
S31508027CF0A1F80028D2D10123218B00930846638B71
S31508027D00A28B01F0C2FB0028C8D0627D531E072B46
S31508027D10C4D8238B9342C1D9E28A9A42BED8A37F9A
S31508027D205BB9E37F4BB994F8203033B994F8213024
S31508027D301BB994F822300F2BB0D994F823001B30C4
S31508027D4000F01F000B2894BF00200120A7E71FB5EB
S31508027D500023CDF80A30ADF80E30D0E90023CDE97C
S31508027D6000230389B0F90C00ADF80830E3F708FFE1
S31508027D706846E3F7B1FB05B05DF804FB1FB5CDE92C
S31508027D80001200228DF80B308DF8082000F00F0340
S31508027D90C0F340128DF809208DF80C30C0F300129A
S31508027DA043068DF80A2001D5E3F714F96846E3F786
S31508027DB053F905B05DF804FB1FB50023CDE9003180
S31508027DC001238DF80830C0F340138DF80930C0F34B
S31508027DD000138DF80A3000F00F038DF80C304306B5
S31508027DE08DF80B2001D5E3F7F5F86846E3F734F981
S31508027DF005B05DF804FB10B50C4608B9E3F7A6FC16
S31508027E002146BDE81040FFF7BFBDF0B587B00E4664
S31508027E1017468DF8070002B9B3B331469DF8070035
S31508027E20FDF7D7FC044680B931469DF80700FDF7F1
S31508027E30D4FC38B9012587B9FDF7BAFC80F00100F0
S31508027E400543ECB2204607B0F0BD012204A90DF1A4
S31508027E500700FDF7C0FC0546EDE79DF80710003957
S31508027E6018BF01210CB105B104AE30460DF10F025F
S31508027E70E8F756FD28B99DF80F40013418BF0124CA
S31508027E80E0E74FF0FF34F8E70124DBE783790C33A8
S31508027E90C218937813F03F0004D0D3781940081E0D
S31508027EA018BF012070472DE9F7434FF00009044631
S31508027EB086798DF807100C360321A0F806909046AD
S31508027EC087191D46FCF79CFD072224F80690A35D38
S31508027ED018F0020F62F30303A355BA7808F00103F8
S31508027EE018BF43F0020363F387129DF80730BA708E
S31508027EF003B935B1012220460DF10701FCF78CFDC5
S31508027F000125BB7865F30503BB7003B0BDE8F083B2
S31508027F1010B501210446FFF7B9FF28B12046BDE88E
S31508027F2010400621FCF76CBD10BD70B50D46022146
S31508027F300446FFF7ABFF00B3A07900F10C02A35C7D
S31508027F40A11823F08003A354E379D5F869601B1AB4
S31508027F50D8B20E5051FA83F3B5F86D1020469980BF
S31508027F602B6A062113F00C0F1EBFA35C43F0800395
S31508027F70A354BDE87040FCF743BD70BD38B50D4645
S31508027F8004210446FFF782FF30B12046A91D0122CB
S31508027F90BDE83840FCF740BD38BDF7B504460F4684
S31508027FA016461D460DF10701013301228DF80730E9
S31508027FB0FDF77DF80DF10701012220468DF80770BD
S31508027FC0FDF775F82A463146204603B0BDE8F0406B
S31508027FD0FDF76DB8F0B5054614889C420AD22819F1
S31508027FE047782E5D8F4204F1010416FA84F403D110
S31508027FF09C4203DD002002E0A4B2EEE71480F0BD45
S3150802800037B50D4604210446FFF740FF78B140F222
S31508028010FF23ADF8003000238DF80230AB886A469C
S31508028020ADF80330FF2105232046FFF7B6FF03B05C
S3150802803030BD38B50D4608210446FFF727FF30B193
S3150802804029462046BDE838400222FCF7E5BC38BD81
S315080280502021FFF71BBF37B50C4640210546FFF71F
S3150802806015FF50B10A2394FBF3F4012228460DF1B9
S3150802807007018DF80740FCF7CFFC03B030BD10B5F9
S315080280808479C37904F10C021B1B02390244D8B263
S3150802809051FA83F353709378033860F305039370A8
S315080280A010BD837873B59A0604460D4620D0C0786B
S315080280B043071DD50121E8F7C7FC0138ADF80600CC
S315080280C0E61CA378FF21304603F03F030DF10602B2
S315080280D0FFF780FF60B10378062BF2D140F2FF2347
S315080280E042889A42EDD10379002BEAD1A0F80550CD
S315080280F002B070BD38B5837804469A060D460CD090
S31508028100C078C30609D5012100F00F00E8F79CFCE8
S315080281100444A37865F30503A37038BD38B583789C
S3150802812004469A060D460AD0C078030707D50121E8
S3150802813000F00700E8F788FC2B880444638038BD02
S3150802814070B505460E4600F06B0000211446E8F7A6
S315080281507BFC54FA80F4FF2C05D821463046BDE84C
S315080281607040FFF748BEFF213046FFF744FE05F090
S315080281704005FC3D00F5487061190446FF2904EBE9
S31508028180000304D83046FFF736FE204470BD1C466D
S315080281902944F3E708B50231C0B2FFF72CFE00F511
S315080281A0FA7008BD37B50246136A084603F0020498
S315080281B003F48055DB0705D47CB9FFF73AFC204661
S315080281C003B030BD4CB9B5FA85F4D2F86310640928
S315080281D00160B2F867208280F1E7019092F9623075
S315080281E0B5FA85F4009300231A4619461846FDF790
S315080281F0EAFA6409E3E710B50446A378084613F0D9
S315080282003F030CD0E37813F0010308D0211DFFF7D2
S31508028210C9FF237860F386130120237010BD184620
S31508028220FCE770B51446054610220E462046002184
S31508028230FCF72BFA2B789A064FD06B1C23606A78C8
S31508028240D30743BFF34303F001032371012348BF56
S315080282500723900707D516F0020F0CBF194600210F
S3150802826006336171DBB2500707D516F0040F0CBF4F
S31508028270194600210133A171DBB2100707D516F0A2
S31508028280080F0CBF194600210233E171DBB2D00692
S3150802829007D516F0100F0CBF1946002103332172B9
S315080282A0DBB2900607D516F0200F0CBF194600213F
S315080282B012336172DBB2510607D516F0400F0CBFB6
S315080282C01A4600220133A272DBB22A7802F03F0272
S315080282D09A4282BFD21AE372227370BD1FB50C4648
S315080282E06A4600210230FFF79CFF9DF8063013B15B
S315080282F0A179009AD15404B010BD30B585B00446B0
S315080283000D4602306A460021FFF78BFF9DF80500ED
S3150802831088B12378009A23F080032370D5F8693050
S3150802832011181350B5F86D308B802B6A1A0704D4CE
S315080283305B0702D4012005B030BD237843F08003E1
S315080283402370F7E72DE9F74F06468A4614469946FB
S315080283509DF830B09DF83450FCF744FD0322B779F6
S315080283600E990C3706EB070888F8032008F1040073
S31508028370BBF1000F16D1E5B9FFF75BFB9DF83C3060
S3150802838008F10A0B83F001031D40BAF1000F15D15B
S31508028390ACB9D9F80030C8F80A30B9F80430ABF8E5
S315080283A0043017E02DB931B10B68C8F804308B8850
S315080283B083800125E2E7FFF74CFBFAE724B3FDF7D2
S315080283C0F4F901230021CDE9000B1A460846FDF708
S315080283D0FAF901240D214B1C88F80130F35DAA0134
S315080283E003F00F0342EAC4121A43F255304688F8DC
S315080283F002100331FCF704FB0822F35D62F3030360
S31508028400F35503B0BDE8F08F0124C2E7CB08C05C80
S31508028410012301F007018B401840003818BF0120DC
S31508028420704770477047024619460020E3F786BB35
S31508028430002070470020704707B500214FF0FF3330
S315080284406A46084600938DF80430E8F769FB03B0DC
S315080284505DF804FB38B50546006807F0B0FA04462D
S31508028460287900F01F0007F0AAFA2044C0B20128B2
S3150802847094BF0020012038BD704770B515460E46D8
S315080284801C46FEF73AFD2B684EB103606B684360E3
S315080284902368C0F825302368C0F8153070BD83609C
S315080284A06B68C3602368C0F829302368C0F819309E
S315080284B0F4E770B50546FEF720FD044608F0F2FE1D
S315080284C0064640212846FEF71CFD4FF40061284661
S315080284D0FEF71DFD304608F0E0FE0023284623611C
S315080284E02375236284F82430FEF709FD802310F0F1
S315080284F0010F14BF237584F8243070BD10B50446E5
S31508028500FFF765F92046BDE810401021E6F7DCB909
S3150802851010B504464FF46061FEF7FDFC2046BDE83F
S315080285201040FFF754B97FB506460C46FEF7E5FC40
S315080285304FF4C06105463046FEF7E9FC4FF4006188
S315080285403046FEF7E8FC4FF48060E7F7F5FC224672
S3150802855070B969462846E8F79FF96B4605F1100295
S3150802856013F8011B02F8011DAA42F9D104B070BD25
S315080285706C4602F11006234610685168083203C396
S31508028580B2421C46F7D1E8E737B50D46ADF80420E6
S31508028590FEF7B3FC044600F1200302460199284679
S315080285A0E8F7A6F8236A0133236223B994F824303C
S315080285B0013384F8243003B030BD37B50D46ADF823
S315080285C00420FEF79AFC01990446024600F11003BC
S315080285D02846E8F7F5F830B123690133236113B960
S315080285E0237D0133237503B030BD013903291FD812
S315080285F0DFE801F00209101712B190F9000070477E
S3150802860090F90100704712B190F90200704790F98B
S315080286100300704712B190F90400704790F90500FB
S31508028620704712B190F90600704790F90700704733
S315080286307F2070470028ACBF05236FF00403184457
S315080286400A2390FBF3F05843A3F5FF7300B298424E
S31508028650B8BF1846C828A8BFC820704708B5C82298
S31508028660E3F76CFABDE80840FFF7E4BF10B5044625
S315080286704FF40050E7F760FC18B12046E8F7E8FA2D
S3150802868008B9002010BD0720FCE72DE9F74F8146FF
S315080286904FF400500E461746E7F74EFC002849D01D
S315080286A04846E8F7F3FAF31E012B81BF012506F1C6
S315080286B0FF33DBB29D40044698BF0C2580464FF037
S315080286C000034FF0060240F2EC4B88BFEDB202FB04
S315080286D003FA14F80A1045FA03F000F0010021F033
S315080286E00C01013341EA800104F80A100020D9B2CC
S315080286F00193FFF7B3FFA8F802B0A8F8040014F82C
S315080287000A10019B21F0030104F80A10FF21042B29
S3150802871088F801104FF0060208F10608D7D10020A2
S315080287200437314627766083A083FFF797FFE083F5
S31508028730A9F8320103B0BDE8F08FF8B504464FF444
S315080287400050E7F7F9FB70B32046E8F79FFA0622CE
S31508028750054694F8303104F14801581EC0B202FBAE
S31508028760005094F83121B0F90400FFF75CFEFFF7D8
S3150802877061FF064608F096FD31460746EE8304F584
S315080287809470FCF7D3FFB4F93221B5F91E309A4238
S3150802879004D04FF400412046E6F796F83846BDE87D
S315080287A0F84008F07ABD2046FEF73DFCF8BD2DE9F3
S315080287B0FF4704464FF40050E7F7BEFB002865D092
S315080287C008F070FD81462046E8F760FAB0F91E60A7
S315080287D00546B4F832710020A4F8326194F830A143
S315080287E0E3F7C0F994F83031864294F831214FF014
S315080287F0C80004F14801B5F91E80A6EB0707CCBFED
S3150802880000260126FFF70FFEFFF714FF6B8B804544
S31508028810B4BF4FF000084FF001083FB2D3B90121A7
S315080288200AF1FF3AB5F91E305FFA8AFA01FA0AF135
S3150802883048EA46020093C9B23B46204601F0F7FAD7
S315080288402046FEF719FC830803F548724308B2FB73
S31508028850F3F36B832046FEF752FBC30410D520467A
S3150802886046EA4806E6F71AF802970196B5F91E305F
S3150802887080B20093002394F830111A46FDF779F86E
S31508028880484604B0BDE8F04708F007BD2046FEF7A3
S3150802889017FC04B0BDE8F08710B50C46E8F7F6F900
S315080288A0447610BD10B54C1EE4B2032C07D8E8F77F
S315080288B0EDF906235C43005DC0F3800010BD00207D
S315080288C0FCE7F0B585B00646E8F7E0F9447E0546CA
S315080288D004B30623013CE4B25C43035D1B0710D5CF
S315080288E03046E5F7DBFF0027697E02232222CDE91F
S315080288F00177009780B2FDF73CF82B5D67F3C30357
S315080289002B554FF480213046E5F7DEFF2B7E23F008
S3150802891002032B7605B0F0BD70B505464FF400503C
S315080289200E46E7F709FB002841D021212846FEF723
S315080289306AFF00283BD02846E8F7A8F90622731EE4
S31508028940DBB25343C35C04465A0730D50021284696
S31508028950FEF723FB238C984212D9C31A9BB22084B2
S3150802896083B1A28B93428EBF0022D21A92B2A283FD
S31508028970628B93428DBF0023D21A6283638301E01E
S3150802898012D32084A38B93B92846FEF7BEFA430472
S315080289900DD428464FF48031E5F796FF314628462E
S315080289A0BDE87040FFF778BFC31A013BD6E770BD32
S315080289B02DE9F8430746E8F769F9037E04465B079B
S315080289C033D40623467E06F1FF395FFA89F903FB9B
S315080289D009F900EB090831463846B8F90220E8F7E2
S315080289E065F9051E21D014F8093020DA13F0010FB3
S315080289F01BD13846FEF740FB830803F54873400847
S31508028A00B3FBF0F305EB8505A3836A0031463846C6
S31508028A10B8F9043012B2E9F73FFB30B9F11E012961
S31508028A209EBF237E43F002032376BDE8F88313F044
S31508028A30020FDDE7F8B507464FF400500D46164615
S31508028A40E7F77AFA10B911263046F8BD21213846D9
S31508028A50FEF7C4FE0028F6D03846E8F717F96B1E6B
S31508028A600446DBB20EB9828B12BB062202FB034313
S31508028A70294600223846B3F90430E9F70DFB0646C3
S31508028A800028E1D13846FEF7F7FA830803F548735A
S31508028A904008B3FBF0F3033D012DA3839EBF237E5B
S31508028AA043F002032376237E23F004032376CBE7DF
S31508028AB02326C9E72DE9F34705464FF400500E462B
S31508028AC01746E7F739FAA8B13146284677B1FFF7CC
S31508028AD0E9FE78B92846E8F7D9F806F1FF38032EF1
S31508028AE004465FFA88F808D1B1460CE0FFF7DAFEC9
S31508028AF00028EFD102B0BDE8F087042E0CBF4FF074
S31508028B0002094FF0FF09062303FB08F3E25C04EBB4
S31508028B10030A67F38202E2543FB1207E314600F02F
S31508028B200100FFF79BFDAAF80400B9F1FF0F11D067
S31508028B30062303FB09F3E25CE61867F38202E254B2
S31508028B4047B1207E09F10101C9B200F00100FFF721
S31508028B5085FDB08022212846FEF740FE0028C9D0AE
S31508028B602846FEF7D2F90304C4D50123B9F1FF0F4B
S31508028B7003FA08F10CBF002303FA09F349B218BF36
S31508028B805BB21943C9B2AFB1062303FB0848B8F969
S31508028B900430012200932846002301F048F92846AA
S31508028BA0FEF76AFA830803F548734008B3FBF0F345
S31508028BB063839FE740F2EC43EBE72DE9F04F8846E3
S31508028BC085B00746E8F762F8062308F1FF34E4B2EF
S31508028BD05C4340F2EC4300EB040BBBF902A00546EA
S31508028BE09A4525D13846FEF790F910F4103617D172
S31508028BF0012241463846FFF71DFF814680B13846B5
S31508028C00E5F74CFE02234A464146CDE90166CDF810
S31508028C1000A080B2FCF7ADFE2B5D66F3C3032B55AD
S31508028C204FF48021384605B0BDE8F04FE5F74CBE53
S31508028C304FF00009035D3846C3F34002C3F300064A
S31508028C4046EA4206E5F72AFEF6B2CDE90169BBF91C
S31508028C5002304A4600934146022380B2FCF789FE57
S31508028C602B5D69F3C303DAE710B50446E8F70EF895
S31508028C700021062303FB01F2825C013112F0080F80
S31508028C8005D02046BDE81040C9B2FFF796BF0429B1
S31508028C90F0D110BD38B50C460546E7F7F7FF0622B0
S31508028CA0631EDBB25343C25C110709D442F00802C1
S31508028CB0C2544FF480212846BDE83840E5F704BE81
S31508028CC038BD0020704741F0004141F4E0210160BF
S31508028CD07047036861F3DB43036070477047704768
S31508028CE010B5E3F717F8837900210C33C418E07836
S31508028CF0E4F7C8FD68B1211DFDF7B6FB0446E3F7A4
S31508028D000FF8E2B20023BDE8104042F23501FCF743
S31508028D1085BD41F24204F2E72DE9F041E2F7FAFF96
S31508028D20837900260C33C418E778E2F7F3FF05685F
S31508028D30E2F7F0FFA7F1FE025142066051413846BA
S31508028D40E4F7A0FD2279044690B1B0F85830DB0664
S31508028D500ED52B463146FDF739FB0446E2F7E0FF0E
S31508028D60E2B20023BDE8F04142F23701FCF756BDF4
S31508028D702B460021204601F06EFAEEE770B5E2F7BF
S31508028D80C9FF83790C33C418E678E2F7C3FF05688E
S31508028D90E2F7C0FF0023A6F1FE02514203605141E9
S31508028DA03046E4F76FFD2279044690B1B0F85830A0
S31508028DB0DB060ED52B460121FDF708FB0446E2F732
S31508028DC0AFFFE2B20023BDE8704042F23801FCF779
S31508028DD025BD2B460121204601F03DFAEEE710B5E6
S31508028DE0E2F798FF837900210C33C418E078E4F798
S31508028DF049FD6168FDF76DFB0446E2F791FFE2B2B1
S31508028E000023BDE810404FF61941FCF707BD10B51F
S31508028E10E2F780FF837900210C33C418E078E4F77F
S31508028E2031FD6168FDF76EFB0446E2F779FFE2B2AF
S31508028E300023BDE810404FF61A41FCF7EFBCFE28A6
S31508028E402DE9F8430646894690461F4616D0022063
S31508028E50FBF7D2FF044690B106221221FCF7F9FC71
S31508028E601223A57920460C352544AB7085F8039064
S31508028E702E71A5F80580EF71E2F712FF0120BDE811
S31508028E80F88300207047704710B5E3F7DFF9044608
S31508028E90FCF7C0FC2043C0B210BD38B5E2F73AFF72
S31508028EA08179C37901F10C025B1A0244002102207E
S31508028EB0DBB2B2F80350FCF735F9044640B9E2F7DB
S31508028EC02FFF0722BDE8384042F21901FCF7CBBC56
S31508028ED02846E5F7CBFC38B12146E9F707F80446F8
S31508028EE0E2F71EFF2246EDE72046E1F727FB0224BA
S31508028EF0F6E770B5E2F70EFF83791844B0F80F600B
S31508028F00B0B2E5F7B3FC80B1002100F030FE0546A9
S31508028F10E2F706FF044602232A4642F21B01FCF741
S31508028F207DFCA3791C44668270BD0225F0E770B504
S31508028F30E2F7F0FE83790C33C418B4F803502846D6
S31508028F40E5F794FCA0B1611D00F011FE0646E2F7B2
S31508028F50E7FE04460223324642F21A01FCF75EFC99
S31508028F60E37923449D72E3792D0A1C44E57270BDA8
S31508028F700226ECE710B5E2F7CDFE83790C331844E6
S31508028F804479B0F80300E5F771FC60B12146E8F7C9
S31508028F908BFD0446E2F7C4FE2246BDE8104040F2C5
S31508028FA00641FCF760BC0224F4E770B5E2F7B2FEAC
S31508028FB083791844B0F80F5008F074F90446284625
S31508028FC0E5F754FC80B11621FEF764FC002520461D
S31508028FD008F063F9E2F7A4FE2A46BDE870400023CA
S31508028FE04FF60441FCF71ABC0225F0E7F8B5E2F79A
S31508028FF091FE847905460C340444B4F80300E5F777
S3150802900035FC064640B9E2F78BFE0222BDE8F84077
S3150802901042F21301FCF727BCAA79EB7900219B1AC5
S315080290200C320220DBB22A44FCF77CF8014618B956
S31508029030E2F776FE0722E9E783790333837130463E
S31508029040B4F80D50B4F80F70E8F7D4FC04463A4663
S3150802905029463046E5F718FFE2F762FE2246D5E7CB
S3150802906038B508F01FF90446FFF70EFF00280CBFB3
S315080290700C250025E2F754FE2A4642F20E01FCF7B9
S3150802908003FCE3F7EBF82046BDE8384008F005B9DB
S3150802909010B5E2F73FFE83790C330344B3F80300B5
S315080290A0B3F80510C0B2E5F705FFE2F739FEBDE8E9
S315080290B01040002342F224011A46FCF7AFBB2DE901
S315080290C0F84381460220884617461E46FBF794FE59
S315080290D0044690B10A220321FCF7BBFB0023A579BB
S315080290E020460C352544EB70A5F80490A5F80680B1
S315080290F02F816E81E2F7D4FD0120BDE8F8832DE9C0
S31508029100F043814685B002200E461F469DF84480EC
S315080291108DF80F20FBF770FE0546002844D0222260
S315080291202921FCF796FB0022AC7930460C342C44F4
S3150802913004F10E0304F11401C4F80E209A80626148
S31508029140228300913A460DF10F01FCF734FB9DF894
S315080291504030A4F80490E37006F00103A3719DF869
S315080291600F3016F0FD0FE3713B68A360BB88A3813D
S315080291704FF6FF7304D0032E08BF43464FF0FF088D
S31508029180BDF8302028466283BDF8342084F8218051
S31508029190A283BDF838206384E2839DF83C2084F8D4
S315080291A02020E2F77DFD012005B0BDE8F083F8B581
S315080291B00746022016461D46FBF71EFE044690B1D8
S315080291C00C220421FCF745FBA1799DF818300C31D5
S315080291D0214420468F80C1F80660C1F80A50CB7038
S315080291E0E2F75EFD0120F8BD70B5064602200D467F
S315080291F0FBF702FE044668B103223021FCF742FB64
S31508029200A37920460C332344A3F803609D70E2F742
S3150802921047FD012070BD70B5064602200D46FBF7D4
S31508029220EBFD044688B104220821FCF72BFBB5FAAC
S3150802923085F2A37952090C3323442046A3F8036026
S315080292405A719D70E2F72CFD012070BD2DE9F84395
S3150802925081460220884617461E46FBF7CDFD044680
S31508029260B0B10B220721FCF7F4FAA579BDF8203034
S315080292700C3525442046A5F80390A5F80580A5F8DF
S315080292800770A5F80960A5F80B30E2F709FD012079
S31508029290BDE8F883F8B5074602200E461546FBF7E1
S315080292A0ABFD0446A0B10D220521FCF7D2FAA3793B
S315080292B020460C332344A3F80370A3F80D602A68EA
S315080292C0C3F805206A68C3F80920E2F7E9FC012019
S315080292D0F8BD2DE9FF41164680460F466A466D4699
S315080292E00A9C03F1100E9446186859680833ACE8CC
S315080292F0030073456246F6D124B90220FBF77CFDCA
S31508029300044608B31D22ED212046FCF798FAA379F4
S315080293100C332344A3F80380A3F80D702EB13268E8
S31508029320C3F805207268C3F809200F332A4603CA10
S31508029330596004A98A421860154603F10803F5D153
S315080293402046E2F7ADFC012004B0BDE8F08137B54E
S315080293501321827901900C32815485180022032147
S31508029360C280FBF74DFB0198E6F7EAF80446019836
S31508029370FFF787FD204410F0FF0004D101A8FBF790
S315080293806FFB03B030BDA870800001306870019889
S31508029390E2F786FCF5E770B5064602200D46FBF7AE
S315080293A02BFD044678B104220521FCF76BFA00224C
S315080293B0A37920460C332344A3F803605D719A709F
S315080293C0E2F76EFC012070BD13B5837901900C3368
S315080293D0C418C05CE5F74AFA20B901A8FBF740FBB6
S315080293E002B010BD019962788B7912F0300F03F141
S315080293F004038B714B790CBF43F0010303F0FE03A0
S315080294004B71E5F75BFFEBE72DE9F041E2F782FCEA
S3150802941083790C33C418B4F803801FFA88F0E5F789
S3150802942025FA0746E8B1A2796179FDF72FFE0646C5
S31508029430E2F776FC05460223324642F27A01FCF747
S31508029440EDF9AB791D44A5F8128066B9A37953B133
S315080294503846FDF7D9FF01463846BDE8F041FFF721
S3150802946019BC0226E4E7BDE8F0814368143B436071
S31508029470A0230B6070471AB94268A2EB53024260F6
S315080294800A6802EB83020A60704730B58842BDF863
S315080294900C4019D8052817D9B1F5486F14D8B3F571
S315080294A0FA7F11D240F67645A2F10A0080B2A842A6
S315080294B00AD803FB04444C4312B26400B4EBC20F4D
S315080294C094BF0120002030BD0020FCE7C94350E8C4
S315080294D0003F0B4040E80032002AF8D170470020CE
S315080294E0704708B5E7F7C4FEBDE80840E8F718B9BB
S315080294F02DE9F04104460F4600260125214686F04D
S315080295000100FDF7F3FC4FF48051FFF7DFFF836894
S3150802951080463BB1028ABA420CD10022012120467A
S3150802952098470540731C022B4FF00106E6D12846E0
S31508029530BDE8F0810268D10502D500221146EEE7A0
S315080295409307EFD52046FDF71AFD02460028E9D112
S315080295500521D8F80830E2E708B5FDF7E1FC002353
S315080295600380436008BD38B504460D46FCF751FA38
S3150802957029462046BDE83840E5F7A0BE10B58379EE
S3150802958004460344187BE7F763FE01462046FBF7C9
S3150802959037FAA0790C30204410BD07B540F20332E1
S315080295A0C28042798DF8071042F0030242710DF12A
S315080295B007010122FBF730FA03B05DF804FB70B528
S315080295C00C460546072120461646FFF7E6FF2046C3
S315080295D0FFF7D4FF214646702846BDE87040FFF7DC
S315080295E0C2BF38B50C4600210546FDF7D6FC47F63C
S315080295F0FE73241AA4B29C4205D928462821FEF7EE
S3150802960032F9002038BD0120FCE738B504460D467C
S3150802961001460020FDF76AFC03689B0505D4294626
S315080296202046BDE83840FFF7DCBF002038BD2DE9EB
S31508029630F04115461F469DF81880FDF757FC04466B
S3150802964007F030FEB8F1010F064623D154E8003F71
S3150802965043F4807344E80032002AF7D105B354E88C
S31508029660002F42F4007244E80023002BF7D1FF21B1
S315080296702046FFF72BFF54E8002F48EA020244E887
S315080296800023002BF7D13046A5602782BDE8F041BA
S3150802969007F003BE4FF480712046FFF717FFDDE798
S315080296A04FF400712046FFF711FFE0E773B506464F
S315080296B001200C46FDF71AFC002305461A460093BC
S315080296C021463046FFF7B3FF6B6863B14FF48071EA
S315080296D02046E5F7F9F855E8003F43F4007345E8F4
S315080296E00032002AF7D107F0DDFD05462046FDF7D0
S315080296F017FC28B103881BB14FF40070FEF7CEF9A8
S31508029700284602B0BDE8704007F0C7BD38B5054621
S315080297100C46FDF7EBFB83684BB10221204600227B
S31508029720984721462846BDE83840FFF7BFBF38BDEF
S31508029730012938B505460C4608D0CC1E012C03D89B
S3150802974001460120FFF7E2FF012038BD2221FDF77D
S3150802975021FC20462946FFF7D9FF0020F5E708B580
S31508029760FDF7C4FB006800F0F00008BD10B501461D
S3150802977004460120FFF7F3FF20B92146BDE8104051
S31508029780FFF7EDBF10BD70B506460D46014601202E
S31508029790FDF7ACFB314604460020FDF7A7FB22681D
S315080297A0036842EA0301C90523D4920549BF248AFC
S315080297B04FF6FF74641BA4B29B0554BF4FF6FF73A2
S315080297C0038A304644BF5B1B9BB29C42A8BF1C4619
S315080297D0FBF73FFF002804DB411B89B28C42A8BF76
S315080297E00C464FF6FF739C4208BF4FF0FF342046E3
S315080297F070BD0124FBE72DE9F341044601910146B8
S3150802980001201546FDF772FB214606460020FDF7A4
S315080298106DFB80462046FDF772FB010706D501A8B7
S31508029820FBF71EF90C2002B0BDE8F08107F03AFDFD
S31508029830336807469A0503D4D8F800309B0509D53C
S315080298400199301D8D60FBF7FCF9384607F025FDB6
S315080298500020E8E707F021FD20460199A847E2E73C
S3150802986038B5014604460120FDF740FB05460C3093
S31508029870FBF7F6F8281DFBF7F3F821460020FDF75B
S3150802988035FB04460C30FBF7EBF8201DBDE83840E3
S31508029890FBF7E6B870B5014605460120FDF726FB3B
S315080298A006460430FBF763F9044670B14FF40071BB
S315080298B03046FFF70BFE21462846A368984720B193
S315080298C02046BDE87040E0F739BE70BD00238260CD
S315080298D0C0E900310373704708B50B4601461846BE
S315080298E0FDF704FB4078C0F3400008BDFFF720BF30
S315080298F0CB1E012B70B504460D46164606D81A210C
S31508029900FDF748FB40212046E4F7DEFF32462946AA
S315080299102046BDE87040FFF70BBF38B504460D4632
S31508029920FDF72DFB28B1012D04D122212046FDF792
S3150802993031FB002038BDF8B50C468B7907460B4437
S31508029940D3F80D60D3F811303246E5F70FFC09213A
S315080299502046FFF722FE2046FFF710FEA579E6F716
S3150802996071FB0C3566F0FF0625440640C5F8016012
S31508029970E6F768FB3846C5F805102146FFF7F3FDFA
S3150802998002213846E7F7A0FCF8BD70B50E46054633
S3150802999001460020FDF7AAFA012E044603D0022E3C
S315080299A011D0012070BDC16828468B7919440D3142
S315080299B0FDF764FBE068E0F7C1FD00202946E06098
S315080299C0FFF774FEEDE7C068E0F7B8FD0023E36031
S315080299D0E7E738B50D46044601460120FDF786FA43
S315080299E0012D08D100F112012046FDF747FB214659
S315080299F02846FFF75BFE012038BD08B5FDF785FA54
S31508029A0000F0010008BD38B50C4602210546FDF7EF
S31508029A107EFA0C212046FFF7C0FD2046FFF7AEFD71
S31508029A204FF0FF3383700223C3700F234370602302
S31508029A3003710623214643712846BDE83840FFF7DD
S31508029A4092BDF8B50C460546FDF759FA00F001072E
S31508029A5087F0010729463846FDF748FA012C0646DB
S31508029A60C06803D0022C21D00120F8BD83790C33BB
S31508029A70C41823892846E288A188FDF7B8FB6188BD
S31508029A80627849005200284689B2FDF758FAF0680A
S31508029A90E0F754FD002328464FF48031F360FDF7C2
S31508029AA03AFA29463846FFF701FEDDE7E0F746FDB2
S31508029AB000234FF480312846F360FDF72CFAD3E7EA
S31508029AC0042910B5044601D0002010BDFDF717FA87
S31508029AD000F00100C0F10200E6F72EFA0028F3D1E1
S31508029AE0FBF78AF9014608B90220EEE72046E7F7AE
S31508029AF0A5FF0028F8D10120E7E72DE9F0410F4636
S31508029B0004469046FDF7FBF900F0010585F00105CC
S31508029B1021462846FDF7EAF9012F064603D0032F08
S31508029B200FD001200BE02046FEF7F2FC2221204648
S31508029B30FDF730FA28462146FFF7E8FD0020BDE882
S31508029B40F081C068E0F7FAFC00232046F360FEF7CE
S31508029B50DFFC204698F80410FDF71CFA204620215F
S31508029B60E4F7B2FE21462846FFF7D0FDD9E737B516
S31508029B7004460D46FDF7C9F900054FD50220FBF745
S31508029B803BF9019000284BD0204655B3FDF7B7F9AB
S31508029B90C1070AD505210198FFF7FFFC0198FFF7CF
S31508029BA0EDFC20460199FFF7DEFC29462046FEF722
S31508029BB0BAFC2046FDF7A3F9C2070FD44FF4006199
S31508029BC02046FDF7A8F906210198FFF7E6FC019859
S31508029BD0FFF7D4FC20460199FFF7C5FC002003B025
S31508029BE030BDFDF78CF9C3070DD50199032306226B
S31508029BF02046E7F7FDFB2046FEF78AFC2146284663
S31508029C00FFF784FDEAE701A8FAF72AFF20463D2175
S31508029C10FDF729FE2046FEF77BFCDFE70C20DEE790
S31508029C200720DCE7F7B5014604460020FDF75EF992
S31508029C30054600F112074FF48060E6F77DF950B940
S31508029C402046E4F72BFE3A46698B80B203B0BDE89C
S31508029C50F040FFF71FBB2046E4F720FE06462046E3
S31508029C606D8BFDF74AF900220346009229463A46C9
S31508029C70B0B2FFF72EFB03B0F0BD83781A2B09D8D2
S31508029C801B2383700288B2F5A47F07D24FF4A4730C
S31508029C90038007E0FB2BF5D9FB23F2E744F2902376
S31508029CA09A42F5D870472DE9F04304468A884E88C9
S31508029CB08B790D88C97987B043EA012303A8ADF8E1
S31508029CC00C308DF80E20EDB2FFF7D7FF04A8BDF8C9
S31508029CD00C909DF80E80ADF810608DF8125005A90B
S31508029CE0FFF7CBFF2046BDF810709DF81260FDF70E
S31508029CF0E7FD0B212046FDF7A0FD40F6480544F294
S31508029D009023002818BF1D464346BDF814209DF827
S31508029D1016104D45D4BF0095CDF80090FB2BA8BF71
S31508029D20FB23BA42A8BF3A46B142A8BF31462046EB
S31508029D30FDF7E7FA07B0BDE8F08337B514460546DE
S31508029D401046FFF72AFC2046FFF718FC01A904462D
S31508029D502846FDF7B5FD0B212846FDF76EFD6FF087
S31508029D6004036370002344F29022A37040F648036A
S31508029D70002818BF1346A4F803309DF80630A4F845
S31508029D800530BDF80430A4F8073003B030BDFFF73C
S31508029D90CFBC022973B505460C4603D000242046DB
S31508029DA002B070BD0521FDF719FD0028F6D0E5F7CA
S31508029DB087F81B28F2D94FF40040E6F7BDF80028C9
S31508029DC0ECD1FBF719F806460028E8D0284601A97F
S31508029DD0FDF776FD314628469DF80630BDF8042083
S31508029DE0E8F70AF90028D9D10124D8E7012910B5DC
S31508029DF004460FD0033901290AD8FEF762FD4FF44B
S31508029E0080412046FDF787F821460120FFF77EFCB0
S31508029E10012010BD2221FDF7BDF84FF480412046EE
S31508029E20FDF779F82046FEF74CFD0020F1E72DE90B
S31508029E30F0478A462221804615461F46BDF92090DC
S31508029E40FDF7CCFC60B30220FAF7D6FF064648B304
S31508029E502521FFF7A2FB3046FFF790FB6B0003F0C4
S31508029E600203C5F340051D4385700A2540F2EC43FB
S31508029E7097FBF5F79945044680F801A0C7700DD0FF
S31508029E804846E1F7AFFE90FBF5F35BB24046314632
S31508029E902371FFF768FB0020BDE8F0877E23F5E70C
S31508029EA01120F9E70720F7E77FB54A1E042A034679
S31508029EB00E464FF0000451D8012902D1008804B099
S31508029EC070BD022905D100885B88984238BF1846BA
S31508029ED0F5E74A00014601A8ADF80440ADF8064088
S31508029EE0ADF80840ADF80A40ADF80C40FAF7D5FBD4
S31508029EF0032EBDF80400BDF80650BDF8081030D090
S31508029F00042EBDF80A3035D0A84298BF2C46BDF8B3
S31508029F100C209CBF05462046934202D814461A4690
S31508029F202346AA4238BF2A46834228BF034698B226
S31508029F30814222BF0B460146184692B2904228BF7A
S31508029F40104680B2884238BF0846B8E723464FF61D
S31508029F50FF72E3E71A464FF6FF73E2E74FF6FF7022
S31508029F60ADE7A842F2D82B462246054618464FF6D2
S31508029F70FF73D6E7A842EDD82A4605461046E6E715
S31508029F80F7B54A1E062A05460C464FF0000300F2AC
S31508029F908680012903D190F9000003B0F0BD022999
S31508029FA007D190F9000095F901309842B8BF1846D2
S31508029FB0F3E70A46033C014668468DF800308DF8F9
S31508029FC001308DF802308DF803308DF804308DF8A3
S31508029FD005308DF80630FAF760FB9DF900309DF9D9
S31508029FE001509DF902609DF90500032C41D8DFE86E
S31508029FF004F0594743027F2298429DF9044044DB04
S3150802A0009DF903108B42DEBF0F4619463B46AA420C
S3150802A01002DA2F4615463A46A642DEBF2746344698
S3150802A0203E468D42B8BF0D469842A2BF0146184623
S3150802A0300B469442DEBF114622460C468242B8BF00
S3150802A040024652B2A242A8BF2246B342A8BF33462C
S3150802A0506DB258B28542DCBF0346284652B2D8BF13
S3150802A0601D469042B8BF104640B2A842A8BF28462D
S3150802A07093E79DF90620BFE77F226FF07F00BBE7D3
S3150802A0807F226FF07F041046BAE719460346084650
S3150802A090B6E77F206FF07F0102460C46BCE76FF0F9
S3150802A0A07F007AE713F1800FF3D17F221C46194607
S3150802A0B01046B1E72DE9F041446B05460E4604B950
S3150802A0C0846B2B6AC3F340209B052ED50CB9EB6A29
S3150802A0D04BB32846FCF77CFB2B6AC3F3005290422B
S3150802A0E011BF01205F0D87EA935707F00100074663
S3150802A0F09CB194F80680284608F10C08A044FCF79F
S3150802A10058FB98F8023013F03F031CBF98F8033047
S3150802A110C3F340032FB95840C0B206B13460BDE854
S3150802A120F0810120F9E72046F9E7002CD1D1F6E7BC
S3150802A130F7B5026A054692050B460CD5C26A52B1B4
S3150802A140FCF79FFB0446F0B92846E3F7D1F9002449
S3150802A150204603B0F0BD0026184601A90196E3F78A
S3150802A1606DFF044678B905F12C073846FAF778FCEC
S3150802A170019B2846EB62FCF784FB044648B1384645
S3150802A180FAF76EFCEE6241F20703192C08BF1C4669
S3150802A190DEE72B6A43F400232B62D5E7B0F8583082
S3150802A1A0024613F0020013D0C3F30010DB060ED4E6
S3150802A1B0D36B0BB9136C5BB19A790C32134498784A
S3150802A1C010F03F0004D0D878C0F340007047002052
S3150802A1D070472DE9F3410546C06B10B9286C002873
S3150802A1E037D04FF0000801A9CDF80480E3F726FF1F
S3150802A1F0044600BB05F13C073846FAF731FC05F17F
S3150802A2003006EC6305F14000FAF72AFC30462C6466
S3150802A210FAF726FC019B28462B63FCF7A3FB0446A8
S3150802A22068B13046FAF71CFC41F20703192C08BF3D
S3150802A2301C46C5F83080204602B0BDE8F081384693
S3150802A240FAF70EFC2B6C3046C5E90F34FAF708FC10
S3150802A2502C630024EFE72DE9F04385B089461746BB
S3150802A2600546039340B903A8FAF7FAFB41F24204FA
S3150802A270204605B0BDE8F083022910D1C06C28B982
S3150802A28003A8FAF7EDFB41F20C04F1E71946FBF7CE
S3150802A29071FA002800F0868040F48054E8E739B164
S3150802A2A001292DD003A8FAF7DBFB41F21204DFE7F6
S3150802A2B04FF4007800F12C06B5F85830980704D503
S3150802A2C0B9F1000FEED0990702D4B9F1010FE9D01E
S3150802A2D0039B4246009331463B462846FCF722F842
S3150802A2E004460028C4D13068FAF749FC40F2726382
S3150802A2F098420AD93046FAF7B3FB41F20704B7E7A0
S3150802A3004FF4806800F13006D6E7B9F1000F0BD199
S3150802A310BF2809D9B5F858309A0705D03046FAF752
S3150802A3209FFB41F24504A3E731462846FCF71EF88F
S3150802A330044600289CD1BB072FD595F8743095F8AA
S3150802A340739003F00F02B8F5007F49EA022915D087
S3150802A3502846FCF707FB0446F8B195F874303046F0
S3150802A36023F00F0343EA192385F8739085F87430AE
S3150802A370FAF776FB192C7FF47BAFBEE709F10102E7
S3150802A38085F8732023F00F03C2F3032213432846EA
S3150802A39085F87430FCF775FADDE73A4641462846F1
S3150802A3A0FCF70FF8002463E770B5044606F07AFF57
S3150802A3B0002106462046E3F765FA054628B9002431
S3150802A3C0304606F06AFF204670BDC06C30B9286D6B
S3150802A3D00028F4D0FBF713FA0446F1E7FBF7C7F9AE
S3150802A3E004460028ECD1F2E7FCF74BBB002208B57D
S3150802A3F011461046FBF730F908BD002238B50D465E
S3150802A400044611461046FBF727F93DB1A07FFBF734
S3150802A4101AF9002102460420FBF71EF938BD10B5C9
S3150802A42004460620DCF74EFC012201462346104666
S3150802A430DEF782F808B10023236010BD07B50421B0
S3150802A440019001AA40F20740EDF740FF03B05DF81C
S3150802A45004FB70B506460D461C461BB98A420BD04C
S3150802A4606FF083042946304600F027F92046FFF7A5
S3150802A470E5FF40F2074070BD00F005F92046FAE70D
S3150802A4802DE9F34700240746684688461646994644
S3150802A4900094FFF7C4FF054620B13460284602B08F
S3150802A4A0BDE8F0873268DDF800A0002A3AD0DAF86B
S3150802A4B00430CAF81420DAB22AB923F0FF0343F0AB
S3150802A4C00103CAF804300124F9F760F90A9B44EA41
S3150802A4D000240098CAF8044014F0FF0408BFCAF81A
S3150802A4E01440C360BDF82C30C0F8089003800C9B5A
S3150802A4F0438000230193BFB14246394601ABD6F7E2
S3150802A50089FC0446009F3846F7F70FFB384607F0E2
S3150802A510E3F96CB1002320463360FFF78FFF40F260
S3150802A5200745BBE70446CFE701A9D6F747FEE8E7A2
S3150802A530019B3360B2E708B5D6F774FE18B1FFF788
S3150802A5407DFF40F2074008BD08B5F6F7B6FF10F1E1
S3150802A550880F05D018B1FFF771FF40F2074008BD12
S3150802A5600020FCE7002373B5054601A80193FFF70F
S3150802A57056FF0446A0B928460199F6F7C3FF0546D1
S3150802A580019E3046F7F7D1FA304607F0A5F93DB1F4
S3150802A59015F1880F07D02846FFF750FF40F2074407
S3150802A5A0204602B070BD2D24FAE7F8B50D461746C7
S3150802A5B01E46F6F7EDFF044658B1002339462846EB
S3150802A5C0336000F07AF82046FFF738FF40F207407A
S3150802A5D0F8BD2846316800F056F82046F8E708B56F
S3150802A5E0F7F7E5F818B1FFF729FF40F2074008BD6B
S3150802A5F02DE9F3414FF00008076801AB1022044623
S3150802A60038460D46CDF80480F7F7F3F8064638467D
S3150802A610F7F7AFF8384607F05FF9334610212846B0
S3150802A620019AC4F80080FFF714FF02B0BDE8F08172
S3150802A63038B5056804462846F7F79BF8284607F012
S3150802A6404BF90023236038BD002313B501AA0193F1
S3150802A650E8F762F8044610B90198FFF775FF204635
S3150802A66002B010BD70B505460E46F7F762F9044604
S3150802A67040B13146284600F020F82046FFF7DEFEB4
S3150802A68040F2074070BD0B4630B5421E0844CC1A4C
S3150802A690A34200D830BD12F8014F10F8015D013B04
S3150802A6A015700470F3E70A4401388A4200D17047EC
S3150802A6B012F8013D00F8013FF7E7002301448842FA
S3150802A6C000D1704700F8013BF9E741EA002040F45F
S3150802A6D09020FFF739BF034607B541EA032343F43F
S3150802A6E0902301938B1F10465A425A4101A9E7F754
S3150802A6F0DBFE03B05DF804FB0120704770B50C461B
S3150802A700064611461D46E8F765F840B144EA0620B2
S3150802A7102A46BDE8704040F40040EEF799BB40F285
S3150802A720064070BD10B50446E8F754F838B141EA58
S3150802A730042040F40040BDE81040EEF7C1BB40F2E9
S3150802A740064010BD837901461A0703D50622002062
S3150802A750E8F766B89B0602D506220120F8E7FF202D
S3150802A760704770B5064614461D46E8F733F810B921
S3150802A7700024204670BD41EA06202A46214640F4B6
S3150802A7800040EEF781FB0028F3D0F1E708B5EAF7B7
S3150802A7907DFC002008BD2DE9F0410D46DDE906489D
S3150802A7A016461F4600F0E7FE012C0AD860B144EAB5
S3150802A7B008043B46324629460694BDE8F04101F0B4
S3150802A7C0AABF2120BDE8F0812520FBE700207047BB
S3150802A7D010B583790C46532B03D1BDE81040E8F730
S3150802A7E045BEFFF7AFFF2070FF280CBF2D200020C3
S3150802A7F010BDA0F86E10704701238B4090F87110B7
S3150802A800194380F87110704708B50120E0F7B2F8CD
S3150802A810C0B208BD83790C331844704710B5044694
S3150802A820A1F11400FAF7ABF9201A20EAE07080B217
S3150802A83010BD70B51C460D461646FFF7EFFFA0423F
S3150802A84007D322463146A5F11400FAF730FC012057
S3150802A85070BD0020FCE773B506460C461046019209
S3150802A8609AB90A460821FAF78AFB019028B92246BC
S3150802A87008212920FAF783FB0190019818B18379F8
S3150802A8800C331844067002B070BD01A8FAF76FF9C6
S3150802A890054601A8FAF7E4F8224608212846019552
S3150802A8A0FAF759FCE9E72DE9F0411646069A0746F2
S3150802A8B088461D46FFF7CFFF0446F8B114382A46E4
S3150802A8C031460690FAF7F3FB854218D9069B06A885
S3150802A8D01C7904F02004FAF7C3F87CB94246082129
S3150802A8E02920FAF74CFB069040B12A463146FAF778
S3150802A8F0DEFB854206D906A8FAF7B2F800242046F6
S3150802A900BDE8F081069A93790C33D418D754F6E742
S3150802A91011B11439E8F748BF1A20704738B5002232
S3150802A92004460D4602200321FFF795FF014608B1AA
S3150802A930A0F801502046BDE83840FFF7E9BFF8B550
S3150802A94004460F46164605210120069A1D46FFF7BC
S3150802A95082FF014638B14770468005712046BDE838
S3150802A960F840FFF7D5BFF8BD38B50D4603210446B2
S3150802A9700846FFF770FFA0F8015001462046BDE8D9
S3150802A9803840FFF7C5BF73B50546084611466C89B8
S3150802A9901A46641ABDF81830A4B29C4228BF1C464F
S3150802A9A0079B089E00932346FFF77DFF014630B1B9
S3150802A9B02846348002B0BDE87040FFF7A9BF1A20C6
S3150802A9C002B070BD012110B5002204461320FFF71C
S3150802A9D042FF014620B12046BDE81040FFF798BF66
S3150802A9E010BDF7B54489054618460F461646019323
S3150802A9F0FAF7C5F8053CA4B2844203DA011B01A89A
S3150802AA00FAF75FF905210198FAF7FAF9014628B922
S3150802AA1001A8FAF725F81A2003B0F0BD83790C339A
S3150802AA20C2181720C8542846A2F80170A2F8036073
S3150802AA30E8F7BAFEF0E7012110B50022044619200C
S3150802AA40FFF709FF014620B12046BDE81040FFF78F
S3150802AA505FBF10BD73B50E46002144890546033C07
S3150802AA60A4B2A342009128BF234603211B20FFF765
S3150802AA701AFF014678B110F80F3CA0F8016003F0FE
S3150802AA800F0343F0100300F80F3C284602B0BDE856
S3150802AA907040FFF73DBF1A2002B070BD73B50E466F
S3150802AAA0002144890546033CA4B2A342009128BF6B
S3150802AAB0234603211D20FFF7F6FE014638B1A0F80A
S3150802AAC00160284602B0BDE87040FFF721BF1A2090
S3150802AAD002B070BD4B88042B07D1836C08885B894A
S3150802AAE098428CBF002001207047002070477047AB
S3150802AAF0704770470020704710B50446806920B138
S3150802AB000021E8F7A5FD0023A36110BD07B50122C0
S3150802AB108DF807100DF10701FAF7C9FA03B05DF8C7
S3150802AB2004FB73B505464FF428500C4601F07FF82E
S3150802AB30064600F029FE90B3022C02D8002002B085
S3150802AB4070BD002031460DF105030DF10602ADF880
S3150802AB50060000F03FFFBDF80630621E9A4206461E
S3150802AB6019DC072CEAD9023CA3B20824ADF8063050
S3150802AB700133D9B22846FFF7C9FF21462846FFF70F
S3150802AB80C5FF31462846BDF80620FAF790FABDF801
S3150802AB9006000230D3E7002BD0D00924E8E74FF0AD
S3150802ABA0FF30CCE702292DE9F34104460D46174644
S3150802ABB0184603D8002002B0BDE8F08101F037F844
S3150802ABC0064600F0E1FD0028F4D04FF000083146B1
S3150802ABD00DF105030DF106024046ADF8068000F0B8
S3150802ABE0F9FEBDF80630BDF820200646934228BF76
S3150802ABF01346AB4228BF2B469DF80500ADF8063032
S3150802AC00C0B9002BD7D001339AB2AA42D3D2D9B24D
S3150802AC102046FFF77BFF39462046FFF777FF314686
S3150802AC202046BDF80620FAF742FABDF806000230B9
S3150802AC30C0B2C0E74046BEE707B501A9E8F796FEE7
S3150802AC4038B9019B93F82500C0F3800003B05DF87C
S3150802AC5004FB0020FAE7002008B5E8F70DFF08B95B
S3150802AC60FF2006E0C37B012BF7D1436ADB06F4D546
S3150802AC70007808BD37B50D4601A91446E8F776FEF1
S3150802AC80A0B9019A536A13F010000DD0C3F3C0237A
S3150802AC902B70D27B0120531E042B8CBF0023012369
S3150802ACA0032A08BF0023237003B030BD0020FBE748
S3150802ACB038B5436A0446580705D5002320781A464C
S3150802ACC01946EAF7EFFC636A990706D52046E8F7BC
S3150802ACD061FE636A23F0020363621A0719D5E579EE
S3150802ACE09B04C5F3C0022DD4532D2DD0A5F1140C07
S3150802ACF0DCF1000545EB0C05214611F8010BEAF7D4
S3150802AD0073FCF0B9636A0DB343F4802323F0080396
S3150802AD106362D80614D513F400651AD02046FFF7E5
S3150802AD20E9FE70B9636A590736D45B0308D521462A
S3150802AD3011F8010BEDF772F8636A23F48023636254
S3150802AD40002038BD0025D7E70125D5E723F480235F
S3150802AD50DCE71A060FD5E37B03F0FB03012BE1D0F0
S3150802AD6021692078EAF766FC636A256123F0800385
S3150802AD7063620028E5D1E27B023A012AD2D8D805D5
S3150802AD80D0D561692078EAF771FC00236361636AAA
S3150802AD9023F480736362C4E7E17BA28D012903D1A0
S3150802ADA092B1802A28BF802259064CBF012394F803
S3150802ADB0303001212078EAF775FC0028C1D1636A90
S3150802ADC023F004036362B0E74022EDE713B501A955
S3150802ADD0E8F7CCFD90B9019C636ADA060ED59B04A6
S3150802ADE00CD42046E8F72CFD2046636A43F0060396
S3150802ADF0636202B0BDE81040FFF75ABF0A2002B0EC
S3150802AE0010BD002008B5E8F737FE00B908BD436A49
S3150802AE10DB06F8D50120F9E72DE9F04F054600F1E2
S3150802AE20100987B0484605F114080C461646F9F784
S3150802AE3017FE4046F9F714FE0020F9F7DDFF0390E6
S3150802AE40002800F0EB80012E40F2726618BF1F261A
S3150802AE50012C6BD0022C0CBF062404240221FFF716
S3150802AE6055FE01210398FFF751FE21460398FFF785
S3150802AE704DFE0398F9F783FE012384B2311B0A2299
S3150802AE80009389B242F607230398FFF78BFE042341
S3150802AE900444A4B2311B0093122242F604230398F7
S3150802AEA089B2FFF77FFE00EB040A1FFA8AFA039BB0
S3150802AEB0A6EB0A07012F04933ADC0024E8F770F997
S3150802AEC0002840F0A580391B039889B2FFF729FEAE
S3150802AED004464846039FF9F7C3FD6B6A2F6143F0A0
S3150802AEE0800203F4006323436A6215D1E8F758F92E
S3150802AEF090B9F9F781FF039070B13146FFF711FE59
S3150802AF00002840F387804046039CF9F7A9FD6B6A3F
S3150802AF106C6143F480736B62686A10F0100002D0A9
S3150802AF202846FFF7C5FE07B0BDE8F08F052495E76A
S3150802AF300020F9F761FF05900028BED00221E9F743
S3150802AF40A9FBB41EA4EB0A04A4B28442824654D2D4
S3150802AF5024F001011FFA81FB411A05A8DA46F9F71E
S3150802AF60B0FE4FF0020BBAF1000F14D00AF101013C
S3150802AF700498C9B2FFF7CAFD59460498FFF7C6FDF9
S3150802AF80059904A8F9F716FF0020F9F735FFA4EB8F
S3150802AF900A040590A4B20598002834D0022C38BFBA
S3150802AFA00224023CA4B20F2C2DD91021E9F772FB18
S3150802AFB08442834624D224F00F018CB2411A05A892
S3150802AFC0A346F9F77EFE06240BF101010498C9B2DD
S3150802AFD0FFF79CFD21460498FFF798FD059904A8FA
S3150802AFE0F9F7E8FE0AF102035B449BB2BAF1000FD5
S3150802AFF001D002339BB21C4660E74FF0030BB2E75F
S3150802B00008B10724E0E705A8F9F72AFD5346EDE754
S3150802B01000245EE703A8F9F723FD7DE71A2082E7F5
S3150802B02013B50C4601A9E8F7A1FC024640B9022C61
S3150802B03006D82146019802B0BDE81040FFF7ECBEDB
S3150802B040212002B010BDF7B50E4601A915461F46C6
S3150802B050E8F78CFCF8B94FF6DF73A6F120029A429C
S3150802B06019D8A5F120029A4215D8AE4213D8019CE6
S3150802B070E369B34202D1236AAB4205D0636AC4E9E3
S3150802B080076543F0020363629DF82030A78584F8BA
S3150802B090303003B0F0BD2120FBE737B590F83930E0
S3150802B0A004465B070D462BD4E8F7CAFB6B1E042B36
S3150802B0B014D8032D12D0E379142B23D0A3696BB9C4
S3150802B0C0684600F0ABF9E8F70FFF6946E8F736FA83
S3150802B0D018B91A25284603B030BDA061636AE5731C
S3150802B0E043F0160320466362FFF7E2FD054618B1F0
S3150802B0F02046FFF701FDEDE72078E8F75BF9E9E777
S3150802B1000225E7E72125E5E707B501A9E8F72EFCB9
S3150802B11030B90198C17B03B05DF804EBFFF7BDBFF8
S3150802B12003B05DF804FB37B50C4601A9E8F71EFC27
S3150802B130E0B9052C1AD8019D2869F9F720FD1F28C0
S3150802B14014D86869F9F71BFD1F280FD8012C0DD0F2
S3150802B150231F012B0AD9214628466B6A23F4046366
S3150802B1606B6203B0BDE83040FFF797BF212003B0FA
S3150802B17030BD37B501A90546E8F7F8FB90B9019C39
S3150802B1802846636A23F0500343F004036362E8F730
S3150802B19041F92046FFF7B0FC204603B0BDE830402F
S3150802B1A0FFF786BD212003B030BD37B5FFF753FD43
S3150802B1B0FF28044616D001A9E8F7D8FB90B9019DE5
S3150802B1C020466B6A23F010036B62E8F723F92846D8
S3150802B1D0FFF792FC204605F1340103B0BDE8304082
S3150802B1E0ECF7FCBD03B030BD73B504464A79684630
S3150802B1F00D460631E8F7BAFEDDE90001A4F850105B
S3150802B200090C11F0800FE06484F8521004F153031C
S3150802B21012D00122184605F11201E8F7A7FE0C35ED
S3150802B220284603F0F9FB28B10122294604F15A00FF
S3150802B230E8F79CFE02B070BDB4F8501094F852209C
S3150802B240C4F8530099809A71E9E7002337B580F864
S3150802B250723040F6FF73A0F86E3083680446DA044B
S3150802B2600D46C16010D443F480636A46A36040F277
S3150802B27003212046CDE9004504F040FC0021204682
S3150802B280E8F7E6F903B030BD90F87600FFF73CFF21
S3150802B290A36823F48053E8E71FB590F874200446A0
S3150802B2A002F0010301908DF808300BB102F0020397
S3150802B2B08DF8093094F8753020468DF80A300391D6
S3150802B2C002F0A3F94FF4017101AA204604F016FC14
S3150802B2D02046E8F735FA04B010BDE8F791B90A46F0
S3150802B2E00021E9F77BBF427A38B5C2F380120446D9
S3150802B2F0B0F86E000D46EAF717F820B9A3681DB133
S3150802B30043F40053A36038BD23F40053FAE710B59B
S3150802B3100446B0F80300E8F74FF938B1617909B184
S3150802B32041F48051BDE81040FFF78FBF10BD10B53C
S3150802B3300446B0F80300E8F73FF938B1A17809B135
S3150802B34041F48051BDE81040FFF7A6BF10BD10B505
S3150802B3500446B0F80300E8F72FF990B1627990F83D
S3150802B36074305AB143F0010380F87430A17809B1F8
S3150802B37041F48051BDE81040FFF78EBF03F0FE038B
S3150802B380F2E710BD10B504468088E8F715F9B8B19A
S3150802B390E278AAB9E179A27942EA0122A0F8622002
S3150802B3A0E17AA27A42EA0122A0F86420227A617A34
S3150802B3B0BDE8104042EA0122A0F86620E8F7C0B9C3
S3150802B3C010BD10B504468088E8F7F6F820B1A179D1
S3150802B3D0BDE81040E8F7D6B910BD532838B505467A
S3150802B3E00C4604D1BDE838400846E7F7ADBF06214A
S3150802B3F02046FFF737F960B96379142D03F03F0247
S3150802B400627104D0722D07D163F03F036371A5718F
S3150802B41038BD40F20740FBE72120F9E70023036025
S3150802B42083808371704710B5044660B1806C50B151
S3150802B430E8F706FEA06C0028FAD12046BDE81040BF
S3150802B4400321E8F705B910BD438907B58B420CD02D
S3150802B45050F80C2B40F2014192F87020ADF80630F4
S3150802B4608DF8042001AA04F049FB03B05DF804FB39
S3150802B470436943F0040343617047436923F00403B5
S3150802B48043617047007DC0F38000704747F230532E
S3150802B49000220068F5F770BC006804F0C2BA38B535
S3150802B4A0436904469B070D4603D540F20941FFF757
S3150802B4B0F3FFE8F797F908B1A3691D702046BDE8BE
S3150802B4C0384040F20941FFF7E1BF07B5027C012A7D
S3150802B4D009D00122027440F20942914206D040F292
S3150802B4E00A4291420ED003B05DF804FB4FF4816123
S3150802B4F050F80C3B01AA93F870308DF8043004F02A
S3150802B500FDFAF0E750F80C3B01AA93F870308DF873
S3150802B5100430F4E738B522F000430D46114640F2EE
S3150802B5200322934204461AD0B3F5017F09D240F2A8
S3150802B5300122934213D040F20222934209D00020FC
S3150802B54038BD6FF481621344012BF8D8FFF7BDFFAB
S3150802B550F5E700F03AF9204601F000F9EFE76369EA
S3150802B5609B0704D540F209412046FFF795FF284676
S3150802B570FFF759FFE3E708B5E8F72CF800B1806C46
S3150802B58008BD08B500B10068E8F732F808B90346FD
S3150802B59002E0836C002BF7D0184608BD10B50446A6
S3150802B5A042F62A3000F043FB031B5842584110BDAD
S3150802B5B0022806D142F62A330888C31A5842584145
S3150802B5C070470020704710B5044642F6293000F04D
S3150802B5D02EFB031B5842584110BD90F8200000F07C
S3150802B5E0010070471FB504466846E8F74DFE10226B
S3150802B5F0694604F12100F9F71FF8B0FA80F040090C
S3150802B60004B010BD08B5FFF7EDFF80F0010008BDD4
S3150802B61070B5044600F1210591B92846E8F734FECB
S3150802B620236893F87500E7F7D5F878B120682B46B2
S3150802B630BDE8704010220D2190F87500FFF75EB83C
S3150802B640102200212846F9F720F8E9E770BD38B537
S3150802B6500446002390F8202041FA03F0C50703D4D4
S3150802B66042FA03F0C0071ED40133082BF4D101F0C5
S3150802B670010523682A4384F8202093F87500E7F722
S3150802B680A9F840B1234653F8200B01220C2190F861
S3150802B6907500FFF733F80DB9002038BD00212046A2
S3150802B6A0FFF7B6FFF8E71320F7E778B14B1C0CD083
S3150802B6B03F290ADC00EBA10090F8310001F00301F2
S3150802B6C04900084100F0030070470020704710B592
S3150802B6D00368044693F87500E7F77CF850B12346E9
S3150802B6E0BDE8104053F8310B10220B2190F8750073
S3150802B6F0FFF704B810BD10B590F87430DB0706D40E
S3150802B70090F87530FF2B14BF0F20052010BD847CDE
S3150802B710EAF722F9844234BF0C200020F6E7F8B58E
S3150802B720044642F6021642F603070134A4B220463C
S3150802B730E8F78AFF054670B1E8F756FF58B128467A
S3150802B74000F0B4FBB04204D1287AC31F58425841CC
S3150802B750F8BDB842E9D10020FAE71FB504466846A3
S3150802B760E8F792FD2046E8F76FFF6A46C368063394
S3150802B770144603CC596004A98C421860224603F188
S3150802B7800803F5D104B010BD08B5E8F75DFF08B1A6
S3150802B790E8F72AFFC0B208BD013810B580B2E8F74B
S3150802B7A053FF044608B9002010BD408800F06FFB1D
S3150802B7B00028F8D0207BF7E708B5E8F745FF18B167
S3150802B7C0007AC31F5842584108BD70B5054655F858
S3150802B7D0213B044693F87500E6F7FCFF20B9284694
S3150802B7E0BDE87040E8F750BD234653F8310B1022E6
S3150802B7F00B2190F87500FEF7B4FF234653F8200B89
S3150802B80001220C2190F87500FEF7ABFF20682B4643
S3150802B810BDE8704010220D2190F87500FEF7A1BF11
S3150802B82001302DE9F04185B228460E46E8F70CFFAD
S3150802B83042F60217044642F603089CB12046E8F788
S3150802B840D3FE78B1204600F031FBB84205D10EB1DD
S3150802B85023883380607BBDE8F081204600F026FB12
S3150802B860404502D14FF0FF30F5E70135ADB2284623
S3150802B870E8F7EAFE0446E0E7F8B5064608460D4646
S3150802B8801746FFF74CFF044658B939462846FFF7CC
S3150802B890C7FF431C014606D03046BDE8F840FFF70D
S3150802B8A004BF0320F8BD2046FCE770B505460846E6
S3150802B8B01446E8F7C9FE064608B9012070BDE8F73E
S3150802B8C093FE0028F9D0E3071FD4A0073DD46307E7
S3150802B8D040D5B38858073BD5B38813F4E06002D045
S3150802B8E02868FFF708FFB388990540D50028E5D1EF
S3150802B8F02A6892F8742092071AD55B052DD52B680B
S3150802B90093F87530FF2B28D11DE0B388D90731D5B6
S3150802B91013F0700002D02868FFF7EDFEB3889A0686
S3150802B92008D50028CAD12A6892F87420900703D449
S3150802B9300520C3E70028C1D15906C6D52B6893F856
S3150802B9407530FF2BC1D10820B8E7B3889A07BED451
S3150802B9500320B3E714F0060FBED114F40060ADD08D
S3150802B960B38813F4006F0CBF06200020A6E7002850
S3150802B970A4D1C2E70220A1E738B504460846E8F78B
S3150802B98063FE054608B9012038BDE8F72DFE0028F2
S3150802B990F9D0AB8813F4E04002D02068FFF7ABFE7B
S3150802B9A0AB88990408D50028EED1226892F874204B
S3150802B9B0920703D40520E7E70028E5D113F480406F
S3150802B9C0E2D0236893F87500A0F1FF035842584164
S3150802B9D0C000D9E72DE9F0474FF00009044683F87D
S3150802B9E000900846A2F80090884616461D46E8F7D3
S3150802B9F02BFE074620B9012300202B70BDE8F087ED
S3150802BA0074B1E8F7F1FD0028F5D04046FFF7DBFDF3
S3150802BA1030B1012385F8009004F120003380EDE768
S3150802BA202B46324639462046BDE8F047E8F7B8BB0A
S3150802BA3070B516461C460D4609B9012070BDF0B907
S3150802BA40297A072907D8DFE801F0042225282A04DB
S3150802BA5004200320F2E70022BDF910309342B8BF52
S3150802BA601346B3421DDB022908BFEB6804EB060046
S3150802BA7008BF5B889842CCBF0D200020DEE7084647
S3150802BA80E8F7B2FD0028DBD1D7E78020D6E7EB68D6
S3150802BA905A88E1E7EB689A88DEE70222DCE70620A5
S3150802BAA0CCE70720CAE72DE9F043064685B00846E3
S3150802BAB0894690460393E8F7C7FD044638B903A8B2
S3150802BAC0F8F7CEFF0127384605B0BDE8F083E8F758
S3150802BAD08BFD0028F3D0039888B1F9F750F885B2A0
S3150802BAE04FF0FF334246009321462B463046FFF776
S3150802BAF09FFF074628B103A8F8F7B2FFE3E7054612
S3150802BB00EEE7207A022827D003282AD0012841D135
S3150802BB10E06806303B462A4603994044F8F78FFF09
S3150802BB20002EE8D0237A032B36D103A8F8F798FF1C
S3150802BB3000212046E8F740FD002836D00588617BBB
S3150802BB403046FFF7B2FD0122034629463046CDF8B4
S3150802BB50009000F079FCB6E7E06805EB08038380FD
S3150802BB60D7E7039B9A79D979891AC9B24D1E012D4D
S3150802BB701FD8134402291A7B04BF5B7B42EA0322BD
S3150802BB80237B32EA030315D101233046617BE8F7AA
S3150802BB90DDFAC5E7002EAED0039B49460093304630
S3150802BBA04346327F00F036FC8DE709F1FF35ADB228
S3150802BBB0C5E70D2007469EE7884270B504460D463E
S3150802BBC0164611D8012838BF01242046E8F73CFD5D
S3150802BBD010B14388B34208D00134A4B22046E8F72C
S3150802BBE013FD08B1A542F0D20024204670BD70B5F7
S3150802BBF00C4616461D460146B8B1B3B1022C01D011
S3150802BC00102C12D1E0B2E8F753FC4FF6FF718842C6
S3150802BC10024602D141F20A1070BD3046FFF7CCFF48
S3150802BC200028F7D028800020F6E72120F4E7002331
S3150802BC3007B50122ADF80400ADF8063002210DF170
S3150802BC40060301A8FFF7D3FFBDF8060003B05DF8A7
S3150802BC5004FBF8B50F461646441CA4B22046E8F77C
S3150802BC60F3FC10B9013CA0B2F8BD00F01FF9054675
S3150802BC70304600F0F7F820B1284600F0F3F800281D
S3150802BC80F0D1304600F0E7F820B1284600F0E3F894
S3150802BC900028E7D10134A4B22046E8F7B5FC08B17A
S3150802BCA0BC42DBD94FF6FF70DEE72DE9F04F9A4624
S3150802BCB087B08B880D460C88814604A90220ADF808
S3150802BCC010309046E8F7F4FBAB680090A888AF8975
S3150802BCD0059300F0C0F838B1102F05D105A8E8F78A
S3150802BCE0CDFB022808BF02279DF840B00BF0010BD6
S3150802BCF038E02046009AFFF75FFF0646A8B3AA88EF
S3150802BD006988FFF7A6FF04463046FFF73DFD40EA7D
S3150802BD100B00C0B200B30DF10F03314648460DF1D0
S3150802BD201202FFF757FE9DF80F302BB1A8F80060F4
S3150802BD30184607B0BDE8F08FBDF81220BA420BD1FB
S3150802BD403A4605990193F8F777FC019B20B9A8F8BA
S3150802BD500060AAF80040EBE74FF6FF739C4201D059
S3150802BD600134A4B26988A142C3D20A23E0E708B51E
S3150802BD70E8F76AFCBDE8084000F098B838B5054609
S3150802BD800846E8F761FC044610B94FF6FF7038BD5D
S3150802BD900DB96088FBE7E8F727FC0028F9D1F4E734
S3150802BDA070B5044642F60520FFF741FFB0B10021FF
S3150802BDB0FFF736FD054601462046FFF776FC06469E
S3150802BDC01022002104F13100F8F75FFC32462946B9
S3150802BDD02046BDE870400023E8F7B8B970BD7FB5C4
S3150802BDE004460D46102200216846F8F74EFC002646
S3150802BDF0AA57531C19D031462046FFF756FC11465E
S3150802BE000346002AB8BFD11C04A800EBA101504280
S3150802BE1000F0030002F0030258BF42425200934068
S3150802BE2011F8102C134301F8103C0136402EDFD1CD
S3150802BE306B4604F131051A4603CA696004A98A42A7
S3150802BE402860134605F10805F5D1204604B0BDE879
S3150802BE507040FFF73CBCA0F5205001288CBF00209B
S3150802BE600120704742F60303C31A584258417047E5
S3150802BE7008B5030409D4E8F7E7FAA0F5205080B21A
S3150802BE8001288CBF0020012008BD0020FCE702041F
S3150802BE9008B507D4E8F7D8FA42F60303C31A584294
S3150802BEA0584108BD0020FCE7C00B70470346B3F9AA
S3150802BEB002304088002B01DBE8F7C6BA002070473B
S3150802BEC008B5FFF7F3FF42F60303C31A584258416F
S3150802BED008BD08B5FFF7EAFFA0F5205080B2012891
S3150802BEE08CBF0020012008BD1FB550F80C4BADF8D9
S3150802BEF00A3094F87040069BADF806108DF80820B3
S3150802BF0040F2035101AA8DF80440039303F0F6FDAB
S3150802BF1010B906A8F8F7A4FD04B010BD2DE9F0473C
S3150802BF20089C0E4617469846054610B1037C012B17
S3150802BF3061D02846FFF79CFA14F0800930460CBFF8
S3150802BF404FF0100A4FF0200AFFF726FC1AEA000FF4
S3150802BF504DD03046FFF70BFF42F6052398420FD124
S3150802BF6014F0010219D031462846FFF705FD08B339
S3150802BF7000F588542846FFF780FA2046BDE8F08780
S3150802BF802846FFF72AFB0028EAD02846FFF73AFB9D
S3150802BF900028E5D041F21214ECE7B9F1000F314658
S3150802BFA028460CBF01240224FFF766FC2042DAD198
S3150802BFB00224DFE7B9F1000F11D0EB8BCBB9434668
S3150802BFC03A4631462846FEF769FD04460028D1D18D
S3150802BFD040F20A412846EE83FFF758FACAE7434673
S3150802BFE03A4631462846FEF735FD0446C2E721247D
S3150802BFF0C0E70524BEE70724BFE72DE9F047002579
S3150802C00086B09DF8389090F81CA004460F469046D4
S3150802C0100F9E0577B9F1000F09D00A464B465146DD
S3150802C0200096FEF78CFC284606B0BDE8F087BAF102
S3150802C030080FADF8169026D145893246043DADB2B1
S3150802C0409D424FF002014FF00900A8BF1D46FEF7B8
S3150802C05002FC0222814605A93046ADF81470F9F7AA
S3150802C06026F82A4641463046F9F721F80546831C42
S3150802C0703146204689F80130E7F796FBADF81650A7
S3150802C080BDF81600D0E7BAF10A0F0DF1160214BF71
S3150802C0900D210B21CDE90162009301224346FEF7E9
S3150802C0A072FC1A28ECD111233A4651462046CDF89D
S3150802C0B00090ADF81690FEF742FCE1E7F0B50025D0
S3150802C0C089B017460122039304460E46ADF8165068
S3150802C0D0FFF7EBFB03468DF81500002844D13046DE
S3150802C0E0FFF75CFA10B13046FFF737FB3046FFF729
S3150802C0F063FBB8B103A8F8F7B3FC204650F80C2B3B
S3150802C100237F92F8702040F202518DF8182006AA71
S3150802C110ADF81A608DF81C30ADF81E7003F0EEFC0F
S3150802C12009B0F0BD0DF115030DF116023146204690
S3150802C130FFF750FC9DF8153002465BB9BDF816109C
S3150802C1408F428BBF0723C91B8DF81530D21998BFAA
S3150802C150ADF8161003992046CDE900313146BDF8EF
S3150802C1601630FFF74AFFDBE72A46F3E72DE9F04FD9
S3150802C17089B00290184605930C461546FEF74AFB07
S3150802C18080460598F8F7FBFC0023B0F1010A8DF802
S3150802C1901D3000F08B801AF0010740F08780504668
S3150802C1A0B5F80A90DEF724FC0646002800F08480DB
S3150802C1B0524608F10101F8F770FA01212046059A5C
S3150802C1C0FEF749FBB8460AEBDA7A09F1FF3B039018
S3150802C1D04FEA6A0ABA4544DD36F817400122214673
S3150802C1E02846FFF762FB8DF81D0068B92046FFF75F
S3150802C1F0D5F910B12046FFF7B0FA2046FFF7DCFA68
S3150802C20078B180238DF81D303046F8F7DDFF059B9F
S3150802C2102246009328469DF81D300299FEF78FFBA9
S3150802C22026E00DF11D03214628460DF11E02FFF7F1
S3150802C230D1FB9DF81D300490002BE5D1029B202BE3
S3150802C2401BD1ABEB0803012B0BDD0DF11E010222FC
S3150802C2500598F8F72CFF012801460CD805A8F8F727
S3150802C26030FD3046F8F7B0FF28460399FEF750FB33
S3150802C27009B0BDE8F08F08F10208BDF81E20ABEB45
S3150802C28008039A42C2BF09F1FF32A2EB080292B230
S3150802C290DDE90410C8BFADF81E20F8F708FFBDF89F
S3150802C2A01E309842DDD39844013793E704230024CD
S3150802C2B08DF81D302646A7E71123F8E700232DE956
S3150802C2C0F04F89B004460F46164605932AB94369C4
S3150802C2D01A0726D523F00803436105A8F8F7C0FB19
S3150802C2E004F14400F8F7BCFB00232377002E7AD02A
S3150802C2F000933A46334618212046FEF720FB06F5F8
S3150802C3008856204650F80C3B40F2055193F8703097
S3150802C31006AA8DF81830079603F0F0FB09B0BDE8B7
S3150802C320F08F406C0590D8B9054604F1440840469A
S3150802C330F8F7B5FB034605900028CED09979204632
S3150802C34001F10C021A44B2F801700531B2F8032061
S3150802C35099713946FFF7A7FB05950028E7D022E031
S3150802C36083794FF0FF3B0C331844B0F80170B0F8EC
S3150802C37003A03846E8F768F903900598F8F7ABFB87
S3150802C380656CA0F105081FFA88F8059B9D420CD139
S3150802C3904346524620460399CDF800B0FFF748FBBC
S3150802C3A0E8B100230593064697E7AB790C3305EB0C
S3150802C3B00309B9F80120BA420CD12846F8F78BFBD3
S3150802C3C0B9F80320431F12FA83F35B45B8BF5B46ED
S3150802C3D00FFA83FB2846F8F777FB0546D5E7059853
S3150802C3E0F8F772FB9EE72046FEF725FB89E770B54C
S3150802C3F004460D461646FFF7D1F840B933462A4693
S3150802C4002146FFF750FB08B100F5885070BD41F28E
S3150802C4100310FBE71FB550F80C4BADF80A3094F839
S3150802C4207040069BADF806108DF8082040F20151BF
S3150802C43001AA8DF80440039303F060FB10B906A81D
S3150802C440F8F70EFB04B010BD1FB550F80C4BADF84B
S3150802C4500A3094F87040BDF81830ADF806108DF819
S3150802C460082040F2045101AA8DF80440ADF80C30B8
S3150802C47003F044FB04B010BDF0B5122785B0039251
S3150802C4800777022205460E46FFF70FFA044668B1F9
S3150802C49003A8F8F7E5FA00232B7700233246009320
S3150802C4A0122123462846FEF74AFA0FE0039A304637
S3150802C4B0937903339371FFF77FF948B1039B3A46A1
S3150802C4C00093314623462846FFF70EFD05B0F0BD18
S3150802C4D042F62930FFF7ABFBB042039B1BD15BB98F
S3150802C4E00D2403A8F8F7BCFA00232B77002CD4D125
S3150802C4F02846FEF767FAE9E71846F8F740FB80B2DE
S3150802C5000128EDD1039B28469A791344197BFFF734
S3150802C5109EF80446E5E7224631462846FFF7C3FA5F
S3150802C5200446E1E72DE9FF410392042204460D463B
S3150802C530FFF7BBF9074628B103A8F8F791FA04B042
S3150802C540BDE8F0814FF05208039A284693790333DF
S3150802C550937184F81C80FFF72FF9064640B1039BB6
S3150802C5604246009329463B462046FFF7BDFCE6E7CE
S3150802C57042F62930FFF75BFBA842039B0BD19A7957
S3150802C58020461344197BFFF762F803A8F8F768FAFE
S3150802C59000232377D3E7324629462046FFF783FA54
S3150802C5A0F6E72DE9FF418B7904460C330B44B3F8C1
S3150802C5B001700D463846B3F80380FFF7E5F8002800
S3150802C5C05BD0022239462046FFF76FF90646E8B9DC
S3150802C5D03846FFF7F1F8064668B116222277AB7994
S3150802C5E039460533AB71204643460095FFF77CFC76
S3150802C5F004B0BDE8F081DEF7A7F92A463346591C8E
S3150802C6000ABBDBB20633984220DC092604F1440051
S3150802C610F8F726FA33463A46162120460095FEF7DB
S3150802C6208EF9092EE4D1204650F80C3B40F205510A
S3150802C63093F8703002AA8DF8083041F20913039371
S3150802C64003F05CFAD4E70B461268D8E701212846BC
S3150802C650F8F79DFC01460028D7D004F14400F8F704
S3150802C660F0FAAB7942460533AB7139462B4620467A
S3150802C67004B0BDE8F041FEF7B4B90126C6E713B522
S3150802C680044641B94430F8F7EBF9204602B0BDE852
S3150802C6901040FEF7D0B918224369027713F008034F
S3150802C6A006D0002319460093FFF71EFC02B010BD00
S3150802C6B01A46194602B0BDE81040FFF7FFBD7FB51E
S3150802C6C0C58B04462DB342F60520FFF7B0FAA842F9
S3150802C6D007D100212046FEF79BFF636923F0010379
S3150802C6E06361002640F20A412046FEF7D5FE294636
S3150802C6F00DF10E022046ADF80E60FFF7BDF8BDF843
S3150802C7000E2003460092294602222046FFF79CFE87
S3150802C710E68304B070BD2DE9F047DDF820900E4699
S3150802C72090461F46044618B941F20110BDE8F08743
S3150802C7300846FFF729F80028F6D06589033DADB209
S3150802C740AF4209D83B46424631462046CDF82090AC
S3150802C750BDE8F047FFF7E2BB4920E7E7F0B5054633
S3150802C76089B042F60520FFF762FA064604A8E7F7FB
S3150802C7708BFD102205F121010DEB0200F7F75CFF94
S3150802C78050B101212846FEF743FF2846FFF708FB6A
S3150802C7906B6923F001036B6142F60303022003A9C6
S3150802C7A0ADF80C30E7F784FE0124074620463A46E0
S3150802C7B04FF6FF71FFF700FA044608B909B0F0BD53
S3150802C7C0FEF7E2FF0134A4B20028EFD0A64203D155
S3150802C7D031462846E7F794FF2046FEF7A0FF0028D1
S3150802C7E0E4D1ADF80E00214628460DF10E02FFF7F8
S3150802C7F043F803460028D9D0BDF80E2021460092F8
S3150802C80028460122FFF720FED0E708B5E7F72AFDFA
S3150802C8100020E8F7A7FB002008BD10B5044680698A
S3150802C8201430F8F71DF9A069BDE810401830F8F77A
S3150802C83017B92DE9F0410F46144605461E46FFF77D
S3150802C840ECFF23463A4608210020D5F81880F8F767
S3150802C85069FCAA69C8F81400536923B100205481F7
S3150802C8601682BDE8F0811A20FBE737B504460D4665
S3150802C870FFF7D3FF204640F20941FEF70DFE0022DC
S3150802C8802046A36940F207411A7050F80C3B6A46E3
S3150802C89093F8703001958DF8003003F02FF903B044
S3150802C8A030BD10B550F80C4B86B094F87040ADF810
S3150802C8B00E10ADF8102040F2064103AA01938DF836
S3150802C8C00C40059303F01AF910B901A8F8F7C8F84D
S3150802C8D006B010BD13B501910021044602F08FF986
S3150802C8E00422002320460DEB0201FFF7A2FF02B045
S3150802C8F010BD70B504460846F8F741F9A16986B233
S3150802C9008A894D8912B1521B96420CDA6389581EDE
S3150802C91080B225B90A78082A04BF043B98B2831B59
S3150802C9205842584170BD0020FCE730B5044654F819
S3150802C9300C0B8DB09DF8405090F8700042EA014207
S3150802C9408DF804001946029203A82A460795F7F7B6
S3150802C950A4FE40F20241204601AA03F0CFF80DB028
S3150802C96030BDF0B504460F461E46154685B052B987
S3150802C97083691B78072B30D0082B14BF1546092567
S3150802C980002E18BF0D250A98F8F7F9F8A3699A89AF
S3150802C9904AB15B8981B2D21A914204DD92B2891AEE
S3150802C9A00AA8F8F78EF9204650F80C3B40F20541E2
S3150802C9B093F8703001AA8DF804300A9BADF8067018
S3150802C9C08DF80850ADF80A60039303F097F810B98A
S3150802C9D00AA8F8F745F805B0F0BD0B25D0E7B0F878
S3150802C9E00AC02DE9F041ACF1020C9C4504460D46FD
S3150802C9F017461E4603DDBDE8F04102F0ADB883696D
S3150802CA003246198100233946FFF713FF024668B9F1
S3150802CA10A369294620460E3302F0B7F8054610B137
S3150802CA202046FFF7FAFE2846BDE8F0811A25FAE7FE
S3150802CA302DE9F0471C4696B0836901921B78064693
S3150802CA40062B03D0112B5DD001A826E0012910463A
S3150802CA5014BF4FF010084FF0020803929CB9F8F77A
S3150802CA608EF84FF6FF7508F1020987B2A74219D860
S3150802CA70B369DA88AA420AD9691C304689B201F032
S3150802CA80E4FF044640B141F20A139C4200D1002455
S3150802CA9021463046FFF7E9FE03A8F7F7E1FF16B08D
S3150802CAA0BDE8F08723464A46039904A8F7F7C7FF65
S3150802CAB0B369BDF810509A88AA4220D8DB88AB42DF
S3150802CAC01DD39DF81330282BE1D0B2465AF80C3BF9
S3150802CAD0424693F870300DF112010DA88DF83030E8
S3150802CAE0ADF83250CDF844804C44F7F7D6FD40F203
S3150802CAF0044150460CAA03F001F8A4B2B6E741F283
S3150802CB000414C5E70129104614BF12270427049204
S3150802CB1084BBF8F734F842F602184FF6FF7185B26D
S3150802CB20A5420DD8B369DB888B4221D901314FF66C
S3150802CB30FF72304689B201F088FF0446A0B119E0B7
S3150802CB4023463A4604990CA8F7F779FFBDF832202E
S3150802CB50BDF8301042459DF8333007D1B269022339
S3150802CB6030460A32FFF73BFF04A896E7282B06D180
S3150802CB7041F20A1421463046FFF777FEF4E73C44B1
S3150802CB80A4B2CDE7F0B5836987B003911B78054651
S3150802CB90022B144650D108460491D2B9F7F7EFFF93
S3150802CBA04FF6FF7687B2A74221D8A869C288B24251
S3150802CBB013D943694089711C0190987989B20C305E
S3150802CBC00344009328464FF4205301F052FF0446CB
S3150802CBD040B141F20A139C4200D10024214628465C
S3150802CBE0FFF743FE04A8F7F73BFF07B0F0BD0422A0
S3150802CBF00499234605A8F7F722FFAA69BDF8141077
S3150802CC009088BDF81660814213D3D388994210D80A
S3150802CC1086420ED39E420CD85069927A837904349E
S3150802CC200C330092034432462846FFF77EFEA4B22E
S3150802CC30B9E741F20414D1E703A8D4E7F0B587B0FF
S3150802CC40054617461C46039153B9FFF752FE38B1FB
S3150802CC50012322462846039900F083F807B0F0BD5F
S3150802CC60A9690B78082B05D8062B43D8032B0FD0B6
S3150802CC7003A830E00F2BFBD1039B0593002C6CD144
S3150802CC80002B6AD0224628460989FFF70AFE58E091
S3150802CC900398059010B314BB102683794A890C337E
S3150802CCA00989034400962846FFF73FFEAB6999882F
S3150802CCB0DA88914219D242F60203ADF810300223FD
S3150802CCC00131009328460DEB060389B201F0EDFE09
S3150802CCD0044620B905A8F7F7C3FEBFE71CB141F21F
S3150802CCE00A139C4201D141F21F0421462846FFF746
S3150802CCF0BCFDEFE7039805907CBB70B3F7F73FFFDF
S3150802CD000FB386B2B7421ED2394605A8F8F713F909
S3150802CD1038B905A8F7F7A4FE1A212846FFF7A5FD94
S3150802CD209CE78379F61BC218023391898371AB6932
S3150802CD3000225B89B6B200902846FFF712FEB74278
S3150802CD40E2D92146E9E7AA69284653891189059A4B
S3150802CD5000920022FFF705FEF3E705A8F7F780FE23
S3150802CD60EFE7F0B585B006461F4614460391D2B9D9
S3150802CD700846F7F704FF0546A8B1B1690B784A8950
S3150802CD80082B1BD8062B21D8B1694B89EA1892B20F
S3150802CD90B2F5007F4A8123D82FB13046098901F0BE
S3150802CDA0AEFE044628B10022234611463046FFF756
S3150802CDB045FF03A8F7F754FE05B0F0BD0F2BE3D1E4
S3150802CDC03046039B0989FFF76CFD07E0039B098937
S3150802CDD03046009313462246FFF7C3FD0394D3E772
S3150802CDE041F20414DFE773B5836901911B7804469F
S3150802CDF0082B154605D8062B05D801A8F7F730FEE5
S3150802CE000CE00F2BF9D1019E20463146FFF771FD42
S3150802CE102A46034631462046FFF7A3FF02B070BDF5
S3150802CE2030B5836987B003911B780546092B1446EA
S3150802CE3011D105915AB9134600910F222146FFF7DF
S3150802CE4090FD21462846FFF710FD07B030BD05A81C
S3150802CE50F7F706FEF5E703A8F7F702FEF5E770B55A
S3150802CE60836986B003911B7805460A2B144631D18D
S3150802CE70059132BB0598F7F782FE08B9044620E009
S3150802CE800023022205A90DF11200F7F7E2FD012897
S3150802CE9015D9BDF8126096B10598F7F770FE864265
S3150802CEA00FD8BDF8121005A8F8F745F848B10023BF
S3150802CEB00090212219462846FFF753FDDAE741F288
S3150802CEC00D1405A8F7F7CCFD21462846FFF7CDFC39
S3150802CED006B070BD03A8F7F7C3FDF9E72DE9F04FD1
S3150802CEE01C469FB0836903911B780646052B174695
S3150802CEF004D8032B70D812D003A81BE0082BFBD149
S3150802CF0008461391002C00F01A8113A8F7F7A8FD1A
S3150802CF1021463046FFF7A9FC1FB0BDE8F08F202A4C
S3150802CF2008460B9109D941F2041421463046FFF707
S3150802CF309CFC0BA8F7F794FDEEE7002C3AD1A2F178
S3150802CF400608F7F71CFE4FF6FF755FFA88F81FFA10
S3150802CF5080F9A14505D8B369DA88AA422FD80024F0
S3150802CF60E3E723463A460B9913A8F7F768FDB36930
S3150802CF70BDF84C509A88AA42D5D8DA88AA42D2D3A2
S3150802CF80BDF84E10BDF85020B8F1000F09D0304652
S3150802CF90CDF800800DF152033C44FFF7C6FCA4B25B
S3150802CFA0D7E730469D8019815A8101F097FD0446DC
S3150802CFB00028BED041F20A139C42D0D0B5E742F609
S3150802CFC00203ADF81C300223691C0093304607ABF6
S3150802CFD089B201F06AFDEAE7202A0846049148D890
S3150802CFE0002C40F0A680551FF7F7C9FD4FF6FF78CB
S3150802CFF0EDB21FFA80FA0DF11C0BA24506D8B369E9
S3150802D000DA88424500F28580002434E023463A460F
S3150802D01004990BA8F7F713FDB369BDF82C809A8813
S3150802D020424526D8DA88424523D35969F1B9B14629
S3150802D03059F80C1BBDF82F2091F870109DF82E3068
S3150802D0408DF84C10ADF84E200DF131012A4615A87F
S3150802D0508DF850301995F7F720FB40F20341484600
S3150802D06013AA02F04BFD3C44A4B2C6E75A89102A19
S3150802D07007D941F2041421463046FFF7F6FB04A805
S3150802D08058E700235846F7F7DAFCB3690DF1310180
S3150802D090102DCDE9051B93F80A902BD1B9F1020F91
S3150802D0A034D105A8E7F7EAF90228DCD14A46DDE9D0
S3150802D0B00510F7F7C1FA0028D5D1334653F80C0BF9
S3150802D0C0BDF82F1090F870009DF82E208DF84C00B0
S3150802D0D0ADF84E108DF8502059464A4615A80293C7
S3150802D0E0CDF86490F7F7D9FA029B40F20341184645
S3150802D0F013AAB6E7022D09D1B9F1100F06D106A86F
S3150802D100E7F7BCF90228AED12A46D0E72A4658469E
S3150802D110CFE742F60303ADF84C30022308F10101CA
S3150802D1200093304613AB89B201F0BFFC04460028CF
S3150802D130A5D041F20A139C423FF466AF9BE759B960
S3150802D14000210023B26930469381538111811399D4
S3150802D1503A46FFF773FDDFE6F7F711FD17B180B21E
S3150802D1608742EDD1139A9379D1180233898993713B
S3150802D170E7E72DE9F0431C468FB0836903911B78D4
S3150802D1800546012B174659D108460591F7F7F7FCCC
S3150802D190202F0BD941F2041421462846FFF765FBD6
S3150802D1A005A8F7F75DFC0FB0BDE8F0830CBB059840
S3150802D1B0F7F7E5FC4FF6FF76A7F104081FFA88F899
S3150802D1C01FFA80F95FFA88F8A14518D8AB69DA8898
S3150802D1D0B24212D94FF42053ADF810300223711C13
S3150802D1E00093284604AB89B201F09DFC0446002848
S3150802D1F0D6D041F20A139C42CED10024CCE723466C
S3150802D2003A46059906A8F7F71AFCAB69BDF818104D
S3150802D2109A88BDF81A609142BCD3DB889942B9D87C
S3150802D2209642B7D39E42B5D832462846CDF80080F4
S3150802D23007AB3C44FFF779FBA4B2C5E703A8B0E7FE
S3150802D24083691B780B2B02D0103B012B01D8FFF701
S3150802D2500CBB7047F0B585B00193836917461A78F7
S3150802D26004460B3A0A9E072A42D8DFE802F004412E
S3150802D2702F414104412901980390F7F780FC85B2B2
S3150802D28003A8F7F7EDFB26B131462046FFF722FB46
S3150802D2900FE0A1697A194B8992B293420BD90A8295
S3150802D2A001F10E032046098901F06FFC01460028A8
S3150802D2B0EBD105B0F0BD0121204601F0A0FCF5E74F
S3150802D2C026B91A8ABA420BD04FF48166019B03A883
S3150802D2D00393F7F7C5FB31462046FFF7C6FAE8E798
S3150802D2E0DA8959690198F7F755FC0028ECD1EDE778
S3150802D2F001A8F7F7B5FBDCE738B582690446137867
S3150802D3000D460E2B12D0102B01D00B2B12D15369BE
S3150802D31033B1997902F114000B44DD68F7F7A0FBE3
S3150802D32029462046BDE83840FFF78ABFBDE838409F
S3150802D330FFF79BBA38BD07B5002300921B22FFF7F9
S3150802D34010FB03B05DF804FB07B5836959800092A8
S3150802D35000231D22FFF705FB03B05DF804FB08B5A1
S3150802D36000F037F8407940F4805008BD08B500F05F
S3150802D37030F8407940F4805008BDF7B506460C46A9
S3150802D380154601F00AFD827901900C328652214631
S3150802D39087182646F7F734FB9DB12B465A7922F0B1
S3150802D3A0010242F002025A711B68002BF6D1284686
S3150802D3B0F7F7E5FB2946261801A8F7F742FCFF2EE0
S3150802D3C000D8F4B23846BC7003B0F0BD0022FFF7AD
S3150802D3D0D4BF08B5DEF7A4FC83790C33184408BD1C
S3150802D3E008B5FFF7F6FF407940F4805008BD4B8830
S3150802D3F0052B05D108880E288CBF0020012070470E
S3150802D40000207047F8B505460F46164604210A223B
S3150802D4100020F7F7B4FD0246B8B1847905210C3429
S3150802D42003194FF0060C00209970D87002F804C050
S3150802D43013241C7102245F715870D8719C71284696
S3150802D4401E81BDE8F840E7F7B5BFF8BD73B50546D6
S3150802D450104601920C46F7F792FB042186B2019810
S3150802D460F7F7CEFC024628B901A8F7F7F9FA1A2007
S3150802D47002B070BD837901900C33C1184C80C65234
S3150802D48021462846E7F796FF0020F1E72DE9F04105
S3150802D49006468846174604210A220020F7F76FFD3A
S3150802D4A00246B8B1857900240C35431905210620B0
S3150802D4B09970DC7050550120187102205C709871C1
S3150802D4C083F805803046DC711F81E7F773FF204633
S3150802D4D0BDE8F0811A20FBE700207047002070475C
S3150802D4E007B501A80192F7F7BBFA03B05DF804FB8A
S3150802D4F07047002070470F2070477047E8F722BC34
S3150802D500E8F73ABCE8F742BC07B58DF80710E6F724
S3150802D51061F868B145F2190200210DF1070300F01E
S3150802D520D5F9B0FA80F04009400003B05DF804FB73
S3150802D5302120FAE707B58DF80710E6F74BF868B128
S3150802D54045F21D0200210DF1070300F0BFF9B0FAFA
S3150802D55080F04009400003B05DF804FB2120FAE799
S3150802D56030B589B0E6F736F80446002849D090F86F
S3150802D5707200022847D1A36813F4407F2CD094F88E
S3150802D5807330012B31D194F87500E5F723F910B9F8
S3150802D590A368DB0529D594F8741011F0010124D18A
S3150802D5A010220DEB020001910291ADF80C10F7F76B
S3150802D5B06CF8A36801AD13F4807F2B460ED0A06ADF
S3150802D5C0E16A228E03C31A802046BDF8042004AB02
S3150802D5D00DF10601E7F778FE09B030BD0A220221ED
S3150802D5E094F87500FDF7BDF8EEE7002345F2170239
S3150802D5F01946204600F06AF9B0FA80F04009400060
S3150802D600EAE72120E8E70220E6E738B545F21B02F9
S3150802D6100C460B460021054600F058F930B92CB1E4
S3150802D62021462846BDE83840E8F71EBA38BD01F05B
S3150802D63098B901F0A1B9FF2313B504460DF1070104
S3150802D6404C308DF80730FDF7C3F89DF807302046B1
S3150802D65084F8753001F060F902B010BD10B50446C1
S3150802D660FDF74AF801280DD094F8733094F9700042
S3150802D670012B14BF0521032184F83210BDE810409E
S3150802D680FDF735BAA36843F40073A36010BD00F032
S3150802D6905FB910B50446B0F80300E5F78DFF30B15F
S3150802D6A0B4F80D10621DBDE8104000F074B910BD43
S3150802D6B010B50446B0F80300E5F77EFF40B1B4F8AA
S3150802D6C00D1004F10F03621DBDE8104000F005BA03
S3150802D6D010BD10B50446006C30B94FF4B070F7F7B8
S3150802D6E071FD206420B910BD4FF4B071FCF7E5FF57
S3150802D6F0FF22236C83F85E21A268120603D5C02294
S3150802D70001201A70EFE794F87320012A14BF8022C9
S3150802D7104022F5E708B5D0B2E5F75CFF28B190F8E4
S3150802D720773003F07F0380F87730012008BD10B503
S3150802D730044645F21A0102F074F92046BDE8104083
S3150802D74047F23053002245F21A01F3F715BB10B51A
S3150802D7500A46044608210020F7F711FC10B183791E
S3150802D76003441C7310BD38B505460C460D2011211D
S3150802D770FFF7EDFF024688B12146837903440D334C
S3150802D78004F1100051F8044B814243F8044BF9D1D5
S3150802D7902846BDE838400621FFF758BE38BD38B5D9
S3150802D7A005460C4604201121FFF7D1FF024688B12F
S3150802D7B02146837903440D3304F1100051F8044BD2
S3150802D7C0814243F8044BF9D12846BDE83840062180
S3150802D7D0FFF73CBE38BD38B505460C460320112175
S3150802D7E0FFF7B5FF024688B12146837903440D3314
S3150802D7F004F1100051F8044B814243F8044BF9D165
S3150802D8002846BDE838400621FFF720BE38BD37B5A1
S3150802D8100022054608211046F7F7B1FB0446C0B1B7
S3150802D8200C2301220DF107018DF80730F7F73FFCAB
S3150802D830296C202251312046F7F739FC296C20221F
S3150802D84071312046F7F733FC224606212846FFF7B0
S3150802D850FDFD03B030BD036C4BB983681B0608D4C3
S3150802D86090F87330012B14BF802040207047187837
S3150802D8707047C020704770B50446FFF7ECFFE8F71B
S3150802D880F7F90D460346002245F20101204698475C
S3150802D890236C03B11D702846E8F7EAF94FF4A04154
S3150802D8A0034600222046BDE87040184770B5154663
S3150802D8B0044648B1FFF7CFFFE8F7DAF92A460346E6
S3150802D8C02046BDE870401847022070BD114608B5CB
S3150802D8D01A4621F00041FFF7E9FFB0FA80F0400945
S3150802D8E008BD10B50446006838B11A21FCF7E5FEF2
S3150802D8F02068F7F769FC0023236010BD002230B5C3
S3150802D90087B00546084601A90192E4F7CDFD04460B
S3150802D91070B9696B019802AA0A3102F02FF9044616
S3150802D9200198FCF711FE34B1102102A8FCF7C5FED6
S3150802D930204607B030BD284602A9E7F715FC02A81B
S3150802D9401021FCF7BAFE05F13400FFF7CAFFEFE72C
S3150802D95010B50446E8F734F904F13400FFF7C1FFBD
S3150802D960A3685A0606D523F0400300212046A36081
S3150802D970E7F7FAFB236C6BB1D3F89400FCF7E4FDE6
S3150802D9804FF4B071206CFCF798FE206CF7F71CFC7C
S3150802D9900023236410BD0021E7F7E6BB7FB5836841
S3150802D9A004465D0673D523F040038360FFF753FFF1
S3150802D9B0802801D040287BD194F87550FF2D1CD1C0
S3150802D9C0FCF79AFE012864D1636B04201A888DF845
S3150802D9D000201A4632F8021B090A8DF80110D3F8FC
S3150802D9E002306946CDF8023053680A22CDF806306D
S3150802D9F0E4F716FFFF2805464BD0A368D90548D495
S3150802DA002046FFF728FF80284FEA052523D045F44C
S3150802DA10902646F003063046FCF7A4FD024652B9A4
S3150802DA20616B6A4630460A3102F0A8F818B310212B
S3150802DA306846FCF742FE204641F20601E8F714F86A
S3150802DA4020460021E7F790FB04F1340004B0BDE854
S3150802DA507040FFF746BF45F4902646F00506304665
S3150802DA60FCF780FD2D280246D1D02046FFF7F3FEAB
S3150802DA704028D4D1CBE769462046E7F775FB6846C6
S3150802DA801021FCF71AFE04F13400FFF72AFF04B04E
S3150802DA9070BD94F87430DA0702D4A368DB05CAD5D8
S3150802DAA004F118012046FFF729FF0028C3D1EEE743
S3150802DAB0636B1A88002ABED1882801D04B28BAD1AE
S3150802DAC00022013313F8011F0029B4D10132082AB2
S3150802DAD0F8D1216C01F59871E4E7F8B51D4683681B
S3150802DAE004465B060F4616462DD41A20F7F76AFB3C
S3150802DAF00146606320B92046BDE8F840E7F734BB23
S3150802DB00034623F8027B326805F11001C0F80220A9
S3150802DB1072685A602A46636B0A3352F8040B8A42C1
S3150802DB2043F8040BF9D110212846FCF7C6FDA36871
S3150802DB3043F0400213F4407FA26004D02046BDE8B9
S3150802DB40F840FFF72BBFF8BD38B504460D46052049
S3150802DB500221FFF7FCFD0246B8B183790621034488
S3150802DB605D732046FFF772FC45F490512046E7F7AD
S3150802DB707BFF94F873302046012B18BF8021BDE83D
S3150802DB80384008BF4021FFF776BE38BD0821FFF7A7
S3150802DB90DBBF37B50446084611461A46B4B1236CAC
S3150802DBA093F85D31013B022B10D89DF8185045F0C9
S3150802DBB08003079D009502F061F8054640B114B14D
S3150802DBC02046FFF7E3FF284603B030BD0023F0E7FF
S3150802DBD00CB90020F8E7024645F211012046FFF784
S3150802DBE065FEF6E710B50446002140F21B40E7F74A
S3150802DBF059FF2046BDE81040FFF7C8BF2DE9F04798
S3150802DC0090F873900446B9F1010F066C04D196F8A0
S3150802DC105031002B40F0428196F85C3196F851A1BA
S3150802DC20032B00F2DC80DFE803F0027D9ABF1AF0CC
S3150802DC30010F72D011210620FFF789FD054600283B
S3150802DC4000F02C8190F80680102108F10C08804417
S3150802DC5008F101073846FCF705FD014688B9A07C9C
S3150802DC60C0F110023844F6F710FDFCF745FD0346ED
S3150802DC70012B96F85E010CD13A460521FCF72BFDDD
S3150802DC8000B32846DCF75AFC2046BDE8F047FFF702
S3150802DC907DBF3B4610220521FCF730FD002840F0E7
S3150802DCA0F580B9F1010F0DD004F1180308F1110836
S3150802DCB057F8042B474543F8042BF9D1A36843F4D4
S3150802DCC08073A3602A4606212046FFF7BFFB0B2175
S3150802DCD00720FFF73CFD0546002800F0DF8087791C
S3150802DCE096F85E310C37074443F43F430821A7F8F8
S3150802DCF00130F81CFCF7B6FC0028C2D10A2204211E
S3150802DD0096F85E017B1CFCF7F9FC002840F0BE8001
S3150802DD102A4606212046FFF799FB96F85C3101331D
S3150802DD2086F85C311AF0020F14D011210820FFF789
S3150802DD300EFD0546002800F0B1808079102128449E
S3150802DD400D30E5F7ABFA00289BD12A460621204674
S3150802DD50FFF77CFB96F85C31013386F85C311AF0E2
S3150802DD60020F1CD008210920FFF7F1FC07460028FC
S3150802DD7000F0948085790C350544E6F7B1F8837985
S3150802DD803A46C3F3C00383F001036B7003680621A6
S3150802DD90C5F8023083882046EB80FFF757FB96F8D2
S3150802DDA05C31013386F85C311AF0040F12D0112166
S3150802DDB00A20FFF7CCFC054600286FD0807910228E
S3150802DDC02844AB210D30F6F760FC2A460621204688
S3150802DDD0FFF73CFB96F85C31013386F85C31B9F102
S3150802DDE0010F08D0236C93F85031002B56D196F8C0
S3150802DDF05C31042B52D1A36C10220B2196F85E01DA
S3150802DE003133FCF77BFC70B140F21B412046E7F741
S3150802DE102BFEB9F1010F2046BDE8F04714BF802159
S3150802DE204021FFF728BDA36C01220C2196F85E015A
S3150802DE302033FCF763FC0028E6D1A36C10220D21DF
S3150802DE4096F85E012133FCF759FC0028DCD108223A
S3150802DE5096F85E01114604F11003FCF74FFC002800
S3150802DE60D2D1236C93F85E2184F87520FF2283F8B9
S3150802DE705E21FCF741FC012818BFA36820461CBF97
S3150802DE8043F48073A360E7F7C9FDC2E72846DCF7C7
S3150802DE9055FB2046BDE8F047FFF7A4BEBDE8F0876C
S3150802DEA010B50446FCF728FC0246236C012A93F8AF
S3150802DEB05E0103F598730CD11A460321FCF70BFC95
S3150802DEC008B9002010BD2046FFF760FE40F21B404D
S3150802DED0F8E710220321FCF711FC18B12046FFF7D8
S3150802DEE081FEF3E7206C102200F59873052190F85D
S3150802DEF05E01FCF703FC0028F0D1236C04F118013B
S3150802DF0003F5987203F5A07352F8040B9A4241F886
S3150802DF10040BF9D1A36843F48073A360D1E7016CBB
S3150802DF2010B501F59873044601F1C8021846B831CE
S3150802DF3001F07BFE20B12046FFF728FE40F207409B
S3150802DF4010BDF0B587B0129F9DF838500597119FFE
S3150802DF509DF83C6004970446109F084611461A46E7
S3150802DF609DF83430CDE90267CDE900350C9B01F006
S3150802DF70A6FE024628B1204607B0BDE8F040FFF7E4
S3150802DF8005BE45F21301204607B0BDE8F040FFF78B
S3150802DF908DBC7FB50446084611461A46DDE90A6372
S3150802DFA0CDE90163099B0093089BF2F7D9FF054661
S3150802DFB028B1204604B0BDE87040FFF7E7BDA07C53
S3150802DFC02946C0F110023044F6F75FFB2A4645F2AD
S3150802DFD01201204604B0BDE87040FFF767BC38B5A9
S3150802DFE0054608461021FCF73DFB044610B12846B3
S3150802DFF0FFF7CCFD204638BD2DE9F04786B0994695
S3150802E0000E9B04460F46164690F873A073BB236C04
S3150802E01002AD10220021284603F10108F6F735FB66
S3150802E020BAF1020F04F15A020DF10E0304F153017B
S3150802E03024D19288D4F85A000290AA80D4F85320A0
S3150802E040CDF80E208A889A8031462B4642463846B3
S3150802E050CDF8009001F0A2FD064610212846FCF7ED
S3150802E0602CFBB6B12046FFF791FD04E01146FFF7F7
S3150802E070B6FF0028CBD006B0BDE8F0878988D4F869
S3150802E080530092880290A980D4F85A10CDF80E103F
S3150802E090D9E7324645F210012046FFF707FCEAE7C0
S3150802E0A0B1F5A04F70B504460D4616460AD045F29C
S3150802E0B00603994218D0324629462046BDE87040E2
S3150802E0C0E7F7E4BE836843F08003836090F8733011
S3150802E0D0012B14BF80204020E7F7CAFD0022034621
S3150802E0E02046BDE87040184793791344597C41F499
S3150802E0F09051E7F7B9FCDEE7E7F726BF70B5B1F549
S3150802E100A04F0446154688B077D045F21B06B142A1
S3150802E11040F0B48090F87430DA0766D5056CB5F825
S3150802E12050312BB14C21FFF7A6FB002008B070BD79
S3150802E130D5F858315B0747D5AB79DE0744D56B7BF3
S3150802E140D80741D5A36C10220B2195F85E0131330D
S3150802E150FCF7D4FA38B140F21B412046E7F784FCB3
S3150802E16040F21B40E2E7A36C206C01220C2190F8D6
S3150802E1705E012033FCF7C2FA0028ECD1A36C206CAE
S3150802E18010220D2190F85E012133FCF7B7FA002818
S3150802E190E1D10822206C114690F85E0104F11003C1
S3150802E1A0FCF7ACFA0028D6D1236C93F85E2184F8E2
S3150802E1B07520FF2283F85E2120464021FFF75BFB8C
S3150802E1C02046E7F72BFCB0E705F5987304F1180229
S3150802E1D005F5A07553F8041BAB4242F8041BF9D1A6
S3150802E1E0A36843F48073A360E6E74021FFF743FB85
S3150802E1F029462046E7F738FC97E7036CD3F85821F7
S3150802E20051071DD50022CDE90122ADF80C209A79D5
S3150802E210D20706D55B7BDB0703D5FFF741FE00284D
S3150802E2209ED1102200210DEB0200F6F72EFABDF858
S3150802E230042004AB0DF106012046E7F745F874E71A
S3150802E240FFF76DFE054610B140F207406EE7236CF4
S3150802E250A07C03F59873C0F1100229461844F6F714
S3150802E26014FA102229460DEB020001AECDE901553A
S3150802E270F6F70BFA2A46314604ABDDE708B0BDE8E5
S3150802E2807040E7F703BEB1F5A04F13B504460FD0A9
S3150802E290A1F5A043103B012B38D8016C9831FFF742
S3150802E2A09AFA44212046FFF7E6FA002002B010BD8A
S3150802E2B0016CD1F8583101F1C80213F004031AD0DF
S3150802E2C01146FFF78CFE30BB216C204601F19803FC
S3150802E2D0019391F85C21D1F82C31D34003F0010364
S3150802E2E043F08003009301F1110201F1C803513191
S3150802E2F0FFF74FFCD9E781F85C310123009301F15E
S3150802E300980301F59871FFF777FECEE702B0BDE8EC
S3150802E3101040E7F7BBBD40F20740C7E7B1F5A04F8B
S3150802E32070B50446154676D045F21B06B14240F052
S3150802E330958090F87430DA0765D5056CB5F85031D2
S3150802E34023B18921FFF797FA002070BDD5F8583115
S3150802E3505B0747D5AB79DE0744D56B7BD80741D532
S3150802E360A36C10220B2195F85E013133FCF7C6F92E
S3150802E37038B140F21B412046E7F776FB40F21B40D4
S3150802E380E3E7A36C206C01220C2190F85E0120338E
S3150802E390FCF7B4F90028ECD1A36C206C10220D21ED
S3150802E3A090F85E012133FCF7A9F90028E1D1082289
S3150802E3B0206C114690F85E0104F11003FCF79EF9F1
S3150802E3C00028D6D1236C93F85E2184F87520FF22A3
S3150802E3D083F85E2120468021FFF74DFA2046E7F7AB
S3150802E3E01DFBB1E705F5987304F1180205F5A0754A
S3150802E3F053F8041BAB4242F8041BF9D1A36843F451
S3150802E4008073A360E6E78021FFF735FA294620469E
S3150802E410E7F72AFB98E7036CD3F8582151070AD580
S3150802E4209A79D20790D55B7BDB078DD5FFF738FD46
S3150802E430002889D0A2E7FFF772FD014690B9236C3E
S3150802E440A07C03F59873C0F110021844F6F71DF97B
S3150802E450216C2046B831FFF7A2F975E7BDE870408E
S3150802E460E7F714BD40F207406FE773B545F20406B5
S3150802E470B142044615461DD045F21006B14207D0F0
S3150802E480B1F5A04F0FD002B0BDE87040E7F7FEBC69
S3150802E490016CA831FFF79FF985212046FFF7EBF9B2
S3150802E4A0002002B070BDFFF742F9236CD3F8583149
S3150802E4B0D907F5D5236CD3F85821D2070BD4AA79F4
S3150802E4C098330C3215446A1D153552F8041BAA42B4
S3150802E4D043F8041BF9D1216CD1F8583113F004031F
S3150802E4E001D08321D9E781F85C31012301F1B80211
S3150802E4F00093204601F1A80301F59871FFF77CFD08
S3150802E500CEE7B1F5A04F73B5044608D045F211051A
S3150802E510A94229D002B0BDE87040E7F7B7BC016C42
S3150802E520B831FFF75CFD40BB256C95F85D3105F106
S3150802E530A806013B022B01969CBFD5F82C0195F83B
S3150802E5405C6105F1B8039EBFF04000F0010040F09F
S3150802E5508000009005F11102204605F15101FFF7EE
S3150802E56018FB002002B070BD016CA831FFF733F921
S3150802E57085212046FFF77FF9F3E740F20740F1E7E6
S3150802E58045F21003F0B59942044685B000F087803B
S3150802E5900CD8B1F5A04F1CD045F2050399421DD0FF
S3150802E5A0204605B0BDE8F040E7F770BC45F2110316
S3150802E5B0994200F08D8045F212039942F0D1036C1C
S3150802E5C093F85D31042B40F2B380052B03D1482121
S3150802E5D07BE0FFF7ACF8002005B0F0BD9179036C3B
S3150802E5E00C310A44511DB833153251F8040B9142C5
S3150802E5F043F8040BF9D1256C102205F1C80705F179
S3150802E600B80631463846F6F717F820B904212046E7
S3150802E610FFF79AFADFE7D5F8583113F0040332D038
S3150802E62095F85D31042B13D105F1F803039305F52B
S3150802E6309873029304F15303019304F15A03009366
S3150802E6403A463346204605F1D801FFF7A2FCC2E74F
S3150802E65005F5A07005F1510205F1110101900BB102
S3150802E660052B06D10023009320463346FFF791FA7D
S3150802E670B1E795F85C01D5F82C31C34003F00103E4
S3150802E68043F08003EFE785F85C3132460093204673
S3150802E69005F5A07305F59871FFF7AEFC9BE7056CC7
S3150802E6A0102205F1A80105F5A070F5F7C5FF0028A7
S3150802E6B0ACD14B21D5F858319B0742BF94F8743038
S3150802E6C043F0020384F874302046FFF7D4F882E751
S3150802E6D0056C102205F1A80105F5A070F5F7ACFF47
S3150802E6E0002893D195F85D31013B022B0FD895F896
S3150802E6F05C310133DBB2142B85F85C3107D0D5F8CF
S3150802E7005831432123F00103C5F85831DCE705F1F6
S3150802E710F803039305F59873029304F153030193DF
S3150802E72004F15A03009305F1C80205F1B80389E713
S3150802E7304921CAE7B1F5A04F70B50446164607D077
S3150802E74045F20405A9420CD0BDE87040E7F79EBB26
S3150802E750FEF7EDFF236CD3F85831DA0701D400200F
S3150802E76070BD256CD5F85831DB0719D4B379A835AD
S3150802E7700C331E44731D153653F8042BB34245F861
S3150802E780042BF9D1256C102205F1A80105F1980090
S3150802E790F5F752FF20B904212046FFF7D5F9DEE73F
S3150802E7A0204605F1C801FFF71AFC48B9216C204634
S3150802E7B0C831FEF7F4FF47212046FFF75CF8CEE79B
S3150802E7C040F20740CCE7B1F5A04F70B503461446B0
S3150802E7D007D045F21806B14207D0BDE87040E7F700
S3150802E7E055BBFEF7A4FF002070BD1268551C03D165
S3150802E7F00121FFF7A9F9F6E7016CD1F8580140079C
S3150802E80043BF002281F85C212268C1F8302148BF43
S3150802E810C1F82C2118464321FFF72DF8E3E7B1F595
S3150802E820A04F70B51346044607D045F20406B14216
S3150802E83007D0BDE87040E7F729BBFEF778FF00204E
S3150802E84070BD9979026C0C310B44591DA8321533E7
S3150802E85051F8040B994242F8040BF9D1256C10229F
S3150802E86005F1A80105F19800F5F7E6FE20B904219D
S3150802E8702046FFF769F9E2E7204605F1C801FEF7E7
S3150802E8808EFF47212046FEF7F6FFD8E770B545F218
S3150802E8900406B1420446134625D045F21806B1428B
S3150802E8A006D0B1F5A04F33D1FEF741FF002070BD67
S3150802E8B011684D1C03D10121FFF746F9F6E7026CF0
S3150802E8C0D2F85801400743BF002182F85C111B6841
S3150802E8D0C2F8301120464FF0840148BFC2F82C31E5
S3150802E8E0FEF7C9FFE2E79979026C0C310B44591D10
S3150802E8F09832153351F8040B994242F8040BF9D1B0
S3150802E900226CD2F8583143F00103C2F85831CDE7E8
S3150802E910BDE87040E7F7BABA002310B504460364A7
S3150802E92090F87500FF2813D0E4F7EAF9082204F1F3
S3150802E9301003114694F87500FBF713FF94F9133088
S3150802E940012B07D194F8743043F0020384F874302B
S3150802E950002010BD022BFBD194F8743043F00A0351
S3150802E960F4E74B88062B05D1088841288CBF00207E
S3150802E970012070470020704707B58B790A460B4479
S3150802E9800191197C4B1E0D2B04D801F5A0410131CA
S3150802E990FEF78CFF01A8F6F763F803B05DF804FBEF
S3150802E9A008B5E6F779FBE6F79DFEBDE80840E5F708
S3150802E9B041BB08B5E6F790FD28B9BDE80840002036
S3150802E9C00021F2F71FBA00200021F2F71BFAE6F738
S3150802E9D071FBEFE737B5044642F60720FDF727F93C
S3150802E9E00546B8B10A23002CCBBF0534053CB4FB57
S3150802E9F0F3F394FBF3F38DF807300123002118464D
S3150802EA000DF10702F6F78EFB002203462946104649
S3150802EA10FDF749F803B030BD10B5411D441E00206C
S3150802EA2014F8013F5A0802F055029B1A03F0330202
S3150802EA30C3F3850303F03303134403EB131303F001
S3150802EA400F03A1421844EBD110BD70B504460E4619
S3150802EA501546052100220420FBF7FDFE014618B1E2
S3150802EA60A0F80160A0F803502046BDE87040FBF705
S3150802EA704FBFF7B51D460023044600930F461646B8
S3150802EA8007210620BDF82430089AFBF70CFF014639
S3150802EA9028B1A0F80170A0F80360A0F80550204636
S3150802EAA003B0BDE8F040FBF733BF73B515461A4607
S3150802EAB00023044600930E46082005219DF81830C7
S3150802EAC0FBF7F1FE014618B1A0F80160A0F8035061
S3150802EAD0204602B0BDE87040FBF71ABF38B50022DF
S3150802EAE004460D460A200321FBF7B5FE014608B186
S3150802EAF0A0F801502046BDE83840FBF709BF70B5BB
S3150802EB0004460E461546052100220C20FBF7A3FEF5
S3150802EB10014618B1A0F80160A0F803502046BDE8E6
S3150802EB207040FBF7F5BE73B515461A460023044630
S3150802EB3000930E46102005219DF81830FBF7B3FE08
S3150802EB40014618B1A0F80160A0F80350204602B0A9
S3150802EB50BDE87040FBF7DCBE73B50E46002144895A
S3150802EB600546033CA4B2A342009128BF23460321CB
S3150802EB701220FBF798FE014608B1A0F80160284664
S3150802EB8002B0BDE87040FBF7C3BE2DE9F341054666
S3150802EB90984683690F4658691646F5F7F0FF6C8959
S3150802EBA080B2053CA4B2844228BF0446A86921461D
S3150802EBB01430F6F7C0F9009048B105220821002062
S3150802EBC0F6F7DDF9019030B96846F5F749FF1A20DC
S3150802EBD002B0BDE8F081009901A8F6F732F81620CE
S3150802EBE0019A93790C33D118D054A8F800402846D4
S3150802EBF0A1F80170A1F80360FBF78AFEE8E738B5C9
S3150802EC00002204460D4618200221FBF724FE01467F
S3150802EC1000B145702046BDE83840FBF779BE70B5AD
S3150802EC20857904460C354619F5F7A9FF625D431E38
S3150802EC30013A9BB2202A43D8DFE802F0134218426F
S3150802EC401A422B423142114211421142354227429F
S3150802EC5042423B422742404240424242110003207E
S3150802EC6070BD042B0CBF03200120F9E7022BF9E73C
S3150802EC7043B37278022A0AD0012A23D10222013B1F
S3150802EC800232B3FBF2F102FB1133002BEAE7102240
S3150802EC90F5E713F0030F0CBF03200120E0E78BB161
S3150802ECA07278013BEDE76BB17278032A0AD9013B08
S3150802ECB0E7E7032B8CBF03200120D1E7012BF9E7F5
S3150802ECC00020CDE70120CBE70078E4F7FBBD13B5BA
S3150802ECD00C460DF107020DF10601FBF7CBFF30B129
S3150802ECE09DF80600031B5842584102B010BD012088
S3150802ECF0FBE7F2F7D5B97047FEF700BCE6F762BE46
S3150802ED00E9F70CBDFEF7FCBBFEF7FCBB7047704784
S3150802ED1000207047704770477047E9F7B5BF7047DC
S3150802ED2013B50C4601A902F0DDF810B9019BC4E936
S3150802ED30003002B010BD08B5E9F746FE80F00100C2
S3150802ED40C0B208BD08B5FFF7F6FF00280CBF0420BD
S3150802ED50012008BD08B5F8F7A7FE002008BDEAF7A6
S3150802ED604BB8EAF759B8002280B21146E9F7AEBAAB
S3150802ED7000234FF0FF3203604FF0FF334160C0E9D2
S3150802ED800223704707B502F07BF86A4602F0E8F8F4
S3150802ED90DDE9000103B05DF804FB13B5DCF7BAFF41
S3150802EDA0019001A8F5F7E3FE044601A8F5F758FE17
S3150802EDB02046032209210194F6F7CDF901984379F1
S3150802EDC043F00303437102B010BD0E2070470220C0
S3150802EDD070470220704700207047012070470020C4
S3150802EDE0704708461146012200F044B800F077BA87
S3150802EDF000F07FBA00F09DB8431E042818BF012B05
S3150802EE0094BF01200020704700F036BC4FF4DC7234
S3150802EE100021F5F73ABC10B50446EBF713FFE8B93B
S3150802EE20A169D9B1238ACBB1204604F1100200F0B8
S3150802EE30FCFAB8B9E169A9B1638A9BB1204604F123
S3150802EE40120200F0C7FA88B9216A79B1A28A6AB1B0
S3150802EE502046E38ABDE8104000F07BBA00232382ED
S3150802EE60A361E6E700236382E361ECE700236361BB
S3150802EE70236210BDECF7CCB80A7838B505461046B9
S3150802EE80FFF7BAFF60B14C782046FFF7B5FF38B1F5
S3150802EE902243530704D42846BDE83840EBF7AABBF9
S3150802EEA0212038BDFFF7E8BF10B504460878FFF7FA
S3150802EEB0A3FF58B14A781046FFF79EFF30B1042ADD
S3150802EEC004D02046BDE81040EBF7B2BB212010BDA6
S3150802EED0FFF7EABF00F075B9084600F079BB70473C
S3150802EEE0F8B506460D46EAF785FDD8B94FF6FF731B
S3150802EEF04FF0240CEF68C1B28F4208D81C4621464F
S3150802EF003046EAF71FFF00F0BBFB2046F8BDAA68A9
S3150802EF100CFB0122D4899C4202D2002CEFD0234654
S3150802EF200130E8E74FF6FF74EFE7008E704700F00E
S3150802EF3085B970B504460D46164600F039F858B13B
S3150802EF4029462046EAF7FEFE38B9324629462046C1
S3150802EF50BDE87040EFF796BE0E2070BD08B5EAF719
S3150802EF60BFFC18B1BDE80840EFF7C6BB08BD00F004
S3150802EF70B3BAEBF777BB00F0A2B900207047084690
S3150802EF80EDF77CBD00F0AABAEBF7A0BDEDF740BAE3
S3150802EF90EBF792BCEBF756BD38B50446154609B1F0
S3150802EFA000F0D9FA15B12046ECF7C6FB002038BDA9
S3150802EFB00346408A18B1188A003818BF01207047DC
S3150802EFC000F05BBA00F069BA0846EDF72FBE10B535
S3150802EFD0044600F078F820B92046BDE81040EBF761
S3150802EFE00FB810BD00F05EBB00F05CBBEEF760B870
S3150802EFF02DE9FF41984604460E46174602F052F995
S3150802F00005462046FFF7E3FF0A9B3A46029300238A
S3150802F010314601932046CDF80080EBF73FF80446C7
S3150802F020284602F03AF9204604B0BDE8F08138B520
S3150802F030044602F037F905462046FFF7C8FF204680
S3150802F040EBF70AF80446284602F027F9204638BDA7
S3150802F05038B5044602F026F905462046FFF7B7FFFB
S3150802F060204600F03FF80446284602F016F92046E4
S3150802F07038BD38B5044602F015F905462046FFF7AD
S3150802F080A6FF204600F034F80446284602F005F9A1
S3150802F090204638BD70B504460E4602F003F9054609
S3150802F0A02046FFF794FF31462046EBF743F804461D
S3150802F0B0284602F0F2F8204670BD01207047ECF7A8
S3150802F0C0D9BD00F083BAEAF7D7BE10B502F0EAF85E
S3150802F0D0044600F015F8EAF7F7FE2046BDE81040A8
S3150802F0E002F0DBB8024608B5EAF7C6FE507D08BD4F
S3150802F0F0024608B5EAF7C0FE507D80F0010008BD59
S3150802F10000F0D0BAEBF7BCB900F0A4B838B50321C1
S3150802F1100546EBF713F904462846ECF70DFD20469B
S3150802F12038BD38B590F827400D46FF2C17D0023C5B
S3150802F130012C8CBF0024012449682246ECF738FDCD
S3150802F140286890FAA0F0000AEEF708FCA97A28893E
S3150802F150224681F00101ECF75BFD002038BD022052
S3150802F160FCE730B505460FC985B08DE80F0069463C
S3150802F1702846FFF7D6FF05B030BD013001D1EEF7BC
S3150802F1802FB921207047002070470020704770472A
S3150802F190D0F8A03003F06003402B0DD0602B03D0CB
S3150802F1A0203B58425841704749B10B68012B06D992
S3150802F1B0486940F00100704740F20110704700208C
S3150802F1C07047F7B504461046D4E956C7DDE908265E
S3150802F1D08CEA020587EA06010540194085EA0C050C
S3150802F1E07940C4E95651002523F4004106EA010391
S3150802F1F020F0010043F40073024043F00203019534
S3150802F2000095F0F78FFC94F824309A0713D5D4F8B2
S3150802F2105C319B050FD54FF48811204600F0E5FABC
S3150802F22094F82430024665F3410384F824302046D4
S3150802F2300B46EBF771F8002003B0F0BD30B4D0F8F6
S3150802F240A0300A4023EA01031343C0F8A03030BCB9
S3150802F250EBF79CBF0520EDF721BF08B5D0F8F030D3
S3150802F2604BB11A68022A06D993F825204AB1186AB8
S3150802F270B0FBF2F008BD40F68C324C210020EAF7CA
S3150802F280E5FD0020F6E7D0F8F02008B57AB1136854
S3150802F290022B0CD9536A13F47F4FC3F3072106D006
S3150802F2A0126ADBB253438B42B3FBF1F006D200205B
S3150802F2B040F6AB324C21EAF7C9FD002008BD0346E9
S3150802F2C0B3F83E2108468A4203D0A3F83E11EDF769
S3150802F2D083B9002070474FF48071F0F7B3BF10B5B9
S3150802F2E00023EBF7DBF9044608B9EFF7B5FC20462D
S3150802F2F010BD38B51D4600230446EBF7CFF928B9E9
S3150802F30029462046BDE83840EFF790BD38BDD0F80B
S3150802F310F00040B10368122B04D9006D202828BFDB
S3150802F320202070470020704738B54FF03A4305460B
S3150802F330DC6A808AC4F30C04A04234BF0020012090
S3150802F34041F2D0420821EAF781FDA88A001B80B261
S3150802F35038BD2DE9F041884618F0030706461546DA
S3150802F360194633D1B2F5805F30D89A422ED33F2A56
S3150802F3702AD9B2FA82F40122C4F11F03DBB29A40F7
S3150802F38092B2AA422CBFC4F11904C4F11A04E2B219
S3150802F3900120931DDBB2984080B2A84214BF012017
S3150802F3A0002002D096F8013193B996F8253060F319
S3150802F3B0000386F825304046ECF7D2FDC6F82080D1
S3150802F3C0B5823846BDE8F0813A46E1E72127F8E7F3
S3150802F3D00E27F6E7F8B511F0030607460D4614465A
S3150802F3E021D102B313883F2B1DD9B3FA83F3C3F194
S3150802F3F01901C9B2062901D8192B12D0062928BF24
S3150802F400062101238A1DD2B293402846238000F0A2
S3150802F4101EF923883846FD617B82ECF7B3FE304637
S3150802F420F8BD3146EDE72126F9E738B5148811F01B
S3150802F43003054FEAC4041ED13F2C1CD9B4FA84F43E
S3150802F440C4F11903DBB2052B01D8192C11D0052BEF
S3150802F45028BF052301240633DBB204FA03F3C3F3F8
S3150802F460CF041480816104828387ECF78BFE2846D9
S3150802F47038BD2B46EEE72125F9E770B50E46102171
S3150802F4800546F0F7DFFE0446102128463201F0F75A
S3150802F490C5FEF0F7E1FE204670BD1021F0F7D2BE98
S3150802F4A0F8B504460E46174601F0F3FE3A460546F7
S3150802F4B031462046EEF710FC0446284601F0E4FEE3
S3150802F4C02046F8BD0520704703207047EDF7DEBDDC
S3150802F4D008B190F9260070470020704708B50B4618
S3150802F4E0062200F59E711846F5F7D7F8002008BDE2
S3150802F4F00429F8B505460C460AD10026F7B238465D
S3150802F500EDF7D0F808B13C4602E00136042EF5D1F3
S3150802F5102046EDF7C7F858B195F83C31A34209D011
S3150802F52085F83C4105F59E70BDE8F840EDF75AB8F6
S3150802F5302120F8BD0020FCE70022EBF745BFA0F822
S3150802F5404C30BDF90030C0F89410A0F84A20A0F853
S3150802F5504E3000207047ECF7D3B810B5144608466B
S3150802F5600121EEF711F92046BDE810400121EEF718
S3150802F5700BB98021F0F766BE10B50446EBF73CFDE1
S3150802F58001462046BDE81040EBF73CBD70B504467F
S3150802F5900D461646EBF728FD032813D1A5B1B31E6F
S3150802F5A0022B94BF4FF4BC7328232946C4F80831AA
S3150802F5B0204684F82760FFF793FC2046ECF796FA74
S3150802F5C0002070BD0220FCE72120FAE7ECF752BBC7
S3150802F5D010B5EEF74BFE04460021ECF773FCECF788
S3150802F5E05BFC204610BD2DE9F74F01251C469DF808
S3150802F5F03030064601930368174603F007030633BD
S3150802F6009D4005F1FF380B46A1B1416804EA080B93
S3150802F610A5EB0B0A41F00059524509EB0B0114D927
S3150802F62052461846F5F739F849467A1B5A44504461
S3150802F630F5F733F8019B2BB13C4448EA050804EA7E
S3150802F6400804F46003B0BDE8F08F1846F0E74FF0FF
S3150802F6503A4301225A6741F6FF72D96418651A6756
S3150802F660704737B5002514460095FFF7BCFF2046BC
S3150802F67003B030BDECF74CB9002070470020704744
S3150802F680704700F0FD00003818BF01204042C0B2A2
S3150802F69070470A4690F89410A02901D8EBF71EBEC7
S3150802F6A02120704708B5EDF743FDBDE80840EDF7A0
S3150802F6B067BD38B50446FFF7F5FF0546FFF7F2FFC3
S3150802F6C0431BA342FAD338BD38B50D460446EDF7B7
S3150802F6D02FFD35B1844200D90139204601F00301D4
S3150802F6E038BD844238BF0131F7E708B5EDF738FD72
S3150802F6F0BDE80840EDF744BD08B50121FFF7E4FF70
S3150802F700BDE80840EDF73CBD08B521B19200F4F713
S3150802F710C4FF002008BD2120FCE70B0C23F480530C
S3150802F720B3F5284FF7B50D468FB2064699B217D0EC
S3150802F7304AF60103994215D04AF60203994213D0B2
S3150802F740B1F5204F14BF04240324D6F8EC300BB1CC
S3150802F750196859B9D6F8E83093B9286803B0F0BDE4
S3150802F7600024F2E70124F0E70224EEE723463A46AC
S3150802F7706846EDF791FD019B002BEBD10098EDE76A
S3150802F78019680029E9D023463A466846EDF784FD0A
S3150802F790019B002BE1D1F1E702044FEA901309D449
S3150802F7A0C3F30903A3F1C8006FF4FF739842B8BF05
S3150802F7B0184607E06FEA83536FEA935313F5007FFF
S3150802F7C018B2EFD170470E2070477047EFF74ABC60
S3150802F7D0EFF748BCEFF746BCEFF744BC08B5084656
S3150802F7E0F0F77AF808BDEFF73DBC38B505460C4682
S3150802F7F001F04FFDD5F89C301C40D5F898302343CC
S3150802F800C5F8983001F040FD211E18BF01210020DD
S3150802F810490238BD0020704770477047704710B5D7
S3150802F820044600F03800F1F78DF878B1D0E90123E3
S3150802F8304178C4F3074411F0010F18BF1346043B7D
S3150802F84053F8040F10B10278A242F9D110BD052B64
S3150802F85007D920F47F4020F0C70040F400701060FA
S3150802F860918070470368186800F0A8B838B505464D
S3150802F870F1F71EF804462846FFF7F4FF204638BD7E
S3150802F880F0F762BF10B500F1080454F8083C0BB94A
S3150802F890184605E054F8040C984708340028F4D0B2
S3150802F8A010BDF8B50446C0B100F10C073846DAF7C0
S3150802F8B09DFE0023666856F823207AB906EB83056F
S3150802F8C0B5420DD1236993B93846F5F7C9F800232D
S3150802F8D06380637823F007036370F8BD0133EAE7B0
S3150802F8E055F8043DDB68002BEAD09847E8E7DD685F
S3150802F8F0002DE9D0043D55F8043F002BE4D0984783
S3150802F900F9E738B5054660B1046944B1206850B1D3
S3150802F910FFF7B8FF044610B12846FFF7C2FF204694
S3150802F92038BD2224FBE70446F9E770B5054628B335
S3150802F930437823F0060343F001034370036953B186
S3150802F940586840B1FFF79EFF044620B12846FFF7E4
S3150802F950A8FF204670BD6E68043E56F8044F2CB9BF
S3150802F960202005F10C01DAF72FFEF2E7A368002B37
S3150802F970F3D0984704460028EFD0E7E72224E8E7C1
S3150802F98010B1407800F00100704730B1407800F0BD
S3150802F9900700B0FA80F0400970470120704707B5A2
S3150802F9A001A9FFF76DFF03B05DF804FB08B500F087
S3150802F9B025FA002814BF1420002008BD7047430802
S3150802F9C003F05533C01A00F03333800800F03330A1
S3150802F9D018444FF0013300EB101000F00F30584373
S3150802F9E0000E704710B5044688B1836A016A7BB176
S3150802F9F080689847002394F8240023620C286360E1
S3150802FA0005D82146DAF7A8FF0D2384F8243010BD5D
S3150802FA100029EFD08368002BECDB0846F5F7D4FB08
S3150802FA20E8E7002307B51A46019101A9F1F738F963
S3150802FA3003B05DF804FB002330B587B004939DF844
S3150802FA403430DDE90A4503930C9BCDE90045029360
S3150802FA50F1F79CF807B030BD052330B585B003939E
S3150802FA600A9BDDE908450293CDE90045FFF7E3FF66
S3150802FA7005B030BD30B500230024002585B0CDE998
S3150802FA8000450293FFF7E8FF05B030BD03680B6037
S3150802FA90016070472DE9F0410E46174600240546D7
S3150802FAA0006808B9BDE8F081D0E90083B3420BD1FA
S3150802FAB08368BB4208D154B9C5F80080C368DB071E
S3150802FAC001D5F5F781FB204604464046E9E7C4F826
S3150802FAD00080F3E7002370B51A46194605460468FE
S3150802FAE0F1F7DEF80CB92C6070BDE3682668DB070F
S3150802FAF002D52046F5F768FB3446F3E72DE9F843C5
S3150802FB000E461746054610B90020BDE8F883046874
S3150802FB10002CF9D0D4E900893B4632462946A0682A
S3150802FB20C8470028F1D14446F2E73020704710B49E
S3150802FB30044693790846C3F3C00383F0010323708E
S3150802FB4011465DF8044B0622FAF7ADBDF7B51F4616
S3150802FB5000230D4601A916460193E2F7DDFC044689
S3150802FB6048B93B46324629460198E2F71FFD044644
S3150802FB700198FAF7E9FC204603B0F0BD38B50B4602
S3150802FB801546024629461846E2F7EAFC044618B123
S3150802FB9010212846FAF791FD204638BD2DE9F04195
S3150802FBA09046002286B00E4601A91D460C9F019278
S3150802FBB0E2F77AFC044648BB08F1FF320DF1080861
S3150802FBC04046731E0F3613F8011F12F8014FB3424F
S3150802FBD081EA040100F8011BF5D102A90846019A37
S3150802FBE0E2F7BEFC044688B96B1E0F3598F800206A
S3150802FBF013F8011F4A40AB4208F8012BF6D13946E1
S3150802FC00019A02A8E2F7ACFC044618B1102138465C
S3150802FC10FAF753FD0198FAF797FC02A81021FAF7AA
S3150802FC204CFD204606B0BDE8F08170B50C46064686
S3150802FC3051681068002286B01D4602AB03C32068CD
S3150802FC406168019203C3304601A9E2F72DFC044616
S3150802FC5040B92946019A02A8E2F782FC04460198AD
S3150802FC60FAF772FC102102A8FAF727FD1CB1102137
S3150802FC702846FAF722FD204606B070BDF0B50E46B4
S3150802FC8014461D4693B001462022189F01A8FAF78A
S3150802FC900AFD2022314609A8FAF705FD20463B4609
S3150802FCA0412201A98DF84450FFF750FF044618B1C6
S3150802FCB010213846FAF701FD204613B0F0BDF0B51B
S3150802FCC016461D46044693B0102201A81D9FFAF750
S3150802FCD0EAFC1022314605A8FAF7E5FC1022294665
S3150802FCE009A8FAF7E0FC9DF860301B9A8DF83430C3
S3150802FCF09DF864300EA98DF835309DF868300DF1FF
S3150802FD0037008DF83630FFF712FF1C9A0DF13F01C6
S3150802FD100DF13E00FFF70BFF204601A93B464122A3
S3150802FD20FFF714FF0446412101A8FAF7C6FC1CB1E5
S3150802FD3010213846FAF7C1FC204613B0F0BDF0B5DB
S3150802FD400E461D46144699B00146202204A81E9F57
S3150802FD50FAF7A9FC202231460CA8FAF7A4FC1022CD
S3150802FD60294614A8FAF79FFC6B465022204604A996
S3150802FD70FFF7ECFE18B100233B6019B0F0BD009BFB
S3150802FD803B60FAE72DE9F0410D46804688B000212E
S3150802FD9014460DF103000D22F4F777FC2A88AB7896
S3150802FDA004AE6946ADF80020404632468DF8023068
S3150802FDB0FFF7E4FE054610216846FAF77EFC35B1E0
S3150802FDC000232380A370284608B0BDE8F081BDF859
S3150802FDD01020B378102130462280A370FAF76DFC02
S3150802FDE0F1E70020704783791A0705D413F0100F3C
S3150802FDF00CBFFF200120704700207047034B58684C
S3150802FE00C0F30800003818BF0120704700ED00E073
S3150802FE10014B1868704700BFC47D06200A4B1B6F4A
S3150802FE2003F00703013B032B03D8DFE803F00A03B9
S3150802FE300608FEE7054B18687047054BFBE70548B9
S3150802FE4070470548704700BF00800050C47D0620F1
S3150802FE50CC7D062080D54302002D310108B5FFF777
S3150802FE60DDFF054B1B6FC3F303330133B0FBF3F01E
S3150802FE70024B186008BD00BF00800050C07D0620F6
S3150802FE800048704700B4C40400487047002D310189
S3150802FE90014B1868704700BFCC7D062000487047A2
S3150802FEA080D543024FF400221B4B5A664FF0B442E8
S3150802FEB09368C3F304430C2B0AD8DFE803F00B0755
S3150802FEC009092709191B1D1F2123250013487047F5
S3150802FED000207047936803F04073B3F1807F17D010
S3150802FEE0B3F1007F16D0002B0D4818BF00207047CB
S3150802FEF00C4870470C4870470C4870470C487047C6
S3150802FF000C4870470C4870470C4870470C487047B5
S3150802FF100C4870470C48704700900050404B4C0004
S3150802FF2000093D00405DC6000024F400C0EA210134
S3150802FF30002D310180BA8C010048E801005A62029C
S3150802FF408096980080841E0040420F00014B186874
S3150802FF50704700BFC87D06200122437801789A407F
S3150802FF6030235943014B5A50704700BF40D00350C3
S3150802FF70034B5A68D20702D5DA69002AF9D17047C3
S3150802FF8000C00A5030B9044B5A68D20702D59A6D96
S3150802FF90002AF9D1704700BF00C00A5008B9014BC0
S3150802FFA05964704700D00A5008B9014B5964704722
S3150802FFB000E00A5008B9014B1964704700E00A507C
S3150802FFC010B9024B186C70470020704700C00A50DF
S3150802FFD010B5FFF7D7FF40B911B9054BD86C10BD5C
S3150802FFE00129FCD1024B186DF9E70020F7E700BF9B
S3150802FFF000C00A5038B51446FFF7C4FF10B911B944
S31508030000034BDC6438BD012904BF014B1C65F9E7C2
S3150803001000C00A5008B5FFF7B5FF10B9024B586D73
S3150803002008BD0020FCE700BF00C00A504FF48062F9
S31508030030034B9A66BFF34F8FBFF36F8F002070474A
S3150803004000900050014608B5A8B1FFF7EFFF084630
S3150803005001F017FA4FF098435A6CD202FCD54FF4C5
S315080300608062586D054B10F470209A6604D0BDE87B
S31508030070084001F0C3B9212008BD00BF00A0005005
S3150803008030B5154B87B00293144B0390049346F689
S3150803009011030D46059300F06FF91428044616D18B
S315080300A0684601F0AAFA4FF0A843032202A95A6345
S315080300B019601D619A63DA6B9207FCD1142C02D17D
S315080300C0684601F0A8FA00F08BF9044601E0002817
S315080300D0E9D0204607B030BD98160020040000205A
S315080300E02DE9F04FB1B005468C46E9466F4F3B9E66
S315080300F0DDF8F8E0409C07F1100AC84638687968C5
S315080301000837A8E803005745C146F6D10EEB02089F
S31508030110C8F1000909F00F09002E00F0AD807742F7
S3150803012007F00F070121DDF8FCB0C4F1100ACDF87A
S3150803013010B0059144F0005106914FEA0A2101F4E3
S31508030140F85141F02101079106B96B460893002D32
S3150803015040F09480002C00F0918004AB0993002EA4
S3150803016000F08E8046F000530A93002D40F08B80F2
S31508030170002C0CBF2123012343EA07230B9308A86A
S3150803018042F00053CDF830C03D990D900E934FEAD7
S31508030190092343F041030F931091002A75D00CA944
S315080301A011910021002A18BF412341EA0E01129139
S315080301B013933C9B3E4A149310AB15933D4B002176
S315080301C0169340F6110317933B4B002D18BF13469E
S315080301D0189314AB1993394B10221A9311231B93B3
S315080301E01CAB1846F4F751FA01221D924AF08042D5
S315080301F01E9200220346239205B9EB46102C08BF2C
S3150803020001230DF1900A102200215046CDF880B043
S3150803021021932294F4F739FA002C3AD020AB002123
S3150803022025938F4218BF534647F0804226923A9A3F
S315080302302CA828922993B2FA82F35B0946EA8373B8
S3150803024010222B912A93F4F720FA26B328ABC84435
S315080302502D932CA948F0804318A82E93FFF710FF77
S3150803026038B935B903460246A34216D1002A18BF40
S315080302702C2031B0BDE8F08F102753E701236DE733
S3150803028047F0005370E7212376E74FF000511190AA
S3150803029088E70123C3E75346D9E703F1C001694455
S315080302A011F8C01C01330A43DEE700BFBB1D030870
S315080302B0401F0308100000203C1F03080400002009
S315080302C0F0B5C0299FB0249E4FD0B1F5807F04D0E6
S315080302D0802941D029201FB0F0BD40F2144440F2D2
S315080302E03445002E18BF2C462127102501940124D6
S315080302F00296039404950597259F069706B102ACC3
S3150803030007940124089509940A9221220B940C95C3
S315080303100D92174A0AAC0E92164A0F94109242F699
S3150803032011021192129313941495159201AA169217
S31508030330CBB112AB1793042318931123199316AB56
S315080303401A901B9340F61103C9081C911AA806A90B
S315080303501D93FFF795FEBEE7002E0CBF4FF482648C
S315080303604FF48664C0E70EABE4E70F20B3E700BF9C
S31508030370381F03081000001038B5164B5A6E42F0A2
S3150803038004025A66D3F8802242F00102C3F8802297
S31508030390114B5B68C3F3080343B14FF0A842D36B11
S315080303A013F0430FFBD11424204638BD4FF0A8435E
S315080303B0DC6B14F04304FBD1084D2B681BB90421ED
S315080303C02846F1F7B6FA2B68013343F000432B604E
S315080303D0EAE700BF0080005000ED00E09816002011
S315080303E0014B00205B68704700ED00E0E0B102684E
S315080303F012F4E07FC2F382130FD0012B0FD0022B26
S3150803040012D10A4B69B103F58053012102F03F0269
S3150803041001FA02F200201A607047054BF2E7054B12
S31508030420F0E703F50053F0E70E2070476C800050A1
S31508030430648000506880005060B159B1074B1A6850
S3150803044052B1074B1B7803705269002052F82330C8
S315080304500B6070472120704702207047C41600209E
S31508030460AF78062070B506460D4600F01BFF044616
S315080304700E4B1B68183B13F1180F04D12046BDE831
S31508030480704000F00ABF1A681268B24201D09B692D
S31508030490F0E7074A13601B69064A53F825301570B7
S315080304A003B198470022024B1A60E7E7CC160020EF
S315080304B0C4160020AF780620014B53F82000704776
S315080304C0D01600200022024B43F82020704700BFB5
S315080304D0D01600200346064802689A4203D84168A4
S315080304E00A44934202D3406A0028F5D1704700BFF5
S315080304F0281700200229F8B596BF104B00245C5C28
S31508030500012805460E4608D0022809D008B944F042
S3150803051002040B4B1F6837B9F8BD44F00804F8E723
S3150803052044F02004F5E77B681A68144203D0314681
S3150803053028465B6898473F68EDE700BF282103080C
S315080305405C17002038B5104D2B78ABB10F4C2378C8
S315080305501BB100F08BFA00232370002000F0AEFADB
S315080305600B4C50B100F0B4FA0023012120782B700C
S31508030570FFF7C0FF0123237038BD0122054B1A700C
S315080305802278054B1A70F7E7BA780620B87806205A
S31508030590C0780620BB780620BC7806200E490B785F
S315080305A0FF2B01D198B170470BB990B97047002852
S315080305B014BF0122FF2213440B7060B1074B1B784B
S315080305C0012B08D9064B1B782BB9FFF7BBBF1A4675
S315080305D0F1E70122EFE77047BF780620C0780620C7
S315080305E0BB78062010B500F054FE064B04461B786C
S315080305F01BB1BDE8104000F047BEFFF7A3FF204636
S31508030600F7E700BFB778062002282DE9F04147D05F
S3150803061029480378FF2B41D1002941D11A461344AF
S31508030620DBB2037000293BD0244E3278012A37D92E
S31508030630002B3ED000F02DFE214F04463B780BB32A
S31508030640204D2B781BB901222A701F4A1370DFF835
S315080306507C8098F8003023B100F008FA002388F864
S315080306600030204600F010FE012000F027FA00F0C3
S3150803067010FE2B7804461BB100F02AFA00232B70D0
S3150803068000233B70204600F0FFFD01243078A0428A
S3150803069006D02146FFF72EFF347001E013B931B9AE
S315080306A0BDE8F081002914BF0122FF22B7E7012222
S315080306B0B5E70224EAE700BFBF780620C07806201C
S315080306C0BA780620B7780620BB780620B8780620BD
S315080306D02DE9FF47EFF3108572B6AFF3008001F0FB
S315080306E0AEF9002800F0A4806B4E6C4F337823B123
S315080306F00020FFF753FF00233370387878B903A92E
S3150803070000F08EFB044650B9654B039A1B689A4260
S3150803071000F296800120FFF741FF012333703B78EF
S31508030720002B40F0AB805F4B1B78002B00F0A380B7
S315080307304FF002085C4CDFF890912078DFF88CA123
S3150803074040450AD0002389F800309AF8003013B9D7
S315080307504146FFF7CFFE84F8008099F800303BB195
S315080307602378022B04D1002389F8003001F08FF98E
S31508030770B8F1020F0FD1DFF82C8198F8003053B97E
S315080307804A4B1B7823B900F06BF90122484B1A70C0
S31508030790012388F80030207800F016F99AF800301B
S315080307A013B1444B1B782370AFF30080284601F03E
S315080307B099F8EFF3108572B63F4B1A7852B10022B7
S315080307C01A703C4B20781B78984203D1012121707B
S315080307D0FFF790FE394800F0DDFA01F039F9804653
S315080307E0002883D12F4F89F800003B789BB1DFF8A7
S315080307F0C0908AF8000099F800301BB100F036F96A
S3150803080089F80080002000F059F9002839D000F053
S315080308105FF900233B70337823B10020FFF7BEFE50
S315080308200023337000212078FFF764FE002323702A
S31508030830AFF30080284604B0BDE8F04701F052B88C
S315080308401F4BD3F8008000F0AFF8039B804498450C
S31508030850BFF460AF00F080F98200039942F0020208
S3150803086092B2CDE900422346164AA1EB0801134882
S3150803087001F03DF853E700F0DDF859E74FF00108BA
S3150803088058E7012000F0A0F8284601F02BF8EFF30B
S31508030890108572B6B6E700BFB9780620BF7806207A
S315080308A064170020BA780620C0780620BE7806208A
S315080308B0B8780620BC780620B57806206817002085
S315080308C060170020E5050308BD780620BB780620D7
S315080308D010B500F0DEFC0022054B1C781A7000F0F8
S315080308E0D3FC00F071FBE4B22043C0B210BD00BFD5
S315080308F0B678062038B500F0CCFC094B05461B78BC
S31508030900012B04D800F0C0FC0024204638BD054B53
S315080309101C6800F049F80444284600F0B5FCF4E7DF
S31508030920C078062060170020194B1A491A6F10B5AC
S3150803093002F007020A60196F174801F4744101604F
S315080309401649174C8969032A01F00200C1F34001CD
S3150803095021701AD0D3F8202102F00702022A14D0F4
S31508030960D3F8283103F007039C1E634263410D4AFB
S31508030970137048B143B9064BD3F8003103F00303A8
S31508030980591E4B424B41137010BD0123EFE700BFBD
S3150803099000800050941700209017002000C00150D3
S315080309A0C4780620C578062008B5054B187818B10B
S315080309B0D7F7B2FC00EBD000024B1B68184408BDFE
S315080309C0C57806208C170020012808B502D002280E
S315080309D01ED008BD134A137823B113490B6F43F48A
S315080309E074430B6711490B6923F004030B61BFF3C7
S315080309F04F8FBFF36F8F30BF1378002BE9D00A4AA6
S31508030A000B49136F096823F474430B431367E0E731
S31508030A100020D4F733FA054A136923F00403136154
S31508030A20D7E700BFB97806200080005000ED00E044
S31508030A3090170020074A0849D2F8203103F0070324
S31508030A400B60D2F82831054A03F007031360F2F75F
S31508030A504DB900BF00800050A01700209C17002046
S31508030A600122014B1A707047C37806200F4B10B545
S31508030A701B7883B10E4C2378A3B90E4B9A6DD10319
S31508030A8002D5DA6D920702D49B6DDB0704D54FF4C2
S31508030A908032094B9A6210BDD7F7CAFB4FF48032EE
S31508030AA0054B9A6200232370F5E700BFC578062035
S31508030AB0C27806200040005A0050005A034B1B78A0
S31508030AC00BB1D7F759BC0120704700BFC57806207C
S31508030AD008B5F2F70CF9174B1B7833B10122164BFD
S31508030AE05A60164A9369DB07FCD5154B15491A6FE5
S31508030AF0096822F007020A431A671349D3F8202123
S31508030B00096822F007020A43C3F820210F49D3F8DC
S31508030B102821096822F007020A43C3F828210C4B47
S31508030B201B781BB14FF480320A4B9A62BDE8084022
S31508030B30FFF794B9C478062000D0015000C00150CD
S31508030B400080005094170020A01700209C1700204F
S31508030B50C57806200060005A014B1878704700BF15
S31508030B60C578062008B5164B1A7822B300221A70E0
S31508030B70144B1A6F22F0070242F001021A67D3F8E0
S31508030B80202122F0070242F00302C3F82021D3F8FA
S31508030B90282122F0070242F00302C3F828210A4B50
S31508030BA01B7833B10122094B5A60094A53689B07DC
S31508030BB0FCD4FFF753F90122064B5A6708BD00BF59
S31508030BC0C378062000800050C478062000E0015050
S31508030BD000C001500060005A0D490B68A0B10022FD
S31508030BE0A3B1834203D1836822B90B6003E01A4693
S31508030BF09B68F5E7936083680BB9002070475A69C9
S31508030C0041690A445A61F8E722207047022070476F
S31508030C10AC17002010B500F097FA0A4C0A4B19686E
S31508030C202368C31A09B9206010BD002BFBD04A6993
S31508030C309A423ABF9B1A0022D21A4A6128BF002356
S31508030C408968EFE7A8170020AC17002038B5154DBB
S31508030C502B682BB35B69A3B1134A022014681C449F
S31508030C6000F0B1FE204600F0ADFA00230F492A68CA
S31508030C700B7022B1D08880070AD501230B70002098
S31508030C8038BD022000F09FFE022000F0E5FAECE7EB
S31508030C909268002AF3D050690344012BEAD9EEE798
S31508030CA02220EDE7AC170020A8170020C7780620F6
S31508030CB0C38870B504460D463BB9FFF71BFE85424C
S31508030CC0064602D2F3F7DAFB35460E4A6561136820
S31508030CD083B91460A3600CE02D1A986819466561F8
S31508030CE0034618B15869A842F6D929B18C60A3609E
S31508030CF023B970BD0021F5E71460A3605A69521B36
S31508030D005A61F6E7AC170020F8B516469DF81C207D
S31508030D10BDF820700271069A0446026000220D4649
S31508030D20C0E903368260C780B6B900F00DFA2844D5
S31508030D30A0613DB9E368656113B120462168984708
S31508030D4016B33546062F0BD10822104B28469A624E
S31508030D50BDE8F84000F000BA00F0F6F93044E7E7DA
S31508030D6000F097FA0646FFF755FF29462046FFF790
S31508030D709FFF074B1B689C4201D1FFF767FF30466D
S31508030D80BDE8F84000F080BAF8BD00BF0050005A2D
S31508030D90AC170020F8B50446F8B1C388062B01D171
S31508030DA000F062FA00F075FA0646FFF733FF0C4BBC
S31508030DB020461F68FFF710FF054620B1304600F0AE
S31508030DC063FA2846F8BDA742F8D1FFF73FFF222862
S31508030DD0F4D1022000F02EFAF0E72225F1E700BF4E
S31508030DE0AC17002038B50C460546A8B1A1B10023B7
S31508030DF00B7000F057FA0121084B1B6833B900F052
S31508030E004CFA002038BDAB4204D121702278002A5F
S31508030E10F9D0F4E79B68F1E72220F3E7AC17002043
S31508030E20F8B506460F4600F03DFA00250446124B70
S31508030E301B6823B9204600F030FA1B2011E05A69D3
S31508030E401544DA88B2420DD100F07EF90B4E3368A9
S31508030E50C01AA8420AD3002320463B6000F01DFAB5
S31508030E600020F8BDFF2EEFD09B68E2E700F06CF98F
S31508030E7033682B441B1AEFE7AC170020A81700208A
S31508030E8070B500F00FFA064600F05EF9084B044603
S31508030E9001201D6800F081FD18B100F055F90446DC
S31508030EA00135304600F0F9F92046294670BD00BFE2
S31508030EB0B4170020014B1868704700BFB01700200D
S31508030EC038B50021044640F2E730054B4FF47A72F1
S31508030ED01D680023E4FB0501D9F792F838BD00BF66
S31508030EE0B01700200B4B70B51B68044683420D46AA
S31508030EF00ED340F2E7300021074B4FF47A721E688F
S31508030F000023E4FB0601D9F77BF82860002070BDAF
S31508030F102120FCE7A4170020B01700200F4B10B5BB
S31508030F201A689AB14FF47A71531E1342A0FB010152
S31508030F300ED1B2FA82F2C2F11F04531CD243E04027
S31508030F4001FA03F3184321FA02F20243104610BDCD
S31508030F500023D9F755F80246F8E700BFB017002073
S31508030F6038B5164B14468342154B8B4123D3154B81
S31508030F701A6802B34FF47A75A0FB050305FB013122
S31508030F80531E134211D1B2FA82F3C3F11F055A1C39
S31508030F90DB4301FA02F2E84021FA03F3104318434C
S31508030FA0E940C4E90001002038BD0023D9F728F831
S31508030FB0C4E90001F7E72120F6E700BFEFA7C64B10
S31508030FC037894100B017002010B500F06BF9034BC1
S31508030FD01C7800F062F9E4B2204610BDC6780620F4
S31508030FE008B5084B1B7803F0FF004BB100F0C5FCAE
S31508030FF0054B1B689B69C01A02288CBF0020012079
S3150803100008BD00BFC7780620AC170020014B18702F
S31508031010704700BFC6780620C2072DE9F843044681
S3150803102007D5464A136801331360FFF7F3FDFFF745
S315080310300DFEA3077FD500F035F94FF000080546E6
S315080310404646FFF7E7FD3E4F3C680CB16369A3B11B
S3150803105000223C4B012E1A7003D118F0020F18BF59
S315080310601E70FFF7F3FD222802D1022000F0E2F8F2
S315080310702846BDE8F84300F010B923465A693AB939
S315080310801A792179914288BF1C469B68002BF5D1B2
S31508031090284600F002F92569002D38D000F054F8E7
S315080310A0A269A0EB02084FEAE873A84573F10003A7
S315080310B02EDB23691344A36101232269CAB1C3B989
S315080310C0A38BB5EB080533B1E28B13449BB2B3F597
S315080310D07A7F28D2E38300F0E5F88046294620463E
S315080310E0FFF7E6FDA369226940461344A36100F0AE
S315080310F0D4F8E36813B1204621689847B4F8068004
S3150803110000F0D0F801360546FFF784FD9CE7A846AC
S3150803111000F0C8F881462046FFF75EFD484600F012
S31508031120BCF80023C9E7A3F57A73E383A369013DF2
S31508031130013BA361CFE7BDE8F88300BFB4170020DE
S31508031140AC170020C678062008B5FEF711FF014B39
S31508031150986908BD00C00A5038B5044600F099F8E6
S315080311600546FEF705FF0E4B022C9A694FF001015F
S315080311708CBF12190332B2F1FF3F38BF013A002080
S31508031180FEF738FF284600F07FF8064B1A7832B187
S315080311900221054A91640421916400221A7038BD1C
S315080311A000C00A50BF7F062000D00A5007B5044B7B
S315080311B001A9187900F05BFA019803B05DF804FBFE
S315080311C054200308F8B5044600F063F80746FEF70B
S315080311D0CFFE154B9D6900F0F2FB06460020FEF78D
S315080311E0EFFE830704D4731B032B01D8AE420FD13A
S315080311F00021631B022B98BFEC1C0846B4F1FF3F82
S315080312002CBF2246621EFEF7F5FE022000F0DBFB2A
S31508031210384600F039F8054B1A7822B10121044AF9
S31508031220916400221A70F8BD00C00A50C07F0620D8
S3150803123000D00A50830700F0010106D50123044AAA
S3150803124041F002011370034A93640020FEF7ACBE13
S31508031250C07F062000E00A50830742BF0222014BE3
S315080312601A64704700D00A50054B1A7832B902211E
S31508031270044A91640421916401221A70704700BFDD
S31508031280BF7F062000E00A5010B962B6BFF36F8F1E
S315080312907047EFF3108072B6704780F31188BFF377
S315080312A06F8F7047EFF31180302383F311887047EC
S315080312B04FF4004070474FF47A707047436BCB4046
S315080312C0DB070CD4302303FB0100036FD06823F03C
S315080312D0030320F00300C31A5842584170470020FD
S315080312E0704708B50A460178406800F075F800208B
S315080312F008BD70B5846806460D4624B1097C89077E
S3150803130001D5C168A0472C7B2B7C14F002041CBFB3
S31508031310EC6824F00304DB0703D529463046FFF7B8
S31508031320E0FF204670BD2DE9F0410446436890F876
S3150803133000801F68056995B12A4641463846FFF776
S31508031340BDFF38B9002329461A462046FFF7D1FFC1
S315080313500546F0E7384600F042F80028F2D1404641
S3150803136000F0F5F9F8B92561A5B1BDE8F081711B5F
S315080313704A424A41012331462046FFF7BAFF064649
S31508031380002EF4D1302303FB087340461E6700F092
S31508031390E0F92661012307F5805703FA08F3BB62D0
S315080313A000236375E1E72E46EAE713B501A90DF1B4
S315080313B00300FFF741F80198037D1BB9FFF7B3FF55
S315080313C002B010BD012BFBD18468002CF8D0002392
S315080313D0C1681A46A047F3E7104600F081BA38B544
S315080313E005460C46FFF75EFF6D6BFFF756FF0120B8
S315080313F0A0402840003818BF012038BDB0F5802F1B
S3150803140024D010D8B0F5003F22D006D828B3B0F5BB
S31508031410803F14BF012048207047B0F5403F14BFF2
S3150803142001202C207047B0F5302F13D008D8B0F51B
S31508031430E02F11D0B0F5202F14BF012010207047DC
S31508031440B0F57F0F14BF0120062070474B20704765
S315080314502A207047112070472120704708B528B104
S3150803146028220021F3F711F9002008BD2120FCE703
S31508031470036A042B9FBF00EB83020133D160036227
S315080314807047036A052B14D84FF09842116CC902AA
S31508031490FCD504339B0013650168103B1160416852
S315080314A0116050F8081F11604FF0984203449842A0
S315080314B000D1704750F8041F1160F8E7836882B0BB
S315080314C013B9816002B0704783680193019B5B6817
S315080314D0012B019B01D15960F4E75B68F5E7F0B589
S315080314E0154649228FB0149C8DF8242004F10C0666
S315080314F00DF1250254F8047BB44242F8047BF9D172
S31508031500247814704FF48074ADF834409DF8544031
S3150803151000228DF8364004240694169CCDE900155E
S3150803152005941324049409ACCDE902340B461146F9
S315080315308DF832208DF83350FEF7D2FD0FB0F0BD8B
S3150803154030B5C02A93B02FD0B2F5807F29D0802A30
S315080315502CD14FF4807480F0010020430190169833
S3150803156001250290102421200395049405900693DF
S3150803157001AB0795089409900A9306AB0B930423CA
S315080315800C9311230D930AAB0E910F9340F6110397
S31508031590D20802A90EA810921193FEF771FD13B093
S315080315A030BD4FF48274D6E70F20F8E72920F6E713
S315080315B008B5FEF7E1FEBDE80840FEF711BF1FB503
S315080315C0079C02949DF81840CDE9003413460A4651
S315080315D001460020FFF783FF04B010BD1FB5079C23
S315080315E002949DF81840CDE9003413460A4601468D
S315080315F00120FFF774FF04B010BD10B50446FFF7CA
S3150803160048FE4FF0A8431A6822601B696360FFF718
S315080316103BFE002010BD10B50446FFF73AFE4FF017
S31508031620A84322681A6062681A61FFF72DFE002034
S3150803163010BD10B40446084611469DF804200192CD
S31508031640A2685DF8044BFFF7BABF10B40446084610
S3150803165011469DF804200192A2685DF8044BFFF732
S31508031660BDBF8068FEF72CBE8968FFF769BF09B15D
S3150803167000F008B8222070470121FEF7B7BE002103
S31508031680FEF7B4BE70B506460D46FFF70BFE0446D5
S31508031690202E59D8DFE806F0111A581F2225582894
S315080316A02B582E58313458373A3D584058435855D5
S315080316B058465849584C584F5200FEF7AFFB002678
S315080316C028602046FFF7E9FD304670BD4FF4C07029
S315080316D0D2F77EFBF3E74FF42070F9E74FF4407037
S315080316E0F6E74FF46070F3E74FF40070F0E74FF452
S315080316F08060EDE74FF44060EAE74FF4C060E7E740
S315080317004FF4F060E4E74FF4B060E1E74FF4D060DC
S31508031710DEE74FF41060DBE74FF4E060D8E74FF4F9
S31508031720A060D5E74FF41860D2E74FF42860CFE7F7
S315080317304FF48070CCE74FF42060C9E74FF4486054
S31508031740C6E74FF40860C3E700202126B8E7FEF78B
S31508031750B3BEFEF7B7BE2DE9F74F0D46002900F0D5
S31508031760B9800846FEF7B6FE0446D0E90578FFF7C2
S3150803177099FD15F808EC35F8061C1EF0010F0190C3
S3150803178000D031B90198FFF788FD012003B0BDE801
S31508031790F08FA668D4F810A035F8049CA6EBC1060A
S315080317A00AF10103A5F1080C4A1CA6602361B9F1E5
S315080317B0000F00F085804FEAC9031846ACEBC9034E
S315080317C093F800B00EF0020E1BF0010F69D1BEF1BB
S315080317D0000F69D1B3F80290B3F806E0AEEB090E31
S315080317E0BEF1010F6CD18A1C083E4A44C4F810A006
S315080317F0A66035F802ECBEF1000F65D0D4E90060A7
S315080318000CEBCE0A06EB0009CA455DD21CF83EC0AE
S3150803181056461CF0010C15D1AEEB0101012911D175
S31508031820BAF80210AAF802C001310A44BAF8061037
S31508031830002947D00AEBC106216901392161A1684C
S315080318400839A16015F8081C013A21F0010105F8C9
S31508031850081C002125F8061C5A801A7861F3000231
S315080318601A709EB3C3F107023244C2F3CF02DA8079
S31508031870B2806FB3BB422BD37A88002A08BF1F46B0
S31508031880B8F1000F06D0434504D8B8F80220002A59
S3150803189018BF43460198C4E90573FFF7FEFC002009
S315080318A074E7BEF1000F0BD0361AA66015F8086C5C
S315080318B04A4426F0020605F8086C00269E8098E737
S315080318C0634696E70E46B7E70026BBE7DE80D0E712
S315080318D01F46D5E7222059E701460020FFF73BBFFD
S315080318E0FFF7FABF10B962B6BFF36F8F70472DE9DA
S315080318F0FF410E46174698460546A0B10024C46123
S31508031900FFF748FABDF82C30284602939DF828308D
S315080319102246CDE9008331463B46FFF7F5F92046D3
S3150803192004B0BDE8F0812220FAE72DE9F041984694
S31508031930002386B00E46174605468DF81730C0B104
S31508031940C3610DF11701FFF74DFA9DF8174094B9D6
S31508031950BDF83430284602939DF830302246CDE947
S31508031960008331463B46FFF7CFF9204606B0BDE86C
S31508031970F0812220FAE70320F8E738B5FFF792FC4F
S315080319800546FFF7E1FB04462846FFF786FC204693
S3150803199038BD00F021B800F030B810B50446002071
S315080319A0FEF70EFB012C04D0022C05D1C0F3400030
S315080319B010BD00F00100FBE70020F9E7704700219E
S315080319C00846FEF705BB00F00101830748BF41F04F
S315080319D002010020FEF7E2BA002008B5FEF7F0FA86
S315080319E010F0080008D000200821FEF7E3FABDE846
S315080319F008400020FEF70EBB08BD04210020FEF7B1
S31508031A00D9BA38B5FFF74EFC04460020FEF7D8FAD4
S31508031A10830700F0010548BF45F0020500F00301FE
S31508031A200020FEF7C7FA2846FFF7F6FA2046BDE870
S31508031A303840FFF732BC012070470120704710B5C4
S31508031A40FDF779F90446FFF7F6FF2040C0B210BD4B
S31508031A5038B5FEF73DFF0446FDF774F9042812D09E
S31508031A60022808BF44F001040025E4B2FFF7E5FFA6
S31508031A7004280AD0022808BF44F0010485F00105AA
S31508031A8004EA050038BD0125F0E70020FAE702213C
S31508031A900120EEF79DBC00000000000000000000D6
S31508031AA0F8B500BFF8BC08BC9E467047F8B500BF3A
S31508031AB0F8BC08BC9E4670475FF800F0557B0620C5
S31508031AC05FF800F0B17A06204E0C00003C1B0308B1
S31508031AD00C1B03080000000000000000E41A0308BA
S31508031AE00000000054390308E4380308443903089E
S31508031AF0F83803081039030820390308743903082A
S31508031B00303703084C37030800000000898A0108A8
S31508031B10B41B030837A5020800000000092B0108B7
S31508031B2000000000FDEC02080000000031850108F2
S31508031B30DE1B03080000000000000000F989010805
S31508031B40B41B030879820108B41B0308153101087D
S31508031B5000000000F9EC020800000000917E01086D
S31508031B6000000000F3EC020800000000C9EC0208BC
S31508031B70DC1B030875310108000000002931010840
S31508031B80DC1B030801850108DE1B030805ED0208B3
S31508031B900000000009ED0208000000008DA70208F6
S31508031BA000000000CDA702080000000000000000A6
S31508031BB000000000000000004E0C000000000000BA
S31508031BC0483303080000000000000000040000007A
S31508031BD000000000E2FF50000001000001000400BD
S31508031BE0FB000E000FB302084FB302082FB3020817
S31508031BF085B302085D3E010893D60208013E010833
S31508031C00C3B30208113B01080D7E0108953E01087E
S31508031C104D3D0108A57E0108B1D602080000000063
S31508031C20000500080030033E043E053E073E0C3E11
S31508031C30123E133E213E293E0DFFEDFFFFFF000036
S31508031C40000000002D070008010000000000000046
S31508031C50020000000000000001000000010000006F
S31508031C600104000000000000000000000203020255
S31508031C70020100008B46020810141400101C2030C1
S31508031C80401C2000001C203040000000000000001B
S31508031C90505341004B455900672802086328020838
S31508031CA0412802080F2802089F28020871280208FB
S31508031CB0112802082C00000002020203000000009B
S31508031CC00000000001000000000000000000000002
S31508031CD001000000000000000000000001040000ED
S31508031CE0050000000000000080969800020100002D
S31508031CF000000000050000000000000040420F003D
S31508031D0005010000000000000000000000000000BC
S31508031D1003000000000400000000000000000102A8
S31508031D200200040303000000000000010302000090
S31508031D300000000001010000000003020201010384
S31508031D400000040201010303020601050402000060
S31508031D5000000300000000000000000100008041AD
S31508031D6000000042000080420000B8420000004321
S31508031D70000080430300000000000000000000008C
S31508031D800000000000070008000000000000000033
S31508031D900000000001020405000000000000000026
S31508031DA00000000000060000090A0B0000000000FE
S31508031DB000000000DC984CA0D81018FFFFFFFFFFB7
S31508031DC0FFFFFFFFFFFFFFFFFFFFFF002F76617295
S31508031DD02F6C69622F6A656E6B696E732F676974F8
S31508031DE06875622F62676170695F70726F746F637B
S31508031DF06F6C2F70726F746F636F6C2F6576656E79
S31508031E00742F7372632F736C695F62676170695F9E
S31508031E106576656E742E630062676275665F696EC2
S31508031E200062676275665F6F7574006267627566DE
S31508031E305F6E6F666C6F77006267627566006163D3
S31508031E406C006C6C5F636F6E6E656374696F6E00AE
S31508031E506C6C5F6164765F736574006C6C5F766146
S31508031E606C696461746F720062675F6D6573736131
S31508031E70676500736F66745F74696D65725F6D6518
S31508031E807373616765006C6C5F6164765F73796E03
S31508031E9063006C6C5F7363616E5F73796E6300676F
S31508031EA061705F706572696F6469635F6164760008
S31508031EB06761705F706572696F6469635F73796E72
S31508031EC063006C326361705F636F635F6368616E3F
S31508031ED06E656C006D626564746C735F636F6E74B4
S31508031EE065787400131510801A8012808000060620
S31508031EF0010203120100E69D350E480103CCDBFD02
S31508031F00F4AC1191F4EFB9A5F9E9A7832C5E2CBEBD
S31508031F1097F2D203B020008BD28915D08E1C742475
S31508031F2030ED8FC24563765C15525ABF9A32636D9C
S31508031F30EB2A65499C80DC000000000001200000B4
S31508031F4000200000FFFFFFFF00000000FFFFFFFF68
S31508031F50FFFFFFFFBCE6FAADA7179E84F3B9CAC213
S31508031F60FC63255101260000040000000000000060
S31508031F7000010000000000000B0000000C00000038
S31508031F8003000000000020200000000003000000FA
S31508031F903C3C3C000000000000000000000000007C
S31508031FA001031001010903008800000087000000EF
S31508031FB0090000001E0000001B00000016000000B8
S31508031FC001000000000000001A000000860000005F
S31508031FD0850000005700000056000000000004506A
S31508031FE001000000C41F03080000000000000000F1
S31508031FF00808000000800A5003000000A81F030811
S31508032000D4200308D0200308CC200308C8200308DB
S31508032010C420030800400A5003000000AC1F03084D
S31508032020E8200308E4200308E0200308DC2003086B
S31508032030D820030800000A5003000000B01F030855
S31508032040FC200308F8200308F4200308F0200308FB
S31508032050EC20030800C00A5013000000B41F03084D
S315080320600040045003000000C01F0308242103088E
S3150803207020210308004009500A000000CC1F03086A
S315080320800421030800210308000009500A00000080
S31508032090D01F03080C2103080821030800C00850B1
S315080320A00A000000D41F030814210308102103089B
S315080320B00000015B15000000D81F03081C21030854
S315080320C01821030803001600020016000400160070
S315080320D00100160000001600040015000300150091
S315080320E00200150001001500000015000400040095
S315080320F003000400020004000100040000000400B9
S31508032100010014000000140001001300000013006E
S31508032110010010000000100001000F0000000F006E
S31508032120010001000000010001041000202D03082E
S3150803213000000000A42103080300000000000000BB
S31508032140C0175302202D03080000000010220308BD
S315080321500300000000000000C0175302202D0308E7
S31508032160000000007C2203080300000000000000B2
S31508032170C0175302202D030800000000E8220308B5
S315080321800300000000000000C0175302202D0308B7
S3150803219000000000542303080300000000000000A9
S315080321A0C0175302C0230308809C2B8F80841E000C
S315080321B0000000002500FF7FFC7D062000000000CC
S315080321C09431030800000000C0230308809C2B8F6A
S315080321D080841E00000026002600B700FC7D06202A
S315080321E0000000009431030800000000C023030820
S315080321F0809C2B8F80841E000000270027008C00FC
S31508032200FC7D06200000000094310308000000004E
S31508032210A0250308809C2B8F80841E0000000000E5
S315080322202500FF7FFC7D0620000000009831030887
S3150803223000000000A0250308809C2B8F80841E00C5
S31508032240000026002600B700FC7D062000000000DB
S315080322509831030800000000A0250308809C2B8FF3
S3150803226080841E000000270027008C00FC7D0620C2
S3150803227000000000983103080000000080270308C7
S31508032280809C2B8F80841E00000000002500FF7FA2
S31508032290FC7D0620000000009C31030800000000B6
S315080322A080270308809C2B8F80841E00000026004D
S315080322B02600B700FC7D0620000000009C310308B9
S315080322C00000000080270308809C2B8F80841E0053
S315080322D00000270027008C00FC7D06200000000074
S315080322E09C3103080000000060290308809C2B8F9B
S315080322F080841E00000000002500FF7F047E062060
S3150803230000000000A031030800000000602903084C
S31508032310809C2B8F80841E00000026002600A000C8
S31508032320047E062000000000A03103080000000018
S3150803233060290308809C2B8F80841E0000002700D9
S315080323402700FF7F047E062000000000A031030853
S3150803235000000000402B0308809C2B8F80841E00FE
S31508032360000000002500FF7F047E06200000000011
S31508032370A431030800000000402B0308809C2B8F20
S3150803238080841E00000026002600B700047E06206F
S3150803239000000000A431030800000000402B0308D6
S315080323A0809C2B8F80841E000000270027008C004A
S315080323B0047E062000000000A43103080000000084
S315080323C0FC4F0103F02F03081040010000410000F1
S315080323D03C400100000000004840010020070003BC
S315080323E050400100000000005C4001000D0F000092
S315080323F008410100FF4C000054C00700511130008A
S315080324000E000DE62A000000080B0C0D0D00000057
S31508032410D1B60200E0040000404007010000207026
S315080324200000A01110000000000000461FC0810034
S315080324300000002000800000644005010000000041
S31508032440B904F800400800001000000091000400D9
S3150803245088400F01B7031200000000600000000067
S315080324600002050D1C2F42536269686053402E1FF4
S31508032470110A0808080807060504030302020201ED
S315080324800101010100000000000000000000000037
S315080324901C41010100302C8C38410701BC200BF08C
S315080324A049C05100055BA0408E6E82942182485232
S315080324B009084000C00D00805C410101FFDD0000F2
S315080324C0684107014CD4E83B04190D50080E141A49
S315080324D020262C32383E10325476980A1D0040B412
S315080324E0D041030100000000D000000004001200E0
S315080324F0E041130100000080E2CFDD2C7EB63A00EE
S31508032500600919005122E2004CB9510E3982A90417
S31508032510D8229B29E2CFDD2C7EB63A006009190042
S315080325205122E2004CB9510E3982A904D8229B29BB
S315080325300000000000000000440000003C3C3C3C56
S315080325404C4201010800030468420101000000002F
S3150803255038800101F1471000A0800201703803009A
S31508032560D0000000A8800111F0010000A880013105
S31508032570055AFD01AC800111F0010000AC80013160
S31508032580053EFD00EC000112E00F0000EC000132ED
S315080325900C2051118401010200000000FFFFFFFF18
S315080325A0FC4F0103443003081040010000410000BA
S315080325B03C400100100000004840010020170003BA
S315080325C050400100010400005C4001000D0F0000AB
S315080325D00841010003C0010054C00700511130002F
S315080325E00E000DE62A000000080B0C0D0D00000076
S315080325F0D1B60200800500004040070100002070A4
S315080326000000A01110000000300000461FC881001A
S31508032610002000300080000064400501000000002F
S31508032620B904F800400800001000000092000A00F0
S3150803263088400F01B7031200000000600000000085
S315080326400002050D1C2F42536269686053402E1F12
S31508032650110A08080808070605040303020202010B
S315080326600101010100000000000000000000000055
S315080326701C41010100302C8C38410701BC200AF0AB
S3150803268049C0510001000040B7563512007808507A
S3150803269009084000C00300805C41010100000000F6
S315080326A0684107014CD4E83B04190D700A10161C3F
S315080326B022282E343A4010325476980A1D6980A48B
S315080326C0D041030100000000D00000000000020012
S315080326D0E041130100000000E2CFDD2C7EB63A008C
S315080326E0600919005122E2004CB9510E3982A90436
S315080326F0D8229B29E2CFDD2C7EB63A006009190061
S315080327005122E2004CB9510E3982A904D8229B29D9
S315080327100000000000000000440000003C3C3C3C74
S315080327204C42010108000004684201010000000050
S3150803273038800101F1471000A080020170380300B8
S31508032740D0000000A8800111F0010000A880013123
S31508032750055AFD01AC800111F0010000AC8001317E
S31508032760053EFD00EC000112E00F0000EC0001320B
S315080327700C2051118401010200000000FFFFFFFF36
S31508032780FC4F010398300308104001000041000084
S315080327903C400100100000004840010020070003E8
S315080327A050400100000400005C4001000D0F0000CA
S315080327B00841010003C0010054C00700511130004D
S315080327C00E000DE62A000000080B0C0D0D00000094
S315080327D0D1B60200800500004040070100002070C2
S315080327E00000A01110000000300000461FC8810039
S315080327F0002000300080000064400501000000004E
S31508032800B904F800400800001000000092000A000E
S3150803281088400F01B70312000000006000000000A3
S315080328200002050D1C2F42536269686053402E1F30
S31508032830110A080808080706050403030202020129
S315080328400101010100000000000000000000000073
S315080328501C41010100302C8C38410701BC200AF0C9
S3150803286049C0510001000040B75635120078085098
S3150803287009084000C00300805C4101010000000014
S31508032880684107014CD4E83B04190D70080E141A65
S3150803289020262C32383E10325476980A1D6940B4E5
S315080328A0D041030100000000D00000000000020030
S315080328B0E041130100000000E2CFDD2C7EB63A00AA
S315080328C0600919005122E2004CB9510E3982A90454
S315080328D0D8229B29E2CFDD2C7EB63A00600919007F
S315080328E05122E2004CB9510E3982A904D8229B29F8
S315080328F00000000000000000440000003C3C3C3C93
S315080329004C4201010800000468420101000000006E
S3150803291038800101F1471000A080020170380300D6
S31508032920D0000000A8800111F0010000A880013141
S31508032930055AFD01AC800111F0010000AC8001319C
S31508032940053EFD00EC000112E00F0000EC00013229
S315080329500C2051118401010200000000FFFFFFFF54
S31508032960FC4F0103EC30030810400100014100004D
S315080329703C4001000000000048400100A007000396
S3150803298050400100000000005C4001000000000008
S3150803299008410100FF4C000054C0070051213000D4
S315080329A00E000DE62A0000000405060708000000CD
S315080329B0D1B60200600500004040070100005051EF
S315080329C00000A02110000000000000861FC081003F
S315080329D000000020000000006440050100000040DC
S315080329E04902F000400800000200000092000800B7
S315080329F088400F01DA032A00000000E00000000007
S31508032A000102071121374B5A676962544029150594
S31508032A100000000001020304040403030303030282
S31508032A200202020202010101000000000000000088
S31508032A301C41010100B0B18C38410701BC200AF0E2
S31508032A40B6555200055B98408E6E8294233C4852D5
S31508032A50893B4000C00300805C410101FFDD0000A3
S31508032A6068410701E853FA0000000040000000002F
S31508032A700000000000000000000000000000000045
S31508032A80D04103010000AAAAD000000004001200E6
S31508032A90E041130100000000FFAB000A5CF10F00E0
S31508032AA0D341020095EDB100197BD80F1208B9047A
S31508032AB0EA1B6D1FC9B7C20A0B203B004306000079
S31508032AC05962F300727E9600A73D1900D022F13BA6
S31508032AD0000000A000000000400000000000000005
S31508032AE04C42010108000304684201010100000089
S31508032AF038800101F1471000A080020170780300B5
S31508032B00D5C00000A8800111F0010000A88001319A
S31508032B100542CB01AC800111F0010000AC80013104
S31508032B2005228D00EC000112E00F0000EC000132D3
S31508032B300C2051118401010200000000FFFFFFFF72
S31508032B40FC4F010340310308104001000141000016
S31508032B503C4001000000000048400100A0070003B4
S31508032B6050400100000000005C4001000000000026
S31508032B7008410100FF4C000054C007005111300002
S31508032B800E0009E62D0000000405060708000000EC
S31508032B90D1B60200643500004040070100005051D9
S31508032BA00000A01110000000000000861FC081006D
S31508032BB000000020000000006440050100000040FA
S31508032BC0B904F8004008000002000000920004005F
S31508032BD088400F01B7033B00000000E00000000037
S31508032BE00002050D1C2F42536269686053402E1F6D
S31508032BF0110A080808080706050403030202020166
S31508032C0001010101000000000000000000000000AF
S31508032C101C4101010060B18C38410701BC200AF050
S31508032C20F6625200055B98408E6E82941C78485271
S31508032C30893B4000C00300805C410101FFDD0000C1
S31508032C4068410701E853FA0000000040000000004D
S31508032C500000000000000000000000000000000063
S31508032C60D0410301000000AAD000000004001200AE
S31508032C70E041130100000000FFAB000A5CF10F00FE
S31508032C80D341020095EDB100197BD80F1208B90498
S31508032C90EA1B6D1FC9B7C20A0B203B004306000097
S31508032CA05962F300727E9600A73D1900D022F13BC4
S31508032CB0000000A00000000038000000000000002B
S31508032CC04C420101080003046842010101000000A7
S31508032CD038800101C2241000A08002017078030025
S31508032CE0D0000000A8800111F0010000A88001317E
S31508032CF00542CB01AC800111F0010000AC80013123
S31508032D00053EFD00EC000112E00F0000EC00013265
S31508032D100C2051518401010200100000FFFFFFFF40
S31508032D200C40010001810100204002000000000060
S31508032D30010000003040030000000000000000000E
S31508032D4000000000404002000000000000400000B0
S31508032D506040010001010000A840010007000000CF
S31508032D60BC40040000000000000000000000000052
S31508032D70000000000C410300FF4C0000FF4D00005B
S31508032D80FF4D000020C0011000F8070020C00130E5
S31508032D90F502280124C00110FF00000024C00130F9
S31508032DA00013000028C00800EC80B30343754051A4
S31508032DB0A00F00F800400000A8AA070000000000C2
S31508032DC0000000000000000070C00900BA100000EF
S31508032DD000042000041880000B3C2001187C100214
S31508032DE02FFCE0067F000000000000000000000042
S31508032DF0A8C00500BD4B721511A3180510325476E9
S31508032E00980A000000000000CCC00400010000007E
S31508032E100000000001000A00010028000800010163
S31508032E200807000018000101AAAAAA002000010148
S31508032E300060DA005C400201000000030000002085
S31508032E407840040129417671000000008C000C00CB
S31508032E5000000000C4400401000000000000000058
S31508032E600000000000000000E0400101000200002D
S31508032E7010410201331E0500000000002041020133
S31508032E8000000000FF0483072C410301FF06660CBC
S31508032E90FF0483078813FF0358410101000000005C
S31508032EA0644101010C010000844105010101000090
S31508032EB00000000000000000000000000000000001
S31508032EC0A44102010000000000000000B041020115
S31508032ED00000000058923EC0BC41030100000000F8
S31508032EE000003C00699006002C420301601800406C
S31508032EF000000000000000003C4201010000000041
S31508032F00444201011400000080420201000000004F
S31508032F1081000000984205013F000002FFFF000000
S31508032F20FFFF0000FF030000FFFF0000B44201019A
S31508032F300000000030430A0140002001A000000001
S31508032F40085000011F1F1F1F1F1F1F1B18151311D2
S31508032F50100E0D0C45C1872F00000000000000006D
S31508032F6010800101030000003C80010101000000FC
S31508032F70B080020100030002370000019C00010231
S31508032F80000C0004D8000302050040AA88010000CB
S31508032F90C0000000F00001022B010000100101121D
S31508032FA000FF0F0010010132020000315001011227
S31508032FB000C0010050010132C100A20074010102E0
S31508032FC069F11B0C7801011200001C00780101321B
S31508032FD01004E0CF80010112790700008001013255
S31508032FE0020000008801010250000000FFFFFFFFF6
S31508032FF0140000001CC771000000000050320308CB
S3150803300000320308000000000000000000512502FA
S3150803301040420F000108F600F147100200000000C5
S31508033020A8310308000000000000000000000000AB
S315080330302A420F0000000000000000000000000004
S3150803304000000000140000001CC771000000000007
S315080330505032030810320308000000000000000085
S315080330600051250240420F000102F600F147100203
S3150803307000000000A831030800000000000000005B
S31508033080000000002A420F000000000000000000B4
S315080330900000000000000000140000001CC77100B7
S315080330A00000000050320308203203080000000025
S315080330B0000000000051250240420F000108F600F7
S315080330C0F147100200000000A831030800000000C1
S315080330D000000000000000002A420F000000000064
S315080330E000000000000000000000000014000000BB
S315080330F066666600000000006A3203083032030879
S3150803310000000000000000000048E80180841E005B
S315080331100101F800F147500200000000A831030836
S315080331200000000000000000000000007C841E0070
S31508033130000000000000000000000000000000007E
S315080331401400000024499200000000006A320308B4
S315080331504032030800000000000000000024F400C9
S3150803316040420F000101F800C2245003000000008A
S31508033170A83103080000000000000000000000005A
S315080331802B420F00000000000000000000000000B2
S315080331900000000003050000030400000303000009
S315080331A003020000030A000002000000C0175302CE
S315080331B006140000802FA60405380000A0080000A6
S315080331C00000580901040706100A01040707C80A7C
S315080331D000040807800B00040808380C00040908D3
S315080331E06108000000008A0800000000C7090104FE
S315080331F004032C0B01040404920C010405040000C7
S3150803320050C30000E62D0000D0070000D0070000D9
S31508033210E5BF0000282300006B0300006B030000D2
S31508033220F5DA0200A41F00009001000090010000D7
S3150803323050C30000761600007701000077010000EE
S3150803324050C30000F22B0000EE020000EE0200005D
S31508033250193F0106041001000001010600102700AA
S31508033260000A0000000000000000193F01060410D0
S3150803327001000001010600102700000C00000000F1
S31508033280000000002C210308442103085C210308DD
S31508033290742103088C210308010000000C7E062014
S315080332A0000000000000010000000000000000000C
S315080332B0000000000080000000800000008000007D
S315080332C000800000008000000080000000800000ED
S315080332D000800000008000000080000000800000DD
S315080332E000800000018000000180000001800000CA
S315080332F001800000018000000280000002800000B7
S31508033300028000000380000004800000058000009E
S3150803331006800000088000000C8000000F80000073
S31508033320090000000A0000000C0000000E0000005F
S315080333301100000013000000160000001B00000027
S31508033340220000002D000000683303082100210035
S31508033350BC35030810001000AC3503080100010052
S315080333600300FFFFFFFF0000010000000108FFFF45
S315080333700000000078350308020002000108FFFF79
S315080333800500000020000C0003000C000008FFFFE6
S3150803339001000000087F062004000F000308FFFF52
S315080333A00300000002000000050002000108FFFFF9
S315080333B00500000002000D0006000D000108FFFFCE
S315080333C001000000127F0620070002000108FFFF24
S315080333D0050000000A000E0008000E000308FFFFA0
S315080333E001000000287F0620090000000108FFFFEE
S315080333F0000000007C3503080A0002000108FFFFED
S3150803340005000000020003000B0003000108FFFF8C
S3150803341001000000307F06200C0002000108FFFFB0
S3150803342005000000020004000D0004000108FFFF68
S3150803343000000000803503080E0000000108FFFFA6
S3150803344000000000843503080F0002000108FFFF8F
S315080334500500000002000500100005000108FFFF33
S315080334600000000088350308110002000108FFFF69
S315080334700500000002000600120006000108FFFF0F
S31508033480020000003E7F0620130002000108FFFF2A
S315080334900500000002000700140007000108FFFFEB
S315080334A0020000004E7F0620150002000108FFFFF8
S315080334B00500000002000800160008000108FFFFC7
S315080334C0020000005A7F0620170002000108FFFFCA
S315080334D00500000002000900180009000108FFFFA3
S315080334E001000000687F0620190000000188FFFF1D
S315080334F000000000963503081A0002000108FFFFC2
S3150803350005000000120000801B0000807178FFFF91
S3150803351001000000767F06201C000F00030FFFFF43
S3150803352003000000010100001D0000000108FFFF61
S3150803353000000000A83503081E0002000108FFFF6B
S315080335400500000012000A001F000A007178FFFF39
S3150803355001000000847F062020000F00030FFFFFF1
S31508033560030000000102000021000B000108FFFF11
S31508033570010000008C7F06200200011802000018D3
S315080335800200000002000A180C0053696C69636F95
S315080335906E204C6162731000D0E6BA92A507BC95FB
S315080335A0AE48F511035A3CCD02000F18F8F17071B5
S315080335B0F664059E9C47EE9F971EDDD100280128D9
S315080335C00328002A012A292A242A272A262A232ADB
S315080335D0192A0429052A2A2B292B02299A7F062028
S315080335E061160008A91F0208012002081320020811
S315080335F0A31F020841303400425244323630384160
S315080336000031312E312E3000000003020000000085
S3150803361000000000BA0400000000000000000302D6
S315080336200000000000000000BA04000000000000CB
S315080336301E000003381E03083E1E0308421E030825
S31508033640501E03085B1E0308681E0308731E03083F
S31508033650861E0308921E03089F1E0308B01E03084E
S31508033660C21E0308D41E030862675F6D616C6C6F24
S315080336706300FFFF010000003C0000009400000007
S315080336803C00000096000000FFFFFFFFFFFFFFFF5F
S31508033690960000000102070B0F0E0C080C080D1804
S315080336A010000101020102020304030101020404DA
S315080336B0F4010000FA000000960000006400000010
S315080336C04B000000320000001E000000140000003A
S315080336D000000000500040000800500024000400C9
S315080336E09001500240009001AE0110000000010253
S315080336F0020B0701160C0000010808000005010863
S31508033700FFFF02FFFF0808020204FF010022FFFF72
S3150803371023080F030304040A0A030A2AFFFF1419DA
S31508033720191B011C15120400480C14040305060092
S31508033730090000000000000000000000000000006F
S31508033740A0030906A0870908A08809070A0000003C
S31508033750000000000000000000000000A0010A05A8
S31508033760A0030A04A0080A03A0880A08A0060A01F7
S31508033770A003090020050A19212E010820060A17A5
S31508033780F12D0108010002000000000000000300FB
S3150803379000000D00030002000100050000497253F2
S315080337A014497207FF000102030405FF145300724C
S315080337B04907CDF6000000FB349B5F8000008000BC
S315080337C01000000000000000EFD30208D5AA020883
S315080337D02FD60208D9D4020800000100010005010A
S315080337E000050202030002000000000002050100B2
S315080337F005000001000100000100010202030002A6
S315080338000000000000020201000200006D730108B7
S315080338106D6E01088DE8020803E502086BE40208E9
S31508033820516C01088D6B0108E56901081DE302085F
S31508033830F9E00208097001084D650108A563010846
S3150803384087E202081FE80208C7E7020835E7020805
S3150803385081E502081963010849610108FD61010848
S31508033860FDE00208495F0108BF01FB9D4EF3BC3624
S31508033870D874F5394138684C8BD28915D08E1C74A7
S315080338802430ED8FC24563765C15525ABF9A32636C
S315080338906DEB2A65499C80DCE69D350E480103CC11
S315080338A0DBFDF4AC1191F4EFB9A5F9E9A7832C5E16
S315080338B02CBE97F2D203B020BD1A3CCDA6B89958B0
S315080338C099B740EB7B60FF4A503F10D2E3B3C97404
S315080338D0385FC5A3D4F6493F01020C000000040073
S315080338E000000800020000000000000000000000BD
S315080338F000000000A007020004000000000000000A
S315080339000000000000000000A0080403A001040151
S315080339105600000000000000000000000000000040
S315080339200500000000000000000000000000000081
S31508033930A0130500A0880A07A0040903A005090225
S31508033940A00609010F0000000000000000000000A7
S315080339500000000001000000000000000000000055
S3150803396000000000A0010107A0000104A00301064E
S315080339700204080006000000000000000000000022
S3150803398000000000A0030601A0090609A002060814
S31508033990A0050607A0050606A0070605A002060455
S315080339A0A0010610A0080602A00D060000000402E6
S315080339B00503060107010108090A0000A0015C04C2
S315080339C0A0005C03A0015C02A0035C01A0025C00EA
S315080339D0A0020F09A0030F04A0030F03A0050F02FB
S315080339E0A0010F01A0050F00A0040108A00301060A
S315080339F0010102042001040AC57D0108200C040301
S31508033A00717D0108200004019D7D010820025602EC
S31508033A10757E010820025601497E01082001060524
S31508033A204585010820000205217D010820000F07AE
S31508033A305181010820020F0EDD81010820020F09BA
S31508033A40C181010820040F10A981010820010F0074
S31508033A503981010820020F018D810108A012010096
S31508033A600198010849980108F5970108559801082E
S31508033A703D980108F1EF02082FF0020851F00208F9
S31508033A8073F0020895F00208C5A4010875A4010895
S31508033A9081A4010875A5010855F20208CFED0208AD
S31508033AA0D3ED0208D7ED0208DBED0208DFED0208C5
S31508033AB000000000B8010000800B0020000210007F
S31508033AC064090520380D002075A2010859A20108CA
S31508033AD0D5DB01085DDE01088DDD010820C001B8CC
S31508033AE0000000010000010100010101C8C8C8C89F
S31508033AF0C8C8C8C8C8C8C8C800A801A802A800007A
S31508033B0000B801B802B800B00304040808050000A9
S31508033B100000000000000000000000000000000094
S31508033B20040008007C0031003B001B002000000055
S31508033B305904020810000000D10302082C380000BB
S31508033B4078030000A83B000004000000283E00009C
S31508033B500400000030330000FC040000A43B00000E
S31508033B6004000000243E00000300000000000000DB
S31508033B7030330000AC3B0000010000002C3E00007F
S31508033B8037000000A53A00003133000001000000A9
S31508033B900006800F7047934909684143880B7047AD
S31508033BA0914800680104C80F704730B50020814961
S31508033BB00A6800238D4C521C6568AA4200D3226802
S31508033BC01578AD06AD0E9D40054328009B1D1E2B9B
S31508033BD0F1D30A6030BD84480168090408D58449CD
S31508033BE00A68744B1A604A68C2618868AF490860F4
S31508033BF07047F3B583B01700C006000E009010385F
S31508033C00912833D2FFF7CCFF00282FD00024794D13
S31508033C1001260398FFF7BCFF002802D0022803D029
S31508033C2003E02868304000D001240197724F0498B6
S31508033C300C21695E40180E21695E4018FFF7ABFF39
S31508033C40019940183860049800994018FFF7A3FFB4
S31508033C50019940187860C0208001684908602003EC
S31508033C6067490860FCF7C5FF9148067005B0F0BDC3
S31508033C70F8B5644AF0242405C025AD041069022862
S31508033C8004D28C4800682040A842F7D08A480068C6
S31508033C90C01C8A4901438A4801608A488A4B042121
S31508033CA09E680E4204D0117D8906CE0F710021E06D
S31508033CB0B60721D51669042E04D27E4E36682640E9
S31508033CC0AE42F7D0167D3607360F072E14D1567D2A
S31508033CD0022E11DD967DB606B60E022E0CDBD67DB8
S31508033CE000960E4208D0F60700D50A21009EB607AD
S31508033CF000D5891D00290BD17449714C2160002117
S31508033D00116080229202724C226001601961F1BD32
S31508033D104B1C16699E4204D2664E36682640AE424E
S31508033D20F7D06C4B595C0091674E31610099C90015
S31508033D30F8230B4002D08021C904116066490F6835
S31508033D40012F00D15B0053603268002A1ED15C4BF9
S31508033D501A682027F75F3F039205920D3A431A60C4
S31508033D600127076002228260009880090AD1086841
S31508033D70002801D1182000E01A20325E002100989D
S31508033D80FFF737FF307A000700D43760F1BD4C4898
S31508033D904E49016000211B4A1160802292024C4B56
S31508033DA01A60484A11604D4A0261426140480170EF
S31508033DB070470000283E0000062049490860002095
S31508033DC048490860F0210901474A116080214900E2
S31508033DD0464A11600849414A0A604A6034490870EC
S31508033DE070470000A43E0000C04101A87C3E0000C5
S31508033DF0843E0000A03E0000C84101A8C06101A896
S31508033E00C05101A8C44000A830B581B00400A0037E
S31508033E1014D531480068002801D1162000E00C208B
S31508033E20FEF7DCFA3248806E0007C10F314801708D
S31508033E30082031490860C003254908602F4D2868C2
S31508033E40000406D5FFF7B1FEE861FFF7AEFE174992
S31508033E500860A00727D58020C0021D490860FCF723
S31508033E60EBFE00281FD0264A1068C0B2002802D0ED
S31508033E700621244B1960810915D01D490B68012BAE
S31508033E80FBD949680905090D091DC900124B1B68A9
S31508033E90012B00D14908002B01D1182300E01A236E
S31508033EA0D25EFFF7A6FE01B030BD00005C4201A852
S31508033EB0623E00000C0002A8204000A800F0FF3F65
S31508033EC0B84101A8044003A8983E0000FFF3FF3F4A
S31508033ED0106001A8D84000A8683F0000FFFF030050
S31508033EE0006401A8504000A80C6000A80C5000A864
S31508033EF01C4000A8AC3B0000846000A8C04101A890
S31508033F009C3E0000005401A870B50822814B1A6034
S31508033F10814B1B68DC0302D50020088070BD0C8822
S31508033F200019401E00787D4DA870641C0C80450757
S31508033F306D0F052D05D87A4E3668F60603D5022D7C
S31508033F400DD0032070BD9604AE401E4001D1082053
S31508033F5070BD052D03D1104201D1641E0C80AB48F8
S31508033F604860002070BDF3B582B008886D490978AA
S31508033F70491CC9B2814204D202990918491E097813
S31508033F8000E00021654A517093785B075B0F019344
S31508033F903023019C052C28D1194232D19478E5089F
S31508033FA01E242C40CD0702D5250001242C430125C8
S31508033FB0A24EE6402E4073D0019EA14FE74140240E
S31508033FC0274037434C0602D53C00202727439478DD
S31508033FD089080D40A1080C260E402E43C021214016
S31508033FE0314320240C43977054704B490C68557819
S31508033FF0022123262E4008D0660302D52B40202B08
S3150803400001D0052083E0434B196093789B0601D4BE
S31508034010202203E09278120702D540223D4B1A600C
S315080340203E4A92786B461A70C022864B1E680E402B
S3150803403001D1154212D06E46377827263E40232EE5
S3150803404003D1E60207D4012606E0252E03D0212E46
S3150803405004D1260302D504262E4F3E601B68194059
S315080340602026019F002F1DD11E4028D02B4B5B789D
S315080340701A40402A14D00C221A40042A10D02A07C0
S315080340803CD40122002903D0E200D10F01224A4081
S3150803409069460978CB07DB0F1A422FD021012AD4A8
S315080340A0072034E0022FE1D11E4008D00029DDD1D4
S315080340B0CC232B4003D16B461B785B0601D5032023
S315080340C025E0A30311D59D4E73691B051B0D5B1CC8
S315080340D03668F60205D59A4E36683607B60F9B1B21
S315080340E05B1E9BB2052B04D1C0E7029B1B78052BED
S315080340F0BCD006200BE08021064A1160E90702D4EA
S31508034100401C03990880AC4803994860002004B012
S31508034110F0BD00004C1002A8BC3E0000243E00007F
S31508034120480002A8403E0000F2B586494978CA0706
S3150803413005D4009A12888018401E057800E00025E9
S315080341409E4C206802229E4B1E68F60611D52469EA
S315080341506540EDB2002D03D15E68E509754015404B
S31508034160002D03D0040204D40A20F2BDD406954ECA
S315080341703460744C2D02C0270F402F43914D2F6096
S31508034180A5786E07760F022E06D15B681A4003D10F
S31508034190002000990880F2BDA0230B40AE08102723
S315080341A037401F433B090E0702D41E00102333432F
S315080341B0CC220A401A261E400A2E04D1CC2A02D043
S315080341C01E00FD233340804EDE40F60705D4000467
S315080341D016D5412D10D1082912D17C48D840112172
S315080341E0014011432020084320700D210140009807
S315080341F008D000F0A9F8F2BD0B2D01D10029ECD0A7
S315080342000720F2BD00F020F8F2BD00008F3300004E
S3150803421038B50C006E490A78130953399D004919B4
S3150803422025881207120FAA1AD21A8018FEF76DFDEF
S31508034230010002D1200000F007F832BDF300A3E322
S31508034240981440684C0002A8F8B50400614805684C
S315080342503C4F3878D026304202D00D21014005D094
S3150803426008205D490860EF20FEF713FD3978200022
S31508034270314204D00909397000F066F8F2BD052108
S3150803428029401FD001884D4AD160544BEC0705D508
S31508034290491C0180690607D4514B05E043242C4089
S315080342A0422C03D1491C018043600DE010214A4B7F
S315080342B019604C4912689300DB0F1A010A638022BE
S315080342C012030A60002101800020F2BD0A888018C3
S315080342D0401E0078830601D4121D0A801822024064
S315080342E004D0088852088018C01E08803948006818
S315080342F0C00702D50888401C088039484860002052
S315080343007047344A1368DB0708D51268920705D441
S315080343100A888018401E007804280CD110202E4ADB
S3150803432010603048254A12689300DB0F1A010263AE
S315080343308022120302600020088070470C4000A800
S31508034340080001A8243E000031B581B026480021A3
S3150803435000910822254B1B7802240C252B4202D1F7
S315080343600022234803E01D40082D00D10222DD0761
S3150803437003D505001E2068400094234207D015483C
S315080343800068000601D51B4801E00020C043019BD5
S31508034390194C20601948FF248470009C1501254395
S315080343A0C570017018880099401880181880144839
S315080343B05860002036BD000051350000BC3E0000A1
S315080343C0480002A8481002A80D0F0C0D071708503D
S315080343D0473F00004C0002A84C2002A8F53600000F
S315080343E02B3700001C1002A8DE1B2501243E000003
S315080343F02084100000FCFF01F03E0000443F00004B
S3150803440039360000243E0000FD3200001533000053
S31508034410153300001533000015330000153300006B
S31508034420000000000000000000000000000000007B
S31508034430153300001533000015330000292A000040
S31508034440153300005B2B00006B2B0000A12C00002A
S31508034450212D0000E12D0000712F0000112E000010
S315080344601D300000692E0000B12E0000292F000020
S3150803447069310000413200002D2B00002F27000070
S31508034480D922000015330000D52700001533000094
S31508034490F9280000C1280000153300001533000071
S315080344A03D290000153300001533000015330000BD
S315080344B01533000015330000153300006912000098
S315080344C05F1200000000000000040008021402182E
S315080344D00324000049488068000200D4704780B569
S315080344E080208002AB490860CF2000F071FA01BD35
S315080344F0F8B5894A906B894B8025AD031D60884CB6
S315080345002168090520D5290BA026064002D1126881
S31508034510D20601D5196017E005403CD1814F8025A5
S315080345203D60814A1560084035D0344E307A4007DD
S3150803453005D501207D49086000027D490860307869
S31508034540002801D0062801DB0020F2BD00F0A1FBFC
S31508034550616889684C683178052905D17460A4684F
S31508034560CC218901724A116000F09CFB012C00DA08
S315080345700224BC2080058849086094208005874961
S3150803458008600020C0433864604278648448056044
S3150803459040203860D8E783480160FFF79BFF012076
S315080345A0F2BD81480168890504D5C06E0004000F71
S315080345B0022801D0002070470120704738B58024AF
S315080345C05848046000F065FB05007848006800F069
S315080345D07FF9280000F066FBFFF77CFF0748007A9F
S315080345E0000705D5A0004D49086000F06BFC31BDF6
S315080345F060036C490860B148046031BD2C3E000075
S31508034600FEB50600CC208001694948600124694843
S315080346100460FFF7C6FF00287DD0674D2878002879
S3150803462079D021020196052802D032460A4072D172
S31508034630CC27BF015E4A1760914A126881231B0281
S31508034640134001D0032301E053075B0F022805D16A
S31508034650022B5ED3080136490860F7BD4E010328CD
S3150803466004D1022B55D932480660F7BD042802D176
S3150803467011404ED0F7BD05284BD10198002848D0E4
S31508034680C005C10F684641700198C004C10F68464A
S31508034690017000F0FEFA02906A68684640780028BE
S315080346A003D0146880202049086035048449684685
S315080346B0007800280CD0D0680B68C01A814B1B6899
S315080346C02B4001D0146800E05468844200DD0400DE
S315080346D0684640786A461278024308D00868424218
S315080346E0A01E824202DA6042886000E00024029833
S315080346F000F0D8FA0198800501D57348056001983A
S31508034700064001D071480560002C02D008480760AE
S31508034710F7BDFFF753FFF7BD0C0002A8442002A814
S31508034720BC3E00000CC001A890E001A8C4D000A8B4
S31508034730145001A838B580249648046001201D4901
S3150803474008601D4D2878052802D060009249086044
S31508034750FFF727FF002812D014480068000A8021B3
S315080347604140A868000EC9B2814208D2444800688D
S315080347704007400F022802D2FFF720FF31BD8748C2
S315080347800168C0220A4002D1C06F204001D0044804
S31508034790046031BD1C1002A808E001A808D001A8CE
S315080347A094D001A8441002A8440002A818C000A87F
S315080347B0106001A8C4E000A82C3E0000F1B582B041
S315080347C00F00A020384003D175480068C00603D5FA
S315080347D08020800073494FE000F05BFA0090FB20CD
S315080347E080010468F80202D5A0680069029000F007
S315080347F0CCFB80210903606800F0A2F92678002023
S31508034800761C6178B14200D20026182171436518D7
S315080348100C3529780829F3DA2670A56062492A78BF
S315080348200A70BA0508D5FB20800100688068C0684D
S31508034830FA0201D40322904388600127384003D142
S3150803484000F0ACFC01F0A0F8F904686900F078F907
S315080348503C2000F0BDF8F0B200F0BAF8608853497E
S3150803486001406180009800F01DFA38054D4908603B
S315080348704F48076038024F4908600298FEBD00009A
S31508034880184001A810B54C480068800501D4FE20DD
S3150803489010BDC02080034949086000F0FAF9FB21DE
S315080348A0890109688A78D20702D589688C7800E075
S315080348B00C7800F0F7F9200010BD0000100002A8DC
S315080348C048C001A84C0002A84C1002A84C2002A814
S315080348D0FB21890109688A688B78DB0704D59278F6
S315080348E018235A438A180C3290607047F1B582B080
S315080348F0334804680027200F000702D1E00102901D
S3150803490038E001262F480068304001D101F03CF811
S3150803491000F0BFF90190F104606800F011F92578F9
S315080349206D1C6078A84200D20025E80020180C30D8
S31508034930009000680290F1040098406800F000F9BE
S3150803494020480068304002D01E201F4908603D20D9
S3150803495000F03EF8E8B200F03BF825700098A06036
S31508034960019800F09FF917480068064002D102A88B
S3150803497001F064F815480068800408D51048C06932
S3150803498001F02DFD02990818029000D502970298A6
S31508034990FEBD000094E001A8146001A814C001A894
S315080349A00C0002A8442002A82C3E0000FEFF0000CB
S315080349B0C0E000A8106001A8440002A8441002A899
S315080349C0C43E0000784000A8841102A8FC0302A88C
S315080349D04E490968002901D54D4908607047F3B562
S315080349E081B04C4FB8684C4C410060D50125000195
S315080349F000D521254949086849680E0022689206A8
S31508034A00920E80235B001343009380220D2905D061
S31508034A100F2903D0102901D0112908D14049096863
S31508034A20114004D03F4909681B2900D31643694638
S31508034A3009799C463B689B001A4063461A430092D1
S31508034A400A0023D0890601D5012008E0F021014098
S31508034A5007D16946097A0C220A4002D0022000F0DF
S31508034A603FF83149096809040AD53968090701D5A0
S31508034A70022605E03968490301D5002600E0032626
S31508034A8048350099294A1268930003E00099274A92
S31508034A90926B1309402213400B439100002E02D058
S31508034AA00E43266608352366014321662566E06DAF
S31508034AB04407640F00F0D7F8A0070BD0052C09D0DC
S31508034AC0B868000406D400F0E4F80221184A116015
S31508034AD000F0E8F800F0D0F8002000F001F8F7BD80
S31508034AE00E490A68F0239A43000110430860C0B2CE
S31508034AF070478020C0020F490968890701D10E490A
S31508034B0000E00E490860704700000000500002A844
S31508034B10884000A8480002A8284000A8643F00006F
S31508034B20BC3E0000448001A8684101A8184001A8BA
S31508034B3014D50350844000A8486000A8485000A82C
S31508034B4080B56D4A116001F075FCFFF7D2FF01BD10
S31508034B50FEB56A4D2878000604D5287F002801D0BB
S31508034B60182400E0462400F094F801906448C068CD
S31508034B704005C20DD52A01D2D52204E0D120400032
S31508034B80824200D90200100001005E4B00932B6B92
S31508034B905B011BD55C4B1B78022B03D25B4E0627A6
S31508034BA07B43F2520023009D2D7CDD40ED070AD599
S31508034BB0574D06265E43AD19AD888D4200D22900AE
S31508034BC0A84200D228005B1C022BECD3091909045E
S31508034BD0504B0B40001BC005C00D184348490860DD
S31508034BE0C02000064C4908604649087D00280CD0B9
S31508034BF04A48D52A02D98023DB050360D1235B0003
S31508034C009A4202D280231B0603600020444B186095
S31508034C104888002800D10A80019800F043F800F07C
S31508034C2063FDF7BD80B53F483F4908603F48C16803
S31508034C300902090A19225143416005210160FFF758
S31508034C4087FF01BD80B52D480178090604D5007F85
S31508034C50002801D0FFF77CFF34480068C00301D55C
S31508034C60FFF776FF01BD8020C0022349086030485C
S31508034C7000684007FBD470478020C0022D490860AE
S31508034C80704701E02C4908602C4909680140F9D1AD
S31508034C9070472B48006820212A4A116010212A4AA6
S31508034CA0116070473021014002D110202549086060
S31508034CB070472348006830210140102901D101209B
S31508034CC0704700207047214801210160C160704781
S31508034CD001201F49086070471E48007806210140D5
S31508034CE007D01D480068022803D0032801D00120F5
S31508034CF07047002070470000441002A8BC3E00001D
S31508034D007C400050703F00004C3E0000543E0000BB
S31508034D10503E00000000FF01A0600050A450005060
S31508034D2018E000E07F1A0601540002A810E000E02C
S31508034D30440002A8442002A8282002A8280002A8A2
S31508034D40600002A8602002A8601002A8789001A853
S31508034D5084A001A8A03E0000683F0000F8B55B48A0
S31508034D6080214902C1610221594A51600021594AE9
S31508034D70D162594A11800321554A11600221016003
S31508034D80564DCC01A868204010D052480068F0213F
S31508034D900905014090200005814207D002205049A9
S31508034DA00860012001F06AFB4E48046020204E4942
S31508034DB0086080204D490860CC2080014C49086072
S31508034DC001244C480460286800900004070F4A48E9
S31508034DD00068C505ED0D103DC0202843C0B2FFF796
S31508034DE0F7FD3C48C06B800309D5092F07D0FFF7A9
S31508034DF073FF002801D003F02FF801F06DF93F483F
S31508034E000668032D41D000980007000F0090032879
S31508034E1003D0022806D1032F37D000F03FFA0098B3
S31508034E20032803D0062F30D1062D2ED03448006828
S31508034E30C00B204001D001F051FC32480068000144
S31508034E4008D5052D06D101252F4804606005FFF70F
S31508034E5018FF00E000253100380000F057FA060075
S31508034E60002D06D000F00EFC2848046002202849CD
S31508034E700860600525494865800926490860FFF7E3
S31508034E802BFF002801D002F0D2FF1148210401624A
S31508034E90002F08D10221416000200E49C863C020B3
S31508034EA0C000134948643000F2BD80B5FFF7DBFE46
S31508034EB019480078800602D4022018490860FFF7CB
S31508034EC0DBFE01BD02201649086070472C1002A8B4
S31508034ED0282002A80C0002A85C3E0000B00002A825
S31508034EE06C1102A8B82002A894E001A80CC001A876
S31508034EF0146001A8C4E000A804ED00E0B44000A8CB
S31508034F0000E200E0EC3E0000645000A8646000A8DC
S31508034F102C4000A880E200E0BC3E0000081002A86E
S31508034F20082002A8F8B55B48046804275A4DBE0151
S31508034F30A0070FD559480121E022D2008368134000
S31508034F4002D02E602F6129610068024002D02E60CC
S31508034F50AF60A960FFF79DFE210506D52E602F6178
S31508034F60B7490D220A600F220A60FFF79BFEF1BDBF
S31508034F7080B5FFF78EFE864901228A600A60002102
S31508034F80B04A1160FFF78EFE01BD012081498A6888
S31508034F900240FCD10422BE4B1A610B680340FCD1C4
S31508034FA0BB4882609101016070477B49086801220A
S31508034FB0104200D1704710B5E023DB000340FF24FD
S31508034FC0A41CA34207D3B34B9C6BA40602D41B6849
S31508034FD0DB0600D54868024001D000F021F910BD70
S31508034FE0F8B50400894D28683F218843884909781C
S31508034FF001432960FFF7D9FFC820A862062085491F
S315080350000860802040038449086080098349086052
S3150803501020688D4DAF68874200D30700C01B206008
S315080350200121200000F0BDFB06002068C01920609E
S31508035030FFF778FF854800682860002E11D1844859
S31508035040102141620821834A12680A4001D001608F
S3150803505000E0416093490968490002D58021490166
S3150803506041623000F2BD8C480178090610D5007FED
S3150803507000280DD08748C16BC90609D4816BA022C5
S315080350800A4005D10068C006C10F01204840704791
S3150803509000207047500002A8881102A8900102A8B0
S315080350A080B5FFF7E0FF002803D00021042001F0B4
S315080350B0ABFB01BDF1B57C487C49C860EE20C00452
S315080350C008607B487B490860FFF7CDFF002803D0BB
S315080350D00021042001F098FB774C8020C001206052
S315080350E00827764887650125704845641D20734956
S315080350F08862734E9B204000B061072001F0BEF919
S3150803510002206E49886253490A68D20603D56B4959
S315080351106C4A0A6008E00F220968394002D0310058
S31508035120103101E0310014310A6067490968002922
S3150803513000D4B761E32109013160C021C900634A7C
S315080351401268F823DB01134001D1F16201E0574AE3
S315080351509165216C294008D0616BC90705D45C4960
S315080351600968084001D101F06DFB0020C043594985
S315080351700860606B054001D1FFF7D4FE009801F083
S315080351806BF9606B8001FCD4606A53490860F1BD12
S31508035190902102A8940102A8743F000010B53E4866
S315080351A00178090606D5007F002803D000210520CB
S315080351B001F02AFB154801683F229143474A1278B2
S315080351C00A4302603C4C606BC00701D4FFF7D0FE6C
S315080351D04349972040000860102008604148E322AD
S315080351E012018266404ACA610021404A11600F21B2
S315080351F00822184B1B68134001D0816700E0C1677A
S315080352000321016002631003206010BD2C8001A8EE
S315080352105E3E00000C9001A8982002A8A41002A8DC
S31508035220F0210901324A1160014032480160202009
S3150803523031490860314909680840C649086070471A
S3150803524000100C5000000C50A03F0000340002A8C8
S31508035250601102A8FC0302A829482A4982680A4061
S3150803526002D1C268114001D01149016014480821CE
S31508035270AB4A13680B4000D081611178C90602D581
S315080352808C21090101601420B3490860FBE1000081
S31508035290882102A80C0002A8BC3E00000448054960
S315080352A008607047EC0002A8000FFF00242102A83B
S315080352B001200000706201A8100002A8C01002A80D
S315080352C0501102A8BD03000028C000A8A88001A8A1
S315080352D0343E0000B46000A89C3F00005F3E000017
S315080352E0682102A8E82002A810100000C00002A83E
S315080352F0586001A8585001A8482002A8184001A8D8
S31508035300704201A80080008070470000F8B586B097
S3150803531005000C0091480068400102D5200040248E
S3150803532004438F48C66AFFF7B4FC0590B00503D556
S315080353308C480068FFF7CCFA00200190012270061A
S31508035340C00F0290884B986800219960B8214900DC
S31508035350864E31606608B82131401B78F0261E4018
S31508035360402E02D10B00402119430D2D02D1030013
S3150803537004201843430704D50B00142119431023AB
S315080353809C437B4B1B6803936B461A70039BDA0596
S3150803539006D580225200774B1A600A000121114371
S315080353A0029A002A11D10C220A40082A0DD00A00B3
S315080353B06B4B9B6BDD0601D41025AA439B0601D4D0
S315080353C020239A43B123134055D06A461278002AFC
S315080353D054D0A94DAA6BAB6D01265207520F921DE5
S315080353E09640DA04D20CB21A92B2082A09D280215C
S315080353F006225B4B1A604A02A04B1A6000226B46D0
S315080354001A7081220A403CD00822029B002B00D145
S315080354102A62030008201843102294430422130522
S315080354209C4E3360D304964E33606B461B78002B31
S3150803543024D0062A2BD3494EF36CDB0627D5B36E45
S315080354409BB2DFB22F611B0A2B61934B1B681B0EA2
S31508035450019373699BB2904EF66B360603D01E0012
S3150803546080235B0133432B611B0A2B61404B1B686B
S31508035470DD058CD40BE008227F4B1A620490009159
S3150803548032E000BF27A24B06DB0ED25CCDE70490C1
S315080354900091334B186B80490968774D2E686F4620
S315080354A03E810600282737401743820CD2013A4328
S315080354B0000E304010263040104389004022114028
S315080354C0014302A88170586B000A02A9C870FFF746
S315080354D0D9F902A908710198487170480068C8800B
S315080354E00298E8660398E8660598FFF7DBFB082544
S315080354F0600601D567488560FFF7EEFB002805D0EF
S3150803550067480078002801D0664805600498C1B248
S315080355100098C0B2FFF763FA200007B0F0BD000099
S31508035520F84F0000030107060301070605010606EF
S315080355300501060603020706030207060502060611
S3150803554005020606081A03D2574909684018401C7B
S3150803555070470000481002A86C3F0000084000A8E6
S31508035560180002A81CC000A8643F0000B46000A885
S315080355701C0100AA1C2100AAF8B54C4F0F240125CB
S315080355804B4910264B48806B30401BD001200870CE
S31508035590494800687969FFF7D5FF484909684018FB
S315080355A001285DDB01F0F6F945490968090B0C404A
S315080355B0022C53D16905434A116043490E643D4998
S315080355C00D604BE02E023B48006CC0001ED53F48D9
S315080355D00068E0218905014042D0394D2868210336
S315080355E00140700181423BD1FFF753FB384A3949E1
S315080355F00968314002D03849096811602968090BDE
S3150803560021400229F3D0FFF74DFBF1BD334800686B
S31508035610002825D00D7000F01FFF002820D101F0C7
S31508035620B9F927490968090B2140022916D1264ADF
S315080356301160690239601F490E60214A1168090B16
S3150803564021400229FAD01168090B0C40032C02D019
S3150803565029041C4A11600021204A116001F09EF9B1
S31508035660F1BD802080041E490860704780204004ED
S315080356701B49086070470000540000AA141100AAC9
S315080356804C5001A800BF17480168490701D0FF21FC
S3150803569041617047441002A8184001A8448001A834
S315080356A0AC3B0000845000A838C001A80CC001A870
S315080356B0613E0000100002A81CC101A8DC3E0000E0
S315080356C0B00002A81C1002A8082002A84C4001A892
S315080356D0800000AA084000A8904000A8383E0000B1
S315080356E03C2002A80C4000A87047FF2808D00228CF
S315080356F006D2FE2189010978C140C807C00F704741
S3150803570000207047F0B58020000208219B4A1160EB
S315080357100A2101229A4C01238B400343C1A56D5CE0
S315080357201D43A560F025974E3560944DC0A6765C5B
S31508035730022737432F6004262E60A74D2D68154090
S3150803574006D1D5026D1E03D0A66C3603FAD401E042
S315080357500220F0BDA56CE66C6D036D0BAE4200D25C
S315080357601800491ED7D50821864B1960A0609B49A6
S315080357700968490113D59A494B785D1C01262E40C1
S315080357804E701D00062675434D192468AC80E880C3
S315080357900B70FE20800101789A400A4302700020AC
S315080357A0F0BDF1B582B0FFF7E3FB8E48006B40010D
S315080357B001D401241CE08C48806B0021884ACBB2B3
S315080357C006246343D3189B8884B2A34204D0491C96
S315080357D0CBB2022BF3D3FF21117001248149096B44
S315080357E0490105D51078FFF780FF002800D000246B
S315080357F07C480078000608D57A48007F002804D03C
S315080358007848407F002800D10124784DE869019043
S3150803581077480068E861774E02980068316D471843
S31508035820012F16DB00F08FFD3060C001381A0128FE
S315080358300FDBFFF7AAFB00F0A7F802980068316DA3
S31508035840401800F009FE002803D00021029A1160CF
S3150803585010E0694FC020C00038602868072832D096
S3150803586005210840052808D029600C2000F006FE0B
S31508035870002802D00199E961FEBD604EFF207A3007
S3150803588070620420B062FFF780FB02203060E020DC
S31508035890C0045B4948608020800478600220386031
S315080358A0012000F0EBFD802080007062022000F0EA
S315080358B0E5FD8020C00070620820B062022000F077
S315080358C0DDFD0220B0624F4EE02040003060042028
S315080358D000F0D4FD07003ED1022049490860800242
S315080358E0B062C001B06210203F4908600120F0652C
S315080358F04548006840061BD43A48006B400113D557
S31508035900374800786946087068460078FFF7EDFE61
S31508035910002809D0324869460978062251434018B7
S31508035920C0883149086403E0FFF7ECFE07001AD183
S315080359302D48012101600021C167022000F09EFD68
S31508035940324E40203060C0303060022000F096FDB1
S315080359508120C002B062002C05D02B480068800164
S3150803596001D4FFF76FF9E969E0204003084001997C
S31508035970274A0A400243EA613800FEBD889001A817
S31508035980448001A888A001A838B5FFF7F1FAFFF704
S31508035990FCFA0224144804601E4D0820A862C001BC
S315080359A06862012000F06AFD200268622C60062006
S315080359B0A86219486862E020400014490860104844
S315080359C004600021094A1160C021C9000160134817
S315080359D000681349086031BD140002A8EC3E0000B4
S315080359E04C3E0000BC3E00000C8001A85C0102A8E6
S315080359F0F80302A88C3F0000981002A85C1102A8BD
S31508035A00982002A82C9001A8500002A82CA001A84F
S31508035A10FFFFE3FF5C2102A8F9610000340002A836
S31508035A20943F000000000001010204081020200032
S31508035A3050505040404040302020200070B50600AA
S31508035A40FFF7A3FAC020C00019490968F822D20152
S31508035A500A4001D1174900E0174908601748AC21E5
S31508035A60490081640A2101601548802149030160C0
S31508035A708909C160134C6069AF21C90145183068AB
S31508035A80854200D30500401B306000213000FFF734
S31508035A9088FE3168491931600B490968216070BD70
S31508035AA08020000109490860000109490860704718
S31508035AB0AC8001A87C1102A87C2102A80C8001A84D
S31508035AC0981002A8903F0000340002A8441002A8C8
S31508035AD0685000A8F1B584B0B84800680190B84882
S31508035AE0C06BAF21C90140180499884205D2081A28
S31508035AF000F0B2FC002800D048E2B24D6868C0073F
S31508035B0000D543E20420B049C8628003AF498862DE
S31508035B10CF480468A86B8607B60F032E03D0102058
S31508035B20A949C86224E08022920208468262E86B89
S31508035B30800601D5012061E0200610D5E86B022115
S31508035B4008400CD1C34805230360EB6B10273B4081
S31508035B501943016000210160A96B090A0160042049
S31508035B609A49C862E86B002802D5974882620026DC
S31508035B7020060DD5B648007F002809D02020924973
S31508035B80C862C9480068202108409049C8620EE0E7
S31508035B90A86B400705D5A86BC000802149000840BB
S31508035BA003E087480069C10701D5FFF739FBE0071A
S31508035BB008D5CD48B1014018006AC004C00C401E80
S31508035BC0CA490860CA480168090404D5806FC10F29
S31508035BD00120484000E00020C649C02292000A601E
S31508035BE03202002802D0C020800000E01000C24B19
S31508035BF01860C020800048605A600020296C9422EF
S31508035C0092050A40140000D0012480263602204358
S31508035C1000062DD08E483021405CC0210140402922
S31508035C2002D1FFF742F901E0FFF74CF9202028607B
S31508035C30240600D1AAE1A86B400709D57008634971
S31508035C4088620220D249086000F094FA002807D037
S31508035C5004205D49C86240025C498862CC480660F4
S31508035C607B480078000600D490E13001564938E1B4
S31508035C706868C00700D589E1B0005449C862FEF7D1
S31508035C80F2FF9A48406E296C314008D1C00606D502
S31508035C90FEF7FFFF0221BF4A1160FFF703F8FEF77D
S31508035CA0EBFFF0082860C74CC0273F066760A86B60
S31508035CB04007C10F68460170EE20C0040199C90761
S31508035CC000D485E0C04908603009E0610320BF4974
S31508035CD00864FE20C003486442204860A020206070
S31508035CE00820BB4908660420AB490860286CC00233
S31508035CF038D5B8484068010C0391B7490004C00B6E
S31508035D00085A0290039810282CD32D490889E728A6
S31508035D1028D3088995225200904206D8029B101A66
S31508035D2000094343980A434205E0029A9B4BC0186D
S31508035D3000094243930A5BB20398C018CA6B944698
S31508035D408A6C53436246D218CA636F2801D36F20FD
S31508035D5002E00F2800D20F20010201430004084382
S31508035D609E49086098489E498164B90C616002217E
S31508035D70974A5167B90D8160F02109014165F00918
S31508035D8020610A2000F07AFB6760822040022066C1
S31508035D90012000F073FB01206060062000F06EFB13
S31508035DA06660082000F06AFB30016060800060606E
S31508035DB0032000F063FB700046E000BFFC0302A863
S31508035DC0683F0000100002A81C2002A81C1002A8A5
S31508035DD00199490740D57C4908607D4E8220C00455
S31508035DE0F06680208000E061C001B066B80C886464
S31508035DF07C4860600A2000F041FB7449002008646F
S31508035E0008604860A020206008203066022070677A
S31508035E100A2000F033FB676073482066012000F010
S31508035E202DFB062000F02AFB08206060062000F000
S31508035E3025FBF80D6060082000F020FB60206060F9
S31508035E40032000F01BFB02205349086009E000BF4A
S31508035E50BC3E0000E40000AA644A4021002001F089
S31508035E6007F863480021C943C163012293490978A6
S31508035E7009061BD5A96B490718D4914909680D2941
S31508035E8005D00F2903D0102901D011290ED10649AF
S31508035E90896B49050AD58B4909681B2906D23C48EB
S31508035EA00261C26403E000BF184001A8026000F063
S31508035EB04AFA834E401DC001F16B47188020C00182
S31508035EC08149496F014002918049086004988742D5
S31508035ED015D2F16B401A00F0BFFA00280ED00298CB
S31508035EE07B49086052E000BF0C0000AA204000A8C6
S31508035EF0684101A8086100A8085100A8049F0198F1
S31508035F00400702D58020800000E0724860600120C7
S31508035F1000F0B4FA686AB063802040002C49086030
S31508035F20380000F099FA654C68460078002806D1CF
S31508035F306548006860628020C0038D49086002983E
S31508035F406349086020480199490704D580218900D7
S31508035F508164234903E002218164C02189018164A4
S31508035F60686A306368460078002809D0012000F083
S31508035F7085FA2078000603D5802000039049086037
S31508035F80286CC00202D513480068F06305B0F0BD5B
S31508035F90685000A814E50350C82102A8D6FEFFFFDF
S31508035FA080B5FEF776FE8B4900220A600A22CA618B
S31508035FB0FEF778FE8848C021890201608749416057
S31508035FC001BD0000681102A8242102A8600102A8E5
S31508035FD0B81002A8F83F0000C0000000DC4001A882
S31508035FE00404000004044000020400001207000031
S31508035FF0786000A87A48806B800300D47047F8B5A8
S31508036000784807680024002001252F4202D0C020C3
S31508036010800102E0790700D57348744902220A60B1
S31508036020086408207249086072480068C00403D4EB
S31508036030714800680007FBD5704E26487065042032
S3150803604000F01CFA8820C00470653D4007D0A020E4
S3150803605080037065012000F011FA694808E06020A2
S31508036060706580204002B060012000F007FA654899
S315080360707065654D2C606C60C02000067065C00CA9
S3150803608062490860012000F0F9F9F0200001F06682
S315080360905F480460862040025E4908605E48706572
S315080360A008203060A02030652C646C648020800151
S315080360B04B490860000159490860F1BDBC3E000020
S315080360C0683F0000448001A820C001A894E001A805
S315080360D094D001A802400000F8B5514800680D2481
S315080360E0044008200425002C01D1042404E00921D6
S315080360F02140092900D144404A49102706034A4A40
S315080361004A4B1B682B40126814D04A60204004D0BF
S315080361100220FEF7E5FC46480660254007D04548B9
S315080361200068074343480760B008414908600220EE
S31508036130414915E00A60204005D00220FEF7D0FC4D
S31508036140A8023B490860254006D03A4801680F4330
S3150803615007607009364908603748066030032F49D7
S315080361600860FFF747FF00210020FEF738FCF1BD62
S315080361701C1002A810B5802030490A6802400AD0CC
S315080361802F4A136806241C4005D1546E2D4B234011
S31508036190126D940101D5002010BD096808400DD081
S315080361A02948834203D1100501D5012010BD27488C
S315080361B00068C107C90F481E8041C00F10BD000003
S315080361C01C2002A8224803210164A821C1631021C7
S315080361D001607047D80000AA442002A80400008082
S315080361E0100002A8FC0302A8040400002C1102A84C
S315080361F0106001A8D84001A8104001A8182102A8D8
S315080362000180000089050000600102A8B06101A8A9
S31508036210548001A8C82102A804340000482002A813
S31508036220B44000A8E43E00001CC101A8480002A827
S31508036230441002A8643F0000685000A8440002A85E
S3150803624014C001A81F1F0000010C000030C101A8DB
S31508036250082002A86C4800680121084209D16B4A44
S3150803626012686B4B000C1840F03291400B40984271
S3150803627001D00220704700207047F8B507000F3891
S315080362806A461080604CE0680A0004D16B461B8896
S3150803629082B29A423AD200226B461A800125022616
S315080362A03A0013D02268324007D000292ED0594825
S315080362B00088401C57490880002039002161564947
S315080362C00E6080B2B84201D369460D8053484560D3
S315080362D000E030BF2068304003D1FFF7BBFF00283A
S315080362E0F7D04D484560390010D02168314005D0B4
S315080362F048490A886B461B88D2180A80066000201C
S315080363002061E068B84201D244480660FFF7A2FF5D
S31508036310F2BD38B5040000F03DFB050001219920C4
S315080363204443A0093E4A12688018123880B2FFF720
S31508036330A4FF04008020C0013A490860280000F041
S315080363402DFB200032BD3348038835490968028886
S315080363509342F9D1100408187047FEB51238070C92
S315080363606946088000F016FB0190274C294D2888BA
S31508036370B8421ADA01202C490860274E30BF02209A
S315080363802168014006D03060400326490860288802
S31508036390401C2880FFF75EFF002802D12988B942EE
S315080363A0ECDB0121716000280DD12888B8420AD197
S315080363B0E06869460988884205D20021684600884C
S315080363C0FFF75BFF01E0FFF745FF04008020C001EC
S315080363D014490860019800F0E1FA2000FEBD10B5E3
S315080363E012490A680E4B1B680C689442FAD0DB0103
S315080363F04033141A02D288692418641C0C480068AE
S315080364004443181B10BD0000280002A804ED00E051
S31508036410FF3F00005C3E0000282002A8281002A8BF
S31508036420340002A880E200E02C1002A820C001A8CC
S31508036430B43F0000F0B502E00A601C602E607EC817
S315080364404F1C07D05F1C04D06F1CF5D10A601C6073
S31508036450F0BD0A60F0BD000010B5C409FFF773FF6D
S31508036460201A312806DAC000183801D4C01EFDD513
S31508036470002010BD2000FFF770FF10BDC32148435D
S315080364806F3801D41E38FDD50020704780B5FEF756
S3150803649027FB01208A49086001BD38B589490D687B
S315080364A0082489490C60FFF7F1FF254001D0874886
S315080364B0046031BD80B5EB2000F001F801BD30B5AD
S315080364C083490A68104010231A4210D0814A824C25
S315080364D02468234008D0AF4B1C682402FF252D02ED
S315080364E02540156300241C6080235B031360086042
S315080364F030BDF0B50024A84D00270BE0BC46075D68
S315080365006F43A60096597E400F5D6F433740664634
S315080365103743641C9C42F1D3380938438108014345
S31508036520480808430540E90929430F208A0B0A430B
S3150803653002405040F0BDF1B584B00E00954F0020DF
S315080365403860964DE87A0090A87A02900F20009951
S3150803655001400191009901420DD0019B904A91494E
S315080365600498FFF7C6FF0299014039608E484143F4
S315080365708E48084001D1012400E044010098001127
S3150803658016D03200009803061B0F29000498019EB3
S315080365906D7A75194019FFF7ACFF02990911014085
S315080365A038680A0102433A60002901D04800444387
S315080365B07F480068204001D1042000E0002005B090
S315080365C0F0BD80B50A00002111807A4952888018E7
S315080365D0FFF7B1FF02BDF0B50F22774B5C7905785B
S315080365E00F202040C5402009284001259C79C44036
S315080365F02C4001D10320F0BD374C2468254008D030
S315080366006E4D9E684700F65B761E2E608026B601A1
S31508036610EE60DD78DE79C640F00711D5E0060FD5C2
S31508036620002D0DD0664848600888488008881C787D
S3150803663000192A4080185A7880182A09801800E019
S31508036640002008800020F0BD10B55E4801685E4A48
S315080366500820014200D09061C90602D58C210901A0
S3150803666011605A495A4A5B4B1B681B040CD54B6885
S315080366705C0402D5C303136006E0C024A4011C40CE
S3150803668043029C4200D010600B68034005D0524B6E
S315080366901B689B0F9B0700D010600F480078C02328
S315080366A0034002D180204005106008682021084075
S315080366B010604A480068C00101D4FFF7FBFE10BD0D
S315080366C02C4000A84C4000A84C6000A84C5000A8D9
S315080366D06C3F00001C1002A8BC3E0000F8B5404FF2
S315080366E038687E6806403F4830403F490860802442
S315080366F0A4033E4DF00226D53D48016801200A064B
S3150803670005D53C490968A9602870022014E00142AE
S3150803671002D03949A9600FE00020C9060CD52849DB
S31508036720A96036498A7813071B0F0978591812097D
S315080367308918A980E880A888A880002801D026435C
S3150803674001E0FFF7B7FE264023D0274E7460346076
S31508036750A88800280BD0396A814208D3291D2848FE
S31508036760AA6890470100F3D0FFF790FEF1BD010038
S315080367700CD0FC218902F16122490203CA61346003
S315080367804C603A6A824204D30C60F1BDEB20FFF7F2
S3150803679096FEF1BD3C3E0000010101013C3F0000AD
S315080367A0F43E0000343F000011110000218400006C
S315080367B0F03E0000143F0000443F0000204000A8BC
S315080367C0BF210000F84F0000502102A8184001A875
S315080367D0481002A8684101A84C4201A8D04000A865
S315080367E0B44000A8FFFFDFFFB46000A8403E0000E6
S315080367F0BC3E0000A43B0000D3210000453F000037
S31508036800D84000A8B45000A870B505000C0000F0E5
S31508036810C1F80600FEF757FA200205430648056045
S31508036820022006490860FEF753FA300000F0B6F86E
S3150803683001200349087070BD04C0095040D00950AF
S31508036840603E0000FEB5C020C004334908603348E3
S3150803685033494865334888653348402404604460AF
S315080368601020FFF70BFE002854D1FF2000052F49FF
S3150803687008602F482F4908602F4829490860A5034F
S315080368802A4805602D4807680820FFF7F7FD002802
S3150803689040D108262A4806600120FFF7EFFD27485E
S315080368A0806801902748066027481D4908601F48E5
S315080368B005600820FFF7E2FD00282BD12048066073
S315080368C00120FFF7DBFD1D48806800901D48066020
S315080368D0134D1E4828600199009800F03FF8860674
S315080368E0B60E0198C10B0098C00B00F037F80102E9
S315080368F0FC20800108403043286010480760600385
S315080369000A4908601248046044601249016412493E
S3150803691041640020FEBD000020E000A857140000D3
S315080369204C0102A8FF3FFF3F601102A8B42002A84A
S315080369300000380EB41002A830300000104101A838
S31508036940105101A8106101A81010000020200000B2
S31508036950602102A8F703F000FF3F000010B54904C1
S31508036960CA104004C310991A00209A18D30F9A180C
S31508036970521052188B115B0E5B18DB11D2182023A9
S31508036980541A01D422001843CC0F611849105B0826
S31508036990F6D110BDEFF3108072B67047002800D108
S315080369A062B6704710B5C30018221A40FF249440F4
S315080369B0E3438907090E9140020004D473489208F9
S315080369C09200801806E0724A0007000F083880080C
S315080369D080001018026813401943016010BD80B582
S315080369E074225421002000F043FA01BD10B5FFF7C5
S315080369F0D1FF684901220A60674B684C2360684CDB
S31508036A0023600323674C2360674C2360674B1A6034
S31508036A10674B1A60674B80241C601A60664A1A60C3
S31508036A2011228A63FFF7BAFF3F20644909680140C8
S31508036A300A1D402A00D2081D614A1070AD4801702C
S31508036A4010BD80B501001120FFF7ACFF01BDFFF7AC
S31508036A50A1FF05000024012160B2FFF7A3FF641C10
S31508036A600E2CF8D301210F20FFF79CFF01211320D9
S31508036A70FFF798FF01211720FFF794FF0321012051
S31508036A80C043FFF78FFF01211E20FFF78BFF4D48F9
S31508036A904D49086002204D4908600120A049086055
S31508036AA047044B4C20693840FCD02068800101D448
S31508036AB0FEF7B8F82800FFF771FF46480068000399
S31508036AC011D4972252005321002000F0D1F90AE08D
S31508036AD000281CD0FEF7DDF819E020693840FCD001
S31508036AE02800FFF75BFF206E0004000F022801D180
S31508036AF0FEF742FDFFF74EFF0500714EFEF7D9F884
S31508036B0000287078E4D0002801D1FEF7CBF80121DC
S31508036B102E483278002A05D1774A1268920600D49D
S31508036B20016030BF00223270022202607C48016095
S31508036B30D3E77C480168406808407B490140174809
S31508036B400160880700D4704710B578480188491C46
S31508036B500180774C2078000617D5764802680F21FE
S31508036B60120B0A40032A10D1A94A12685207520F78
S31508036B70032A0AD80068000B0140032905D10D2012
S31508036B80FFF78BFCE08A401CE08210BD00E400E0BE
S31508036B901CED00E0040002A80000FF3F282002A81D
S31508036BA02C1002A840E002A844C002A804C001A809
S31508036BB0044001A8145001A8200060062C8001A8EF
S31508036BC05E3E0000FFFF9B4000E100E0602002A854
S31508036BD0500002A8F80702A8F8B5574C206865685C
S31508036BE005408C4805605548284007D0FEF774F8D9
S31508036BF0002803D02800884909688847874801215F
S31508036C000D4211D00222864B1A60864A12680A4040
S31508036C1007D10268F0231B051340902212059342FD
S31508036C20F3D00902804A116080210D4220D0A36A5D
S31508036C30F822D2011A401BD0C0231B019A4217D847
S31508036C4080263606894A1660A76AF822D2013A4090
S31508036C50384F3F683F043F0F022F01D0032F03D15C
S31508036C60002A01D09A42EFD3904A1660694A116006
S31508036C708F49097806290DDACC20800128401DD0D2
S31508036C80FFF788FE04002800FDF7BAFC2000FFF78B
S31508036C9085FEF1BD806B800510D58648284005D052
S31508036CA0FEF732FB2800FDF7ABFCF1BDA80205D5BC
S31508036CB080204001574908607F490860F1BD0000FC
S31508036CC0613E000010B57D4908684C6804407C485D
S31508036CD0046080210C4205D041607A480160002097
S31508036CE0FDF78EFC600403D58020400576490860CD
S31508036CF010BD00005F3E0000F40302A838B57349CF
S31508036D0008684C680440E00707D5FFF743FE05000B
S31508036D10FDF710FD2800FFF741FE6D48046031BDFD
S31508036D20601002A8280002A8FFFF00C05C3E00000E
S31508036D30BC3E0000B00002A8104001A802000600ED
S31508036D40FEB5644C206C676C074001252F4216D0AC
S31508036D502E0661480660206860490D60002802D047
S31508036D600021FDF7EDFE5E480068A021C9018842AF
S31508036D708041C043C00F5B4948705B480660FDF716
S31508036D8088FF0190022007403ED06268D1B2120AFA
S31508036D90564B08244A4E4703012924D0022931D1E8
S31508036DA0012A22D15249C978009151490978012209
S31508036DB08A4050490A604E49097849059022520487
S31508036DC0891803220A434C490A6037604B490F6006
S31508036DD01968009A89185965454909788D404849BB
S31508036DE00D6048490DE00090DFE7002A0AD14649BD
S31508036DF00D600021596577603760C104434A116005
S31508036E0043490C60354908600198FDF74BFFF7BD08
S31508036E10184001A8106001A8A83B00000C0002A8AE
S31508036E206C1102A8B44000A8B82002A870B5FDF7F3
S31508036E3030FF0400FFF7AEFD2F490A68D2070FD5C6
S31508036E402A4A536D1568334E3360CB6873604968B5
S31508036E50F1818021C904204B1960317B691851657A
S31508036E60FFF79CFD2000FDF71DFF70BDE06101A83B
S31508036E70002800D0704770B50C00FDF70AFF05001F
S31508036E80FFF788FD0600FDF71EFF2348046001216E
S31508036E90224A1160026C0A40FCD1FDF719FF300043
S31508036EA0FFF77CFD2800FDF7FDFE70BDE05101A844
S31508036EB02C3E000000104006145001A890C001A8FB
S31508036EC090E001A80CC001A804ED00E0C0C000A82A
S31508036ED0C0E000A800C002A8441002A840E002A827
S31508036EE0404000A8613E0000442002A818C00A508A
S31508036EF0753E000068E00A5060C101A894D001A855
S31508036F0068D00A50F42302A860E101A880E200E0F1
S31508036F10F41302A86C3E000000C0095040D0095083
S31508036F2080B5FDF7D9FE002801D000F0A4FE01BD07
S31508036F3080B5FDF713FFB348006800030AD4FEF7CC
S31508036F40ADF9FFF757F8FEF729F90120FFF728F8F7
S31508036F50FEF71AFD80208005FDF793FE01BD80B577
S31508036F60FDF7FCFE80204002FDF78BFE01BDFEB552
S31508036F700520694908606948056801273D4201D12A
S31508036F80FDF7F6FFFDF7EAFE6549086800909348A2
S31508036F9049680160A905CA0F69460A7100243D427A
S31508036FA010D00094984949680160974800688C494D
S31508036FB00B681A1A984202D38B69D218521C934B40
S31508036FC09A42F5D3924E346068460079002804D075
S31508036FD029000098FDF7F2FB009000253068384039
S31508036FE003D16846FDF7FCFF0500FEF73CF80028C9
S31508036FF046D08548407C002842D19948824EF1689C
S3150803700002690B689A4200D00124964A1378022B28
S315080370100DD2954A9446062253436246D25A8C4663
S31508037020230018214B436146C9184A6000E002252C
S3150803703000990191F1680122624018235A438C187A
S3150803704021680161A16801609648E16801602169C8
S31508037050016260699449086001A8FDF7C1FF002829
S3150803706008D180490978022904D27F4A062359435D
S31508037070515A6160290005000D4301D1777401E077
S31508037080002D02D10098FEF715F8884807600220FC
S3150803709087490860C820C004AE4908607804FDF72C
S315080370A0F0FDF7BDF8B59F4C0020E0638025EF029D
S315080370B0FDF7D9FF002808D09B480078002804D19B
S315080370C03800FDF7DEFD2560F1BD206CC00506D549
S315080370D080200006206000BF00BF40082060FEF73E
S315080370E0BBF89D480068C021090181439B4801609C
S315080370F0FDF734FEFDF7FCF906009948994908603F
S31508037100FFF70EFF3800FDF7BCFD002E00D0256003
S315080371100120B9490870F1BD5C1102A8440002A810
S31508037120B83F0000F8B5B54800688F4909680140BB
S315080371308E4801600120FFF784FCFDF70FFE8C489B
S315080371404421405C0521014002D0FDF7AEFE01E073
S31508037150FDF7B8FE734F012402258548406C284085
S3150803716000D03C601020C043A54908600026A54806
S315080371700660FDF7B1FD002802D000F0C9FD01E065
S315080371807B480660FDF76FFD9F480068396C090464
S3150803719007D4000705D5FDF77CFD9C490D60FDF76F
S315080371A081FDFDF769FDFFF74FFA9948006804402A
S315080371B00CD08020000697490968014006D08F49FC
S315080371C0896A084002D10D20FFF767F9A804FDF77D
S315080371D058FD0020FFF735FCF1BD0000383E0000DE
S315080371E020C001A880B5FDF7B9FD0648006800036D
S315080371F003D4FDF7D3FFFEF7C7FB80204003FDF753
S3150803720040FD01BD0C0002A8C83E000001FF0000B6
S31508037210343E000038B5FDF7A1FD424C2025FEF7A4
S31508037220A9FF002806D0606B000704D5FEF7CAFF3E
S31508037230FEF736FC2560FDF7B1FFFEF7A5FB76489A
S3150803724000780C210140042902D1FDF72EFE01E046
S31508037250FDF738FE6804FDF714FD4020206031BDB4
S31508037260348001A84C3E0000523E00001CB50520A0
S315080372706A490860FDF772FDFEF7A4FFB548006882
S3150803728000906846FEF7DAFB0400FFF749FE002C78
S3150803729002D10098FEF71EFC80204004FDF7F1FC9E
S315080372A013BD00001C4101A8284000A8442002A8D9
S315080372B0305201A8F8B5FDF751FDA74CA56A502031
S315080372C0284002D0FDF7F1FD01E0FDF7FBFD154F60
S315080372D0FEF750FF00281BD1B86B40071DD4786B07
S315080372E0E0214901014018D1A80611D4FDF7BBFCDA
S315080372F0A56A9A4E354207D0FF20C0432D18A562CA
S315080373008020000596490860FDF7B6FC2E4002D09A
S315080373100120386001E00020206080208004FDF70A
S31508037320B0FCF1BD100002A8D93E000080B5FDF7F8
S3150803733015FD8C480068C00501D5FDF72FFF012010
S31508037340FEF72EFEFEF720FB8020C004FDF799FC0E
S3150803735001BD0000106001A80C4001A8086001A83F
S3150803736070012000B46000A8883F00000C5001A8F3
S31508037370A83E000070B528480668FDF7EFFC802490
S31508037380A403794D2968090303D52000FDF779FC81
S3150803739070BD0321C00601D5314001E0B0080140A4
S315080373A0012902D1FDF781FD0BE0300107D50E2037
S315080373B0FFF76CF8A0480421016008210160FDF776
S315080373C081FDFDF7F2FD9D4E30699D490860FFF783
S315080373D0A7FD3068002807D04000122802D2FFF71D
S315080373E04DF801E0FEF795FF2000FDF74AFCA86B70
S315080373F08000FCD470BD0000613E0000084001A86F
S31508037400482002A83C3E0000844000A814E5035027
S31508037410404101A8D44101A8EC3E00005C1102A832
S31508037420F8B584B0012400250295FDF797FC03906F
S315080374304D4E3068000371D40320A2490864A2485C
S3150803744000680227FF2189010F220F230340032B1C
S3150803745003D0000B0240062A3CD19C4800684A68C0
S315080374600092326C3A4001D089680091FEF7B7FF63
S315080374700099401801D5019500E00190B06B00070B
S31508037480C10F6846017003229148006B1040022819
S315080374901AD10398C00617D58D480068C10512D5B9
S315080374A0F36B8C490B408B4203D110208549086442
S315080374B00AE0800508D4306C2821014004D1002451
S315080374C02748026000E000246846007802902000FE
S315080374D002D10EE008680190FEF74CFE002808D09A
S315080374E0FEF770FE0298002802D0FEF7D9FA00E0EC
S315080374F0002474480760002C11D075483021405C7D
S315080375000C210140042902D0F06BC00602D5FDF711
S31508037510CCFC01E0FDF7D6FC2020706014E0FDF7F3
S315080375203DFE802000060E4908600020C0436A49D4
S31508037530086001A8FEF782FA0400FFF7F1FC002CA5
S3150803754002D10198FEF7C6FA80200004FDF799FBDD
S3150803755005B0F0BDCC3F0000C43E000000FFFF00AD
S31508037560481002A8680102A80C0002A8FEB5002468
S315080375700194FDF7F3FBFFF7D3FC584EF06E584D15
S315080375800007000F07280ED1706800280BD40020C7
S31508037590FEF706FD28682A490860FDF781FD30686D
S315080375A0800044D5FBE701200321494A73685B073A
S315080375B00BD44C4B1B68034007D01368DF050BD568
S315080375C05B0502D43368DB0503D40190106B80098D
S315080375D004E01020444B1860106B00090140009129
S315080375E00020FEF7DDFC0098002805D17068C00668
S315080375F002D4FDF767FC01E0FDF757FC002001996B
S31508037600002903D139480068FEF7E9FE696940187D
S3150803761001D5009400E000906846FDF7E1FC0028D8
S3150803762005D10098FDF746FDA8690549086080203D
S315080376300005FDF726FBF7BD80E200E0AC3F00003E
S31508037640383E0000F8B5FDF789FB002400252848D5
S31508037650466B80277F05300606D5300709D5FEF722
S31508037660B1FDFEF71DFA29E001251E4800682840EA
S3150803767019D00020FEF794FC0220064002D01D49CB
S315080376800C60C8611C480468002D03D02000FDF770
S315080376902DF90400FEF796FD2000FEF71BFA3800C5
S315080376A0FDF7EFFAF1BD15480078C02101404029DE
S315080376B002D1FDF7FAFB01E0FDF704FC20200C4993
S315080376C00860ECE7082002A8B00002A80CC101A8CC
S315080376D0BC3E000010000010B46000A8440002A8D5
S315080376E0BC3F0000B44000A8481002A81CC101A86A
S315080376F0100002A8180000AAD83F0000EC3E0000BC
S31508037700FFF774F9024803494860FFF7A0F900BF79
S315080377104B2600000000000080B5EFF305800B2818
S3150803772001D23A2100E02921922252000020FFF7D4
S315080377309FFBFEE702030303030404040405050091
S31508037740000000010101010202020203030303030D
S3150803775004040404040000000101010107070808E2
S3150803776003030305040404050505060606070707B8
S3150803777008030202040404030405050606060607AD
S3150803778007070202020303030304040404050505A9
S31508037790050506060606010202020203030303039E
S315080377A00404040404050505050606060C0C0C0C5E
S315080377B00B0B0B0B0B0B0B0B0B0B0B0B0B0B0B0B08
S315080377C00B0B0C0C0C0C0C0C0C0C0C0C0B0B0B0BEE
S315080377D00B0B0B0B03040404040505050506060633
S315080377E0060607020202020303030304040404044D
S315080377F00505050505060606020202020707030430
S31508037800060704040303030304050603030506071F
S31508037810080405060403040403030405060603040F
S3150803782005060708C7BFBEBEBEB5B5B4B4ABABDC69
S31508037830DCDBDBD2D2D1D1C8C8C8C7BFBEBEBEBD8A
S31508037840B5B5B4B4B4DCDBDBD2D2D2D11B1B161666
S315080378502E2D2D2A29292925242420201F1B1B1BCD
S31508037860162E2D2D2A2A29292524242020201F1BBC
S315080378701B1B2D2DBEB5B5B4B4ABABABAAA2A1A148
S31508037880A1A099999898C7BFBEBEBDB5B5B4B4B4FF
S31508037890ABABABAAAAA2A1A1A19999990000000032
S315080378A003030303030202020202020203030202A0
S315080378B002020101010101010000000003030303A1
S315080378C003020202D0C7C6C6C6BDBDBCBCB3B3B2AB
S315080378D0B2B2A9DBDBDADAD1D1D0D0C7C7C6C6C6FE
S315080378E0BDBDBCBCBCB3B3B2DBDBDADA1F1F2D2BC1
S315080378F0221E2E2E323232312D2624303028231FD3
S315080379001B2B26222E322E2E31312D282424302CC1
S3150803791027231E1A62675F6D657373616765207235
S31508037920656365697665727300BE83605ADB0B37D8
S311080379306038A5F5AA9183886C00000056
S30D0803793CBC8CFC7F010000006E
S3110803794450790308C07D06208600000069
S31508037950C0EA2101C0EA210100800000C0175302D2
S31508037960D47D06200040310800A00000980F0020AF
S31508037970C8000000FE00000000000000981C030871
S31508037980C00A002030000000BD310008FFFFFFFFDA
S31508037990FFFFFFFFFFFFFFFFFFFFFFFFA8320308FD
S315080379A0DEFE64000A00280000000A5000000000FA
S315080379B00001020340420F00080000000000000017
S315080379C00001000000000000EC1700200000404002
S315080379D00000000001000000000000001000000085
S315080379E0100000000000000000FFFFFFFF0000007A
S315080379F0F3D40208F7D40208FBD4020800000000F7
S31508037A0001ED020800000000598201080000000089
S31508037A1000000000000000000582010800000000C5
S31508037A200000000000000000F182010800000000C9
S31508037A300000000000000000A58501080000000002
S31508037A400000000000000000898D01080000000006
S31508037A5000000000FFFFFFFF000000000000000019
S31508037A60FFFF0000B03A0308DFEE0208FFFFFFFF3F
S31508037A708BF1020887F10208FFFFFFFFFFFFFFFFF5
S31508037A808FF10208FFFFFFFF09F70208DF25000051
S31508037A90B9060208FFFFFFFF2000040000000000EC
S31508037AA000000200100000000000000000000000B3
S31508037AB000000000000000000A00010000000000AA
S31508037AC0020008000000576F6D6243617265020089
S31508037AD00A00080030303030303030300000020001
S31508037AE005000300303030000000020008000500DE
S31508037AF0302E302E3000000002000800000000007F
S31508037B00000000000000120008000000000000004A
S31508037B100000000012000100000000000200070038
S31508037B200000000000000000000000000000010241
S31508037B3002001700FFFF0D0000000000BF8FAF7F94
S31508037B408700370F10100004040F05140A280101D3
S31508037B50010101FFFF01640A01FF0D01FF0F030184
S30D08037B60D5050008AD05000870
S70508021F3F92
