:020000040800F2
:10000000C00A00206F9802087398020873980208CB
:10001000EDC50208739802087398020873980208E5
:10002000739802087398020873980208739802087C
:1000300073980208739802083D81020873980208B9
:10004000739802087398020873980208739802085C
:10005000739802087398020873980208739802084C
:10006000739802087398020873980208739802083C
:10007000739802087398020873980208739802082C
:10008000739802087398020873980208739802081C
:1000900055D30008A5EA020873980208739802086D
:1000A00073980208739802087398020873980208FC
:1000B000B1C3062073980208739802087398020867
:1000C000739802087398020873980208D18F000889
:1000D000739802087398020873980208492600086A
:1000E000292600087398020873980208739802087A
:1000F00073980208895E020885670208FDA103085B
:10010000F9A10308D15E020813A2030801A20308A3
:100110005567020805A20308E9740208C5670208CA
:10012000739802087398020873980208739802087B
:1001300013BA0208739802087398020873980208A9
:100140007398020859E90008739802087398020826
:10015000739802087398020873980208739802084B
:10016000739802087398020873980208739802083B
:10017000739802087398020873980208739802082B
:10018000739802087398020873980208B3C50308AD
:100190002D4A020873980208594802088D4802083F
:1001A00073980208739802087398020873980208FB
:0401B0007398020836
:1001C000F0B5114A114C124E00F00105E3695F07CA
:1001D00013D40DB9334213D103EA00078F4207D17C
:1001E0000B4A1A40002A14BF6FF001000020F0BD36
:1001F000013AEBD16FF00200F9E74FF0FF30F6E77C
:100200006FF00100F3E700BF8096980000000350F4
:10021000020001000B4B70B5D96911F480310DD18A
:1002200001244FF48072084E084DF46020462C647F
:100230001A61FFF7C5FF3464EC6070BD6FF0010018
:10024000FBE700BF000003500010035000200350E4
:100250004FF4803238B50E4B0E4C9A66E56941F684
:10026000713315400122E3630B4B0021DA60022356
:10027000606121202361FFF7A3FF10B92120FFF760
:100280009FFF0122054BDA600DB10023E36338BD07
:100290000090005000000350001003500020035055
:1002A00070B5134C6061E3695B071ED40E4656F8C7
:1002B000043B8D18A361AE420BD104230021212001
:1002C0002361FFF77DFF58B9BDE870402120FFF79B
:1002D00077BF08210846FFF773FF10B1042323619D
:1002E00070BD56F8043BA361E5E74FF0FF30F7E738
:1002F000000003502DE9F84316464FF48032184BA6
:1003000089469A6603F51C33DA69074602F4803899
:1003100041F67132DA63012203F58053114DDA6040
:1003200066B930460122104BDA60B8F1000F03D0F5
:100330000022A3F50053DA63BDE8F88307F5005403
:100340002C40E41BB44228BF344649462246384676
:10035000FFF7A6FF0028E5D12744A144361BDFE7BD
:100360000090005000E0FFFF0020035010B582B065
:1003700001A90DF1030000F0E7F8019A92F840306E
:100380005BB2002B0FDD0949D36A496B19420AD0D1
:1003900092F840100648074C013949B282F84010E3
:1003A00063634362836402B010BD00BF0000045069
:1003B00000100450002004502DE9F04F85B003A92F
:1003C0000DF10B0000F0C0F8039C94F82950D4F80C
:1003D0000C8004EB45039B8C94F82A60A068626B48
:1003E000216A08EB830306B1490803EB810C11680D
:1003F000494E21F07F4100EB810094F84210D778FC
:1004000001EB410106EB0111168908615068013EBC
:1004100020F07F4008EB800048614048009740EAA8
:100420000610C860206B064601903D488662466211
:1004300049696163E18C21B1013505F0010584F85A
:1004400029501832944553D3A646364FDFF8DC9036
:100450005EF8386B20E01AF0040F0CBF594694F890
:10046000291002F10C021CBF04EB4101898C5D6173
:1004700018BF08EB810121F00301C3F818E01AF05E
:10048000020FC3F81090D9611EBFD96941F0020173
:10049000D96162455B462BD852F80C1C12F8050C4A
:1004A00021F07F41043006EB810154F820B012F8AE
:1004B00009AC32F8025C596052F8080C32F8041C9E
:1004C00020F07F400BEB80000139986047EA011172
:1004D00003F11000196020F0030141F0020103F163
:1004E000200BD960002DB6D10C3262450346D3D91A
:1004F000009AD2070CD40C490C4A019858609960B4
:100500001A6053F8041C43F00202D96043F8042C2B
:1005100005B0BDE8F08F00BF5800045000003F0850
:1005200000100450080020083C1004500A00300855
:100530004FF0BA43196ADA6903F500530A40DA61E9
:10054000704700BF000000005FF800F065AE0308D0
:10055000000000000000000000000000000000009B
:10056000013800D0FCE77047D0B51BA7D7E900677A
:100570002DED028B04469FED1A8AD4ED007AF4EE3D
:10058000C87AF1EE10FA0CDA13A7D7E900679FEDED
:10059000158AF4EEC87AF1EE10FA0ED4BDEC028B97
:1005A000D0BD17EE900A0EF02FFD32463B460EF0FE
:1005B000CBFB0FF043F82060DFE717EE900A0EF058
:1005C00023FD32463B460EF0C1FB0FF037F807EE35
:1005D000900A2060DDE700BF182D4454FB2119402C
:1005E000DB0F4940DB0F49C02DE9F84F4FF00043C6
:1005F00023FA00F057EC106B59EC118B93468A46A6
:100600000EF0F0FC424604460D464B463046394655
:100610000EF052FD02460B46204629460EF04CFDD8
:1006200009A3D3E9002304460D460EF0D5FF38B1E7
:100630009FED050B59465046BDE8F84F0CF0F4B855
:1006400045EC104BF6E700BF000080FFFFFFCF41F5
:100650002DE9F0432DED028B1F460B7F83B0072B56
:1006600080460E4614460C9D14D140F20241836B25
:10067000984728B9012003B0BDEC028BBDE8F08398
:10068000A86240F202414046D8F838309847002826
:10069000F0D0E862227F337F072A22D1092B22D0B3
:1006A000072BE7D1D4F80C80B8F1000FE2D1414616
:1006B000DFED5D0A47F6FF709FED5C0AAB6A5C4AAE
:1006C0000CF0FAFCEB6A4146DFED570A9FED590A40
:1006D000594A5A480CF0F0FCE368EB61A3682B62BE
:1006E00001E09A42C6D1337F092B3BD0072B40F063
:1006F0008980F368002BBDD1E368002BBAD194ED5B
:10070000027ADFED4F7AB4EEE77AF1EE10FACCBF61
:1007100077EE677A77EEC77A9FED4A7AF4EEC77A7A
:10072000F1EE10FAA6DCB0680EF06EFC8046386878
:1007300089460EF069FC02460B46404649460EF0DB
:10074000BBFC37A3D3E900230EF0E0FD05F108045C
:1007500041EC100B204601A90CF066F8019BEB6000
:10076000002088E7237F072B3BD1E36813F5004F78
:1007700080D194ED027ADFED347AB4EEE77AF1EECF
:1007800010FACCBF77EE677A77EEC77A9FED2F7AB3
:10079000F4EEC77AF1EE10FA3FF76CAFB0680EF0E6
:1007A00033FC41EC180B38680EF02EFC05F1080400
:1007B00041EC100BB0EE481AF0EE681A2146052005
:1007C00001AAFFF711FF01991F22E96005202DF012
:1007D000A0FE0EF007FC01F100410EF007FFA8613A
:1007E000BEE7092B7FF446AFE36880337FF442AF66
:1007F00094ED027ADFED167AB4EE677AF1EE10FA34
:10080000CCD037E7012B7FF435AF237F012B7FF46A
:1008100031AF38680EF0F8FBC5E90001A0E700BF72
:10082000140014001400243F80000038A000203978
:10083000B7E8020880008037A9E802080080FFFFBF
:10084000000000386F120333000080376F128332CC
:100850000000803B0000000051EC100BC1F30A5374
:100860002DE9F041A3F2FF350C460646132D22DC9C
:10087000002D41DB384B0F4643FA05F801EA080327
:1008800003431DD032A3D3E900230EF05FFA002208
:1008900000230EF0A1FE40B1002C03DA4FF48013C8
:1008A0002B411F4427EA080400262346324643EC26
:1008B000102BBDE8F081332D06DDB5F5806F2BD010
:1008C00041EC100BBDE8F081A3F213434FF0FF376A
:1008D000DF403842F4D01EA3D3E900230EF036FAED
:1008E000002200230EF078FE0028DED0002C3346D4
:1008F00020DB23EA0706D8E715A3D3E900230EF08F
:1009000025FA002200230EF067FE0028CDD0002C2F
:1009100009DB00263446C8E702460B460EF016FAFD
:1009200041EC100BCEE724F0004426430DD14FF0EC
:100930000044BAE7142D06D0C5F134050122AA40BF
:1009400013449E42D5D90134D3E70026034CACE7CB
:100950009C7500883CE4377EFFFF0F000000F0BF6D
:100960000348044B834202D0034B03B1184770473E
:10097000B4C60620B4C6062000000000064B074996
:10098000C91A891048BF0131491003D0044B0BB17B
:1009900001481847704700BFB4C60620B4C60620F9
:1009A0000000000010B5064C237843B9FFF7D8FFCC
:1009B000044B13B10448AFF300800123237010BD32
:1009C0001EBE062000000000F855040808B5054BBF
:1009D0001BB105490548AFF30080BDE80840FFF7AB
:1009E000CDBF00BF00000000C80D0020F85504086E
:1009F000A3F5803A704700BF174B002B08BF134B7D
:100A00009D46FFF7F5FF00218B460F461348144A19
:100A1000121A2EF02FF90E4B002B00D098470D4BD9
:100A2000002B00D098470020002104000D000D4845
:100A3000002802D00C48AFF300800FF087FA2000A6
:100A400029002EF031F80FF07DF800BF00000800FB
:100A50000000000000000000C00A0020C00A0020C2
:100A600040C00620000000000000000037B504462A
:100A700013F0A0FC002840D1214B20766361A368CD
:100A800043F48013A3602BF016FEA368A0801B0321
:100A90000CD4B0F5FA7F09D93BF087F9012105465E
:100AA00008463AF03DFB28463BF07AF9204613F021
:100AB000A9FC0546F0B9134816F0F8F930F015F81E
:100AC00012F038FA31F026FC2FF0B7FC2A4601214B
:100AD00004202FF0DFFF01A88DF8045013F048FE2A
:100AE0000321042015F0F0FE0A2011F0F3FF204648
:100AF00027F01AFB284603B030BD0025FAE700BFF7
:100B00000504030084C6062008B5044904481FF004
:100B100059F9BDE808401FF085B900BF8CC603082D
:100B200074C703084FF08052014B5A60704700BFF2
:100B300000ED00E0F8B50E460546D0B1C9B10E4B48
:100B40000E4F1968386802F03BFD044678B9062359
:100B500032460B49386802F0FBFD044638B90123E0
:100B60002A460849386802F0F3FD00B12C7020468F
:100B7000F8BD2124FBE700BFF4C3062014C40620FF
:100B80002C0004003C00040008B504483BF024FBA2
:100B90002DF039FFBDE8084000F07EBB30EE0308C1
:100BA00001483BF019BB00BF30EE030870B52A4E78
:100BB00092B0354605AC0FCD06F114050FC40FCD2C
:100BC0000AAC0FC495E80F0084E80F00234B2448BB
:100BD00007930AAB09934FF48073ADF82C303BF0C8
:100BE000FBFA20483BF0F8FA0421B38E0DEB01002C
:100BF0000022ADF8043028F0CAFEF38E0022042152
:100C000002A8ADF8083028F0C2FE338F002204217C
:100C100003A8ADF80C3028F0BAFE0223012204210B
:100C200004A8ADF8103028F0B2FE0F4805A905F071
:100C3000F5FA0E4B0E4A0020C3F8CC244FF00212F6
:100C4000C3F8C424A2F58032C3F8C8241C22C3F818
:100C5000B42412B070BD00BF08C80308A05A320007
:100C60003CEE030830EE030800C0085000C00350FB
:100C70000200030010B50446012027F068FA76212F
:100C8000054829F02AFD2146034829F026FD0020C9
:100C900027F05DFA002010BD00C0085070B5054671
:100CA000C0F3C7100E46144665F07F05FFF7E2FF5C
:100CB000012027F04CFA0948E9B229F00EFD26443C
:100CC000B44204D1002027F042FA002070BD002178
:100CD000024829F002FD04F8010BF1E700C00850BA
:100CE00013B5044601214F200DF10702FFF7D6FF8F
:100CF0009DF8073003F0E003802B1BD00AD8402B6F
:100D000014D002D8A3B90E4B0DE0602B0AD00120FD
:100D100002B010BDC02B0FD0E02B0FD0A02BF6D10E
:100D2000084B00E0084B00202360F1E7074BFAE78F
:100D3000074BF8E7074BF6E7074BF4E7074BF2E7FB
:100D400000007A3D0000FA3A0000FA3B00007A3CCD
:100D50000000FA3C00007A3B00007A3A0000FA39C1
:100D600038B504460D46C0F3C710FFF783FF0120D6
:100D700027F0EDF904F07F01054829F0AEFC294683
:100D8000034829F0AAFC002027F0E1F9002038BD33
:100D900000C00850DFED497AB4EEE70AF1EE10FA30
:100DA00010B52DED028B54DCDFED457AB4EEE70A89
:100DB000F1EE10FA52DCDFED437AB4EEE70AF1EE21
:100DC00010FA50DCDFED407AB4EEE70AF1EE10FAEB
:100DD0004EDCDFED3E7AB4EEE70AF1EE10FA4CDCC1
:100DE0009FED3B8AB4EEC80AF1EE10FA4ADCDFED63
:100DF000397AB4EEE70AF1EE10FA48DCDFED367A24
:100E0000B4EEE70AF1EE10FA44DCF3EE027AB4EE47
:100E1000E70AF1EE10FA42DCF2EE027AB4EEE70AEB
:100E2000F1EE10FA40DCF1EE087AB4EEE70AF1EEEA
:100E300010FA4FF00B003CDD0C24B1EE098A27F0CC
:100E4000CCFA204627F0DEFAB0EE480ABDEC028B61
:100E500010BD03209FED218A0446F0E704209FED9A
:100E6000208A0446EBE705209FED1E8A0446E6E74C
:100E700006209FED1D8A0446E1E70F209FED1B8AA7
:100E80000446DCE707209FED1A8A0446D7E70820CE
:100E90000446D4E709209FED178A0446CFE70A20CD
:100EA000B3EE098A0446CAE70B20B2EE098A04466B
:100EB000C5E70D24B0EE098AC1E700BF0080BB453D
:100EC00000803B450080BB4400803B440080BB4326
:100ED0000000C84200009642000014420000FA459B
:100EE00000007A450000FA4400007A440000FA430A
:100EF0000000484300004842B7EE007AC7EE007A8F
:100F00009FED057AC0ED157AC7EE007A80ED140AE0
:100F1000C0ED167A704700BF35FA8E3CF0B52DED66
:100F2000048B0F4600F15C050446D0ED098A90ED74
:100F30000A9AD0ED0B9A85B028461646B0EE408A44
:100F400027F0A7FD002F48D094ED097ADFED386A2D
:100F5000B4EEE67AF1EE10FA3FDBDFED367AB4EE6E
:100F6000E77AF1EE10FA38D894ED0A7AB4EEE67A20
:100F7000F1EE10FA31DBB4EEE77AF1EE10FA2CD88C
:100F8000F5EEC09AF1EE10FAF1EE688AB1EE490A78
:100F900004F1680725DB0FF08BFC8DED010AB0EE44
:100FA000680A0FF085FCB1EE400A28463A4601A9CE
:100FB0008DED020A8DED038A27F0A3FD284627F068
:100FC0005BFD0EB900236366D4ED147AB6EE000A19
:100FD000284680EE270A27F074FD05B0BDEC048B8F
:100FE000F0BD0FF065FC9FED149A39EE400A8DEDCF
:100FF000010AB0EE680A0FF05BFC38EE098AB1EE28
:10100000400A01A88DED020A8DED038A27F034FD18
:101010003A46284601A927F074FD284627F02CFD02
:10102000D4ED187AF1EE677AC4ED187AC9E700BFFB
:10103000DA1B7CBFDA1B7C3FDB0F494070B50446EE
:1010400000F05AF80128054626D104F1240630465E
:1010500000F0DCF83146204604F1440627F095FC08
:10106000304600F0E1F8D4ED117AF1EE677AC4ED84
:10107000117AD4ED127AF1EE677A31462046C4ED4A
:10108000127A27F09EFC29462046BDE870409FED6D
:10109000030A0022FFF742BF70BD00BF000000003E
:1010A0007FB502250E4E0F48357027F04CFC27F017
:1010B0004CF9044660B90DF1030027F059F80446D5
:1010C00030B9032301A8337027F063FA044610B146
:1010D00027F04CF800252046357004B070BD00BFE5
:1010E0001FBE0620E00D00200022024B1A7027F0E0
:1010F0003DB800BF1FBE0620014B1878704700BFE7
:101100001FBE062030B501212DED028B0223B0EE6B
:10111000408A1B4D83B0002208462B7027F0DBF974
:10112000B0EE480AFFF736FE164C002084ED000AA8
:1011300027F092F9012027F07AF9602027F0A1F931
:10114000A02027F0B3F9322009F086FA002101200F
:1011500027F0F3F901A827F096F894ED000A0A4861
:1011600027F010FC94ED000A0748FFF7C5FE06487B
:1011700027F043FC01232B7003B0BDEC028B30BD84
:101180001FBE06205C0E0020E00D00201A4AD36B23
:101190006BB392ED0C6A9FED197A07EE903A26EE4A
:1011A000076AF8EE677AC6EE276A92ED0D6AFDEEE1
:1011B000E66A26EE076A16EE903AC6EE276AFDEE5C
:1011C000E66A038016EE903AD2ED0E6A66EE876A02
:1011D00086EEA77ABDEEC77A438017EE103A838079
:1011E00000231363536393630023D3637047038027
:1011F00043808380704700BFE00D002000007A44E8
:101200000148FFF71BBF00BFE00D0020054A127820
:10121000012A04D00022026042608260704726F0FA
:10122000D2BF00BF1FBE0620054A1278012A04D093
:101230000022026042608260704726F0F4BF00BF67
:101240001FBE062008B5094B1B78012B01D00020DA
:1012500008BD27F03AF8064A1368013313600028E6
:10126000F5D0044A136801331360F1E71FBE06206E
:10127000580E0020540E00209FED060A00F10C03CA
:10128000B0EC017AF1EC017A984207EE270AF7D127
:10129000704700BF000000002DE9F0415E4C92B0A5
:1012A00009AD94E80F0085E80F000DAA174604F178
:1012B000100304F1200C164618685968083303C659
:1012C00063453246F7D11868544B08A93060187945
:1012D0003AF07DFF52483AF07FFF52483AF07CFFE7
:1012E0004FF4807308985049ADF83430814228BFDC
:1012F00001460C9729F0A5FB29464FF4E0650A90BA
:101300004A4805F0A9FD494829F043FB474829F020
:1013100069FB464829F052FBB4F8248001220421DD
:101320006846ADF8008028F032FBE78C00220121EE
:1013300001A8ADF8047028F02AFB268D01220421B3
:1013400002A8ADF8086028F022FB0122042103A8BE
:10135000374CADF80C5028F01AFB364B4FF4487060
:10136000C4F8C8344FF00213C4F8C43403F5803312
:10137000C4F8CC341C23C4F8B43409F0F1F907A83C
:10138000ADF81C5001F0A2F8142009F0E9F907A803
:10139000ADF81C5001F08AF8232009F0E1F907A804
:1013A000ADF81C5001F092F8B921204829F03FFB1C
:1013B00007A8ADF81C5001F079F8002204A81146E6
:1013C000ADF8108028F0E3FA002205A81146ADF828
:1013D000147028F0DCFA0122002106A8ADF818608C
:1013E00028F0D5FA0122002107A8ADF81C5028F0FA
:1013F000CEFA0E4805F0F6FC00230A48C4F8B434CF
:10140000C4F8C834C4F8C434C4F8CC343AF0E7FEA5
:1014100012B0BDE8F08100BF44C8030804EF030820
:1014200030EE03083CEE0308E070720000C0085084
:1014300000C003500200010010B50A46044619B16D
:10144000024B00211B68984710BD00BF70C80308FD
:101450000E4B0340B3F1607F06D1B1F5885F0CBF3E
:1014600000206FF086007047B3F1707F0BD101F45C
:10147000E043B3F5005F06D111F4E06F14BF002024
:101480006FF0860070476FF0860070470000C07FE5
:101490008A42F8B506460D4600F0CD806A4B22F42C
:1014A000FF7121F00101994210D0684922F0FF0339
:1014B0008B420BD022F47F7020F00300A1F5706105
:1014C000884203D001F5A0618B4227D15E4B25F401
:1014D000FF7121F00101994210D05C4925F0FF0312
:1014E0008B420BD025F47F7020F00300A1F57061D2
:1014F000884203D001F5A0618B420FD115F0FF00A7
:101500000BD0534B40F00070984240F0968082EA36
:101510000500FF288CBF00200120F8BD05F0FE4328
:10152000B3F1A06F11D102F0FE43B3F1A06F72D1FD
:1015300082EA050333F47E136DD128046BD5C5F31D
:101540000540C2F305429042E4E7B3F1407F62D127
:1015500002F0FE43B3F1407F5DD182EA050030F432
:101560007E1458D131462846FFF772FF002864D117
:10157000384912F47C1701EA020116D0B1F1607FFC
:10158000C2F3054336D1D1B241F0007101F17E4181
:101590000339102901D83048445C15F47C1F2FD141
:1015A0009C4214BF00200120B7E7B1F1607F0AD14F
:1015B000D3B243F0007303F17E43033B102B40D8BA
:1015C0002649CB5CDFE7B1F1707F17D106F4E04329
:1015D000B3F5005F33D10123C6F302218B4006F43B
:1015E000E041B1F5005FD8D10120C6F3022600FA30
:1015F00006F4D2E7B1F1707FCFD1F0E73B46CCE7FC
:101600001FB9C5F30541A14215D0290403D5C5F37F
:10161000054098427EE725F47F03B3F1106F0CD1AB
:1016200002F0FE43B3F1106F07D10D48104040F0B7
:101630001060A842B5E701206FE700206DE73B4648
:10164000CDE73B469FE700BF0002000600130006FF
:10165000FF0000020000C07F74C8030874C80308BC
:101660000000FFF637B50D4D0C466B78022B12D1FA
:101670002B78072B0FD100230A460193014601ABBB
:10168000281D29F0C3FD20B9019BA34218BF6FF0AC
:10169000930003B030BD6FF08800FAE7600E0020C1
:1016A00038B500F0FE43B3F1407F04460D4602D04A
:1016B0006FF0860038BDFFF7CBFE0028F8D114F498
:1016C0007C1F18D0C4F30543032B137022D9224A80
:1016D0002240B2F1607F31D1E4B244F0007404F1F1
:1016E0007E44033C102CE3D81C4A125D9342DFD8A1
:1016F000142BDFD90EE0184B2340B3F1607F0FD1DC
:10170000E3B243F0007303F17E43033B102B04D993
:10171000002313706FF08500CCE71149CB5CD3E751
:10172000B3F1707FF4D101F4E043B3F5005FEFD182
:101730000123C1F302218B40DBB2C5E7B2F1707F18
:10174000B6D105F4E042B2F5005FB1D10122C5F394
:101750000225AA40CAE700BF0000C07F74C8030882
:1017600074C803082DE9F843884617461C4600F064
:10177000A1FB0546002844D1D8F80060B6F80090D7
:1017800009F4E043B3F5804FB36808BF27F00107C1
:1017900037EA03032DD1A4B3244B24F4FF7222F0C3
:1017A00001029A4210D0224A24F0FF0393420BD048
:1017B00024F47F7121F00301A2F57062914203D0FD
:1017C00002F5A06293421FD114F0FF0304D0194A1E
:1017D00043F0007393421ED022464846F168FFF75B
:1017E00057FE074668B9224648463169FFF750FE62
:1017F000D0B96FF0840500233046C8F8003027F0D8
:1018000003FF2846BDE8F88304F0FE43B3F1407FB0
:1018100004D12304E0D56FF08605ECE7B3F1A06FA7
:10182000F7D0044B9C42D6E73D46EAE700020006AB
:1018300000130006FF0000022DE9F04F9B46002335
:1018400089B08DF81B30159B9246DDE91289002B7B
:101850000E460B460CBF4FF400624FF4806207A99E
:10186000149FFFF77FFF044610BB079D3046298871
:101870000DF11B02FFF714FF0446C8B99DF81B00C9
:10188000484531D8D5E908126B681B0A012B20D0D6
:10189000184CA34200D053BBCDE90307334628467A
:1018A000CDE901B8CDF800A02AF00FF8044608B140
:1018B000C7F800904A46214640463B6827F097F912
:1018C000079827F0A1FE002C18BF204609B0BDE8FC
:1018D000F08FCDE9030733462846CDE901B8CDF8AE
:1018E00000A029F095FFE1E76FF08904E0E76FF0D1
:1018F0008604DDE7020080002DE9F04F0646002057
:101900008BB00F4614469946CDE90600099218603F
:10191000002A00F09880B2F1005F80F0978006AA5C
:10192000314607AB27F008FB024628BB069B5A6AE4
:101930008AB1069DA8466A686B88120A012A089334
:1019400058F824AF2B6A6DD042498A425FD01AB34F
:101950006FF0860210E073681B0A15D0012B04D0CB
:101960003C498B420FD00992F2E7304609A909940D
:1019700027F02DFD024638B1DDE90601059227F07A
:1019800042FB059A3FE009940999069827F068F907
:1019900002460028CDD0EFE70DF1200B2246394654
:1019A0002846CDE9018BCDF800A0059329F00DFF65
:1019B00010F1860F0246059B09D12246394628467A
:1019C000CDE9018BCDF800A027F06DF9024606980D
:1019D000002AD1D14288089B7ABB43804FF6F87227
:1019E00093422DD8338813B102889A42B0D17388BC
:1019F00013B142889A42ABD14A46079927F0EAFAD6
:101A000002460028B8D110460BB0BDE8F08F08AAF6
:101A1000CDE90182394622462846CDF800A029F0BA
:101A2000D4FED3E708AACDE90182394622462846EA
:101A3000CDF800A029F07AFDC8E79A42CED087E71A
:101A40006FF0850298E76FF08602DCE76FF08502A1
:101A5000D9E700BF020080002DE9F043994600233A
:101A60000C46016885B005461746039300295BD1F3
:101A700000F10808982240462DF0FCF8B9F1000F5B
:101A800020463B460CBF4FF400624FF4806203A92E
:101A9000FFF768FE0446002848D1039C3846218899
:101AA0002A1DFFF7FDFD0646002844D16B7969F336
:101AB00000036B716168D4E90823090AB9F1000FCA
:101AC00020D0012915D01E48814200D0A9BB214653
:101AD0004046009729F032FF044638BB04232B60B0
:101AE000039827F091FD002E18BF304605B0BDE8E1
:101AF000F08321464046009706F010FF0446A8B93F
:101B00000523ECE7012909D00D48814200D0A1B995
:101B100021464046009729F059FFDDE7214640461F
:101B2000009729F09AFEE9E76FF08804284627F02D
:101B30006EFA2646D4E70446F8E76FF08604F5E728
:101B4000020080002DE9F04F00249B4601F0FE4387
:101B50008FB0B3F1806F0F46DDE918689246DDF86B
:101B60006890099440F085800B464FF4807209A973
:101B7000FFF7F8FD054600287FD1099B1B8803F479
:101B8000E042B2F5005F1CD113F4E06F19D03F4979
:101B900027F480728A420AD001F500718F4206D084
:101BA0003B498F4203D0A1F53F418A4209D101242C
:101BB000C3F302239C40102C0ED900266FF083053E
:101BC00034E042F20402934202D1324B9F420DD0E4
:101BD000314B9F420CD10D24A04550D321460AA879
:101BE000FFF740FD054620B100261FE00C24F3E777
:101BF00000240998D0E908126EB306EB040C45687E
:101C0000A8EB04032D0A012D27D0DFF890E07545DD
:101C100000D07DBBCDE905390AAB0093CDE903BC0B
:101C20003B46CDE9014A29F04EFE0546099827F0CA
:101C3000EBFC07463DBB38BB24B1224630460AA91F
:101C40002DF044F8D9F800301C443846C9F800405B
:101C50000FB0BDE8F08FB446D1E7CDE905390AAB46
:101C60000093CDE903BC3B46CDE9014A29F0CEFD06
:101C7000DBE726466FF08605D8E72646D6E700263E
:101C80006FF08905D2E72F460024DEE70010C0047C
:101C900000FF4004000180040013C0040200800023
:101CA000002307B51A460091024927F0A1FA03B0B4
:101CB0005DF804FB88C8030810B5114C2378580759
:101CC00044BF03F0FB032370990705D500F098F893
:101CD000237823F00203237063781BB10023094AA1
:101CE000636053600023082106486370FFF7A4FB7C
:101CF0002378DA0744BF23F00103237010BD00BF2F
:101D0000600E0020640E002038B51A4D6A782B78DA
:101D1000022A01D1072B1DD0DC070BD429F06BFA66
:101D2000044610B929F070FA04462B7843F00103F9
:101D30002B70E4B9980707D400F05AF82B780446C2
:101D400043F002032B7090B96A780AB9D90704D41A
:101D50005A0708D50024204638BD07496A604A6002
:101D600002226A70F4E743F004032B70F2E7FFF7F6
:101D7000A3FFF0E7600E0020640E002000F1404356
:101D8000032B70B505460E460CD82822174C02FBD3
:101D90000344237E022B02D1636983421ED06FF07D
:101DA0008B0021E0012127F009FC70B10F4B0022CC
:101DB0001C46197E022902D15969A9420BD0013271
:101DC000042A03F12803F4D1E9E76FF087000BE060
:101DD0006FF0960008E0282303FB0244204627F01A
:101DE000E0FB0028F4D1346070BD00BF6C0E002011
:101DF0000122024B002083F8A02070476C0E0020C7
:101E00002DE9F0410A4C002526464FF00108032732
:101E10002046C4F81C802776013526F07FFF042D6C
:101E200004F12804F4D1002386F8A030BDE8F08145
:101E30006C0E0020F8B51E4D064695F8A0300F46F2
:101E400083B300242B462246197ED1B13CB9022926
:101E500005D1D96919B91979002918BF1C46013271
:101E6000042A03F12803EFD114B96FF08C0006E0C7
:101E7000204627F096FB204626F050FF10B10024A4
:101E80000EE01C46237E83B9012323763EB1651BF9
:101E9000ED1003F1CC335D4305F180453560002042
:101EA0003C60F8BD6FF08800E9E76FF09600E6E768
:101EB0006C0E0020F7B50026294B0E6093F8A03079
:101EC00007460D46002B48D0FFF758FF10F18C0F46
:101ED000044627D129463046FFF7ACFF044608BB2D
:101EE00001232E68CDE900006946304677617360B2
:101EF00001AA27F00CFC044628B9DDE9001230469F
:101F000026F0C1FE0446DDE9000127F0FEFB28684B
:101F10005CB126F003FF14F18C0F08BF6FF087044B
:101F200000232B60204603B0F0BD8368D90444BF72
:101F300043F4806383609A0444BF43F40063836086
:101F4000037E012B04BF0223037627F02AFB0446FD
:101F50000028E7D06FF09604E2E76FF08804E1E72D
:101F60006C0E002030B40D4D2C681C606C685C60F9
:101F700000249C605468DC6014881C8254885C8255
:101F800094685C61D4689C61126930BCDA61196242
:101F90000A46014603F124002CF098BE8CC80308C1
:101FA0002DE9F843232904460F4691469846089E9A
:101FB00004D86FF098052846BDE8F883082219492F
:101FC0002CF02FFE05460028F3D1A368002BF0D19A
:101FD000216A243F8F42C8F80010EAD3B1F5005FB0
:101FE000E7D271B9C9F80000E3687360238A3380CF
:101FF000638A73806369B360A369F360E3693361E3
:10200000D9E701202AF0CEF8C9F8000030B1D8F89D
:10201000002004F124012CF059FEE5E76FF08C0557
:10202000C9E700BF8CC8030808B507F08DF9014B5C
:10203000186008BD100F0020024B0349186829F0F2
:1020400037BD00BF100F002094C8030870B50C4CBA
:102050000C490646206829F02BFD07F075F9054666
:10206000206807F065F93046FFF7E6FF284607F0DD
:102070005FF920680449BDE8704029F019BD00BF30
:10208000100F002096C8030898C8030807B5082059
:1020900027F065FC0222064B6846CDE9002327F0B5
:1020A0008AFB082003B05DF804EB27F063BC00BF97
:1020B000006A18100348044A0449121A921027F0C3
:1020C000D9BB00BFC00100086005000840C0062061
:1020D00008B5154B83F30A8800F030F8FFF7EAFFE4
:1020E000124B13498B4212D30020124B12498B42E0
:1020F00018D3FEF781FC186850F82240586840F861
:102100002240013298688242F5D30C33EAE700227C
:10211000F8E71C6844F8220001325C68A242F8D358
:102120000833E4E70022F8E7000000200056040826
:102130000C5604080C5604080C5604084FF4804151
:10214000144B154A70B59A60D3F88820134D42F4A9
:102150007002C3F88820124A05F5005491664FF0CA
:10216000FF3222666FF4003262660D22A2660222FE
:10217000C3F8D020BFF34F8FBFF36F8F4FF44036BB
:10218000002007F0C7F80020E66007F0A7F82E61EE
:1021900070BD00BF00ED00E00000000800800044BA
:1021A00000900050014B1860704700BFE8C3062044
:1021B000054B1860054B1B6F03F00703032B01D180
:1021C00038F062BB704700BFF0C3062000800050AB
:1021D00030B5056887B0AB8804461848ADF80C30B8
:1021E00039F0FAFF0022012103A827F0D0FB0DF1FE
:1021F0000B0103A827F0DFFB9DF80B3083F00103F0
:102200002B70AB79022B15D14FF0FF330022CDE9B3
:10221000043304A90A4B009403A800F0CDF9049BF1
:10222000009401330CBF04220122054B05A903A829
:1022300000F05CF9002007B030BD00BF30EE0308AD
:10224000A3980208002307B52948019339F0C4FF79
:102250004FF44073012204216846ADF8003027F0A6
:1022600096FB0122234B0520C3F8442401A939F031
:10227000AEFF002839D1204BD3F8F02042F0010204
:10228000C3F8F020D3F8FC2042F08072C3F8FC20A1
:102290001A4AA3F55D431A60019B194A03F5D52339
:1022A00003F2FC43B3FBF2F3164A013B1361022332
:1022B000C2F8F0304FF48073C2F804334FF060433B
:1022C000114AC3F8B02F114AC3F8802ED3F8002E5C
:1022D00042F48072C3F8002EFF2283F82020D3F846
:1022E000002E22F48072C3F8002E03B05DF804FBC8
:1022F00030EE030800D0035000ED00E0FF03004083
:10230000F8590D00000004E055CEACC509000100ED
:102310004FF06043D3F8802E30B5D20715D5012495
:102320000B4D8440D5F8FC2042F08072C5F8FC20AB
:10233000D3F8002E2243C3F8002E53F82020002AA1
:10234000F0D003F82010002030BD1120FCE700BFC2
:1023500000ED00E070B506460C46057839F02EFD1C
:10236000737D01461BB139F024FD042070BD074B7D
:10237000AA003CB1206813445860084639F019FDA2
:102380000020F3E713445C60F7E700BF004004500F
:102390002DE9F84F9B46254B1646002914BF8A4667
:1023A0009A460127DAF80080044639F007FDD8F88C
:1023B0002C50B7403D40814605D039F0FAFC042549
:1023C0002846BDE8F88F0A9B31465046C4E90335DC
:1023D000C4F804A02670C4F808B0A58227F0D6FA85
:1023E0006368986839F0F8FE114B986839F0F4FE8C
:1023F00029462046FFF7AEFF072E13D82246314666
:10240000284606F0A9FD0B4A3146284606F08CFD09
:1024100008F5805347F0004208F500585F635A659D
:10242000C8F84070484639F0C4FCC9E744EE0308D8
:10243000C8EE0308C3BE030870B5044601260C4D60
:1024400004B970BD94FAA4F0B0FA80F006FA00F274
:1024500024EA0204C200AA580F2805EBC001C8BF35
:102460001038002AECD04968C0B29047E8E700BFB6
:10247000140F002008B50C4839F0AEFE272006F0F6
:102480003BFF28B1272006F045FF272006F026FF56
:10249000282006F031FF28B1282006F03BFF282035
:1024A00006F01CFF002008BD30EE030848B10122F1
:1024B000437801789A4030235943034B00205A5007
:1024C00070472220704700BF40D0035048B101221E
:1024D000437801789A4030235943034B00205A50E7
:1024E00070472220704700BF40E003502DE9F041C3
:1024F0000D4690461F460446002836D0002934D0A9
:1025000039F05CFC23780646FF2B05D04246204676
:10251000296804F0BFFD28602868421C0BD123788D
:10252000FF2B1CD1124B6078D3F8241428F09CFAAE
:10253000431C286013D00F49069B41F8307001EB13
:10254000C0014B602378FF2B04D001230A4A83404B
:10255000C2F82434304639F02CFC002003E0304629
:1025600039F027FC2D20BDE8F0812220FBE700BFD9
:1025700000C00350140F002000D003500F2838B5BE
:10258000054613D839F01AFC01230024084AAB4051
:10259000C2F82034C2F82434064B43F8354003EB2C
:1025A000C5035C6039F005FC204638BD2120FCE7FE
:1025B00000E00350140F00202DE9F0410D46904635
:1025C0001F46044650B349B339F0F8FB237806465A
:1025D000FF2B05D042462046296804F0E1FD286023
:1025E0002A68531C14D00E49069B103241F83270F1
:1025F00001EBC2014B602378FF2B04D001239340F1
:10260000084AC2F82434304639F0D3FB002003E0F6
:10261000304639F0CEFB2D20BDE8F0812220FBE7CB
:10262000140F002000D0035008B504F0D9FC054B6E
:1026300000F0553020F0A040C3F82004BDE8084069
:10264000FFF7FABE00E0035008B504F0C9FC054BE3
:1026500000F0AA3020F02040C3F82004BDE8084074
:10266000FFF7EABE00E003502DE9F04F144606469E
:102670000F4689B00393C36B01225B6904A96068AC
:102680009847F36B01225B6905A93846984704A86F
:1026900027F004FE054650B10023A37563754FF083
:1026A000FF33A3600025284609B0BDE8F08F05A8D8
:1026B00027F001FE0123A375237E04EBC303DF6132
:1026C0001D846368BB420ED1206005A827F014FE6C
:1026D0004FF0FF332075A360237D043B022B26D8E7
:1026E0000023A375DEE723681A1A53425341A375EA
:1026F00005A827F001FE237D834218BFA57505A814
:1027000027F0DDFD804604A827F0D9FD804518BFDD
:10271000002305A818BFA37527F0D8FD804604A89C
:1027200027F0D4FD80451CBF0023A375D4E705A87E
:1027300027F0C5FD80B1F36B022238465B6906A91C
:10274000984706A827F0C9FD0346207D032839D8FD
:10275000DFE800F03838040905A8F3E7CC22237E2F
:1027600004EBC3031A8401F0ADFA129B187005A89C
:1027700094F8188027F097FD04EBC80888F8220029
:10278000237E05A804EBC303B3F820A093F82280AE
:1027900027F095FD814605A827F098FD8346B9F1FD
:1027A000000F14D0F36B022238465B6906A99847E4
:1027B00006A827F058FD607568B90023A3754FF08F
:1027C00000093CE0227E04EBC2021384CBE705A89B
:1027D00027F034FDEFE794F81690B9F1000FEED032
:1027E000BAF1000F0DD1B8F1000F1DD00123E37530
:1027F000637E002B3FD1B8F1010F30D184F81980EE
:1028000014E0736C07EB0B015A4287EA0100104297
:102810001CBF0022A2755A1E0A409B1A9A45CCD8AA
:10282000A37D002BDFD1CAE7E37D43B94FF0000958
:1028300053465A463946304627F077FAA060A37DC2
:1028400013B12269524422611F49227E09789142C4
:102850001AD901322276039ACAB91D4623E796F89F
:1028600034307BB9F36A0133E2D1B8F1030FDFD121
:102870000123A376DAE7B8F1010FE0D0B8F1030F36
:10288000D4D1F5E79946D3E70023A3750BE7002BD6
:102890003FF409AFE57D002DDFD0B9F1000F11D174
:1028A000B8F1030F3FF4FFAEA1684B1C3FF4FBAE41
:1028B000129B2246009330460123FFF7D5FE0546C2
:1028C000A075F0E64D46EEE698EC03082DE9F04FD2
:1028D0000E46984600238BB004464FF0FF31104659
:1028E00017468DF8133001F0D7F9B6F5801F20D2C6
:1028F000314605AA04F1080027F01EFC451C0146DC
:1029000003D1237CBBB92D2010E0384601F0C4F977
:102910000122394620460DF1130327F058FA00280A
:10292000EFD09DF8133088F8003000200BB0BDE8E0
:10293000F08FB01CE5D1E56A691C36D12046616A8A
:1029400027F039F90546B31C18BF0123DFF8CC90F6
:102950000193636A626C0293236805A902FB053A3E
:10296000E36B05225B695046984705A827F030FDC8
:1029700027F053FD504627F05BFD4FF0000B8246D9
:1029800001464B1C05D0636C81EA0A025B4213428C
:1029900011D02946204627F00EF9029BAB422CD0DD
:1029A000BBF1000F2CD10546D3E72368ED1A636C09
:1029B000B5FBF3F5C7E7484601F06EF90DF11303D7
:1029C00049462046019A27F002FA034690B1B21C0C
:1029D00003D0D9F80020B2420CD19DF81320039304
:1029E0000D4B88F8002049461A6838462CF06EF9DD
:1029F000039B9B46D9F80810C3E7BBF1000F82D0B8
:102A0000B6F5801F91D2314698F800307A6804F10B
:102A1000080001F06FF888E794EC0308881600209E
:102A20002DE9F3410446174698460E46184D816A33
:102A3000E36A8B4201D04B1C02D102B0BDE8F081A9
:102A4000284601F029F90122294620460DF1070305
:102A500027F0BDF938B14346294620469DF80720A6
:102A6000B8470028E9D0A9684A1C04D16968204603
:102A700027F02EF90146012EDAD16B6881EA0302B4
:102A8000636C5B421A4218BF4FF0FF31D0E700BFC2
:102A90005C1600202DE9F0474FF0FF334FF6FF7230
:102AA0000025044600F108078AB0C0E90923C36283
:102AB000056205633846884627F00FFB204626F05E
:102AC000FAFF60BB2046414627F0C5F8204626F0B5
:102AD000F2FF60BB5E200AB0BDE8F0872368E26BBE
:102AE000606C566900FB0530052205A9B04705A8B2
:102AF00027F06EFC012806460CD12946204627F017
:102B00007BF8012E024600D101322946204626F0EC
:102B1000F1FF03E027F086FC0028EED10135E369E0
:102B20009D42DBD3204626F0C6FF0028CAD02046AF
:102B300026F0F1FF4FF6FF72636A934200F0A68021
:102B4000E26B666C2068694606FB03005569052246
:102B5000A847684627F013FC626A2368606C4C4DF6
:102B600000FB023027F064FC4FF0FF33A062E36209
:102B70002A466FF00101204605ABFFF7A7FE0028AB
:102B800046D1AD6829462046E56226F070FF2063F5
:102B900020B92046E16A27F09BF8E06229462046EA
:102BA00027F096F80546A36A9D4233D1204626F0C9
:102BB0001CFF00268046B146E36999453CD3B045E9
:102BC00059D92046616A26F0F6FF0027054604F130
:102BD000400AB74212D3626C2368694602FB05398A
:102BE000E36B05225B6948469847684627F0C7FBB8
:102BF000534602464946E06B27F01CFC2946204616
:102C000026F0D9FF0137B8450546E2D1642062E7D6
:102C1000A56AB7E72946204626F029FF236B2946F7
:102C2000034406462363204627F052F80546002E4B
:102C3000B9D1C4E90B06B6E7636C2568052203FB2E
:102C40000955E36B05A95B692846984705A827F055
:102C5000BFFB27F0E2FB58B1284627F0E9FB01460D
:102C6000204626F004FF636C143B984208BF0136EF
:102C700009F10109A0E7384627F02FFA0023204682
:102C80001946044AFFF7CCFE002024E7672022E71C
:102C9000B4160020BD9D02082DE9F041036B90465B
:102CA000826B90B09A4288BF8363426C436A076824
:102CB0000E4602FB0377C36B01A905225B6904463C
:102CC0003846984701A827F083FB01280146307059
:102CD00057D0656CE26B2368606AD2F814C005FBBC
:102CE0000030052206A9E04706A827F071FB01285D
:102CF0004FF0000523D0D4E90A3201219342CDE9F7
:102D00000B458DF834800E958DF83C102AD119466C
:102D1000204626F0DDFF236B626C14339B1AE062C1
:102D200023630C9B53B99DF83C303BB1626A616CE4
:102D30002368E06B01FB023127F002FB0C9DE36B83
:102D400005225B6901A93846984701A827F040FB96
:102D500030702846236BA26B9A4288BFA36310B0E1
:102D6000BDE8F081237C33B91C490BAA04F10800AB
:102D700000F00EFFD5E72046194A0BABFFF750FED7
:102D8000CFE7237C23BB2246164904F1080000F05C
:102D9000FFFE616A204626F02FFF616A421C204632
:102DA00026F0A8FE054620B9236B626C1344143B41
:102DB00023632046A16A26F08BFF2368A062C01A15
:102DC000636CB0FBF3F06062204626F0C4FFB6E708
:102DD00000232046044AFFF723FEDAE70D350008FA
:102DE00089340008579E0208F39D020873B50D460A
:102DF000D11E4A421C461B7E4A419A4226D129686E
:102E00002368994222D3636899421FD8114E0DF16D
:102E100007033246FFF75AFDC0B972686B689A42E1
:102E200014D19DF80730DA1E53425341227E93425B
:102E30000CD1636901336361D4E90323934205D262
:102E40002968A26842F8231001332361012002B0EF
:102E500070BD00BFB41600202DE9F04F9A468BB02C
:102E60009DF85030DFF850B10293DBF81030804607
:102E700053450D461646C0F09880D146DBF8043025
:102E80000193B9F1000F00F08C80D8F83C3001229A
:102E90005B6907A90198984707A827F00CFADBF8A7
:102EA0000030984240F0848007A827F00FFA0428E9
:102EB000074614D107A827F010FA019B029A04468E
:102EC0003B44002A3ED1864212D91446361A404667
:102ED000019926F0FDFEA9EB04090190D1E7D8F88D
:102EE0003C3002225B69019808A9984708A8E2E7EC
:102EF000841B544528BF5446032C03EB0607AAEB5A
:102F0000040A1DD9D8F83C30294638465B69A20826
:102F1000984724F0030304F003061F441D44002EC9
:102F2000D5D0D8F83C3001225B6908A938469847CB
:102F30003246284608A935442BF0C8FE0026C6E7CD
:102F40002646ECE7074600F00302039203442A18E2
:102F500004920593049BDD1B059BD81B039B9F429A
:102F60000FD1002FB3D0D8F83C30012208A95B69FB
:102F700098473A46284608A92BF053FE78B93D44B5
:102F8000A5E7D8F83C30012208A95B6998470422DC
:102F9000284608A92BF045FE08B9043FDAE74FF0B0
:102FA000360948460BB0BDE8F08F4FF06309F8E7EB
:102FB0004FF06F09F5E700BFE01600202DE9F04162
:102FC0000F4616469846044688B060B390F83450D1
:102FD000FDB1012126F064FD00210E9BCDE9051114
:102FE000CDE902379DF83C30CDF804808DF81C30D7
:102FF000237C04968BB90D4901AA04F1080000F066
:10300000C7FDDDE90553E06B002E08BF1D4626F025
:1030100030FF284608B0BDE8F0812046044A01ABE5
:10302000FFF7FEFCEDE70546F3E700BF219E02082F
:10303000ED2D00082DE9F04F99B0CDE90B230E4698
:103040000A69416CD31D1439B3FBF1F3013302EB70
:10305000C302036B04469342C0F00F820023DFF8E3
:1030600020940993E36A48461946079300F014FE3A
:10307000D6E9033705930C9B022B1CD1CC2F40F0D3
:1030800074810B9B8BB13146204626F050FF656C56
:1030900014900B9B63B1E36B01225B69706816A906
:1030A000984716A827F00BF90CE0059B1B681493B2
:1030B00008230E930DE0782F656CEAD80B9B002B4C
:1030C000E9D1F07D00280CBF04230823782F0E934C
:1030D00028D901230025089308230393336808990E
:1030E0000C98C9F80030C9F8107027F009F90023CE
:1030F0000F930D9306930A93039BDDF81CA09B0886
:1031000089F814001193616C03984A1E0AEA0202BE
:103110008B1AEFB10544AB421CD8236B5B1A1344E6
:10312000236386E0079A6B1E1340EB1A3A1D934205
:1031300007D257B1082BCCD8002304250893039558
:10314000CCE7002504230895C7E704250897F6E790
:103150008342E2D3039AB8469B1A9F4228BF9846FF
:1031600052449F42049278D90123D9F8102089F85B
:103170001730974276D1C9F804A0069399F8173012
:10318000002B71D099F818200699D31C09EBC303C2
:103190000132C3F804A0A3F80880997289F81820B6
:1031A000B8F1000F14D00C9B022B60D10F9B7BB9A0
:1031B0000D9B4344032B0BD9E36B01229B690498BD
:1031C00014A998470546002840F0D58001230F93A5
:1031D000069B16A80193089B009399F81420434678
:1031E000316800F00FFDE36B50469B69119A16A9F8
:1031F0009847051E099B18BF5346039A09935146E9
:103200004346204626F091FD236B039AC9F8080037
:103210009B1A08F1030222F003029B1A2363002D7C
:1032200040F0A9800D9BDDF810A04344A7EB0807F0
:103230000D935146204626F04BFD00258246002F77
:103240007FF461AF8E4A3168936804F10800E3624D
:1032500052680C9B00F04EFC89E0069B002B18BFC7
:1032600003238AE7022388E7C9F804A098E70B9BA9
:10327000002B30D1059BB8F1030F03EB080B27D9C6
:10328000DDE90401E36B4FEA98029B699847054624
:10329000002864D118F003025ED0059B28F00305D6
:1032A0002B440593049B1D444FF0FF33059915A84B
:1032B00015932BF00BFDE36B284601229B6915A9A2
:1032C00098470546CDF814B0002D81D0049B94E7B3
:1032D0004246049DE8E706F12003DDF810B01093A4
:1032E000F37D70689BB10023357E0A9AD9B2A9425A
:1032F00011D2109903F1010C31F83310914225D904
:103300000E9906EBC303D8690A44104403E00E9BF0
:103310000A9A13441844E36B01225B6915A9984784
:10332000159B012213930A9B584604330A93E36BBF
:1033300013A99B699847049B05464344A3EB0B03E1
:10334000042B06D970B90BF1040BC9E76346521A76
:10335000CCE7CDF810B0B7E7CDF814B038E7CDF82A
:1033600014B0B3E7CDF810B0B0E770252F4638465B
:1033700019B0BDE8F08F3D2DF8D104F10803039397
:103380002368079A606CD71AB7FBF0F700FB073089
:1033900027F04EF8E16A8246204626F099FCA16AA1
:1033A000D4F830E08142626C59D0D9F8083002F18B
:1033B000FF3CAEEB020103EA0C030B4423630999C3
:1033C0002368E062CB1AB3FBF2F847453BD1079B79
:1033D000B3EB0A0711D0E36BBA0851469B699847D3
:1033E0008346E36A079A3B44E362236B03989B1A84
:1033F0005344236326F071FE5F462368616CE06BE3
:1034000001FB083126F089FF204626F054FB2046B8
:1034100026F081FB626A2368606C00FB023027F0B3
:1034200007F8A062204626F096FC20636FB132694F
:10343000616CD31D1439B3FBF1F3013302EBC3020A
:1034400090429DD292E70027D7E704F1080026F0CA
:1034500044FE3B46394620460A4AFFF7E1FA326904
:10346000616CD31D1439B3FBF1F3013302EBC302DA
:10347000236B9342BFF4F6AD78E71C2777E700BFD4
:1034800088160020BD9D0208032A2DE9F341064657
:103490000D4617461C4606D1237A012B23D0012066
:1034A00002B0BDE8F081DFF86080096842460DF1A6
:1034B0000703FFF70BFA60600028EDD19DF8073095
:1034C000032BE9D0D8F804206B689A42E4D1237A20
:1034D0002969012BD4F80CC007D172690CEB0103E8
:1034E000934202D92074207CDAE708316144E1601C
:1034F0003B46012229463046FFF79CFD60600028CC
:10350000CAD00020CCE700BFB41600202DE9F3415B
:10351000032A1746089C06D1237A012B25D00120C7
:1035200002B0BDE8F0812668DFF890803046424660
:103530000DF10703FFF7CAF960600028ECD1256898
:10354000D8F80400A96A6A6C4840534210EA030C98
:10355000E2D1237A012B0AD1E068D8F81030034475
:103560007069834203D984F810C0207CD8E72868AA
:10357000EB6A1B1A081AB3FBF2F3B0FBF2F08342BA
:103580000BD1706CF36A421E1340326B121A134453
:103590002846336326F09CFBE862D8F81020E368E5
:1035A00008321344E36001223B4604492068FFF7D8
:1035B00041FD60600028AFD00020B1E7B4160020C4
:1035C0002DE9F0410025604B0E46D3F800800446FB
:1035D0001D6018B921252846BDE8F08190F83470A7
:1035E00007B30A6803689A4240F0A4804A684368B7
:1035F0009A4240F09F808A6883689A4240F09A809D
:10360000CA68C3689A4240F095800A6943699A4241
:1036100040F090808A69C36B9A4240F08B804B697E
:103620008361D8E768223946856B2BF023FBD6E906
:103630000212336804F1080023607368A5636360B5
:10364000336963617369A36126F059FDB36904F1BD
:103650004000E3639B68984720B9676C17B16368C3
:10366000B3FBF7F794F84330E761002BB2D00023A7
:10367000656C2366002D65D0002F63D02368B3FBF3
:10368000F5F205FB1233002B56D16668B6FBF5F355
:1036900005FB1363002B4FD1204626F0D8F9A36910
:1036A000043303449E4249D340F634726369CC3BF1
:1036B000934245D8B5F5805F44D30321204626F0D8
:1036C000EFF9D4E90001E36B1B6898470546E36B0B
:1036D0000220DB689847D5B941462046FFF7DAF962
:1036E0006428054604D141462046FFF7D3F9054634
:1036F0006DB9636C226A143B204602FB03F626F088
:10370000A6F9A369043303449E4238BF5A25002D0D
:103710000CBF0123002384F8343007D1D4E9000121
:103720000A4A13680133136026F083FDE06B26F02C
:10373000A0FB50E75D254EE759254CE75A254AE79F
:103740005F2548E75B2546E718100020141000208D
:103750002DE9FF410C4616461F46054688B390F8F2
:10376000343083B3B1F5801F2FD2DFF8648001219C
:1037700026F096F94246214628460DF10F03FFF741
:10378000A5F80246C8B99DF80F30012B10D1D8F822
:103790001030BB4213D1009031462846FFF75CFB46
:1037A0000446E86B26F065FB204604B0BDE8F081D6
:1037B000022B0CBF60242D24F3E72D24F1E76324B2
:1037C000EFE72124F0E71124EEE72924ECE700BF1E
:1037D000E01600202DE9F04385B00E4617461C4642
:1037E0000546DDF83080A0B390F834309BB3B1F5D6
:1037F000801F32D2DFF86890012126F051F94A4645
:10380000314628460DF10F03FFF760F8E8B99DF83F
:103810000F30012B14D1D9F8102004EB08039A4281
:1038200015D322460090434639462846FFF714FB3D
:103830000446E86B26F01DFB204605B0BDE8F0838A
:10384000022B0CBF60242D24F3E72D24F1E7632421
:10385000EFE72124F0E71124EEE72924ECE700BF8D
:10386000E01600202DE9F3411E4600230C461746C2
:103870000546336050B390F834304BB3B1F5801F38
:1038800028D2DFF85480012126F00AF92146424669
:1038900028460DF10703FFF719F80446A0B99DF873
:1038A0000730032B10D0022B03BF01233B600423FE
:1038B000D8F8103018BF38603360E86B26F0D9FABA
:1038C000204602B0BDE8F0812D24F6E72124F7E779
:1038D0001124F5E72924F3E7E016002073B5044628
:1038E000416926F099F8626E236B024493422CBF23
:1038F00000220122834294BF00231B1A207C84F8FB
:103900005020636584F85800A8B100230B4E1A4676
:1039100019462046009626F0CEFB002305461A469F
:1039200019462046009626F0CFFBE36828449842CB
:1039300094BF0020C01AE06502B070BDFFFF0F0009
:103940002DE9F3471E4643690446B34288461746AD
:103950009DF828904FD300258DF8075020466169C7
:1039600026F05AF8D4F830A082450AD2236AB5EB83
:10397000430F06D2002220460DF10701FFF78CF914
:10398000B8B39DF80730012B05D1002220460DF178
:103990000701FFF781F9B9F1030F06D03146204640
:1039A00026F03AF8256B854227D3154D4FF0FF31AD
:1039B000284600F071F94B46294600222046C5E909
:1039C0000376C5F80080FFF735FB236E054663B12B
:1039D0002046FFF783FF94F8503013B994F858301D
:1039E0001BB1236E04F150009847284602B0BDE891
:1039F000F0870135B2E76225F7E71C25F5E700BF40
:103A0000B41600202DE9FF410F4690461E4605469C
:103A100098B390F8343093B3B1F5801F31D21A4C7B
:103A2000022126F03DF82246394628460DF10F03C3
:103A3000FEF74CFF024678B1012342460093394617
:103A400033462846FFF77CFF0446E86B26F011FA60
:103A5000204604B0BDE8F0819DF80F30012BEBD17A
:103A60002169B142E8D10093414633462846FFF729
:103A7000F3F904460028DFD1E7E72124E8E7112421
:103A8000E6E72924E4E700BFE016002030B50C4645
:103A9000054685B028B390F8343023B3B1F5801FC4
:103AA00023D2022125F0FCFF0DF10F032146284609
:103AB0000F4AFEF70BFF034688B99DF80F20032A33
:103AC0000DD003222146009202462846FFF738FF18
:103AD0000446E86B26F0CDF9204605B030BD2D2414
:103AE000F7E72124F8E71124F6E72924F4E700BFDB
:103AF000E01600202DE9F043466886B30568984635
:103B00004FF0000CA946AE4655F83C400CF1010CB4
:103B1000C4F31307013401D0B94217D0B4450EF1F4
:103B2000080EF1D12F46002403E0B44207F1080744
:103B300012D055F8343001340133F6D1C1F31301FA
:103B400041EA0851C7E90012BDE8F08341EA085193
:103B5000CEE90012BDE8F083B8F1030F03D10123D1
:103B60000372BDE8F083002303E0B34209F10809C2
:103B7000F5D055F833400133C4F30754032CF4D186
:103B8000C1F3130343EA0853C9E90032BDE8F083E7
:103B90002DE9F0410646406882B0B8B10F46904624
:103BA0000024336853F8345003EBC403C5F30752C1
:103BB000C5F31301013506D05B683046CDF80080AF
:103BC000B84718B1706801348442EAD302B0BDE846
:103BD000F08100BF024B1968024B1868FFF7F0BC78
:103BE000F4C3062014C4062008B538F0DEF8014BF3
:103BF000186008BD0C170020014B186838F0D0B8C9
:103C00000C17002073B504462248012A00EAC111AE
:103C10009DF8185023F07C4007D9961E012E28D914
:103C2000073303F07F03194308E09DF81C300A4373
:103C3000DB0603F0C053134343F060410023C4E9A3
:103C400000108DF80730B5B1202221460DF1070094
:103C500026F00AFC1A220DF10700211D26F004FCB3
:103C6000082063689DF8072043EA8263636002B01E
:103C700070BD1143E2E71B220DF10700214626F03B
:103C8000F3FB23689DF80720042043EAC263236006
:103C9000EDE700BF80FFFF0738B5094B0D461A68F6
:103CA000002104462AF0E6FF00234FF0FF32238371
:103CB000C4E900252361A260E382A37638BD00BF7A
:103CC00094EC03080138C0B205289ABF014B185C78
:103CD0000120704799EC03082DE9F041074615468D
:103CE00000240E46596888B0490A012922464FEA45
:103CF000510104F10104F8D8DC78997824031B8879
:103D0000C90201F4006104F480540C43C3F30A03B4
:103D10005203234492B24FF000089C18274B6FEADD
:103D20000444039325F07843ED4302A90DF1070005
:103D30001B2202938DF8078026F096FB9DF8072042
:103D4000029B02A943EAC2630DF107001B2225F082
:103D50007845049302958DF8078026F085FB9DF841
:103D60000720029B6FEA144443EAC26305934FF0B5
:103D7000FF330794069307A9BB69012206F11000DF
:103D80009847BB6905A90446012206F10800984737
:103D9000BB69404518BF044604A90122301D98475D
:103DA0000122404518BF0446BB69304603A9984725
:103DB000404508BF204608B0BDE8F08101009AB236
:103DC0007FB500210546084604F0E0FF00200DF114
:103DD0000E0105F061F8064658B90DF10F0105F026
:103DE0005BF89DF80E20044638B11146304605F0C8
:103DF00079F80F4C204604B070BD05F12406034647
:103E000000900C493046FEF7C3FA696D304605F163
:103E10003C06FEF79FFA3046074B9DF80F200549F8
:103E20000095FEF7B5FA3046A96DFEF793FAE1E783
:103E3000092000F044EE0308D9A4020801292DE965
:103E4000F84304D90239012948D9BDE8F883474B22
:103E5000474D1C68474E484FA83C14F1A80FF4D0BA
:103E6000D4F80080454B98450AD0454B984509D079
:103E700003F58043984505D003F58043984501D06C
:103E8000237F03BB0521404626F000FC3B4B9845B1
:103E90001DD03B4B98451CD003F5804398451AD064
:103EA000384AA3F5A723A3F54373904514BFB94639
:103EB000994637F07AFFD9F8003043F01803C9F873
:103EC000003037F06DFFD4F8A840A83CC5E7A946FC
:103ED000EFE7B146EDE7DFF8B090EAE7234B244D7A
:103EE0001C68244E244FA83C14F1A80FADD0D4F880
:103EF0000080224B98450AD0214B984509D003F504
:103F00008043984505D003F58043984501D0237F31
:103F100003BB0021404626F0B9FB184B98451DD045
:103F2000174B98451CD003F5804398451AD0154A85
:103F3000A3F5A723A3F54373904514BFB94699464B
:103F400037F033FFD9F8003023F01803C9F80030F8
:103F500037F026FFD4F8A840A83CC5E7A946EFE70C
:103F6000B146EDE7DFF82090EAE700BF1017002028
:103F700094C40350B4C4035074C403500000015BE4
:103F800000C0085000400950D4C403502DE9F0414E
:103F90000B68A54A054693420C468EB00BD0A34A47
:103FA000934208D002F58042934204D002F5804249
:103FB000934240F0F1809E4F37F000FF3B68A83BF2
:103FC00013F1A80F16D19B4E37F0F3FE0FCE0DF173
:103FD000180CACE80F0096E80F0010368CE80F00C4
:103FE0000FCE0DF1040CACE80F0006AB05936DB9D4
:103FF000914C04E09D4206D137F0DBFE8F4C204609
:104000000EB0BDE8F081D3F8A830D8E7AC2200218B
:1040100028462AF02FFE2368834A93420CD0834A15
:1040200093422BD002F5804293422CD002F580427D
:1040300093422DD0824CE2E7002682488249834A8F
:104040002B600123A64685F8843005F1040CC5E9F0
:104050001512A867BEE80F00ACE80F009EE80F003D
:104060008CE80F00637E012B08BF8DF81D30A37E06
:10407000032BDFD8DFE803F014118688012674488B
:104080007449754ADCE7022674487549754AD7E7D2
:10409000032675487549764AD2E704238DF8123015
:1040A000227EE368012A4FF000026FD171498DF83A
:1040B00011208B429CBF05238DF835306E4B6F4825
:1040C000039338F089F8AB6F986838F085F8236966
:1040D000DA1F092AAED8063B8DF81030237E2BB9A3
:1040E000E37EB3FA83F35B098DF81C300121284687
:1040F00026F013FA01A9206802F090F8237A2279B9
:10410000760142EA034206F1A04303F57033C3F897
:10411000AC24617A627942EA0142C3F8A424A17A0C
:10412000A27942EA0142C3F8A8241C22C3F89424CD
:10413000E27E4AB9E17AE27942EA0142C3F8982480
:10414000012141F29442995037F038FE4C4B1A78D5
:10415000FAB901221A7037F02CFE06F043FA28460D
:10416000FFF72EFE0446002840F022813B681BB971
:104170004449454806F0C4F82D4805F1A80125F04A
:1041800057FB3CE7022389E7062387E78DF83420B5
:1041900095E737F00EFEE2E73C4F06AE0FCF0FC6B5
:1041A00097E8070086E80700002D3FF421AFAC2216
:1041B000002128462AF05EFD2368354A93420ED03E
:1041C00002F58042934229D002F5804293427FF467
:1041D00031AF4FF002082F482F49304A04E04FF02A
:1041E00000082F482F49304A2E462746C5E91512A8
:1041F000A86746F8043B0FCF0FC697E80F0086E884
:104200000F00637E012B08BF8DF82630A37E032BA1
:104210003FF610AFDFE803F05450B4B74FF0010899
:1042200022482349234ADFE70000015B00C0085011
:1042300010170020A0EC0308012000F00A2000F075
:10424000022000F018EF030880EF030884EF030852
:1042500004EF030878EF03087CEF0308F0EE03088F
:1042600070EF030874EF0308DCEE030868EF03083F
:104270006CEF03083F4B4C0040420F0030EE030848
:1042800020BE062018C4062014170020D4EC030812
:1042900000000A505CEE030834EF03083CEF03080B
:1042A0009CEE03085CEF030864EF03087CEE030850
:1042B00048EF030850EF03084FF40073ADF82830BF
:1042C000237E3C48012B03BF00238DF825304FF49B
:1042D000E133E368089337F07FFFAB6F986837F0FE
:1042E0007BFF23691A1F0C2A3FF6A4AE033B20680C
:1042F00006A98DF8243026F003FBA3696FF317237A
:104300002BB94FF480322B6803F580539A60237ADF
:104310002679607946EA0346637AA17940EA034048
:10432000E77EA37A244A41EA03414FEA48136FBB70
:104330001A44C2F83868C2F83008C2F83418E17A72
:10434000E27903F1A04342EA014203F57033C3F876
:1043500024281D22C3F820280121284626F0DDF854
:1043600037F02CFD154B1A78FAB901221A7037F084
:1043700020FD06F037F92846FFF722FD04463EE609
:104380004FF480739AE74FF4407397E71344C3F8F0
:104390003868C3F83008C3F834181C2308F1410802
:1043A0004FEA481842F80830D6E737F002FDE2E756
:1043B000034C24E630EE030800C0035020BE062064
:1043C000092000F0044BD3F88420D206FBD4D3F8A4
:1043D0008400C0F3811070470040005038B5174B7F
:1043E0000546D3F828310C4603F00703013B052BA3
:1043F00020D8DFE803F003131B0F0B1736F01EFA6B
:10440000052305B1286004B1236038BD36F016FAE3
:104410000623F6E736F05CFA0723F2E736F04EFAA9
:104420000323EEE736F04AFA0423EAE736F042FACD
:104430000223E6E700231846E3E700BF00800050B0
:10444000002337B50193164B0546D3F820320C46AE
:1044500003F00703042B21D8DFE803F0030B111648
:104460001B0001230DB1019A2A6004B1236003B03F
:1044700030BD002101A8FFF7B1FF1223F2E736F0AB
:1044800027FA07230190EDE737F09EFC0A230190FD
:10449000E8E736F071FA09230190E3E70023E1E74A
:1044A0000080005038B5104B0546D3F850320C460A
:1044B00003F00303022B12D0032B08D0012B0AD0E8
:1044C0000023184605B1286004B1236038BD37F0D9
:1044D0007EFC0C23F6E737F077FC0A23F2E736F090
:1044E0004BFA0923EEE700BF0080005038B5104BAF
:1044F0000546D3F880300C4603F00303022B0BD0A3
:10450000032B0DD0012B0FD136F09EF90E2305B1F0
:10451000286004B1236038BD36F0DAF90723F6E7E6
:1045200036F08CF90623F2E700231846EFE700BFC8
:104530000080005038B5104B0546D3F800310C46CA
:1045400003F00303022B0BD0032B0DD0012B0FD153
:1045500036F0B4F9032305B1286004B1236038BDF7
:1045600036F00AFA0923F6E736F0AEF90823F2E747
:1045700001230020EFE700BF0080005038B5184B42
:104580000546D3F820010C4600F00700062823D882
:10459000DFE800F0040A0E16121A1E00012305B10E
:1045A000286004B1236038BD36F048F90523F6E7EA
:1045B00036F084F90323F2E736F08AF90723EEE7B1
:1045C00036F078F90223EAE736F038F90623E6E711
:1045D00036F074F90423E2E700231846DFE700BF52
:1045E0000080005038B5104B0546D3F840310C46DA
:1045F00003F00303022B0BD0032B0DD0012B0FD1A3
:1046000037F0E2FB0A2305B1286004B1236038BD0E
:1046100036F0B2F90923F6E737F0D9FB0C23F2E7BD
:1046200001230020EFE700BF00800050002337B5D2
:104630000193164B0546D3F860320C4603F007038E
:10464000013B032B1FD8DFE803F0020E19140021F1
:1046500001A8FFF793FF10230DB1019A2A6004B15E
:10466000236003B030BD002101A8FFF7BBFF112379
:10467000F2E736F02DF907230190EDE736F01AF94D
:1046800002230190E8E70023E6E700BF0080005026
:10469000002337B50193164B0546D3F894320C46E8
:1046A00003F00703013B032B1FD8DFE803F0020EE2
:1046B0001914002101A8FFF761FF10230DB1019A21
:1046C0002A6004B1236003B030BD002101A8FFF7C8
:1046D00089FF1123F2E736F0FBF807230190EDE79D
:1046E00036F0E8F802230190E8E70023E6E700BF90
:1046F0000080005038B5104B0546D3F860310C46A9
:1047000003F00303022B0BD0032B0DD0012B0FD191
:1047100037F05AFB0A2305B1286004B1236038BD85
:1047200036F02AF90923F6E737F051FB0C23F2E7BC
:1047300001230020EFE700BF008000502E4B98427D
:104740004AD022D82D4B984240D014D82C4B9842B6
:1047500039D00AD82B4B984232D02B4B98422FD0CD
:104760002A4B98422CD000207047294B9842FAD10E
:10477000284B186F7047284B98422AD0274B9842F5
:10478000F1D1244BD3F880007047254B98422BD0B1
:1047900009D8244B984223D0234B9842E3D11D4B98
:1047A000D3F88C007047214B984221D003F5740355
:1047B00003F510539842D6D1164BD3F898007047A2
:1047C000144B986D7047134B586E7047114B586FD0
:1047D0007047104B986F70470E4BD3F884007047AA
:1047E0000C4BD3F8880070470A4BD3F89000704701
:1047F000084BD3F8940070470048E8010024F40007
:10480000C0CF6A0080841E0000093D0040420F00B6
:10481000405DC6000080E00FC0EA210180BA8C0133
:10482000007E560380D54302006CDC020090D0036A
:1048300073B50D460021114B0191D3F88041064616
:1048400004F00304022C13D0032C0CD0012C13D140
:1048500001A8FFF793FE10240EB1019B336005B150
:104860002C6002B070BD36F033F807240190F3E7F6
:1048700036F020F80190EFE70C46EDE7008000509D
:1048800038B5104B0546D3F840320C4603F003030D
:10489000022B0BD0032B0DD0012B0FD137F094FA44
:1048A0000A2305B1286004B1236038BD36F064F8EE
:1048B0000923F6E737F08BFA0C23F2E701230020F7
:1048C000EFE700BF0080005038B5144B0546D3F821
:1048D00000020C4600F0070004281BD8DFE800F0B7
:1048E00003090D111500012305B1286004B12360EF
:1048F00038BD37F069FA0A23F6E736F03DF80923A8
:10490000F2E737F064FA0C23EEE735F0BDFF0F2332
:10491000800AE9E700231846E6E700BF0080005060
:1049200038B5144B0546D3F808020C4600F00700D2
:1049300004281BD8DFE800F003090D11150001233E
:1049400005B1286004B1236038BD37F03DFA0A2371
:10495000F6E736F011F80923F2E737F038FA0C23BE
:10496000EEE735F091FF0F23800AE9E700231846B0
:10497000E6E700BF00800050B0F5207F1FD009D8C7
:10498000B0F5007F15D003D868B1B0F5C07F0AD06C
:1049900000200CE0B0F5607FFAD10B4BD3F880001B
:1049A000C0F3011003E0084B186FC0F3033001306F
:1049B0007047054BD3F89000C0F30460F7E7024B53
:1049C000186FC0F38020F2E70080005002464FF4D9
:1049D0008030104B10B598660020FFF7CDFF504394
:1049E00041F671320C4BDC69DA635A6804F48034A6
:1049F00022F4401259B90949884294BF002001208D
:104A0000000502435A600CB10022DA6310BD04496C
:104A1000F2E700BF0090005000000350005A62020D
:104A2000002D31014209531E022B96BF074B002374
:104A300003EB820300F01F0029B103F5805301222C
:104A400082401A60704703F50053F8E76080005019
:104A50001FB50021B0F5807F0446CDE9001100F0BC
:104A6000CF803BD8002800F0A480A0F12004602C67
:104A700044D8602C42D8DFE804F09CA49CA4B4B4D1
:104A8000B4B4B4A4BE4AD46A4AA4A4A441414141E6
:104A900041414141A4A4A47CDEA4414141414141A2
:104AA000414141414141E3B49C9C9CD94A4A88E838
:104AB0005FB94141414141939C41B4B4B4B4B4B9EC
:104AC000B9A441A4A4414141414141414141414135
:104AD000414141414141414141419800B0F5E06FC0
:104AE00000F0A98038D8B0F5607F75D01AD8B0F53D
:104AF000007F61D005D8B0F5C07F5AD0009804B0CF
:104B000010BDB0F5207F5CD0B0F5407FF6D135F018
:104B1000BBFE02464FF42070FFF72EFFB2FBF0F20F
:104B2000520857E0B0F5B06F65D00AD8B0F5806F85
:104B300057D0B0F5A06FE1D100216846FFF780FCA7
:104B4000DCE7B0F5C06F6CD0B0F5D06FD6D10021E6
:104B50006846FFF7B9FED1E7B0F5186F70D00DD8F1
:104B6000B0F5086F7FD0B0F5106F5FD0B0F5F06F83
:104B7000C4D100216846FFF7BDFDBFE7B0F5286F3F
:104B800063D007D8B0F5206FB8D100216846FFF791
:104B90004DFDB3E7B0F5406F28D0B0F5486FADD10B
:104BA00000216846FFF774FDA8E735F04DFE009040
:104BB000A4E735F069FEFAE735F046FE02462046E6
:104BC00004E035F061FE02464FF42070FFF7D4FE9A
:104BD000B2FBF0F2009291E701A8FFF787FC019A7F
:104BE000EDE700216846FFF7C9FC87E7002168462A
:104BF000FFF7F4FB82E700216846FFF719FE7DE727
:104C00004FF0E02302911B695B0705D535F03CFEB0
:104C10000290029B009371E703A902A8FFF7E2FC50
:104C2000F7E700216846FFF7DDFC67E700216846EB
:104C3000FFF776FE62E700216846FFF721FE5DE799
:104C400000216846FFF72EFC58E70021084B03912E
:104C5000D3F8703203F00303012B02D103A8FFF74E
:104C6000C1FC039BD6E76846FFF764FC46E700BF3C
:104C70000080005008B58020FFF7EAFE034B984201
:104C80009EBF4FF48032024B1A6708BD005A620281
:104C900000A000501FB503460020B3F5807F0190AF
:104CA00000F0F48000F28E80662B7DD83C2B06D875
:104CB000243B092B5ED9019805B05DF804FB3D3B10
:104CC000292BF8D801A252F823F000BFAF4E0008FC
:104CD000DD4E0008B74C0008B74C0008B74C000880
:104CE000B74C0008B74C0008B74C0008B74C000898
:104CF000B74C0008B74C0008B74C0008B74C000888
:104D0000B74C0008B74C0008E74E0008834E000877
:104D1000B74C0008B74C0008B74C00082B4E0008F1
:104D2000B74C0008B74C0008454E0008F14E00088B
:104D3000ED4D0008D34E0008B74C0008B74C0008F2
:104D4000B74C0008B74C0008B74C00085D4E00088F
:104D5000B74C0008B74C0008834E0008834E00088B
:104D6000834E0008834E0008834E0008D34E00088F
:104D7000D34E0008092B9ED801A252F823F000BFA1
:104D8000834E0008834E0008834E0008834E0008BF
:104D9000834E0008B74C0008794E0008B74C000855
:104DA0000B4E0008B94E0008802B84D1594B1B6F65
:104DB00003F00703013B032B3FF67DAFDFE803F071
:104DC0005A535658B3F5F06F71D023D8B3F5B06F7E
:104DD00052D010D8B3F5607F77D0FFF46CAFB3F545
:104DE000806F4ED0B3F5A06F7FF465AF002001A9AE
:104DF000FFF726FB5FE7B3F5D06F5DD0B3F5E06F4B
:104E00006CD0B3F5C06F7FF456AF002001A9FFF757
:104E1000E9FB50E7B3F5186F65D00BD8B3F5086F11
:104E20004FD0B3F5106F7FF446AF002001A9FFF714
:104E300077FD40E7B3F5286F5AD008D8B3F5206F57
:104E40007FF439AF002001A9FFF7F0FB33E7B3F59A
:104E5000406F3ED0B3F5486F7FF42DAF002001A91D
:104E6000FFF716FC27E70523019324E70323FBE75D
:104E70000823F9E70223F7E7002001A9FFF7D8FC90
:104E800019E7002001A9FFF779FB14E74FF0E023B1
:104E900002901B695B0705D535F0F6FC0D230393E3
:104EA000039BE1E703A902A8FFF79CFBF8E70020BA
:104EB00001A9FFF71FFCFEE6002001A9FFF704FD92
:104EC000F9E601A9FFF736FBF5E601A9FFF70EFBAE
:104ED000F1E6002001A9FFF781FAECE6002001A924
:104EE000FFF7CEFCE7E6002001A9FFF7DBFAE2E6D8
:104EF000084BD3F8703203F00303012B04D0022BCC
:104F00000CBF15230023AFE7002103A8FFF76AFBBE
:104F10001123A9E7008000504FF48032074B084965
:104F2000586E03F580535A664B6A23F001034B62B7
:104F3000C3035CBF034B5A66704700BF008000503C
:104F40000000085000A0005008B5FFF7A3FE092894
:104F500011D00A38012802D94FF6FF7008BD4FF46E
:104F60008002064B5A6603F5D8335B6ADB07F3D53C
:104F70004FF4FA70F2E7024B1888EFE70090005008
:104F8000D6C5062008B5FFF785FE03280ABF024BE9
:104F90004FF6FF70188808BDD4C5062038B5044602
:104FA0008020FFF777FE032800F08A804FF48012FC
:104FB000544B4FF0A0615A6645F60E03524AC2F8B0
:104FC0008030524B99624FF4803103F580539962DF
:104FD000936DD903FCD4916D11F08041FBD1D4E9DC
:104FE00000031B0543EA0063E07B0343207B43EAA5
:104FF0000043607B43EA0033A07B43EA80131361E4
:105000009069D4E904531B0643EA856300F000402D
:105010000343A07EE57E0343207E43EA0043607E97
:1050200043EA00239361136AE06923F00F03002829
:1050300043EA000343EA850314BF0125002543EA40
:10504000C5031362324D3CD194F82430916A94F830
:105050002000DB00294043EA40130B4394F8211061
:1050600043EA011343F4803393622A49264A936D3D
:1050700031EA0303FBD14FF0807124488162136948
:10508000A56823F4700343EA055313614FF000430E
:10509000836194F822300BB91F4B996294F8233046
:1050A0003BB94FF480321C4B9A62174A936D5B00F8
:1050B000FCD494F825301BB1134B184AC3F8802058
:1050C00038BD022808D11161154891614FF408528A
:1050D0004FF47F4125F095FA0B4994F822308A6A03
:1050E00094F820001B062A4043EA4013134394F827
:1050F000242043EAC20394F8232043EA02438B624C
:10510000D7E700BF009000500040005A0050005AFE
:10511000C7FFFEFE030001000060005AF1A7FFFF79
:105120003440005A014B93F90000704795C60620A1
:105130004FF400011B4A437810B551664FF4D1512A
:10514000022402F5B832516217494F2B4C604FF0E0
:10515000010428BF4F2301F580514C601169C90338
:10516000FCD4017843EA01235361D0E901131B0108
:1051700043EA0123417B0B43017B43EA41039360F4
:10518000C37B817B1B0143EA4113417C0B43017CC0
:1051900043EA41035360837C13B16FF4D1535362EC
:1051A00010BD00BF0090005000100250014B18804D
:1051B000704700BFD6C50620014B1880704700BF5E
:1051C000D4C506204FF4800208B5184B5A66022356
:1051D000174A5360936813F48033FBD1012822D11E
:1051E00035F06CFB134B984215D003F5122303F5F1
:1051F000F863984213D0104B00EB8002400AB3FBD7
:10520000F0F3520A0A49CA620B6301234B6200227F
:10521000074B5A6008BD45F67A13084AF2E745F68F
:105220001A03074AEEE75362F1E700BF009000500F
:105230000040025000F0490264666666D8B8050076
:10524000BBCF0500B0F5207F10B50C4657D008D86D
:10525000B0F5007F48D003D830B3B0F5C07F23D07D
:1052600010BDB0F5607FFBD12949013CD1F8FC208D
:1052700012F080721EBFD1F8FC3023F08073C1F8A9
:10528000FC302449D1F8803023F0300343EA041481
:10529000C1F88040002AE3D01D4AD2F8FC3043F028
:1052A0008073C2F8FC30DBE725F0BAF925F0C6F9C7
:1052B0004FF48031184B174A1967136F013C23F4E0
:1052C000704343EA0434146735F0DEFA0446FFF70E
:1052D00079F8C0F10201204625F0AAF900F036F86D
:1052E000BDE81040FFF7C6BC0A4A4C1ED2F8903009
:1052F00023F0F85343EA0464C2F89040B0E7054A4B
:105300004C1E136F23F4806343EA84231367A7E7DB
:1053100000ED00E0008000500090005008B5012131
:10532000022000F01FFC4FF42070FFF725FB054B17
:10533000187025F075F925F081F94FF48032024B91
:105340001A6708BD21BE06200090005008B54FF432
:10535000C070FFF77DFBBDE808400449884294BF58
:10536000012102214FF42070FFF76CBF80F0FA0298
:1053700038B5044635F088FA0546FFF723F8C0F142
:105380000201284625F054F90121002000F02AFCF2
:105390002CB1FFF7DBFFBDE83840FFF76BBC034BD8
:1053A0004FF420701978FFF74DFFF4E721BE062077
:1053B000B0F5807FF8B50C4600F08A8100F28B8052
:1053C000662879D83C2803D8243809285AD9F8BD4A
:1053D0003D382928FBD801A353F820F05F57000877
:1053E0006D580008CF530008CF530008CF53000872
:1053F000CF530008CF530008CF530008CF53000805
:10540000CF530008CF530008CF530008CF530008F4
:10541000CF530008CF5300088D580008B15600083C
:10542000CF530008CF530008CF5300087955000828
:10543000CF530008CF530008AB550008AD58000803
:10544000075500084D580008CF530008CF530008F7
:10545000CF530008CF530008CF530008DB55000896
:10546000CF530008CF530008B1560008B1560008CA
:10547000B1560008B1560008B15600084D58000852
:105480004D5800080928A2D801A353F820F000BF06
:10549000B1560008B1560008B1560008B1560008D0
:1054A000B1560008CF53000891560008CF530008AA
:1054B0003F5500087F570008802888D18B1E062B97
:1054C00000F29B80DFE813F0DE00CC009900E100E1
:1054D00099009900DB00B0F5F06F00F040813ED8F4
:1054E000B0F5B06F00F0D4801DD8B0F5607F00F04B
:1054F0008781FFF46CAFB0F5806F00F0D980B0F514
:10550000A06F7FF464AF073C0B2C8CBF0021AC4B29
:10551000AC4A98BF195DD2F8203223F007030B4341
:10552000C2F8203253E7B0F5D06F00F02881B0F513
:10553000E06F00F09B81B0F5C06F7FF448AF093C8D
:10554000032C8CBF0021A04B9E4A98BF195DD2F856
:10555000403123F003030B43C2F8403137E7B0F585
:10556000186F00F0938117D8B0F5086F00F017811D
:10557000B0F5106F7FF42BAF093C062C8CBF0021D7
:10558000924B904A98BF195DD2F8083223F0070376
:105590000B43C2F808321AE7B0F5286F00F0868195
:1055A00013D8B0F5206F7FF412AF023C0F2C8CBFE4
:1055B0000021874B834A98BF195DD2F8603223F0EF
:1055C00007030B43C2F8603201E7B0F5406F00F00B
:1055D0003D81B0F5486F7FF4FAAE023C0F2C8CBFD2
:1055E00000217C4B774A98BF195DD2F8943223F0A2
:1055F00007030B43C2F89432E9E600252E464FF428
:1056000080370121022000F0ADFA25F009F825F0DD
:1056100015F8714B6B4A1F67136F23F00703334371
:10562000136735F031F90646FEF7CCFEC0F10201F2
:10563000304624F0FDFF0121002000F0D3FAFFF7EF
:1056400085FEFFF717FB002D7FF4C1AE032C7FF41E
:10565000BEAE624B624A9F62936D5C00FCD4B6E6BC
:105660004FF480125C4B0E465A664FF480325C4B0E
:105670009D6A03F58053C5F300659A62BFE7002574
:105680000426BCE700250126B9E700250226B6E777
:10569000023C0E2C8CBF0021524B4A4A98BF195D28
:1056A000D2F8803123F003030B43C2F880318EE639
:1056B000023C052C8CBF00214B4B424A98BF195D20
:1056C000D2F8203123F007030B43C2F820317EE6E5
:1056D000A1F10904082C3FF67AAE01A353F824F097
:1056E0000557000805570008CF5300080557000864
:1056F00033570008CF530008CF530008CF5300089A
:10570000055700084FF480322E4B3849586E03F588
:1057100080535A664B6AC00343F001034B625CBF7F
:10572000334B5A664FF0E022136923F004031361F0
:105730004DE64FF48032234B2C49586E03F58053CD
:105740005A664B6A23F001034B62C1035CBF284BCE
:105750005A664FF0E022136943F00403E7E7093C7F
:10576000032C8CBF0021234B164A98BF195DD2F839
:10577000603123F003030B43C2F8603127E6093C94
:10578000062C8CBF00211C4B0E4A98BF195DD2F825
:10579000003223F007030B43C2F8003217E6CC1E99
:1057A000062C8CBF0021154B064A98BF195DD2F814
:1057B000003123F003030B43C2F8003107E600BFBA
:1057C00000ED03080080005023ED03081CED0308E2
:1057D000F0EC0308F0EC0308009000500060005A61
:1057E0000040005A2DED030827ED03080000085083
:1057F00000A0005023ED03081CED030815ED03087D
:105800003349063CD1F8FC2012F080721EBFD1F85B
:10581000FC3023F08073C1F8FC30082C8CBF0020D2
:105820002C4B2D4998BF185DD1F8803023F003032D
:105830000343C1F88030002A3FF4C9AD244AD2F8AE
:10584000FC3043F08073C2F8FC30C0E5023C052C0C
:105850008CBF0021214B204A98BF195DD2F8283116
:1058600023F007030B43C2F82831B0E5093C032CB1
:105870008CBF00211A4B184A98BF195DD2F84032EC
:1058800023F003030B43C2F84032A0E5093C032C8C
:105890008CBF0021134B104A98BF195DD2F85032CB
:1058A00023F003030B43C2F8503290E5112C0DD0C6
:1058B000A4F115035C425C416400074AD2F87032DF
:1058C00023F003032343C2F8703280E50124F4E798
:1058D00000ED00E00CED03080080005027ED030808
:1058E00023ED030823ED03084FF4C02270B50546ED
:1058F000FEF724FF2F4B04465A6603F598335A6887
:10590000012A04D12C494A605A689207FCD48020AD
:10591000FFF7C0F9052807D124F082FE24F08EFE9F
:105920004FF48032234B1A67244B24F040749D427D
:1059300035D0234B9D4235D034F080FF854206465A
:1059400003D90121284600F04DF91E4BDA6812F008
:10595000060FFBD199689C609A68624012F4F81FA8
:1059600023D12846FCF71EFC8020FFF793F9052879
:105970000DD134F089FF0446FEF724FDC0F1020189
:10598000204624F055FEFFF7E1FCFFF773F9B5421E
:105990000ED8BDE870400121002000F023B944F08A
:1059A0000074C9E744F08074C6E735469960DBE7C8
:1059B00070BD00BF0090005000E0015040420F0059
:1059C00080841E0000000150364B98424FD01CD8F6
:1059D000354B984257D00ED8344B98424FD008D808
:1059E000334B98422CD0334B984229D0324B9842BB
:1059F00026D0002327E0314B984234D0304B9842D8
:105A0000F7D1304BD3F8BC301DE02F4B984232D049
:105A10000FD8A3F53703A3F5D853984237D003F531
:105A2000B70303F558639842E3D1264BD3F8C83047
:105A300009E0264B9842DCD1224BD3F8D03002E06B
:105A4000204BD3F8A0304FF40021214A23F04073BB
:105A50005166194A90421ED0154A90421ED04FF00E
:105A6000B44293607047174BD3F8B830EBE7154B4F
:105A7000D3F8C030E7E7134BD3F8CC30E3E7114B52
:105A8000D3F8A430DFE70F4BD3F8B030DBE70D4B92
:105A9000D3F8C430D7E743F00073E0E743F08073F6
:105AA000DDE700BFC0EA210180969800404B4C0022
:105AB00080841E0000093D0040420F00405DC6008A
:105AC0000024F4000080E00F0048E801005A620260
:105AD00000900050024A536B0342FCD1704700BF54
:105AE00000800950044A4178536F23F4407343EA1D
:105AF00001235367704700BF00400050104A10B5A3
:105B00001369044643F00403136135F0B7FD24F034
:105B10009AFD0C4B5B6E5B0142BF0B4B0B4AC3F80B
:105B20002024BFF34F8FBFF36F8F30BF24F08CFD65
:105B300004F026FD1CB9BDE8104034F0A5BE10BD30
:105B400000ED00E00080005000E003500000FF0F77
:105B5000034A0179D36E23F030030B43D3667047B9
:105B600000400050F8B504461C4BD3F88420D10601
:105B7000FBD4D3F88430C3F381139C422CD034F08F
:105B800063FE012C064602D1214624F051FD36F079
:105B90000CF94FF00072124B07465A66204624F06B
:105BA00056FD4FF480630D4D621E93402B676B6E64
:105BB0009A0103D4D5F884309B060AD5384636F0CE
:105BC000EFF8022C08D13046BDE8F840002124F05F
:105BD0002FBDD5F88430EAE7F8BD00BF0040005083
:105BE0000060005010B50C4608B934F02DFE074B8C
:105BF00021461B783BB1064B984204D80120BDE8F2
:105C00001040FFF7AFBF0220F9E700BF22BE062019
:105C1000005A62020278034B012100201A70FFF73C
:105C2000E1BF00BF22BE06204FF0004238B5244B32
:105C3000244C5A664AF6CD33656C014605F00105E1
:105C4000236430BB0120FFF745FF6368DB0708D4FE
:105C5000002415B11B4B1C4A1A6433F095FE2046F4
:105C600038BD1A4B58600846194B226BD20705D431
:105C7000984201D10724ECE70130F6E79842E7D1DA
:105C8000F8E70132236B13F0080305D08A42F8D1FC
:105C9000F0E700220E49F5E78A42EBD020210B4ABB
:105CA00091620121A2F5805251600649084A886A32
:105CB000800603D49342DDD00133F8E79342DEE758
:105CC00000900050008009503254FFFF00A009509E
:105CD00040420F004FF0004238B5164B01465A665D
:105CE0004AF6CD33144C154A656C236443780B2077
:105CF0005B0043F00103D363FFF7ECFE63688A782F
:105D000023F4F87343EA02136360CA784B7943EAD9
:105D10000223A3600A798B7943EA0223236108787E
:105D2000FFF782FFEB0744BF054B236433F02CFEE3
:105D3000012038BD00900050008009500040005004
:105D40003254FFFF4FF00042124B70B55D6E03F509
:105D500080535A664AF6CD3304460F4980204E6C74
:105D60000B64FFF7B7FE0B6A23F00F030F2C94BFF1
:105D7000234343F00F030B62F30744BF074B0B644D
:105D8000002DA2BF4FF00042054B5A6633F0FCFDD8
:105D900070BD00BF00800050008009503254FFFFEA
:105DA00000A000504FF00042104B70B55D6E03F53F
:105DB00080535A664AF6CD3304460D4980204E6C16
:105DC0000B64FFF787FE0B6A23F4F85343EA0423BE
:105DD0000B62F30744BF074B0B64002DA2BF4FF0CB
:105DE0000042054B5A6633F0CFFD70BD0080005075
:105DF000008009503254FFFF00A0005010B524F07D
:105E00002BFC042300F5805100F500520B61136157
:105E10000B6113610B6113610B611361202341F26C
:105E2000020103610023C360836041614FF4A0213C
:105E30008361836541620549C36103628362C36212
:105E400043630365D164036310BD00BFFF3F0D03CF
:105E5000F8B505461446084681B9394B9D4238D0FD
:105E6000384B9D4237D003F580439D4235D003F532
:105E700080439D4208BF6620FEF7EAFDAB68DE075F
:105E800033D5B0FBF4F46E68013C16F001062AD05D
:105E90002821284624F0DCFBAB6C99071FD1AB6CA2
:105EA000DA071ED4AB6C13F0020F14BF06270027CD
:105EB000284624F0D1FB2B6923F07F4343EA046397
:105EC0002B61002E3BD039462846BDE8F84024F02F
:105ED000DDBB5620D0E75720CEE76520CCE705276D
:105EE000E6E70927E4E73746E5E76B68AB6DDB07D4
:105EF000AB6848BF640003F0E003402B1BD014D80C
:105F0000002B0CBF1023082363434101B1FBF3F2C4
:105F10000D4B203A03EAC2022846012124F098FBE7
:105F20002A63BDE8F84024F093BB602B05D0802B9A
:105F300005D10123E8E70623E6E70423E4E7F8BDFB
:105F40000000015B00C00850F8FF7F002DE9F04120
:105F50009846436804460E4617461BB140F6FF714B
:105F600024F076FB2046FFF749FFF189737B6269D5
:105F70000B43318A22F44C5222F00F020B4313439D
:105F80006361A26896F818C0337B22F0804222F049
:105F9000E2024CEA0303134372691343B268A3603D
:105FA0001AB9A36843F00043A360F06904F5805375
:105FB000002875D0857A017A6D04D4F808E045EAA6
:105FC00081558D490EEA01010D43818801F4C041DC
:105FD0000D43417845EA8105417B45EAC105817B56
:105FE00045EA0115817845EA8125A560D4F80CE0E1
:105FF000D0E904152943814D0EEA05052943857929
:1060000041EA8521C57941EA4521E160017801F045
:10601000FD05012D08BFE568A1F1020104BF45F0AF
:106020000405E5600129764900F296808C4200F073
:106030008D8074498C4200F08B8001F580418C4248
:1060400000F0888001F580418C4214BF4FF0FF3191
:10605000032141F29445490101F1A04101F570315C
:106060004FF0020E41F805E0417A996219B1E168FA
:1060700041F40061E160C17A61B1E16841F400413D
:10608000E1605F498C4240F08580017B5E4D01F00C
:106090000F016967616AC07B21F0030101436162FE
:1060A00037B197F82010002900F092800121196281
:1060B000B8F1000F38D0BCF1000F02D04FF400410E
:1060C00099654F49B8F822508C4298F8211000F099
:1060D0008C804C48844200F08A8000F580408442E5
:1060E00000F0878000F58040844213D103201129FD
:1060F00034BF4FF0010C4FF0020C444FB5F5006F68
:1061000007F800C094BF4FF0010C4FF0020C404F55
:1061100007F800C0A06D294320F4F95020F01E00BC
:106120000143A16501219965012159601AB12046F9
:106130007168FFF78DFE2046317824F0A7FAA36C32
:10614000DB4313F4405FFAD1BDE8F081002180E722
:1061500001217EE702217CE78C4215D029498C423F
:1061600014D001F580418C4212D001F580418C425F
:1061700014BF4FF0FF310321490101F1A04142F268
:10618000944501F570316BE70021F5E70121F3E754
:106190000221F1E71B498C4206D1017B1A4D01F027
:1061A0000F01C5F8801075E71A498C4206D1017BB2
:1061B000154D01F00F01C5F88C106BE716498C42A4
:1061C00001BF017B104D01F00F01C5F8981061E788
:1061D000E06997F8221097F8215020F00900294330
:1061E000014341F00101D96162E700207FE701200E
:1061F0007DE702207BE700BFE39BBDFFFFF9F0874F
:106200000000015B00C008500090035027BE06202C
:1062100023BE06200000095000400950436870B5B5
:1062200004460E460D691BB140F6FF7124F010FACA
:106230002046FFF7E3FD2269737BB17B22F08702E2
:106240000B43134343F0800323610DB323692A7F7B
:1062500023F0F80343EAC2132A7813432A7943EA66
:1062600042136A7A43EA0213EA7B43EA8213236108
:10627000E268D5E9053122F0F04222F470220B43A6
:1062800013432A7B43EA82236A7B43EAC233E360F7
:10629000A368F27B23F00303134343F00103A360DD
:1062A00025B36B88A26803F4C0431343A360A368BB
:1062B0006A7943EA8223A360AB79E979626A1B01B8
:1062C000090203F0700301F4E06122F4772222F462
:1062D000EE620B4313432A7A120302F4E0421343A3
:1062E0006A7F120402F47022134363626369327B93
:1062F00023F00F0313436361ADB16B89A3616B7B23
:106300003BB12E4B9C421DD1AB7B2D4A03F00F03BA
:106310005367EB7B3BB1294B9C4231D12B7C284A04
:1063200003F00F0313672046D6E90112FFF790FD33
:106330002046317824F0AAF9A36CDB4313F4405FC4
:10634000FAD170BD1F4B9C4206D1AB7B1C4A03F0B7
:106350000F03C2F88030DCE71B4B9C4206D1AB7BBD
:10636000174A03F00F03C2F88C30D2E7174B9C4258
:1063700001BFAB7B124A03F00F03C2F89830C8E7A5
:10638000104B9C4205D12B7C0D4A03F00F03D367C1
:10639000C9E70D4B9C4206D12B7C094A03F00F0341
:1063A000C2F88830BFE7094B9C4201BF2B7C044AEE
:1063B00003F00F03C2F89430B5E700BF0000015BA3
:1063C0000090035000C008500000095000400950E0
:1063D0002DE9F04105460F461E4690464AB101237D
:1063E00030221C4C8B4002FB004416B304F582544F
:1063F00023603023072F4FF00F0105FB03F3164CEA
:106400001AD8BA00181D134608FA02F2994020441F
:1064100024F073F9B8F1000F09D1012330210D4A9E
:10642000BB4001FB052296B102F582521360BDE824
:10643000F08104F50154DBE7A7F1080C4FEA8C0C5E
:1064400003F10C0008FA0CF201FA0CF1DFE702F597
:106450000152EBE700C0035030C003504369DA013A
:10646000FCD4012300F50050024A436053689B07A7
:10647000FCD470470040005970B504461546FFF73C
:10648000EDFF0B784A7803F0070343EAC203CA78AA
:1064900043EA02238A78120102F070021343C4F81F
:1064A0008030E26A0B7922F0170203F007031343EE
:1064B0004A79120102F010021343E3621A4B9C4224
:1064C00027D12A460026D37850785B0443EA00237C
:1064D00010780532034312F8030C000400F48030F6
:1064E000034306F128000136102E44F82030EAD18B
:1064F000012000220D4B04355860134603EB830640
:10650000AE5D16B100FA03F632430133102BF5D11C
:1065100004E0012204F580535A6000228B79A261C5
:106520000BB10823E36070BD0040005900500059D2
:10653000084608B569B92A20FEF78AFAB0B10C4BB3
:10654000984206D90B4B9B68C3F302730133B0FB2F
:10655000F3F0094B00F5742000F23F20B0FBF3F09C
:1065600001387F2828BF7F20C0B208BD0120F0E796
:10657000005A62020040005940420F000B4B10B518
:10658000994228BF19460C461AB92A20FEF760FA2C
:106590000246631E1344B3FBF4F0A34228BF00F18C
:1065A000FF30032828BF0320C0B210BD005A62028A
:1065B00010B50C46FBB111491148012B08BF01462B
:1065C0008C4228BF0C461AB92A20FEF741FA02462F
:1065D0009DF8083040F2FF300133B2FBF3F2631E46
:1065E0001A44B2FBF4F3A24228BF03F1FF339842EE
:1065F00028BF184610BD0349E2E700BF404B4C00DE
:10660000002D3101809698002DE9F04F2DED048B7F
:1066100005468DB0DFF850C306AE0F461446BCE801
:106620000F000FC69CE80300DFF8408386E80300F4
:10663000002241462846FFF7A1FF7E79864238BFF7
:1066400006462846FFF70AFF3879F6B250B92A20E5
:10665000FEF7FEF94045014628BFB0FBF6F128469B
:10666000FFF766FF7B783A789B0043EA4203BA78EB
:10667000000443EAC203FA7800F4FE00120102F0BB
:1066800030021343320702F0E04213431843FB8801
:106690003A89A8602B617B8943EA02432B62A54BB0
:1066A0009D4208D0012305F580556B600DB0BDEC0F
:1066B000048BBDE8F08F4FF0000894F800B0A76895
:1066C000BBF1000F5CD09C499C4BBBF1010F08BF94
:1066D00019465B46002297480096FFF769FF05EBD5
:1066E0000811D1F848E0DFF888C20BF003030EEA86
:1066F0000C0C43EA0C0394F801C0BFB24FEA8C0CB7
:106700000CF01C0C43EA0C0394F802C087424FEAD9
:106710004C1C5FFA8CFC43EA0C0394F803C038BFAE
:1067200007464FEA0C3C20790CF4E04C43EA0C039A
:106730004FEA004C0CF4E02C43EA0C0394F810C030
:106740004FEA08124FEA4C5C0CF4600C43EA0C036D
:1067500094F805C008F105094FEA0C7C0CF0405C88
:1067600043EA0C038B648B6C7549C3F30233013B22
:10677000042B00F2D380DFE803F0D1D105AEBF00D7
:106780007049A6E7D1F88031BBF1010F4FEA134AF7
:1067900040F2F080BBF1020F40F06281002840F02F
:1067A000B88105A8039200F0A9FA9FED674A039A01
:1067B00002F1B24101F58041896C0CABC1F3421C7E
:1067C00003EB8C0111ED065AFCEEC57AF7EE005A88
:1067D00017EE901A07EE90AA75EE255A9FED5B6AA8
:1067E000F8EE677A5C2914BF85EE257A9FED587A1A
:1067F00067EE867A67EE877A9FED567A67EE877A3C
:10680000F5EEC07AF6EE006AF1EE10FA4CBF77EEC4
:10681000E67A77EEA67AFDEEE77A02F1B24202F569
:106820008042106D002017EE901A1065106D0B0459
:1068300048BF40F0004010654748136D00EA8141B1
:10684000194311653E49D1F88801D1F88811000C2F
:1068500007EE900A012000FA0CF0B8EEE77A07EE96
:10686000900AF8EEE77A09B2C7EE274A07EE901AC7
:10687000F8EEE77A34EEA77AF7EE044AC4EE847AAB
:1068800067EE877A9FED357AC7EE054A84EEA57AE2
:10689000F1EE005A07EEA57A05EE90AADFED307A08
:1068A000F8EEE55A37EE277A26EE656A47EE067A65
:1068B000F5EEC07AF1EE10FA4CBF77EEE67A77EE9D
:1068C000A67AFDEEE77A17EE903A116DC3F3110345
:1068D0000B431365C4E0D1F88431BBF1010F1FFAFB
:1068E00083FA3FF657AFBBF1000F40F0CC80D1F8F0
:1068F0008C110914490044E0D1F88431BBF1010F37
:106900004FEA134A3FF646AFBBF1000F40F0BE809E
:10691000D1F88C11091401EB410132E0D1F880313A
:10692000BBF1010F1FFA83FA3FF634AFDFED0D7AAA
:106930002BE000BF00400059404B4C00002D3101BE
:106940000080E00F8096980048E19A3F00000038F0
:10695000E71B753F000000470000FC7F00008048F7
:1069600000000049000000003CED0308005A6202EC
:10697000008F18CFBBF1000F40F08280D1F88C114E
:10698000091407EE901AF8EEE77A02F1B24202F526
:106990008042936C0122C3F3820E0EF1010E02FAC3
:1069A0000EF207EE102A2AF4C0411AF4004F4FEA03
:1069B000814118BF41F0004113F01C0FB8EEC79A97
:1069C000F6EE008A574B67D1BBF1000F61D1D3F8C7
:1069D0008C2112B207EE102AB8EEC77A37EE878AFA
:1069E00000287ED105A8039100F088F9DFED4E7AEA
:1069F00068EE277A0399DFED4D6A86EE897ADFED3E
:106A00004C6A27EE267AF1EE006AB1F1004F07EEEC
:106A1000A67A0BD0DFED477A06EE10AA77EE276A4A
:106A2000BAEEE86A56EE267AB0EE677AB5EEC07A2C
:106A3000F1EE10FACABFB1EE477A78EEC78A77EE68
:106A4000688AFDEEE87A17EE903AB3F5003F57DB1F
:106A50006FEA51416FEA4141374A4FEA0913D15079
:106A600008F10103C7F3090705EB0919022B4FF0E1
:106A70000108C9F8047004F114047FF41EAE11E695
:106A8000D1F894117CE7D1F8941132E7D1F8941140
:106A900040E7D3F894219CE7BBF1000F15D1D3F860
:106AA000902112B207EE102AB8EEC77A77EE677A15
:106AB00069EE286A1B4A87EEA67AD2F8882113B2BB
:106AC00007EE903AF8EEE77A88E7D3F8982113B208
:106AD00007EE103AB8EEC77A37EE677A77EE877A24
:106AE000E6E7D4ED037ADFED156AF8EE677A87EE14
:106AF000A67AF7EE046AC6EE877A67EE887A7AE7B6
:106B000013F5003FAABFC3F3110341F40031194349
:106B1000A2E7D4ED037A9FED097AF8EE677A87EE63
:106B2000874A45E60080E00F3D3B843F00008043FC
:106B300000002044000000490040005900007A4451
:106B4000F8B50125C3B2D1F800C08F7A0E7B0C4690
:106B50009D40CB7A1C491B050D65810001F1A041C8
:106B600001F58821C1F804C04FF0300C0CFB00F097
:106B7000617B00F1A04043EA074300F5802043EA2F
:106B8000465322F003020166C365026735F016F929
:106B90000E4B227A5D6502B11D64627A02B19D637B
:106BA0002279A37943EA0243074A93616179E37941
:106BB00043EA014305498B61054B55639D64BDE87C
:106BC000F84035F0F6B800BF002004500010045023
:106BD0000000045010B50124C0B2844035F0EEF836
:106BE000044B5A6D22EA04025A659C62BDE81040CB
:106BF00035F0DFB8000004504FF48032054B9A6640
:106C000041F6713203F51C33DA63012203F50053B8
:106C1000DA607047009000500B4B01219B6EDB0344
:106C20005EBF4FF48032094B9A6641F67132084BD1
:106C3000DA63084AD1600022DA634FF48032A3F5A8
:106C400018339A66704700BF0080005000900050D3
:106C50000000035000200350013836289ABF024B31
:106C6000185C0020704700BF54ED03080346142B46
:106C700008461CD00AD8012B1ED0122B11D0704709
:106C80000E4A22FA03F3DB0704D47047213B162B8C
:106C9000F6D9704701280FD8DFE800F00D01012078
:106CA0007047012907D0042908BF01207047022935
:106CB00001D00529F8E70020704700BF0F007200DF
:106CC00038B5C2F30625044602F0070241B942EA8C
:106CD000052242F440220634074B43F8242038BDF5
:106CE00011462846FFF7C2FF02462846FFF7B4FFC9
:106CF000163442EA0022EFE7008003504FF480325E
:106D0000084B5A6603F5EE239B69C3F3461203F062
:106D10000F010A434280C3F30342C3F303334270BB
:106D20000370704700900050014B986CD96C70470D
:106D30000080E00F0120034B9B680A3303F01F0320
:106D4000984070470080E00F0D4B984208D1A3F5A2
:106D5000D023C3F85812802300F58050C3657047D4
:106D6000084B984204D1A3F5D823C3F87412F2E774
:106D7000054B984204BFA3F5E023C3F89012EAE75D
:106D800000000A5000400A5000800A50012200F51D
:106D900080535A6040F6AA6341F205024361002322
:106DA0000D498360C365C26000F500520361C36191
:106DB000C364916409498365884203D10365002354
:106DC000436506E006498842F8D001F580418842D3
:106DD000F4D0012353607047FFFF010000000A5008
:106DE00000400A5010B5044623F006FE23F0F0FDE3
:106DF000502123F0C7FD23F0D6FD204623F0DAFD15
:106E000023F004FE23F009FE042304F5805104F569
:106E100000520B6113610B6113610B6113610B6114
:106E20001361202341F2020123610023E360A36088
:106E300061614FF4A02161620649E3612362A361AD
:106E4000A365A362E3622365D16423636363236361
:106E500010BD00BFFF3F0D0370B504460D46FFF7A0
:106E6000C1FF23692A7823F0870313436A7A43EA30
:106E7000420343F080032361A368AA7A23F003034B
:106E800043EA420343F00103A36063692A7A23F0D3
:106E90000F031343636123696A6823F07F4343EA66
:106EA00002632361EB68002B00F08380226919796B
:106EB00022F0F80242EAC112197842EA4112D97866
:106EC00042EA0112D97A42EAC102997942EA811270
:106ED0002261E268987C22F0F04222F4702242EAB9
:106EE000C062D87C597942EA0042987842EA80220E
:106EF00042EAC132E260A268987A22F4C04242EAD1
:106F00004032A2605A7804F5805092028260666A2C
:106F1000DA7B284802F0030230400243187B00016C
:106F200000F070000243587B000200F4E06002436E
:106F3000987B000300F4E0400243587A000400F418
:106F40007020024362621A8AA26139B11A4A9442DD
:106F500011D174220021D87923F028FEEB689A79A8
:106F60003AB3154A944215D17022BDE87040002111
:106F7000187A23F01BBE114A944201D18022E9E71E
:106F80000F4A944201D18C22E4E70E4A9442E5D1A3
:106F90009822DFE7094A944201D17C22E5E7084ABA
:106FA000944201D18822E0E7064A944201D194221A
:106FB000DBE770BD8C88F0FF0000015B00C008506B
:106FC00000000950004009500122437801789A409E
:106FD00030235943014B5A50704700BF40E00350E3
:106FE000034BD3F82424D3F820041040704700BF8B
:106FF00000C00350064BDA6E02F03002202A06D0A1
:10700000DA6E22F0300208B142F01002DA66704700
:10701000004000502DE9F8431C4B0546D3F81033CF
:107020004B1E0E2B0E46174690F80090447820D940
:1070300021B34FF000082846EFB133F0A3FC302312
:107040000F2103FB09F3072C88BF083C104895BFAC
:10705000A400A40004330C3308FA04F2A14018443D
:1070600023F0F3FC86B9284657B1BDE8F84333F066
:1070700089BC8846DFE7FFF7A7FFE0E78846DEE741
:10708000BDE8F843FFF7A0BFBDE8F88300C0035098
:1070900030C003502C4B2DE9F0411746D3F8102394
:1070A0004A1C06460C4605D1D3F82414407823F038
:1070B000DBFC0446002C2FDB072C4FF00305327855
:1070C0002DDC4FEA840805FA08F529461F4802FA24
:1070D00008F223F0BAFC294672781D4802F0030238
:1070E00002FA08F223F0B1FC012317F0050F194A48
:1070F00018BF194903FA04F30CBFC2F81034C1F8E1
:10710000103417F0060F18BF134AC2F814340123C5
:10711000104AA340C2F820342046BDE8F081A4F113
:1071200008084FEA880805FA08F529460B4802FACC
:1071300008F223F08AFC7278294602F0030208481C
:1071400002FA08F2CEE700BF00C0035000C40350AB
:1071500008C4035000E0035000D0035004C403509F
:107160000CC4035038B505460C4C0140D4F83034FB
:1071700023EA0003C4F83034D4F830341943C4F897
:107180003014D4F82C340343C4F82C34012004F513
:107190000054FFF72FFFC4F8205438BD00C003503F
:1071A000124B70B5D3F81033064623F070FC04463A
:1071B000481C154616D0621C0FD08C420FD10321FB
:1071C000304685F00102FFF725FF012004F110038E
:1071D00005FA03F19840FFF7C5FF204670BD4FF058
:1071E000FF34FAE7631CEAD1F7E700BF00C00350A1
:1071F000054B9A689107FCD45A689207F9D4DA696A
:10720000002AF6D1704700BF00C00A5010B5034CE9
:10721000636833F0C3FB0223236110BD00C00A5032
:1072200008B5FFF7E5FF0122024B03F580514A60E4
:107230001A6108BD00C00A50044B10B55C68012CEF
:1072400003D1FFF7E3FF024B5C6010BD00C00A50A2
:1072500000E00A5038B5074DFFF7CAFF6B680446D7
:10726000012B03D1FFF7E8FFFFF7C2FF2378EB60A4
:1072700038BD00BF00C00A5010B533F099FBB8B953
:107280004A680B7812B1127843EAC2034A7843EA9B
:1072900042038A6812B1127843EA8213CA7843EA39
:1072A00082030A6912B1127843EA4223014A9364C5
:1072B00010BD00BF00C00A504FF480320A4B5A661E
:1072C00003F5EE239B69C3F303320270C3F3034259
:1072D0004270C3F3461203F00F03134343804FF68B
:1072E000FF738380704700BF00900050014B986C83
:1072F000D96C70470080E00F2DE9F04393B08946C8
:10730000DDE91A871D460446002858D0002956D0CA
:10731000B8F1000F53D0002F51D013F00F034ED10E
:10732000284829490FAE002A08BF01466360216042
:1073300048463146A360236223F016FD00283BD166
:1073400020460F9934F044FE2946204634F040FE92
:107350006946484600F04EFB70BB6946204623F064
:1073600007FF484603A923F0C8FD28BB204603A910
:1073700023F0FEFECDF830804FF0010845F00055B7
:10738000CDF8348006AB0E950CAA07CA83E8070037
:107390001946204623F0ECFE0F9709ABCDF840804C
:1073A000119596E8070083E807002046194634F057
:1073B00035FE204633F05CFB13B0BDE8F08321209E
:1073C000FAE700BF00010004000101042DE9F043C9
:1073D00093B0894617461D460446DDF868800028AC
:1073E00059D0002957D0002A55D0B8F1000F52D0FB
:1073F0000B68103B102B4ED8284A22FA03F3DB0708
:1074000049D5274B0FAE036000233146436003622A
:107410008360484623F0A8FC002839D120460F9904
:1074200034F0D6FD2946204634F0D2FD6946484660
:1074300000F0E0FA60BB6946204623F099FE48461A
:1074400003A923F05AFD18BB204603A923F090FEA0
:107450000C97012745F000550D9706AB0E950CAA29
:1074600007CA83E807001946204623F081FE0D4B2A
:10747000CDF83C801097119309AB96E8070083E89C
:1074800007002046194634F0C9FD204633F0F0FAD3
:1074900013B0BDE8F0832120FAE700BF010101002D
:1074A00000000404100000202DE9F0410C461646AF
:1074B0001F460546A0B0002800F09480002900F087
:1074C0009180002A00F08E80002B00F08B80036BEF
:1074D0000F2B75D8444B0DF17408236000234146EF
:1074E00063603046A360236223F03EFC002874D121
:1074F00020461D9934F06CFD296B20460F2984BF6E
:1075000001F00F01103134F063FD304602A900F0A4
:1075100071FA002861D1204602A923F029FE3046E5
:1075200005A923F0EAFC002857D1204605A923F03D
:107530001FFE01232D4AD5F830C0149508AE1593CF
:10754000169214AA07CA86E807000CF00F0205F18C
:10755000100E42F00052CDF85CE00BAD189319927A
:1075600017AA07CA85E80700CDF868E01B934CF01E
:1075700000531C931AAA0EABBCF10F0F07CA83E885
:1075800007002DD90A9B314623F0005320460A9369
:1075900023F0EEFD2946204623F0EAFD01231D9746
:1075A0001E93124B1F9311AB98E8070083E8070066
:1075B0002046194634F032FD204633F059FA0CE0EB
:1075C00000F1200301900093012210233146204650
:1075D000FFF792FE00283FF47DAF20B0BDE8F081B8
:1075E0001946D8E72120F8E7000004041000002025
:1075F0002DE9F04F0D46914698460646ADB000285D
:1076000000F0D680002900F0D380002A00F0D0805E
:10761000002B00F0CD80026B369B02F00F07D318D1
:107620001B09B3EB121F00F0BB80624B48460B6096
:1076300000234B600B628B6029A923F095FB044665
:10764000002840F0A980369B284607EB030B2999B8
:107650002BF00F0A34F0BCFC5146284634F0B8FC3D
:10766000484602A900F0C6F90446002840F094807C
:10767000284602A923F07CFD484605A923F03DFCDD
:107680000446002840F088804FF00109284605A9EB
:1076900023F06EFD484B1A961AAACDF86C901C93F5
:1076A00008AB07CA83E807001946284623F060FDA7
:1076B00006F1100347F00052AAEB07071D930DF1E6
:1076C0002C0CCDF8789047F000571F921DAA07CADE
:1076D0008CE80700CDF8808020AACDF8849022970E
:1076E0000EAF07CA87E807000D9A614622F00052E4
:1076F000284601930D9223F03BFD3946284623F09E
:1077000037FDAAF1100242F0005223942A4BCDF823
:10771000909011AF259223AA07CA87E8070006F1C7
:107720002002269214ACCDF89C9026AA289307CA72
:1077300084E80700139A394642F080421392139A64
:10774000284622F00052139234F068FC2146284665
:1077500034F064FC184B299617ACCDF8A8902B9305
:1077600029AB93E8070084E807002146284634F057
:1077700055FC284633F07CF9369BAAEB0B011944E3
:10778000019B0446ABEB0A021846414427F09EFADF
:10779000336B369A1344336320462DB0BDE8F08F27
:1077A00010304146369A384427F090FA0024EFE72B
:1077B0002124F1E7030200041000002000232DE93A
:1077C000F0478EB00E46174604460193002869D054
:1077D0000AB1002966D037F0030807F0030A28D061
:1077E0004FF0E0634FF0000923600123C4F80490D8
:1077F000C4F808900896099348F000530A9308AA21
:1078000002AB07CAC4F8209083E807001946204657
:1078100034F004FC4146204634F0DAFB204633F0D5
:1078200027F9054628B142464946304627F022FA54
:1078300003E0BAF1000F04D1002528460EB0BDE8E0
:10784000F0874FF0E0634FF00009236001ABC4F80C
:107850000490C4F808900B9301230C93124B0EAACA
:107860000D9305AB12E90700C4F8209083E80700E8
:107870001946204634F0D2FB0421204634F0A8FB00
:10788000204633F0F5F8054608B13A46CCE7019AB0
:107890004644EB00013522FA03F3AA4506F8013B02
:1078A000F7D1C9E72125C8E704000020F0B50F464D
:1078B00016461D46044693B010B9212013B0F0BD02
:1078C0000029FAD0002AF8D0002BF6D00023314648
:1078D0001A46384623F0E7F90028EFD1304602A9CE
:1078E00023F078F90028E9D1EB68022B0AD0396837
:1078F0003F48029A81426B6902D01830814270D1B0
:107900009A42DAD82B68002BD7D14FF060626360BF
:1079100038462260A360236201A923F025FA0028DB
:10792000CCD10199204621F4F061019134F050FB53
:107930006946284623F018FA0028BFD1204600994E
:1079400034F046FB384609A900F054F80028B5D1B8
:10795000204609A923F00CFC38460CA923F0CDFAE7
:107960000028ABD120460CA923F002FCEB684BB1F8
:10797000284606A900F03EF800289FD1204606A917
:1079800023F0F6FB304603A923F0B7FA002895D17F
:10799000B368DA040CD59B0427D50621F369326954
:1079A0001B6801FB03225B0043F000530392059325
:1079B000204603A923F0DCFB28460FA923F09DFAFB
:1079C00000287FF47BAF20460FA934F027FB032566
:1079D000204633F04DF801287FF470AF013DF7D118
:1079E0006CE7B3EB420F8DD267E7292066E700BF53
:1079F000200000B090B189B101234B60C368013B06
:107A0000012B08D88269064B1AB10A6000208B60EE
:107A10007047044AF9E74FF00053F7E72120704719
:107A2000080000208CED0308F0B50E46154604460C
:107A30008FB0002862D0002960D0002A5ED00123D8
:107A400029461A46304623F02EF9002856D1B3684D
:107A500013F4C04F52D0AB6803F4C043B3F5005FDA
:107A60004CD1284B0BAF60602062A0603946304695
:107A7000236023F079F900283ED120460B9934F099
:107A8000A7FA304602A9FFF7B5FF002836D12046F5
:107A900023F06EFB304605A923F02FFA60BB204689
:107AA00005A923F065FBEB6843BBAB6803F4C04357
:107AB000B3F5005F22D1284601A923F0B5F8E8B953
:107AC000019B6A699A421BD32A6943F000530B92C7
:107AD00001220C920D9308AB97E8070083E807009A
:107AE0001946204634F09AFA0325204632F0C0FFAA
:107AF000012801D1013DF8D10FB0F0BD2120FBE7F5
:107B00001D20F9E70000010206289ABF014B185C0E
:107B10000020704794ED030800F01F02A0F5062036
:107B2000A0F55060812810D80123094940099340ED
:107B300051F820201A4341F82020064951F820200E
:107B400022EA030241F8202070474FF0FF307047CF
:107B5000341700202017002000F01F03A0F5062096
:107B6000A0F55060812810B519D801210D4A4009AF
:107B7000994052F820300B430B4942F82030D1E9AC
:107B8000003423448C682344CC68096923445B187F
:107B900004D1C2E90033C2E90233136110BD4FF0D2
:107BA000FF30FBE720170020341700202DE9F04FAD
:107BB000A7B003921D4604460822CDE904014140C6
:107BC00021FA02F34B40980702F1080218BF9B000C
:107BD000202A1C44F4D18123B4FBF3F303EBC31339
:107BE000E41A784B04F506241B7804F55064002B46
:107BF00039D1FBF7EFFF064600286ED1014640223F
:107C000006A827F037F83146402216A827F032F8A8
:107C10006D4E6E4FB0461036B74228BF37466C489F
:107C2000013F009743461022006806A922F043FA5C
:107C30004FF0000B81460DF1180AD94540D1644838
:107C4000009743461022006816A922F03DFA4FF033
:107C50000008834616AFC34545D15E4B9E42D8D13E
:107C60000122584B1A7081270026DFF878A1DFF82F
:107C700078B16309A3F58643683B5AF8232004F0E2
:107C80001F01CA40D20744D45BF82330CB40DB0746
:107C900032D5002E08BF26468123A4F50624A4F67B
:107CA000FF44B4FBF3F303EBC313E41A04F5062417
:107CB000013F04F55064DCD1039BFBB12EBB1DE0FA
:107CC0005AF8040BFFF728FF013009D100223D4B81
:107CD0001A703C4B1B78002BC5D16FF091000FE060
:107CE0000BF1010BA9E757F8040BFFF735FF013043
:107CF000EFD008F10108AEE7039B23B96FF08B00CA
:107D000027B0BDE8F08F06B92646329B00201E60E2
:107D1000F6E7309B13B10023309A1360319B13B107
:107D20000023319A13604FF01009DFF8A480CDF8DA
:107D3000009000232A462146D8F80000FBF74AFDB0
:107D4000002836D1309B0BB1C3F800902A68224B33
:107D50009A4217D02146D8F80000FBF797FE00287A
:107D6000CCD1D5E90223DDE90410834208BF8A4261
:107D700092D1039B002BC7D06B68012BC4D16FF04D
:107D80008400BDE7309B002BEBD0319B002BE8D06B
:107D90002146D8F8000016AAFBF764FD48B9319BCC
:107DA000309A1B681268934297D39B1A319A1360DA
:107DB000D7E70A4B9842CDD06328CBD0084B9842E6
:107DC000CFD08AE72BBE0620006D0800816D080029
:107DD00014C40620906D0800105D175EFFDF00F0F0
:107DE000FEDF00F034170020201700202DE9F04FAF
:107DF00087B08246894698461646DDF840B02AB1DB
:107E0000002B51D040F26C739A4250D8BBF1010F55
:107E100050D8002406F1100739460120059424F0BB
:107E2000C1F90546002848D0394623F0B8F905AB1A
:107E3000CDE9014300942B46012250464946FFF705
:107E4000B5FE044678B110F18C0F08BF6FF08D04B9
:107E50002846394623F0A3F9284634F016FB20467D
:107E600007B0BDE8F08F164BC5E902A92B60C5F835
:107E700004B02EB13246414605F1100026F026FF2F
:107E8000059E10483B462A4631460068FBF7BAFD7E
:107E900038B93046FFF740FE013008BF6FF0860466
:107EA000D6E76FF09104D3E76FF08604D7E76FF061
:107EB0009104D4E76FF08504D1E76FF08C04CEE72E
:107EC000105D175E14C406202DE9F0438DB0814685
:107ED000DDE914780E4615461C468BB1B8F1000F4B
:107EE00005D16FF0860630460DB0BDE8F083B7F1DE
:107EF000005FF6D3C3F1005303F500239F42F0D88F
:107F00001022002108A826F0B5FE002207AB02933C
:107F100005AB019306AB31460093484608ABCDE96B
:107F20000522FFF743FE06460028DCD1059BA4B1DD
:107F3000AB4215D853EA0504D3D1069B0B48C8F8C9
:107F4000004000943A46079900682B44FBF742FC36
:107F5000002818BF6FF09106C5E7AB42EDD2C0E72D
:107F60005B1B9C4228BF1C46E7E700BF14C40620E9
:107F700030B58DB00C4605461022002108A826F029
:107F800079FE002207AB029305AB019306AB2146B5
:107F90000093284608ABCDE90522FFF707FE04460B
:107FA00008BB099B012B21D0079D134B294618685C
:107FB000FBF76CFDE8B9A5F50623A3F55063812B0B
:107FC00005F01F020DD801210C485B09914050F8C3
:107FD00023204A4040F823202846FFF7BDFD01300A
:107FE00001D16FF0860420460DB030BD6FF08404DF
:107FF000F9E76FF09104F6E714C406203417002067
:108000001038102808D8064BC34013F0010F0CBFDE
:108010006FF08600002070476FF08600704700BF49
:10802000010101002DE9F04F95B00446DDE920750E
:10803000DDE922689346DDE91E028A46DDF890906C
:1080400029B96FF08604204615B0BDE8F08FBBF16A
:10805000000FF6D00FB9002DF3D108B9002AF0D1E6
:1080600016B9B8F1000FECD1B9F1000FE9D02D4AE3
:10807000934254D12388B3F5105F50D128220021B8
:108080000DEB020026F0F6FD2022002102A826F0CA
:10809000F1FD0AA833F092FF10B16FF09204D2E71D
:1080A00020465A46514602AB00F0FAF90446002831
:1080B000C9D10298FFF7A4FF04460028C1D115B921
:1080C000C9F80000BFE7B74223D27B199E4220D2F5
:1080D0004545B6D839462A46304626F0B2FD3746E1
:1080E00015F00F0AADD1CDE900762B46524602A914
:1080F0000AA8FFF701F9074670B1424651463046DB
:1081000026F0B8FD012FC9F800A0C6D16FF08B048E
:1081100099E74545E4D994E7C9F8005093E76FF033
:10812000850490E7004440042DE9F04F0C46C5B0AB
:1081300000218346904601A820229946DDF838A107
:10814000509D529F26F096FD2022002109A826F07E
:1081500091FD2022002111A826F08CFD23AE2822BB
:10816000002119A826F086FD84220021304626F041
:1081700081FD3CB1B8F1000F04D0BAF1000F01D07D
:1081800005B12FB96FF08604204645B0BDE8F08FE9
:108190002188628801F4E043B3F5804FF2D0304B80
:1081A00030480BEA030343F01063834202D06FF0C0
:1081B0008504E9E7D31DB9EBD30F4FEAD300E1D330
:1081C000519B984246D847F212139942EFD1B2F52B
:1081D000807FECD1244B4F9809930AF101030D9352
:1081E000842316934023023020F003000E90129354
:1081F00020464A46414601AB159600F051F9044627
:108200000028C1D10B9B119043F4005319A80B9384
:1082100033F0D4FE08BB11AB09AA01A919A8FFF7D6
:1082200045FB10B14828ADD1C1E72B462BAD3246F6
:1082300003CAAA4218605960164603F10803F6D132
:1082400023AB84220021184626F014FD842220232B
:108250003B6099E76FF0890496E76FF0920493E72B
:108260000000FFF600000209200000802DE9F04325
:10827000884614461D46C5B0002839D0002937D09D
:10828000B2B3ABB3038803F44F42B2F5824F04D0CC
:108290006FF0850045B0BDE8F083DAB2122AF7D15D
:1082A00023F0FF03B3F5E24F25D143882B60DBB900
:1082B000E3002B60B3F5807FEAD1002318463F49E5
:1082C00008EB0405214415F8012D11F8014D104368
:1082D000121B18BF0023A84543EA0203F3D138B1AB
:1082E000002B05DA0020D5E7DA1DB4EBD20FE1D080
:1082F0006FF08600CEE7B3F5824F5BD10B78042B8D
:10830000F6D12822002118A826F0B4FC18A833F0D2
:1083100055FE00284BD14FF0880922AF4A46002174
:10832000384626F0A7FC01232022002168468DF85C
:10833000883026F09FFC2022013C08F10103002137
:1083400005940DEB0200E4000493640826F092FC0F
:108350002022002110A8CDE90C7926F08BFCE02C1E
:108360006E46CDE914792C6002D0B4F5807FBFD180
:10837000134B0734336008934FF40053B3604FF44A
:108380008043E4080A93640010AB08A9324618A899
:108390001194FFF78BFA2B6804460733DB0859006A
:1083A00013B1384622F071FF002C9BD0A0E76FF08C
:1083B00092006FE76FF096006CE700BFA8ED03082E
:1083C00020000080F8B5134642880C460732072A81
:1083D0004FEAD20101D0A1425AD1D0E90167058804
:1083E00020221846002126F045FC360A034616B125
:1083F000012E50D1C660002C4AD041F201029542B4
:1084000005D0B5F5885F02D0B5F5905F08D15C6006
:1084100026B1B90707F0010212D4A2B3002011E07F
:10842000B5F5105F07D1182C03D0202C01D0102CEB
:108430002ED11C60EBE705F44F42B2F5824F02D01B
:108440006FF08500F8BDEAB2122AF9D1202CF7D1DD
:10845000124A25F0FF05B5F5E24F1A600CD0B5F5CC
:10846000824F15D14FF4005217F4705F09D017F402
:10847000864F04D09A60E3E74FF48042F4E742F479
:1084800080629A60C4E79A6842F080729A60C5E799
:108490006FF08600D6E76FF08B00D3E720000080F6
:1084A0002DE9F041164600221C4643688CB01B0A99
:1084B00080460D46009204D0012B56D06FF08B0001
:1084C0008EE0008820F0FF03B3F5824F15D1B8F895
:1084D00002700737FF08009722F0B4FE002800F072
:1084E000E6800B78042B05D1013EB6EB470F05F172
:1084F000010504D06FF0860072E0374600962246F0
:1085000039464046FFF75EFF002869D1F21CC4E9F6
:10851000030522F003026261002F00F0AA802022EE
:10852000002101A826F0A6FB394601AA4046FFF724
:1085300049FFDDE90176DDE9072C0399002840F0C9
:1085400098802368A568BB4240F093806768B74273
:1085500040F08F808D4240F08C80A169914240F0C4
:108560008880E26962453BD083E0032EC2D90B7854
:10857000012B40F09F80497800294BD0F73908291A
:108580009CD801A353F821F0F1850008AD850008BF
:10859000BD840008E7850008BD8400080B8600083C
:1085A000BD840008FB850008038600084FF41056C0
:1085B000F825424F1C22002102A826F05BFB032372
:1085C0000197CDE90435039601AA09AD134603CB03
:1085D000AB42206061601A4604F10804F6D1002025
:1085E0000CB0BDE8F08110274FF08076FA25E1E766
:1085F00020274FF00076F725DCE7FE252F4F304E81
:10860000D8E7FF252D4F2F4ED4E74FF41056FC2509
:108610002A4FCFE72B2E7FF66DAF2022204626F083
:1086200029FB05F1100315F0030723610DD001AB01
:1086300005F1280C1A4628686968083503C26545A3
:108640001346F7D1286801AD10606B68103E2360B7
:10865000AB686360EB686661A3600123E3601FB1F0
:108660002C2101A822F011FE6946204622F0B2FA20
:1086700020B12021204622F008FE3BE7B8F8003068
:10868000009F03F44F42B2F5824F0ED1DAB2122AA4
:108690000BD123F0FF03B3F5824F06D17B00626953
:1086A0001C339A42BFF438AFE3E73B46F7E76FF07D
:1086B000850095E76FF0910092E700BF20000080F1
:1086C00000440002004400032DE9F04F91B0DDF8B2
:1086D000689007460C4692469B46DDF87080B9F1DB
:1086E000000F05D16FF08604204611B0BDE8F08F71
:1086F000B8F1000FF6D00028F4D02822002106A8F7
:1087000026F0B8FA06A833F059FC10B16FF09204C5
:10871000EAE714F47C1FC4F305452BD0102DE1D8F3
:108720001B9B9D422FD81B4B24F47E149C422DD1C1
:1087300002AE10220021304626F09CFA5B465246DB
:108740003946009606A8FEF741FE0446A0B92A461F
:108750003146484626F0BAFA10222146304626F025
:1087600089FA1023C8F8005006A822F02EFA002833
:10877000BAD0CBE71025D3E7212814BF6FF09204BD
:108780006FF08604F0E76FF08904ADE76FF08504C1
:10879000AAE700BF0002C00370B50E4614460546A6
:1087A00010B96FF0860070BD0029FAD03822002180
:1087B00026F060FA094B24F47E129A420AD13388DB
:1087C000B3F5105F06D1C4F30543102BE9D80020A0
:1087D0002C60E8E76FF08500E5E700BF0002C0030A
:1087E000F0B50E4617461C4605468DB060B302B97B
:1087F00053BB4EB354B12822002102A826F03AFA06
:1088000002A833F0DBFB20B16FF0920420460DB0DC
:10881000F0BD2B680F4A23F47E13934217D10094C6
:108820003B46324602A9281DFEF7E2FE044628B167
:10883000212814BF6FF092046FF0860402A822F082
:10884000C4F90028E2D0DFE76FF08604DEE76FF0BE
:108850008804DBE70002C0032DE9F0438FB08946AE
:1088600090461D460446169F00284ED0002A4CD044
:10887000002B4AD0002F48D0002946D028220021C2
:1088800004A826F0F7F904A833F098FB064628B1AF
:108890006FF0920420460FB0BDE8F0832368102DDE
:1088A00028BF102513F47C1FC3F3054202D0954264
:1088B00028BF1546184A23F47E13934228D1282254
:1088C000002104A826F0D6F910220021684626F0DF
:1088D000D1F9201D6B464A4604A9FEF7E5FD044682
:1088E00060B1212814BF6FF092046FF086043E60DF
:1088F00004A822F06AF90028CCD0C9E72A466946C4
:10890000404626F0E3F92E46F1E76FF08604C1E712
:108910006FF08804BEE700BF0002C0032DE9F041FC
:108920000E4617469846044600B3F9B1F2B19822B4
:10893000002126F09FF93146069A04F16000FFF706
:108940002BFF0546A0B92346424639463046FFF77D
:10895000A7FD054660B97288D208A2F1100110295E
:10896000E26503D80A4BCB40DB0704D46FF08605E1
:108970002846BDE8F08163691C329342F6D304F1C6
:1089800020031846216926F0A1F92061F0E700BF15
:1089900001010100F0B50D461646044689B030B31A
:1089A00001B922BB202700213A46684626F062F929
:1089B00004F13803CDE904372368104AA06D23F48D
:1089C0007E139342019003D002F58072934211D13D
:1089D000102803D0182801D020280BD1009033464E
:1089E0002A4669462046FFF7FBFE09B0F0BD6FF04E
:1089F0008600FAE76FF08800F7E700BF0001C003C8
:108A00002DE9F0410D4616461F4604468AB050B384
:108A100049B342B33BB34FF020080021424602A8BD
:108A200026F028F904F13803CDE906382368114A05
:108A3000A06D23F47E139342039003D002F580725D
:108A4000934213D1102803D0182801D020280DD12B
:108A5000029033462A462046009702A9FFF7FCFE03
:108A60000AB0BDE8F0816FF08600F9E76FF088008A
:108A7000F6E700BF0001C00370B504460D4633F0B1
:108A80009DF90D2C06460AD80D2C15D8DFE804F008
:108A900018181418182714182B142E1431360F3CDC
:108AA000E4B2112C08D80123194AA340134216D16D
:108AB0000A2C29D0042C24D0002321242B8009E067
:108AC0008020FCF75FFA4FF6FF7398420CBF0E242C
:108AD00000242880304633F06CF9204670BD002316
:108AE0000F242B80F6E74FF48060EAE74FF44060F4
:108AF000E7E74FF4C060FCF727FAE4E74FF4F060D3
:108B0000F9E74FF4E060F6E74FF41860F3E700BFD1
:108B10004751030030B58BB06C46854D854833F026
:108B20005BFB0FCD0FC42B68834A2360FF238DF8B6
:108B30000130D2F84C3113F4802340F0EC80D2F8AD
:108B400050218DF801309DF801306C46FF2B08BF95
:108B50003F236846794D8DF80130FCF7E9FA322061
:108B6000FCF724FB0FCD0FC40FCD0FC495E8030015
:108B700084E80300704BD3F84C21120300F1C58048
:108B8000D3F85041E4B28DF81940FCF7CBFA044415
:108B900084F308046A488DF81840F9F709FB684621
:108BA000FCF7FCF93220FCF707FB6648FCF79CFE5B
:108BB0006548FCF709FF654C654833F00DFB002064
:108BC000FCF700FBFCF7AAFB236F002023F0070350
:108BD00043F003032367FCF7CBFB236F5D4923F4CA
:108BE00074432367D1F8FC2012F080721EBFD1F8C5
:108BF000FC3023F08073C1F8FC300021D4F88030C1
:108C000023F0030343F00103C4F88030524BC3F850
:108C1000801032B14F4AD2F8FC3043F08073C2F872
:108C2000FC304A4CD4F8203123F0070343F0020310
:108C3000C4F82031D4F8283123F0070343F00203AD
:108C4000C4F82831D4F8803123F0030343F0020341
:108C5000C4F88031D4F8403123F0030343F0020319
:108C6000C4F84031D4F8603123F0030343F0020329
:108C7000C4F86031D4F8403223F0030343F0020318
:108C8000C4F84032D4F8003223F0070343F0020363
:108C9000C4F80032D4F8083223F0070343F002038B
:108CA000C4F80832D4F8503223F0030343F002032F
:108CB000C4F85032D4F8703223F0030343F00103B8
:108CC000C4F87032D4F8203223F0070343F00103D4
:108CD000C4F82032FCF720F94FF0E022002013699D
:108CE00043F004031361D4F8603223F0070343F028
:108CF0000103C4F86032D4F8943223F0070343F040
:108D00000103C4F894320BB030BD144B1C88FF2C07
:108D100088BF8C2437E74FF07E6393F89C2093F94B
:108D20009C30002BFFF60FAF8DF801200BE700BF42
:108D3000C8ED030818EE03080080E00FDCED03081F
:108D4000C017530200B4C404C0EA210100800050DF
:108D500024EE030800ED00E0009000500001E00F59
:108D600007B5094B186899889B7900906846ADF85B
:108D700004108DF80630FCF7ADFF0C20FCF7E2FF85
:108D8000002003B05DF804FB04EE03082DE9F04772
:108D900004460E4621B900F017F90646002868D0AF
:108DA000337D1F2B67D833F009F80746334B1B6818
:108DB000183B13F1180F0FD1DFF8C480D8F80090DA
:108DC000ACBB424621461C2001F074F90546C0B1F7
:108DD000384632F0EEFF05E0A34206D1384632F0C5
:108DE000E8FF12252846BDE8F0871A68B24201D094
:108DF0009B69DDE73846002CF1D032F0DAFF2325FD
:108E0000F0E74FF0010AD8F8004000220421307D3D
:108E100004F1100301F056F9054680B1BAF1000FD4
:108E200002D0204633F02DFBC8F80090D0E7B9F10E
:108E3000000F01D1C8F800404FF0000AE5E70246F4
:108E40000421307D04F1140301F03CF9054618B10A
:108E5000206933F016FBE1E7214660602073A060D3
:108E6000064841F8186B20F0E3FC304600F08CF81F
:108E7000AEE72D25B6E70F25B4E700BF5017002059
:108E80004C17002020B1034B1B6803600020704783
:108E9000222070474C17002038B50D46044608B90B
:108EA0000F4B1C6832F08AFFD4E900311A7D4FF075
:108EB000FF3393400B43DB4303D132F07AFF1A2098
:108EC00038BDB3FA83F30122C3F11F03DBB29A402A
:108ED0000A4362602B7032F06CFF0020F0E700BFA5
:108EE0004C17002070B50E46044608B90D4B1C689F
:108EF00023681B7DB34212D932F060FF01220025A6
:108F00006368B24023EA02036360236943F8265092
:108F1000636943F8265032F04CFF284670BD21208B
:108F2000FCE700BF4C17002070B50D4616460446FE
:108F300008B9084B1C6823681B7DAB4208D932F086
:108F40003DFF236943F8256032F033FF002070BDF8
:108F50002120FCE74C17002070B50D46164604464C
:108F600008B9084B1C6823681B7DAB4208D932F056
:108F700025FF636943F8256032F01BFF002070BDB8
:108F80002120FCE74C17002013B50468806833F0FB
:108F900023F90C4833F020F9232000F0BBF92320FB
:108FA00000F09CF91E23ADF804300023204601A9EF
:108FB0008DF8063021F09DFD012304F58054636097
:108FC00002B010BD28EE03080048704744EE0308C5
:108FD000F8B5134D6B6D2A6D1340124A002B1365C3
:108FE0009EB202DB01276EB9F8BD0123E9680E4A83
:108FF000C1F304218B40284642F82130BDE8F840F7
:1090000031F046BFB6FA86F4C4F11F04E4B221463B
:10901000284607FA04F431F03BFF26EA0406E2E7AB
:1090200000000450002004505417002070B501F0D7
:10903000D9FA0446E8B901F07BFB32F0C7FC4FF4E3
:10904000167343430C4A03F5742303F23F23B3FB27
:10905000F2F30A490A480B600A230268094D0E68B8
:10906000013B45F8046B0E6813F0FF033244F6D160
:109070000260204670BD00BF40420F00A8170020CC
:10908000781700207C170020012208B5034B1A70C6
:1090900033F04BFA024B186008BD00BF2DBE06200E
:1090A0007417002010B532F091FC044632F08FFEA8
:1090B000844207D933F045FA20B10122024B1860EF
:1090C000024B1A7010BD00BF741700202DBE062081
:1090D000F8B51F4C2378E3B133F027FA1D4B1E4D32
:1090E0001B68C01A28602B68A3B12B682B6032F074
:1090F0006DFC4FF416725043184A00F5742000F2CC
:109100003F20B0FBF2F02B682B68834204D9002388
:109110002370F8BD0123E9E71148124E037829684E
:1091200056F82320104F511A3A68521A29683A60AB
:1091300046F823100A210932B2FBF1F20B4D01333C
:10914000DBB22A60B3FBF1F201FB12330370DEE7FE
:109150002DBE062074170020A417002040420F00E7
:109160002EBE06207C17002078170020A8170020AC
:10917000014B1868704700BFA8170020F8B50321FD
:109180003C2022F048FC04264FF480120D4C0E4B7C
:109190000E4F04F500555A663C206F676E672F67C7
:1091A0002E6700F0B7F83C2000F098F84FF00072FE
:1091B00004F580535F675E67AA624FF480529A623B
:1091C000F8BD00BF0040005A00900050010000A010
:1091D000064B074A996D11F0050F01D0117811B1B6
:1091E0000028F7D170470120704700BF0040005AA7
:1091F0002FBE0620164B10B51C6F600712D5042138
:10920000144A1167082191629B6DD90701D4FFF7B9
:1092100049FF01F029F901F009F9012032F082FC3F
:1092200033F091F9E20706D501220A4B1A67FFF7DE
:109230004FFF01F0FBF8A30042BF4FF00052054B77
:109240001A67002CBEBF4FF00042024B1A6710BDD8
:109250000040005A0060005A0028ACBF00F1604096
:10926000064B4FEA0111C9B2ABBF00F5614000F0F7
:109270000F0080F800131954704700BF14ED00E090
:1092800008B532F09BFD0B4B1A7872B901221A70A7
:1092900032F08FFD6FF0040210460132052152B208
:1092A000FFF7DAFF5D2AF7D108BDBDE8084032F0CC
:1092B00080BD00BF30BE062000280CDB012206491D
:1092C000430900F01F008240203341F82320BFF300
:1092D0004F8FBFF36F8F704700E100E0002807DB7E
:1092E00001234109034A00F01F00834042F8213066
:1092F000704700BF00E100E0054B421153F82230F7
:1093000000F01F0023FA00F0C04300F00100704796
:1093100000E100E0002808DB01224309034900F0D6
:109320001F008240603341F82320704700E100E0D5
:1093300010B5044632F042FD024B1C6032F039FD9C
:10934000002010BDAC17002010B532F037FD034BE4
:109350001C6832F02EFD204610BD00BFAC17002067
:1093600038B5104B05461B78ABB1B0B1002029468B
:109370002860FFF791FD044688B932F01FFD2B6885
:109380000125094A190102EB03131D73545032F0F1
:1093900010FD204638BD1124FBE72124F9E71A24EB
:1093A000F7E700BF31BE0620B418002010B532F038
:1093B00005FD0023084A147B54B90133082B02F140
:1093C0001002F8D1054B1C7032F0F3FC204602E08D
:1093D00032F0EFFC042010BDB418002031BE06208E
:1093E0000D4B10B51B7804468BB1072811D80B4BD9
:1093F000C1B21868FFF776FD32F0E0FC084B03EBD2
:10940000041300241C7332F0D4FC204610BD11203C
:10941000FCE72120FAE700BF31BE0620B01700208C
:10942000B418002010B532F0C9FC124B1C781CB1E6
:1094300032F0BFFC122010BD01221A7032F0B9FCCC
:109440000D4B0E481C731C7783F82C4083F83C406E
:1094500083F84C4083F85C4083F86C4083F87C4090
:1094600032F0BAFE064832F0B7FE0648FFF70AFDB2
:109470002046E0E731BE0620B41800202CEE030899
:1094800028EE0308B0170020F8B504461648007807
:1094900020B3072C24D8154D260105EB0410077BBB
:1094A00007B3AB510025069B856043601346104807
:1094B0000A46214621F030FB01230E4AA3405365A2
:1094C0000D4BE1B253F824200C4B1868FFF72CFD2C
:1094D0000748214621F05EFB2846F8BD1120FCE735
:1094E0002120FAE72520F8E731BE0620B418002035
:1094F000000004500010045090EF0308B017002043
:109500002DE9F04F87B098469DF84030044600930F
:109510003D4B8B461B789146002B6FD007286FD8A8
:10952000002A6DD0B8F1000F6AD0119BB3F5006F1F
:1095300066D8DFF8F0A003010AEB0012127B01935A
:10954000002A5FD00021314D102205EB4016470163
:109550003046CDE90311059125F08CFB4FF44472A0
:109560007280DDE900231AB9F27842F03002F2701D
:10957000DBF80020E9190292119AC1E90189501E15
:109580009DF84820C0F30A0002F00302920642EA66
:10959000001CEA591E4810404CEA0002EA51139A96
:1095A00052B38A78C2F300123D44A97862F30411E1
:1095B000A970002513990AEB03024AF80310149BC3
:1095C00095605360134BE1B253F82420124B186896
:1095D000FFF7AAFC334602AA2146104821F09CFA64
:1095E0000E48214621F0D6FA012328460C4AA34012
:1095F000536507B0BDE8F08F139AD5E71120F8E75F
:109600002120F6E72520F4E731BE0620B41700201C
:109610000F80FFF390EF0308B01700200000045004
:1096200000100450B41800200A4B1B7863B10728BF
:109630000CD8094B03EB00131B7B4BB10123074AEA
:109640008340136400207047112070472120704729
:109650002520704731BE0620B418002000100450A9
:109660000A4B1B7863B107280CD8094B03EB001396
:109670001B7B4BB10123074A8340136400207047D2
:1096800011207047212070472520704731BE0620E9
:10969000B41800200020045038B50446D0F8A43097
:1096A0001D68AB6C5906FCD5002394F8AD101A4622
:1096B00094F8AC00FCF78CFE002394F8AF101A4627
:1096C00094F8AE00FCF784FE94F8B430DA0707D5BE
:1096D000002394F8B1101A4694F8B000FCF778FE15
:1096E00094F8B4309B0707D5002394F8B3101A46BA
:1096F00094F8B200FCF76CFE012205F500531A65E0
:10970000042200211A652846094D20F0BFFFD4F835
:10971000A80032F064FD284604F1B80120F09BF85F
:109720002B6813B9034800F0FDFD002038BD00BFD1
:109730003419002038190020012910B502D9022956
:1097400013D010BD124B1C68B83C14F1B80FF8D000
:10975000D4F8A80032F040FDD4F8A43005211868F0
:1097600020F094FFD4F8B840EEE7094B1C68B83CF1
:1097700014F1B80FE5D094F8973033B994F89530D8
:109780001BB9D4F8A80032F02AFDD4F8B840EEE7AF
:10979000341900202DE9F0471D4613688EB01F686C
:1097A00091F8313081468846144606AE002B00F011
:1097B000F180DFF820C2BCE80F000FC69CE80F0064
:1097C00086E80F0018220021684625F053FAA268A7
:1097D00003460892227B012A00F0DF80022A0CBF98
:1097E0004FF440720022ADF82620627B0D93032ACD
:1097F0008CBF4FF480526C49A37B98BF31F8122084
:109800004FF0010AADF828205A1E022A88BF002313
:10981000664A8DF80030D8F838308DF806A01A6006
:10982000634A29465A60634A48469A60624ADA6047
:10983000424600F019FB0646002840F0A780236945
:109840005E48C5F8A830237E85F8AF30E37D85F803
:10985000AE30A37D85F8AD30637D85F8AC30A37E56
:1098600085F8B130637E85F8B030237F85F8B3305A
:10987000E37E85F8B2302368C5F8A43032F0ACFC42
:1098800053460422A17D607DFCF7A2FD5346217E54
:109890000222E07DFCF79CFD85F8B460206932F07F
:1098A0009BFC98F83130384606A9002B78D020F080
:1098B0001EFF95F8B43043F0040385F8B43014214A
:1098C000227D3F4B03EB4210C0F8941494F816C06D
:1098D000617D253241EA0C41C0F8AC14207EE17D67
:1098E00003EB421341EA00415960A37B03F0FD03FF
:1098F000012B0BD195F8B430022243F0010385F817
:10990000B430A17E0023607EFCF762FDA37B023BA6
:10991000012B0BD895F8B430042243F0020385F8EC
:10992000B430217F0023E07EFCF752FD95F8B4307F
:10993000DB0717D5A17E627E237D42EA014241F218
:109940009C415B0103F1A04303F570335A5041F28F
:10995000944202219950217FE27E03F5A55342EA09
:1099600001421A60174B1B681BB91749174800F0D2
:10997000C7FC144805F1B8011FF05AFF144A07F557
:10998000005305213846DA6420F080FE30460EB0E0
:10999000BDE8F087DFF840C00DE74FF4007222E722
:1099A00020F0A9FE8BE700BFB0EF0308CBBA020896
:1099B000FDBA0208E1BA02089996000830EE0308E1
:1099C00000C003503419002020C40620381900209C
:1099D000FF3F0D03B8EF0308D8EF0308034B022243
:1099E000186800238068194606F076B9C0C40620BE
:1099F000302337B5007D0DF10701434303F1A04348
:109A000003F58023DD6E1C6F31F0B0FA9DF807007E
:109A100040B9054B9D4203D1C4F3400484F00100DA
:109A200003B030BD0120FBE732BE06203021037DAC
:109A300002464B4303F1A04303F58023D86E074948
:109A40001B6F884208D113F0020006D0106A136D14
:109A50001B1A5842584170470020704732BE0620FA
:109A600070B5044608B9012070BD057D2846FFF792
:109A7000DBFD30236B4303F1A04303F5802328462D
:109A8000DE6EFFF7EDFD0A4B9E421CBF042384F8F7
:109A9000A13094F8953094F8A1002BB1022803D19D
:109AA000012384F8A130DFE70428DCD1F8E700BF08
:109AB00032BE06202DE9F04F04464FF444764FF0B5
:109AC00030093F4D00F138071022002185B038469B
:109AD00025F0D0F86687C4E90F55207DFFF7A4FD77
:109AE00010220021384625F0C5F86687207D354EC6
:109AF000C4E90F5509FB0063DB6EAB4204D105B02E
:109B0000BDE8F04FFFF7ACBD0DF10B0131F02EFABF
:109B10009DF80B50002D4CD1204622F037F880469E
:109B200003A9207D31F042FA039B2946013B1FFA2D
:109B300083FB04F118031D4610221846D4F810A028
:109B400025F098F8A169204ACBF30A031B010A40CB
:109B500043F040731343C4E9063A237DC4F82080E0
:109B600009FB0366336F94F824205B0863F341021A
:109B700084F82420326F94F8243025F0030562F332
:109B8000000384F82430336F626A9B0863F39F02FA
:109B900045F002056262656400943A4621460B4B2B
:109BA000207DFFF771FC207DFFF75AFD05B0BDE871
:109BB000F08F94F8443023F0020384F84430EBE74C
:109BC00032BE0620000004500F80FFFCB9BB020823
:109BD0002DE9F7434469064694F8953063B194F84B
:109BE00098304BB1002384F8953032F07CFB236E23
:109BF000012120469B689847336904F17C07013BAB
:109C0000102200213846D6F80C90D4F874809DB20A
:109C100025F030F80B4BC5F30A0543EA0513C4E9F8
:109C20001F39012394F8780084F88C30C4F88480BC
:109C30003A46054B009604F16401FFF725FC03B09A
:109C4000BDE8F083000010306FBC02082DE9F04F32
:109C50000026044698468BB0089106921E60069B2B
:109C6000B3EB060900F09F80089B9E1900F09B80D3
:109C7000207DFFF7D9FC2046FFF7D8FE0746207D60
:109C8000FFF7EEFC002F40F08E80204621F07EFF93
:109C9000216D94F89AB088429BBFD4E91253ED1815
:109CA000451A6D1A4D4528BF4D46BBF1000F00F017
:109CB0009F8032F083F8D4F8509007902046FFF749
:109CC00097FE4B46A946824658199842D4F89C20E4
:109CD00072D1D4E912130B449A42079808BFC4F812
:109CE0009C1032F066F8D346207DFFF79DFC20469D
:109CF000FFF77EFE0646204621F048FF236D824690
:109D0000984240F28380A26CAEB2934276D109931E
:109D100004F128072369102238460021079324F014
:109D2000A9FF3022079B013EE362099BC6F30A06A6
:109D30002363237D3601534327F0030703F1A04338
:109D400046F0407647F0020703F58023A6621F67BE
:109D5000236DD4E912122B440A44934208BF0B46E8
:109D60009A45236505D10123204684F85430FFF736
:109D7000A1FE207DFFF774FC94F89A303BB1BBF153
:109D8000000F04D0236E112120465B689847D8F855
:109D90000060B9F1000F06D0069B4E449E42C8F801
:109DA0000060FFF45CAFD8F80030002B14BF002037
:109DB0001B200BB0BDE8F08F934203F1010108BFF7
:109DC000C4F89C101B7808BF5F4603F0FD0CBCF183
:109DD000110F03D006F8013B0B4676E72FB1A3F134
:109DE00011025342534184F8A03009F1FF39F3E7DF
:109DF0002A46304624F06AFFA94675E7238DC3F34F
:109E00000A12164466F30E132385A1E7207D86B956
:109E10003023584300F1A04000F58020426E436E8D
:109E2000C2F30A122A446FF30E1343EA0213436685
:109E30008EE70C4B049403930023CDE901530123D7
:109E40000093524623692146FFF75AFB3022237DB7
:109E5000534303F1A04303F580235A6E22F480128A
:109E60005A6675E7B9BB0208F0B50C4615460646BA
:109E7000A422002189B0204624F0FCFE2746AC46EF
:109E8000BCE80F000FC7DCF8003005F1140C3B6094
:109E900004F16407BCE80F000FC7DCF80030EA6A81
:109EA0003B60AB6AC4E9132395F83020A36484F8BF
:109EB000992095F83320C4F89C30012384F89A2027
:109EC00084F8A03084F85430AB6B236695F83430B6
:109ED00084F8943095F8313084F898303E4B3460F3
:109EE00073603E4BB3603E4BF3603E4B73613E4B41
:109EF000B3613E4B3361FFF795FA08B112280CD1DC
:109F000007A8FFF72DFA40B9079B07A82375FFF7AD
:109F100027FA28B1207DFFF763FA102009B0F0BDC1
:109F20000127079B84F87830314B7362314B84F8FA
:109F3000A170F361304B95F83210336284F89600CB
:109F400084F89570204621F035FFAB6B93F9110032
:109F5000FFF7E0F9AB6B93F91100FFF7BFF9207D34
:109F6000FFF762FB0028D8D1244B0494CDE902030B
:109F7000E36C2146CDE900732369A26C207DFFF7D5
:109F8000BFFA0028C9D13022237D4FF480115343FA
:109F900042F2640203F1A04303F580239950AB6BB6
:109FA00093F91000FFF7B6F9AB6B93F91000FFF7C8
:109FB00095F904F190001FF038FC3046FFF7B8F92E
:109FC0002046FFF777FD207DFFF74AFB003818BFDA
:109FD00001200001A2E700BF97BC020829BC0208CB
:109FE0004D9C00087BBB020881BB02081DBE020815
:109FF000619A0008B5BD020887BB0208B9BB020818
:10A0000070B50568144E2C7D2046FFF70DFB3023FC
:10A0100003FB0463DA6E114B9A420FD12846FFF717
:10A02000E7FC80B131F0CAFE01230D4AA34053651D
:10A03000A2F580529362536331F0BBFE2046BDE827
:10A040007040FFF70DBB2846FFF7F0FC0028F5D164
:10A050000123A340B364F1E70000045032BE0620A0
:10A060000020045013B50A4C23787BB900F048F85F
:10A07000684600F03DF8DDE900010222054B22F0C0
:10A0800097FA08B90123237002B010BD1220FBE734
:10A0900033BE06204019002007B5009313460A4638
:10A0A0000146034821F069FF03B05DF804FB00BFDF
:10A0B0004019002013460A460146014822F04CB8D8
:10A0C0004019002007B5009313460A46014603488D
:10A0D00022F04CF803B05DF804FB00BF40190020EB
:10A0E00013460A460146014822F066B8401900208E
:10A0F000024AD2E90021C0E9002170476819002016
:10A100000349044B044A5B1A11605360704700BF57
:10A11000B8C606200000082068190020BFF35F8F32
:10A12000074B5A6A22F480325A62D3F8942022F004
:10A130000102C3F89420BFF34F8FBFF36F8F7047B6
:10A1400000ED00E070B5FFF7E9FF234A234CD2F899
:10A15000C030234D23F0FF0343F0A003AC4221495C
:10A16000C2F8C03028D025F01F03203BB3F1005FB8
:10A1700023D21D4B0A68184823F01F0343F0030342
:10A18000C0F89820C0F89C30184B0132C0F8A030BD
:10A190000A60BFF35F8F05220F4BC3F894205A6A01
:10A1A00042F480325A62BFF34F8FBFF36F8FBFF319
:10A1B0004F8FBFF36F8F70BD0D4B08680D4EC2F807
:10A1C000980043F001030130AC42C2F89C60C2F831
:10A1D000A0300860DDD0CCE700ED00E0E0C3062051
:10A1E00040C0062070190020FFC30620E1FF0720B1
:10A1F00000000820030000202DE9F0410E46114622
:10A20000DFF8D480D8F80040FF2C8CBF1A27002735
:10A21000FFF784FF1F292AD90021C2061CBF20F0A6
:10A220001F0020302B4DF30618BF26F01F06CBB2BF
:10A230009C4231D8D5F8C03040F0030423F47F436A
:10A2400043F48073C5F8C03031F0B8FDD8F8003061
:10A2500046F00306C5F89830C5F89C40C5F8A060E4
:10A2600031F0A7FDD8F800300133C8F80030BFF353
:10A270005F8F0522174BC3F894205A6A42F480324C
:10A280005A62BFF34F8FBFF36F8FBFF34F8FBFF390
:10A290006F8F3846BDE8F081C5F89830D5F89C300E
:10A2A000D5F8A02023F01F03984222F01F0201D10D
:10A2B00096420BD0904201D89E4209D2D5F89830F0
:10A2C000013123F0FF03C5F89830B0E70027CEE74F
:10A2D0002827CCE700ED00E070190020BFF34F8F76
:10A2E0000549064BCA6802F4E0621343CB60BFF332
:10A2F0004F8F00BFFDE700BF00ED00E00400FA054E
:10A3000038B54160044631F050FD05462146044809
:10A310001FF08EFA2846BDE8384031F041BD00BF3D
:10A320007419002038B5054631F03FFD0446294632
:10A3300003481FF090FA2046BDE8384031F030BDA8
:10A340007419002001481FF070BA00BF7419002072
:10A3500070B531F02AFD134D0446134831F03CFF2F
:10A360002E7896B900F0CAF9FFF7ECFF32F0FEF84C
:10A370000E4B1E6031F02AFB0D4B0E4A1860536FD6
:10A3800043F00103536722F035F900F09DF822F005
:10A3900047F9094B1860012320462B7031F000FD6E
:10A3A000002070BD40BE062030EE03087819002062
:10A3B000A0190020004000507C19002038B5044648
:10A3C00031F0F3FC0F4D02462B78FF2B04D1B4B1D2
:10A3D000BDE8384031F0E4BC1BB9002CF8D00121B5
:10A3E00003E0002C14BF0121FF210B44DBB22B70D2
:10A3F000B3FA83F304495B0910460B70E8E719468A
:10A40000F3E700BF3DBE06203CBE0620054B1B689F
:10A410005843054B00F5742000F23F20B0FBF3F0E9
:10A42000704700BFA019002040420F0010B5094B33
:10A430001B786BB1084C237853B131F0D5F8002369
:10A44000064A237013700123054A1370054A1370DE
:10A4500010BD00BF3FBE06203ABE062039BE062012
:10A4600035BE062034BE0620034B1B7813B10122F3
:10A47000024B1A70704700BF3FBE06203ABE06204E
:10A4800073B50F4E04463378834211D000238DF804
:10A490000430430001A88DF805300A4DFBF722FB7C
:10A4A00040203CB1FFF7B2FF2B68181A28603470C7
:10A4B00002B070BDFFF7AAFF2B681844F6E700BF93
:10A4C00096C60620A419002073B5002401A88DF8B3
:10A4D0000440FBF79FFB2046224CFFF7D1FFD4F846
:10A4E0000031214A03F0030313604FF480121F4B25
:10A4F0001F4D5A664FF400325A6630F0A1FF1D4BD3
:10A500001B780BB3D4F8003103F00303022B23D0E4
:10A51000032B24D0012B17D130F0D0F9024698B18B
:10A52000154B164EDC6800231946C4F30B040134A6
:10A5300004EB84040138E4FB060105F0CFF8FFF7D3
:10A5400065FF2B6803442B601F20FFF75FFF2B681C
:10A5500003442B6002B070BD30F00EFADEE730F03D
:10A56000B3F9DBE700800050B019002000900050E4
:10A57000A419002043BE062000C0015040420F0035
:10A580000122114B10B55A67104B114C1B78A3B127
:10A59000022031F0DAFF80B131F0AEFA68B1A36D7C
:10A5A000D90302D5E36D9A0703D4094B9B6DDB07F2
:10A5B00004D54FF48032044B9A6210BD0122054B42
:10A5C0001A70FEF761FDF4E70050005A44BE062001
:10A5D0000040005A41BE06200122014B1A7070470C
:10A5E00044BE062070B531F0E9FB144E05463478C0
:10A5F000FCB9134B1C60134B1C60134B1C6000F028
:10A6000047F8012031F0B7FF31F05CFB0F4B0246F9
:10A61000186020B9284631F0CCFB232070BD2346BA
:10A6200040F2E7310A4805F059F80A4B1860012357
:10A630003370284631F0BDFB0020EFE747BE06200F
:10A64000C4190020C0190020CC190020C81900200E
:10A6500018FCFFFFBC190020012300B58DB08DF858
:10A660000F3031F0B9F900230146CDE90033074A34
:10A670000DF10F0304A831F030FF18B99DF80F3029
:10A68000002BFBD10DB05DF804FB00BF99C403089B
:10A6900010B5002486B01422214601A88DF8004090
:10A6A00024F0E8FA012313488DF8043031F094FDCA
:10A6B000BFF34F8F6846FCF7CDFD204601A98DF80A
:10A6C0000440FCF7D9FD20460F2130F083F90F211B
:10A6D000204630F085F9FCF7A3FD30F05FF9064B1A
:10A6E00053209C61FEF716FE5320FEF7F7FD06B0DF
:10A6F00010BD00BF18EE030800C00A5008B50A4894
:10A7000031F06AFD40F6015200210120FCF7D8FA31
:10A710004FF4A2720021012020F0D6F84FF480728D
:10A72000024B9A6408BD00BF1CEE030800D00A501B
:10A7300008B5094831F050FD40F6016200210220C1
:10A74000FCF7BEFA4FF49E720021022020F0BCF804
:10A750000022024B9A6408BD1CEE030800D00A5088
:10A7600010B5044630F090F80C4BA0F57A729A427E
:10A7700012D84FF47A73B0FBF3F05C43084BB3FB91
:10A78000F0F3B4FBF3F0022806D9BDE81040032330
:10A79000B0FBF3F0F5F7E4BE10BD00BFFFC99A3B74
:10A7A00040420F0038B508460C462FF0FCF803462F
:10A7B00020B994E80700024D85E80700184638BD27
:10A7C000D019002070B5042915461C46049E01D9F5
:10A7D000212070BD02D12FF0E0F801460B4B9A7A90
:10A7E0008A42F5D918680C2303FB010115B1B1F9B0
:10A7F00004302B8014B1B1F9063023800EB900204B
:10A80000E7E7B1F908303380F9E700BFD01900203D
:10A810002DE9F0432A48DDF81C80847A94424BD914
:10A820000C246243D0F800E01EEB020446D060899D
:10A83000002843D0B4F90450B4F906608D42B4F94D
:10A8400008701DDCB142A8BF3146002F36D000F1A0
:10A85000FF3C1FFA8CFC07FB0C594C1B94FBF7F4D4
:10A860004E45D8BF6046A4B2A04202D3B14218BF41
:10A8700020465EF802C05CF820200CEB800403E068
:10A880002946E2E7013880B218B154F804ED724568
:10A89000F8D0B1421EBF17FB00F1491909B2994225
:10A8A00003DD10B1013880B2E5E70020C8F80020D0
:10A8B000A8F80410BDE8F0830E20FBE70220F9E7BA
:10A8C000D019002008B506494FF0FF30FFF76AFFA6
:10A8D000BDE8084001214FF0FF302FF066B800BFFF
:10A8E0006C0104087FB50222084B0949CDE9012318
:10A8F0004FF00073CDE90313072301A94FF0FF3098
:10A9000005932FF077F807B05DF804FB006A180094
:10A910000002060010B5124C1249206821F0C8F858
:10A920001EF047FF1EF046FF0F49206821F0C0F8D7
:10A9300024F0C6F803F0AEF903F0B8FC03F050FEC3
:10A9400004F08AF903F008FD03F08AFF31F0EDFD11
:10A95000BDE81040054B1860054B186004F086B840
:10A96000100F0020ACC80308B1C80308EC19002080
:10A97000E81900202DE9F04F97B031F0D6FDBC4D1D
:10A9800006462B68C41A4FF47A7031F025F88442D9
:10A990001AD3B84CB84920682E6021F089F81EF00F
:10A9A00008FF1EF007FF4FF0B24024681FF030FF91
:10A9B000B24902464B6A4869D1F88810CDE90001D6
:10A9C0002046AF4921F074F8AE4BAF4C197822788D
:10A9D000914210D01B78DBB22370237803F0FF057F
:10A9E000002B00F0948003F0B7FC03F039FFA74B75
:10A9F0001E60A74B1E602378002B00F02981A44F16
:10AA000042F210703B68F51A30F0E6FF854202D33F
:10AA10003E6004F037F904F03BF910B10122974B86
:10AA2000DA609C4B1A7822B100229B481A7003F01E
:10AA300017F89A4B1A7822B1002299481A7003F03D
:10AA40000FF830F0C3FF1A21B0FBF1F08F4A136802
:10AA5000F31A834202D3166003F09AFC914F3B78BD
:10AA6000002B00F0F5800EA803F02CF9054600B984
:10AA70003870DFF800B203F0FFFC7F49DBF800001C
:10AA800021F016F81EF095FE1EF094FE864B9FED09
:10AA9000877AD3ED037A67EE877AFDEEE77A844909
:10AAA00017EE902ADBF8000021F002F803F07EFD9B
:10AAB000DFF808A27F4B0690002D00F0D0800EA991
:10AAC00008A803F0E1FF9DF834907A4BB9F1000F2C
:10AAD0002AD09DED067ADDED096AF6EE007AB8EE31
:10AAE000477A47EE267AFCEEE77ACDED077A9DF8B5
:10AAF00020709DF81C80022F40F0AD809AF8002055
:10AB0000BAB901228AF800206B4A166011E003F0FE
:10AB1000F3FE03F033FC02F06DFF03F0F5FB674B2F
:10AB20001D70644B1D7066E74F46DDF818808AF88B
:10AB30000090DDED0E7AF5EEC07AF1EE10FA40F3FA
:10AB400094809FED5F7AF4EEC77AF1EE10FA40F14F
:10AB50008C801A781AB901221A705A4A16605A4A19
:10AB6000127A002A00F0B880584A127A002A00F0BF
:10AB7000B380574A127A82F00102217842EA4104F6
:10AB8000E4B20DB944F00404B9F1000F00F0A6805E
:10AB9000FA0002F018021443069A312A9AF80020AB
:10ABA0009CBF44F02004E4B262B1434A1268A6EBB1
:10ABB000020A30F00BFF782250433E4B824528BFFB
:10ABC00044F080041B785BB13E4B1B68F61A30F0F2
:10ABD000FDFE4FF496735843864228BF44F040046C
:10ABE0002549DBF8000020F063FF1EF0E2FD1EF0B7
:10ABF000E1FDB9F1000F08BF0327DBF80060002D6D
:10AC00006ED0DDED0E7AFCEEE77A17EE909ADDED70
:10AC1000137AFCEEE77A17EE90AA04F08BF83B4625
:10AC20002A46CDE903402B493046CDE9019ACDF8BB
:10AC3000008020F03DFF002D0EAA414608BF0022F3
:10AC4000069B204602F030FD04F074F802F0EAFCA6
:10AC500017B0BDE8F08F00228AF8002069E7A94606
:10AC60002F46DDF818808AF8005000221A7076E727
:10AC7000DC190020100F0020ACC803080040005968
:10AC8000D0C8030899C606209AC60620EC190020F1
:10AC9000E819002004BF062000B8062003BF0620E4
:10ACA00024B20620FEBE062078BB042000007A44B1
:10ACB00016C9030848BE0620E419002049BE062034
:10ACC0000000DC42E0190020D81B0020CC1B002033
:10ACD000C01B00202FC9030801224EE718225AE7A3
:10ACE000A946AA4699E700BF10B504461EF0D4FD58
:10ACF000012807D1044B9C4201BF044A137883F01A
:10AD00000103137010BD00BFD40A040899C60620C1
:10AD10000022014B1A807047905205202DE9F04F18
:10AD200089B004468A46019200F0D8FA0646E068E7
:10AD300028B91E21534B544A544804F0E5FE0368D9
:10AD4000DB6A9847054618B92021514B4E4AF3E774
:10AD50000124504B87685C60304600F08DFA304625
:10AD600000F07EFA384600F0F7FA8046002800F03E
:10AD700086804FF000094FF0BA4B3B8A0093009B4E
:10AD80004B4508DC4FF00008304600F09FFA404683
:10AD900009B0BDE8F08F384605A921F0D6FD00289E
:10ADA000F2D09DF81430022B04D046213A4B3B4A96
:10ADB0003B48C2E7BAF1000F02D049460198D0479C
:10ADC000DDE9064314F8012B14F8011BB2B9214444
:10ADD0008C424BD1384621F0D2FD0028D4D001213D
:10ADE000304600F065FA384621F0CFFDDBF81C3024
:10ADF00013F0F85FC8D109F10109C0E7FF2906D1B6
:10AE0000DBF88410CBF89410013AD2B2DCE7FE29CB
:10AE10000CD1696B19B96621224B204AC8E7284634
:10AE2000CDE902328847DDE90232EDE74FEA111C35
:10AE3000BCF10F0F01F00F010BD105EB8100C068D1
:10AE400053F804CB0901604401F1BA41C1F8840010
:10AE5000DAE7B868406820B95C21134B134A1448FC
:10AE60006BE70CF1040C50F82C00E9E714F8012B07
:10AE700053F8040B920002F1BA42D062A8E72046D0
:10AE800086E700BF75C903088EC90308F5C9030822
:10AE900073CA03080010005D8CCA0308ADCA03081A
:10AEA00022CB03089DCB0308DBCB0308F3CB0308BD
:10AEB0003FCC030870B51E46836B0446049D2BB936
:10AEC00014210E4B0E4A0F4804F01EFE21F0BDFC6B
:10AED00018B915210C4B0A4AF5E7204621F0BDFCB4
:10AEE000002818BF3546002D05DD29462046A36BF6
:10AEF000BDE870401847002070BD00BFB5CC030806
:10AF0000E2CC03083FCD0308BECD03080023014A6D
:10AF100021F033BCBFC702080023014A21F044BC22
:10AF200025AF000840F200032DE9F34700220E464A
:10AF30000546CF68ADF8063023F042FD0122814678
:10AF40003146284623F03CFD3468804644B12368EE
:10AF5000032B1CD102223146284623F031FD044642
:10AF600031460022284623F02DFD3E68D9F8009096
:10AF7000D8F80080D0F800A00EB904B12668E868BF
:10AF800038B91E21104B114A114804F0BDFD0024B0
:10AF9000E6E70368DB6A984718B920210D4B0B4A96
:10AFA000F2E7C0E903A9C0F814800EB90DF1060656
:10AFB00000227B688661C361426311462846FFF721
:10AFC000ADFE02B0BDE8F08775C903088EC903085D
:10AFD000F5C9030873CA0308002313B50446CDE975
:10AFE0000033044A044B054923F0C8FC204602B054
:10AFF00010BD00BF0DAF000819AF0008ADC70208B3
:10B000002DE9F04F2DED028B1D46536883B01C686F
:10B01000DDF83CB0236810EE10AA5B4513D18868B8
:10B0200003F0F2FFCDE90001A86803F0EDFF002571
:10B0300006460F469FED218ADFED218A04345D45E7
:10B040000ADB002003E0002021F082FF012003B092
:10B05000BDEC028BBDE8F08F54F8040B03F0D4FF75
:10B06000DDE9002304F028F832463B4604F04EF9AF
:10B0700080465046894603F0C7FF02460B464046CD
:10B08000494604F019F804F0D9FA07EE900AF4EEF4
:10B09000C87AF1EE10FA48BFF0EE487AF4EEE87A9A
:10B0A000F1EE10FA78FEA77AF3EE677A17EE902A9F
:10B0B0000E9B23F815200135C1E700BF00E07FC7D4
:10B0C00000E07F4770B516460C4689B10B7F022B16
:10B0D0001ED18D69AD08294621F0B2FBD0B10246E0
:10B0E0009FED0D7A236903EB8505AB4203D104463E
:10B0F0000020346070BDF3EC017AF8EEE77A67EE79
:10B10000877AF3EE677A17EE901A22F8021BECE7C3
:10B110000024EDE70120EDE7000000382DE9FF47AE
:10B120000024DDE90C9A05460E46174698468DF830
:10B130000F4021F005FF8DF80F40C8B10368154995
:10B140005C6C4FEA49020DF10F03A047044678B149
:10B15000CAF800009DF80F30CBB99FED0F0A4346A7
:10B160003A4631462846CDE90049FFF749FF0BE052
:10B170004946284621F064FB0446CAF8000000282E
:10B18000E8D121F0E5FE012004B0BDE8F087002001
:10B19000FAE700BFF6CD03080000004700487047FB
:10B1A00008CE0308004870470ECE0308084610B5C5
:10B1B0008B6B38219847044628B13822002123F0B0
:10B1C00059FD024B2360204610BD00BFD004040887
:10B1D000037A70B5044683B90126094D012000F0B9
:10B1E00083F91C206E60FEF779F84FF0BA42AE602A
:10B1F00093689B07FCD401232372012070BD00BF1C
:10B200000010005D08B528B91E21074B074A084801
:10B2100004F07AFC0368DB6A984718B92021054BD3
:10B22000024AF4E7806808BD75C903088EC903089F
:10B23000F5C9030873CA030810B5044629B1C868E4
:10B24000FFF7E0FF08B121F077FB0122034B00205C
:10B250005A6000F049F90023237210BD0020005D00
:10B260004FF0BA43034A03F5005103F58053CA6116
:10B270001A6270470100001F38B54FF0BA450B4CF9
:10B280002B695B0700D538BD30F08FFD2B695A075D
:10B2900008D4236823F00103236030BF236843F000
:10B2A0000103236030F07CFDEAE700BF001000E0FE
:10B2B0004268054B013242600122C3F8742109B192
:10B2C000FFF7DABF704700BF0010005D014B024A74
:10B2D0001A6270470020005D0100001F004870479F
:10B2E00044C4062008B5406821F0D8FDC06828B9DC
:10B2F0001E210A4B0A4A0B4804F006FC0368DB6A6D
:10B30000984718B92021084B054AF4E7806818B11E
:10B31000BDE8084021F007BB012008BD75C903083E
:10B320008EC90308F5C9030873CA030808B5436842
:10B330009A898A4205DC6221044B054A054804F0DB
:10B34000E3FB0B4493F90E0008BD00BF29CE0308B0
:10B3500051CE0308B8CE030808B50346806830B163
:10B36000196803F11002BDE8084021F07DBBDA68DE
:10B370002AB97321064B074A074804F0C5FB918898
:10B3800001201982116802EB8102DA6008BD00BF5A
:10B390002ECF030846CF0308B8CE030870B5044685
:10B3A000487821F073FBA36B06460C212046984792
:10B3B000A36B0546314620469847044628B91F210D
:10B3C000054B064A064804F09FFB3246002123F055
:10B3D00051FC28466C6070BDDCCB03087CCF0308B1
:10B3E00000D003082DE9F84F546805460F4604B114
:10B3F00014449368002B51D002EB0309384621F026
:10B4000098FD002121F04FFD0022334906463846C1
:10B4100021F0FEFD677883463846D5F8048021F098
:10B4200035FB00210246404623F024FCD5F8048079
:10B4300007F0010388F82830C7F3400388F82A3062
:10B440002178304601F00F0121F0BFFB4FF0000AD8
:10B45000C8F80C00304621F0B5FB5045D5F8048003
:10B460001EDCA389A8F82430E389A8F82630E388F5
:10B47000C8F800B0C8F82030C8F808902178090949
:10B4800003D0304621F0A1FB01466868416039468F
:10B4900000F070F878B90020BDE8F88F9946ADE764
:10B4A0005146304621F091FB0AF1040348F823008D
:10B4B0000AF1010ACEE72189686821F0E9FA2146FC
:10B4C000686800F0E1F80028E5D06B686289DB6805
:10B4D00003EB82032B60DFE7DC0404080022014950
:10B4E00021F096BDED04040810B1034830F074BE9D
:10B4F000014830F074BE00BF20EE030870B504466A
:10B500000B4E0C4D30F051FC736B234208D12B686D
:10B5100023F001032B6030BF2B6843F001032B6045
:10B5200030F03EFC736B2342ECD0034B5C6370BD88
:10B5300000000450001000E000200450C36A10B561
:10B54000044643B10A4A936290F841100020FDF787
:10B55000C9FC0023E362236B43B1054A00209362D8
:10B5600094F84210FDF7BEFC0023236310BD00BF1A
:10B570000010045010B500F1410104460020FDF711
:10B580008BFC90BB04F14201FDF786FC68BB194AB5
:10B5900094F84210FDF7C8FC38BB224694F84210DC
:10B5A000FDF7DAFC08BB144A94F84110FDF7BCFC27
:10B5B000D8B9224694F84110FDF7CEFCA8B9012273
:10B5C000A063E063104694F8413094F8421002FA08
:10B5D00003F302FA01F1E36221630B4307494B6372
:10B5E0000B65A1F580514B6510BD2046FFF7A6FF06
:10B5F0000020F9E739C20620EDC1062000200450E2
:10B6000090F8283023B10023C26A8363014B5A6348
:10B61000704700BF0010045038B50446C56A30F0CA
:10B62000C4FB94F8403001335BB284F84030054BE2
:10B630005B6B2B421CBF044B1D65BDE8384030F0EE
:10B64000AFBB00BF000004500010045070B5836B06
:10B65000C66B0446B34213D20A4D30F0A6FBA36B6F
:10B66000B34208D22B6823F001032B6030BF2B6854
:10B6700043F001032B6030F093FBA36BB342ECD398
:10B68000012070BD001000E02DE9F04F0446036872
:10B6900085B0019383688F884D88C168D3E90062C3
:10B6A00022F07F4201EB8201188961630DB34FF0F4
:10B6B000300E94F842C04B4A26F07F460EFB0C2217
:10B6C00003EB86031361484B5161411E43EA0113AA
:10B6D000D360206B454B464E5863A3F50053706210
:10B6E000D863FFF70BFF012D03D0206BF063FFF74A
:10B6F00005FF4FF00C096FF00B0309FB07F9A56874
:10B70000A3EB09034D4400931FB115F8093CDB0777
:10B7100007D494F82830002B52D1012005B0BDE8A1
:10B72000F08F4FF030080120009A05EB09039E5876
:10B73000019B26F07F4603EB860655F8083CE2683D
:10B7400023F07F4394F8411002EB830A254B274AEC
:10B7500008FB0138884035F804BC1065C3F8FC0FBD
:10B76000BBF1000F05D135F8023C013FA3630C3D4E
:10B77000CAE7BBF5006F5B4628BF4FF400630021AA
:10B78000039303F1FF3C1B4BC8F81060C8F814A0EA
:10B79000C8F8181043EA0C11C8F80C10164B1449DD
:10B7A00050634862D8630290FFF7A8FE039B0F4ADC
:10B7B0000298ABEB030B06EB83060AEB830ACFE799
:10B7C000E368A28C302003EB8202002394F841103E
:10B7D000A363044B00FB01339A61E26A044B5A6293
:10B7E0009A649AE75800045000003F080020045073
:10B7F000001004500800300800000450014B18608D
:10B80000704700BFF0190020014B1868704700BF57
:10B81000F019002010B50446024B036021F07FFFB1
:10B82000204610BD0805040808B503798B4205DCE5
:10B83000AB21044B044A054804F066F9013100EBE2
:10B84000C10008BD75D0030890D00308F8D00308E4
:10B850000022014921F0D5BB50050408F8B5164671
:10B8600004460D461F460022314600F099FC054B68
:10B87000204623602B88C4E909562363069BE762B0
:10B880006363F8BD080504082DE9F04F95B0CDE9D4
:10B890000723436A05461B790391082B04D9012429
:10B8A000204615B0BDE8F08F0026202200210CA80C
:10B8B00023F0E0F9284621F0C3FFB04604900821A8
:10B8C000039821F019F9002800F0A780039B1A18AB
:10B8D0001B58D118D3589E4228D300240C260CAFF5
:10B8E000AB6908EB0401A3427DDC686803685B690F
:10B8F000984704460028D3D16868E96903681B6A41
:10B90000984704460028CBD106460CAF686A0379F5
:10B91000B342C5DD002E76D1A86A102203680C99C7
:10B920009B6A98470028BAD10136EFE7013651F8F3
:10B93000263001EB86041C440421204621F0DCF86B
:10B9400000286AD02358221802EB030BD358214653
:10B950000593079B2846043B53F836702B683A46FC
:10B96000D3F830900023C8470446002898D1814678
:10B970000BF1040A059B9945A1DADBF800204A4542
:10B9800005D8B121264B274A274804F0BDF8CDF849
:10B9900024A05AF8043B38460BA9069321F09AFCE0
:10B9A000044600287FF47CAF3968099AB9B9069C2F
:10B9B0000E211444204621F09FF808B1225C72B990
:10B9C0000B9A62B10CA900913B464146284621F0F2
:10B9D00005F9044600287FF463AF08F1010809F176
:10B9E00001090C37C6E706FB04F20498089B009790
:10B9F000825803EB8403284621F0F0F800287FF4F6
:10BA00004EAF01346CE73146FFF70EFF21F042F8EC
:10BA100057F82680804587DD41E70368FFDE00BFD9
:10BA200077D1030882D103084CD2030808B5EA2174
:10BA3000024B034A034804F067F800BFBCD2030876
:10BA4000E0D203082DD3030810B50446024B03606F
:10BA500021F015F9204610BD6C05040808B5D0F892
:10BA6000EC302BB9CD21044B044A054804F04CF8C6
:10BA70001868184408BD00BFA3D30308BAD303084D
:10BA80002DD30308D0F8E40008B528B9D321034B1F
:10BA9000034A044804F038F808BD00BF07D403087F
:10BAA0001FD403082DD30308D0F8E80008B528B93F
:10BAB000D921034B034A044804F026F808BD00BF0F
:10BAC0006CD4030885D403082DD3030808B5036894
:10BAD000994205D3B121064B064A074804F014F8F1
:10BAE000013100EB810250F82100104408BD00BF75
:10BAF00077D10308D8D403084CD2030810B5044604
:10BB00000846616021F0CAF9C06828B91E21054BBA
:10BB1000054A064803F0F8FF036821469B6A9847E8
:10BB2000012010BD75C90308A6D50308FED503087A
:10BB300010B50446406821F0B1F9C06828B9262143
:10BB4000054B064A064803F0DFFF036800219B6AA5
:10BB500098470023636010BD75C903087CD60308AD
:10BB6000FED50308406808B528B93321024B034AC3
:10BB7000034803F0C9FF08BDB8D60308CAD60308B6
:10BB8000FED5030808B5064B38B11A682AB118214A
:10BB9000044B054A054803F0B7FF186008BD00BF15
:10BBA000F41900201DD7030854D70308A8D70308A9
:10BBB00008B5064B1B6830B92BB92421044B054A44
:10BBC000054803F0A1FF184608BD00BFF419002086
:10BBD00079CA030825D80308A8D70308034610B577
:10BBE00048B9FFF7E5FF034628B93D21054B064A52
:10BBF000064803F089FFD868BDE810400368DB6A97
:10BC0000184700BF79CA030879D80308A8D70308E2
:10BC100010B521F08EF9044628B94C210E4B0F4A7D
:10BC20000F4803F071FF21F046F918B94D210D4B73
:10BC30000A4AF5E72046FFF725FFD0F88C20D0E927
:10BC4000213153F8313003EB4213DB690BB15869F2
:10BC500010BD4FF0FF30FBE7B9D60308F6D8030854
:10BC6000A8D703085FD9030810B521F062F904468C
:10BC700028B95721084B094A094803F045FF21F02C
:10BC80001AF918B95821074B044AF5E72046FFF77F
:10BC9000F9FED0F88C0010BDB9D6030872D903089C
:10BCA000A8D703085FD90308202805D0D12805D8D4
:10BCB000034B53F820007047024870470248704712
:10BCC00078050408C6D9030835EC030807B5024611
:10BCD0000846FFF7E9FF802113460090034A044815
:10BCE00004F0AEF8024803B05DF804FBCDD90308B8
:10BCF0004ABE062008B50368994205D3B121064B18
:10BD0000064A074803F000FF013100EB810250F8BA
:10BD10002100104408BD00BF77D10308D5D903081E
:10BD20004CD2030810B50C4611460022064B914236
:10BD300008BF194621F065F9014620B12046BDE84B
:10BD4000104021F087B910BDC408040814289ABF18
:10BD5000024B53F820000248704700BFD008040887
:10BD60000AE4030870B505461E461046136804220F
:10BD70002DED028B11461B6898479FED0D8A0446F6
:10BD800080ED008A284621F0C1F909280AD1284609
:10BD900021F06EF930B1B0EE480A042121F01AFA10
:10BDA00084ED000ABDEC028B0020346070BD00BF42
:10BDB00000000000036810B5C31A1A88082A17D9B2
:10BDC0001B89C418A3B1C258A318A258914205D325
:10BDD000B121094B094A0A4803F096FE013103EBF1
:10BDE000810053F82130BDE81040184421F01FBAFB
:10BDF00000231B68FFDE00BF77D10308D8D40308F7
:10BE00004CD20308132804D8092804D8022826D8BD
:10BE100068BB012070470A380928FAD801A353F8F3
:10BE200020F000BF57BE000873BE000877BE0008B0
:10BE300073BE00086FBE000813BE00086FBE000886
:10BE400057BE00086BBE000857BE000812F4887F7A
:10BE50000FD10728DDD1022300200B60704701239A
:10BE600003FA00F212F4127FF0D00123F4E7042366
:10BE7000F2E70823F0E71023EEE700BF2DE9F843CF
:10BE80000568074688462846102120F035FED0B9BF
:10BE90000020BDE8F883013304EB830254F823400B
:10BEA00004211444204620F027FE002850D02258B8
:10BEB00023181344DA681033C8F80030BB699A427B
:10BEC00002D00120E5E700261021284620F014FECC
:10BED00000283FD02B582A18D118D3589E42D7D2C9
:10BEE000013651F8263001EB860999440421484671
:10BEF00020F002FE0028E7D059F8003009EB0002DC
:10BF0000D458D018172C2246134928BF17220430C2
:10BF100022F0B8FE0028D7D1172CD5D10C21284605
:10BF200020F0EAFD044610B12C582B181C440621C1
:10BF3000484620F0E1FD034608B159F80030226878
:10BF40009A42A8D8B121054B054A064803F0DCFD0A
:10BF5000C368FFDE0368FCE72409040877D10308FF
:10BF6000D5D903084CD2030808B50368994205D314
:10BF7000B121044B044A054803F0C6FD013150F8D5
:10BF8000210008BD77D103088EE403084CD20308D2
:10BF900008B50368994205D3B121064B064A074804
:10BFA00003F0B2FD013100EB810250F82100104492
:10BFB00008BD00BF77D1030882D103084CD2030823
:10BFC00008B50368994205D3B121064B064A0748D4
:10BFD00003F09AFD013100EB810250F8210010447A
:10BFE00008BD00BF77D1030830E503084CD2030831
:10BFF0002DE9F347056807460E4628460621904678
:10C00000994620F079FDDDF828A0044610B12C589F
:10C010002B181C440421304620F06EFD054600B16B
:10C0200035582368AB4205D8B121314B314A3248EB
:10C0300003F06AFD013554F8253004EB8500002239
:10C040000A21184421F059F877284AD0812834D0A1
:10C0500076282ED1304621F059F85C2846D130465A
:10C0600021F006F8054600220421284621F045F873
:10C07000002204460621284621F03FF8621C0546AE
:10C080000AD03B6A424601333B6221464B46384662
:10C09000CDF800A021F065FA6B1C0AD03B6A42463D
:10C0A00001333B6229464B463846CDF800A021F0CB
:10C0B00058FA002002B0BDE8F087304621F026F89B
:10C0C00067280CD1304620F0D3FF0421002221F054
:10C0D00014F8411C0446ECD04FF0FF35D1E70020A6
:10C0E000F3E7304621F012F85D28B7E70025BAE7FC
:10C0F00077D10308FEE503084CD2030838B50D4696
:10C100000821044620F0F8FC00B120582B68834237
:10C1100005D8B1210B4B0C4A0C4803F0F5FC01305B
:10C1200055F8203005EB80041C440421204620F003
:10C13000E3FC221820B12358D058D11800B1081DB3
:10C1400038BD00BF77D10308D5D903084CD2030806
:10C15000F8B516460023C2E9003346F8083F0F46FB
:10C160001446054621F039FB314621F044F80646D5
:10C1700058B939462846FFF7C1FF042120602846F8
:10C1800020F0BAFC18B9054B63603046F8BD2A1898
:10C190002858104421F058F86060F6E7A409040814
:10C1A000064BC0E9003101B1043100238160C0E9D0
:10C1B0000332C0E90633037503627047440904087B
:10C1C000F8B5037D04460E4613B100252846F8BD98
:10C1D0000123037580680422036808219B6898473F
:10C1E000A368144AC0E90023E060204621F019FB4F
:10C1F0000028EAD1A56830462B689F6820F035FDFD
:10C20000016804222846C900B84705460028DCD04A
:10C210002368024631462046DB6A98470028D4D17D
:10C2200023682A46314620469B6A98470028CDD08D
:10C23000CBE700BF9409040808B50368994205D309
:10C24000B121054B054A064803F05EFC00EBC10036
:10C25000D0E9010108BD00BF77D10308D4E6030887
:10C260004CD203082DE9F04F1C4685B00F9D814646
:10C270008A46934600212022284622F0FBFC2046D5
:10C2800021F0ABFA05F11C0120F0B5FF07460028AC
:10C2900052D1204621F038F80E99A8772046FFF7B2
:10C2A0002DFF002814BF0123022328616B7720464D
:10C2B00003AA05F1180120F0DAFF074600283BD158
:10C2C0000421204620F018FC002839D022182058DC
:10C2D000104420F0B9FF68610C21204620F00CFCCE
:10C2E00050B3235826181E44304621F062FA044603
:10C2F00010B3036803B3304621F065FAE0B1036878
:10C30000D3B163683046AB6021F05DFA0021FFF7DE
:10C3100093FFE860304621F04CFAD0F80080BBF182
:10C32000000F0FD0DAF8003004220C2150469B6831
:10C3300098470446E0B90127384605B0BDE8F08FBC
:10C340002A48C8E7D9F8003004220C2148469B68E7
:10C35000984704460028EED0D9F800304046D3F87C
:10C3600008A020F07FFE042201464846D0470AE09C
:10C37000DAF800304046D3F8089020F073FE04222B
:10C3800001465046C84760600028D4D0304621F0AE
:10C3900010FA20F05AFF63684FF0000A99462060B7
:10C3A000C3F80080D0450ADC1021304620F0A4FB01
:10C3B00000B130580123A060C5E90034BCE7304625
:10C3C00021F001FA026883463046019221F0F1F92A
:10C3D000019A036858469A420CBF51460021FFF764
:10C3E0002BFF0AF1010A49F8040FDBE7A40904084E
:10C3F000034B186818B90348034A18600260704775
:10C40000F8190020CABE0620B009040870B5044619
:10C4100000F1A8060D463046002121F07BFE0A4BB4
:10C42000A6612362094B2564E365094B2366094B2A
:10C43000E364094B6363094B6364094B2365002381
:10C4400084F8993070BD00BFDFDD02080BDE020802
:10C4500013DE0208FBDD02081BDE0208F3DD020822
:10C4600003DE02082DE9F34104461E460D46174B34
:10C4700000F10C08C0E900318260002164224046CE
:10C4800022F0F8FB089B04F174072A464146266710
:10C4900038460093334600F02BF94FF48073A4F82C
:10C4A000983000236268C4E92733216FC4F8A430B0
:10C4B00004F1A8003B4600F009F920460999FFF76E
:10C4C000A5FF204602B0BDE8F08100BFC409040802
:10C4D00038B50A4B04460360D0F8843000F1740587
:10C4E00013B1284621F07AFE04F1A80021F0CAFD1C
:10C4F000284621F013FE204638BD00BFC4090408B9
:10C500002DE9F04F06464FF0000A8BB006F174009B
:10C5100021F056FF504502DC4FF0000B5FE07568DC
:10C52000284620F0A2FB5146FFF7D0FA06210090E2
:10C53000284620F0E1FA044610B12C582B181C4470
:10C54000306F21F0CBF90390009820F070FE0027A7
:10C550004FEACA0304900193049B9F4202D10AF15F
:10C56000010AD3E70A21009820F0C6FA002800F05B
:10C57000A480009B1A5819188B188A58974205D323
:10C58000B1214F4B4F4A504803F0BEFA013703EB3D
:10C59000870553F8273004211D44284620F0ACFAC3
:10C5A00000B128582368834240F28480013054F857
:10C5B000203004EB8008019A9844D6F884304FEA82
:10C5C00047199A58A9F120094A444046B1681C32DB
:10C5D00021F049FF834630B1404621F0DBFF584649
:10C5E0000BB0BDE8F08FD6F88430019A9B584B44CD
:10C5F000DB69002B5ED0D3F8148009900E21284609
:10C6000020F07AFAB8F1200F44D100283AD14FF047
:10C61000000BCDF808B00621284620F064FC20F07D
:10C6200013FE08210590284620F05DFC20F00CFE4A
:10C63000019AD6F8843000219B58069003EB090834
:10C640001C224046079322F015FB079B059A1421F4
:10C6500043F80920069B2846C8F80430099BC8F80F
:10C660001030029BC8E9053B20F03DFC00283FF458
:10C6700073AF0368002B3FF46FAF20F0E5FDC8F8FF
:10C68000080069E72B582A18D118043152F803B072
:10C690000291C0E770B9B068414603689B6898474B
:10C6A00040B12946039A09AB20F0B1FD834600282A
:10C6B000ADD094E74FF0010B91E70368FFDE00BFB8
:10C6C00077D1030830E503084CD2030870B5002584
:10C6D000064EC0E90155C0E90413C0E90625C0E9CA
:10C6E0000855C5600660856270BD00BFD0090408AA
:10C6F00010B504461046C4E902030023074AC4E902
:10C700000433C4E90021029AA361C4E9072310B1EC
:10C7100020F0ABFA2062204610BD00BF200A0408BA
:10C720002DE9F04F054600274FF00C0B85B0286A25
:10C7300003689F4207D3E869002869D1002318469F
:10C7400005B0BDE8F08F3946FFF7C0F900268046F6
:10C750004FEAC70A0421404620F0CEF900285AD0FB
:10C7600058F8003008EB0002D118D3589E4201D38C
:10C770000137DCE7013651F8263001EB86041C4412
:10C780000E21204620F0B8F90028E3D0235C002BCE
:10C79000E0D02B690BFB06F953445868A9F10C094A
:10C7A00003A9484420F096FD03460028C7D106217E
:10C7B0000190204620F0A0F90146F0B12256019BDD
:10C7C000092A23D10C21204620F096F990B1231894
:10C7D00024581C440A21204620F08EF9D8B1235851
:10C7E0002218D118D3583BB9B1210C4B0C4A0D4833
:10C7F00003F08AF90446EDE749682B69039A53442C
:10C800005B6853F8090022F035FAA3E71946F4E70C
:10C8100021F051FE92E70368FFDE00BF77D10308E5
:10C82000D4E603084CD2030870B500222DED028B2C
:10C8300005460C46002351EC100BB0EE408AF0EE9A
:10C84000608A02F0A1FE064628B100232B60236017
:10C85000BDEC028B70BD2046B0EE480AF0EE680ACF
:10C8600003F098FB0022144B51EC100B02F024FC57
:10C8700041EC100B04F0F8F851EC100B02F046FFFD
:10C880008E4208BFB0F1004F034602BF2368013358
:10C890002360226808BF4FF0804312F11F0F03DAB4
:10C8A000002323602B60D3E71E2AC2BF1E23236010
:10C8B0006FF00043F6E700BF0000E04110B5C0E9AB
:10C8C0000321C0E905210022034CC0E907220460CE
:10C8D0004434C0E9014110BD600A040800B58BB0C2
:10C8E0000A46014601A821F023FF042224210DEB72
:10C8F000020021F0F5FE0A4A026044324260039AC7
:10C900008260049AC260059A0261069A4261079A9F
:10C910008261089AC261099A02620BB05DF804FB59
:10C92000600A040880FB0132002A10B50C4CA8BF35
:10C930004FF08044B0F1004F08BF88420DD0E3189B
:10C9400042EBE472002A04DA6FF000415B1842F116
:10C950000002D80F40EA420010BD6FF00040FBE734
:10C96000010000C02DE9F04F0C461E460F6889B04B
:10C97000013F39460546204606EB8706069221F020
:10C98000DEFE04EB87014B68746800279C42A8BF59
:10C990001C4647F6FF7805900197019B059A934244
:10C9A00002DB09B0BDE8F08F069B002203EB470BCA
:10C9B00059464A4B7E00A24241DB4FF0000AD14665
:10C9C000129A16440496A24540DBB9FA89F24FEA5E
:10C9D000E973501EA2F12101834009FA01F1924648
:10C9E000C2F1210229FA02F20B4309FA00F919F502
:10C9F000005043EA020343F10003800B40EA834006
:10CA0000A0F5C03010F5004F3EDB4045A8BF4046C2
:10CA1000E96A00B221F0A4FE4FF0010C0021CAF136
:10CA20001F03DBB25A1E0CFA02FC4FEAEC720792AB
:10CA3000A1422BDB019B274401330193ADE731F980
:10CA4000020B01328342B8BF0346B4E73BF9020B45
:10CA5000D5E90212C01A079321F070FF404410F587
:10CA6000004F079B0EDB4045A8BF4046A96A00B2B5
:10CA7000079321F075FE079B26F81A0081440AF1FE
:10CA8000010AA0E71548F1E71448C1E7079ACDF875
:10CA900008C00392049ADDE902AB32F81120C3F119
:10CAA0002009C2FB80ABB3F1200E2AFA03F20BFA85
:10CAB00009F942EA09025CBF4BFA0EFE42EA0E0295
:10CAC000002A08DBB2F5004FB4BF9646C64626F8EA
:10CAD00002EB0131ACE74FF0000EF8E70080FFFFFA
:10CAE000002313B50446CDE90033044A044B05493D
:10CAF00021F044FF204602B010BD00BFC1E802088B
:10CB000011CF0008BBE802086FF00042C31780187D
:10CB100043F10003B3F1FF3F08BFB0F1FF3F15BF82
:10CB20000122024600211946801843EB010370B52B
:10CB3000DD0F2D1843F100036D0845EAC375284643
:10CB40002C49FFF7EFFE032600F15A342146284610
:10CB5000FFF7E8FEC0F100512046FFF7E3FEB0F119
:10CB6000005F2CDAB0F1604F23DD0022800000214D
:10CB700020EA010321F000414B4023EA020302F0C6
:10CB800000425340013E1C44E0D1B4F1804F26DA0C
:10CB9000B4F1404F1DDD30462419002624EA060476
:10CBA00026F00046744024EA000400F00040604093
:10CBB00070BD4FF0FF3208D14FF00040D7E70022A0
:10CBC0004FF0FF316FF00040D2E700214FF00040FE
:10CBD000CEE70AD14FF000444FF0FF30DDE730469A
:10CBE0006FF000444FF0FF36D8E74FF0FF304FF0C2
:10CBF0000044D3E7C4C3C3C3002910B506DA40F22A
:10CC000067110C4B0C4A0D4802F07EFF1F2904DD12
:10CC10004FF4B4710A4B084AF5E701238B40C20F69
:10CC2000013B03EA000402EB630308419C42C8BFD6
:10CC3000013010BD80E703088EE70308E8E703082A
:10CC400057E803082DE9F0410446144821F09BFD04
:10CC50000646134821F097FD04F180548046214692
:10CC6000204621F095FD2146054621F091FD2946FB
:10CC70000746284621F08CFD0221FFF7BDFF414603
:10CC8000384421F085FD01212844FFF7B5FF211824
:10CC9000304621F07DFD3044BDE8F08194A8F57068
:10CCA000ABAAAA2A2DE9F04140F07F440746600173
:10CCB000FFF7C8FF8046484821F065FD0146404621
:10CCC00021F066FDE41B04F08075002D14BF0646BC
:10CCD0000026C5F30065013D05EA080046403F48CF
:10CCE00021F051FD0146304621F052FD04F000755F
:10CCF000002D14BF80464FF00008394821F043FD55
:10CD0000C5F34065013D354088EA050801464046C7
:10CD100021F03EFD04F08065002D14BF064600267C
:10CD2000304821F030FDC5F38065013D05EA080576
:10CD30006E40014604F00065304621F029FD002DCB
:10CD400008BF0020C5F3C065013D35404540264879
:10CD500021F019FD04F080580146284621F018FD05
:10CD6000B8F1000F08BF0020C8F30076013E2E4046
:10CD700046401E4821F007FD04F0005801463046A9
:10CD800021F006FDB8F1000F08BF0020C8F3407580
:10CD9000013D35404540F22021F0F5FC04F080448F
:10CDA0000146284621F0F4FC002C08BF0020C4F303
:10CDB0008073013B002F03EA050383EA000314BFDD
:10CDC0004FF0FF30002003EA00030CBF6FF000407B
:10CDD00000205840BDE8F0817BBEAF63F2CBA24D8E
:10CDE0006CAC162FA4AA5211B72A580211FE0A00E1
:10CDF0002DE9F04F0C461D460E68836887B0013E52
:10CE00000093C368314605EB8605D0F818B020467C
:10CE10000193059221F093FC04EB86016C680025D8
:10CE20004B68A9469C42A8BF1C460390039B9945AA
:10CE300002DB07B0BDE8F08F059B6FF07F085E193D
:10CE400032460023A3421DDB00273346BA46A245E3
:10CE50001FDBB7FA87FA07FA0AF000F10040FFF784
:10CE600053FECAF11B030293109B4FF0000A03EB21
:10CE700045074FF400430490A2451FDB09F1010967
:10CE80002544D3E712F9011B01338845B8BF884612
:10CE9000D8E713F9010BA0EB080083450BDCDDE9B3
:10CEA0000012029321F04AFDFFF7FCFE0C21FFF770
:10CEB000A3FE029B07440AF1010AC8E716F9010B19
:10CEC000A0EB080083451FDCDDE9001221F036FDF0
:10CED000FFF7E8FE0146049821F05AFC0299FFF79B
:10CEE0008BFEA0F50040B0F5004F4FF4004308DA88
:10CEF000064A9042B8BF104638800AF1010A02374C
:10CF0000BAE747F6FF70F7E73B80F6E70080FFFFE0
:10CF10002DE9F04F2DED048B0022A3B00C46054601
:10CF200021F04EFD214607460022284621F04AFD09
:10CF3000D4F80CC014AC654606460FCD0FC40FCD17
:10CF40000FC40FCD0FC495E8030084E80300387ABE
:10CF5000072800F0968009286ED0012840F0A380B1
:10CF60009CED007B394606A88DED027B21F030FD5B
:10CF70003B6831460DA8049321F02AFD069C3368D6
:10CF8000013C214606A80593002621F0D8FB22ABE0
:10CF900003EB840151F86C4C51F8503C80469C42A4
:10CFA000A8BF1C463746B84505DC002023B0BDECC1
:10CFB000048BBDE8F08F049B9FED3D8A03EB860A4E
:10CFC00051460022B50094420EDC059B4FF000094B
:10CFD0001D44AB46DFED378A4C4510DC00239C42F4
:10CFE00022DC01372644DEE7F1EC017AF4EEC87A60
:10CFF000F1EE10FA02F1010237FE888AE3E7DDE97B
:10D000000201BAEC019A02F019FB39EE489A00EEDF
:10D01000100A29EE000A03F079FC09F10109ABECD2
:10D02000010A78EE808AD7E795ED007AC7EE287A74
:10D030000133E5EC017AD2E7337A3946072B0DA8A4
:10D040000FD121F0C5FC314606A83C6821F0C0FC98
:10D050003368224600930DA906AB14A8FFF7C8FE5B
:10D06000A3E721F0B5FC314606A83C6821F0B0FCEE
:10D070003368224600930DA906AB14A821F08CFB5F
:10D0800093E739460DA821F0A3FC314606A83C6879
:10D0900021F09EFC3368224600930DA906AB14A82C
:10D0A000FFF760FC81E7FEF751FE01207EE700BF3D
:10D0B000FFFF7FFF00000000F8B547F6FF741E4633
:10D0C0004D4B15461A1A2DED0A8B0BEE902A221A9B
:10D0D0000AEE102AF8EEEBBAB8EECAAA6BEE80BAE6
:10D0E0002AEE00AADFED457A3AEE6BCA5B1A2CEE07
:10D0F00027CA07EE903A631AB8EEE77A07EE903A3D
:10D10000F8EEE77A67EEA07AF6EE00CAE7EE607A0C
:10D110009FED3B7A6CEE2C8A87EE279A0024DFED98
:10D1200039AADFED399AB71E07EE904AB0EE6BBA16
:10D13000F8EEE77AACEE27BAB0EE4B0AA847013416
:10D14000B0EE408A38EE8B0AA84707EE904AB0EE60
:10D1500040BAF8EEE77AB0EE6B0AACEE270AA847C1
:10D1600069EE087AF8FE677AB0EE677AA9EE007A7F
:10D1700029EE0BBA27EE2C7AB8FE4BBAB8FE477AE6
:10D1800037EE4B7A27EE2C7AB8FE477A77EEC77ADD
:10D19000F4EEEA7AF1EE10FA48BFF0EE6A7AF4EEB5
:10D1A000E97AF1EE10FA79FEA77AFDEEE77A17EE4A
:10D1B000903AB4F5007F27F8023FB5D1B0EE4A0AA5
:10D1C000A84729EE009AB8FE499AB4EEEA9AF1EE21
:10D1D00010FA58BFF0EE49AAF4EEE9AAF1EE10FAFF
:10D1E00079FEAA9AFDEEE99A19EE903ABDEC0A8B07
:10D1F000A6F80034F8BD00BF0080FFFF0000003B30
:10D2000000008047000000C700FEFF4610B50B4C31
:10D21000C2B012F029FC206804F038F860B121F0A7
:10D22000F0FB48B14FF48271206801AA22F03FF868
:10D2300010B901A821F0DDFB42B010BD904E0520D1
:10D2400001490248FBF7A2BD44EE0308FC19002087
:10D25000064B1B681A7A022A01D81AB97047032AAA
:10D2600000D070471B68024A1360704750C4062004
:10D27000181A0020F0B51D4DA3B00BAC0FCD0FC494
:10D2800095E80F0084E80F000024194BCDE9024413
:10D290001B68184A0494019313AD01AE1768CDE9D9
:10D2A00007440FCE09940FC5134B06972B6006AEAB
:10D2B00018AD0FCE0FC52022104B13A92B60104BB9
:10D2C00010481D93104B2094CDE91E230F4B0BAA41
:10D2D00021930F4BFCF75EFA054621464FF4E130EF
:10D2E0001CF095FA284623B0F0BD00BFB40A04082C
:10D2F00084EF030880EF03083C00015B4400015BFE
:10D30000CEBE0620D81A00200001010064C4062009
:10D310001C1A002029B9074B186803684BB1FCF7A9
:10D320006FBE012905D1034B186803680BB11EF0CD
:10D33000AEBD704778C4062008B504490448FCF720
:10D34000DFFFBDE80840FFF795BF00BF7CC40620A3
:10D35000001B002001481EF0D9BB00BFD81A0020D6
:10D36000014B5A6A18681047D81A002001481CF06F
:10D370008EBA00BFD40A040818B1034B186000200D
:10D3800070472520704700BF081B002010B5054CD2
:10D3900005492068F6F7FAFD2068BDE81040FFF760
:10D3A000EBBF00BFA4C4062084C4062030B50368C8
:10D3B0007E4A23F47F4323F00703934289B040F071
:10D3C000F380062200211620794B0CF0E7FC04467E
:10D3D00018B3784D784928681EF06AFB77492868A9
:10D3E0001EF066FB1CF0E5F91CF0E4F9744B754A7D
:10D3F000009375496C2328681EF05AFB7349234635
:10D40000734A28681EF054FB2046F4F71FFE71494A
:10D4100028681EF04DFB00BEFDE7014608221220E1
:10D420006D4B0CF0BBFC044618B3624D6249286892
:10D430001EF03EFB614928681EF03AFB1CF0B9F96A
:10D440001CF0B8F95E4B5F4A00935F497823286867
:10D450001EF02EFB5D4923465D4A28681EF028FB1E
:10D460002046F4F7F3FD5B4928681EF021FB00BE5F
:10D47000FDE7014603221420584B0CF08FFC0546B3
:10D4800018B34C4C4C4920681EF012FB4B492068E5
:10D490001EF00EFB1CF08DF91CF08CF9484B494A2C
:10D4A00000934949862320681EF002FB47492B461A
:10D4B000474A20681EF0FCFA2846F4F7C7FD4549A4
:10D4C00020681EF0F5FA00BEFDE70DF10F0104A87B
:10D4D00012F010F9044618B3364D374928681EF08B
:10D4E000E7FA364928681EF0E3FA1CF062F91CF0EE
:10D4F00061F9334B334A00933349952328681EF072
:10D50000D7FA32492346324A28681EF0D1FA20461B
:10D51000F4F79CFD2F4928681EF0CAFA00BEFDE70B
:10D52000BDF8143001465BBAADF818309DF81330E1
:10D5300008228DF81A30FF238DF81B30FE238DF85A
:10D540001C309DF8123018208DF81D30BDF81030B9
:10D550005BBAADF81E3006AB0CF020FC054618B3E4
:10D56000144C154920681EF0A3FA144920681EF0D7
:10D570009FFA1CF01EF91CF01DF9114B114A009383
:10D580001149A52320681EF093FA10492B46104A32
:10D5900020681EF08DFA2846F4F758FD0D492068E2
:10D5A0001EF086FA00BEFDE709B030BDA000010004
:10D5B0002E0B0408100F002073C903086BE8030842
:10D5C000EC0A040870E80308E0E80308EFE8030841
:10D5D000ECE8030804E90308250B0408210B040800
:10D5E00020EE200AB5EEC00AF1EE10FA82B012D495
:10D5F000DFED0B7AB4EEE70AF1EE10FA0DDCF6EE91
:10D60000007A30EE270AFCEEC07ACDED017A9DF863
:10D61000040002B070470020FBE7FF20F9E700BFDD
:10D6200000007F43642888BF642307B58DF8070096
:10D6300088BF8DF807300A4B1878FF2805D00122E3
:10D640001F210DF107030CF0BFFB01221F210DF17B
:10D650000703FF200CF0B8FB03B05DF804FB00BF2C
:10D660009CC60620FF22002108B5064B06481A700A
:10D67000064B0E22197021F0FDFA0323024A02F82C
:10D68000013C08BD9CC60620EFBE0620FDBE06205C
:10D69000034B1B78FF2B1ABF024B187800207047F2
:10D6A0009CC60620FDBE0620642928BF642130B533
:10D6B0000325002485B08DF801003B488DF8021049
:10D6C00001888DF80050452B01F10105CDF80B4084
:10D6D000CDF80340CDF807400580ADF80B1003D816
:10D6E0001D2B8CBF012402248DF80D40EAB3F7EE08
:10D6F000000A92ED000AFFF773FF92ED050A8DF81C
:10D700000300FFF76DFF92ED010AF2EE040A8DF8B7
:10D710000400FFF765FF92ED020AF1EE000A8DF8B2
:10D720000500FFF75DFFF2EE040A92ED030A8DF8A3
:10D730000600FFF755FF92ED040A8DF80700FFF78A
:10D740004FFFF7EE000A92ED060A8DF80800FFF78A
:10D7500047FF92ED070A8DF8090003F013F9F2EE86
:10D76000040AFFF73DFF8DF80A006A460F4B02AD31
:10D77000144603CCAC4218605960224603F10803FA
:10D78000F6D120681860A188A27999809A71FFF774
:10D790007FFF30B106486B460F221B2100780CF04A
:10D7A00013FB05B030BD00BF92520520EEBE06202F
:10D7B0009CC6062003687C4A23F47F4323F00703BA
:10D7C000934273B500F0938017D8A2F1017293428F
:10D7D00072D008D8754A934227D002F5A02293420E
:10D7E00052D002B070BD724A9342FAD10121007941
:10D7F00002B0BDE8704011F0D1BF6E4A934200F014
:10D80000A58002F1A062934200F0998002F17A4271
:10D810009342E6D1684C694920681EF049F91BF033
:10D82000C8FF1BF0C7FF664928E0FFF71BFF002178
:10D830000F2011F07FFF634C634811F09FFF012020
:10D8400011F08CFF204611F0D3FE0221207811F058
:10D8500019FF0023A02200931146207811F0E2FE68
:10D860002078554C022111F021FF544920681EF008
:10D870001FF91BF09EFF1BF09DFF5449206802B06A
:10D88000BDE870401EF014B94B4C037B504D4B4922
:10D8900020682B701EF00CF91BF08BFF1BF08AFF29
:10D8A0002A784C4920681EF003F9464B187802B0DC
:10D8B000BDE8704011F0D6BEFF22454B3E4C1A70B9
:10D8C0000022454B3D4920681A701EF0F1F81BF00C
:10D8D00070FF1BF06FFF414920681EF0E9F802213C
:10D8E000384B187802B0BDE8704011F0DFBEB0F8D8
:10D8F00005401B2C7FF475AFC379012B7FF471AF0A
:10D900000389354A03F001031370002B3FF469AF1C
:10D91000294D2A4928681EF0CBF81BF04AFF1BF05E
:10D9200049FF2F4928681EF0C3F80F2221462848D6
:10D930002C4B007802B0BDE870400CF045BA0121D4
:10D94000007902B0BDE8704011F03CBF1A4CB0F84D
:10D9500005502549067920681EF0AAF81BF029FF1A
:10D960001BF028FF2A46214920681EF0A1F841F249
:10D9700006039D4203D041F205239D420DD11A4971
:10D9800020681EF095F81BF014FF1BF013FF1849D8
:10D9900020681EF08DF811F029FF304602B0BDE876
:10D9A000704011F097BE00BFA0000A03A000010064
:10D9B000A0000F02A0000F04100F0020ACC8030845
:10D9C000B3E903089BC6062040E2010015E90308FD
:10D9D0009CC6062038E90308FDBE06205AE9030864
:10D9E0008BE90308EEBE0620CEE90308D3E903085D
:10D9F000EFE9030810B50024114B2146C3E90044A8
:10DA00001C72104B47F23052C3E900441C720E4B9B
:10DA10000E48C3E900441C720D4B1C700D4B1C607A
:10DA200021F028F9214647F230520B4821F022F923
:10DA30002146BDE8104047F23052084821F01AB99B
:10DA4000D81B0020CC1B0020C01B0020F43C06206B
:10DA5000FEBE0620BC1B0020C4C705209452052032
:10DA60002DE9F04F044693B0002800F0BB805F4AD8
:10DA70005F4D13685F490133286813601EF018F882
:10DA80001BF097FE1BF096FE238A5B490693E38901
:10DA90000593A38904936389039323890293E388FD
:10DAA0000193A38800932868544D638822881DF051
:10DAB000FFFF534B2A68D5F804E02D7AD3F800C055
:10DAC000D3F804900A951D7A4E4B4F481B680168A5
:10DAD000099304F2DC5311930023D0F80480007AF8
:10DAE0009B460B9043F69720CDE90F33CDE90D33DC
:10DAF0000C93B4F800A0454F864527F812A0B4F85F
:10DB000002A0434F98BF0EF1010E27F811A0A7887D
:10DB100002F101023E469CBF01270C973D4F804514
:10DB200027F81C609EBF012608F101080D9681456B
:10DB30009EBF012609F101090E96824288BF4FF06F
:10DB4000010B01F1010184BFCDF828B00022814210
:10DB500088BF01210CF1010A82BF0F910B910021B6
:10DB6000824588BF01250A9E92BFD4464FF0000C23
:10DB7000109586B10B9E76B16DB1099B0133F92BDF
:10DB800088BF0126099389BF234B2B461E700026B0
:10DB900084BF2B460996119E0634B442A9D11A4C73
:10DBA000174821601549C0F800C00A6013B1154B31
:10DBB000099A1A60109B03B105720F9B0BB10B9B66
:10DBC0002372BBF1000F01D00A9B0B720E9B0BB1AD
:10DBD000C0F804900D9B0BB1C4F804800C9B0BB1F2
:10DBE000C1F804E013B0BDE8F08F00BFB81B0020FF
:10DBF000100F0020ACC803081CEA0308D81B002043
:10DC0000C01B0020BC1B0020CC1B0020F43C0620C5
:10DC1000C4C7052094520520FEBE062030B5134629
:10DC20000C4643F697259FED197ADFED196AAB4252
:10DC30000FD943F69824A31AA24288BF00239FED70
:10DC4000137A01EB8301DFED126A002393420ED1B8
:10DC500030BD30F813C0013307EE90CAF8EE677A92
:10DC600077EEC77A67EEA67AE4EC017ADFE730F860
:10DC70001340013307EE904AF8EE677A77EEC77AE1
:10DC800067EEA67AE1EC017AE0E700BF000000450C
:10DC90003373494443F6982307B59FED060A009372
:10DCA0002021054B054A064812F040FB03B05DF801
:10DCB00004FB00BF0AD7233C44CF0320C4CE03207B
:10DCC00020BA04202DE9F04F2DED028B044685B0DB
:10DCD00030B90026304605B0BDEC028BBDE8F08FB0
:10DCE000DFF8BC802022002120F0C4FF98F800302B
:10DCF000002BEED01E4B1A7A002AEAD01D4D2A7A4C
:10DD0000002AE6D01C4F3E7A002EE2D043F6982936
:10DD10009FED1A8A1A681A491A48FFF77FFF2A6886
:10DD2000194D1A491A48FFF779FF1A4B174A144937
:10DD30001948CDF80490009512F0F4F949462846A8
:10DD400002AA8DED028A12F0A7FBDDED027A9FEDAB
:10DD5000137AF4EEC77AF1EE10FA4FF0000325D5EE
:10DD600084ED008A84ED058A88F80030B2E700BFB0
:10DD7000D81B0020CC1B0020C01B0020000000008E
:10DD800044250020F43C062064E40220A40F012076
:10DD9000C4C7052004FA012020BA0420000016435D
:10DDA000FEBE062000007A430000964437EEA77AB4
:10DDB0000122194643F6962CA5F1040E05F104083C
:10DDC00005EB8209D9ED007AF0EEE77AF4EEC77A36
:10DDD000F1EE10FA4FEA820038DD00EB0E09D9EDC2
:10DDE000006AF0EEE66AF4EEE67AF1EE10FA2DDD66
:10DDF0004044D0ED006AF0EEE66AF4EEE67AF1EE29
:10DE000010FA23DD03B3B1F5967F1DD2D31A07EEC6
:10DE1000903AF1EE006AF8EE677A67EEA67A5FED67
:10DE20001F6AF4EEE67AF1EE10FA0DDB5FED226A7E
:10DE3000F4EEE67AF1EE10FA06D8C04B03EB81035C
:10DE4000C3ED007A013189B21346323201326245A4
:10DE5000B6D909297FF63DAF0023DFF8E0821D46E1
:10DE60004246C446DFEDB68A9FEDB66ADFEDB65A8C
:10DE7000B3EE095AB548F2EC016A88EEA67AB4EE20
:10DE8000C67AF1EE10FA1CD4B4EEE57AF1EE10FA8F
:10DE900017DC65B100EB850E5EED017A77EE677AEF
:10DEA000F0EEE77AF4EEC57AF1EE10FA09DC00EB59
:10DEB000850E8EED007A0CEB850ECEED006A0135F5
:10DEC000ADB201339BB29942D5D1092D7FF601AF96
:10DED0004FF0010929469D4804F1180212F044FA56
:10DEE00029469A4804F11C0212F0ECFA9749984826
:10DEF000AA0020F0EBFECE469649081F4B46D1ED16
:10DF0000007A0A46043132ED017AB4EEE77AF1EE96
:10DF100010FA03DD013B82ED017AF4D10EF1010C20
:10DF20001FFA8CFC00EB83036545C3ED007A09F111
:10DF3000010940F0A480690800EB810393ED005AC9
:10DF4000EB074FEA810209D4834B1344D3ED007AE7
:10DF500075EE277AB6EE005A27EE855ADFF8EC9177
:10DF600084ED005A484600219FED7C7A6B1E0246E4
:10DF7000D0ED017AD2ED006A77EEE67AF0EEE77A3C
:10DF800001318B4237EE277A00F10400EFD807EE1B
:10DF9000903AF8EEE77AC7EE276A6C480021C4EDA4
:10DFA000016AD0ED007ADFED6D6AB0EE677A0A465D
:10DFB0000B46B0EE666ADFF884A1F0EC015AF4EE8D
:10DFC000E75AF1EE10FAF4EEC75A75FEA77AF1EEB1
:10DFD00010FA48BFB0EE657AFAEC015A76EEA56AFF
:10DFE000F4EEE86AF1EE10FA4BDA013292B2013146
:10DFF0001FFA81FBE345E0D3012A81BF77EEC77AA0
:10E0000001339BB236EE276A002B4DD007EE903AD3
:10E01000F8EE677A86EE277A0021DFED507AB2EECD
:10E020000E6A84ED027A84ED038A84ED048AB0EEF0
:10E03000677A0B460A4675EE064ADFED496AB7EE87
:10E04000004AF9EC015AF4EEE54AF1EE10FA30D844
:10E05000D8ED005A37EE257A002B00F08380F4EEDD
:10E06000E67AF1EE10FA05DBD4ED047A77EE847AE5
:10E07000C4ED047A1A46DFED397A002373E0E646F0
:10E080003CE74A1C954277EEC76A88BFD0ED007A1C
:10E0900003F1010336EE266A88BFB0EE677A0022EC
:10E0A000DFED2E6A9BB2A2E79FED2C7AB4E7014622
:10E0B000C7E775EE463AF4EEE53AF1EE10FA18DBF2
:10E0C000D8ED005A77EEA57A002A00F0CF80B4EEA2
:10E0D000E67AF1EE10FA07DB94ED037AF7EE005AD8
:10E0E00037EE257A84ED037A13469FED1C7A0022E1
:10E0F00039E032B1B4EEE67AF1EE10FA15DA9FEDBE
:10E10000177A002BF3D0F4EEE67AF1EE10FA07DB83
:10E11000D4ED047AF7EE005A77EEA57AC4ED047ACE
:10E120000023DFED0E7A1A461DE094ED037AF7EE38
:10E13000005A37EE257A84ED037AE0E79420002038
:10E1400000606A470000484200007043E41B002062
:10E1500004FA012008FA012000FA01200000000062
:10E1600000606A463246481C8E4580B208F10408B9
:10E170009DD172B15FED066AB4EEE67AF1EE10FA67
:10E18000A1BF94ED037AF7EE006A37EE267A84EDAC
:10E19000037A73B11FED0E7AF4EEC77AF1EE10FA3E
:10E1A000A1BFD4ED047AB7EE007A77EE877AC4ED9A
:10E1B000047A3868384A0346154643F69721374FA4
:10E1C0008B4255D943F69822131A904288BF0023F8
:10E1D0000022324905EB8303904253D143F6982144
:10E1E0002D4803AA8DED038A12F002F99DED037A02
:10E1F000DFED2B7A84ED058A27EE277A0123B7EE2F
:10E20000006A43F69620274901F1080705EB830CC5
:10E21000DCED007AF0EEE77AF4EEC77AF1EE10FA70
:10E220004FEA83021BDD02EB010CDCED006AF0EE2D
:10E23000E66AF4EEE67AF1EE10FA10DD3A44D2ED39
:10E24000006AF0EEE66AF4EEE67AF1EE10FAC1BF8B
:10E25000D4ED057A77EE867AC4ED057AFA33013388
:10E260008342D3D90022104B1A7033E533467AE744
:10E2700037F813C0013307EE90CAF8EE677AE2EC84
:10E28000017A9DE731F8027B013207EE907AF8EED1
:10E29000677AE3EC017A9FE7442500209452052039
:10E2A000C520803F40250020FEBE062008B5002383
:10E2B000042218460A21F8F78BF8142200210C4892
:10E2C00020F0D8FC682200210A4820F0D3FC682204
:10E2D0000021094820F0CEFC68220021074820F0E8
:10E2E000C9FC0023064A1360064A137008BD00BF2C
:10E2F00078BB042010BB0420A8BA042040BA042034
:10E300003CBA0420FFBE062010B500240C4B214669
:10E310001C600C4B68220C481C7020F0ABFC2146A2
:10E3200068220A4820F0A6FC21466822084820F00E
:10E33000A1FC2146BDE810401422064820F09ABCFA
:10E340003CBA0420FFBE062010BB0420A8BA04205B
:10E3500040BA042078BB04204FF4806208B5064B15
:10E3600032201A64FCF778F9F2F79AFEBDE808400B
:10E37000B3EE0A0AF2F7C6BE00D0035008B5F2F7B2
:10E38000B3FE4FF48062014B1A6408BD00E00350F5
:10E390001FB5F2F757FF002857D0F2F731FF02A858
:10E3A000F2F7F4FE2A4A1368591C11601A2293FBF3
:10E3B000F2F102FB11339BB9264C274920681DF06E
:10E3C00077FB1BF0F6F91BF0F5F9BDF90C30BDF940
:10E3D000082000932149BDF90A3020681DF068FB30
:10E3E000BDF90830DFED1E7A07EE103AB8EEC77AB5
:10E3F000BDF90A30C7EE275A07EE103AB8EEC77AD1
:10E40000BDF90C3087EE276A07EE103AB8EEC77AEE
:10E41000144A15491368C7EE276A01EB8301C1ED61
:10E42000005A124901EB830181ED006A104901EBAA
:10E4300083010133192B82BF002313600122C1ED38
:10E44000006A8ABF0B4B13601A7004B010BD00BF86
:10E4500038BA0420100F0020ACC8030864EA03088F
:10E4600000007A443CBA042010BB0420A8BA04205F
:10E4700040BA0420FFBE0620F0B5424C2378002BA2
:10E4800079D0DFED417A41484149424A0E4615466E
:10E4900007460023F0EE676AB0EE676AB7EC017AD0
:10E4A00036EE076AB6EC017A76EE876AB5EC017A49
:10E4B00001331A2B77EE877AF0D1B3EE0A7AC6EEE3
:10E4C000873ADFED316A86EE073A87EE874A002306
:10E4D000B0EE665AF0EE664AF0EC015AB1EC016A11
:10E4E000F2EC017A75EEC35A36EE636A77EEC47ABF
:10E4F00001331A2B45EEA54A06EE065A47EEA76AE7
:10E50000EAD1C4EE877AC5EE075A234A86EE876AB7
:10E51000C2ED007A77EEA57A9FED207A77EE867AC3
:10E52000F4EEC77AF1EE10FAC2ED015A82ED026AFA
:10E53000C2ED037A20D9DFED1A6AF4EEE67AF1EE45
:10E5400010FA1CDA77EEC77ADFED166A87EEA67A44
:10E55000F7EE007A77EEC77A9FED137A67EE877A47
:10E56000B6EE007A77EE877AFCEEE77A17EE903A0D
:10E57000137400232370F0BDDFED0B7AF0E7DFEDBD
:10E58000027AEDE7FFBE06200000000010BB042069
:10E59000A8BA042040BA042078BB04200AD7233B41
:10E5A000CDCC4C3E713D4A3E0000C842014B187C28
:10E5B000704700BF78BB0420064B0122197831B1A7
:10E5C00005490A701A7882F001021A7070470349EF
:10E5D000F7E700BF9DC6062004BF062003BF062044
:10E5E0002DE9F0430121ADB02A20F6F71BFA0121F5
:10E5F0003B20F6F717FA01212C20F6F713FA0A212F
:10E600004FF4C060F6F7D4FE02214FF4B060F6F785
:10E61000CFFE002302211A461846F7F7D9FE002341
:10E6200003211A461846F7F7D3FE002307211A469E
:10E630000120F7F7CDFE4FF480384FF00112704BF8
:10E640000024C3F820230127C3F824834FF00209D4
:10E6500082234FF0B2400AA90D93CDE90A440C94ED
:10E660008DF82A708DF82E901CF0EBF8224620468B
:10E670004FF400711CF023F9A422214620461CF01F
:10E6800023F921465F48CDE907440994F7F750FF85
:10E6900022465D498DF820005A48F7F76FFF5B4E20
:10E6A0000EAD84468DF821000FCE0FC50FCE0FC5DD
:10E6B00096E8030040F6E44385E803000325CDF81F
:10E6C00000C02246524911934E4823468DF81F90B0
:10E6D0008DF83C50F7F76CFF40F2BA4316939DF863
:10E6E000213022464A4910900093464823468DF82F
:10E6F00050408DF84F90F7F75BFF4FF0817348F271
:10E7000001210393434B1590CDE918134248434B25
:10E710004FF48072CDE91A034FF08073CDE92034B5
:10E72000CDE92A34CDE924833D4BCDE91E28CDE93E
:10E730002272CDE9282833480EAA07A9CDE905445D
:10E740000293CDE91C47CDE92647ADF81050354C72
:10E750008DF812708DF81A70F7F756FF294818AA2D
:10E7600003A9F7F789FE274805A902AA1CF008F8B3
:10E7700021462D48FAF790FB002832D12B4B2C4A2A
:10E78000217829481F70FAF7CFFB2A4C2A4B2B4AD5
:10E79000A360236804F110051A40294B134323603A
:10E7A000284B63601323E36094E80F0085E80F00B3
:10E7B0006FF00302244B4120A361E36962F39F03DE
:10E7C000E361224A224B5A624FF40072A3F5805350
:10E7D0009A62FAF79FFD4120FAF780FD2DB0BDE85F
:10E7E000F0831C4C1C4920681DF062F91AF0E1FF0F
:10E7F0001AF0E0FF194920681DF05AF9C5E700BF7B
:10E8000000C0035000400059002D3101380B0408AE
:10E81000809698000101830000010197000001012A
:10E820000110010002BF0620FC19002001BF0620D4
:10E83000B9E500088CBB042000B806200C80C0C0DD
:10E84000D02E10078440005924B206208F330F8049
:10E8500000600059100F0020ACC8030881EA0308CB
:10E860007FB51D4B1B78002B34D0002301241B4A9D
:10E870001B4E13701B4A13701B4B1C70337853B91B
:10E880002DF093FA0546214620462CF049FC2846F7
:10E890002DF086FA347000214FF0B2401BF0AFFF2C
:10E8A00001464FF0B2401BF0B9FF0023CDE9013320
:10E8B00003934FF4202300930C4B0D4A18786946BC
:10E8C000F8F73EF901214FF0B2401BF0AEFF0822ED
:10E8D000084BDA6004B070BD01BF062004BF0620FB
:10E8E00000BF062003BF06209DC6062002BF0620EB
:10E8F0008CBB04200040005900214FF0B24070B59D
:10E900001BF093FF10220E4BDA600E4B1B781BB1ED
:10E910000D4B1878F8F75EF900240C4B0C4E1C7068
:10E920000C4B1C70337853B12DF03FFA054621464D
:10E9300001202CF0F5FB28462DF032FA347070BD22
:10E940000040005901BF062002BF062004BF062078
:10E9500000BF062003BF062007B512498B6A4A6A2A
:10E9600013409B051BD54FF400720F4B68465A624B
:10E970001BF039FFDDED007A9FED0C7AF8EE677A37
:10E9800067EE877AB1EE007A9FED090A67EE877A23
:10E9900027EE800A03B05DF804EB00F08BB903B0FA
:10E9A0005DF804FB004000590060005948E19A3FBF
:10E9B000000080390023F0B5044689B0C3630365C5
:10E9C000274B036001A8FCF707FB0921204620F034
:10E9D000B0F8E0B9E76B012F19D84FF01C0C0CFB15
:10E9E000074C01AE0CF104050FCE0FC596E80700E9
:10E9F00085E807000921236D013704EB8302CCF879
:10EA00001810E7631164174901339164236501A865
:10EA1000FEF766F81921204620F08BF8E0B9E76B85
:10EA2000012F19D84FF01C0C0CFB074C01AD0CF159
:10EA300004060FCD0FC695E8070086E807001921E8
:10EA4000236D013704EB8302CCF81810E7631164DF
:10EA50000549013391642365204609B0F0BD00BF2C
:10EA6000B80B04082BD1020865BD000808B504489E
:10EA70001DF040FEB0FA80F0024B4009187008BD4E
:10EA80002C43052005BF06202DE9F04F2DED028B0C
:10EA90000C461822002189B0054620F0EBF8464BC1
:10EAA0001B78002B77D045481EF005FA002878D156
:10EAB000002642481EF0FFF900286CD03F48FCF7C2
:10EAC000E1FF002867D000211FF0CFF90746002E94
:10EAD00061D000285FD02368EB4600936368DFF8BD
:10EAE000EC900193A368DFF8E8800293E368DFF815
:10EAF000E4A003932369049363690593A3690693D0
:10EB0000E369002407932E4B93ED008A0BEB8403FB
:10EB1000D3ED007AF9EC016AB8EC017A77EEE67A87
:10EB200087EE870A80EE080A01F066FFDAF8001027
:10EB30003269431803F3070313550134082CE5D158
:10EB40001E481DF009FE30BB1E4BBFEE007A1C684C
:10EB50001D4B0246D3ED006A3E6905F108013356AC
:10EB60001B1B07EE903AF8EEE77A67EEA67AB4EE52
:10EB7000E77AF1EE10FA48BF024600F1010048BF03
:10EB8000B0EE677A0328E1EC017AE8D1012385ED44
:10EB9000017A2A702B75284609B0BDEC028BBDE8BE
:10EBA000F08F0648FCF76EFF002881D000211FF08F
:10EBB00043F906467DE700BF05BF06202C4305202C
:10EBC0006C0B0408600B0408640B0408900B040829
:10EBD000700B0408680B040810B5164C2046FFF7AC
:10EBE000E9FE2046144A154920F061F84FF482727C
:10EBF0000021134820F03EF8114A124B0221136005
:10EC0000114B0F48C2F804314FF4D963C2E94234C2
:10EC1000BDE810400D4BC2F810310D4BC2F8143155
:10EC20000423C2E9461300230A49C2F82031024AEC
:10EC300020F03DB850440520E0C30620C5EA020894
:10EC40002C4305206C050408CC0B0408A8C406203E
:10EC500094120408EDEA0208054B064A1A60642281
:10EC6000054B1A700023054A1370054A137070474C
:10EC7000B0C40620000040409EC6062007BF062004
:10EC800006BF06200122014B1A70704707BF0620FD
:10EC9000064B1B7803F0FF0033B1054B1A7812B90D
:10ECA00001221A7070470020704700BF07BF06207E
:10ECB00006BF0620F0EE087AB4EEE70AF1EE10FA8D
:10ECC000154B82B083ED000A21DADFED147AB4EE41
:10ECD000E70AF1EE10FA1CD930EE670ADFED107A80
:10ECE0009FED107AC0EE276AF6EE007A46EE877A3C
:10ECF000FCEEE77ACDED017A9DF804300A4A1370F4
:10ED000000230A4A13700A4A137002B07047642342
:10ED1000F4E70023F2E700BFB0C40620CDCC0C40DE
:10ED2000CCCC4C3F0000C8429EC6062007BF062040
:10ED300006BF0620014B1878704700BF9EC606200C
:10ED400081F0004102E000BF83F0004330B54FEA9C
:10ED500041044FEA430594EA050F08BF90EA020F09
:10ED60001FBF54EA000C55EA020C7FEA645C7FEA9C
:10ED7000655C00F0E2804FEA5454D4EB5555B8BFBF
:10ED80006D420CDD2C4480EA020281EA030382EA30
:10ED9000000083EA010180EA020281EA0303362DC2
:10EDA00088BF30BD11F0004F4FEA01314FF4801C95
:10EDB0004CEA113102D0404261EB410113F0004FA7
:10EDC0004FEA03334CEA133302D0524263EB43035E
:10EDD00094EA050F00F0A780A4F10104D5F1200EFC
:10EDE0000DDB02FA0EFC22FA05F2801841F1000157
:10EDF00003FA0EF2801843FA05F359410EE0A5F12B
:10EE000020050EF1200E012A03FA0EFC28BF4CF05B
:10EE1000020C43FA05F3C01851EBE37101F0004511
:10EE200007D54FF0000EDCF1000C7EEB00006EEB1E
:10EE30000101B1F5801F1BD3B1F5001F0CD34908A8
:10EE40005FEA30004FEA3C0C04F101044FEA4452FF
:10EE500012F5800F80F09A80BCF1004F08BF5FEA86
:10EE6000500C50F1000041EB045141EA050130BD66
:10EE70005FEA4C0C404141EB0101013C28BFB1F578
:10EE8000801FE9D291F0000F04BF01460020B1FAC3
:10EE900081F308BF2033A3F10B03B3F120020CDA96
:10EEA0000C3208DD02F1140CC2F10C0201FA0CF074
:10EEB00021FA02F10CE002F11402D8BFC2F1200CD9
:10EEC00001FA02F120FA0CFCDCBF41EA0C0190408F
:10EED000E41AA2BF01EB0451294330BD6FEA0404D8
:10EEE0001F3C1CDA0C340EDC04F11404C4F12002C3
:10EEF00020FA04F001FA02F340EA030021FA04F3D5
:10EF000045EA030130BDC4F10C04C4F1200220FA2B
:10EF100002F001FA04F340EA0300294630BD21FA69
:10EF200004F0294630BD94F0000F83F4801306BF2F
:10EF300081F480110134013D4EE77FEA645C18BF23
:10EF40007FEA655C29D094EA050F08BF90EA020FBA
:10EF500005D054EA000C04BF1946104630BD91EAB2
:10EF6000030F1EBF0021002030BD5FEA545C05D1B5
:10EF70004000494128BF41F0004130BD14F58004F4
:10EF80003CBF01F5801130BD01F0004545F0FE4168
:10EF900041F470014FF0000030BD7FEA645C1ABF9D
:10EFA000194610467FEA655C1CBF0B46024650EAD4
:10EFB000013406BF52EA033591EA030F41F4002100
:10EFC00030BD00BF90F0000F04BF0021704730B586
:10EFD0004FF4806404F132044FF000054FF000015B
:10EFE00050E700BF90F0000F04BF0021704730B51C
:10EFF0004FF4806404F1320410F0004548BF4042F1
:10F000004FF000013EE700BF42004FEAE2014FEA45
:10F0100031014FEA02701FBF12F07F4393F07F4F20
:10F0200081F06051704732F07F4208BF704793F023
:10F030007F4F04BF41F40021704730B54FF4607436
:10F0400001F0004521F000411CE700BF50EA010239
:10F0500008BF704730B54FF000050AE050EA0102E2
:10F0600008BF704730B511F0004502D5404261EB52
:10F0700041014FF4806404F132045FEA915C3FF493
:10F08000D8AE4FF003025FEADC0C18BF03325FEA30
:10F09000DC0C18BF033202EBDC02C2F1200300FAE1
:10F0A00003FC20FA02F001FA03FE40EA0E0021FA06
:10F0B00002F11444BDE600BF70B54FF0FF0C4CF4F4
:10F0C000E06C1CEA11541DBF1CEA135594EA0C0FA6
:10F0D00095EA0C0F00F0DEF82C4481EA030621EAE1
:10F0E0004C5123EA4C5350EA013518BF52EA03351C
:10F0F00041F4801143F4801338D0A0FB02CE4FF0CE
:10F100000005E1FB02E506F00042E0FB03E54FF0FD
:10F110000006E1FB03569CF0000F18BF4EF0010EF5
:10F12000A4F1FF04B6F5007F64F5407404D25FEAF1
:10F130004E0E6D4146EB060642EAC62141EA5551A4
:10F140004FEAC52040EA5E504FEACE2EB4F1FD0CE6
:10F1500088BFBCF5E06F1ED8BEF1004F08BF5FEA64
:10F16000500E50F1000041EB045170BD06F0004616
:10F1700046EA010140EA020081EA0301B4EB5C04C3
:10F18000C2BFD4EB0C0541EA045170BD41F48011BB
:10F190004FF0000E013C00F3AB8014F1360FDEBFE0
:10F1A000002001F0004170BDC4F10004203C35DABC
:10F1B0000C341BDC04F11404C4F1200500FA05F33F
:10F1C00020FA04F001FA05F240EA020001F00042E0
:10F1D00021F0004110EBD37021FA04F642EB060156
:10F1E0005EEA430E08BF20EAD37070BDC4F10C0480
:10F1F000C4F1200500FA04F320FA05F001FA04F244
:10F2000040EA020001F0004110EBD37041F100012F
:10F210005EEA430E08BF20EAD37070BDC4F120053A
:10F2200000FA05F24EEA020E20FA04F301FA05F2A2
:10F2300043EA020321FA04F001F0004121FA04F24A
:10F2400020EA020000EBD3705EEA430E08BF20EA1A
:10F25000D37070BD94F0000F0FD101F00046400054
:10F2600041EB010111F4801F08BF013CF7D041EAD6
:10F27000060195F0000F18BF704703F000465200DA
:10F2800043EB030313F4801F08BF013DF7D043EAAB
:10F290000603704794EA0C0F0CEA135518BF95EA61
:10F2A0000C0F0CD050EA410618BF52EA4306D1D1E8
:10F2B00081EA030101F000414FF0000070BD50EA07
:10F2C000410606BF1046194652EA430619D094EA91
:10F2D0000C0F02D150EA013613D195EA0C0F05D17B
:10F2E00052EA03361CBF104619460AD181EA0301CF
:10F2F00001F0004141F0FE4141F470014FF0000087
:10F3000070BD41F0FE4141F4780170BD70B54FF021
:10F31000FF0C4CF4E06C1CEA11541DBF1CEA1355A1
:10F3200094EA0C0F95EA0C0F00F0A7F8A4EB050483
:10F3300081EA030E52EA03354FEA013100F088807A
:10F340004FEA03334FF0805545EA131343EA126343
:10F350004FEA022245EA111545EA10654FEA0026F8
:10F360000EF000419D4208BF964244F1FD0404F5B1
:10F37000407402D25B084FEA3202B61A65EB03050D
:10F380005B084FEA32024FF480104FF4002CB6EBCA
:10F39000020E75EB030E22BFB61A754640EA0C004A
:10F3A0005B084FEA3202B6EB020E75EB030E22BF8A
:10F3B000B61A754640EA5C005B084FEA3202B6EBCB
:10F3C000020E75EB030E22BFB61A754640EA9C008A
:10F3D0005B084FEA3202B6EB020E75EB030E22BF5A
:10F3E000B61A754640EADC0055EA060E18D04FEA18
:10F3F000051545EA16754FEA06164FEAC30343EAB8
:10F4000052734FEAC2025FEA1C1CC0D111F4801F84
:10F410000BD141EA00014FF000004FF0004CB6E77D
:10F4200011F4801F04BF01430020B4F1FD0C88BF1C
:10F43000BCF5E06F3FF6AFAEB5EB030C04BFB6EB27
:10F44000020C5FEA500C50F1000041EB045170BD1A
:10F450000EF0004E4EEA113114EB5C04C2BFD4EB47
:10F460000C0541EA045170BD41F480114FF0000ECB
:10F47000013C90E645EA060E8DE60CEA135594EA47
:10F480000C0F08BF95EA0C0F3FF43BAF94EA0C0F4A
:10F490000AD150EA01347FF434AF95EA0C0F7FF4BF
:10F4A00025AF104619462CE795EA0C0F06D152EA13
:10F4B00003353FF4FDAE1046194622E750EA4106F7
:10F4C00018BF52EA43067FF4C5AE50EA41047FF408
:10F4D0000DAF52EA43057FF4EBAE12E74FF0FF3C6D
:10F4E00006E000BF4FF0010C02E000BF4FF0010C3E
:10F4F0004DF804CD4FEA410C7FEA6C5C4FEA430CB7
:10F5000018BF7FEA6C5C1BD001B050EA410C0CBF05
:10F5100052EA430C91EA030F02BF90EA020F002067
:10F52000704710F1000F91EA030F58BF994208BFCE
:10F5300090422CBFD8176FEAE37040F0010070478B
:10F540004FEA410C7FEA6C5C02D150EA013C07D1E2
:10F550004FEA430C7FEA6C5CD6D152EA033CD3D02D
:10F560005DF8040B704700BF8446104662468C4627
:10F570001946634600E000BF01B5FFF7B7FF00285A
:10F5800048BF10F1000F01BD4DF808EDFFF7F4FF83
:10F590000CBF012000205DF808FB00BF4DF808ED0E
:10F5A000FFF7EAFF34BF012000205DF808FB00BF31
:10F5B0004DF808EDFFF7E0FF94BF012000205DF853
:10F5C00008FB00BF4DF808EDFFF7CEFF94BF012008
:10F5D00000205DF808FB00BF4DF808EDFFF7C4FF01
:10F5E00034BF012000205DF808FB00BF4FEA410254
:10F5F00012F5001215D211D56FF47873B3EB625285
:10F6000012D94FEAC12343F0004343EA505311F0AB
:10F61000004F23FA02F018BF404270474FF000003D
:10F62000704750EA013005D111F0004008BF6FF07B
:10F63000004070474FF00000704700BF4FEA4102A2
:10F64000B2F1E04324BFB3F5001CDCF1FE5C0DD940
:10F6500001F0004C4FEAC0024CEA5070B2F1004F8A
:10F6600040EB830008BF20F00100704711F0804F8D
:10F6700021D113F13872BCBF01F00040704741F452
:10F6800080114FEA5252C2F11802C2F1200C10FA56
:10F690000CF320FA02F018BF40F001004FEAC1233A
:10F6A0004FEAD32303FA0CFC40EA0C0023FA02F3DE
:10F6B0004FEA4303CCE77FEA625307D150EA0133B4
:10F6C0001EBF4FF0FE4040F44000704701F0004084
:10F6D00040F0FE4040F40000704700BF53B94AB903
:10F6E000002908BF00281CBF4FF0FF314FF0FF304A
:10F6F00000F0E8B9ADF1080C6DE904CE00F03CF87B
:10F70000DDF804E0DDE9022304B0704738B50022DB
:10F71000002304460D46FFF741FF28B9204629463D
:10F72000BDE8384000F00AB8204605F1004100F07D
:10F7300005F8404261EB410138BD00BFD0B5002261
:10F740000B4B06460F46FFF7B7FC00F0BDF9044629
:10F75000FFF738FC0022074BFFF7AEFC02460B46D2
:10F7600030463946FFF7F0FA00F0AEF92146D0BD39
:10F770000000F03D0000F0412DE9F04F8C46099E5D
:10F7800004460F46002B48D18A4215465ED9B2FA8C
:10F7900082F33BB1C3F120029F409D409C4020FA80
:10F7A00002F217434FEA154E1FFA85FC220CB7FBF5
:10F7B000FEF10EFB117701FB0CF042EA074290428A
:10F7C00007D9AA1801F1FF3702D2904200F25881FE
:10F7D0003946121AA4B2B2FBFEF00EFB102200FB57
:10F7E0000CFC44EA0244A4450BD92C1900F1FF3269
:10F7F0002CBF01270027A44502D9002F00F0438128
:10F80000104640EA0140A4EB0C0400211EB1DC408C
:10F810000023C6E90043BDE8F08F8B4206D90EB144
:10F82000C6E9000100210846BDE8F08FB3FA83F174
:10F83000002951D16345C0F01681824240F2138104
:10F840000846002EE7D0C6E90047E4E7002A00F0AA
:10F85000AF80B2FA82F3002B40F0C2808A1A4FEADE
:10F86000154EAFB20121200CB2FBFEFC0EFB1C2298
:10F8700040EA024207FB0CF090420ED9AA180CF1A4
:10F88000FF382CBF4FF001094FF00009904203D917
:10F89000B9F1000F00F0F080C446121AA4B2B2FB16
:10F8A000FEF00EFB102200FB07F744EA0244A742D9
:10F8B0000ED92C1900F1FF322CBF4FF0010E4FF082
:10F8C000000EA74203D9BEF1000F00F0D28010460F
:10F8D000E41B40EA0C4099E7C1F120058B400CFA8B
:10F8E00001F400FA01F922FA05F72CFA05FC8A4026
:10F8F0001F4320FA05F3380C23431FFA87FE1C0C24
:10F90000BCFBF0F800FB18CC44EA0C4408FB0EFCEE
:10F91000A4450ED93C1908F1FF3A2CBF4FF0010B5A
:10F920004FF0000BA44503D9BBF1000F00F0B880E5
:10F93000D046A4EB0C041FFA83FCB4FBF0F300FBED
:10F94000134403FB0EFE4CEA0444A6450ED93C19B1
:10F9500003F1FF302CBF4FF0010C4FF0000CA64517
:10F9600003D9BCF1000F00F09F80034643EA084032
:10F97000A4EB0E04A0FB02EC64457346E04602D300
:10F9800007D1F14505D2BEEB02036CEB070C013841
:10F99000E0465EB1B9EB030264EB080404FA05F536
:10F9A00022FA01F3CC401D43C6E90054002132E79E
:10F9B00042082F464B08AC4642EAC172AE46C40725
:10F9C000110C92B241EA034142EA0142B1FBF5F166
:10F9D000B3FBF5F01F23A2EB0C0241EA004142E722
:10F9E0009D40C3F1200299409C402CFA02FC4FEA52
:10F9F000154E20FA02F2AFB2BCFBFEF80A430EFB32
:10FA000018CC110C41EA0C4108FB07FC8C4550D97D
:10FA1000691808F1FF302CBF4FF001094FF00009C1
:10FA20008C4502D9B9F1000F30D0A1EB0C01B1FB2C
:10FA3000FEF808FB07FC0EFB181192B242EA0142E5
:10FA4000624534D2AA1808F1FF312CBF4FF00109EA
:10FA50004FF000096245BED2B9F1000FBBD1A8F149
:10FA600002012A44B7E7841A6CEB0302012017460F
:10FA7000E7E62C4402382BE7ACF1020C2A440CE7F1
:10FA800002392A44A5E62C440238BAE6A5EB0C0C50
:10FA9000A8F102006144B1FBFEF808FB07FCCAE7CD
:10FAA000A8F102083C4444E7023B3C445EE741467F
:10FAB00091E7A1EB0C014046B1FBFEF808FB07FC07
:10FAC000B9E700BF704700BF4A0011D212F500121B
:10FAD00011D20DD56FF47873B3EB62520ED44FEAA6
:10FAE000C12343F0004343EA505323FA02F0704726
:10FAF0004FF00000704750EA013002D14FF0FF3064
:10FB000070474FF0000070471FB514461A46094B66
:10FB100005461B68D8684CB1074B00910749CDE9F1
:10FB200001342B4600F0C6F81FF0DDF8044B1C46EC
:10FB3000F3E700BFC0C406209DEA0308AAEA030851
:10FB400035EC030808B5064B044613B10021AFF3AA
:10FB50000080044B1B6803B1984720461BF0E9FF67
:10FB600000000000DC450520002310B5044683603A
:10FB7000818119464366C28108228361C0E900334E
:10FB8000C0E904335C301FF075F80D4B24626362EA
:10FB90000C4BA3620C4BE3620C4B23630C4B9C425B
:10FBA00006D003F16802944202D0D0339C4205D1C2
:10FBB00004F15800BDE810401FF076B810BD00BF3A
:10FBC0009BEB0208BDEB0208F5EB02081BEC0208F8
:10FBD000A4440520024A034903481EF0C0BF00BFE9
:10FBE000B4C40620EBEE0208C4C4062041680C4BE6
:10FBF000994210B5044601D01FF077F9A168094B6E
:10FC0000994202D020461FF070F9E168064B9942F4
:10FC100004D02046BDE810401FF067B910BD00BFFA
:10FC2000A44405200C450520744505200C4B0421F7
:10FC30000C4A0D4810B51A600022FFF795FF0A4BD9
:10FC4000012209211C4603F16800FFF78DFF022203
:10FC500004F1D0001221BDE81040FFF785BF00BFBE
:10FC6000DC450520D5FB0008A444052001481FF011
:10FC70001CB800BF08BF062001481FF017B800BF1E
:10FC800008BF062010B50446FFF7F0FF236A1BB13A
:10FC9000BDE81040FFF7F0BF044B2362044B1B6824
:10FCA000002BF5D1FFF7C2FFF2E700BFEDFB000824
:10FCB000DC4505200EB403B503AB0146054853F8F7
:10FCC000042B0068019300F0ABFA02B05DF804EB7E
:10FCD00003B07047C0C406202DE9F7431D46574BBB
:10FCE00004460E461F68904627B13B6A13B9384652
:10FCF000FFF7C8FFB8F1020F06D0B8F1010F00F20C
:10FD00009980002DC0F29680636ED90705D4A3892F
:10FD10009A0502D4A06D1EF0C8FF214638461FF098
:10FD2000E4F8616B41B104F14403994202D03846D2
:10FD30001CF09CFB002363630023A3616360A38921
:10FD40001B0603D5216938461CF090FBA389B8F146
:10FD5000020F23F44A6323F00303A38160D001ABB5
:10FD60006A46214638461FF0E8F8A3891843A08167
:10FD70002DBB009D284600F041F90646002851D1D0
:10FD8000DDF80090A9453FD14FF0FF35B4F90C30B4
:10FD900043F00202A2810022A26004F14702226025
:10FDA000226101226261626ED60704D4980502D4F2
:10FDB000A06D1EF07BFF284603B0BDE8F083002E47
:10FDC000D8D03B6A13B93846FFF75CFFB8F1010F92
:10FDD000266002BFA38943F00103A381B4F90C306C
:10FDE00013F00802C4E904651ED0D90745BF0022FC
:10FDF0006D42A560A26048BFA561626ED20701D4C2
:10FE00009B0513D50025D6E7484600F0F7F80646CF
:10FE10000028B9D0A3894D4643F08003A381D0E7E1
:10FE20000025B3E7A946F5E7A260E6E7A06D1EF05E
:10FE30003DFFE7E74FF0FF35BDE700BFC0C4062038
:10FE40000CB4194B30B50C1E9DB01D6808DA8B231D
:10FE50004FF0FF302B601DB0BDE8304002B070475E
:10FE60004FF402730290069002A9ADF814304FF0DF
:10FE70000003209A28461B9314BF04F1FF33234646
:10FE8000049307934FF6FF73ADF8163021AB01933F
:10FE900000F0CAF8431CBCBF8B232B60002CDAD0C7
:10FEA000029B00221A70D6E7C0C406200B46034905
:10FEB00002460868816800F0B3B900BFC0C40620DC
:10FEC00038B50023054D044608462B601BF02FFE75
:10FED000431C02D12B6803B1236038BDE0450520E7
:10FEE00038B50446064D0846114600222A601A46D7
:10FEF0001BF02CFE431C02D12B6803B1236038BDDC
:10FF0000E045052038B50446064D08461146002256
:10FF10002A601A461BF01CFE431C02D12B6803B159
:10FF2000236038BDE045052038B50446064D084637
:10FF3000114600222A601A461BF018FE431C02D10B
:10FF40002B6803B1236038BDE045052070B50D4B2B
:10FF500000260D4D5B1B9C10A64209D10B4D2CF0C9
:10FF60007FFB0B4B00265B1B9C10A64205D170BD8E
:10FF700055F8043B01369847EEE755F8043B013647
:10FF80009847F2E7A8C60620A8C60620A8C60620FD
:10FF9000B0C60620002170B555EC104B25F000438B
:10FFA0000160134906462A468B421ED82146194352
:10FFB0001BD01049294061B900220F4B2046294629
:10FFC000FFF77AF80A4621F0004304466FF0350146
:10FFD00031601B156FF31E523168A3F2FE3342F0FD
:10FFE0007F55194445F40015316045EC104B70BD48
:10FFF000FFFFEF7F0000F07F00005043024B0146FF
:020000040801F1
:1000000018681CF030BA00BFC0C4062010B5044602
:100010000448134620B10A4602202146AFF300806F
:1000200010BD00BF000000002DE9F04F98468B89FD
:100030009DB007461B060D46144610D50B6973B9D3
:1000400040211CF010FA2860286130B90C233B6075
:100050004FF0FF301DB0BDE8F08F40236B610023EF
:10006000CDF80C804FF00109DFF8A081099320231F
:100070008DF8293030238DF82A3023469A4613F81C
:10008000012B0AB1252AF9D1BAEB040B0BD05B4640
:100090002246294638461EF02DFE013000F0A7808A
:1000A000099A5A4409929AF80030002B00F09F8078
:1000B00000234FF0FF320AF1010A049307938DF8F1
:1000C00053301A93CDE90523544605224F4814F8BE
:1000D000011B1EF0F7FF049AD8B9D00644BF2023B5
:1000E0008DF85330110744BF2B238DF853309AF805
:1000F00000302A2B15D0079A544600204FF00A0CE6
:10010000214611F8013B303B092B4BD9B0B1079286
:1001100014E0A0EB0803A24609FA03F31343049387
:10012000D2E7039B191D1B68002B0391BBBF5B42E9
:1001300042F0020207930793B8BF049223782E2B54
:100140000AD163782A2B32D1039B02341A1D1B6813
:1001500043EAE37303920593DFF8C0A003222178FA
:1001600050461EF0AFFF38B1A0EB0A004022049BBE
:10017000013482401343049314F8011B06222448DF
:100180008DF828101EF09EFF002836D0214B1BBB97
:10019000039B073323F0070308330393099B33447E
:1001A00009936AE70CFB02320C460120A8E7002302
:1001B00001344FF00A0C19460593204610F8012B24
:1001C000303A092A03D9002BC6D00591C4E70CFBAD
:1001D000012104460123F0E703AB2A4604A938466F
:1001E00000930D4BAFF30080421C0646D6D1AB897D
:1001F0005B063FF52DAF09982CE703AB2A4604A90F
:1002000038460093044B00F023F9EDE7D9EA0308E0
:10021000E3EA030800000000F5EC0208DFEA030847
:100220002DE9F04F0D469DB014469846064618B18C
:10023000036A0BB9FFF726FD6B6ED90705D4AB89AE
:100240009A0502D4A86D1EF030FDAB891B0701D5BD
:100250002B699BB92946304600F09AFA70B16B6E53
:10026000DC0704D54FF0FF301DB0BDE8F08FAB893F
:100270009805F7D4A86D1EF019FDF3E70023CDF81B
:100280000C804FF00109DFF8B481099320238DF829
:10029000293030238DF82A3023469A4613F8012B53
:1002A0000AB1252AF9D1BAEB040B0BD05B462246E2
:1002B000294630461EF095FD013000F0A780099ACE
:1002C0005A4409929AF80030002B00F09F800023D6
:1002D0004FF0FF320AF1010A049307938DF853306F
:1002E0001A93CDE9052354460522544814F8011BFE
:1002F0001EF0E8FE049AD8B9D10644BF20238DF839
:100300005330130744BF2B238DF853309AF8003035
:100310002A2B15D0079A544600204FF00A0C21468C
:1003200011F8013B303B092B4BD9B0B1079214E0D7
:10033000A0EB0803A24609FA03F313430493D2E7A0
:10034000039B191D1B68002B0391BBBF5B4242F04E
:10035000020207930793B8BF049223782E2B0AD189
:1003600063782A2B32D1039B02341A1D1B6843EA9F
:10037000E37303920593DFF8D4A00322217850465B
:100380001EF0A0FE38B1A0EB0A004022049B01340D
:1003900082401343049314F8011B062228488DF869
:1003A00028101EF08FFE00283FD0264B1BBB039B5E
:1003B000073323F0070308330393099B3B44099356
:1003C0006AE70CFB02320C460120A8E70023013447
:1003D0004FF00A0C19460593204610F8012B303ACD
:1003E000092A03D9002BC6D00591C4E70CFB0121D3
:1003F00004460123F0E703AB2A4604A930460093E4
:10040000114BAFF300800746781CD6D16B6ED9072D
:1004100005D4AB899A0502D4A86D1EF047FCAB89C0
:100420005B063FF51FAF09981EE703AB2A4604A9F8
:1004300030460093044B00F00BF8E4E7D9EA0308D8
:10044000E3EA030800000000E3ED0208DFEA030826
:100450002DE9FF470F7E914680460C46782F9A463D
:100460000C9E01F1430207D8622F0AD8002F00F03A
:10047000D280582F00F0B78004F1420684F8427011
:100480003AE0A7F16303152BF6D801A151F823F048
:10049000E9040108FD040108790401087904010850
:1004A0007904010879040108FD04010879040108B0
:1004B000790401087904010879040108FD0501089F
:1004C00027050108B305010879040108790401082A
:1004D0001F060108790401082705010879040108AD
:1004E00079040108BB05010833681A1D1B683260D6
:1004F00004F1420684F8423001239DE0336820680D
:10050000191D3160060601D51D6803E04506FBD5BF
:10051000B3F90050002D03DA2D236D4284F84330E7
:1005200059480A2310E021683368080653F8045B31
:1005300002D4490648BFADB26F2F5348336059D13A
:100540000823002184F843106668002EA66005DBAE
:1005500021682E4321F0040121604DD01646B5FBE1
:10056000F3F103FB1157C75D06F8017D2F460D46D9
:10057000BB42F4D9082B0BD12368DF0708D52369C8
:1005800061689942DEBF302306F8013C06F1FF3670
:10059000921B22614B4603AA21464046CDF800A09B
:1005A0001EF031FC01304CD14FF0FF3004B0BDE8FB
:1005B000F087236843F020032360782733482368BB
:1005C00084F845701F06316851F8045B02D45F0659
:1005D00048BFADB23160D90744BF43F02003236068
:1005E0001DB11023ADE72848E9E7236823F0200375
:1005F0002360F6E70A23A4E71646BBE733682568BD
:10060000181D616930602E061B6801D5196002E073
:100610006806FBD51980002316462361BAE73368C4
:1006200000211A1D32601E68626830461EF04AFDC5
:1006300008B1801B606063682361002384F8433045
:10064000A8E72369324649464046D0470130ABD03F
:1006500023689B0713D4E068039B9842B8BF1846F1
:10066000A4E70123324649464046D04701309BD09B
:100670000135E36803995B1AAB42F2DCEBE7002536
:1006800004F11906F5E700BFEAEA0308FBEA0308EC
:10069000B1F90C202DE9F041160705460C4651D45E
:1006A0004B68002B02DC0B6C002B49DDE66A002E48
:1006B00046D0002312F480522F682B6031D0626D37
:1006C000A389590705D56368D21A636B0BB1236CF4
:1006D000D21A0023E66A216A2846B047421CB4F9C0
:1006E0000C3006D129681D2945D8284ACA40D607AA
:1006F00041D50022D90462602269226004D5421CDF
:1007000001D12B6803B96065616B2F60C1B104F141
:100710004403994202D028461BF0A8FE00236363DD
:100720000EE00123216A2846B0470246501CC7D17B
:100730002B68002BC4D01D2B01D0162B19D12F6094
:1007400000201DE00F69002FFAD093070E680F609C
:100750000CBF4B690023A6EB07088B60B8F1000FB4
:10076000EEDD43463A46216A2846A66AB04700288D
:1007700008DCB4F90C3043F040034FF0FF30A381A4
:10078000BDE8F0810744A8EB0008E7E7010040203E
:1007900038B5284B05460C46186818B1036A0BB9E2
:1007A000FFF770FAB4F90C301A0721D4D80607D431
:1007B00009222A6043F040034FF0FF30A38130E06C
:1007C000590712D5616B41B104F14403994202D03B
:1007D00028461BF04BFE002363630022B4F90C3063
:1007E000626023F024032269226043F00803A3819E
:1007F00022693AB99A0501D5180603D5214628463B
:100800001EF0BFFBB4F90C3013F001020AD0002235
:10081000A26062695242A261226942B913F080006B
:10082000C8D138BD990758BF6269A260F4E70020BB
:10083000F7E700BFC0C40620024B014618681EF04F
:1008400017BC00BFC0C4062038B50023064D0446BF
:10085000084611462B601BF06DF9431C02D12B6832
:1008600003B1236038BD00BFE045052038B5002343
:10087000054D044608462B601BF063F9431C02D16A
:100880002B6803B1236038BDE045052038B500234F
:10089000064D0446084611462B601BF054F9431CD4
:1008A00002D12B6803B1236038BD00BFE0450520AD
:1008B00008B52DED028BB0EE408A00F023F9F0EE82
:1008C000408AB4EE488AF1EE10FA0AD6B0EE480A31
:1008D00000F07AF8F7EE007AB4EEE70AF1EE10FADB
:1008E00004DCB0EE680ABDEC028B08BD16F01AFEFF
:1008F000212203460348BDEC028B1A60BDE8084084
:1009000000F074B89C12040800F0F8B908B52DED99
:10091000028BB0EE408A00F09BFAF0EE408AB0EE17
:10092000480A00F059F868B1DFED127AB4EEE78AB0
:10093000F1EE10FA0BDCDFED107AB4EEE78AF1EE9F
:1009400010FA0FD4B0EE680ABDEC028B08BDDFEDE3
:100950000B8A16F0E7FD2223B0EE680A0360BDECB7
:10096000028B08BD16F0DEFD2223DFED058A036051
:10097000E8E700BF1772B142B5F1CFC20000807F37
:100980000000000008B52DED028BB0EE408A00F0AB
:1009900067F8B4EE488AF1EE10FA06D6DFED098A60
:1009A000B4EEE88AF1EE10FA02D4BDEC028B08BD79
:1009B00016F0B8FD88EEA80A21230360BDEC028B77
:1009C00008BD00BF0000000010EE103A23F0004305
:1009D00000EE103A704700BF10EE103A23F00040CE
:1009E000B0F1FF4F2CBF0020012070479FED010A9E
:1009F000704700BF0000C07F10EE101AC1F3C7524D
:100A00000029A2F17F0CACBF01204FF0FF30BCF1F8
:100A10001E0F0FDCBCF1000F1CDBC1F31603BCF191
:100A2000160F43F400030ADD963A03FA02F202FBC2
:100A300000F07047FDEEC07A17EE900A70474FF451
:100A40008002CCF1170142FA0CF21A44CA4002FBB0
:100A500000F07047BCF1FF3F18BF0020704700BF97
:100A6000B1EEC00A704700BF53EC102BC3F30A501D
:100A70009C46A0F2FF31132910B5964613DC0029DD
:100A80002BDB1F4C0C4104EA0300104310D04FF441
:100A9000002300200B41634423EA040C6346024612
:100AA00043EC102B10BD332905DDB1F5806F1AD052
:100AB00043EC102B10BDA0F213404FF0FF34C440A4
:100AC0001442F5D0C1F1330101208840801828BFBD
:100AD00003F1010C20EA0400E0E7013103F0004CCF
:100AE00008D00020DAE710461946FEF72FF941EC4E
:100AF000100B10BD4CF07F5C00204CF4401CCDE787
:100B0000FFFF0F0038B510EE105AF0EE407A25F0D6
:100B10000044B4F17E5F2DED048B00F0828079D823
:100B2000B4F17C5F0ED2B4F1485F80F092809FED0B
:100B3000637AF7EE006A30EE077AB4EEE67AF1EE09
:100B400010FA64DCB0EE670ADFED5D8AFFF73CFF68
:100B5000F7EE007AF6EE006A9FED5A3A9FED5A4A98
:100B600037EEC08ADFED593ADFED594A9FED595A09
:100B700028EE268ADFED585A9FED586ADFED586A55
:100B8000A8EE034A9FED577AE8EE234AB0EE480AF2
:100B9000A4EE085AE4EE885AA5EE086AE5EE886AE3
:100BA000A6EE087AE6EE887AE7EE088AB0EE679A53
:100BB000FFF756FF4C4B9C4268EE888A88EE896AA4
:100BC0003AD810EE103A9FED497A6FF30B0306EE18
:100BD000903A70EE004AF0EE005AA6EEE68A70EE09
:100BE000267A9FED430AB0EE405AA6EEE55AC8EECB
:100BF000276AF0EE477AE6EEE57AD4EE867A77EE6B
:100C0000C57A30EE670A002D01DCB1EE400ABDEC7A
:100C1000048B38BD70EE407ABDEC048B87EEA70ADA
:100C200038BD9FED320A9FED337A27EE800ABDEC86
:100C3000048BA7EE870A38BDA0EE060A9FED2E7A38
:100C4000F0EE006ADFED2B7AA0EE267A37EEC70AC7
:100C5000D9E720EE007A9FED1B6ADFED1B2ADFED5E
:100C60001D3AE7EE062ADFED196A9FED193AB7EE55
:100C7000006ADFED1A4AA7EE263A9FED174ADFED2C
:100C8000195A9FED175AE2EE873ADFED0D6ABDEC77
:100C9000048BA3EE074AE3EE874AA4EE075AE4EE7C
:100CA000875AA5EE076AE5EE876A26EE877AC7EED1
:100CB000066AE0EE267AB0EE670A38BDCAF24971DC
:100CC000ABAA2A3E08EF1138047F4F3A2EC69D3D4D
:100CD000613330BF461124BD2D570140A80A4E3E56
:100CE00039D119C090B0A6BE9999793F2EBD3BB3BA
:100CF000DB0F493FDB0FC93F2EBD3B3310EE903A6F
:100D000030B523F0004583B0B5F1FF4F8DED010AFA
:100D100001982CD820F00041B1F1FF4F27D8B3F152
:100D20007E5F34D09C1704F0020444EAD07451B9B9
:100D3000022C29D0DFED3D7A032C9DED017A07FED0
:100D4000870A03B030BDD5B1B5F1FF4F24D0B1F162
:100D5000FF4F14D0491BB1F1F45F4FEAE1502BDA99
:100D6000002B42DA3C3040DA9FED310A26E007EEF4
:100D7000903A9DED017A37EE870A03B030BD002826
:100D800017DB9FED2C0AF8E79FED2B0AF5E703B080
:100D9000BDE8304000F04EB9B1F1FF4F04F1FF342F
:100DA0001BD0022C3CD8254B03EB840393ED000AA7
:100DB000E3E79FED230AE0E79FED1E0A012C28D010
:100DC000022C1DD0002CD8D09FED1E7ADFED1A7AB0
:100DD00030EE070A30EE670ACFE7022C23D81A4B11
:100DE00003EB840393ED000AC7E7DDED017A07EE1C
:100DF000103A87EE870AFFF7E7FD00F01BF9DDE701
:100E00009FED107ADFED0C7A30EE070A37EEC00A5C
:100E1000B3E710EE103A03F1004300EE103AACE7EE
:100E20009FED030AA9E79FED090AA6E7DB0F49C07A
:100E300000000000DB0FC93FDB0F4940A01204088F
:100E4000DB0FC9BF2EBDBB33AC120408DB0F493F1B
:100E500010EE103A23F00042B2F1FF4F58D84FEA9B
:100E6000D37100F093806148834200F3898019B107
:100E70005F4B9A4200F287805E4B9A424BD95E4BA1
:100E80009A4200F295805D4881F001035C4A00EBD4
:100E900081005B1A02EB8102D0ED004AD2ED007AAC
:100EA00070EE644A34EEE70A9FED564A9FED565ABB
:100EB000DFED565A20EE007ADFED556A9FED556A58
:100EC000A7EE045AE5EE075AE5EE876AA6EE876AB2
:100ED000F0EE406AE6EE476A20EE266A002B42D02A
:100EE000B0EE007A13F17D0FB7EE000A37EE667AA6
:100EF000C6EE076A77EEE67A77EEE47A30EE670AB6
:100F00004ADB10EE102A02EBC35300EE103A704792
:100F100030EE000A7047B2F1505F0AD2DFED3E7A40
:100F2000B7EE007A70EE277AF4EEC77AF1EE10FA97
:100F300058DC60EE007A9FED335ADFED335A9FEDB7
:100F4000336AE7EE855ADFED326A9FED327AA7EE1B
:100F5000A56AE7EE866AA7EEA67AF0EE406AE7EEAB
:100F6000C76A20EE266AF0EE007AB7EE007A76EED7
:100F7000E76AC6EE267A77EEC07A37EE670A7047E0
:100F8000002000F04DB9002000F044B9DFED237AD5
:100F9000002900FE270A704710EE102A6433DFEDA7
:100FA000207A02EBC35300EE103A20EE270A704776
:100FB0001C4BF0EE404A9FED1C6A03EB8103DFED12
:100FC0001B6A9FED1B7AD3ED007AE0EE067AFDEE08
:100FD000E77A17EE903AF8EEE77AE7EEE64A67EE40
:100FE000877A5FE730EE070A704700BF1772B14299
:100FF000B5F1CF421872B13E9115853FC012040879
:10100000B81204084CBB31330EEADDB555B38A384B
:10101000610B36BBABAA2A3ECAF249710000000040
:101020000000800DC81204083BAAB83F8071313F10
:10103000D1F7173738B510EE105AF0EE407A25F098
:101040000044B4F1A14F07D3B4F1FF4F55D8002DA0
:1010500077DD9FED4E0A38BD4D4B9C425CD8B4F114
:10106000445F4DD34FF0FF3327EEA76ADFED491AF7
:101070009FED492A5A1CDFED495A66EE066ADFEDFC
:10108000482A9FED483ADFED483AA6EEA12A9FEDA7
:10109000474AE6EEA52ADFED464A9FED465A9FED08
:1010A000467ADFED465AA2EE263AE2EEA63AA3EEE3
:1010B000264AE3EEA64AA4EE265AA4EEA67AE5EE68
:1010C000265A27EE267AA5EE867A27EE877A3BD037
:1010D0003B49002D3B4A01EB830102EB830391ED79
:1010E000006AD3ED006A37EE467A37EE677A36EE5D
:1010F000C70AB0DAB1EE400A38BD30EE000A38BD9A
:101100009FED317AF7EE006A30EE077AB4EEE67AB8
:10111000F1EE10FAA6DD38BDFFF756FC2B4B9C42D2
:1011200015D8A3F5D0039C4226D8F0EE007A002310
:10113000BFEE007AA0EE277A30EE270AC7EE007ADB
:1011400092E79FED230A38BD37EEC70A38BD214B21
:101150009C420BD8F7EE087A0223B7EE007AA0EE95
:10116000277A30EE670AC0EE077A7DE7BFEE007A95
:101170000323C7EE007A77E7F7EE007A012330EE1B
:10118000677A30EE270AC7EE007A6DE7DB0FC93FBA
:10119000FFFFDF3ED769853C59DA4B3D21A215BDE3
:1011A0006BF16EBD356B883D95879DBD6E2EBA3D4A
:1011B000388EE3BD2549123ECDCC4CBEABAAAA3E2B
:1011C000D0120408E0120408CAF24971FFFF973FE9
:1011D000DB0FC9BFFFFF1B4010B52DED028BB0EE3A
:1011E000408A044616F09EF90460B0EE480ABDEC51
:1011F000028B10BD30B1F1EE407A222027EE800A3A
:10120000FFF7EABFF0EE407A222027EE800AFFF7D0
:10121000E3BF00BF9FED010AFFF7ECBF0000001025
:101220009FED010AFFF7E6BF0000007030B583793B
:1012300085B001901844C0680D4600F0380016F0E3
:10124000BDFA044628B901A81EF020F9022005B015
:1012500030BD294601981EF023F946220A490DF1B6
:101260000F001EF05BF8019904F10C001EF0FFF96D
:10127000482205490DF10F001EF051F8204628F0D4
:1012800062FA0020E3E700BF0CEB030813B5044645
:1012900078B1DC2208490DF107001EF03FF8E06844
:1012A0001EF02FF9DE22044603490DF107001EF05F
:1012B00036F8204602B010BD0CEB030813B5044607
:1012C00090B140F29E220A490DF107001EF026F867
:1012D00004F10C001EF0F9F84FF42872044604499A
:1012E0000DF107001EF01BF8204602B010BD00BF34
:1012F0000CEB0308054B10B553F8204004B910BDA2
:101300002046636898472468F8E700BFFC4505203D
:101310000020134B10B51870124B134CC3E900009A
:10132000124B206018706060A06000F043FA80B239
:10133000A0F10E036380A0F11403013060810C4919
:10134000201DE3801AF0CBFD20460A491AF0C7FDA4
:1013500004F108000849BDE810401AF0C0BD00BF04
:101360000ABF0620FC450520DCBD062009BF06207B
:1013700058EB030861EB03086BEB030870B50446F8
:1013800048B32AF01BFD002363712379054613F04F
:10139000100605D010232371BDE870402AF009BD66
:1013A0000D4903F0030331F823203046013A21F8B8
:1013B00023202146094C00F0EFF923781BB1304679
:1013C000FFF798FF2670064B5B6813B10120FFF70B
:1013D00091FF2846E0E770BDDCBD06200ABF06206D
:1013E000FC45052038B50446057A2AF0E7FC054B94
:1013F00053F82520226043F82540BDE838402AF004
:10140000D8BC00BFFC45052010B5064B00F0E0003D
:101410001A78541C1C70044B03F8320003EBC2030F
:10142000596010BD09BF0620E44505200023F0B532
:101430000E4D0F492C789C420FD951F833705E1C29
:1014400087424FEAC3020ED10A490A440133A3423C
:1014500002F1080202D3013C2C70F0BD92E80300B7
:1014600002E90300F2E73346E5E700BF09BF0620C3
:10147000E8450520E44505202DE9F04F04468BB0F2
:101480000592420748BF00F0F70402912AF096FC4B
:10149000DFF894A104F003060AEB86033AF826204D
:1014A0005B8880469A4204F0EF094FEA860739D2FA
:1014B000002000F053F90546A0B33AF82630013376
:1014C0002AF8263040462AF074FC002D40F0828035
:1014D00023071DD51F2C1BD904F0E00357440393A9
:1014E0002AF06CFC3AF82620AA467B88DFF838817F
:1014F0009A422CBF4FF0000B4FF0010B464F2AF0E1
:1015000058FC08EB86030693444B1B789A450ED390
:10151000C4F3800080F00100494600F0010000F0B3
:101520009FF86EE001223E4B00251A70CAE73B7817
:10153000039A1A4204D07B680193019B1B681BB974
:101540000AF1010A0837DFE709935A79D00709D56C
:101550001A79510706D5BBF1000F0CD189EA0202B6
:10156000920708D001931B68002BEED1E5E701211B
:101570002B4A117026E001981DF0A7FF90F804B0E7
:10158000099009A81DF082FF5946002000F068F874
:101590002AF014FC069B38F826205B8804909A42B7
:1015A00034BF4FF0010B4FF0000B03D2002000F0CE
:1015B000D5F80990099B002BD9D038F826200132A4
:1015C00028F82620049807932AF0F3FB079B002BAA
:1015D000B3D01D4628461EF01BF9029B029AAB7140
:1015E000059B85F804901344EB710E4B5B6843B187
:1015F0002AF0E4FB04460120FFF77CFE20462AF097
:10160000D8FB0948452200EB860029461AF06CFCFD
:1016100028460BB0BDE8F08FE445052009BF062041
:101620000ABF0620FC450520DCBD06200022014B38
:101630001A6070470446052010B504462AF0BEFB28
:10164000064B1A682AB91C602260BDE810402AF0D7
:10165000B0BB1B68A342F4D110BD00BF04460520F7
:1016600070B505460E46054B1C6804B970BD63682D
:101670003146284698472468F7E700BF044605200E
:101680002DE9F0474FF6FC7700251646DFF8748009
:1016900003311A4B08EB00140F404FEA001A1B6885
:1016A0006280814628F80A7002FB07F0E5609847DF
:1016B00017FB06F39BB2024660602381E0B110493C
:1016C000204651F829101AF00CFC2946228960683E
:1016D0001DF0D0FA29462B469E4205DC0020D0445E
:1016E000A8F80260BDE8F0876268E06855185050BD
:1016F0000133E5603944EFE71A20F3E70846052097
:10170000F01204081046052010B5094C04EB001433
:1017100063682BB120461AF0E6FB60681EF06AFA97
:101720002046BDE81040102200211DF0A3BA00BFE2
:1017300010460520034B0201C3E9001000210248B6
:101740001DF098BA08460520104605200022024BDD
:10175000C3E90022704700BF0846052038B5094B91
:10176000020103EB0014E568204629469A5A1AF054
:10177000BBFB25B12B68E3606388013B638028468F
:1017800038BD00BF10460520024B03EB00139878CC
:10179000704700BF10460520054B03EB0010C368DF
:1017A0000B604388C160013343801AF09EBB00BFC9
:1017B00010460520044A010102EB0013505A10B1F3
:1017C0001B89B3FBF0F070471046052038B5124D69
:1017D0002B78FBB9114B002808BF1846046804B9E0
:1017E0001C680D200E49FFF7A5FF5423B4FBF3F24C
:1017F00000235121184692B2FFF742FF044620B160
:10180000FFF7A4FF1924204638BDFFF781FD01230F
:101810002B70F8E71224F6E70BBF062088C60308F2
:1018200031180108014908461AF059BB241304086D
:10183000012838BF012038B5C41C24F00304204619
:101840001AF07EFC05460146224608481AF04CFB79
:101850002DB921460220FFF703FF284638BD224656
:10186000002128461DF006FAF7E700BF24130408FC
:1018700030B5427E037E0446B2EB931F4FF0000565
:1018800089B03CD25200214821491341CDE90401DD
:1018900003F00303E17D253304A88DF81930CDF85A
:1018A0001A50ADF81E508DF8181000F035FD627E0C
:1018B000CDE90155A38A03950AB9DA071CD501229F
:1018C00023F001039BB2A3828DF8082003F00C03E0
:1018D000003B18BF0123A27D5B0001A88DF80A30F0
:1018E0008DF809201EF0E4FB206A20F032FE637EB2
:1018F0000133637609B030BD22680192E6E745778F
:10190000312009B0BDE8304005F00AB9D6BE898E55
:1019100055555500212810B50C460ED18B8A9B07D2
:1019200007D4084805F096F82046BDE81040FFF7B8
:101930009FBFBDE8104005F08DBDBDE810401EF012
:1019400098B900BF49190108F0B553280C4685B075
:101950000FD0552874D0512878D18B8A03F00C030E
:10196000002B6DD00120897D05B0BDE8F04000F06E
:1019700071BA0027204603A903971EF03DF90546DA
:1019800000285BD0037803F00F03032B2BD1206AD0
:1019900020F0DAFDA18A0646C1F38001284620F036
:1019A00084FE00284AD1294680233246204620F072
:1019B00046FE0546002841D1274805F04BF8294648
:1019C00004F1240020F0DCFC0646A17D284600F04E
:1019D0002BFA304620F0BDFD2046039905B0BDE846
:1019E000F0401EF039B9052B28D1206A20F0ACFD5B
:1019F000A18A04F148030193C1F3801306460093C2
:101A0000C1F300123B462846C1F3C00120F055FE49
:101A1000A0B929464FF480733246204620F00FFECD
:101A2000054658B9039820F0DBFC00F0A3FB3120F9
:101A3000657705B0BDE8F04005F072B800F09AFB9C
:101A4000204605B0BDE8F040FFF712BF05B0BDE885
:101A5000F0401EF00EB900BF5D1A0108512810B504
:101A60000C4607D1054804F0F5FF2046BDE81040BC
:101A7000FFF7FEBEBDE810401EF0FBB84919010893
:101A80000120014904F0D4BF1519010821281FB510
:101A90000C4634D11C4804F0DDFF04F1100000F0C6
:101AA0003BFC94F8240020F044FC94F82030626859
:101AB00013F0010394F8221012D00023CDE9023371
:101AC000A368684613440193012300928DF80A30FD
:101AD0008DF80B108DF80C3000F0DEF904B010BD5D
:101AE000CDE901330223684600928DF805108DF888
:101AF00006301EF0DDFA20461EF040F9EEE704B095
:101B0000BDE810401EF0BDB8E9FD02080320014900
:101B100004F08EBF8D1A010837B5174D0446EB69E6
:101B200093F87D2012B9002003B030BD01281AD0EF
:101B300002280CBF022201228DF8042001228DF818
:101B400005209A6F286922F044029A6701A927F0BC
:101B5000BFFE0028E8D1012C07D1EA69936F43F05A
:101B600040039367DFE70422E6E7022CDBD1EA6952
:101B7000936F43F00403F4E7280B002037B5184DAA
:101B80000446EA6992F87D3013B9002003B030BDF5
:101B900001281CD002280CBF022301238DF8043039
:101BA00001238DF80530936F286923F4805323F0C7
:101BB0000203936701A927F0A1FE0028E6D1012CBA
:101BC00007D1EA69936F43F002039367DDE70423CB
:101BD000E4E7022CD9D1EA69936F43F48053F4E728
:101BE000280B00200422F0B51D4E0546F36985B090
:101BF00083F87C2040791EF049FA2C79074694B18D
:101C0000A879FFF789FF044638BB01466A790120AD
:101C10001EF01AFA3B4622467179306905B0BDE8DC
:101C2000F04027F0F9BD2B686879039402931EF009
:101C30002DFA009022467179306902AB27F0EEFD53
:101C4000044650B9A879FFF767FF044628B9024651
:101C500001216B7928681EF0F8F9204605B0F0BD27
:101C6000280B0020014B186927F03DBF280B0020EE
:101C7000014B186927F039BF280B0020F8B52AF06E
:101C80009DF80646164FFB6993F86F4093F86E3047
:101C90000434E41AE4B20CB9042507E001201DF075
:101CA000C1FD014688B9C4F10405EDB230462AF001
:101CB00080F844B1FA694FF00060936F43F010036D
:101CC000936705F049F82846F8BD06481DF0D9FC91
:101CD000FA69013C92F86E30013382F86E30D9E730
:101CE000280B00203C0B00202DE9F843DFF86C8026
:101CF0000546D8F81C3093F86E4093F86F30E41A1C
:101D0000E4B298B12AF05AF82E460746306820B15E
:101D1000042C0ED130461DF0B9FB29680E481DF089
:101D2000A6FC38462AF045F800232B602046BDE883
:101D3000F883D0F800901DF06BFD3368D8F81C20B4
:101D4000C3F8009092F86E30013401333668E4B283
:101D500082F86E30DAE700BF3C0B0020280B002031
:101D60002DE9F0414FF0000882B00546CDF804801F
:101D700038B3154F01AC0AE023601B687B61236810
:101D8000C3F800802668453D002D344610DD7B6990
:101D9000002BF1D101201DF045FD064620600028F2
:101DA000F1D101A8FFF7A0FF304602B0BDE8F081F5
:101DB000019E3046737943F00103737102B0BDE8B0
:101DC000F0810646F5E700BF280B002008B505F0B6
:101DD0006BF9024B1030D86108BD00BF280B002002
:101DE00038B504460A4DFFF7F1FFEB692A689A6798
:101DF00064B1A08804F0A0FD04F0BAFD0122EB69F3
:101E000083F87C20FFF73AFF002038BD0120F3E77C
:101E1000280B0020034BDA69936F43F480339367F8
:101E2000704700BF280B0020042238B5084B0D4630
:101E3000DB6983F87C20FFF76FFE044608B100F0F1
:101E400023FC2A46002101201EF0FEF8204638BD62
:101E5000280B0020022238B5094B0D46DB6983F8B8
:101E60007C20FFF78BFE044608B100F00DFC2A46EB
:101E7000002101201EF0E8F81EF005F9204638BDCB
:101E8000280B0020034A136823F40043136000F07A
:101E9000D1BD00BF280B00207FB52D4E0446F5694B
:101EA000102295F87C300021022B14BF0223082356
:101EB000684685F87C301CF0DDFE237A002B3DD08F
:101EC00001238DF8043063680293A37A53B195F827
:101ED0007D0004F01BFD029B028813440293012342
:101EE0008DF80D30637A207B8DF80E30FFF746FEBB
:101EF0000546C0B9E07A1EF0C9F86A460346717912
:101F0000306927F08DFC054668B9F369227AB3F889
:101F10007A10E37A01F001019AB11A4601201EF00D
:101F200093F81EF0B0F8F269936F23F4803393674F
:101F300015B1284600F0A8FB04B070BD23680093DB
:101F4000C1E70A46206801211EF07FF8E9E700BFDB
:101F5000280B0020F0B51B4B87B0DD6995F86C406D
:101F600004EBC404A600AF5905EB840417B1204666
:101F700007B0F0BD1A79A7736273032101AA18692B
:101F8000A76027F019FDA8512046039A049B10363C
:101F9000AA513544BDF808209DF804106B60BDF8C7
:101FA00006300729A3EB0203638308BFA3682283DB
:101FB00008BF43F00103A783276208BFA36007B0EF
:101FC000F0BD00BF280B002083689B0700D5704739
:101FD00030B5154D87B0044601686A46286927F078
:101FE000EDFC50B9238B628B694613440333286997
:101FF000ADF8043027F0E4FC08B107B030BD009B19
:102000009DF90E00636000F005FD2073EB699DF8FB
:10201000111093F87D0004F06DFCA368A07343F0E9
:102020000203A36007B030BD280B0020F8B54FF6BF
:10203000FF741E46A142038BB0F81AC008BF818B03
:102040009C4418BF81836145054636DA4FF6FF7020
:102050008242ACEB010C02D09445A8BF94468B425F
:102060001FFA8CF407D80027A74216D3AB8B38464B
:102070003B44AB83F8BD5B1AA342A8BF23462A6941
:10208000304611449AB217461DF027FD80B2B8427F
:1020900018D1298BA7420B46E8D23046C91AE61B55
:1020A0006B69B6B2324613FA81F11DF016FD80B2AB
:1020B000361AB6B226B92746D8E700273846F8BD03
:1020C000384480B20746AB8B1844A8833846F8BD25
:1020D000F8B524260F4FFC6994F86D3006FB0344D5
:1020E00021461DF0EEFF054629F068FE0022F96941
:1020F000226291F86D305E438A5103220133B3FBB3
:10210000F2F202EB42029B1A81F86D3029F051FE87
:102110002846F8BD280B00202421044BDB6993F8E6
:102120006C2001FB02311DF0CCBF00BF280B00204A
:1021300010B5094CE369986F10F400700AD020695B
:1021400027F056FC30B90121206927F04FFC80F0C0
:102150000100C0B210BD00BF280B0020044BDA699B
:10216000926F920503D50021186927F03FBC704794
:10217000280B002010B5154CE36993F87C30012B37
:1021800008D00022114610461DF05EFF0122E369CF
:1021900083F87C2001220321206927F038FB0022EC
:1021A0000121206927F00EFCFFF7D8FF00201DF069
:1021B00071FF1DF071FF00201DF06FFFE269936F4A
:1021C00023F4847343F4C043936710BD280B0020AD
:1021D00010B529F0F3FD0446FFF7CCFF074B56205E
:1021E000DA69B2F876300133A2F8763004F0E0FC18
:1021F0002046BDE8104029F0DCBD00BF280B0020C0
:1022000010B5114CE269936F190704D523F0080348
:102210009367FFF7DDFFE269936FD80604D523F0DB
:1022200010039367FFF72AFDE269936F990609D5BA
:1022300023F02003936705F043F918B1BDE810407F
:10224000FFF7C6BF10BD00BF280B002008B5FFF781
:1022500091FF00F0EFFB094A1368D16923F40043B2
:10226000136053690022501C23B981F86E2081F855
:102270006F3008BD02461B68F5E700BF280B002041
:10228000014B186927F0C4BB280B0020002208B5B9
:10229000104611461DF0D8FE034B18690EF07CFA6B
:1022A0001DF0F7FE08BD00BF280B0020024B587838
:1022B000C0F38000704700BF280B002038B5154CD4
:1022C0000546E36993F87D3083420ED0431E042B0C
:1022D00008D8DFE803F0030B0F14160020690EF096
:1022E0008DFE10B9E36983F87D5038BD20691DF07B
:1022F000D6FEF6E7002120691DF0D3FEF1E70221AA
:10230000F9E7FFF7D3FF0028ECD020691DF0CBFEE2
:10231000E7E700BF280B00207FB50446114E407A46
:10232000002530711DF071FE7071207AFFF7C6FF35
:10233000636869460093236830690193637A8DF876
:102340000A50ADF80830ADF80C5027F020FC2A46B2
:10235000294628461DF096FE20681DF09CFE04B01C
:1023600070BD00BF280B002038B50B4C0546236814
:10237000206923F48063236027F0B9FB38B10DB9DD
:10238000002038BD236843F480632360F8E7002D04
:10239000F6D00C20F5E700BF280B0020F0B53B4C31
:1023A0000746216889B011F0010165D1202220463D
:1023B0001CF060FC364827F03DFA064610B11020AC
:1023C00009B0F0BD334D344B01A82B6004F070FE12
:1023D000029B2046AB82019B32462B622F4B294643
:1023E0001B886B822E4B1B68EB612E4B1B882B824C
:1023F0002D4B1B68AB614FF0FF3340F8103F0EF0E0
:102400006FF90028DBD1BB68DB0237D4012000F074
:1024100047FB0028D3D102224FF0FF31206927F07B
:102420009CFA0028CBD10120FFF79EFF206927F0FE
:1024300083FB0028C3D11D4E01AD0FCE0FC596E81A
:10244000070085E80700206901A90EF053FA00286B
:10245000B5D1012120690EF0A9F90028AFD1144AA5
:10246000144920691DF0F2FD00F058FA0028A6D1A9
:10247000236843F0010323600020A1E70E4920698F
:102480000EF06CF90028C1D099E700BF280B00209E
:10249000690345ECE0460520B126010878170408D9
:1024A0007C1704087A1704088017040834130408FA
:1024B00007000308350003082E13040870B505460D
:1024C0000E4614460AB11DF0DFFD0448234632468D
:1024D0002946BDE87040006927F06CBA280B00203F
:1024E000F8B505460E46FFF735FD2F680446CFB90F
:1024F000638B008B18440A3080B2FFF731FC03462F
:10250000286000B382790C321344A2681A71618B7F
:10251000228BDF710A441A810D4A0A2112799A71BD
:102520001CF084FF4FF6FF712B68B2B22046FFF714
:102530007DFD074A5369D1690022501C23B981F8F7
:102540006E2081F86F30F8BD02461B68F5E700BFCA
:10255000280B0020242238B505460B4BDC6994F883
:102560006C3002FB03442046FFF72EFDAA790C32A3
:10257000AB18197941F0020119716168A950227BE9
:102580005A71A27BDA7138BD280B0020024BDB693F
:1025900093F87D00704700BF280B0020044BDA69D8
:1025A000936F034393674FF000601FF08DBF00BF30
:1025B000280B002038B501F0B5FE324C28B3857DDC
:1025C00025BBE36993F87C20022A10D1B3F872206E
:1025D00053200132A3F8722004F0EAFA01201DF022
:1025E0005CFD2421E26992F86C304B43D550E269DE
:1025F00092F86E3092F86F209B1ADBB2032B40D812
:10260000BDE838401020FFF7C9BFFF25284604F079
:1026100017FA002831D0E36993F87C20022AE6D12A
:10262000B3F8722053200132A3F8722004F0C0FAEC
:1026300001201DF032FD23681D0407D5E36993F8DE
:102640007C30012B02D0522004F0B2FA2422E1693E
:1026500091F86C305A4388188068C0F380054007B1
:1026600041BF03220133B3FBF2F202EB420246BF49
:102670009B1A81F86C308D50B9E7322004F098FA3B
:10268000B5E738BD280B002038B5054629F08DFB8D
:102690000446064B0820DB6983F87E50FFF77EFF77
:1026A0002046BDE8384029F07BBB00BF280B002046
:1026B000F8B515461C460646194610461DF0E8FCBE
:1026C0002A46234630461DF044FD4E4ED6E90223ED
:1026D00000EA020401EA03050D2C75F100034DD256
:1026E0000D2C75F1000318D3474B23402BB124F078
:1026F000011323F4A0432B4376D004F17F432B43F3
:1027000065D0610152D5F369996FCA054ED521F4A0
:10271000807193F87C20996726E00C2CE4D801A303
:1027200053F824F07B270108E9260108E92601086F
:10273000E9260108C9270108E9260108E926010858
:10274000E92601085F270108E9260108E9260108B2
:10275000E92601085927010800201DF09EFCFFF71B
:1027600029FFF36993F87C20082A04BF022283F82A
:102770007C20204629461DF06AFCF8BDA4F5804364
:10278000083B2B43B0D1FFF715FFF36993F87C208A
:10279000022AE9D140F60201986F814318BF012255
:1027A000552083F87C2004F003FADAE729F0FDFADB
:1027B00064220746F369082083F87E20FFF7EEFEC7
:1027C000384629F0EDFACCE71DF068FCC9E7F2695C
:1027D0005120B2F870300133A2F8703004F0E8F9FB
:1027E00001201DF05AFCBCE7F36993F87C20012A14
:1027F000BFD040F60202996F8A4314BF0122022221
:10280000CEE700BF280B00200150010030B50C4678
:102810000021054685B009480091006903AB0DF120
:102820000E02F7F7CFFF15B1BDF80E302B8014B1B3
:10283000BDF80C30238005B030BD00BF280B002050
:1028400013B504460DF106010020FFF7DFFFBDF9C7
:102850000600074BC828A8BFC820A042A8BF204632
:10286000B3F904209042B8BF1046588002B010BDA2
:10287000E8BD062070B586B0ADF80C20ADF80E307E
:102880004FF0C8124FF08213ADF80800ADF80A10EF
:1028900000200DF10601CDE90423FFF7B7FF02A8E0
:1028A00004220346BDF9066004ACB0F9001034F907
:1028B000025BB142A8BF3146A942A8BF2946013AEE
:1028C00012F0FF0220F8021BEFD103CB034AC2F83B
:1028D0000600C2F80A1006B070BD00BFE8BD0620B1
:1028E00013B5044600210DF10600FFF78FFFBDF977
:1028F0000600084A084B9042B8BF1046A042B8BF35
:102900002046B3F902209042A8BF1046988002B03A
:1029100010BD00BFD4FEFFFFE8BD062038B5144B44
:102920000021186919F0D4FE0446E8B947F6FF7390
:1029300010498D1E086048608860881C21F8023CA0
:10294000FFF764FFB5F90420B5F902309A420DDCB7
:10295000C820FFF775FF0848FFF7C2FF64231A4637
:1029600019461846FFF786FF204638BD1024FBE7BE
:10297000280B0020EABD0620D4FEFFFF084B10B54F
:10298000B3F9024030B903EB4103B3F904309C4280
:10299000A8BF1C46A242A8BF2246104610BD00BFD9
:1029A000E8BD06200346044AB2F904001BB1034BFC
:1029B0001B8BC01A00B27047E8BD0620280B002010
:1029C000C82838B50EDC084B084D1A8B801AB5F9AB
:1029D000002004B2A24205D0214618690EF026F963
:1029E00000B92C8038BD00BF280B0020E8BD0620B0
:1029F0008BB200294FF00A01B4BF053B05339BB2EF
:102A00001BB293FBF1F3024A10835383704700BF5C
:102A1000280B0020024B5B8BC01A40B2704700BFEE
:102A2000280B0020024B1B8BC01A00B2704700BF5E
:102A3000280B00200022044BDB691A605A629A645A
:102A4000A3F86C20704700BF280B00200A4B418B75
:102A5000DA6992F86E3092F86F209B1A5BB203EB42
:102A6000031203EB8203028B50180A30834234BFF7
:102A700000200120704700BF280B0020074B418B2E
:102A8000DA69038B0B4445214E33B3FBF1F392F823
:102A90006F100B4482F86F30704700BF280B002086
:102AA00007B50A490A4AD1E90203024343F0200369
:102AB000C1E90223CDE900234FF0FF324FF0FF338D
:102AC000086926F01DFF03B05DF804FB280B002009
:102AD0000DD50155014B1870704700BF9FC60620E9
:102AE000054A08B59268824205D0427942F0030255
:102AF00042710DF0B1F808BD0447052010B5074834
:102B00001CF0C4FC054B1C46181D1CF0BFFC04F156
:102B10000800BDE810401CF0B9BC00BF0447052008
:102B200010B502201CF07EFE034C606002201CF0F9
:102B300079FEA06010BD00BF0447052008B5FFF76F
:102B4000DDFF0022024BDA60BDE80840FFF7E8BF76
:102B500004470520014B5868704700BF0447052013
:102B6000014B9868704700BF0447052038B5104DE9
:102B7000EB681BB1EB6898470023EB602B688BB1C7
:102B80000B481CF0A2FC044660B12B681BB14FF04F
:102B900000401FF099FC20461DF00AFB18B12046AA
:102BA0001DF008FB38BD204621F024F9FAE700BFEC
:102BB0000447052010B5084CE0604FF000401FF0BE
:102BC00083FC00BF00BF00BF00BFE3681BB1E36828
:102BD00098470023E36010BD0447052038B582798B
:102BE00043790244527B044612F0300F06BF23F0B3
:102BF000020343F0010303F0FC03437129F0DEF804
:102C00000546214605481CF032FD4FF000401FF0FC
:102C10005BFC2846BDE8384029F0CBB804470520C6
:102C20002DE9F041244E00217468FE20A57901F0C1
:102C300049FD074600F02AFA50B141F20C00C2B239
:102C40000023B06842F20501BDE8F0411DF0FCBA76
:102C500000F042FA0028F0D10C352C44237AE51C10
:102C60009B09022BE9D0012B18D9237AA11C03F070
:102C70003F02073443F0C00311F8010F8C4242EACF
:102C8000000203EA0003F7D1002AD6D0FF2BD4D0EC
:102C900057B928461FF0C0FB0020D0E729461FF097
:102CA000CEFB0028E1D0C8E7294638461EF0F2F8EE
:102CB0000028EED0C3E700BF04470520F0B5184E4A
:102CC00085B07568AB790C331D4404F0E1F8B5F8B4
:102CD0000920B5F807108A421FD8032A1DD90329F5
:102CE0001BD96F79CFB1C04360F0050010EA07042B
:102CF00013D1EB78A879CDE901742C79009400F018
:102D000065F900280CBF0C22002242F24101B06894
:102D100005B0BDE8F0401DF0CDBA1122F5E700BFC7
:102D20000447052010B50D4C626893790C331A44A2
:102D30001179D078003918BF01210038B2F8073076
:102D400018BF0120B2F8052000F0CEF942F242018E
:102D50000246A068BDE810401DF0ACBA044705204B
:102D600010B5084C6068837918440F3003F048FFB1
:102D70000023A0681A46BDE810404FF628411DF018
:102D800063BA00BF04470520F8B507460D4616464E
:102D90001C4623B901201CF045FD0446C8B106229B
:102DA0000C2120461DF06BFA691EC9B2032988BFA9
:102DB0000022A37998BF074A03F10C0398BF525C25
:102DC000234420469F80DE70DA719A71FFF788FEF7
:102DD0000120F8BD50130408F8B5FFF7BBFE837956
:102DE0001844B0F80F60B0B202F060FC0446C0B105
:102DF0001FF020F80138C0B2032814D800270B4B6D
:102E00001C5CFFF7ADFE054604233A4642F2300152
:102E10001DF01AFAAB790C33E818C68004724472BC
:102E2000F8BD0227EDE700242746EAE7501304081F
:102E30002DE9F0411D46134307460C461646BDF8E2
:102E4000188006D12046BDE8F0411A4619461DF00B
:102E5000A5BB4146204621F0DAF878B12146384634
:102E60001EF05AFD40238674C574214606933846E9
:102E70004346BDE8F041024A21F0EFB8BDE8F081D9
:102E800079060308F7B50E4605461EF0D0FFB37964
:102E900000780C3333445F789B7800EA10101F40B1
:102EA00038401DF043FB044668B928461DF047FB37
:102EB00038401DF03BFB044628B928461EF0BAFFF7
:102EC00003F00EFD0446284600211EF043FE1721A4
:102ED000304621F078F8304621F066F831464470EB
:102EE0008470284621F055F8032128461EF06BFD1A
:102EF00040220346009229460020024A21F0ADF804
:102F000003B0F0BD2D06030808B581B2074820F0D4
:102F1000F0FB012001F0DAF830B9054A137D5907BA
:102F20005CBF43F00203137508BD00BF1C470520BA
:102F3000144705204FF0101370B51F4C0025A364F3
:102F40004FF4E06320460126A4F84C301B4B43F6B7
:102F5000FF71E3651A4B656240F8583F84F8606082
:102F60001DF0FAF803F094FF4FF48073A4F8523088
:102F7000144B84F85600A361134BA4F84E601A68F2
:102F800084F85150A4F8B86084F8B55025751378CA
:102F9000527829461344334104F108006375A4F8BC
:102FA000C050A4F8B65020F0A4FB294604F19400C8
:102FB000BDE8704020F09DBB1447052055555500D5
:102FC000D6BE898E250803087C4805202DE9F843E4
:102FD0002D4C9946636A0F46D90715469DF8246023
:102FE0009DF828804DD400283AD004F1240353E8FA
:102FF000003F43F0020304F1240141E80032002ABB
:10300000F3D1626A9DF8203022F4C07242EAC31202
:10301000052E626284F8546007D1FFF747F968B95A
:103020006D00ADB2BD4228BF3D4694F854309A07BA
:1030300022D413F0040F14BF03260126636A84F818
:103040006060A4F84870A4F84A5084F84C90B8F135
:10305000000F13D043F4801301206362BDE8F883AE
:1030600004F1240353E8002F194622F0020241E83C
:103070000023002BF4D1C4E70226DFE723F48013FA
:10308000EAE70020EAE700BF14470520024B93F867
:103090002400C0F3800070471447052008B5FFF7EF
:1030A000F5FFB0B10B4B586A20F0040210F001009C
:1030B0005A6203D1BDE8084000F0B0BB00F084FCC8
:1030C0001DF0B0F800F036F9BDE80840002000F02F
:1030D000C9BB08BD14470520024B586A00F0010027
:1030E000704700BF1447052070B54A4C1646636A06
:1030F00003F0010288B972B128F060FE0546606AEB
:1031000020F0010210F00400626201D100F086FBA1
:10311000284628F04EFE002070BD002AFBD19B07F8
:1031200004D5236B03B3012000F0E2F994F84C308E
:1031300003F0FD03012B1FD028F040FE05460EB31F
:1031400004F1240353E8003F43F4804304F12401D5
:1031500041E80032002AF3D1FFF792F842F21073EF
:1031600003FB0600606319E002201CF05BFB206398
:103170000028D8D10720CFE71FF07AF90028DBD14B
:103180001220C9E704F1240353E8003F23F48043ED
:1031900004F1240141E80032002AF3D104F12403B0
:1031A00053E8003F43F0010304F1240141E80032F9
:1031B000002AF3D1636A13F00403A9D140F271220B
:1031C000E363B4F84A30E260023B534323611CF0EE
:1031D0001AFF0323B0FBF3F303EB4303C31A2533B6
:1031E00084F8613000F0B2F8FFF74AF860602064BC
:1031F000B4F8C000002808BFF520FFF785FE064B95
:1032000004481A681378527813445B1063751DF0F4
:103210000AFC7DE7144705207C480520F0B5244CC6
:1032200087B0A06A00B3E76ABE7902F057FA0C369D
:10323000BA5DBD190223FF26CDE9043695F8233087
:1032400000215B090393AB8BD20902936B8B80B295
:1032500001932B8B009305F1080320F066FCA06A14
:1032600002F0E6FC0023A362E06AFEF787F8002381
:10327000E362636A23F00402D907626208D594F816
:103280005450052D06D1FFF711F818B184F860509D
:1032900007B0F0BD94F854309A0707D413F0040F28
:1032A00014BF0323012384F86030F1E70223FAE717
:1032B0001447052013B5154C28F080FD236A0193AF
:1032C0000023236228F075FD019BA3B9636A1A04E9
:1032D00006D51DF018F8A0B1636A23F400436362B9
:1032E000636A1B0305D5FFF799FF636A23F4002384
:1032F000636202B010BD01A81CF0E7F81DF079F878
:10330000E2E74FF080401FF0DFF8E9E714470520BF
:1033100001238340DB43064901F1240252E8002FD8
:103320001A4001F1240C4CE800200028F4D1704729
:1033300014470520044A4FF08040536A43F40023A9
:1033400053621FF0C1B800BF1447052038B5FFF71E
:10335000C3FE184D044608B195F85440FFF796FE99
:1033600010B195F855301C4304F00504052C0DD11F
:10337000FEF79CFF50B995F86030012B03D1032371
:1033800085F8603038BD012385F8603095F86130EC
:1033900095F84D10253BDBB20133DBB2032B28BF80
:1033A000002341FA03F2D207F6D5253385F86130C0
:1033B000E8E700BF1447052008B5FEF761FF054A9E
:1033C000516C50640B1A002BBFBFD36B5B1A1B18D8
:1033D000D36308BD1447052040F271232DE9F04165
:1033E000414C0E46E36018B1237D43F0080323757A
:1033F00040F27125FEF744FFB4F84870216C7D431C
:103400006B181B1AA3F59672A7B1AA4212DD8D4262
:1034100010D86FF496721344B3FBF5F3B1FBF5F2D9
:10342000934228BF134605FB1311A5F59672121A95
:1034300021640A4440F2712CB4F84A30D4F83C803C
:103440001F1F0CFB03F3E1682089984508440CFB1F
:1034500007F72CBF0021A3EB080116B10E1E18BF01
:103460000126B84500D316B1904200DAF1B9227DA9
:10347000A3F5E17322F0080223612275FFF766FFCE
:10348000236CB8451D444FF0000365602564E36379
:10349000164D18D2FFF7FAFD2B6810B3DA79197BB5
:1034A000637D5B1A934218DA627507E0237D9142CF
:1034B000D4BF2161226143F0080323750A48BDE8A7
:1034C000F0411DF0B0BAFFF7E1FD2B6838B19A79F1
:1034D0001B7B617D0B449342E6DC6375EEE71A7853
:1034E000F6E75A78DBE700BF144705207C48052043
:1034F00038B505460D4C80B10320FFF709FF0023C6
:1035000084F851300123A4F84E300420FFF700FF67
:10351000BDE838401020FFF7FBBE0520FFF7F8FE9E
:10352000012384F8B550A4F8B830EEE7144705201D
:10353000324B70B55A6A0D4631B316075CD503F1AC
:10354000510603F14E0498B3D10624D52288012AEE
:1035500021D9520804202280FFF7DAFE1020FFF75D
:10356000D7FE23880BB9012323801CF04CFD238850
:10357000B0FBF3F202FB13003070002D3AD00320B1
:10358000BDE87040FFF7C4BE940635D503F1B5061B
:1035900003F1B804D7E703F1240252E8002F42F008
:1035A000100203F1240040E800210029F3D1D5E7FF
:1035B000D20312D52288B3F8521091420DD952008D
:1035C00092B22280B3F852301020934228BF1346A3
:1035D0002380FFF79DFE0420C1E703F1240252E897
:1035E000002F42F4803203F1240040E8002100293A
:1035F000F3D1F0E70520C3E770BD00BF14470520F5
:1036000070B58AB005466B464D4AAC791068516872
:10361000127A03C30C3408201A702C4403F0ACFB5C
:1036200020B101222846A11D1BF00CFF0021A37927
:103630000DF121008DF80F30A37ACDF8211003F0A1
:103640000F0303F128026A4412F8282C8180ADF898
:1036500010208DF82010062B12D8DFE803F0045953
:10366000111168115500374A02F1240353E8003F55
:1036700043F4005302F1240040E800310029F3D163
:10368000A37A0DF11301C3F380138DF81230E368B0
:103690000DF11200CDF81330238A09AEADF81730C2
:1036A00000231A461CF09CFDE3791C218DF819308B
:1036B0004FF47F43ADF81A307F238DF81C306379C7
:1036C00028468DF81D300023ADF81E30AB7903ACD1
:1036D0001233AB711BF024FFAB792B440C33224621
:1036E00003CAB24218605960144603F10803F6D1C8
:1036F00010682946186014481BF0B9FF4FF080404D
:103700001EF0E2FE0AB070BD0D20FFF701FEB7E724
:10371000D4F81230CDF82130E38A8380EB79063B70
:10372000EB71A37AC3F3C0138DF82030A8E7054BE3
:103730005B6A9B0444BF42F00102ADF810209FE792
:1037400024EC0308144705203447052070B583791D
:103750000C33C4182379DA0702D44FF0FF3070BD60
:10376000A37A03F00F05082DF7D8062D01D92846B6
:10377000F5E7E27A911F1F29EFD8012D1FD10C2AFE
:10378000EBD1244E736A13F0060F01D1DB05EED4A2
:103790001CF033FD20B91CF027FD0028E7D1DCE741
:1037A000A37A96F84C20C3F3C010B2EBD31FD4D148
:1037B00004F1120100F001001EF041FEEDE7042DBE
:1037C000D5D11449144A486A0240002AC5D0096B71
:1037D0000029CCD08A79C3F380130C3288188A5C14
:1037E000B3EBD21F13D104F10C01062208301BF0F9
:1037F00018FAB0FA80F464091CF0FFFC0028B6D176
:10380000002CB4D11CF0E7FC0028B0DBA5E70024B5
:10381000F2E700BF144705200800040038B50E4D3C
:10382000044600F0D1F8286B18B1FDF7A7FD00237E
:103830002B631CF0F7FC094804F008FAEB6A0BB1A3
:10384000FFF778FD044884F001011DF0F8F8BDE8A9
:10385000384003481BF01ABE144705201C470520BA
:103860003447052038B51C4C0546237D23F008035A
:10387000237500F0A9F8B4F8C0302BB9A36813F48D
:10388000601F08BFA4F8C030134800211DF0D7F80E
:10389000124B606AA361430406D485F00100002145
:1038A000BDE83840FFF798BD626B6168521A002A84
:1038B000F3DA20F0010242F4004210F004006262E8
:1038C00001D1FFF7ABFF4FF080401EF0FDFDFFF789
:1038D000DDFB0028E1D138BD144705202508030889
:1038E0002DE9F04F4FF0000B304C8BB0E66AA36A25
:1038F000B779C4E90ABB0C37F51901936B6A904696
:10390000824689460393FEF735FCF35D05F108070F
:103910003946C3F3C01308A88DF820301CF075FC9D
:10392000FF238DF8213094F8253001A8C3F38003DC
:103930000E358DF822308DF808B0049507978DF874
:1039400023A08DF824908DF8258002F0DFF9304611
:10395000FDF714FD636A23F02402D907626205D4DF
:103960000120FFF75BFF0BB0BDE8F08F104B94F820
:1039700054501A68052D1378527813444FEA6303A4
:10398000637502D1FEF792FC40B994F854309A075F
:103990000AD413F0040F14BF03250125012084F875
:1039A0006050FFF75FFFDEE70225F7E714470520C9
:1039B0007C480520034B5B6A13F0060F0CBFE22026
:1039C000F12070471447052008B500F0ABFC054B0B
:1039D000834206D1FEF7CEFBBDE80840002003F08D
:1039E00015B808BD1447052070B51E4C1E4803F0DD
:1039F0000DF894F8603094F861200021C8201FF081
:103A000028FA014604F158001CF0A6FB04F1580006
:103A10001EF0B3FE0022114610461CF033FB666810
:103A20006664FEF72DFC0246FFF7C4FFB61AB6F532
:103A3000FA6F05460BDC00F031FB627DA0F5E17109
:103A400028461EF0CFFEBDE87040FEF771BB6668E9
:103A500000F024FB3146A0F5E172637D28461EF09C
:103A6000A3FEF0E714470520B53D010810B5FEF7A9
:103A700081FB00F019FB40F2EE2398420FDDFFF7C7
:103A800099FF044600F00AFB084BA0F5E1715A7D4E
:103A900020461EF0A7FEBDE81040FEF749BBFFF729
:103AA0008BFCBDE8104000201CF0CABE1447052066
:103AB000F7B5104C064694F851500F462DB1002032
:103AC000013D84F8515003B0F0BD0B4B02201B6840
:103AD0005978FEF7A9F994F84C303A46CDE90053ED
:103AE00031460323206B1CF0DEFE206B03F002FD49
:103AF0000120E8E7144705207C480520094A02F127
:103B0000240353E8003F43F0080302F1240040E897
:103B100000310029F3D1044B01201B685978FEF7CE
:103B200099B900BF144705207C48052070B50A4CA0
:103B3000636A5B070DD58B790C33CD1850B9E879E2
:103B4000CE5829891EF06DFE0644A6636B7984F871
:103B5000503070BD0120F3E7144705202DE9F04FE8
:103B6000174698468F4B8BB0DD6A0491AC795B6A3F
:103B70000C342A5D014061F345122A55394603F0A1
:103B80004002064640460292C3F3801A1CF037FBFF
:103B900005EB040B0590285D0BF108031946C009DD
:103BA00003931CF02CFB029B8146002B45D100287F
:103BB00045D11CF022FB80F00103DBB252463946AE
:103BC000404603F001031EF036FE0390002800F08B
:103BD0008580029B002B34D1B9F1000F6CD1059B7D
:103BE000002B69D01CF0FAFA002865D0012208A940
:103BF0000DF11F001CF005FB00286FD09DF81F3051
:103C00002A5D591E4B424B41B3EBD21F66D10622AF
:103C100008A90BF108001BF004F800285ED13B68EE
:103C2000CBF80830BB88ABF80C302B5D68F3C713BA
:103C30002B554FF0000AD1461AE00123BEE7029B44
:103C4000BCE7584B5B6A98051CD44FF0000915F887
:103C500004A048461CF0DAFA3B68CAF3801ACBF895
:103C60000830BB88ABF80C302B5D68F3C7132B55BD
:103C70004C4F002E38D197F8B530ABB3013B87F8E5
:103C8000B5302BE01CF0A7FA0028DEDB002211463D
:103C900010461CF0B0FA15F804A081460028D8D0D0
:103CA000002302211A460BEB01001CF0D2FD2B5D14
:103CB00060F386132B55CCE708F1FF32D2F10008F0
:103CC0002B5D48EB0208B8EBD31F07D1062239461B
:103CD0000BF108001AF0A5FF0028AAD000230393D7
:103CE00003980BB0BDE8F08FFEF7CAFAFB6A00F14B
:103CF00096019A790BF10E0013441A6B9DF850301F
:103D000000961CF008FE284B07461B68002E3DD18C
:103D100002205978DFF88C80FEF786F8D8F82C005E
:103D200003F0E8FBD8F82C309A7913441F6386B36C
:103D30001E4802F06BFE049AD8F8243072B343F4A4
:103D40008063C8F82430029B8BB986B92B5D32465C
:103D5000C3F3C0130BF1080108A88DF820301CF044
:103D600050FA2B5D9DF8202062F3C7132B55B9F153
:103D7000000FB5D0002351461A460BF102001CF08B
:103D800068FD2B5D60F386132B55A9E70020D979D8
:103D9000C0E700F0C7FA064B8361CCE723F48063E9
:103DA000CFE700BF144705207C480520793F010874
:103DB0002302030853282DE9FF4718D005D85128BE
:103DC00000F0CE8004B0BDE8F087A0F15503012BD0
:103DD000F8D8553818BF01200121FFF7A9FBFFF7DC
:103DE000EBFA002004B0BDE8F0471CF029BD002428
:103DF00002A84FF0FF310294FEF772FB02985C4D6F
:103E000068B1FFF7A3FC0828064605D8594B13F8FC
:103E1000009019F0080F09D102A8FDF765FF6B6A41
:103E200013F0060F1FD0FFF721FE1CE0072821D159
:103E30006A6A12F48012EFD1284602991CF0E8F960
:103E40000028ECD01CF0EFF968B1FFF7B5FA40F2AA
:103E50007122B5F84A305343EA6B9A4203D20121EA
:103E60000846FFF7B9FA0121084604B0BDE8F0475B
:103E7000FFF75EBB029B039300F016F96B6A0746DF
:103E800013F004035ED019F002035BD0A0F56E734B
:103E9000002B0EDD0120039A93790C331A44917A9A
:103EA0000090C1F380130C32C1F34011FFF756FEAE
:103EB00004460398FEF74EFB03990120FFF736FEF8
:103EC0006A6AD10748D5039902F080088B790C33D0
:103ED00001EB030A1CF091F980F001039AF80A0043
:103EE000DBB24FEAD8120AF10C01C0F380101EF0C9
:103EF000A2FC48B3C4B96B6A9A0736D519F0010F12
:103F000017D003981CF0BBFD70B1A7F21657002F15
:103F10000ADD039883790C331844817A0C30C1F39D
:103F20008011FFF7C5FD0446042E02D16B6A9B0782
:103F300012D519F0040F0FD00398FFF761FB002C86
:103F400091D16CE71C46B4E7B8F1000F04D14146AB
:103F50001CF059F90028CDD003A8FDF7C5FEEEE707
:103F600004B0BDE8F047FFF7C9BD042EE1D1F3E787
:103F70001447052054130408512808B50BD10848EC
:103F800002F044FD0122074B104693F95010BDE8A2
:103F90000840FFF7A5BCBDE80840FFF70BBF00BF16
:103FA000B53D01081447052010B5074C2368DA0613
:103FB00007D523F01003236018B90220A1681CF074
:103FC00047F80023A36010BDD8470520F8B50023AB
:103FD000027D0446950703600CD550F8081FC90CF4
:103FE00001F4FC7141F005011FF089FB227D02F014
:103FF000FD022275A0681CF0E9FC0546100703D5F8
:10400000FEF73EF928446060194F62683E4656F854
:10401000041FAD1A79B921603460BB68E3B1607DDB
:10402000597D884219D2217D09070FD5BDE8F84096
:104030000020FFF7B9BF88681CF0C8FC4B682B4410
:104040001B1A002BE7DA0E460968E3E759681B697B
:104050000B449B1A002BE9DAF8BDD3E901101CF0E0
:10406000B5FCE3681A44521AC242F5D5DEE700BF38
:10407000D8470520014610B5044603201BF0E8FF91
:10408000054B1B68D90305D4237D5A075CBF43F059
:104090000203237510BD00BFD8470520014BD86827
:1040A000DC387047D8470520034B10B5DC68FEF7B5
:1040B000E7F8DC3C201A10BDD84705201822002163
:1040C00001481AF0D7BD00BFD8470520034B1B6835
:1040D00003EA0040003818BF01207047D847052088
:1040E00030B5B8B14468ACB1104D2B691A4692B9DD
:1040F00043B19A688A1A41BF5242B2FBF4F202FB02
:10410000044409190A4C81604BB9036020602B7D7F
:1041100001332B7530BD8242FCD01268E7E79A6804
:10412000521A002AF1DA1C461B68EDE7D847052031
:10413000E847052040B1436833B1084B1A7D013A86
:104140001A7553F8102F02B970471A68904202D1BD
:1041500002681A60704713461268F4E7D8470520D2
:1041600038B50446094D0846AB68A34201D1FFF7B4
:104170001BFF6A68064B22B11A68A24202D122686C
:104180001A6038BD13461268F5E700BFD84705200E
:10419000DC4705202DE9F3475C4E33685A0700F1F0
:1041A000B280B368002B40F0AE8056E8003F43F089
:1041B000040346E80032002AF7D17468B4B1FEF770
:1041C0005FF801AA07460146204625691CF006FC57
:1041D00008B9204621E0019BA5EB03082568ADB98D
:1041E000636808F1DC084344C6E9024356E8003F2F
:1041F00023F0040346E80032002AF7D1B468002C0B
:104200004DD102B0BDE8F047FEF740B83946284628
:1042100001AA1CF0E3FB18B92846FFF72BFFCCE7F7
:10422000D5E901A01CF0D2FB2B7DAAEB0000DB0737
:1042300005D4019A2B699B1AEA689B1A1844626894
:1042400002EB08031B1A002B25DD984504D9E3680F
:10425000801ADC3383421DD994F8149019F0010FB1
:104260000DD1A0681CF0B2FB2369E9681A44A2EBE7
:104270000A02E368521A121ADC339A420DDC6A7D94
:10428000637D9A4207D219F0080FA2D0D5F80C80AE
:104290002C4600E080462D68A1E78846F8E7A36831
:1042A00013F4601FC3F3C24526D1002533682146AD
:1042B00043F01003012033601BF0CAFE1DB3A36856
:1042C00004F1080513F4601F4FEAD341C3F3C2445D
:1042D00007D0013CE4B201F4FC71284621431FF0F1
:1042E0000EFA0321284603F0CBFC64B9284602B03D
:1042F000BDE8F04703F0AABC04F1080003F05EFC3F
:104300000028D2D1D2E702B0BDE8F087D847052017
:1043100008B5034B996809B11BF09AFE08BD00BFB0
:10432000D8470520014B9868704700BFD847052043
:104330000C4B70B59C68844212D1214602201BF0C0
:1043400087FED4E901601CF041FB0546FDF798FFAC
:10435000801BE84221464CBF012003201BF078FE61
:1043600070BD00BFD8470520114B70B59D682C6902
:104370002E6816B96868204470BD727D6B7D9A42C4
:104380000FD8B0681CF022FB6FF0DB036A6871681D
:104390009B1A0B4429691B1A8B42D4BFD0185018A2
:1043A000EAE730461CF067FB0028EAD13668E0E710
:1043B000D8470520014B1878704700BF0CBF062076
:1043C000437D0F4A1B01DBB282F82E3382F82F3374
:1043D00082F8313382F8303382F8323382F8333363
:1043E00082F8343382F8353382F8373382F8363343
:1043F000037E23B9037D1B01DBB282F8223C7047A8
:1044000000E100E037B5054602F0C8FC044698B963
:104410002846FFF7D5FF2B8A0DF10601ADF80430D1
:104420006B8A01A8ADF806301CF036FB0122034B65
:104430001A70204603B030BD0224FAE70CBF0620F4
:10444000982238B50546164B00211C6B2D0202FB45
:10445000004420461AF00EFC124B45F001051B6883
:1044600004F10800DB7800216375E5821FF041F953
:104470004FF0082363651323A4F858304FF60773F1
:10448000A4F86030FF23084A84F86230074B2046C6
:10449000C4E91E32C4E92232BDE838401DF0E1B85B
:1044A000F04705207C48052055555500D6BE898E1D
:1044B00010B50A4B98241A6B93F834000023803A05
:1044C000D9B2884201D8002010BD013304FB03F1AA
:1044D00051580029F4D00120F6E700BFF04705202D
:1044E000034B1B6BC01A034BC0105843C0B270473C
:1044F000F04705201BCA6B28F8B580F85E20002223
:104500001E1E0D460CBF4FF48C718C2180F85F206D
:10451000026A00F1080722F480720262C26804464F
:10452000026101F2631138461FF0E3F80120FFF742
:10453000CDFD28B9237D5A075CBF43F002032375E4
:10454000A1683846C1F3C84141F0A0011FF0D7F877
:104550005DB140F27123B4F85620C2EB05125A4304
:10456000236A626243F4807323621EB1236A43F4B8
:10457000002323620C4B1B68DB78637527F01EFC5D
:10458000237D064643F00803237525B1FDF778FE29
:10459000636A0344636220461CF045FA304627F004
:1045A00008FC0020F8BD00BF7C480520F8B51F4678
:1045B00083690446164613B1C9B1002515E00029E8
:1045C000FBD01CF080FC054678B9B4F858309B0746
:1045D00010D5E36B73B91BF025F9E06350B9294698
:1045E00020461CF0D3FF41F207052846F8BD1CF019
:1045F000CDFFE2E7044B3A46A36131460123204652
:10460000FFF77AFFD9E700BFE552010838B5044645
:1046100000284CD0083003F019FB0025FF2304F1DB
:10462000380084F86130A5611AF030FF04F14000D1
:104630001AF02CFF04F134001AF028FF04F12C00CA
:104640001AF024FF04F13C001AF020FF04F13000BE
:104650001AF01CFF04F144001AF018FF154B186BF8
:10466000154B201AC0105843C0B21BF002FD014682
:1046700028461BF0F9FCA06C10B101F0D9FAA56432
:10468000E06C18B11BF08EFD0023E364206D1BF07D
:10469000D9FD00232365FFF70BFF08B1002038BDCB
:1046A00006481AF0F3FE06481AF0F0FEF6E741F26B
:1046B0004200F4E7F04705201BCA6B281448052088
:1046C00018480520F0B5104B02461E6B93F834C015
:1046D00035464FF0FF3400239C4508DC91B1631C44
:1046E00010D0982303FB046080F86120F0BD95F89A
:1046F000617028469742F9D0FF2F08BF1C469835B5
:104700000133E9E70020F1E7F0470520014BD86AC3
:10471000704700BFF047052070B500249826074D6C
:1047200095F83430A34201DC002070BD286B06FBF5
:104730000400FFF76BFF0134F2E700BFF0470520EC
:1047400038B50A4DFFF7E8FFEB6A13B100221A6093
:10475000DA801EF0DAFF002495F83430A34200DC42
:1047600038BD2046FFF76CFE0134F5E7F047052021
:10477000F8B5054600249827074E96F83420E3B292
:104780009A4201D80020F8BD306B297807FB03005E
:104790001CF0B5FB0134F0E7F047052070B52D4C57
:1047A0000646E06A18B1FCF7E9FD0023E362002544
:1047B00029481AF06BFEA562FFF7C2FF28461BF0DE
:1047C0005CFC7EB90025032084F834602563E5860F
:1047D000FCF79AFFAE4217DC94F834001BF04DFC56
:1047E00030B970BD02201BF01DF8E0620028E9D14D
:1047F0000025E06A84F83450256338BB00201BF0A4
:104800003CFC41F20700ECE706EBC60106EB410178
:10481000C9002B460122032089B2FCF731FF05466F
:104820000028E5D10320FCF799FF20630028DFD0A2
:104830009822294672431AF01DFA94F83430AB429C
:10484000CADD2846FFF7FCFD0135F6E7FCF796FDCB
:10485000E562D3E7F0470520184805202DE9F0432D
:1048600000268BB0DFF8E08008AF98F83430B34210
:1048700002DC0BB0BDE8F0839823D8F8304003FB8E
:10488000064494F86130FF2B0DD0236A980306D5B7
:1048900004F1440948461AF080FE054628B9226A08
:1048A00012F4A02F1DD10136DFE7AB7939460C3366
:1048B0002B44D8689A7A1B8AC2F38012BB800023EB
:1048C0008DF81F2038601A460DF11F001BF088FC80
:1048D0003B4628469DF81F2094F861101BF020FDF0
:1048E000D8E7B4F8583003F01D031D2B17D13C2333
:1048F000FF210020CDE90431CDE902000121CDE9FD
:10490000000004F16903C2F380021FF00EF9A8B998
:104910004FF080500BB0BDE8F04302F01DBA12F426
:10492000803F08BF3C214FF0000218BF432194F89C
:104930005F3094F861001EF098FFE8E7236A23F4E3
:10494000A0232362AFE700BFF04705202DE9F74F12
:1049500099465A4B88461B681646019305469DF8B2
:1049600030B00D9CFFF7BCFD1BF083FB98F8007086
:1049700082461EBB00260021384602F085FFC7F3A1
:104980008002C2EBC202024493B216FA82F2FF2AFC
:104990001CD9C3F1FC039EB247F010071BF033FB98
:1049A0002523B0FBF3F202FB13010020C9B203F090
:1049B0001BF84FF0010985F891000CE030461AF021
:1049C000F4FD4845D6D9A0EB0906D4E7FB06B6B2FC
:1049D000C7F30019E2D4BBF1000F01D095F858B02D
:1049E00000235A46394620461DF073FF20461DF02D
:1049F000A5FF294620461DF0AEFF514620461DF07A
:104A0000D3FF204605F173011EF029F8B9F1000F1C
:104A100048D095F8902095F89110204602F00AFFB2
:104A2000294620461EF02AF890B1019B6968DB6890
:104A3000E2791944A379286DD21A0C3353FA82F221
:104A40002244A0B31BF0F6FB014620461AF0EEFC10
:104A5000B9F1000F2FD0B5F9941020461EF011F8CF
:104A6000514620461DF0E2FF294620461EF006F87A
:104A700020B1286D10B121461BF0DFFB31462046E6
:104A80001EF013F8B9F1000F06D028461CF082FA88
:104A90000146204602F016FF304688F8007003B049
:104AA000BDE8F08F95F8802095F88110B5E7E86CA7
:104AB0001BF071FBC8E7B5F98410CEE7C0480520AC
:104AC0002DE9F04F01280C468DB007D0312800F0B9
:104AD0009E810DB0BDE8F04F00F004BCDFF8E88225
:104AE00000264046B74B40F8246B1D681AF0CEFCF8
:104AF000D8F8283003B1DE80204600F0FDFA218D81
:104B00002046276A1CF078FA84F86F00204600F0EF
:104B10000BFAAB8A204643F00203AB8294F8903044
:104B200005F12409AB76FF23EB76FFF7D9FCA877D4
:104B3000B4F85A30204603F5FA73AB601CF02AFA39
:104B40002B7EAA689B09534303F59673EB6028619B
:104B500020461CF0A3FD002194F881001EF078F996
:104B60001DF0F1FC48461DF0F2FBFFF7CFFD94F875
:104B70006F10064620461CF055FA012300930023CF
:104B80004FF0000A1A468DF8200008A92046019629
:104B9000FFF7DCFEB07921460C3030441EF041F8BE
:104BA0003046C6F800A01DF0D3FCB4F85830286297
:104BB000D807C7F3405726D5236AD8F828009904A8
:104BC000C3F34032C3F3400658BF1146CDE9002677
:104BD0004FF0000248BF04F16301C3F30033CDE995
:104BE0000213114608ABCDF820A0ADF824A01EF0AA
:104BF000BFF80023D8F8280003601DF0A9FC014687
:104C000048461DF0AEFB636B214693F806A0059362
:104C10000AF10C0A03EB0A0630461EF002F82046A1
:104C2000D4F804B0D5F80C801CF0E8FA08B3059B62
:104C300013F80A3003F00F03072B1AD1B3789A0642
:104C400017D0002108AAB01C1EF001F89DF82930E9
:104C50007BB1089A206DD84402EB030A002875D076
:104C60001BF0E6FA002871D052464146206D1BF039
:104C7000E1FA206D28B31BF0DBFA10B3B37803F030
:104C80003F03012B1DD90121F07802F0FDFDB3781F
:104C90000138ADF81C003221F01C03F03F0307AAD5
:104CA0001DF0AEFE064660B10378092B09D1206DD8
:104CB00008A91BF0C1FA08AB03CBC6F80200C6F87E
:104CC0000610002F4FD02046FFF70AFC1BF0D1F949
:104CD000804600234FF0250BB4F858A00893CAF380
:104CE000800A606B08A91AF055FF064600283CD1DF
:104CF000B4F858309B0714D507A920461CF031F9A9
:104D00004FF0250A8046E06B214683790C33184426
:104D10001DF087FF0896E06B08A91AF03BFF0028FA
:104D200054D1AB8AC3F3C0032B772FB1A87F1BF0FC
:104D3000A0F98388013383802120237D43F0010380
:104D400023750DB0BDE8F04F01F0EABEE06C00281D
:104D50008FD01BF022FA00288BD052464146E06CDF
:104D60001BF019FA85E7B846B3E7089EB3790C3310
:104D70001E44BAF1000F03D0214630461DF0D3FF88
:104D80001BF041F9B0FBFBF303FB1B010020C9B290
:104D900002F02AFE014630461DF0C2FEB8F1000FB7
:104DA00008D0414630461DF0AFFF3046B8F8041039
:104DB0001DF08DFE08981DF0CBFB014648461DF006
:104DC000D0FA8EE7C0480520F0470520089EB37949
:104DD0000C331E44B8F1000F03D0304607A91DF074
:104DE000B3FE1BF010F9B0FBFAF303FB1A0100202D
:104DF000C9B202F0F9FD014630461DF091FE089857
:104E00001DF0A6FB014648461DF0ABFA83E7194B9F
:104E100008461D680B7D23F008030B7500F03CFA73
:104E200020B3154B687F1A68637DD17A28B99278D0
:104E30000B44934205DCDAB203E0D2785B1A93426A
:104E4000F9DA2046218D62751CF0BBF820B10021F3
:104E500094F891001DF0FCFF697F2046B1FA81F1C2
:104E600049090DB0BDE8F04F1CF043BC0DB0BDE8E2
:104E7000F08F00BFC04805207C4805202DE9F04395
:104E8000002685B00E6000284AD089460546CDE947
:104E90000166284602A91AF07DFE00283DD002983E
:104EA0008379034493F80E80039608F03F0808F1D5
:104EB00003070CE0A7422AD201983944E41BD0B181
:104EC00022461AF00AFEA04223D10027029803A925
:104ED0001AF06EFE0028DCD003998B79CC7903F1AF
:104EE0000C02E41AE4B21144002FE3D1002CECD000
:104EF00001980028E4D10A46234601461AF028FE0C
:104F000001900028E1D1192005B0BDE8F0833F1BD6
:104F1000DCE701A81AF0BAFAF5E7019BC9F80030FE
:104F2000002005B0BDE8F08338B50546B0F858203C
:104F30001F4BD1071C68C2F340034FEA830348BFED
:104F400043F00803A382530742BFA38A43F0100330
:104F5000A382036AD80642BFA28A42F02002A2823C
:104F6000590742BFA28A42F04002A2829A0642BF7B
:104F7000A28A42F08002A2825B0642BFA38A43F467
:104F80008073A38295F88030E37595F860001CF07B
:104F900004FC0023207663766B682360FF2323776D
:104FA000D5F86930A364B5F86D30A4F84C3038BD3D
:104FB000C048052000232DE9F347054601A80193C9
:104FC000FDF786F868B9019F97F8069009F10C097A
:104FD00007EB0906B37A03F00F03032B04D0052B6C
:104FE00010D002B0BDE8F08705F1440039461AF050
:104FF0003EFB2B6A4FF0805043F400332B621DF0D0
:1050000063FAEEE7DFF89480012241460DF10300D8
:105010001BF0F7F8AB6CA8F1100448F8103CB5F899
:1050200058308246C3F3001384F821303189F07977
:1050300057F809901DF0F5FB174B48441B68A0601A
:105040005B7906F118026B750123E260237106F1AA
:105050000C03BAF1000F14D09DF80330C4F8188087
:10506000237794F8212095F86130637701236AB99A
:10507000A37795F89030E3777379676284F82030EE
:10508000AFE7A361B37AC3F38013E9E7B27AC2F35F
:105090004012A277EFE700BF7C48052000480520BA
:1050A00037B5134605466A460C46124908684968F2
:1050B00003C295F8602008326A4412F8081CB5F85B
:1050C0005820D00607D4224628461FF0A3FE00F53C
:1050D000FA7003B030BD920704F10A044FEAC40429
:1050E0001CBF03F50C73E418E823481E584304FB67
:1050F0000100ECE75D1304082DE9F041044626F0B9
:105100005DFE236A5B4A0646134203D1BDE8F041C7
:1051100026F04FBE9F05C3F3402572D5E06A1AF012
:1051200044FA002704F13408208540461AF0AEF90D
:10513000A56BA76365634DB104F12C001AF0A6F9C5
:10514000E762236A23F40023236205E0B4F85830B1
:10515000D806C3F3001747D40027236A590560D443
:105160003D46B4F85830C3F30017DB061BD5E36A9D
:105170005BB104F134001AF089F90023E06AE362BC
:1051800060631AF012FA3D462085236B5BB104F18F
:1051900040001AF07BF90023206B236320641AF08F
:1051A00004FA3D466085236A304623F4002323F445
:1051B000C063236226F0FDFD20461CF052FA8DB13B
:1051C00094F8742094F8733002F00F0143EA01233D
:1051D000013384F8733022F00F02C3F303231A4320
:1051E00084F87420BDE8F081E36A002BB4D0404617
:1051F0001AF04CF9E06AE56260631AF0D6F920858E
:10520000ABE7A36B002BA7D004F134001AF03EF9F2
:10521000A36B04F12C00C4E90D351AF037F9E562EF
:105220008FE7206B1AF0C1F9B4F858306085DA06C0
:10523000C3F300150ED5236B002B91D004F1400071
:105240001AF024F90023206B236320641AF0ADF9CF
:10525000608586E704F13C001AF018F9236CC4E974
:105260000F35002B3FF47CAF04F130001AF00EF93B
:10527000256375E700060800064B1B68D97ADA78C3
:10528000437D5B1A9342A8BFDAB2002142751CF03D
:1052900030BA00BF7C48052070B50F4E0546B36A92
:1052A0000BB10022DA803368A3B10C4B1B685C7F22
:1052B00074B9094800F02AFD01212846AC641CF0AD
:1052C00065F90023064833601AF0E0F8204670BD07
:1052D0000124F6E70124F9E7F0470520C04805203E
:1052E0001448052003282DE9F7430C4600F01981E6
:1052F00007D8012810D0022800F0FC8003B0BDE8D8
:10530000F083312800F0FC803228F7D1084603B042
:10531000BDE8F043FFF74EBE4FF000098E4B8F48BB
:105320001E6840F8249B1AF0B1F82046FFF7FCFDF8
:1053300006F124072046FFF7DFFE1DF004F938468A
:105340001DF005F8FFF7E2F90622037BB4F8288088
:1053500003F04F03A0F806900373B4F858300546E5
:10536000103BC0F8009042730D2B31D8DFE803F0FA
:105370005C305807300C303030303030300C037B2C
:1053800023F00F032B7323E00123027B04F1690157
:1053900063F3030202730C224273206A05F11402C4
:1053A00010F0080F0CD001924FF0FF32C0F38000D4
:1053B00000921A461AF01DFF2B7B43F08003E1E7B1
:1053C000D4F869306B618B889380236A5B07F3D4D0
:1053D000B4F858202B7B05F10E0162F345132B73B3
:1053E00020461DF0F5FB2B7B697B60F386130231B1
:1053F0002B732846C9B21AF019F8B4F8583003F0E4
:105400001403142B13D0B8F1000F13D06B7B43445B
:105410006B73002342462846616B1AF0FFFA09E0DD
:10542000037B62F30303ADE70222037BF9E7B8F1E4
:10543000000FEED128461DF08BF8B38A3062580772
:1054400030D54FF00009E56BB4F82A8008212846D2
:10545000C5F80090A5F8069019F0E8FF0623297B0F
:105460006B7301F0400141F004012973204605F1FE
:105470000E011DF0ADFB2B7B60F386132B7308F13F
:1054800006036B73B8F1000F05D0D4E90F014B464A
:1054900042461AF0C3FAE06B1DF05AF8014638464E
:1054A0001CF05FFF40F27121B4F85430B4F856207C
:1054B0002046D21AE36803F59C53083301FB0233FC
:1054C00023611CF0EBF8237D2120190742BFB38A2A
:1054D00043F00103B38201F023FB236A1A037FF533
:1054E0000DAF204623F40023236203B0BDE8F04350
:1054F0001CF0B7B8084603B0BDE8F0431CF03AB85A
:105500000B7D084623F008030B75FFF7C5FE002846
:105510003FF4F4AE104B1B685B7F43B1012B7FF46B
:10552000EDAE204603B0BDE8F043FFF7A5BE0C4B3F
:10553000617D1A68D37A92780B449342D8BFDAB26D
:10554000A3696275002B3FF4D9AE0121204603B058
:10555000BDE8F0431CF0CDB8C0480520F047052059
:105560007C48052038B50446D0F8A400D0B194F8A2
:10557000305119F0C6FF81B2063128461DF051F9AD
:1055800083B240F271200849B4F87C20098C424370
:1055900041438A42B8BF0A4603F548709042B8BFFB
:1055A000104638BD0346ECE72848052030B5174BB8
:1055B000826A1B68D206597926D5828F1C79836B43
:1055C0001203B2FBF3F2631AB2FBF3F2B0F8A030AD
:1055D00003B1013BD0F8A45005B15B101B02B3FB33
:1055E000F2F35B180CD090F899200F2A08D9120911
:1055F000B3EB820FB8BF00234FEA8201A8BF5B1A4A
:105600009C42A8BF1C46E1B2417530BD7C480520D4
:1056100010B50446FEF786FEA0420AD1054B1B6872
:1056200093F8203080F83430BDE81040222001F09B
:1056300077BA10BDC04805202DE9F0411A4C064646
:105640002368A3B92EB100254FF4A478EFB2B74276
:1056500011DB0020BDE8F0812068013507FB030065
:105660001AF0FAFCA27BEBB29A42F5D8EAE70025E1
:105670004FF4A477F6E72068013508FB07001AF01D
:10568000E9FC0028E2D000254FF4A476EBB2BB423F
:1056900002D341F20700DDE7206806FB05001AF09F
:1056A000DBFC0135F2E700BF284805200A4B9A7B56
:1056B00082420ED94FF4A4721B6802FB0030836A49
:1056C0005B0707D490F8383113F0100F08BF0020A3
:1056D00070470020704700BF28480520084A094944
:1056E0001368C31AD810002B01FB00F005DB937B75
:1056F0008342D8BF4FF0FF3070474FF0FF30704704
:1057000028480520199C8FC170B504460E4626F026
:1057100055FB054604F1300252E8003F334342E8AE
:1057200000310029F8D12046FFF7D8FF01230B4AAA
:1057300003FA00F002F11C0353E8003F034302F1B7
:105740001C0444E800310029F4D14FF480701CF0AF
:10575000BBFE2846BDE8704026F02BBB284805203C
:1057600070B505460C46C2B9012620461CF093F8D8
:10577000B5F84010441C28461EF01BFD14FB06F42F
:105780000028A4B207DD844205DB84B2012C1CBFD3
:1057900004F1FF34A4B2204670BD836ADE07E3D56E
:1057A000C28F002AE0D0D906DED5DA05DCD4D0F8E5
:1057B000A430002BD8D10C4B1B6893F8213013F088
:1057C0000C0FD1D103F01202122ACDD15B06CBD53A
:1057D000FFF784FF80B21CF060F80028C4D1EE8F80
:1057E0000136B6B2C1E700BFC04805202DE9F04739
:1057F00089466D490446CB8A63B9826812F4601FFA
:105800004FEAD24301BFC3F3C40303EB830302EBAC
:105810008302CA82B9F1000F02D120461CF07AF847
:10582000B4F8A050002D40F0B280A36A082113F014
:10583000100F0CBF3E230823204684F87B3002F073
:1058400063FC2046FFF7B2FEFFF748FF86B207462B
:1058500030461CF02AF8824630461CF024F830B15D
:1058600030461CF016F8002130461CF01BF8236B64
:10587000590409D54FF4804104F130001BF0CCFFEE
:1058800000212046FFF740FFFFB24A463946204636
:10589000B4F84080FFF764FFB4F84030A4F880000B
:1058A0001844A4F840005DB120461AF092FC20464E
:1058B0001AF0D3FB2046B4F840101EF02FFB05462B
:1058C00030461BF0F2FF504510D0A36ADA070DD422
:1058D0004A4639462046A4F84080FFF741FFB4F815
:1058E0004030A4F880001844A4F84000B4F84030D8
:1058F000434502D230461BF0D4FF30461BF0CAFFAE
:10590000B4F88020B4F8A03094F874109B1AA4F86E
:10591000A03094F87330204602FB01332522B3FBFC
:10592000F2F102FB1133202184F8733002F0ECFB1A
:105930007DB3A36ADB0714D5A26BB4F88030204690
:10594000534340F2712204F14401534394F842203E
:1059500002F050FB606C85082046FFF703FE2844E8
:10596000E06040F27125A16B2046013969431BF0CC
:105970005CFFA36BB4F8802020465A436368012182
:1059800005FB02336360BDE8F0471BF069B80125F1
:1059900057E720460221FFF7B7FE29462046BDE81B
:1059A000F0471BF04CB800BF2848052008B501F0AF
:1059B0006FFAFB220F4B10F0020FDA7344F29022C1
:1059C0001A820CBF012203224107197B48BF42F013
:1059D000040262F303011973197B62F307110322B6
:1059E00019731A760421002219755A82DA61DA8253
:1059F00008BD00BF284805202DE9F843564C054650
:105A0000A06818B1FBF7BAFC0023A360EEB23046E1
:105A10001DF042FB8046002841D130461BF04EFF6E
:105A200000283CD1FFF708FE07460220FBF76CFE7A
:105A300075B105EB850105EBC101C90043460122A3
:105A4000022089B2FBF71CFE074638B141F2070776
:105A50000023C4E90033A373EFB120E002204FF428
:105A6000A479A673FBF77AFE394609FB05F220609C
:105A700019F000F92368681EF9B2814209FB01F2AE
:105A800007F101072DDB0021284699506360FFF7DD
:105A9000D3FD0028DAD130461BF0F7FE30B30025E5
:105AA00000201DF0F9FA00201BF008FF0020FFF78E
:105AB000C3FD0220FBF728FE2846C4E90055A57364
:105AC0001BF0E3FE28461AF082FB28461BF0DAFEA4
:105AD00028461AF0D0FA0220FBF716FE4FF007080E
:105AE00037E002F5A47119449950C5E730461AF021
:105AF0006EFB0028D3D128461AF0BDFA0028CED17B
:105B000030461BF0BFFE0028C9D130461BF0D0FE46
:105B100006460028C3D1002D1BDD022019F082FEAD
:105B20000221A060C68019F081FCA068314683790B
:105B3000C279D21A0C33D2B2184419F09BF8012161
:105B4000A3689A7913441A7B61F301021A73FFF771
:105B50002DFF4046BDE8F88328480520014B987B7F
:105B6000704700BF2848052030B50A4B4FF4A47594
:105B70001A689C7B002318462832D9B28C4200D880
:105B800030BD05FB03F151580133C1F34011084406
:105B9000C0B2F2E728480520F8B526F00FF9234DEA
:105BA00006466C685CB123684FF4A472002120465D
:105BB000E7696B6019F05EF82023E761A362304665
:105BC00026F0F7F884B30123237584F83031A3F16C
:105BD0000113E367EB7BAA8984F842312B8A002109
:105BE000A4F84031072384F889304FF4A473A4F853
:105BF0008A3003F1A473C4F88C3003F1CE5303F55B
:105C00009813C4F8903041F61B33A4F894301B234A
:105C100004F10800A4F8442184F896301DF069FDD1
:105C20001021204602F070FA2046F8BD28480520D1
:105C300070B504461BF0EDFE04F1080002F006F812
:105C400026F0BCF84FF4A472054600212046E66910
:105C500019F010F8064BE66153F8042F2AB92846CC
:105C60001C60BDE8704026F0A4B81B681A68F5E710
:105C7000284805202DE9F04106464FF480400F46A4
:105C800001F07AF8044630B90E4B1D6893F80E8087
:105C90007535A04502D80020BDE8F08155F84D3C8F
:105CA0005A0709D5C3F34003BB4205D10622294652
:105CB000304618F0B6FF18B1013405F5A475E8E7D1
:105CC0000B20E9E72848052010B5044610B9084B19
:105CD000198410BDA0F87C10A0F87E20FFF742FCCC
:105CE0002169E0602046BDE810401BF09EBD00BF6A
:105CF00028480520014BD873198270472848052091
:105D0000014BD87B704700BF284805202DE9F04F94
:105D1000D0E9029590F9201087B0027F029190F8A7
:105D200021100192046807798369427F90F81EA0D0
:105D300090F81F80002940F0FD80A8F1030101299F
:105D400094BF032602260393B5F808B084F89F2079
:105D50002A4652F8101BBAF1000018BF0120C4F8FF
:105D6000281104F1480101F0FBFD20461EF00AF95C
:105D700020461BF0A5FD1DF071F841460246204665
:105D80001DF099F9C8220DF116012046ADF8162034
:105D90001BF090FD43F6FF7104F594701AF0DCF9E6
:105DA000AA88039BA4F82C21AA7984F82E211A68CA
:105DB000C4F875209B88A4F87930019B1BB1A36AB5
:105DC00043F00203A362BAF1000F03D0A36A43F4C5
:105DD0000073A3624FF4607000F0CEFFC0F3C01AEE
:105DE000C3054FEA8A1A48BF4AF0800A810548BFB6
:105DF0004AF4807A25F0E2FFA36A43F00403A36229
:105E0000E36A43EA0A03E36225F0D3FF94F83430EF
:105E100043F0100384F83430BB1E012B00F28C8059
:105E2000A36A43F48043A36201212046FFF76CFC80
:105E30000421204602F068F96B7D2046C3F3040379
:105E400084F874306A8907F0FD075200A263697B09
:105E50002A7B42EA0122E287E97BAA7B42EA01220D
:105E6000A2876A7D84F87330C2F3421284F842201C
:105E700000220523A4F840200122A4F8A030A4F8B1
:105E8000802002991BF021FD00F0FCFF20F400604F
:105E9000C4E908012046FFF789FB424BB3F816A07E
:105EA000BAF1000F05D1002F40F2C71A18BF4FF406
:105EB000D77A2046FFF712FCC0B23B4B000240F0FD
:105EC0000300E082C4F80490A361002F3AD1204679
:105ED000FFF748FBB8F1010FE06005D041462046CE
:105EE00084F830811BF036FE04F108063046514636
:105EF0001DF0FFFB0120FEF7E9F828B9237D5A07C2
:105F00005CBF43F002032375A1683046C1F3C8416A
:105F100041F088011DF0F3FB40F271216B892046AE
:105F2000013B59431BF081FC20461AF07CFD07B071
:105F3000BDE8F08F012606E7012F7FF475AF40F230
:105F4000014172E740F27127760006EB4B067E4373
:105F500009EB06036360A36A04F1440943F00103FB
:105F6000A36294F83430494643F00103204684F894
:105F700034301DF090FF33464946204694F84220C5
:105F800002F038F8EB7901225B00494620467B435A
:105F90001DF087FF636C20469E08FFF7E3FA30444C
:105FA00098E700BF28480520C164010810B4C46AFE
:105FB00014F0080F11D144F0080423F41053C46204
:105FC00023F01003064C1B0414401B0CC0E90843CB
:105FD00040215DF8044BFFF797BB5DF8044B704719
:105FE0002FCF87F700232DE9F341ADF804304B792B
:105FF0009DF804209E074EBF032303F001030133E5
:1060000063F30102054608468DF804200C461AF099
:1060100025F8064616F01F0318BF01239DF804203B
:1060200018BF4FF0030863F34512EB6A08BF4FF047
:10603000020898058DF8042004D521462846019AC7
:106040001CF0B8FF204619F0B0FA0746414620463A
:1060500019F066FAA3798DF80570BDF804100C33B9
:10606000E152E2189DF80430990648BF96706379B2
:1060700043F00103637125F0A1FE2146074605F1B7
:10608000A40019F0F4FA95F84631013385F8463149
:10609000AB6ADA070ED52846FFF720FB80B21BF06B
:1060A000F6FB30B34388B5F880209A4202D92846DF
:1060B0001BF0C3FEFEF736F9854214D10E4B204685
:1060C0001E681CF045FA2C36014630461CF049F992
:1060D000AB6ADB0707D430461CF03CF9022802D833
:1060E000232000F01DFD384602B0BDE8F04125F048
:1060F00060BE0123D7E700BFC04805202DE9F04F5F
:1061000085B004460191084661B34B799A071AD4C9
:1061100019F04BFA019A60B9537901A8DB0742BF25
:10612000A36A43F40063A36219F0B0F905B0BDE8B7
:10613000F08FA36A1F0506D523F40063A362537989
:1061400043F001035371019E25F038FE7379314607
:106150009E0705461ED504F1AC0019F097FA2846B3
:1061600025F027FEDFF89C9125F028FEA36A8046E3
:106170005D0614D5D4F8AC3043B19A7913441B7B37
:106180003A2B03D829FA03F3D80711D4404625F057
:1061900010FECBE704F1A80019F069FADFE794F9E3
:1061A0004631022BF2DCD4E92A6376B9002BEDD01C
:1061B00004F1AC0019F089F90546404625F0F9FDD7
:1061C00029462046FFF70EFFCEE7002BF0D194F8CA
:1061D0009670039304F1A80B96F807A0B379AAEB85
:1061E000030A5FFA8AFABA4527DC584619F0D5F94E
:1061F0000546A7EB0A076B79294623F008036B7164
:1062000003A819F034FAD4F8A86036B17379DA0724
:1062100003D49B0701D4002FDED1039B002BB5D004
:106220009B79022B46D8002019F0FCFA039980BB19
:1062300004F1A80019F02AFAA8E7002019F0F2FAF0
:10624000054630B9039904F1A80019F01FFA039527
:106250009CE78079B1790C300C313A463144FFB279
:10626000284418F033FD3946284619F0DFF8B37991
:1062700072791F44B7716B79D1074CBF43F00103AA
:1062800003F0FE036B717379002723F00103737130
:10629000B1E74A794379D5074CBF43F0010303F0D6
:1062A000FE0343714B7923F001034B71014603A8B0
:1062B00019F0E7F9E36A9A0513D5039803460068D5
:1062C0000028FBD1DB79C3F14503DBB2032B08D8EF
:1062D00019F0A8FA014608B90399A9E703A819F02B
:1062E000C6F9D4F8A83013B15B79DB0704D5039A5B
:1062F000537943F008035371404625F05AFD039942
:106300005FE700BF7C2C020000232DE9F0411B4E0B
:1063100006F11C0252E8007F42E80034002CF7D15D
:106320004FF001088FB934B306F11C0353E8003F66
:10633000234306F11C0141E80032002AF4D1BDE8F4
:10634000F0414FF4807000F007BD97FAA7F080B1DC
:10635000B0FA80F308FA03F5184627EA0507FFF7B5
:10636000A5F90028DED01BF0A3FD0028DAD12C43CC
:10637000D8E72023EEE7BDE8F08100BF28480520DC
:106380002DE9F74F04460190002867D04FF000092F
:10639000C5794E460C35054425F010FD4F46DFF813
:1063A000C080009098F80E205FFA89FA52451AD9F9
:1063B0004FF4A47303FB0AFBD8F800105944886A11
:1063C000430748D5B1F89810C1F30B01002942D01A
:1063D000E179C1F14501C9B2032916D8022019F0AB
:1063E00021FA044648B900230098A8F8123025F095
:1063F000E0FC304603B0BDE8F08F0027014601A85D
:1064000019F035F9E5790C3525440123002039B21E
:1064100003EB810305F821A0E854D8F8003005EB20
:10642000810C5B44B3F8983001378CF802300323B9
:1064300003EB8103E854D8F8003004215B44B3F83F
:106440009820013660F30B02A3F89820204618F03C
:10645000EDFFFFB2F6B209F10109A3E70646C8E76E
:1064600028480520F7B5684601F06EFA00254FF47C
:10647000A477124EB37BAB4201DC03B0F0BD3468AD
:1064800007FB0544A36A03F00503042B13D105227F
:10649000694604F1490018F0C4FB60B101212046AF
:1064A0001DF030FF38B9012019F0BCF9014610B1D8
:1064B000204602F0DDF90135DCE700BF2848052061
:1064C0002DE9F04F31280C4685B000F091810AD8B3
:1064D000022800F0E280032800F0E580012847D080
:1064E00005B0BDE8F08F322800F0ED803328F7D1F9
:1064F00001F1A40018F0E9FF94F846310390013B44
:1065000084F8463143799D0722D4180720D5B4F882
:10651000983004205A1C62F30B03A4F8983000F062
:106520002BFCA8B12046FFF7D9F880B21BF0AFF9D9
:10653000002800F055814188AA4A937C0B44DBB2C5
:106540009374127D9A4203D84FF080601BF0BCFF19
:1065500003A818F09BFFD4F8A8301BB9D4F8AC30CE
:10656000002BBDD04FF480512046FFF7CDF8B7E7A0
:1065700091F89930084623F0F00381F899301BF028
:1065800070F984F8310120461CF0EDFDB4F93401B6
:10659000FCF716FA944B20461D68FFF79FF885F824
:1065A000240094F834304FF4003085F82030002374
:1065B00085F8213085F8233063686B60A36ADA07B9
:1065C00042BF636C9B08AB6000F0D6FB002859D03B
:1065D000FDF7CAFED4F82831E8602B6194F8313118
:1065E000804E6B76D4F82C3105F12C076B6194F852
:1065F00030312B76637D85F8223094F8953085F81C
:106600002530E26A02F4C062B2F5C06F04BF043301
:1066100085F825301BF097FF38461BF098FEB068D0
:106620001BF096FF0023A8620393D4F8A40003A9EB
:1066300019F0B0FA48BB212000F072FAD4F8A83063
:1066400013B9D4F8AC3023B14FF480512046FFF792
:106650005BF8042000F090FB00283FF441AFB37CCE
:10666000002B3FF43DAFF37C327E0133DBB29A4224
:10667000F3743FF635AF4FF0806005B0BDE8F04FE2
:106680001BF022BFFDF70AFDA4E703981BF060FF93
:10669000014638461BF065FEC7E7084605B0BDE871
:1066A000F04FFEF7B5BF91F89930C3F303120132F2
:1066B00062F3071381F899300021204605B0BDE848
:1066C000F04FFFF793B8002603A80396FBF700FDF1
:1066D0002046FFF703F8C0B219F0C7FC0546204674
:1066E000FEF7FCFF039B29460193B4F8403082B2C9
:1066F00000930220334619F0B4FC03998B7903F11F
:106700000C050D44AA7A0A3312F0200F14BF03229D
:10671000022213448B71E36A5B050FD5AB7AEA7AE8
:10672000204643EA02221CF05EFC38B903A818F0A8
:10673000ADFE3D2120461BF0ACFDD1E6A26AAB7A4E
:106740001706039903F0030312D5032BEED18B79BF
:106750000B441A7B3A2AE9D8244BD340DE07E5D50F
:106760004B79204643F002034B7101F09BFDB7E6E5
:10677000032B4A79F4D022F002034B71084695F8B6
:10678000068095F9059095F80AB018F00EFF0621DD
:106790000646039818F0C4FE2046FEF79FFF039DAF
:1067A0000BF0030B95F806A0C0F303230AF10C0AC3
:1067B00005EB0A0743EA0B13FB702B46F6B2B870E1
:1067C000BE8005F80A9087F801805A7922F002020B
:1067D0005A711B68002BF8D1284619F0DCFD7FE6C2
:1067E0000121A9E628480520C04805207C2C02008C
:1067F000344B8E8F1D68360195F8203081F8343087
:106800008B6BE08FB6FBF3F6B1F8A010B3B21B1A96
:10681000994295F821204CDCD1064CBF0021022181
:1068200094F831011CF014FB95F82130DB071BD5DF
:10683000A36ADF0706D52B682046636004F1440194
:106840001DF029FB95F82130D80602D4A36AD90699
:1068500006D4A4F8A060204695F927101BF035F85F
:10686000A36A43F01003A36295F82020E36A92061E
:106870004CBF43F0010323F00103E36295F821309C
:106880009B0606D52046FEF729FF012180B21BF0AA
:1068900009F895F82130204603F01203122B0ED18F
:1068A0001BF039F895F8261020461BF032F801212C
:1068B00003E79207B8D5032194F83101B2E71BF042
:1068C00029F8EFE7C0480520012838BF0120012939
:1068D00038BF0121014B18751976704728480520EB
:1068E0000138C0B203289ABF014B185C00207047E2
:1068F00068130408431E012B05D9022902D8024B54
:10690000585C70470020704765130408431E042B31
:10691000054A07D8052808BF03200621431E01FBAE
:10692000032070471046704790130408014B53F83A
:10693000200070476C13040810B560B10022074CAA
:10694000D3B2013354F823101346814202F10102FD
:10695000F6D2D8B210BD0120FCE700BF6C130408CA
:10696000024BDB6993F87F00704700BF280B0020C3
:10697000024BDB6983F87F00704700BF280B0020C3
:1069800070B51646028B04468A420D461DD2438BD3
:1069900023B90EB1D5B23570206970BD0C4B216999
:1069A000184618F093F90346208B61692D1A184494
:1069B000638B9D42A8BF1D46EAB218F087F916B155
:1069C000238B1D443570024870BD002EE3D1E3E7F0
:1069D0000DBF06200022024BC3E90022704700BF12
:1069E0007048052010B524220021064818F042F90D
:1069F0000623044C2384044BE36100F055FB9430E0
:106A0000206010BD4C4805201B25030810B5044626
:106A100025F0CBF90022044B5C60044BBDE810402C
:106A2000DA6125F0BDB900BF704805204C4805204B
:106A3000024B03EB80035960704700BF4C480520B0
:106A4000034B03EB80035868003818BF01207047E0
:106A50004C48052010B5044625F0A7F90022044B48
:106A6000DC61044BBDE810405A6025F099B900BFC5
:106A70004C4805207048052070B5C6B2212E04464A
:106A8000144D10D1FBF7FEF9230CC4F3074405EBBA
:106A900084042B846368EB61EB69CBB130462968D1
:106AA000BDE870401847222EF6D125F087F9EB6932
:106AB000044633B10020FFF7CDFFFF232B84FBF703
:106AC000C5FB00F025FA2046BDE8704025F071B9FD
:106AD00070BD00BF4C48052038B5104B04461A78ED
:106AE00012B100221A7038BDC5B2FDF71BFC68B1A7
:106AF000C38AB3EB144F0BD1312D02D1012019F011
:106B000048FB2846BDE83840FDF702BCFF23F0E70C
:106B10002846BDE838401BF0DFBC00BF70480520A8
:106B200038B5A0F121030E2B044612D8FDF7FAFB6D
:106B300068B3C58AFF2D2AD0212C02D1002019F07C
:106B400028FB222C44EA054025D1BDE838401BF043
:106B5000D6BCA0F131031E2B0ED8134B188C44EA7F
:106B6000004000F073FA312C11D10020FFF772FFC2
:106B7000BDE8384019F09BBAA0F111030E2B06D8DE
:106B8000132C40F4C02003D009D9142C03D038BDF5
:106B90000122064B1A70BDE8384000F03BBABDE850
:106BA000384000F053BA00BF4C480520704805201B
:106BB0000B4A10B5D36904461BB11168BDE81040FB
:106BC0001847084B5B6813B1BDE810401847FDF744
:106BD000A9FB014618B183690BB12046EEE710BD51
:106BE0004C4805207048052008B500F05DFA034BBD
:106BF0001A6802609B88838008BD00BF50BF0620D2
:106C000037B5054600F050FA044600F055F90D4B33
:106C1000002808BF1C462DB12B682360AB88A380D9
:106C200003B030BD19F041FA0322CDE900010DF1A6
:106C300005010DEB020018F004F80098BDF80430CF
:106C40002060ECE750BF0620024B186908B108F03D
:106C5000ABBF7047480B00200D4B37B51C6804B123
:106C60000C340C4B68461D6800232B6000F020FAA2
:106C7000009B20466B60FBF7B3F8FFF7B5FF0448B5
:106C800018F004FC0122044B83F8202003B030BD2F
:106C900078480520C0480520480B0020002310B587
:106CA0002C4A02F1100151E8001F02F1100C4CE8CF
:106CB0000034002CF5D140EA0104A00201D5FDF713
:106CC00069FA210101D5FBF79BFAE20301D500F037
:106CD00055F9002C01DAFBF749FF630001D5FCF7F9
:106CE000E9FAE00001D5FDF7B9FD610101D51BF01E
:106CF00075FAA20107D51CF0AAF8FFF7B3FB19F04B
:106D00009DFA19F051FAE30101D519F063FA600216
:106D100001D502F0CBFA210201D519F0A4F9E20263
:106D200001D51AF0B1FDA30501D501F05FFAE00528
:106D300001D5FFF7E9FA610503D519F037FA19F023
:106D400036FA220501D519F07BFBA30301D519F012
:106D500032FA10BD480B0020064A02F1100353E836
:106D6000003F034302F1100C4CE800310029F4D13C
:106D7000704700BF480B0020014B1B68184070474C
:106D8000480B002010B5044BD3E9064204430A43E4
:106D9000C3E9064210BD00BF480B002038B50546C8
:106DA000FDF78CF900212822334817F063FF4CF2DD
:106DB0000C000021FFF7E6FFCDB1AB682E4A0020A2
:106DC0001360E98A4FF6FF72FEF77EFF022018F08B
:106DD00029FD2A4B186000284BD02B460C3005F1BA
:106DE0001C0253F8041B934240F8041BF9D1224AB9
:106DF000234B101D936000231373FAF7F3FA00F08E
:106E0000B9FE2846FBF7CAFA044668BBFAF72AFF20
:106E100020B14FF480700021FFF7B4FFFAF728FF8C
:106E200020B14FF400600021FFF7ACFF2DB1B5F9A0
:106E30000E10B5F90C00FBF7DBFD1CF013F8002079
:106E4000FFF7DEFE00F0C6FC02F0D0F8044658B9A9
:106E5000FBF774FEFFF7BEFD00F078F830B900F0E4
:106E60007BF804461BF06FFB204638BDFFF7F4FEAD
:106E7000F8E70124F8E700BF480B00207848052018
:106E8000496C0108014BD3E906017047480B00200B
:106E9000054B9B69DA054CBF032001201B0548BF49
:106EA00040F00400704700BF480B0020014B186001
:106EB000704700BF7C480520014B93F820007047C5
:106EC000480B00202022034BC3E900229A600022D5
:106ED0001A767047A448052010B50024094B1C22DF
:106EE00021460948C3E9004417F0C4FEFFF7EAFF52
:106EF0003023054AC2E90333536154760122034B20
:106F00001A7010BD80480520A4480520A0C60620A0
:106F100008B524F053FFFFF7D5FF3023084A09498D
:106F2000D36013615361CB600B614B6100235376D7
:106F300001224B76044B1A70BDE8084024F039BF9B
:106F400088480520A4480520A0C60620014B1878D3
:106F5000704700BF56BF062010B5044C23781BB9FC
:106F60001BF0CFFA01232370002010BD56BF06206E
:106F7000014B1868704700BF804805202DE9F0419B
:106F800024F01CFFDFF88880074698F8003043B9EA
:106F90004FF480301BF098FA3846BDE8F04124F0F9
:106FA00008BF184E184C35460FCD0FC495E80700A2
:106FB00084E80700FFF786FF3023C6E903337361D7
:106FC00000233846737688F80030032524F0F1FE5C
:106FD0000E4E103CE068302804D07368C6E90030DB
:106FE000FFF77AFD54F8040B202801D0FFF744FD89
:106FF000013D15F0FF05EDD1012388F80030BDE813
:10700000F08100BFA448052088480520804805205D
:10701000A0C6062038B50C4C0546237E022B12D89C
:1070200054F82330202B0ED124F0C8FE237E44F8E0
:1070300023500133237624F0BCFEBDE838404FF4E2
:1070400080301BF041BA38BDA448052038B50D4C3E
:107050000546637E022B14D804EB8303DB68302BD8
:107060000FD124F0ABFE637E04EB83020133D560C5
:10707000637624F09EFEBDE838404FF480301BF06C
:1070800023BA38BDA44805204FF48272002101487C
:1070900017F0F0BDC4480520014B024A1A60704742
:1070A000C04805205849052000487047C4480520BD
:1070B000024A02604FF4007242607047C8490520DE
:1070C00070B504460025314A314B88B0CDE9042320
:1070D000438B04A8CDF81A50ADF81E50ADF8183007
:1070E000FBF71AF9E2682368CDE9025513440193CE
:1070F000A37D01A88DF80930A38A13F00C020FBFFD
:107100001346C3F3802383F001035B0018BFDBB297
:107110008DF80A3018F0CCFF217F04F124001BF019
:107120002FF906461BF010FA05461BF02AFAA38A2F
:1071300028B3D4E903210A44E260027843F40063EF
:10714000C2F30502E276A3822B7803F00F03072B2C
:1071500019D1A97811F03F0100D0E9782046C1F398
:1071600080011DF060FE30461BF0F3F9A38A43F462
:107170008063A382237F0133237708B070BD23F49B
:1071800000639BB2DFE70021E8E700BFD6BE898E2F
:107190005555550070B5427E037E0446B2EB931FF1
:1071A00088B05BD200255200344835491341CDE9FF
:1071B000040103F00303E17D253304A88DF81810C2
:1071C0008DF81930CDF81A50ADF81E50FBF7A4F821
:1071D0001DF022FE627EA1682368206A01FB023353
:1071E0000193A37DCDE902558DF809301BF0ACF970
:1071F0001BF0C7F9A28A68B3D4E90263617E06FB7B
:10720000113320498B4293BF1E214FF49671012503
:10721000B3FBF1F388BFB3FBF1F30178437065F37F
:10722000C7118578C3F3042325F01F0501702B4394
:1072300001F03F018370E17642F40063A38201A86C
:1072400018F036FF206A1BF084F9637E0133637601
:1072500008B070BD22F400639BB2EFE7838AC3F3EA
:10726000C0211B0504D508B0BDE87040FFF728BF5A
:1072700008B0BDE8704018F0F8BC00BFD6BE898EDB
:1072800055555500C3BF030053282DE9FF410C4657
:1072900019D0552800F0CE80512840F0D1808B8A3B
:1072A00013F00C0F00F0C6805B0540F1C3800B7F2C
:1072B000013B012B00F2BE800120897D04B0BDE8B6
:1072C000F041FAF7C7BD0023204603A9039318F045
:1072D00093FC0546002800F0A780037803F00F0315
:1072E000032B59D1A18A04F12408C1F3C0014046FF
:1072F0001BF046F81BF028F9A18A0646C1F380016D
:1073000028461BF0D2F9002840F08E8080233246B8
:10731000294620461BF093F9002840F085804B4811
:10732000FFF798FB01214046039F1BF029F801233A
:10733000237705461BF008F91BF023F9064638466B
:10734000FAF742FE0E21B87B1BF034F8A28AFEB198
:107350007B6842F400623178A2822269963313443A
:107360002268C1F305019B1A0344E176E360237FA1
:10737000A17D013323770020FAF756FD28461BF044
:10738000E8F82046039918F067FC04B0BDE8F081E6
:1073900022F40062A282EAE7052B45D1A18A04F11A
:1073A0002407C1F3C00138461AF0EAFF1BF0CCF8FD
:1073B000A18A04F148030193C1F3801306460093A8
:1073C000C1F3001201232846C1F3C0011BF075F977
:1073D00050BB32464FF48073294620461BF02FF9EC
:1073E000064608BB1A48FFF735FB314638461AF007
:1073F000C7FF07461BF0A8F8D5F802300278C0F89E
:107400000A30EB88C3812B78C3F3801363F3C71270
:107410000270A17D3046FAF707FD38461BF099F857
:10742000039818F020FCB0E7FAF7A4FE2046FFF717
:10743000B1FEAAE7204604B0BDE8F041FFF7AABEBE
:1074400004B0BDE8F04118F014BC00BFD525030816
:10745000B5250308212810B50C4607D10548FFF7CC
:10746000F9FA2046BDE81040FFF794BEBDE8104091
:1074700018F0FFBB89720108034637B50C4C6A4609
:107480002068A5880090A079ADF804508DF806001A
:1074900013B9481C03B030BD0220D90748BF11788A
:1074A00002F1010244BF401880B25B08F5D1F1E758
:1074B0002EEC0308014B186E80B2704700C001B873
:1074C0000B4BD86800F07060B0F1106F0ED008D888
:1074D000B0F1E06F18BFB0F1006F0CBF01200020C9
:1074E000704700F17443584258417047012070477B
:1074F000000002B838B5044680790C4D0C302044A9
:1075000018F0C2FD0123A179E279521A0C3121440D
:107510002869D2B222F04EFA246804B938BDA179A4
:10752000E2790023521A0C31F1E700BF280B00204A
:107530002DE9F04F89B0074691469A46ADF81410F0
:1075400018F033F8051E46DD24F038FC9DF814B021
:1075500003900BF023030493002F3FD03C464FF0E1
:107560000008254EA079E27900F10C01121A5FFAA9
:1075700082FB214406EB08005A4617F0A7FB24685B
:10758000D844002CEED1049B1C480093C0F808900E
:107590000DF11C0953462A461749CDF80490A2461E
:1075A00024F003FE3C46A379E57903F10C00ED1AC3
:1075B000EDB206EB0A0120442A4617F087FB246847
:1075C000AA44002CEFD1039824F0F3FB042249468F
:1075D000384618F082FA09B0BDE8F08F07480093EA
:1075E000C0F808900DF11C0953462A460249CDF80F
:1075F000049024F0DAFDE6E7C84B052010C506200C
:107600002DE9F04784B0904699460390ADF80810F4
:1076100017F0CBFF071F002F25DD039D002D40D065
:107620004FF0000A204EAB79EC7903F10C01E41A1B
:10763000E4B2294406EB0A00224617F047FB2D6806
:10764000A244002DEFD11948F119C0F8088001912A
:107650009DF808104B4601F0230100913A4612496B
:1076600024F097FD18B1002004B0BDE8F087039D19
:107670007DB10746AB79EC7903F10C00E41AE4B272
:10768000F1192844224617F021FB2D682744002DCC
:10769000F0D103A8042118F02AF8012004B0BDE8B5
:1076A000F087014ECFE700BFC84B052010C506206C
:1076B00030B514460D460246064883B00195802138
:1076C00083602346009424F07CFDB0FA80F04009EA
:1076D00003B030BD10C50620002370B50D46D1683B
:1076E0008AB009BA0291C17890F800C061F307032B
:1076F000817802AE61F30F23417806AC61F3174342
:107700006CF31F630993936851681BBA03938368F2
:1077100009BA1BBA0793136842681BBA05930F4B4B
:1077200012BA9E60C36804911BBA0892069323465E
:10773000802201200949009424F046FD0028F6D15A
:10774000DDE90810DDE9063200BA09BA12BA1BBA3F
:1077500028606960AA60EB600AB070BD10C50620A1
:107760002DE9F84FDFF868808246D8F800B00F4660
:107770001646BBF1000F28D0002498F804904C4521
:1077800007D1347098F80400A04214BF01200220F1
:1077900017E004EB09056910C1EBC1015944887970
:1077A000C5F3470500F00100381A03D10622504600
:1077B00017F037FA002806DB02D06C1CE4B2DEE7D3
:1077C0003570BDE8F88FA946D9E70320F9E700BF77
:1077D000D84C05200022024B1A711BF095BF00BF48
:1077E000D84C0520F8B5054624F0E8FA104C85F38E
:1077F000070563790646AB4205D10024304624F0E4
:10780000D8FA2046F8BD002720686571277110B1AD
:1078100018F0F0F927606379002BEED0C5EBC500B6
:10782000FAF706F820600028E7D160710724E5E741
:10783000D84C05207FB50E461021054614461BF096
:107840003BF8E8B10F4B01A918681B7902908DF83D
:107850000C300023ADF8043066F305038DF80430D6
:1078600004F110030DEB03044FF0000314F8082C8F
:10787000284662F3471303228DF8063017F0E2FD25
:1078800004B070BDA8130408034637B50C4C6A4613
:107890002068A5880090A079ADF804508DF8060006
:1078A00013B9481C03B030BD0220D90748BF117876
:1078B00002F1010248BF40185B08F6D1F2E700BFB1
:1078C0002EEC030838B583790C460C33C518C35C1D
:1078D00003F00F03072B25D1AB789A0622D0E87866
:1078E000C3061FD5012100F00F00FFF7CDFF0E4B9F
:1078F00002359C4295BF1E234FF49673002101214F
:1079000094BFB4FBF3F4B4FBF3F42B5C2A1861F3DB
:10791000C7132B549378547023F01F03C4F304242B
:107920002343937038BD00BFC3BF03004840704776
:1079300000EB0010084480B2704700BF90FAA0F03E
:1079400000BA80B2704700BF044BD3F80120026038
:107950005B7903F01F030371704700BF57BF062018
:10796000204BF0B5002914BF0C461C4600250646E6
:10797000174613688BB0C4F8013013792570637112
:10798000EAB2114638461BF057FA38B1237803F1B2
:1079900028016944013301F8282C23700135252D75
:1079A000EED122782EB16946A01D17F08FF90BB0E9
:1079B000F0BD002AFBD00534F5B2294638461BF04D
:1079C0003BFA40B9B5FBF2F302FB13550AAB53FA8D
:1079D00085F515F8285C0136252E04F8015FEBD1FA
:1079E000E5E700BF57BF0620034B002818BF03463A
:1079F0000B449879704700BF57BF062070B50E46FC
:107A000082EA124294B2214603463046FFF78EFFC7
:107A1000FFF794FFFFF78CFFFFF790FFFFF788FF5A
:107A2000FFF78CFFFFF784FF174D002B14BF1E4696
:107A30002E460546FFF77AFF0246144B701CA3FB47
:107A40000213D11A03EB51035B0903EBC30103EBF0
:107A50008103D21AD2B211461BF0EEF940B9337845
:107A60006C40A4B204FB03F306EB1346B07970BD7F
:107A7000731D2A3601E09E4204D013F8010F8242A2
:107A8000F9D1F4E7104670BD57BF06204D91CFBA2B
:107A900070B5044624F092F90B4E0546306818B1D3
:107AA00018F0A8F8002333602CB12220604318F0AE
:107AB0009FF830B130600024284624F07AF920463F
:107AC00070BD1A24F8E700BFE04C052008B5FDF7AB
:107AD00005FE431C1BBF2222034B00201B6818BF5E
:107AE00002FB003008BD00BFE04C05202DE9F0414D
:107AF0000F46164619F02DFF002239464FFA80F83E
:107B0000044617481BF087FA0546012239461448F7
:107B10001BF081FA454501DB804512DA054405EB8F
:107B2000D575C4EB650040B20E4A92F9003083422D
:107B300009DAC01A00EBD07003EB600358B2BDE85D
:107B4000F0810020F0E792F901308342F7DDB2F9CD
:107B50000230B342DCBF00EBD07040F34700EEE7E9
:107B600082BF0620F6BD0620014B1878704700BF83
:107B70008BBF0620104B1A7842F0F0021A701A7C64
:107B800042F0F0021A7493F8202042F0F00283F8D9
:107B9000202093F8302042F0F00283F8302093F850
:107BA000402042F0F00283F8402093F8502042F049
:107BB000F00283F850207047E44C05204288F8B565
:107BC00002F00702072A05461E4F2AD124F0F6F8D4
:107BD000002211017B5C07EB021C1B090F2B0AD052
:107BE0000132062AF5D1184A13880133138024F094
:107BF000E0F81920F8BD2B681446ACF802301123C8
:107C00007B5496B224F0D5F8FAF73AFB07EB04134D
:107C1000D8602B68002023F4E02343EA06432B605E
:107C2000E8E71301F95C1446C1F30312013202F0D4
:107C30000F02052A28BF002262F307112646F954D5
:107C4000E2E700BFE44C0520FABD062038B54488C1
:107C5000054604F00704072C0FD024F0AFF8074ABC
:107C60002401135D43F0F00313552B6843F4E02324
:107C70002B60BDE8384024F09CB838BDE44C0520AA
:107C80002DE9F047B0F80280074608F00708B8F180
:107C9000070F894632D01A4D4FEA08142E5DFAF7C5
:107CA000EFFA05EB081ADAF80C30360906EBC806CD
:107CB000C01A05EB460670802B5D03F00F02042A04
:107CC0009EBF013262F303032B55B9F1030F12D1AA
:107CD000295D0234281901F00F011CF0FBFD044658
:107CE00024F06CF83A68074B134023433B60BDE82F
:107CF000F04724F05EB84FF6FF74F1E7BDE8F08777
:107D0000E44C05200000FF7F242816D80F2805D852
:107D100002280CD8B0FA80F040097047084B1038A0
:107D200080B2C34003F0010383F0010070470538BF
:107D3000012894BF0020012070470120704700BF38
:107D40002D2011002DE9F04F95B0FAF703FF42F214
:107D50003603867905460C3630F806808419984536
:107D60000ED1FAF7F7FE022117F060FB7F22A3780D
:107D70000233A370AA550023202223776270637711
:107D80000121E078FCF79EFC00230546ADF8463063
:107D9000002800F0C280CDE91233237AE2888DF802
:107DA0004A30E37AADF848208DF84E30E378B4F8E5
:107DB0000920FE2BA388ADF84C2003F01C014FF6E0
:107DC000FF7208BF4FF480421C2922D0DDE9120166
:107DD000884201D81F281AD841F21105FAF7C0FECF
:107DE0000446EAB20123414618F02EFAA3791C4456
:107DF000BDF94630002BACBF05226FF004021344DE
:107E00000A2293FBF2F3A37415B0BDE8F08F914200
:107E1000E2D813F01003E67D677E04D0012E0AD06D
:107E200041F21205DAE706F0FD02012AD4D17A1EEA
:107E3000D2B2022AD0D8227B013A062ACCD87BB90A
:107E4000FFF726F8032E08BF04260640F6B2002EE0
:107E5000C2D0032F08BF04273840C0B20028BBD0CF
:107E6000E0781CF0B7FF20B1A088FFF74DFF002895
:107E7000D6D02B4A237F1278002A47D0042BCFD8A4
:107E8000677F042FCCD8E07D94F91620032808BF23
:107E900004207F2A08BFC822667B1CBF02EB820237
:107EA00052000E96A67B18BF92B2B4F804C0E188C7
:107EB00094F80C9094F815A094F818B00F96ADF8BB
:107EC0004620667EB4F80920CDE90B37E37E032E09
:107ED00008BF0426003B18BF01230A93A37E04F1C8
:107EE0000F0ECDE908630DF14603CDE904A30F9B06
:107EF000CDE9060B01930E9B284600935FFA8CF3A5
:107F0000CDE902E918F0F3FD054667E7002B7FF4A1
:107F100063AF677F002FB6D05EE741F207055DE7EC
:107F20008CBF06202DE9F047FAF714FE83790C3355
:107F3000C4182679E7787EB14FF000080534B045C3
:107F40002FDB0025FAF70CFEEAB20023BDE8F0476C
:107F500042F2390118F078B9012F42D035464FF07E
:107F60009809DFF88C8098F834309D42E4DAD8F82C
:107F7000300009FB050090F86130FF2B0AD0B0F803
:107F80005820C2F30013D20606D500231A4619461C
:107F9000FCF70CFB0135E6E71A46194601F062F8DA
:107FA000F8E72078B4F80150A0F1FE035942594196
:107FB00094F803900434FCF785FBA8B1B0F858306E
:107FC0002A4613F0100F39464B4607D0FCF7EEFA5D
:107FD00005460028B6D108F10108B0E701F042F8E3
:107FE000F6E741F21205ADE741F24205AAE700BF0C
:107FF000F04705202DE9F0411D4690460E46074604
:10800000FEF7AEFCFEF792FC04464046FEF78EFCFF
:10801000194B04449D4225D9184B9D4215D9184B44
:10802000013D93FBF4F3002BB8BF03339A1005EB2B
:10803000A305B5FBF2F379683268A1EB930102EB7B
:10804000430279603260BDE8F0810E4B0E4AA3FB1B
:1080500005535B0904FB03F303F6C313A2FB0323DD
:10806000DB0AE8E704FB05F3084A03F574338F33B2
:10807000A2FB03231B0CDEE74C62100013666606AE
:1080800040420F001F85EB515917B7D183DE1B43C8
:108090003A289ABF014B185CFF207047AD130408C3
:1080A000024B1A6818600260704700BF484D0520F7
:1080B0000022024B1A601A71704700BF484D05201C
:1080C00070B5064615460C4623F078FE337B23EA4E
:1080D000050344EA030131730A4C1DB9237919439E
:1080E000217106E000231946226823712AB9002B6A
:1080F000F6D1BDE8704023F05CBE137B12681943D3
:108100000123F3E7484D052070B50E4B06461B7959
:1081100001EA0304994313D194B123F04FFE0546BD
:10812000304619F013FC30B103781C4304704FF44F
:1081300000701AF0C9F92846BDE8704023F039BE36
:1081400070BD00BF484D05202DE9F047074619F0E6
:10815000FDFB044600283DD045784DB923F02EFEA6
:10816000237825706370204B1B68636023F021FE29
:108170004FF00108DFF87090667836B923784BB37A
:108180004FF400701AF0A0F924E096FAA6F5B5FABB
:1081900085F508FA05F55FFA85FA636833B9D9F809
:1081A000003026EA050565706360E5E79A68A2B1CC
:1081B0001B7B3AEA030310D1BAF1000F0DD05146F0
:1081C0003846904748B102280BD0012805D1636892
:1081D0001B6863600120BDE8F08763681B6863600B
:1081E000DBE70020F7E700BF484D052070B500250C
:1081F0000E4EFDF7B3FCA84200D870BD3068FDF705
:1082000055FA40B1FFF7A0FF28B94FF40070BDE860
:108210007040FEF7A1BD3468FDF7A0FC0134B4FB4B
:10822000F0F303FB104401353460E2E7444D0520D0
:10823000F8B506460C4617461D4619F07CFB10F0B3
:10824000080003D00221304619F0DEFF4FF0290C60
:10825000134BC5F12001A5F12002EB400CFA01F10E
:108260000B432CFA02F21343DB0700D470B1112147
:1082700020461BF0A8FE20461BF096FE4570877036
:1082800021463046BDE8F8401BF083BE0D21204654
:108290001BF099FE20461BF087FE4770F0E700BFF9
:1082A000000040842DE9F34105460C46009119F089
:1082B0003CFB030705D5684617F0E8F802B0BDE8B7
:1082C000F081009F97F8068008F10C0817F8080065
:1082D000FFF7DEFEFF2806460ED10021009B01A815
:1082E0001A681960019217F0D1F8284617F808208B
:1082F00000991BF07AFEE1E7384617F056F901388D
:10830000B042EAD10B4B1E684EB921462846A379EC
:1083100023441A7B02B0BDE8F0411BF066BE7368CF
:108320000BB93668F0E72146284698470028F8D070
:10833000C4E700BF484D052037B504460D46082167
:10834000FFF7E2FE2046082119F0F1FA29462046FF
:1083500019F036FB214601201BF0EEFE21460020DD
:108360001BF0EAFE012000232146034A00901BF087
:1083700074FE03B030BD00BF0B3F030837B50446A1
:108380001CF057F80321204619F01DFB0025034679
:1083900021460120034A00951BF05FFE284603B0EA
:1083A00030BD00BF194303082DE9F74F80460F4643
:1083B00019F0C1FA10F4801450D1022017F032FAEB
:1083C000064600284CD0BB7921460C333B44B3F819
:1083D0000490B3F806B0B3F808A01BF0F4FD3046E3
:1083E0001BF0E2FD02210546404619F0ECFAA5F823
:1083F00004906881A5F806B0A5F808A017F003FE60
:1084000009F10109B0FBF9F303FB190002236880AD
:108410006B70B3793146BB71FB71F2793846D21A71
:10842000D2B2234617F0FAFA4146012019F074FA45
:108430001022C7606B89414601200092094A1BF057
:108440000CFE4FF48031404619F077FA4046314631
:108450001BF09FFD204603B0BDE8F08F2320FAE714
:108460000720F8E76F4403082DE9F34104460D4661
:108470000146012019F050FA0121074628461BF059
:10848000A2FD28461BF090FD064600F1010840467B
:10849000FFF75AFAD6F801300221C7F81230737983
:1084A0002046BB7519F08FFA29460746F080204612
:1084B0001BF06FFD20232146009301203B46034A19
:1084C0001BF0CBFD002002B0BDE8F081FF430308A4
:1084D0007FB504460D4619F028FAC2073BD5204661
:1084E00019F029FA430715D5002320461A460DF145
:1084F0000F0119F085FC9DF80F30062B0AD828468D
:10850000F8F73CFF012200232046FDF74FFD002035
:1085100004B070BD0E2128461BF055FD28461BF007
:1085200043FD0646FEF7AEFCC6F80510FEF7AAFCB2
:108530002946C6F8010020461BF02BFD03212046EA
:1085400019F041FA00220346009221460120034A15
:108550001BF083FDDBE70821DDE700BF1D430308B7
:1085600008B5074A074908481BF0C6FE0648FFF74A
:1085700097FDBDE80840002204210348FFF7A0BD95
:10858000ED440308F1860108504D05202DE9F04126
:1085900091F806800F4686B008F10C080391044656
:1085A00001EB08060146012019F0B6F917F808306A
:1085B0000546023B0F2B00F29280DFE803F00890A3
:1085C000909090679071909031609090905123F0CE
:1085D000F5FB71780546204619F0F2F9082120468E
:1085E00019F0A5F9214601201BF0A6FD2146002027
:1085F0001BF0A2FD0123009300233A4A18462146AE
:108600001BF02BFD08212046FFF77EFD03A816F086
:108610003DFF284623F0CDFB012006B0BDE8F081E8
:10862000B38820467288717819F0D5FB204619F07E
:1086300082F9830708D4204603991BF0FAFE012132
:108640002046FFF761FDE7E7AA68274B9A4203D16E
:10865000214601201BF040FD03A816F017FFEEE7AE
:10866000836843B103AA0492B27803218DF81420E1
:1086700004AA2046984703A816F008FFCCE78368B1
:10868000002BF8D003AA04927278EEE78368002BDF
:10869000F1D00022059203AA0492042104AAE8E77B
:1086A000039D21460120AE7919F036F90F4B8268FF
:1086B0009A4203D02846F8F761FEADE7AB19D3F82C
:1086C0000D202046D3F81130FDF770FC2846F8F74E
:1086D00055FE214601201BF0FFFC0221B0E70020DF
:1086E0009BE700BF27440308194303081D43030801
:1086F000F7B50D46044619F018F9AB790C33EF5C69
:10870000EE18C3076DD5012F48D0082F41D0002F98
:108710005AD1718920461BF08EFCB18872780929E4
:108720000B4638BF0923013B9BB29A4209D8738894
:108730008B428CBF00230123002A08BF002300EADC
:1087400003072046FCF7CAFF80B219F0A0F870B109
:108750004088B188F3883289009008461BF0ABFB53
:1087600038B92846F8F70AFE012003B0F0BD012011
:10877000EFE7002FF5D02146002019F0CDF81022A8
:10878000C560738900921A4A214600201BF065FCDF
:10879000EAE7294620461BF0E4FDE5E72046F1889C
:1087A0001BF049FC0746701C1AF06AFB0028D8D061
:1087B000002FD6D02146002019F0AEF82022C56047
:1087C000F38800920B4ADFE72946204618F018F894
:1087D0000028C9D12946204603B0BDE8F040FFF784
:1087E000D5BE0E2FD5D02946204617F0F8FFEFE76B
:1087F0006F440308B743030838B504460D4619F023
:108800009AF842070FD4204619F095F883070AD446
:108810002046022119F091F829462046BDE838404B
:10882000034A1BF0FEBC2846F8F7A8FD002038BD1F
:108830007D83010838B504460D4619F076F800F03E
:10884000050004280CD1204619F075F810F4C02F4B
:1088500006D129462046BDE83840044A1BF0E1BC59
:108860002846F8F78BFD0C2038BD00BFA98301080E
:10887000014A1BF0D6BC00BF6984010870B50546EB
:108880000C460146012019F047F80646284619F023
:1088900052F8010704D52046F8F770FD002070BD9E
:1088A00033685A05F7D4284619F03FF8C30708D5AE
:1088B00021462846FFF7A0FF18B916F0B3FF04467B
:1088C00070B156E8003F43F4806346E80032002A66
:1088D000F7D121462846BDE87040024A1BF0A1BCF2
:1088E0000720DCE7D184010873B504460E4619F071
:1088F0001CF800F00C0004284FF0020035D116F0EF
:1089000091FF054698B34379022143F00203437176
:108910001BF059FB28461BF047FB294646702046B2
:108920001BF037FB1621204619F04AF80821204693
:1089300018F0FDFF214601201BF0FEFB2146002020
:108940001BF0FAFB20461BF0A1FC0121204619F088
:108950003AF8034601202146064A00901BF07DFBB1
:1089600020460821FFF7D0FB002002B070BD072091
:10897000FBE700BF474303082DE9F04387B00446F7
:108980000E4618F0D8FF00F4C060B0F5C06F06D1F5
:10899000022016F047FF054610B9072053E00025D6
:1089A0002146012018F0B8FF814696F8068000F1B4
:1089B000120208F10C08B04408F10F0308F11F017E
:1089C00053F8040B8B4242F8040BF9D103213046D3
:1089D0001BF0F9FA30461BF0E7FA0A22074608F1C5
:1089E0000501013016F02DF90C210DEB010000F00E
:1089F00011FB03AB03CBC7F80B00C7F80F10059BA7
:108A000007F10B02C7F8133005B30A2128461BF003
:108A1000DAFA28461BF0C8FA294620461BF0B9FAB4
:108A200040212046C9F80C6018F081FF0321204640
:108A300018F0C9FF00250346214601200B4A009586
:108A40001BF00BFB284607B0BDE8F083204607F17A
:108A5000130301211AF027FA204631461BF099FA38
:108A60002046C9F80C501AF03AFADFE72745030808
:108A7000F0B50D4689B0044618F057FFAB7910F0F9
:108A8000010003F10C0305EB0302EB5C00F09E8098
:108A9000033B082B00F23181DFE813F009002F01BE
:108AA0002F0182002F012F012F015C007C00D2F8E2
:108AB0000100D2F8051003ABB2F8097003C302F14C
:108AC000130301210B3220461AF0EDF90421284648
:108AD0001BF079FA28461BF067FA06460C2105A818
:108AE00000F098FA05AB03CB3346C6F80100C6F890
:108AF0000510079A002143F8092F2046721C1AF02E
:108B0000D2F92146002018F007FF034603AA478345
:108B100003CAC3F81200C3F8161020460821FCF758
:108B2000F3FD8021204618F002FF20461AF0D7F905
:108B3000294620461BF02DFA0321204618F043FF5A
:108B40000346002021466E4A00901BF086FA012061
:108B500009B0F0BD0B2128461BF035FA28461BF062
:108B600023FA294620461BF014FA23F027F905467C
:108B7000C021204618F0DBFE4FF48051204618F04B
:108B8000DCFE284623F015F94FF48061204618F0EA
:108B9000D8FEDCE72846F8F7F1FB4FF40071F5E763
:108BA000062128461BF00FFA28461BF0FDF9204647
:108BB00019F038F9294620461BF0EBF920461AF047
:108BC000B3F9214600201BF087FAC0E7043B072BCE
:108BD000BED801A252F823F0F98B01081D8C0108C0
:108BE0007F8C0108518B0108518B0108518B0108C2
:108BF000518B0108958C01082046802118F097FEC2
:108C0000AA7920460C322A4402F1090300210132DC
:108C10001AF049F92846F8F7B1FB98E74FF480605D
:108C2000FEF7AAF8B0B100274FF40061204618F013
:108C300084FE2046CDE90577FCF750FD0646204628
:108C400018F071FE39460346009505AAB0B21BF034
:108C500056F87CE72146012018F05EFE00F1120173
:108C600020461AF076F9062128461BF0ACF9284672
:108C70001BF09AF9294620461BF08BF967E7284636
:108C8000F8F77CFB214601201BF056FA20461AF02B
:108C90004BF95CE723F092F806468021204618F055
:108CA00046FE4FF48051204618F047FE304623F030
:108CB00080F84FF4C061204618F043FE2946204654
:108CC0001BF067F92146012018F026FEC268054610
:108CD00082B1937901210C331A4402F11303204627
:108CE0000B321AF0E0F820461AF0F9F82046E9684D
:108CF0001BF04FF90023EB6029E7002028E700BFB5
:108D00002745030808B50749002207481BF0F4FA75
:108D10000548FFF7C5F9BDE8084001200021FEF72E
:108D200031B800BF718A0108604D052038B505468D
:108D30000C4618F0FAFD00F00500042806D1214683
:108D40002846BDE83840044A1BF06BBA2046F8F7C5
:108D500015FB0C2038BD00BF7989010838B50C46D9
:108D60008B7905460C331944E35C142B03D0152B87
:108D70000FD0002038BD01311BF0ABFC1521284677
:108D800022461BF0F0FC214628461BF002F9012088
:108D9000F0E70146012018F0BFFD0B4B82689A42B4
:108DA00003D02046F8F7EAFAF1E7A17928462144F2
:108DB0000D311BF08EFC2046F8F7E0FA2946012021
:108DC0001BF08AF9E3E700BFBB47030837B5044649
:108DD0000D460A4614211BF0C6FC294620461BF00E
:108DE000D8F80321204618F0EEFD30220346009209
:108DF00021460120024A1BF030F9002003B030BDAB
:108E0000BB47030808B5094A09490A481BF074FA28
:108E10000848FFF745F9022106480022FFF750F9FC
:108E2000BDE8084020200021FDF7ACBFBF47030884
:108E30005D8D0108704D052073B51E46ADF800200C
:108E40008DF80230009B044601A801930D4611469F
:108E50001BF029FC9DF80630B34203D1BDF8043065
:108E60008B4205D02846F8F789FA122002B070BD6F
:108E7000204618F06DFE9DF80230827A9A4209D1A0
:108E80008288BDF800309A4204D12846F8F776FA75
:108E90000020EBE76946204619F024FA29462046CF
:108EA000014A1BF0BEF9E1E7CD8D010837B5044654
:108EB0001BF06FF80321204618F085FD00250346BE
:108EC00021460120034A00951BF0C7F8284603B04D
:108ED00030BD00BF194803082DE9F047884621211D
:108EE00004461746994619F08FF988B3204618F0C2
:108EF00022FD10F4103F2ED1022016F093FC0546FF
:108F000058B34FF00A0A23211BF05DF828461BF0E6
:108F10004BF8012397FBFAF708F1FF3293404370B7
:108F2000064687704846F9F77DFD90FBFAF04FF44E
:108F30008041F070204618F000FD414620461AF0AE
:108F4000C1F929462046BDE8F047054A1BF069B93A
:108F50001120BDE8F0872320FBE70720F9E700BFD9
:108F6000AD8E0108F0B507460E46144685B00C4B91
:108F70006946384603F11002FEF79AFB0028F6D046
:108F8000102C254628BF102530462A46694615F084
:108F90009DFE641B2F442E44E9D105B0F0BD00BFF7
:108FA0008DBF062030B589B020226946FFF7DAFF71
:108FB0006A460C4D04AB144603CC9C4228606960A1
:108FC000224605F10805F6D1074C1A4603CA61602E
:108FD00008A98A422060134604F10804F5D109B0BB
:108FE00030BD00BF8DBF06209DBF062010B588B0E4
:108FF000694620200EF0D4FE044630B96846FFF7DB
:10900000D1FF0122024B83F82020204608B010BD7A
:109010008DBF062070B5124B054693F820300C46E4
:109020008CB00BB9FFF7E2FF10220021684615F063
:1090300021FE4CB92022214604A815F01BFE04A8ED
:10904000FFF7B0FF0CB070BD102C264628BF1026CD
:10905000294632466846FFF785FF3544A41BE8E7FA
:109060008DBF06202DE9F3411E46836904460D4657
:1090700017462BB171B30025284602B0BDE8F08138
:109080000029F8D0B0F85830990703D5438D002B4C
:1090900000F00481204617F016FF05460028EBD1AA
:1090A0002046628D218DFBF7FBFF012E27D040F279
:1090B0007123B4F854205A43904220D9B4F8562072
:1090C0005A43904215D92946204618F05FFA41F2DA
:1090D0004505D1E722F072FE06462946206D17F0BD
:1090E000A6F82046294618F051FA304622F061FED3
:1090F000C1E700F51C70B0FBF3F0A4F85400636BFB
:10910000ABBBD4F83880B8F1000F0DD1204618F071
:10911000CEF8054640B14146204618F037FA192DE1
:10912000AAD141F20705A7E7A26B42B1236A13F463
:10913000007104D1C4E90D2123F400232362B4F8A3
:1091400058309A0742D520461BF03EFDA0B320467A
:109150001BF055FD0546002800F0848020460021C4
:1091600018F014FA04F1400016F090F9D7E7204601
:1091700001A91BF0B5FC0028E1D0204601991BF0A5
:10918000EDFC054640B12046002118F0FFF904F13E
:10919000380016F07BF96FE7A36B002BCFD0236A62
:1091A00013F40075CBD104F1340016F06FF9A36B02
:1091B000C4E90D35236ABFE7E36B3BB9D4F84080BF
:1091C000B8F1000F3ED0226C002A4FD1B4F85830CD
:1091D000DB0755D4334B3246A36139460023204682
:1091E000FBF78AF9054600287FF446AF206D012180
:1091F00017F01DF8206D17F01BF800283FF43BAF67
:10920000616B29B9A16B00293FF435AFC4E90D1595
:1092100020461BF0A3FC054600283FF42DAF22F0AA
:10922000CDFD06460021206D17F001F820460021F3
:1092300018F0ACF9236A304623F40023236222F0AD
:10924000B8FD19E7204618F0A3F8054650B141468D
:10925000204618F09BF904F1340016F017F904F1D8
:10926000380081E7E36B002BB0D1ACE7236A13F43D
:10927000806102BF23F40023C4E90F212362A5E724
:10928000094DA86A0028A5D116F0CCFA0146A862BB
:1092900000289FD1204618F079F942E741F20C05E9
:1092A000EAE600BFC14A0108F047052070B5002476
:1092B00098260C4D95F83430A34200DC70BD2B6B22
:1092C00006FB043393F86120FF2A03D0186D18B110
:1092D00016F0B9FF0134EDE7D86C0028FAD016F08B
:1092E00059FFF7E7F047052030B51546102289B041
:1092F0000C4601460DEB02001BF0EBFE4FF4105341
:1093000080221021CDE90132084B224600930DEB5B
:10931000010005F580731BF0C9FD102104460DEB1B
:1093200001001BF0E0FE204609B030BD00444004BF
:109330001FB502464FF410538020CDE90130054B94
:10934000009301F58073002108461BF0AFFD05B0C6
:109350005DF804FB00444004102210B588B00C46B0
:1093600001460DEB02001BF0B4FE4FF410538022B7
:109370001021CDE90132094B224600930DEB01008B
:109380004FF480631BF092FD102104460DEB0100A9
:109390001BF0A9FE204608B010BD00BF0002C003AC
:1093A000002370B510250C4616468AB001461022DF
:1093B00006A805931BF08DFE05AB06AA0293304666
:1093C0002B46CDE900450849E8F7BCFB064629468F
:1093D00006A81BF088FE334629462046059A1BF056
:1093E0004EFD0AB070BD00BF0044400430B51C46BD
:1093F0000023102587B0059305AB0293CDE9004506
:1094000013460A4605490FF07EFE29460346059A93
:1094100020461BF034FD07B030BD00BF0002C00382
:10942000F7B50027054603200E460197EEF76CFBC3
:109430000122014601AB1046F0F744FE044618B184
:109440002F60204603B0F0BD3146094A01980FF065
:10945000F9FD0646019846B123F013F82C6030461A
:109460001BF002FD40F20744EBE72860E9E700BF8C
:109470000002C0032DE9F04147F2121380460F4667
:109480004FF48070002196B01160CDE901301F4B80
:10949000084600934FF4804316461BF007FD044630
:1094A000F8B904904122306804AB05A90FF01BFD08
:1094B000054640B9049D412D03D19DF81430042B7D
:1094C00013D06FF08305412105A81BF00CFE306816
:1094D0000FF041FC0023284633601BF0C5FC40F22E
:1094E0000744204616B0BDE8F08140460DF1150155
:1094F00020221BF0EEFD38460DF1350120221BF035
:10950000E8FD294605A81BF0EEFDEAE70000020988
:1095100010B58CB00C462022014604A81BF0D9FDE2
:1095200000234FF48072236047F21213CDE9013219
:10953000084B2246009320214FF4804304A81BF0DF
:10954000B5FC0446202104A81BF0CDFD20460CB03C
:1095500010BD00BF0000020930B504230D4697B0CE
:109560001446014620220DF115008DF814301BF031
:10957000B0FD29460DF1350020221BF0AAFD002385
:109580004FF48072236044F21213CDE90132084B8C
:109590002246009341214FF4804305A81BF086FC2E
:1095A0000446412105A81BF09EFD204617B030BDA2
:1095B0000000020970B51C460E46042396B01546FD
:1095C000014620220DF115008DF814301BF081FDAD
:1095D00031460DF1350020221BF07BFD00232026B3
:1095E000049304AB05AA29460293CDE90046412322
:1095F00007480FF09BFD0546412105A81BF073FDB0
:109600002B4631462046049A1BF039FC16B070BD3B
:1096100000000209074A1379834208D9012303FA9B
:1096200000F013681840003818BF01207047002070
:10963000704700BF804D0520054A03461068002290
:1096400008B91A60704700F001010A444008F7E7C2
:10965000804D0520014B1879704700BF804D0520D3
:10966000102A2DE9FF4706468846154621D80024D2
:109670004FF0010ADFF844900F4FD9F800200AFAA2
:1096800004F3134212D046EA042038436A46E9B292
:1096900080B206F019FB48B92A464146684615F0E3
:1096A000C0FA18B9E0B204B0BDE8F0870134202C4C
:1096B000E3D1FF20F7E700BF0080FFFF804D0520CA
:1096C00070B506460D46FFF7A5FF40B1054C44EACC
:1096D000062420461BF05CFC00B92C6070BD40F2F3
:1096E0000640FBE706800400F7B5044620F02DF89D
:1096F000FF2C4DD100F038FE0024594E3379A3429F
:1097000021D84FF400410024084606F03FFB2022F8
:10971000FF215448346015F0ADFA204600F088FE71
:10972000FF260446504D0CBB00F062FC0C214C4A55
:1097300043F6FF7006F0ACFA20213820494A06F0C3
:10974000A7FA00202AE0E5B22846FFF763FF58B1E8
:10975000052128461BF0CFFC032128461BF0CBFC3B
:10976000062128461BF0C7FC0134C7E794F8753082
:10977000FF2B05D02B7843B9132120461CF0C5FAE6
:10978000204600F055FE0446CDE784F87560F7E703
:109790002046FFF73FFF18B940F2064003B0F0BD86
:1097A0006B460622002120461BF0F1FC00283FD02A
:1097B00049238DF8063020024FF47F4140F40040E9
:1097C00006F0E4FA052120461BF095FC0321204613
:1097D0001BF091FC062120461BF08DFC0122204D40
:1097E000A2402B68204623EA02032B6000F0B0FD64
:1097F00000211C4B2A7908461D46013A8A4221DC89
:10980000FF260020AE5400F013FE0546164F002D33
:109810008CD095F87530A34205D13B78E3B913217C
:1098200028461CF072FA284600F002FE0546EEE7D4
:109830006B460622012120461BF0A9FC0028BAD065
:109840007223B6E71E78A64200D010B1587818707F
:10985000012001310133D1E785F87560E3E700BFEE
:10986000804D0520B0BF0620AEBF06202DE9FF4188
:10987000334C064601A8FFF7DFFE019A2379934295
:109880001ED86379012B3CD100274FF0FF383D46AD
:1098900010E02368EB40DB070BD5082202AB114632
:1098A000E8B21BF074FC20B1039B43453CBF2F463C
:1098B0009846013523799D42EBD3F8B2FFF714FFA8
:1098C00000250122236802FA05F73B4233D13B43CE
:1098D0002360A3680C21013343F6FF70184A7361BB
:1098E000A36006F0D5F998B1236823EA0703236043
:1098F000A368013BA3607361FF25284604B0BDE85F
:10990000F081022BF8D10F4B134413F8010CD5E76B
:1099100023790C4A013B52FA83F3934207D1EDB20B
:1099200015702021074A382006F0B2F9E5E713F850
:10993000011D5970F1E70135202DC4D1DCE700BFCE
:10994000804D0520B0BF06202DE9F04F00258BB0DB
:10995000754C04213F2003AA257006F0B5F900B12B
:109960000395039E002E63D00027721E5642564177
:10997000002525706D4C0C21224643F6FF7006F041
:10998000A3F9C0B10D23A380039B2560032BA56021
:1099900011D805AD2A46142143F6FF7006F094F95C
:1099A00048B995E8070084E8070022460C2143F6F1
:1099B000FF7006F06DF9039B042B05D004213F20B6
:1099C00003AA039106F064F920213820584A06F0D2
:1099D0007BF920B12022FF21554815F04BF90322D5
:1099E000237900255B00B3FBF2F3524A137000F0B9
:1099F000BBFC23799D421ED3002F58D01021372065
:109A000005AA06F061F978B9102105A800F084FBD9
:109A10000546102105A81BF066FB372006F070F9FB
:109A200015B1FF20FFF760FE4FF00008424F3BE00A
:109A300001273E469CE72368EB40DB070BD5082255
:109A40005FFA85F81146404605AB1BF0A0FB10B944
:109A50004046FFF749FE0135CBE75FFA88F94846F3
:109A6000FFF7D8FDF0B14FF0000ADFF8D0B01BF8D7
:109A7000015B10222946484605AB1BF088FB1028E5
:109A800027D105AA2946019048461BF03AFB019BC5
:109A90000090194605A81BF026FB009A9AB148468B
:109AA000FFF722FE08F1010823799845D5D336B196
:109AB0003D2006F025F9002523799D420FD3002093
:109AC0000BB0BDE8F08F45EA0820384380B206F0BD
:109AD00017F90AF1010ABAF1030FC8D1E2E7EEB2B1
:109AE0003046FFF797FDE8B104220C21304604AB65
:109AF0001BF04DFB04280AD1049B0122C3F3002371
:109B00008DF814300C21304605AB1BF00DFB1022F4
:109B1000002105A815F0AEF810220D21304605AB46
:109B20001BF002FB0135C7E7AEBF0620804D0520C4
:109B3000B0BF0620AFBF06200080FFFFE813040877
:109B4000F0B4114B114A1D7914460023D9B28D424D
:109B500004D914F8017B5E1C874205D10C4C247893
:109B60008C4203D9F0BC70473346EFE7134493426D
:109B700006D110702021F0BC3820044A06F088B8C5
:109B800013F8011D5970F2E7804D0520B0BF062083
:109B9000AFBF062020F00040A0F20540F8B5032832
:109BA00017D8DFE800F0021728330C790F78A4F1FA
:109BB0001B02534253414E88CD8801F108021948D7
:109BC000990015F039FB20B10771A0F80560C47148
:109BD0000581F8BD0E784D888C8801F10802124885
:109BE000002115F029FB0028F3D00671A0F80550DC
:109BF000A0F80740EDE70D480D784C6815F0E1FA44
:109C00000028E6D00571A0F80540E2E707480C7887
:109C100015F0D7FA0028DCD0072343710023047124
:109C20008371D6E70414040800140408FC13040824
:109C3000002110B5821D83880446084615F088FF70
:109C4000024648B1618820881DF0E7F804460348C1
:109C500020F0BBFB848010BD1A24F8E720020A170D
:109C6000002313B5CDE90033421DB0F80330B0F83E
:109C7000011000781BF0A5FA0446034820F0A5FB6C
:109C8000848002B010BD00BF20020A1940F20553C3
:109C900020F0004098422DE9F0410BD840F20153EA
:109CA000984209D840F2014398420DD040F20A434D
:109CB000984214D0BDE8F081A0F20350022816D8D3
:109CC000DFE800F024495C000D784C882D4815F041
:109CD00078FA0028EED00571A0F80540EAE72A4896
:109CE0000C7815F06EFA0028E4D00471E2E72748FA
:109CF0000F784E880D79CC8815F063FA0028D9D0FA
:109D00000771A0F80560C5710481D3E78C684E889F
:109D10000D790F7884B1B1F8068001F108021C4872
:109D2000002115F089FA0028C4D00771A0F8056059
:109D3000C571A0F80880BDE7234622462146144895
:109D400015F050FA0028B5D00771A0F80560C5716C
:109D500004724472AEE70F4891F800804F880E7984
:109D6000CD880C8915F02DFA0028A3D080F8048046
:109D7000A0F80570C671058144819BE70D784C6899
:109D80000548A4E72C14040818140408281404082F
:109D900024140408201404081C14040830B587B0E7
:109DA00005460C4600930749134603A802220DF00E
:109DB0006DFC28B9049B03A89D80DC8020F06CFA20
:109DC00007B030BD3814040830B587B005460C46DE
:109DD00000930849134603A802220DF057FC30B93E
:109DE000049B03A81D71A3F8054020F055FA07B0A5
:109DF00030BD00BF301404084FF0FF30014670B58D
:109E0000084A9368127B03EBC202934200D170BDF3
:109E1000D3E90054854274EB01063CBF2846214635
:109E20000833F2E78C4D05204EF6602337B50B4A18
:109E3000157954795D435C43A5420BD004210DEBA9
:109E400001001BF025F928B9019B641B0134A3FB19
:109E500004342C44204603B030BD00BF8C4D052097
:109E600038B5FFF7C9FFB1F1FF3F08BFB0F1FF3FC1
:109E700004460D460CD01FF09BFC064BA042A941A6
:109E800034BF211A00211869BDE8384006F044B8F3
:109E900038BD00BF8C4D05202DE9F84F1E4DAB7924
:109EA000DB0736D51FF084FC4FF0000906460F464D
:109EB0004FF0FF3A4FF0FF3B2B7B5FFA89F4A34250
:109EC00003D8BDE8F84FFFF7CBBFAB684FEAC40833
:109ED00053F8342003EBC4014B68964277EB03033D
:109EE00008D320461BF088FC0A2806D1AB684344FF
:109EF000C3E900AB09F10109DEE7FFF795FFAB68A5
:109F00008019984447F1000243F83400C8F804204F
:109F1000F0E7BDE8F88F00BF8C4D052038B50C4C3C
:109F2000A37923F00402DB07A27110D501200EF003
:109F3000A3F80EF013F850B16569FFF775FF0146FD
:109F4000284605F0E9FFA37943F00403A37138BD67
:109F50008C4D052008B518220021024814F08AFE15
:109F6000002008BD8C4D052038B50478C4B100220E
:109F7000082120460B4BF0F7A5F890B902461021B6
:109F80000120094BF0F79EF858B9084DFF21A86849
:109F9000E2002C7314F06EFE054928691FF0FEFBE9
:109FA000002038BD944D05209C4D05208C4D05208A
:109FB000999E010810B5002210210120054BF0F7F1
:109FC00081F8044620B9044B044958691FF0E6FBA8
:109FD000204610BDA04D05208C4D05201D9F010879
:109FE000024B987900F00100704700BF8C4D0520AE
:109FF00010B5094C206830B91BF094F80138C0B294
:10A00000012802D805481AF0B5FF00232360A37980
:10A0100023F00203A37110BD8C4D0520370004000E
:10A0200070B586B0FFF7E4FF1BF07CF8431EDBB28F
:10A03000012B154B88BF0023144E054601216846AD
:10A0400033600093FFF774F9044638B90098032D84
:10A05000306006D0B37943F00203B371204606B0F6
:10A0600070BD102201AB02A91AF0B5FF054618B960
:10A07000102102A81BF052FA102102A81BF033F89D
:10A08000002DE7D02C46E9E7370004008C4D052071
:10A0900038B5104CA3799B0709D520681AF078FFD2
:10A0A000B0B12D2815D1BDE83840FFF7B9BF1BF07E
:10A0B00039F80138C0B20128F5D8074D28461AF002
:10A0C00067FF0028EDD1A379256043F00203A37157
:10A0D000002038BD8C4D05203700040073B50E46B6
:10A0E0000546A8B1102913D1FFF7D2FF044660B985
:10A0F000084832462946006801AB1AF06CFF044656
:10A1000018B1314628461AF0EEFF204602B070BD65
:10A110002124FAE78C4D052037B505460C460DF095
:10A120001DFF10B1022003B030BD1BF080FB0028E2
:10A13000F8D124B903B0BDE83040FFF771BFE5B1F5
:10A14000102C1AD1FFF754FF1AF0ECFF431EDBB2BC
:10A15000012B0B4B88BF00230A4C0122284601A982
:10A1600023600193FFF7C0F80028DCD1019B236036
:10A17000A37943F00203A371D5E72120D3E700BF01
:10A18000370004008C4D052073B504461BF05CFEBF
:10A19000E51C032128461AF07BFF30BBE278637987
:10A1A000E2B922791A43F4D003F07F0343F040036D
:10A1B0006371FFF76DFF78B90D4B01AE324629464A
:10A1C000186820F0F5FA38B99DF80630BDF804207B
:10A1D000A37053232280A37102B070BDFF2AE3D184
:10A1E00022791A40FF2AD4D0DEE740F20740F3E795
:10A1F0008C4D05202DE9F041154F0446BB79DB0756
:10A2000023D53B7B834220D9BB684FEAC00803EBD0
:10A21000C00153F830204B68B3F1FF3F08BFB2F1E3
:10A22000FF3F12D11FF0C4FA06460D46FFF7FCFDB2
:10A23000BB688019984445F1000543F83400C8F81C
:10A240000450BDE8F041FFF70BBEBDE8F08100BF50
:10A250008C4D052010B5144C237B834222D9A26873
:10A2600002EBC00352F830105A68B2F1FF3F08BF4A
:10A27000B1F1FF3F16D04FF0FF304FF0FF31C3E98F
:10A280000001FFF7B9FDB1F1FF3F08BFB0F1FF3F9B
:10A2900004D12069BDE8104005F094BEBDE810402F
:10A2A000FFF7DEBD10BD00BF8C4D0520FF232DE95B
:10A2B000F74F264E0B70054688460622014630466B
:10A2C00014F0AFFC044690B1FFF7C4F94FF0000A58
:10A2D000814605F1030B5FFA8AF7B94510D82B6860
:10A2E0003360AB88B380FF23B3712D2404E0B379CE
:10A2F000FF2BFAD088F80030204603B0BDE8F08F7D
:10A300003846FFF787F9F0B1384601A9FFF7D8F9C9
:10A310002D28044617D00028EED16A4659460198E8
:10A3200020F046FA04460028E6D103222946684672
:10A3300014F077FC38B92B683360AB88B771B38001
:10A3400088F80070D8E70AF1010AC4E7D0BF0620F8
:10A35000044B9A79824204D100221A609A80FF222B
:10A360009A717047D0BF06200022034B1A609A8072
:10A37000FF229A71704700BFD0BF062070B5044617
:10A380000D461B4A13686BB393F87D1011F004015E
:10A390002AD1586810608C22184693F8706014F027
:10A3A00069FC034680F870602268C0F85A20A288D1
:10A3B000A0F85E20A27980F860202868D864AA7985
:10A3C000A98883F85220FF2283F8752083F876202D
:10A3D00040F6FF72A3F86E20064AA3F850101168E9
:10A3E00013605960184670BD1A1D5B68CBE700BF4B
:10A3F000A84D0520A44D0520054A0346106800B964
:10A400007047B0F86E209A42FAD04068F7E700BF74
:10A41000A44D0520054A0346106800B9704790F81E
:10A4200070209A42FAD04068F7E700BFA44D05209B
:10A4300010B9024B1868704740687047A44D05205A
:10A440000023114A2DE9F0418C2113608046024619
:10A450000120F7F715F9044620B905460B4E306088
:10A46000454502D32046BDE8F0810120F7F776F993
:10A4700007468C220021013514F0FCFB87F8705050
:10A4800037603E1DECE700BFA44D0520A84D052018
:10A49000012310B58B4090F87110044621EA0301A6
:10A4A00049B280F87110002949D11FF04AF92046BD
:10A4B0001DF003FE102104F118001AF014FE2046CE
:10A4C00001F0F6FE04F1380014F0E0FF20461DF024
:10A4D00025FD224A13681BB19C4231D16368136089
:10A4E000A36859050BD51A0509D443F40063A18963
:10A4F00094F87000A36004F1780204F055FF002383
:10A50000204663601FF0FCFF1AF094FE4FF4807247
:10A51000B2FBF0F2424394F870300344B3FBF2F123
:10A5200002FB1133DBB2591EC9B2FD29F5D884F8FC
:10A530007030002363600A4B1A6852B91C6010BD6A
:10A540001A465B68002BCBD09C42F9D163685360FC
:10A55000C6E71A68131D5268EFE700BFA44D052037
:10A56000A84D052090F8743003F00B03013BDBB2DB
:10A570000A2B9ABF014AD05C00207047401404089F
:10A580001FB5014690F870308DF80430FFF7EAFFF0
:10A59000B1F862308DF80C00ADF80630B1F86430D7
:10A5A00001AAADF80A30B1F86630054840F203114F
:10A5B000ADF808301FF0B8FF05B05DF804FB00BF30
:10A5C000EC4D052007B590F870308DF8051001AA04
:10A5D00040F2072103488DF804301FF0A5FF03B0B7
:10A5E0005DF804FBEC4D052038B50A4B04461B68AA
:10A5F0000D462BB143699B0702D51BF059FC30B1C6
:10A600002A4620680421BDE838401DF035BCA36906
:10A610009D6138BDAC4D0520014B1860704700BFEF
:10A62000AC4D0520024B1868003818BF0120704758
:10A63000AC4D052013B50446019120B901A814F0D2
:10A6400025FF212012E008460029FAD014F0ADFFC2
:10A6500080B20028F2D0094B20461B6801994BB10B
:10A66000984728B92046019900F090FF02B010BD2C
:10A670000020FBE701F0C8FBF3E700BFAC4D05206D
:10A68000436A73B59904044625D4FFF7A9FC636AAD
:10A6900003F4804308B3A26AD2041ED4D4F80100A4
:10A6A000002BB4F80520E37904F101050090294658
:10A6B0000CBF53201420ADF804208DF806301BF099
:10A6C000A2FB40B96946284600F092FB18B9636ABC
:10A6D00043F00803636202B070BD002BFBD1084D4C
:10A6E000661C2946304600F083FB0028F3D12B6816
:10A6F000C4F80130AB88A4F80530AB79E371E6E724
:10A70000FB4D05202DE9F0411E4E3071C0B333469C
:10A7100000224821EFF7D6FC38B905464FF048082B
:10A7200007463379AB4202DC0020BDE8F081346893
:10A73000002108FB05441422A76104F1340014F041
:10A7400099FAA0224FF4A073C4E90723072304F168
:10A75000100084F83130E773E77114F097FE04F1CC
:10A76000140014F093FE20461AF0DCFE40F20113B0
:10A77000E3857F23A76284F8323067620135D0E732
:10A780003060D1E7B04D0520074A03461179814278
:10A7900008D9106838B1482202FB0300406A00F073
:10A7A0000100704700207047B04D052038B50546C0
:10A7B0000C46FFF7E9FF034638B148220020044B5E
:10A7C0001B6802FB0533236038BD2120FBE700BF77
:10A7D000B04D05202DE9F04F0446364A93B010687D
:10A7E00051680FAB03C3906812AA1860E37B02EBB9
:10A7F0004303626A33F80C5C170548D40127B84656
:10A8000045F01005A67BC2F30043C6F3C0069203D1
:10A8100048BF43F0020386F00106B8F1010FD4E906
:10A82000072194F8009094F831A004F1080B0B91E3
:10A8300094F93240F6B209D0B8F1020F06D0B8F15F
:10A84000040F14BF4FF000084FF00308012F05D08C
:10A85000022F03D0042F14BF002703274846CDE959
:10A860000C231AF0FFFE0D9BCDE90770CDE903B371
:10A8700001232946CDE900A3DDE90B324846CDE9A5
:10A880000548029601F054FD13B0BDE8F08FA36AAD
:10A8900094F82E809E0648BF45F02005580648BF14
:10A8A00045F04005110494F82F7048BF45F00405A9
:10A8B000A8E700BF4C14040837B5044648B1047833
:10A8C0002046FFF761FF10B9002003B030BD01340E
:10A8D000E4B2074D2B79A342F6D9204601A9FFF730
:10A8E00065FF08B90198F0E70134E4B2F2E700BF70
:10A8F000B04D052070B5144B054619791868002332
:10A90000994201DC1A201AE0426AD60718D490F85E
:10A910003940640714D4DCB203460C4903F8014BF8
:10A92000D1F80B6042F00902C0F80160B1F80F6085
:10A93000497C9E8099714262FFF74CFF2C7070BD7C
:10A9400001334830DCE700BFB04D0520F04D052055
:10A9500073B50579C67801A92846FFF727FF00BB24
:10A96000019C2846636A23F010036362FFF772FCC0
:10A9700076B92946A069621C0F4B00F09DF822228F
:10A9800031460D48A66102B0BDE8704014F072B9BE
:10A9900020461AF0C7FD636A5A0604D523F0400327
:10A9A000636202B070BD284604F1340102B0BDE814
:10A9B000704004F033B900BF144E052037B504468B
:10A9C0000D461BF027F9698820461AF028FC6A7E9C
:10A9D0002B7E204643EA0223A4F862306A7F2B7F55
:10A9E00043EA0223A4F86430EA7EAB7E43EA022302
:10A9F000A4F866301B23A4F86C302D4B5A8B9B8B2C
:10AA0000A4F86820A4F86A30022384F872301EF09B
:10AA100097FE20461DF025FB94F87330022B15D1CC
:10AA200001F0C0FE70B194F87530FF2B0AD10521FA
:10AA30002046A36843F48053A36003B0BDE83040D0
:10AA40001BF063B9002120461AF0ECFB00212046E0
:10AA500000F048FA4FF6FF73288C984225D000F09A
:10AA6000F3F9009400F0DCF96A46ADF8040040F216
:10AA7000062110481FF058FD002240F20221204616
:10AA80001FF00EFD2046FFF77BFD20461DF0FCFA6F
:10AA9000204601F085FBA368012123F48043204672
:10AAA000A3601BF036F903B030BD0020D9E700BF2A
:10AAB000F04D0520EC4D0520F7B504460F4616462F
:10AAC00068465A79991D1D4600F070F92CB96946FF
:10AAD0003046FFF753FC0446A0B140F2032384F84C
:10AAE0007670A4F8723033682946C4F85A30B388B7
:10AAF0002046A4F85E30B37984F86030FFF75EFF3B
:10AB000003B0F0BD032140F206401DF075F96B88DB
:10AB1000A0F803300D2343710148F8F74BF8EFE735
:10AB2000A1390308A0F11B03E02B10B5044618D887
:10AB3000042142F224001DF05FF96FF06F034371AE
:10AB40004223A0F8034083710748F8F733F81DF05B
:10AB500056F9407920B11DF052F9407940F4805007
:10AB600010BD2120FCE700BFBD3A030807B590F8EF
:10AB700070304FF4887101AA03488DF804301FF03B
:10AB8000D3FC03B05DF804FBEC4D0520F7B5C678A7
:10AB900005463C2E00F1020404D103B0BDE8F040AC
:10ABA0001BF019B887792FBB234A156A1762D6B1F3
:10ABB0002146284646F480561BF02CF840F201212D
:10ABC0006A462846EE6085F87270CDE900561FF09F
:10ABD000ABFCAB68394643F480632846AB60FFF7B3
:10ABE00057FC03B0F0BD2146284603B0BDE8F04055
:10ABF000FFF7E4BE4FF6FF73408C98420DD000F093
:10AC000023F950B100F090F823460246FF210020BE
:10AC100003B0BDE8F040FFF74FBF2346074A223597
:10AC2000144618685968083303C4AB422246F7D16A
:10AC30001B882380D5E700BFF04D0520144E05206A
:10AC40001FB50446B0F80300FFF7D6FB08B3B4F80D
:10AC5000053090F87020A0F86C308DF80420ADF825
:10AC60000630227AE37940F2091143EA0223ADF873
:10AC70000830A27A637A084843EA0223ADF80A3022
:10AC8000227BE37A43EA022301AAADF80C301FF0DD
:10AC90004BFC04B010BD00BFEC4D05201FB50446B1
:10ACA0008088FFF7A9FB80B190F870300E218DF8F5
:10ACB0000430D4F806300648CDF80530D4F80A3010
:10ACC00001AACDF809301FF02FFC04B010BD00BF61
:10ACD000EC4D052013B504468088FFF78DFBD8B1F5
:10ACE00090F870306A468DF80030E3784FF40371C5
:10ACF0008DF80130A37909488DF80230E3798DF899
:10AD00000330237A8DF80430637A8DF80530A37A06
:10AD10008DF806301FF008FC02B010BDEC4D052088
:10AD200000487047FB4D052008B5FFF759F9044B63
:10AD30001A460733002808BF1A46104608BD00BF50
:10AD4000F44D052010B58379044613F0280F21D067
:10AD50000268114BC3F80B208288A3F80F20827978
:10AD600000205A74FFF7A8FD20B9BDE81040032069
:10AD70000DF082B9436A13F4C04FF3D1226843F057
:10AD80000803C0F80120A288A0F80520A279436238
:10AD9000C271E7E7212010BDF04D05204379024A3A
:10ADA0009B09D05C704700BF681404080B6810B59D
:10ADB00003608B88FF2A0446838002D10723A37196
:10ADC00009E0032A08D8054B9B5C072B837102D14D
:10ADD000FFF7E4FFA07110BD0023F0E76C14040836
:10ADE0008379024A03F00703D05C704760140408BB
:10ADF00010B58B798279094C02F0070203F0070342
:10AE0000A25CE35C9A4206D1062213F00AFFB0FA74
:10AE100080F0400910BD0020FCE700BF5814040872
:10AE200060B11422074B1B68C31AB3FBF2F3007C1A
:10AE3000DBB240EA032000B280B270474FF0FF302F
:10AE4000FAE700BF24C5062010B5024614240849BD
:10AE50000B7A0968FF2B01D1002010BD6343C8188D
:10AE6000CB5AC3F30B039342F7D0437CF2E700BF06
:10AE700024C50620F722014B1A8070477AC60620A7
:10AE800010B5044658B30068836CA3421FD16368B1
:10AE90008364224612491FF013FB04F10C001FF0DB
:10AEA0002FFB04F1440014F0F1FAA06948B114300A
:10AEB00014F0ECFAA069183014F0E8FAA06914F064
:10AEC00099FE2046BDE8104014F094BE1346002BB6
:10AED000DFD05A68A242F9D162685A60D9E710BD42
:10AEE000415F030870B5054648200E4614F080FE09
:10AEF000044650B1FFF796FB60B11C2014F078FEB9
:10AF0000A06128B9204614F075FE0024204670BDCB
:10AF100000230370032128461AF084F9AB6C224603
:10AF20006360AC6417232681002663811449284698
:10AF30002560267766640CF07DFE04F019F8324631
:10AF4000014604F10C000CF075FE02232374FFF798
:10AF500069FB18B90B4B1B78002BD7D00A4B19880B
:10AF60001729D3D920461AF0EFF90028CED11321A2
:10AF700020461AF0AAFF636943F002036361C5E744
:10AF8000415F0308D7BF06207AC60620F8B50546FC
:10AF900010B34C1C20D0114C2468247E8C421BDD45
:10AFA0003F2919DC032701F0030600EBA10191F80A
:10AFB00031407600B74002F0030224EA0704B240B1
:10AFC000224381F8312013B100211BF037F82846C5
:10AFD000BDE8F8401BF091B8F8BD00BFC04D05209A
:10AFE00070B5164600221A7032800A7A0D46072A7A
:10AFF0004DD8DFE802F004090D111A1E304AE86846
:10B0000030F8023B338043E0EB68981D5B88F9E73A
:10B01000EB68981D9B88F5E7697B1BF05CF80222C2
:10B020001C4B18801846328032E002231A483380C5
:10B030002EE01A4C2B7BE88923702B88E11C01330E
:10B0400063702B8801331B12A37000F0A7F9033043
:10B05000308020461CE0124CA889EB89020AA370BC
:10B060001B0A20706270E37000F00EFA58B1C368DA
:10B070001A88022A07D19A782271DB786371062335
:10B080000748338004E00423FAE780221A70002086
:10B0900070BD00BFF1BF062070140408DEBF06209B
:10B0A000D8BF0620054A064B1860136843F0010319
:10B0B0001360828B034B1A80704700BFB84D052088
:10B0C000C04D0520FCBD062010222DE9F04FDFF811
:10B0D00058818FB0002105460DEB020013F0CAFD28
:10B0E000D8F8001011F008040AD04D4B03F11002FB
:10B0F00053F8041B934245F8041BF9D100242CE0BB
:10B1000021461022284613F0B5FD02A904A8029496
:10B11000FEF722F9044600BB0390029903A8FEF74C
:10B120007FF90446B0B982463E4BA2B21B68D9886B
:10B13000914216D8294603A819F070FF04460298D8
:10B1400019F018FF002C5AD010220021284613F0C5
:10B1500091FD02E0029819F00DFF20460FB0BDE806
:10B16000F08FD3F800B0A7B24FEA07190BEB07171F
:10B170003846ADF806A01BF0AFFB0646384600F097
:10B1800053F9002839D0A6F520539BB2032B02D9DE
:10B19000B6F5245F23D13BF809303946ADF82030AD
:10B1A0000DF1060200200DF10503ADF82260FFF756
:10B1B00017FFBDF806600146324609A813F086FD68
:10B1C000321D039808A919F020FF0646A8B103A86C
:10B1D00019F044FF029819F0CDFE3446BDE706F59C
:10B1E0005643FF339BB2042B07D83BF80930ADF828
:10B1F0002260ADF820300026E2E7013494E7084BE6
:10B2000005F1100255F8041B954243F8041BF9D1CF
:10B21000D8F8003043F00803C8F800306EE700BFEC
:10B22000F3BF0620C04D0520B84D0520134B014645
:10B230001B6870B513F0040306D00022104B1C6885
:10B24000E38990B2834209D80E4A14680022E58946
:10B2500090B2854209D84FF6FF7005E0A56835F831
:10B26000125001328D42ECD170BDA66836F81260E2
:10B2700001328E42ECD1034498B2F5E7B84D052077
:10B28000BC4D0520C04D0520094B1B685B070AD546
:10B29000084B1A68D389834203D9936833F81000A6
:10B2A0007047C01A80B2044B1B689B68F6E700BF6A
:10B2B000B84D0520BC4D0520C04D052038B50468AB
:10B2C00005460C222046084913F0ABFC50B9022277
:10B2D000064904F10E0013F0A4FC18B902200C3446
:10B2E0002C6038BD1020FCE7731404088114040896
:10B2F0002DE9F7431028019146D101A8FFF7DEFFA1
:10B30000022806D1019B1888FFF790FF03B0BDE823
:10B31000F0831F4B019F1E6816F0040608D000241E
:10B320001C4BD3F80080B8F81660A5B2AE420BD81B
:10B330000025194BD3F80080B8F81690ACB24C45F4
:10B3400010D34FF6FF70E1E7D8F81000102200EBA1
:10B350000410394613F065FC01340028E5D145F4AA
:10B360000040D3E7D8F81000102200EB0510394652
:10B3700013F057FC01350028E0D1A0196FEA4040D6
:10B380006FEA504080B2C1E70228DAD1BAE700BFC5
:10B39000B84D0520BC4D0520C04D0520020408B560
:10B3A0001DD5124BC0F30E001B685B0713D5104B65
:10B3B0001A68D38A98420CD2136903EB001000F18B
:10B3C000100350F8042B984241F8042BF9D11020B7
:10B3D00008BDC01A80B2074B1B681B69EDE7FFF779
:10B3E00053FF0870000A48700220F1E7B84D0520AD
:10B3F000BC4D0520C04D052038B50446094B1B68DF
:10B400001D68A54209D2204621B91BF06FFA30B160
:10B41000103402E01BF073FA08B1204638BD103C2E
:10B42000EFE700BFC04D0520437ADA0702D5C3F32A
:10B4300080007047034BC0881B881840003818BF35
:10B4400001207047FCBD06200C4B0246186810F026
:10B4500001000AD03AB10A4B1B68DB88934234BF23
:10B46000002001207047104670472AB1054B1B8809
:10B47000934294BF00200120704700BFB84D0520C3
:10B48000C04D0520FEBD062070B50146FFF7DCFF6C
:10B49000E8B10F4B1A68D5888D4209D301F180506D
:10B4A00013680138040103EB00101B5B8B420ED0C4
:10B4B000002398B2854201D8002008E016681C01DC
:10B4C000345B06EB03108C4203F10103F1D170BD34
:10B4D000C04D05202DE9F34100250E46A846174F23
:10B4E00001903A68ABB2D18899421DD91468ABB2C9
:10B4F00004EB0314B4F90430002B1CDA2046FFF7E8
:10B5000093FFC0B1E1680B889E4214D13246019886
:10B51000023114F0E2FAE36882B21B88934207D04A
:10B52000114601A814F0E3F8404602B0BDE8F081EE
:10B5300043441FFA83F80135D3E700BFC04D05200F
:10B540007FB5114B0E4605460446039320B92046AD
:10B550001AF02DFD0446A0B120461AF059FD02460E
:10B5600068B9314620461AF09DFE022807D1802393
:10B57000314600932046042303AA1BF0E5F9002D71
:10B58000E5D004B070BD00BF0100FFFF2DE9F04F12
:10B5900097B0834609911AF081FC099883790C339E
:10B5A000C45CC51814F001F8202C0646099F17D872
:10B5B000012C05D9C44BA21ED2B2D340DB0713D451
:10B5C0002146062300225846009719F0CEFE41F28C
:10B5D000061458461AF067FC204617B0BDE8F08FF5
:10B5E00004F07F03522BEBD1384697F8068013F016
:10B5F000DCFFBBF80A2083B29A4214D214F0010295
:10B6000040F08F8004F07F03522B00F08A801E2CC4
:10B6100000F08780099B214600935846042319F0C7
:10B62000A4FE2124D5E747443A7B013B202A9BB264
:10B6300046D8012AE2D9023A1E2ADFD801A151F8E0
:10B6400022F000BFDDB60108FDB50108E1B6010832
:10B65000FDB50108D7B60108FDB50108CDB6010852
:10B66000FDB50108DDB60108FDB50108E1B6010828
:10B67000FDB50108E5B60108FDB50108CDB6010824
:10B68000FDB501080FB70108FDB50108FDB50108BA
:10B69000FDB5010813B70108FDB5010817B701088A
:10B6A000FDB50108FDB50108FDB50108FDB50108AE
:10B6B000FDB501081BB70108FDB50108E5B6010895
:10B6C000522A24D0D22A99D10D2B05E0062B0DD079
:10B6D000142B93D10AE0052B90D907E0022BF8E751
:10B6E000042BF6E7032B89D9DF0787D4022C00F05F
:10B6F0000B81DBF800309B68980516D40BF14400F1
:10B7000013F0C4FE099BCBF84430002461E7012B01
:10B71000E2E7032BE0E7012BDBE7002B7FF46EAFC2
:10B72000E4E709A813F0B2FE7BE71E2C00F0368395
:10B7300058461AF06DFC0746002840F082805846B3
:10B740001AF061FC00287CD004F07F03522B00F03B
:10B75000CC80082C68D1B6B2152E14BF0220102060
:10B76000691D1AF03BFC00285ED0DBF81430584607
:10B77000D9074BBF23F0010343F0010339460121F0
:10B780004CBFCBF81430CBF814301AF057FC0998A2
:10B790000D9019F055FD0446B0F80180B0F8039003
:10B7A0000D9813F002FF152814BF0225102505344B
:10B7B00021462846FFF79CFD2146039028461AF0B3
:10B7C0000DFC0D9A0490B8F1000F00F04F81C845B0
:10B7D00000F24C810221092019F053FDBBF80A70D8
:10B7E0008246023FBFB23E4640464FF0FF354946D3
:10B7F000039A1AF0F7FE0446002800F078811AF048
:10B80000D9FC002800F090810122214658461AF008
:10B8100062FD03468DF82E00002800F02B810D9A62
:10B82000009222460821B0E0DBF8143013F0010644
:10B830004CD023F0010300215846CBF814301AF005
:10B84000FDFB202C55D8231F1C2B57D801A252F8E2
:10B8500023F000BF3FBB0108FDB8010837BC010859
:10B86000FDB801088FB70108FDB8010821BD010826
:10B87000FDB801083FBD0108FDB8010855BD01082C
:10B88000FDB801083FB90108FDB801086DBD010808
:10B89000FDB80108FDB80108FDB8010889BD01081F
:10B8A000FDB8010893BD0108FDB80108FDB8010805
:10B8B000FDB80108FDB80108FDB801089DBD0108EB
:10B8C000FDB8010863BD01085555515043F001030F
:10B8D00001215846CBF814301AF0B0FB122332463F
:10B8E00021465846009619F040FD09A813F0CEFDF8
:10B8F0000BE7522C00F04182D22CF6D0099B00229B
:10B9000000932146062340E0099DB94C284619F0D2
:10B9100097FC2188B0F801602A46584619F03AFD94
:10B920002388BBF80A10B34228BF3346172BB8BF91
:10B9300017235846ABF80A301AF09CFAE5E6099F3F
:10B94000384619F07DFC0546B0F80180B0F803A038
:10B95000384613F02AFE15280CBF20460220691D28
:10B96000FFF7C6FC0590B8F1000F0AD0D04508D803
:10B97000B5F8053004931AF091FF50B910230097E1
:10B9800001E00123009742461021584619F0EDFCD2
:10B99000BBE63A460221112019F073FC44464FF0F1
:10B9A000FF35BBF80A3006909E1E0393063B9BB200
:10B9B000B6B2089351462046059A1AF013FE814606
:10B9C00068B35146049A1AF05AFE044648461AF0E3
:10B9D000F1FB40B94FF6FF739C4201D00134A4B291
:10B9E0005445E7D91BE04FF000030DAAADF8343001
:10B9F00049460CAB58461AF003FD039ABDF83430A3
:10BA0000053A9A42089A0790D8BF1346002DADF820
:10BA1000343009DB9D4202D1EB1CB34208DB6A1CC7
:10BA20001CD10A230097AEE7351F9D42A8BF1D46D3
:10BA3000042211A93846ADF84490ADF8464014F000
:10BA40004CF82A463846079914F047F84FF6FF732A
:10BA5000043E761B9C42B6B2C0D1E0E73946069B55
:10BA600004355D705846FEF7BFFD4EE60123009297
:10BA70004246D7E6049B13B120461AF084FB2046C9
:10BA80001AF0B0FBD8B1002D54DC0DA813F0FEFC69
:10BA9000082358468BF81C3050F80C2B40F202510A
:10BAA00092F870208DF8483000238DF8442011AAB8
:10BAB000ADF84640ADF84A301EF036FD25E6ADF84B
:10BAC00044000DF12E032146584611AA1AF098FCA5
:10BAD000BDF844300590BB4228BF3B46002DADF871
:10BAE00044300ADB9D4202D16B1CB34209DB6B1C64
:10BAF00020D10D9B00930A23BAE7B51E9D42A8BF33
:10BB00001D4602220CA90D98ADF8304013F0E5FF58
:10BB10002A4605990D9813F0E0FF4FF6FF73023E99
:10BB2000761B9C42B6B2E2D0601C80B28145BFF465
:10BB30005EAEDCE702350D998AF8015092E7DDF838
:10BB40002490484619F07CFBB0F80180B8F1000F52
:10BB500047D0B0F803309845049342D84FF6FF77AA
:10BB60004A460221052019F08CFB4546BA46BBF82F
:10BB70000A400590023CA4B2294658461AF014FE29
:10BB8000504506464FD04FF40062294658461AF0F9
:10BB9000A2FB002842D130461AF09CFE00280CBFC0
:10BBA000022310235745039324D030461AF092FE07
:10BBB000069038461AF08EFE069B834206D1039B00
:10BBC000022B0CBF03231123A34214DB38461AF0C7
:10BBD00081FE059B013019465870584619F0AEFB9E
:10BBE00093E50123CDF8009042460421CDE600BF45
:10BBF0007AC6062037460DF146013046ADF844506E
:10BC0000FFF7CCFB039B48469A1C11A913F065FF74
:10BC1000039B023CE41A5545A4B2D7D0049B0135DE
:10BC2000ADB2AB42A8D24FF6FF739F42CED10A23EA
:10BC3000CDF80090D8E7DDF824900024484619F0AC
:10BC4000FFFAB0F80530B0F803A0B0F8016007467D
:10BC50004846039313F0A9FCC51FADB2102D0C94F8
:10BC60005AD82A46F91D0DA813F030F8002E55D0E9
:10BC7000564553D84A460121072019F002FBA04639
:10BC8000074633460A249A45049307D93946BBF838
:10BC90000A0019F0D9FA0328049B04D8B8F1000F60
:10BCA0001CD0394699E7ADF84430039B5846ADF8AF
:10BCB00048300DAB139300230BAA009311A90DF18B
:10BCC0002E03ADF846A0ADF850501AF004FD0A2836
:10BCD0000446E3D0BDF82C3030B11E462346324630
:10BCE0000621CDF8009050E6ADF83030BDF82E308A
:10BCF0000CAAADF8323039460423BBF80A0019F01B
:10BD0000AEFA4FF6FF72BDF82E309342C9D0013320
:10BD10004FF001089BB2B6E70424DFE70124DDE71A
:10BD20000A23099C8BF81C30204619F089FA234617
:10BD30000022B0F8011058461AF0D6FEE5E4099C3E
:10BD4000204619F07DFA0C238BF81C30B0F8032044
:10BD50002346EEE75A460F210E20099B1AF01CFFDE
:10BD6000D3E45A4621212020099BF7E75846099A37
:10BD7000B5F801101BF096F8C7E45846099AB5F8D3
:10BD800001101BF0E5F8C0E4584609991BF01FF9B3
:10BD9000BBE4584669781BF088F9A6E558461BF0C5
:10BDA000A4F9A2E57FB5174A0646136842F60520B6
:10BDB00023F0080313601AF050FC054650B16846A2
:10BDC000FFF782F900201AF0F2F8044620B929465C
:10BDD000FFF7B6FB04B070BD1022684604F12101E4
:10BDE00012F01FFF38B1012120461AF027F96369CC
:10BDF00023F0010363611EB1314620461AF005FDB0
:10BE00002046E0E7B84D052037B58B790A460C335C
:10BE1000CD180191C95C044611F0010329D01D29F8
:10BE20000AD101211E2019F02CFA0146204619F0F2
:10BE300085FA012003B030BD032916D10E4BB5F8A9
:10BE400001201B884189934228BF1346172BB8BF96
:10BE5000172343811AF00EF8636940F2094123F079
:10BE60000203204663611AF02DF801A813F00EFBBF
:10BE7000DFE71846DEE700BF7AC6062038B5124B6A
:10BE800004461B8842898B4228BF0B46172BB8BF3C
:10BE900017231146438119F0EDFF636923F0020374
:10BEA0006361A3699D693DB10022294620469A61DC
:10BEB000BDE83840FEF798BB40F2094120461AF031
:10BEC00001F8A3691D7038BD7AC606200148FEF747
:10BED000A3BB00BFF9E801080022024BC3E900221E
:10BEE0009A607047C84D0520014B1860704700BF2D
:10BEF000C44D052013B500F0F9F978B101908379AC
:10BF00000C33C418204604F0B7F8034610B120469D
:10BF100001A9984701A813F0B9FA08E000F0F2F976
:10BF2000019020B1034B1B68002BF3D0984702B05F
:10BF300010BD00BFC44D052010B50446062142F2D5
:10BF400005001BF059FF2368C0F80330A388A0F850
:10BF500007300648F6F72EFE1BF051FF407918B166
:10BF6000BDE810401BF011BF10BD00BF212C01081F
:10BF700010B5044606214FF628401BF03DFF23680C
:10BF8000C0F80330A388A0F807300648F6F712FE81
:10BF90001BF035FF407918B1BDE810401BF0F5BE2D
:10BFA00010BD00BF612D010838B505460C4669B9C2
:10BFB000022142F21B001BF01FFFB5F86E30A0F803
:10BFC00003300D48BDE83840F6F7F4BD122142F2C7
:10BFD0001A001BF011FF2146B5F86E30053020F82D
:10BFE000023C04F1100351F8042B994240F8042B51
:10BFF000F9D10248E6E700BF1F3903085B3903089F
:10C0000008B5002142F20E001BF0F6FEBDE8084024
:10C010000148F6F7CFBD00BF8D3A030838B590F858
:10C0200072300446032B154606D1FFF7E9FF0123C2
:10C03000002084F8723019E0C9B9012B2DD90321F1
:10C0400040F206401BF0D8FEB4F86E304571A0F8FF
:10C0500003301348F6F7AEFD1BF0D1FE8378002BBA
:10C06000E5D01BF0CCFE807840F4805038BDA3B101
:10C0700002214FF604401BF0BFFEB4F86E30A0F86A
:10C0800003300848F6F796FD1BF0B9FE4379002B04
:10C09000CDD01BF0B4FE4079E6E70220E6E700BF12
:10C0A000A1390308D7390308F8B507460E4642F20E
:10C0B00013000E2115461C461BF09EFEB7F86E308D
:10C0C000A0F80560A0F80330BDF81830A0F80750BC
:10C0D000A0F80B30BDF81C30A0F80940A0F80D30D6
:10C0E000BDF82030A0F80F300648F6F763FD1BF0CE
:10C0F00086FE807820B11BF082FE807840F480506C
:10C10000F8BD00BF193A0308F8B507460D4642F2DC
:10C1100019001C211C4616461BF06EFEB7F86E3047
:10C120000F3020F80C3C2B6804F1100240F80A3C58
:10C130006B6820F8026C40F8063C234653F8041B59
:10C14000934240F8041BF9D10648F6F733FD1BF083
:10C1500056FE807820B11BF052FE807840F480506B
:10C16000F8BD00BFC738030870B506460D4642F259
:10C170007A00042114461BF03FFEA0F803604571CD
:10C1800084710648F6F716FD1BF039FE407918B1A8
:10C19000BDE870401BF000BE70BD00BF353E030817
:10C1A00010B50446022142F230001BF025FEB4F81F
:10C1B0006E30A0F803300B48F6F7FCFC1BF01FFEB6
:10C1C00043792BB91BF01BFE017A2046FEF7FAF9E2
:10C1D0001BF015FE407920B11BF011FE407940F4B0
:10C1E000805010BDD92D0108014813F06EB900BF71
:10C1F000CC4D052040F6FF732DE9F3410D46B0F814
:10C200006E100192994205D101A813F03FF902B0D6
:10C21000BDE8F081114614460122002C38D1234894
:10C2200013F025FAFFF7E0FF04460028EFD013F0E3
:10C23000BCF994F8058087B228F0010363710421EA
:10C240002046A66813F0F2FA0446437918F0010F6D
:10C2500014BF43F0010303F0FE0343718179B6F884
:10C260006E200C3103F00103866083F001036254F9
:10C27000C2F30322084442EA031242704780224676
:10C28000304629461DF05EFA2046F6F7A7FCC9E7BE
:10C290006379A0603AB143F0010323F002036371B4
:10C2A00000222468B9E703F0FE03F6E7CC4D052031
:10C2B000F8B50024094F0546786800B9F8BD8368D1
:10C2C00006689D4207D1F5F759F814B1266030464B
:10C2D000F3E77E60FBE70446F9E700BFC84D0520A1
:10C2E0000146014813F0C3B9D04D0520014813F0B1
:10C2F000ECB800BFD04D05200146014813F0B7B996
:10C30000C84D0520034803680BB113F0DEB818468A
:10C31000704700BFC84D0520044B1A6822B99868C1
:10C32000003818BF0120704701207047C84D052014
:10C330002DE9F041154606460F4642F23600192116
:10C340001C46DDF824801BF057FD2B0AC371230A1D
:10C3500083729DF81830857103739DF81C30447208
:10C3600043739DF820302D0C240CC6708780057215
:10C37000C4728373D8F80030C0F80F30B8F80430B6
:10C380008676A0F813309DF8283043759DF92C303F
:10C3900083759DF83030C375002303769DF83430E3
:10C3A00043769DF83830C3760648F6F703FC1BF059
:10C3B00026FD407920B11BF022FD407940F48050E9
:10C3C000BDE8F081457D010838B505460C464FF6BD
:10C3D000194005211BF010FDC57044600548F6F7B3
:10C3E000E9FB1BF00CFD407918B1BDE838401BF0AB
:10C3F0000DBD38BD0B38030838B505460C464FF661
:10C400001A4005211BF0F8FCC57044600548F6F79A
:10C41000D1FB1BF0F4FC407918B1BDE838401BF0AB
:10C42000F5BC38BD3B38030870B50D460646012102
:10C43000DAB1FFF7C9FF0446A8B9072142F2350077
:10C440001BF0DAFCC6702B684360AB880381084898
:10C45000F6F7B0FB1BF0D3FC437923B11BF0CFFC04
:10C46000447944F48054204670BDFFF7C5FFE2E7ED
:10C470000D3703080A4610B50421044642F237007E
:10C480001BF091FC032303710023C470437183717B
:10C490000548F6F78FFB1BF0B2FC407918B1BDE8F8
:10C4A00010401BF0B3BC10BD453703080A4610B559
:10C4B0000421044642F238001BF075FC032303718B
:10C4C0000023C470437183710548F6F773FB1BF0BA
:10C4D00096FC407918B1BDE810401BF097BC10BD28
:10C4E000A9370308F8B506460F4642F2390006217F
:10C4F00014461D461BF080FC01238471240A03713D
:10C50000C7704671C47105720548F6F753FB1BF0FE
:10C5100076FC407918B1BDE8F8401BF077BCF8BD57
:10C52000257F01080148FFF7DFBC00BF31C50108C6
:10C530002DE9F04F867987B00C3605900546805B73
:10C54000C0F30B00FDF758FF044618B905A812F018
:10C550009DFF4EE090F87230022BF7D1AB5B059A4D
:10C56000C3F30B0103F44053B3F5805F9060A9530C
:10C5700042D1537923F001035371836B002BE5D033
:10C58000042105A804F1380613F08AF8304605990D
:10C5900013F06DF8A06B002301465A1CA9BBDBB257
:10C5A000012B01D913F0D4F8A06B12F0FEFF032881
:10C5B0001FD9D4F83890484699F8067012F0F5FF64
:10C5C0000C3709EB070539F80770A0F10408474557
:10C5D000D4F8389020D9514F07F1100A57F804BB0E
:10C5E0004B46424629462046D847574510D000289A
:10C5F000F4D007B0BDE8F08F383012F047FF059A4D
:10C60000537943F001035371BAE713460968C4E74D
:10C610000028EED130469AE7484612F0C6FF0437AC
:10C620008742F7D36988A1F140033F2B0BD804213F
:10C63000304613F035F82046A26B69881BF066FC83
:10C640000023A363D5E705290BD0062961D004296F
:10C65000E0D1304613F024F8A16BA06CFDF7EAFF9F
:10C66000EEE7294620461BF04FFC02460028D1D1B8
:10C670002B79122B06D0132B36D0204669791BF06C
:10C680001BFCC7E794F87330022BF6D040F67A40D3
:10C6900029898B1F9BB2834224D86A89931F9BB23E
:10C6A00083421FD891421DD8AB89B3F5FA7F19D2C6
:10C6B00040F6764CEF89A7F10A0080B2604511D8A8
:10C6C000B4F86A000290B4F86800CDE90070204622
:10C6D000FFF7EAFC021E18BF0122204669791BF011
:10C6E000A7FB97E70122F8E794F87330012B03D1F9
:10C6F000204669791BF0E0FBA3681A048AD523F46D
:10C700000043A3602B89012B84D12046FEF72EFA2B
:10C7100080E72046A16B1BF0A2FC91E7841404087B
:10C7200010B5044618F0FEFC30B1003C18BF0124DF
:10C730000020024B1C7010BD0E20FCE7D44D0520DC
:10C740000C4B01461A7892B95B689B070FD490F89E
:10C750007520FF3A18BF012291F8523013F04000C3
:10C760001EBF91F86000C0F3801010407047012296
:10C77000F2E700BFD44D0520024B586800F00200DC
:10C78000704700BFD44D0520024B586800F00800E8
:10C79000704700BFD44D0520014B1B68184700BFF0
:10C7A00030C5062008B518F0BDFC012809BF034BB1
:10C7B0000020586800F0100008BD00BFD44D0520CF
:10C7C00007B502460529084634BF0846032012F083
:10C7D000010101D0032811D0094B5A6002F08003F7
:10C7E000019302F04003009302F0200302F00402E0
:10C7F00000F084F9002003B05DF804FB2120FAE783
:10C80000D44D0520094B0A4A10B51A60094A5A60EE
:10C81000094A9A6000F0E4F9032104460020FFF77A
:10C82000CFFF0022054B20461A7010BD30C50620F0
:10C83000F1CA010849CB0108C1DD0108D44D05202A
:10C84000054A08B5431C934203D800F077F900204D
:10C8500008BD2120FCE700BF40420F0038B5054667
:10C860000320F4F7E5FF0446C8B195F87030037073
:10C8700095F8753043702846FDF774FE2246A07087
:10C8800040F2026106481DF00BFE064B28469B68ED
:10C8900001219847BDE83840FF20FDF759BD38BD5C
:10C8A000EC4D052030C5062070B5054608200E4623
:10C8B000F4F7BEFF044680B195F870300021037094
:10C8C000064B46609B68284698472246BDE8704064
:10C8D00040F2016102481DF0E3BD70BD30C5062085
:10C8E000EC4D052038B5054608200C46F4F7A0FFAE
:10C8F000024638B1C0E90054BDE838400D21024875
:10C900001DF0CEBD38BD00BFEC4D052038B5054645
:10C9100008200C46F4F78CFF024650B195F87030B1
:10C9200040F20561037044600248BDE838401DF0E4
:10C93000B7BD38BDEC4D05201FB504460191C2B10D
:10C9400004210DEB010018F0A3FB58B14FF0FF33A9
:10C9500045F2180203930021204603AB1BF0CCFCE8
:10C9600004B010BD019B0F4AB3FBF2F102FB11337F
:10C97000019345F21802002101AB20461BF0BCFCDC
:10C980000820F4F755FF02460028E9D094F87030EB
:10C9900040F204610370019B436003481DF080FD79
:10C9A000DEE700BF40420F00EC4D052010B5044605
:10C9B0000120F4F73DFF024648B194F8703040F290
:10C9C00003610370BDE8104001481DF069BD10BD52
:10C9D000EC4D052038B5054608200C46F4F728FF35
:10C9E000024650B195F8703040F207610370446020
:10C9F0000248BDE838401DF053BD38BDEC4D052060
:10CA000010B50F4C2368D3B10022D3F8A0001A77D9
:10CA100083F83D2083F85E2018F0ACFA20684421AA
:10CA2000603018F060FB206821211D3018F05BFB9E
:10CA300020682121BDE810403E3018F054BB10BDE5
:10CA4000DC4D052070B50C460646154620462022D2
:10CA5000144912F0E6F860B920222846124912F073
:10CA6000E0F830B9114B1B681B7DC3B140F20340A5
:10CA700070BD366C2022204606F1510112F0D1F82B
:10CA800038B92022284606F1710112F0CAF80028B0
:10CA9000ECD02946204618F0EDFA0028E6D1002017
:10CAA000E6E700BF5415040834150408DC4D0520E2
:10CAB00000F0C003402B07D1094B1B6873B100F095
:10CAC0003F0053F820007047802B01D1054BF4E75D
:10CAD000054A0648C02B18BF1046704702487047E9
:10CAE000E44D0520E04D0520CDCC0108CD8A03089A
:10CAF000014B1B68187A7047DC4D0520003918BFC0
:10CB00000121003B18BF012310B50B4C003A2468EB
:10CB100018BF0122A3749DF808302070003B18BF95
:10CB20000123E3749DF80C302174003B18BF0123EE
:10CB30006274237510BD00BFDC4D0520014B1B68DE
:10CB4000D8607047DC4D052001280AD002280ED09D
:10CB500098B90B4B1A68936943F001030020936165
:10CB60007047074B1A68936943F00203F6E7044BDA
:10CB70001A68936943F00403F0E72120704700BF6F
:10CB8000DC4D052038B5094D2C685CB9A42013F0A4
:10CB90002FF8286040B12246BDE8384004490548D6
:10CBA0000BF048B8002038BD1A20FCE7DC4D05200A
:10CBB00041810308E84D0520024B034A00201A601A
:10CBC000704700BFE44D0520F0140408024B034AEF
:10CBD00000201A60704700BFE04D0520C81404080B
:10CBE00010B50C4CFFF70CFF2068A42118F07BFA5D
:10CBF0000322236800201A704FF0FF32DA601022FF
:10CC0000187783F83D0083F85E00188298741A72D2
:10CC1000986110BDDC4D0520F8B594461A46274BA7
:10CC200006461D6808462B7F022B19D10F4605F1D9
:10CC3000600405F1800354F8041B9C4247F8041B70
:10CC4000F9D1604605F1A00354F8041B9C4240F85A
:10CC5000041BF9D1D5F8A030136046BB0020F8BD05
:10CC6000AB69DB071FD5164C04F1200354F8041BF5
:10CC70009C4240F8041BF9D16546124C04F1200394
:10CC800054F8041B9C4245F8041BF9D111460E4888
:10CC9000FCF73EFC0028E0D016B130461BF08CFCBF
:10CCA0004FF0FF30DBE76146FCF7E4FBF2E70022E0
:10CCB00045F2160130461BF00FFBCFE7DC4D052097
:10CCC00036EC030857EC03087415040845F2060314
:10CCD000994210B504463ED00DD840F20323994244
:10CCE0001CD045F20203994246D040F201239942FA
:10CCF00014D048202EE045F21703994240D045F267
:10CD00001A0399421ED045F20C039942F1D11BF04F
:10CD1000B8FA41281DD0052120462EE0194894F884
:10CD200070101DF094FB94F873304FF4A041012B68
:10CD300014BF80204020FFF7BBFE002203462046A0
:10CD40009847D6E7C0211BF0ACFA07212046FFF731
:10CD5000ABFD002010BD93791A44517C41F49051F1
:10CD6000FFF7A2FD94F873302046012B14BF8021F9
:10CD700040211BF096FAECE705211BF0FBFBE8E7EE
:10CD80000220E7E7E84D0520B1F5A04F2DE9F0417D
:10CD90000546174600F0E680A1F5A043DC1F042CF1
:10CDA00000F2E7809279083B0C321744026C92F84B
:10CDB0005061032B03D8DFE803F03A718CC416F0FE
:10CDC000010600F0C2807E1D102231466B4811F032
:10CDD00028FF00285CD018F0A5F903462A6C012B27
:10CDE00092F85E010AD13246032118F08AF904460E
:10CDF0001021304618F077F9002634E0334610222F
:10CE0000032118F091F995F873300446012BEFD106
:10CE1000334605F11802153753F8041BBB4242F89C
:10CE2000041BF9D1AB6843F48073AB60E0E716F004
:10CE3000010600F08A8018F075F9012816D0286CD8
:10CE400007F1050843460A22022190F85E0118F016
:10CE50006BF90446D7F80530AB62D7F80930EB62BE
:10CE6000B7F80D302B86002C6FD00AE02B6C93F8AE
:10CE70005E01434B43EA002018F08AF8044600287C
:10CE8000DDD020460021FFF72DFD28461BF094FB46
:10CE900028461BF091FB40F2034061E016F00206C9
:10CEA00053D018F03FF903462A6C012B92F85E012B
:10CEB00007F1050707D13A46062118F022F9044682
:10CEC0001021384696E73B461022062118F02CF92F
:10CED000F5E716F0020638D018F024F901280FD033
:10CEE0007979C9B100394FF0060218BF0121286CC9
:10CEF000BB1D90F85E0118F017F902260446B2E750
:10CF00002B6C93F85E011F4B43EA002018F040F8A9
:10CF100004460028E4D0B4E70A467B1D13F8010F4D
:10CF20000028DFD10132062AF8D195F85210286C7A
:10CF3000C1F3C00181F0010105F14C0301F00101D1
:10CF4000D7E7C6F38006B600F6B22A6C92F85031E5
:10CF500023EA060382F8503128461BF065FB0020C7
:10CF6000BDE8F0811BF0F9F800222B6C83F85C21FE
:10CF7000F2E7BDE8F041FFF7A9BE00BF24150408A1
:10CF80000380040006800400F0B5B1F5A04F05460B
:10CF90008DB008D045F21304A14243D00DB0BDE8D6
:10CFA000F040FFF793BE046C08AF10220021384612
:10CFB00011F060FE94F85D31042B2CD11E4B1B68E0
:10CFC00093F85E205AB1BC4603F13E024E336646EA
:10CFD00010685168083203C69A42B446F7D104F586
:10CFE0008473069305F15303059305F15A030493E3
:10CFF000237928460393637904F1C8020293A37945
:10D0000004F1F801CDE9007304F1B8031BF0AFFCA3
:10D0100000200DB0F0BD013B022B9CBFD4F82C3199
:10D020000893DCE7016C01F584711BF0B2F84A212A
:10D0300028461BF036F9EBE7DC4D0520F0B545F24C
:10D040000E06B142044613468DB00BD045F21303D1
:10D0500099425FD0B1F5A04F76D11BF07EF8002049
:10D060000DB0F0BD9979026C0C310B44591D02F5DD
:10D070008C72153351F8040B994242F8040BF9D124
:10D08000256C102205F58C7105F5847011F0C9FD31
:10D0900020B90B2120461BF06DFAE0E708AF102203
:10D0A0000021384611F0E6FD95F85D31042B2AD1B8
:10D0B000284B1B6893F83D205AB1BC4603F11D0272
:10D0C0002D33664610685168083203C69A42B4464A
:10D0D000F7D105F5A073069304F15A03059304F103
:10D0E00053030493EB7A204603932B7B05F1B8029C
:10D0F00002936B7B05F1F801CDE9007305F1C803DC
:10D100001BF035FCABE7013B022B9CBFD5F82C3163
:10D110000893DEE7056C102205F5A07105F58C700B
:10D1200011F07FFD0028B4D1D5F858314B219B0771
:10D1300048BF94F87430204644BF43F0020384F89B
:10D1400074301BF0AEF88AE70DB0BDE8F040FFF791
:10D15000BDBD00BFDC4D0520F7B545F21406B14258
:10D16000044622D045F21907B94229D0B1F5A04FA3
:10D1700030D11AF0F2FF206C00F5947300F1C80270
:10D18000009300F1110100F1B80351301DF0EDFAE8
:10D19000024628B120461BF00FFA002003B0F0BD74
:10D1A000314620461BF098F8F7E7036CD3F82821A6
:10D1B0000B4BB2FBF3F103FB1121FFF7A7FBECE7ED
:10D1C00013781BB90C211BF0D5F9E6E749211BF0B8
:10D1D00068F8E2E703B0BDE8F040FFF777BD00BFB5
:10D1E00040420F0045F20D03994273B5044625D025
:10D1F0000DD8B1F5A04F1DD045F20403994200F0BF
:10D200008B80204602B0BDE87040FFF75FBD45F25D
:10D210001103994200F0A28045F215039942F0D122
:10D22000016C91F85D31052B06D8DFE803F0574318
:10D230004A435C571AF091FF002010E093790C33B9
:10D240001A44561D02F125052A463146FFF7FAFB1E
:10D2500038B120460B211BF08DF940F2034002B09B
:10D2600070BD3146236C113351F8042BA94243F8A9
:10D27000042BF9D1236C01F12002313351F8040B56
:10D28000914243F8040BF9D1206CD0F8942000F1BE
:10D29000D80300F131011130FCF78CF9024618B1C6
:10D2A00020461BF089F9C7E745F2150120461BF01F
:10D2B00013F8C1E745211AF0F4FF2046FFF776FB8B
:10D2C000BAE745211AF0EDFF2F4B20461B68D968BD
:10D2D0004B1C5A425A41FFF72FFBADE7462120462F
:10D2E0001AF0DFFFA8E7284B1B6893F85E205AB1BD
:10D2F00001F1110201F5A071019100213E3300916D
:10D3000011461BF05CF997E7C83120461BF07DFB06
:10D3100090B340F20740A2E79179036C0C310A44C4
:10D32000511DA833153251F8040B914243F8040BF8
:10D33000F9D1256C102205F1A80105F1980011F032
:10D3400070FC20B9042120461BF014F974E7D5F8CD
:10D35000583143F00103C5F858316DE70A4B056CAD
:10D36000196810224E3105F5A07011F05AFC002802
:10D37000E8D105F1C801C8E7216C2046C8311AF090
:10D3800024FF4721ABE700BFDC4D052045F2160323
:10D390009942F7B5044600F0A1810CD8B1F5A04F31
:10D3A0000FD045F20303994210D0204603B0BDE8E8
:10D3B000F040FFF78BBC45F217039942F5D10220EC
:10D3C00002E01AF0CAFE002003B0F0BD9379056CAC
:10D3D0000C33D618F379DF070CD4FFF7CDF918B961
:10D3E00094F87530FF2B05D0052120461BF0C2F8BC
:10D3F0002120E9E7A54F337A3A68127A9A4202D897
:10D40000A27C9A4201D90621EFE7D6F80530C5F88B
:10D410000B30B6F80930A5F80F300223AB7294F93F
:10D42000523094F85210002BB2BF0123C1F3C00355
:10D4300083F00103AB7094F86030C3F3C00383F052
:10D4400001036B70337A102B28BF1023A374F37978
:10D45000D8072FD5AB79DA072CD5737A2A7A1340FF
:10D4600085F85131B37A6A7A134085F8503195F8CE
:10D470005E31FF2B22D0206C90F850319B071DD4D9
:10D48000C1F3C00181F00101062290F85E0104F1B0
:10D490004C0301F0010117F047FE78B1204640F23D
:10D4A0001B41FFF701FAA3685807A1D520461BF0DE
:10D4B00083F89DE7002385F85131D6E73B68F07982
:10D4C000597C00F0080229B112B1AA79110703D4DE
:10D4D00003218AE7002A61D0A9790A075ED5D5F829
:10D4E000582142F00402C5F85821B5F8502122F421
:10D4F000807222F00102A5F8502193F81CC0B27985
:10D50000BCF1020F03D0002A3AD002216DE7002AB5
:10D5100034D193F85E100029F7D0D97C83F83D20F0
:10D5200029B1002AF1D093F85E20002AEDD0042220
:10D5300085F85D211B7C1BB994F87430990701D5DF
:10D54000002AC5D094F91330022B03D1D5F85831F5
:10D550005B07BDD517F0E6FD012839D194F87500B9
:10D56000FF2835D001A9FCF7ABF8002830D1236C97
:10D5700093F85021960727D40A2136E70122CCE7F9
:10D580000143490715D572791878052A28BF032267
:10D590003F4902EB82020A44125CC9E71A7F012A62
:10D5A00002D1B279002AC2D1420704D4AA79500725
:10D5B00001D40022BCE772791878052A28BF03221B
:10D5C000344902EB8202E6E793F851319807D3D54C
:10D5D00094F87500FF2818D0226C0821D2F8583131
:10D5E00043F04003C2F8583117F0B2FD052194F81A
:10D5F000750017F080FD032194F8750017F07BFD8E
:10D60000062194F8750017F076FD95F85D31206CD1
:10D61000042B00F5987020D13B6803F11D022D33D7
:10D6200052F8041B9A4240F8041BF9D195F85D3179
:10D63000D5F85811B3B921F002021946C5F858219E
:10D640005207E17428D5216C204601F1940301F1C1
:10D6500071025131FFF7E0FAB5E61022002111F016
:10D6600009FBE3E741F002024907C5F858210AD552
:10D67000A17C0F2907D994F8741041F0080184F8AF
:10D6800074100221DCE70121DAE700BFDC4D052040
:10D6900094140408AD140408042B3FF694AEDFE89C
:10D6A00003F018030B031800204645211AF0F9FD7A
:10D6B0002046FFF77BF986E6204645211AF0F1FD6A
:10D6C0003B682046D9684B1C5A425A41FFF734F94F
:10D6D00079E6432120461AF0E4FD74E61AF0ADFD28
:10D6E0004221F7E7F8B50446FFF72AF8266C05460D
:10D6F00010B394F87530FF2B12D086F85E31FFF727
:10D700003BF818B994F87530FF2B1FD0F5B9A36812
:10D710005B0715D5052120461AF02CFF0020F8BD27
:10D720002046FCF7A3F886F85E01236C93F85E317F
:10D73000FF2BE4D10025E2E7FF2386F85E31F9E70D
:10D7400041F205212046FFF7AFF8E7E70721012066
:10D750001AF013FD024608B91A21F3E7304980791F
:10D7600009680C3091F800E0131883F801E091F893
:10D770001CC0BCF1010F19D183F802C02E1E18BFC6
:10D7800001268F69DE70BF0705D4BCF1010F1CBFF5
:10D7900046F00806DE704E7C9EB1DE78360710D467
:10D7A000A3685B07B6D441F20321CBE7BCF1020FBB
:10D7B00005D191F85E6016B101269E70DEE7002665
:10D7C000FBE7BEF1030F07D0096911F0FF1F1EBF71
:10D7D000D97841F00401D97094F874108F0708D5F6
:10D7E000D9784E0705D4BEF1030FDCD041F0040117
:10D7F000D970002D18BF032510215D7119719D711D
:10D80000216C1058C1F803009888A1F807009B7993
:10D8100020464B7206211AF02FFB01207FE700BF44
:10D82000DC4D0520F0B545F20E06B1420446154622
:10D830008DB00ED045F21306B1425BD0B1F5A04FCA
:10D8400040F0BD801AF089FC236CD3F858311907D9
:10D8500056D5236CD3F8582112070CD4AA7903F5B6
:10D8600084730C3215446A1D153552F8041BAA4204
:10D8700043F8041BF9D10021256C08AF102238466B
:10D8800085F85C1111F0F6F995F85D31042B2AD179
:10D890004D4B1B6893F83D205AB1BC4603F11D0265
:10D8A0002D33664610685168083203C69A42B44662
:10D8B000F7D105F5A073069304F15A03059304F11B
:10D8C000530304932B7905F1C80203936B790293F8
:10D8D000AB79CDE9007305F1B803204605F1F801F5
:10D8E0001BF045F80CE0013B022B9CBFD5F82C3116
:10D8F0000893DEE7056C95F85C3123B1012B55D018
:10D9000000200DB0F0BD102205F5A07105F5847062
:10D9100011F087F920B10B2120461AF02BFEEFE71A
:10D92000D5F8583108AF9B0748BF94F874304FF0D2
:10D93000100244BF43F0020384F874300123002135
:10D9400085F85C31384611F095F995F85D31042B76
:10D9500025D11D4B1B6893F85E205AB1BC4603F1DC
:10D960003E024E33664610685168083203C69A423A
:10D97000B446F7D105F58C73069304F15303059370
:10D9800004F15A030493EB7A05F1B80203932B7B5D
:10D9900002936B7BCDE9007305F1C8039DE7013B62
:10D9A000022B9CBFD5F82C310893E3E705F58C7169
:10D9B0001AF0EFFB882120461AF073FCA0E70DB0A7
:10D9C000BDE8F040FFF782B9DC4D052037B545F2E0
:10D9D0001405A942044633D00CD8B1F5A04F13D09A
:10D9E00045F20E0399423AD0204603B0BDE83040DC
:10D9F000FFF76CB945F219039942F5D1137853BB7F
:10DA00000C211AF0B7FD13E01AF0A7FB206C00F50B
:10DA1000947300F1C802009300F1510100F1B803C2
:10DA200011301CF0A2FE024628B120461AF0C4FDB7
:10DA3000002003B030BD294620461AF04DFCF7E720
:10DA4000036CD3F82821114BB2FBF3F103FB112136
:10DA5000FEF75CFFECE787211AF023FCE8E79179F9
:10DA6000036C0C310A44511D03F58473153251F8CF
:10DA7000040B914243F8040BF9D1226CD2F85831CF
:10DA800043F00803C2F85831D2E700BF40420F000C
:10DA900045F2100330B59942044685B000F09E80EF
:10DAA0000CD8B1F5A04F27D045F20503994227D0F5
:10DAB000204605B0BDE83040FFF708B945F2110334
:10DAC000994200F0A88045F212039942F0D1016C0E
:10DAD00091F85D3113B1043B012B03D82046B831D6
:10DAE0001AF073FB236C93F85D31042B40F2D9805C
:10DAF000052B03D186218AE01AF02FFB002049E094
:10DB00009179036C0C310A44511DC833153251F818
:10DB1000040B914243F8040BF9D1216CD1F8583130
:10DB200013F004034DD091F85D31042B18D0216C13
:10DB300091F85D3101F1C80273BB01F1F803039361
:10DB400001F59873029304F15A03019304F153030E
:10DB5000009301F1B8032046D8311AF030FFCDE729
:10DB6000514B1B6893F85E2062B101F1110201F57F
:10DB7000A07101910021009111463E3320461AF018
:10DB80001EFDBBE72046B8311AF03FFF0028CED07B
:10DB900040F2074005B030BD043B012BCDD901F563
:10DBA000A073019391F85C01D1F82C31C34003F0CC
:10DBB000010343F080030093134601F15102113138
:10DBC000DCE781F85C3101F1C8020093204601F5E1
:10DBD000A07301F598711AF025FF8FE7056C1022EC
:10DBE00005F1980105F5A07011F01BF820B1042192
:10DBF00020461AF0BFFC81E78821D5F858319B07F1
:10DC000042BF94F8743043F0020384F87430204625
:10DC10001AF047FB72E7056C95F85D3105F5A070C9
:10DC2000042B20D1204B102219684E3110F0F9FF3F
:10DC30000028DCD1204605F1B8011AF0E6FE0028E4
:10DC4000A6D1216C01F1F803039301F598730293B7
:10DC500004F15A03019304F15303009301F1C80244
:10DC600001F1B80377E70146102205F1980010F0A2
:10DC7000D8FF0028BBD105F1B80120461AF0A5FA5B
:10DC8000216C91F85C310133DBB2142B81F85C31EB
:10DC9000D8D0D1F8583123F00103C1F8583184218C
:10DCA000B5E78721B3E700BFDC4D052070B545F22D
:10DCB0001505A942044658D00BD8B1F5A04F1CD089
:10DCC00045F20D0399421CD02046BDE87040FEF796
:10DCD000FDBF45F216039942F6D1006CD0F89420AE
:10DCE00000F1D80300F131011130FBF763FC02466B
:10DCF000B0B320461AF060FC01E01AF02EFA0020C2
:10DD000070BD93790C331A44551D02F12506324635
:10DD10002946FEF797FE30B120460B211AF02AFC67
:10DD200040F20340ECE72946236C113351F8042BF1
:10DD3000B14243F8042BF9D1236C01F120023133B5
:10DD400051F8040B914243F8040BF9D1216C2046A1
:10DD500001F1940301F171025131FEF75DFFCEE74D
:10DD6000294620461AF0B8FAC9E71AF066FA236C79
:10DD700093F85D31052BC2D8DFE803F019031111C8
:10DD80001E19204682211AF08CFA0C4B20461B6883
:10DD9000D9684B1C5A425A41FEF7CEFDAFE72046E8
:10DDA00082211AF07EFA2046FEF700FEA7E78321C3
:10DDB00020461AF076FAA2E78521F9E7DC4D052026
:10DDC0001F4B10B51B6804469B6913F0040310D168
:10DDD00041B180F8773090F87010BDE810401948D4
:10DDE0001CF035BB90F87330012B03D183685807C2
:10DDF00005D410BD022B02D183685907F9D494F9D8
:10DE0000772094F87730002AF3DB1BB9012384F8DC
:10DE10007730EEE75A064FF47A725EBF5B00DBB2F2
:10DE200084F877305B08534394F87010002205485B
:10DE300009F0DEFE94F8773063F07F03E7E700BF78
:10DE4000DC4D0520E84D052045F21E0330B5994212
:10DE50000446154689B010D845F21603994213D8E6
:10DE600045F20103994200F0648145F20C039942A6
:10DE700022D0B1F5A04F00F069812A46204609B0B2
:10DE8000BDE83040FEF722BFA1F5A043173B072BAA
:10DE9000F3D801A252F823F04DDF01087BDE010820
:10DEA0007BDE01087BDE0108EFE001087BDE010874
:10DEB000C3E0010839DF010890F97730002B02DB5D
:10DEC00083685A0707D5204609211AF053FB41F20F
:10DED000092009B030BDAA792A44994D527C2D6899
:10DEE00002F008016D7C2DB121B903211AF042FB2B
:10DEF0002120EEE7550748BF43F0080302F0010276
:10DF000043EA021309B143F0200343F0040322461D
:10DF1000A3608C49204609F08DFE0221204617F0AF
:10DF200081F947F23053002245F21A01204609F0E8
:10DF30005FFEA36898054CD5A368590749D594F8A6
:10DF4000700009B0BDE830401AF020B890F8743085
:10DF5000DA0747D590F87530FF2B3CD094F91310B1
:10DF600001291DDCA26895060DD5754B10071B68AD
:10DF700001D4187C38B1187F10B91878032802D062
:10DF80009B699B072ED501290AD06D4B15071B688D
:10DF900001D41A7C22B11A7F22BB1B78032B21D11A
:10DFA000102200210DEB020010F064FE17F0BAF809
:10DFB00001AD01282B462DD0A06AE16A228E03C351
:10DFC0001A802046BDF8042004AB0DF10601FEF7CF
:10DFD0009BF800207DE78368DB0616D4FEF7CCFBB8
:10DFE0000028BBD0564B1B68197F022928D1DA7C48
:10DFF00032B393F85E301BBBA368580716D5204692
:10E000001AF0B8FA41F2022063E7FEF799FB002804
:10E01000E4D0E7E70A22022194F8750017F0B7F878
:10E020000028CED1019068602881CAE7204641F2DD
:10E030000221FEF739FC01212046FFF7C1FEE1E78E
:10E0400020461AF05CF8A56805F0040550B925B122
:10E0500020461AF0B1FA1A203BE71A212046FEF7B3
:10E0600023FCF8E745B1FEF78FFBC8B1204694F8D2
:10E070007510FEF7AFFCACE722463249204609F0A6
:10E08000D9FD0221204617F0CDF847F230532A4639
:10E0900045F21A01204609F0ABFDA3685A07E2D405
:10E0A000226CD2F8583143F020032046C2F8583190
:10E0B000FFF718FB00288CD0412120461AF0F1F818
:10E0C00087E7FEF761FB00286AD0226C002A67D040
:10E0D000A3685B0764D5D2F85831980660D42978D4
:10E0E0000029E0D1052120461AF044FA71E790F8A2
:10E0F0007430D90706D440211AF0D3F829462046B7
:10E10000FEF7D2FBA3685A077FF563AF204645F2BE
:10E110001A011CF09CF9204622460A491CF0D0F94D
:10E12000A368022123F03C032046A360FCF7B0F96A
:10E130004FE702460349044809F07CFD49E700BF68
:10E14000DC4D0520F9820308EC4D052045F21A014B
:10E150001CF07DF9A36823F03E03A360236C6BB130
:10E1600093F85E01FF2809D094F87520FF2A03D0A8
:10E17000D3F858315B0601D5FBF7B6FA22462046A4
:10E1800008491CF09DF92246064907481CF098F9F9
:10E1900020460221FCF77CF920461AF0EFF818E738
:10E1A000022096E6F9820308EC4D052045F21E0395
:10E1B00099422DE9F7430446154611D845F2160356
:10E1C000994214D845F20103994200F03F8345F289
:10E1D0000203994200F0A480B1F5A04F00F03C8307
:10E1E0002A46204603B0BDE8F043FEF76FBDA1F517
:10E1F000A043173B072BF3D801A252F823F000BF2E
:10E2000021E20108E1E10108E1E10108E1E10108A1
:10E2100009E80108E1E10108F5E30108B5E30108B7
:10E220008C4E33681A7F022A11D1DA7C7AB193F8C6
:10E230005E3063B941F20221FEF736FB2046012130
:10E24000FFF7BEFD41F2022003B0BDE8F083A368F2
:10E2500013F0040501D00220F6E72046FEF770FA1D
:10E2600032680038167818BF0120032E2DD01369AC
:10E2700003F0FF13003B18BF01239B0040EA03019A
:10E2800094F874300D469B0723D54F0721D4032EF5
:10E290001DD141F203212046FEF706FBA36822466A
:10E2A00043F00403A3606C49204609F0C3FC02213B
:10E2B000204616F0B7FF47F23053002245F21A010C
:10E2C000204609F095FC0020BEE72B46D6E741F03A
:10E2D000040593699E0704D4137F012B18BF45F0F2
:10E2E0000805537C0BB12807D3D502210B2019F068
:10E2F00044FF02460028D1D0837903445D7394F82B
:10E300007530FF2B03D094F87430D90703D5A36878
:10E3100043F00203A3600621204619F0ADFDBDE7DE
:10E3200083685A0703D490F97730002B05DB236C00
:10E3300053B1D3F85831DB0606D5204609211AF02F
:10E3400019F941F209207FE7204619F0D8FE20B9DB
:10E3500020461AF031F9212076E7226CD2F85831A4
:10E3600043F01003C2F85831AB790C332B44596891
:10E37000C2F803101989A2F807109B7A5372012280
:10E38000236CDA70A26812F0040610D122463249DA
:10E39000204609F04FFC0221204616F043FF47F2C9
:10E3A0003053324645F21A01204609F021FCA36899
:10E3B0009F0588D5236C002B85D0D3F85831DE0615
:10E3C00081D5FEF7E1F994F8751030B1A36898078C
:10E3D00003D42046FEF7FEFA75E70846FBF71AF964
:10E3E00040B194F87430D90704D4052120461AF0BE
:10E3F000C1F8B0E7236C002B3FF42DAFD3F85831B0
:10E40000DA067FF528AF9F063FF525AFFEF7BCF98A
:10E4100048B1A3689E0706D42B7823B9052120466E
:10E420001AF0A8F84FE7A368256C23F00203A36055
:10E43000D5F85831074F43F02003C5F858313B68F1
:10E44000EA791B7A934202D8A37C934206D906212B
:10E45000CCE700BFDC4D0520F982030894F9521087
:10E4600094F852300029B2BF0123C3F3C00383F0F4
:10E470000103102A28BF10226B7094F860302046E8
:10E48000C3F3C00383F00103AB70A27495F8068058
:10E4900008F00D06FEF754F9002800F0928018F0FD
:10E4A000010F00F08E8094F87530D4F84090FF2B67
:10E4B0007CD089F85E313B6899691A7F880703D45C
:10E4C000012A01D0310701D406F0F7061978032993
:10E4D00000F0E8811B6913F0FF1F01D046F004062D
:10E4E0000721022019F049FE019000285BD090F826
:10E4F00006E03A680EF10C0E137800EB0E0C8CF867
:10E500000130137F012B06D0022B5DD192F85E30D3
:10E51000003B18BF01238CF8023010238CF80360F5
:10E5200016F0010607BF324631462A7A697A8CF81E
:10E530000430236C1DBF02F0030201F003018CF8CC
:10E5400005208CF805608CF8061083F8511183F8CB
:10E55000502150F80E20C3F80A20BCF80420DA81BC
:10E560009CF806201A748EB3206C90F8501111F0AC
:10E5700002062BD194F852100622C1F3C00181F09B
:10E58000010190F85E0104F14C0301F0010116F065
:10E59000CBFDD8B13146FEF7A5F920461AF00CF8AC
:10E5A00001A810F073FF40F203404DE62046FBF750
:10E5B0005DF989F85E01236C93F85E31FF2B7FF4DF
:10E5C0007AAF08F00C0676E70023A4E7019E002E40
:10E5D000E9D0FEF7D1F895F806C018B994F875306F
:10E5E000FF2B0FD01CF0010F04D0236C93F85E3189
:10E5F000FF2B07D10521204619F0BCFF3046F2F76A
:10E60000BDFEA8E63B680CF00802597C29B112B1A6
:10E610006A7B120703D40321EDE7002A5BD0697BF4
:10E62000080758D5D5F8582142F00402C5F85821FA
:10E63000B5F8502122F4807222F00102A5F8502191
:10E64000187F6A7902280FD092B941EA0C01490774
:10E650004DD52A791978052A28BF0322944801EB61
:10E66000810101448A5C11E022B993F85E1011B96E
:10E670000221C0E70122D97C83F83D2029B1002A7C
:10E68000F6D093F85E20002AF2D0042285F85D21AE
:10E690001B7C1BB994F87430980701D5002ABAD0B6
:10E6A00094F91330022B03D1D5F858315907B2D55C
:10E6B00016F038FD01282BD194F87500FF2827D0DB
:10E6C00001A9FAF7FDFF18BB236C93F850219207BC
:10E6D00018D40A218FE71A7F012A02D16A79002A09
:10E6E000D3D11CF0040F04D16A7B520701D400225D
:10E6F000CCE72A791978052A28BF03226D4801EB57
:10E700008101AEE793F851319B0701D40A216DE6F0
:10E7100094F87500FF2818D0226C0821D2F85831DF
:10E7200043F04003C2F8583116F012FD052194F869
:10E73000750016F0E0FC032194F8750016F0DBFC80
:10E74000062194F8750016F0D6FC324606212046C4
:10E7500019F092FB95F85D31206C042B00F5987050
:10E760001BD13B6803F11D022D3352F8041B9A4262
:10E7700040F8041BF9D195F85D31D5F858118BB9E3
:10E7800021F002021946C5F858215507E1741CD53D
:10E790008121204619F085FD95E51022002110F019
:10E7A00069FAE8E741F002024E07C5F858210AD598
:10E7B000A17C0F2907D994F8741041F0080184F85E
:10E7C00074100221E1E70121DFE7042B3FF67BAD66
:10E7D000DFE803F01803101018002046822119F01A
:10E7E00060FD3B68D968481C424242412046FEF722
:10E7F000A3F868E52046822119F053FD2046FEF774
:10E80000D5F860E58421C4E790F87430D90706D4C0
:10E81000802119F046FD29462046FEF745F8A368F9
:10E820005A077FF550AD45F21A0120461BF00FFE46
:10E830002246204620491BF043FEA36823F0040330
:10E84000A36002212046FBF723FE3CE502461A495D
:10E850001A4809F0EFF936E545F21A011BF0F7FD09
:10E86000A36823F03E03A360236C6BB193F85E01B1
:10E87000FF2809D094F87520FF2A03D0D3F8583127
:10E880005B0601D5FAF730FF224620460A491BF005
:10E8900017FE2246084909481BF012FE204619F0CF
:10E8A0006DFDCEE7002A7FF41BAE06F0FB0617E6EF
:10E8B00094140408AD140408F9820308EC4D0520F3
:10E8C0000138C0B20A289ABF014B185C002070477B
:10E8D0009415040810230748282243826423C0E9C2
:10E8E00005234FF6FF738383002340F8043B17F0A2
:10E8F000ABBA00BFF04D052030B5044685B00846E0
:10E9000003911AF0A2FE830706D418B103A810F0F1
:10E91000BDFD012005B030BD03998B7903F10C02D8
:10E9200088188A5C013A202A00F21781DFE812F089
:10E9300021001501B1001501B4001501BD0015013C
:10E94000C4001501CC001501D4001501DB00150130
:10E95000E9001501F100150115011501F30015017C
:10E9600001011501030115010C0115011501150126
:10E97000E20003790BB103F588534278023A1E2A6C
:10E98000C4D801A151F822F005EA01080DE90108F7
:10E990000FEA01080DE901081BEA01080DE9010869
:10E9A00027EA01080DE9010833EA01080DE9010829
:10E9B00057EA01080DE901083FEA01080DE90108DD
:10E9C00063EA01080DE901086FEA01080DE9010891
:10E9D0000DE901080DE9010879EA01080DE90108CE
:10E9E00089EA01080DE901080DE901080DE90108AE
:10E9F0000DE901080DE901080DE901080DE901081B
:10EA00004BEA010817212046FDF738FA7EE700227D
:10EA10002046114618F022FD78E71A4600212046CC
:10EA200018F0C6FD72E700222046114618F06CFF70
:10EA30006CE700222046114618F016FE66E71A46DB
:10EA40000021204618F002FF60E71A460021204608
:10EA500018F01BFF5AE71A460021204618F0D9FE8D
:10EA600054E700222046114619F099F84EE719465E
:10EA7000204619F0FBF849E70093002320461A4688
:10EA8000194619F0FDF841E71946204619F04AF9F0
:10EA90003CE7B0F80110B6E702338B710A46002359
:10EAA0004178204618F0DAFC33E701330022204693
:10EAB0008B7118F07DFD2CE702338B7142780023B7
:10EAC000204618F021FF24E701338B7100232046F4
:10EAD0001A4618F0C9FD1CE70133002220468B714D
:10EAE00018F097FE15E70133002220468B7118F0CD
:10EAF000ADFE0EE70133002220468B7118F0C5FEF3
:10EB000007E702338B7142780023204619F047F85B
:10EB1000FFE60021ACE705338B710023B0F803203A
:10EB2000B0F8010000930B460146204619F0A8F802
:10EB3000EFE60021A9E703338B710A46B0F8011014
:10EB4000204619F00EF9E4E603338B710A46B0F85B
:10EB50000110204619F00EF9DBE60020DAE600BFCE
:10EB600038B5FCF7DDF80446FCF73AF905460648E7
:10EB70001BF02BFC0023037143712368C0F806309F
:10EB8000A3880573438138BD2009020538B50446C2
:10EB9000FCF726F90546054810F013FB20B1236861
:10EBA0004360A3888572038138BD00BFB015040897
:10EBB00013B5C37A0093B0F80930D0F80520D0F827
:10EBC0000110007816F055FF044603481BF0FDFBCA
:10EBD000848002B010BD00BF20020403FF2337B5BC
:10EBE0000DF107008DF80730FBF784FE044604485A
:10EBF0009DF807501BF0E9FB8480857103B030BDA0
:10EC00002003040110B5007816F0C9FF044602483D
:10EC10001BF0DBFB848010BD2002040A37B54B7962
:10EC200005465B070C460CD420461421064A10F01A
:10EC300095FA01A8019410F0BDFA10B9A3791C440B
:10EC4000257403B030BD00BFC8150408024B1B6813
:10EC500003B11847704700BF384E052070B506460F
:10EC600008460C46FCF7BCF80546064810F0A9FA21
:10EC700038B106712268C0F80520A288C572A0F8D4
:10EC8000092070BDC415040810B5002104460078A1
:10EC90001AF033FD48B16178207816F0D7FE0446AB
:10ECA00003481BF092FB848010BD0224F8E700BFEC
:10ECB0002002560110B54178007816F04AFF04464C
:10ECC00002481BF082FB848010BD00BF2002560268
:10ECD0000020024B1870024B1870704704C00620C9
:10ECE00003C00620F0B50D4691B0831C09AC00F1BD
:10ECF0001A02264618685968083303C693423446F8
:10ED0000F7D11B881C212846338010F0C9FCBDF8C0
:10ED1000264014F00C0433D12E68304610F045FC28
:10ED2000871EA7420DDA4FF0FF3400239C428DF876
:10ED30001C301EDB01223146A31C07A810F095FBF6
:10ED400017E0631C0122314605A810F08EFB9DF8E8
:10ED50001430012BE9D023460122314607A810F0D8
:10ED600084FB9DF81C3013B101331C44D9E78DF8A6
:10ED70001C3009F0EDF8012833D0022838D0A8B3B0
:10ED80009DF82F0000F02CFC04469DF8300000F0A8
:10ED900027FC07AF9DF828200DF12901064605A89C
:10EDA000FCF704F838469DF836200DF13701FBF7E3
:10EDB000FDFFFF238DF81330104B1B78DB0704D4C5
:10EDC0000DF1130105A816F019FA9DF9133032461A
:10EDD000CDE900732146029505AB09A800F010F8B3
:10EDE00004E09DF81C3013F0010FC9D111B0F0BD43
:10EDF0009DF81C3013F0030FF7E700BF03C0062097
:10EE00002DE9F74F4488064614F0100F1D460C9F5D
:10EE10009DF934A0DDF838B02FD0230728464CBF29
:10EE2000082404F00F041BF0F4FC814638461BF064
:10EE3000F0FC96F90F3080465A460421134801939E
:10EE4000767810F0F9F9019BA0B104712A68C0F836
:10EE50000520AA8880F80B90A0F8092080F80CA063
:10EE6000437386733B68C0F80F30BB8880F8158009
:10EE7000A0F8133003B0BDE8F08FCDE90DAB0C97CF
:10EE800003B0BDE8F04F1AF04CBC00BFEC1504080D
:10EE900010461946F8B522F0004340F20A42934268
:10EEA0000ED8B3F5806F13D96FF480621344092B29
:10EEB0000ED8DFE803F0520F1E2F4F4F4F4F0D5269
:10EEC00040F20152934233D0A3F20253032B44D9B0
:10EED00000200DE00D784C688A6901F10803204894
:10EEE000002110F07FF910B10571C0F80540012034
:10EEF000F8BD0E784D880C798A6901F1080319482C
:10EF0000002110F06FF90028F1D00671A0F805502B
:10EF1000C471ECE70D784C884A690B1D124800213A
:10EF200010F060F90028E2D00571A0F80540DEE796
:10EF30000F784E880D79CC8801F108020B4800212A
:10EF400010F07AF90028D2D00771A0F80560C571D9
:10EF50000481CCE7FAF71EFEC9E7FAF797FEC6E789
:10EF6000FC150408F8150408F4150408F015040845
:10EF70000048704791EE010810B50078FDF7D0FB0E
:10EF8000044602481BF021FA848010BD20020F00C5
:10EF900038B5FAF75FFB00240546E0B2854208D891
:10EFA000FF20FAF7A1FB044607481BF00EFA848005
:10EFB00038BDFAF72FFB28B120461BF028FC20466D
:10EFC0001AF019FC0134E8E720020F0710B5417868
:10EFD0000078FDF7F5FB044602481BF0F6F9848043
:10EFE00010BD00BF20020F0110B50068FDF728FC1E
:10EFF000044602481BF0E9F9848010BD20020F107E
:10F0000010B54178007818F095FF044602481BF0CF
:10F01000DCF9848010BD00BF20020F0910B54178D3
:10F02000007818F09DFF044602481BF0CEF984805A
:10F0300010BD00BF20020F0E014B18681BF0B6B9BF
:10F04000904E052030B5124B0D469942144689B0BA
:10F050001BD1930011D505A906A808F077FE062359
:10F0600000220393059BE1B20293069B2846CDE95B
:10F07000003241F000511BF0F4F9064810F0A1F8FD
:10F0800000B10471012009B030BD0020FBE700BFD2
:10F090003C4E05202016040822F00042B2F1A04F99
:10F0A00008B504D1034810F08CF8012008BD0020F9
:10F0B000FCE700BF2416040810B5047ED4B1102C60
:10F0C00028BF10241BF047FA621C81B200230620DF
:10F0D000D2B2F2F7D5FA044650B9074907481BF0F7
:10F0E000EBF9074807491BF0E7F90748F2F7A4FADC
:10F0F000204610BD0424E5E744C50620404E052007
:10F100003C4E052054C506203CC5062070B504467B
:10F110000D461646FFF790FF38B133462A460021C8
:10F12000024810F05FF800B1848070BD2816040812
:10F1300022F00042B2F5887F2DE9F0471C4600F02E
:10F14000E2800ED840F203139A423CD040F20913F9
:10F150009A4200F0C2800E2A00F0B3800020BDE881
:10F16000F08740F207239A4247D0B2F5037F56D08A
:10F1700040F206239A42F1D120684C30FBF730FE72
:10F1800025680746644895F8736095F870A095F86F
:10F19000759095F87680A48810F013F80028DDD0DB
:10F1A000EB6C4360B5F8503087720381731E5E428A
:10F1B0005E41C67280F80CA080F80D9080F80E8039
:10F1C000A0F80F40CAE72078FBF724F90028C5D043
:10F1D000524894F800806788A688E588247A0FF062
:10F1E000F0FF0028BAD080F80480A0F80570A0F8DD
:10F1F0000760A0F80950C472B0E72078FBF70AF95D
:10F200000028ABD060782578FFF75AFB04464448C5
:10F210000FF0D7FF0028A1D0057144719EE7A578B3
:10F22000012D1ED0022D2DD0CDB9E37894F80080A9
:10F23000023BDBB2022B8CBF01253A4A94F90470E1
:10F24000667998BFD55C94F9064037480FF0B9FF4E
:10F2500028B180F8048045718771C671047201205D
:10F260007DE7E37894F80080023BDBB2022B98BF85
:10F270002C4A94F90470667998BFD55C94F90640DD
:10F280002A48E3E7E3782A48023BDBB2022B94BF2B
:10F29000244A012594F80180277898BFD55C94F919
:10F2A0000490667994F906400FF08BFF0028D6D0C1
:10F2B000A0F804808771C57180F808904672847246
:10F2C000CDE723460822002113F8014B19480FF01F
:10F2D00089FF0028C3D00471C1E7174894F8008063
:10F2E0006788A688E58824890FF06BFF0028B6D0D0
:10F2F00080F80480A0F80570A0F80760A0F8095015
:10F30000A0F80B40ABE70D481C780FF05AFF00281F
:10F310003FF424AF047121E7641604086016040862
:10F32000581604082C160408501604084C16040835
:10F330005416040848160408441604085C16040809
:10F340000022084B10B51A609A8002681A6018787B
:10F3500016F0D9FC044618B9034904481BF0ACF870
:10F36000204610BD00BE062064C50620EC4D0520D9
:10F3700008B5034B5888FBF7D5FB002008BD00BF3C
:10F3800000BE062010B50078FBF744F840B1132109
:10F3900016F0BBFC044603481BF017F8848010BD30
:10F3A0002524F8E72002060573B5144606460D46E7
:10F3B00020461421094A0FF0D1FE01A801940FF054
:10F3C000F9FE48B9A3790C331C44054BA6711B798F
:10F3D000A5800BB11AF0B0F902B070BD4016040858
:10F3E00000BE062022F000420D2A73B51C460ED046
:10F3F0006FF4C0631A440B2A12D80B2A10D8DFE826
:10F4000002F03B12242C370F46505F84878E042273
:10F41000002153F8044B44480FF0E4FE00B184800F
:10F42000002002B070BD2078FAF7F4FF0028F7D072
:10F430003E48267894F90150A4780FF0C2FE0028C7
:10F44000EED0067145718471EAE7247838480FF0F0
:10F45000B8FE0028E4D00471E2E7257835486468F6
:10F460000FF0AFFE0028DBD00571C0F80540D7E7EC
:10F47000257831486468F3E73048257864680FF0F0
:10F48000A0FE0028CCD00571A0F80540C8E72C48A4
:10F49000257864680FF095FE0028C1D0057144718D
:10F4A000BEE7637827480D2B96BF274A0125D55C18
:10F4B00024780FF086FE0028B2D004714571AFE7C2
:10F4C000637800210D2B98BF1F4A204898BFD55C58
:10F4D0006368A27888BF012526780FF083FE08B103
:10F4E000067145716378012B9AD88DF80730012297
:10F4F000002116480DF1070324780FF073FE002851
:10F500008ED00123047143718AE7247810489EE766
:10F510000021636822780F480FF064FE80E70E48F0
:10F520000FF04FFE7CE700BFA816040894160408ED
:10F530009C160408A01604089816040890160408DF
:10F540008C16040888160408681604088416040833
:10F5500080160408781604087C16040873B506465D
:10F560001CF02CFC1C4C054663795B070ED420462E
:10F5700014211A4A0FF0F2FD01A801940FF01AFEAF
:10F5800020B128461CF015FC02B070BDA3790C33E5
:10F590002344032E08D8DFE806F0020D13191A7968
:10F5A000FF2A01D001321A71284602B0BDE870402E
:10F5B0001CF0FFBB5A79FF2AF6D001325A71F3E7EB
:10F5C0009A79FF2AF0D001329A71EDE7DA79FF2AB1
:10F5D0001CBF0132DA71E7E7444E0520A416040887
:10F5E000042828BF0020014B185C7047AC160408A3
:10F5F00030B585B005460A4901A808F027F8044649
:10F6000050B901A808F090F8044615B1029B9B7907
:10F610002B7001A81AF03CFE204605B030BD00BF9B
:10F62000C01604082DE9FF4180460F4601A80C4989
:10F6300016461D4608F00AF870B9029C9DF828305D
:10F6400084F80480C4F80570C4F80960A4F80D506B
:10F65000E37301A81AF020FE04B0BDE8F08100BFFA
:10F66000B81604081FB50446054901A807F0EEFFC7
:10F6700020B9029B01A81C711AF00EFE04B010BD47
:10F68000B016040830B585B005460C4601A80649F9
:10F6900007F0DCFF28B9029B01A81D715C711AF00C
:10F6A000FBFD05B030BD00BFD016040830B585B0F5
:10F6B00005460C4601A8064907F0C8FF28B9029B79
:10F6C00001A81D715C711AF0E7FD05B030BD00BFE7
:10F6D000C81604081FB50446054901A807F0B6FF7F
:10F6E00020B9029B01A81C711AF0D6FD04B010BD10
:10F6F000D81604087FB505460E4601A80C4907F048
:10F70000A5FF044680B901A808F00EF8029B044644
:10F7100025B1D3F806202A605A89AA800EB11B7B36
:10F72000337001A81AF0B4FD204604B070BD00BFCC
:10F73000E016040830B585B005460C4601A8064918
:10F7400007F084FF28B9029B01A81D715C711AF0B3
:10F75000A3FD05B030BD00BF101704081FB5044657
:10F76000054901A807F072FF20B9029B01A81C718E
:10F770001AF092FD04B010BD081704081FB5044626
:10F78000054901A807F062FF20B9029B01A85C604F
:10F790001AF082FD04B010BD0017040830B585B022
:10F7A00005460C4601A8064907F050FF28B9029B00
:10F7B00001A81D715C711AF06FFD05B030BD00BF6E
:10F7C000F816040830B585B005460C4601A8064970
:10F7D00007F03CFF28B9029B01A81D715C711AF06B
:10F7E0005BFD05B030BD00BFF01604081FB505492C
:10F7F00001A807F02BFF10B901A81AF04DFD05B0C4
:10F800005DF804FBE816040808B508F075F808B1BF
:10F81000012008BD08F02AFA0020002108F074F841
:10F820000028F5D10FF037FD0028F1D1014B1878F1
:10F83000C0B2EEE706C0062010B5204C88B02060AC
:10F84000F1F7F4FE1C22002101A824680FF012FA3F
:10F850000CF031FF628BA368ADF81020A28B43F44B
:10F860008063ADF81220226AADF808000592626844
:10F870000393019219F062FF18B1039B43F0040354
:10F880000393039B01A843F48032039222689205FC
:10F8900044BF43F41023039311F0F3F8044650B926
:10F8A0000A20074A074908F085F9044618B907F005
:10F8B000ADFFFFF70FF8204608B010BD804E0520C1
:10F8C0004D97030899B9030870B58EB008F03CFC59
:10F8D000002302AE31460DF107008DF80E308DF891
:10F8E0000730E1F727F9002840F09380304619F0FF
:10F8F000A9FD002800F08D80302800F08A809DF856
:10F900000730012B17D172238DF80E30E7F7EEFC8C
:10F91000CDE90601030C8DF81230BDF81D30ADF8AD
:10F920001000ADF813309DF81F308DF815304923C5
:10F930008DF816300AE049238DF80E3096E8030062
:10F94000ADF81410090C04908DF816109DF80E30C7
:10F9500013F0280F07D1DDE90401ADF80C10090CF4
:10F9600002908DF80E103A4D2B68D868002856D1B9
:10F970002B681A690AB9374A126837490A605A6906
:10F980000AB9364A126836490A609A7FD1074ED4BE
:10F9900004A819F0F5FE0446002845D11C220146B2
:10F9A00006A82D680FF066F90CF085FE6A8BAB682F
:10F9B000ADF82420AA8BADF81C00ADF826202A6AE9
:10F9C00043F480630A926A680893069219F0B6FEBF
:10F9D00018B1089B43F004030893089B06A843F45E
:10F9E000803208922A68920544BF43F4102308939A
:10F9F000E1F73CF80446B8B9BDF92A0019F000FD5A
:10FA000019F0C3FE3046FBF79DF9164808F0CCF814
:10FA10000AE09DF80E3018077FF578AF8EE717F0F3
:10FA20000AFC04460028A3D020460EB070BDDA7F41
:10FA300000234FF0FF3006A9CDE906338DF81A20D8
:10FA400019F060FF0028A3D040F20C44ECE700BF9F
:10FA5000804E052004C803085C4E052000C803083A
:10FA6000584E0520D9FA010837B5154D28681AF007
:10FA7000A2FC10BB134B1B780BB100F0BDFA08F0D1
:10FA8000F5F819F0ACFC07F0FBFE044628681AF004
:10FA90008DFC20B92868F1F711FC019048B90FF0EE
:10FAA000FAFB08B9002CECD103B0BDE8304019F0E6
:10FAB00044BE01A80FF0EAFCECE703B030BD00BF84
:10FAC000904E052006C00620024B1B6803B1184764
:10FAD000704700BF584E052050EA010337B5044671
:10FAE0000D4604D103B0BDE83040FFF7EDBFB1F1E2
:10FAF000FF3F08BFB0F1FF3F13D01BF04DFF2218AE
:10FB000045EB010308490948C1E9002300239D4250
:10FB10000CBF21464FF0FF31CDE90033044A1CF001
:10FB2000BEFC03B030BD00BF700B0020604E05204E
:10FB300035FB0108D3B51CF041F904461BF02CFF3E
:10FB40000B46104AD2E90067B04273EB070107D3B6
:10FB5000FFF7BAFF204602B0BDE8D0401CF029B93B
:10FB6000D2E900670022311A67EB03039342CDE923
:10FB70000022134618BF4FF0FF31034A03481CF020
:10FB80008EFCE7E7700B002035FB0108604E052076
:10FB90000023044A52E8000F42E800310029F9D15D
:10FBA000F7F77CB8844E0520054A52E8003F03432E
:10FBB00042E800310029F8D1024B1B68184700BF0A
:10FBC000844E05205C4E052013B51C68E10705D561
:10FBD00019F0FCFB154916481AF06EFCA20722D555
:10FBE000FCF79AFBC8B901901CF0E8F804461148EC
:10FBF0000FF06BFC019020461CF0DBF8019890B1EF
:10FC000043799B070CD401A802210FF049FD01980C
:10FC1000FCF772FBFCF76EF9E6E7FCF76BF9DFE740
:10FC2000FCF75EFBF6E7002002B010BD74C50620AD
:10FC3000EC4D0520884E052008B5054807F0F2FD7B
:10FC4000044B01211870BDE8084007F0FBBD00BF60
:10FC500084C5062005C0062038B5044648B11CF00E
:10FC6000ADF80546214608480FF001FD28461CF076
:10FC7000A0F8064B022193F9000007F0E3FDBDE870
:10FC80003840FFF721BF00BF884E052005C0062081
:10FC90002DE9F0410A4B0B4F04460E4638681968AF
:10FCA0001546E3F78DFC40B933462A46386844F4DC
:10FCB0008021BDE8F041E3F7A5BEBDE8F08100BFBB
:10FCC000F4C3062014C406202DE9F0410A4B0B4F63
:10FCD00004460E46386819681546E3F771FC40B9CA
:10FCE00033462A46386844F48021BDE8F041E3F702
:10FCF0002FBDBDE8F08100BFF4C3062014C4062068
:10FD000038B5084D084B044619682868E3F758FCD5
:10FD100030B9286844F48021BDE83840E3F7B6BE26
:10FD200038BD00BF14C40620F4C306202DE9F047F7
:10FD3000144B0F461968144B06468CB01868904651
:10FD4000E3F73EFC044680B93B460A223046CDF834
:10FD5000008002A90AF0AFF94FF0000905460DF145
:10FD6000080A4D4505D1002DEED120460CB0BDE866
:10FD7000F08730465AF8041BE3F788FE09F10109C1
:10FD8000EFE700BFF4C3062014C40620F8B50B4B00
:10FD90000B4F06460C4638681968E3F711FC054618
:10FDA00048B9E24316FA82F2386842F4802246F4F7
:10FDB0008021FFF7BBFF2846F8BD00BFF4C3062033
:10FDC00014C40620F8B50E46054618B311B3134FF8
:10FDD0003B680BBB00F03EF90446B0B9F1F722FDD9
:10FDE00007F0B2FC6D6A002D08BF4FF480752846FD
:10FDF00007F004FC044640B932462021384607F09B
:10FE0000AFFC044618B107F011FC2046F8BD044BC6
:10FE10001D60FAE72124F8E72E24F6E7904E05202E
:10FE20008C4E0520014B18681AF081BA904E0520BF
:10FE3000064B10B518681AF08EFA044618B900F08F
:10FE400043F915F06CFB204610BD00BF904E052015
:10FE5000014610B50446064809F0FDFC00234FF0AA
:10FE6000FF3223604FF0FF33C4E9022310BD00BF0F
:10FE7000B44E05201A4B37B51D6845B9194C237887
:10FE8000C3B119481BF012FD257003B030BDD5E990
:10FE900002451BF081FDA04271EB05020B460BD31E
:10FEA0000022104B1A700122104B1A70104B186868
:10FEB00019F049FC0020E8E7211A65EB030500234F
:10FEC0009D4218BF4FF0FF31CDE90033094A064883
:10FED0001CF0E5FA0028D8D10122024B1A70D4E7B1
:10FEE000B44E052008C00620944E052006C006200A
:10FEF000904E0520F9FE01080022044B1A700122E1
:10FF0000034B1A70034B186819F01DBC08C006207B
:10FF100006C00620904E0520264BF7B5044618680B
:10FF20000D461AF048FA30B9284601A91BF066FDC3
:10FF300018B119F02EFC03B0F0BDD4E90223B3F1DF
:10FF4000FF3F08BFB2F1FF3F02D02046FFF780FF1E
:10FF50001BF022FD019B1818174B41F100011D7881
:10FF60004DB1164AD2E90032834272EB010602D348
:10FF7000581C42F10001124AC4E9020113687BB91E
:10FF800023601460002DD6D1FFF774FF05460028CA
:10FF9000D1D02046FFF75CFFFFF76CFF2846C8E78B
:10FFA000D3E90276B84271EB0606E9D31A461B681C
:10FFB000E5E700BF904E052007C00620780B002023
:10FFC000B44E052008B598B1D0E90223B3F1FF3F44
:10FFD00008BFB2F1FF3F0BD0FFF73AFF054B1B788C
:10FFE00033B9FFF747FF18B1BDE8084019F0D1BB9E
:10FFF00008BD00BF07C006200022F8B5114B124D06
:020000040802F0
:100000001A701BF0C9FC0123104EC5E90001104F06
:1000100033703C6834B1D4E90212D5E90003884258
:10002000934108D200233370FFF724FF48B1BDE8A5
:10003000F84019F0AEBB2046FFF70AFF6368984707
:10004000E7E7F8BD06C00620780B002007C00620B1
:10005000B44E0520074BDA69D20407D51B6A40F27B
:10006000044013F0010F18BF0020704740F2044015
:10007000704700BF0080E00F10B503783E2B0AD117
:10008000837843F478530D4A0D491078002290424A
:1000900008D800200DE0FF2B0ABF83781B0243F431
:1000A0007F43F0E731F8024BA34203D1054B53F8ED
:1000B000220010BDEDD30132E9E700BFA2C703085B
:1000C000E0C70308A4C7030830B5002485B002A820
:1000D000E7F7F2F801A8BDF80850019408F030F8ED
:1000E00000B101940E48019C0FF06BF8B0B10023F1
:1000F0004371C371037243728372C3726FF057030B
:10010000837449230B22C3741123027103750122E6
:100110006FF001038271C4600582437505B030BD84
:10012000181704082DE9F04FB0F800E091469A4600
:1001300042680EF1804387B0013B884602EB83079B
:100140001199836890ED036AD0ED046A90ED057A09
:100150000293002900F0E3804FEA9E0B03F11004A4
:1001600003EB0B1301933B4602F1100C5F460CEBC3
:100170000B1C0094DFED6B3A0E4614469B460EF0C6
:100180000305CDF80CE004920590F8EC017AE7EE57
:10019000476AEBEC017AE7EEA76ADFED637A002F9E
:1001A00000F0BA80009A04F1100313ED043A12ED46
:1001B000044A53ED034A12ED035AE3EE047A53ED79
:1001C000025A52ED022AE4EE857A13ED012A12ED6D
:1001D000017AE5EEA27A10336345E2EE077A02F186
:1001E0001002E2D1019BACF1100155B12A469E46A6
:1001F0000846F0EC015ABEEC017A013AE5EE877A46
:10020000F7D1EAEC017AB9EC017A77EE677A109AC5
:1002100076EEA35AE2EC017A26EE275A1092C5EE4A
:10022000257A3FB3009A04F1100010ED045A52ED04
:10023000045AE5EE275A52ED034A12ED024A12ED36
:10024000017A42ED045A50ED035AE5EEA74A42ED19
:10025000034A50ED025AA5EEA74A02ED024A50EDBC
:10026000015AA5EEA77A1030604502F1100202EDA6
:10027000057ADAD12A464DB1F1EC015A93ED007AB4
:10028000A5EEA77A013AA3EC017AF5D1013EB4ECD0
:10029000017A0CF1040C7FF478AFDDE903E21199E7
:1002A000059802EB81050EF1FF34A608C0ED046A43
:1002B00080ED057A20D002F110073B46314605F16A
:1002C000100252F8100C103243F8100C52F81C0CAB
:1002D000013943F80C0C52F8180C03F1100343F8E1
:1002E000180C52F8140C43F8140CEAD1013E05EB3B
:1002F000061507EB0612103514F0030409D02B681D
:10030000012C136005D06B68022C53601CBFAB68D6
:10031000936007B0BDE8F08F2146029B65E7154664
:10032000C1E700BF000000340000000010B58E4699
:100330002DED028B049C826004F1FF3CF4440446E2
:10034000A0F800E04FEA8C0200211846B0EE408A87
:100350000EF090FC002284ED038ABDEC028B22613A
:100360006261606010BD00BF00B55FEA910E3AD0D7
:10037000103003469FED1D7AF44653ED047A53ED99
:10038000035A13ED026A77EEA57A53ED016A77EE10
:10039000867A77EEA67ABCF1010C37EE277A03F164
:1003A0001003EAD10EF1FF3E00EB0E1011F0030333
:1003B0000FD0D0ED007A012B37EE277A09D0D0ED9F
:1003C000017A022B37EE277A1CBFD0ED027A37EE86
:1003D000277A07EE901AF8EE677AC7EE276AC2ED21
:1003E000006A5DF804FB9FED017ADFE70000000082
:1003F00010B55FEA910E01F0030440D01030DFED3C
:10040000247A0346F44653ED045A13ED036AE5EEED
:10041000A57A53ED026AE6EE067A13ED017AE6EE6E
:10042000A67ABCF1010CE7EE077A03F11003EAD1DA
:100430000EF1FF3E00EB0E107CB190ED007A012C26
:10044000E7EE077A09D090ED017A022CE7EE077A01
:100450001CBF90ED027AE7EE077A07EE101AB8EEAD
:10046000477AC7EE876AF5EEC06AF1EE10FA4FF0F0
:1004700000030BDBF1EEE66AC2ED006A10BD14B1B9
:10048000DFED037AD9E7DFED036AF3E7136010BD10
:10049000000000000000C07F10B582B0144601AA21
:1004A00000F010F8DDED017AF5EEC07AF1EE10FA09
:1004B00005DBF1EEE77AC4ED007A02B010BD00234F
:1004C0002360FAE7012940F2878030B58E4601F0BB
:1004D0000304890800F0A58000F110059FED537A10
:1004E0002B468C4653ED047A53ED035A13ED026A02
:1004F00077EEA57A53ED016A77EE867A77EEA67AE3
:10050000BCF1010C37EE277A03F11003EAD1002C7D
:1005100067D001F1FF3C05EB0C13D3ED007A012C01
:1005200037EE277A66D01D1DD5ED007A022C37EE06
:10053000277A66D0D3ED027A06EE90EA37EE277A74
:10054000F8EE664A87EE245A002962D000F11005C1
:1005500001F1FF3CDFED357A2B4653ED045A13EDE4
:10056000036A75EEC55A53ED026A36EE456AE5EE4A
:10057000A57A13ED017A76EEC56AE6EE067A37EED5
:10058000457AE6EEA67A0139E7EE077A03F1100321
:10059000E3D105EB0C10B4B190ED007A37EE457A5B
:1005A000012CE7EE077A0ED0031D93ED007A37EEAB
:1005B000457A022CE7EE077A05D090ED027A37EE05
:1005C000457AE7EE077AB7EE007A74EEC74A87EE0F
:1005D000A47A82ED007A30BD9FED147A82ED007A24
:1005E000704707EE90EAF8EE674A01F1FF3C87EEAC
:1005F000245AAFE707EE90EAF8EE674A87EE245AEE
:10060000A8E707EE90EAF8EE674A87EE245A002939
:100610009CD10346F3EC017A77EEC57A67EEA77AB0
:10062000C3E705460346B5EC017A7DE7000000000C
:100630001046044A1368591E033102D80021116084
:100640001847704794C50620034B1868034B0028D1
:1006500008BF1846704700BFB84E0520441704086D
:10066000014819F0FAB900BFC04E052013B50B4C74
:100670000229226005D10A4819F0EFF9002002B0E2
:1006800010BD0A4600930146064B054819F0C6F90D
:10069000003818BF01204000F1E700BF94C50620D4
:1006A000C04E052031060208014819F0E7B900BF25
:1006B000C04E05200021014819F002BAC04E0520A5
:1006C00008B5064B1B68013305D0FFF7EDFF80F03E
:1006D0000100C0B208BD0020FCE700BF94C50620A1
:1006E0002DE9F843DFF860900646D9F80080084607
:1006F0001746B8F1000F03D00E242046BDE8F8835A
:1007000006B3336801331DD1E1B100F075F8054639
:100710000028F1D0C9F8000000F0DAF8284619F0F6
:1007200090F8044640B14046C9F8008000F0D0F887
:10073000284619F081F8E0E73560002FDDD0284623
:10074000B847DAE72124D8E7BC4E0520024B1868E9
:10075000003818BF01207047BC4E052038B50C4644
:1007600001F0F0FAA3780B4A13705A1E5542554116
:10077000A8420CD0012B04D02846BDE8384001F037
:10078000C3BA204601F092FA0028F5D038BD002007
:10079000FCE700BF09C00620002108B5024B08464F
:1007A0005B689847002008BDB0C5062010B5FFF76C
:1007B0004BFF0D4B0C461A1A534253418B4201D149
:1007C000002010BD094B1B683BB9094A064B002CA1
:1007D00008BF1346074A1360F2E719F051FA0028E0
:1007E000F3D00220EDE700BF1C170408BC4E052023
:1007F00044170408B84E0520F8B504461BF0D5FA96
:10080000002607460E4B1B6893B19E68AEB196F862
:100810002420D20711D435460FCC0FC50FCC0FC5FD
:1008200023682B6096F8243043F0010386F82430C7
:1008300038461BF0B5FA3046F8BD1B68E4E700BF48
:10084000A4C50620431E033306D8044B984228BF94
:100850001846642838BF6420704700BF40420F002C
:1008600038B5184B05461B680C4603B1984744B190
:10087000236833B11B68013303D0E3680BB1A3686D
:1008800043B919F00DFC00209122412100F014FA27
:10089000212038BD204602F0A3FD00230A4A85F836
:1008A0004831C5E93A4313605360636943B1074A6D
:1008B00042211068B322C31A5842584100F0FCF993
:1008C0000020E6E71051052098C506204C51052070
:1008D00010B5044618B9054B054A136010BD00F069
:1008E00041FCD4F8F430002BF6D1F4E70B9903085F
:1008F000A8C5062008B502460868FFF7A3FF0860F0
:100900004868FFF79FFF48608868FFF79BFF886093
:10091000C868FFF797FF0B69C860581C03D00B48E5
:10092000834228BF03460B614B69581C03D007481C
:10093000834228BF034688694B61FFF783FFBDE808
:1009400008408861104601F033B900BF40420F00F3
:10095000D0F8EC302DE9F04105460C4613B1038E7A
:100960008B424ED0D5F8E830002B4DD09E68002E3B
:100970004AD0D868002847D0013800B200281DDBD3
:10098000002107E0128A0CF10101A24219D209B23A
:10099000884213DB0B1803EBD3735B1003EBC3022A
:1009A00006EB8202B2F80EE01FFA83FCA6450CF1BA
:1009B000FF3EE7D90FFA8EF08842EBDA2120BDE83E
:1009C000F0814FF6FF729445F8D09BB203EBC3035E
:1009D00006EB83062846B6F9122095F83C11D5F8A7
:1009E000FC800BF081FE0746B8F1000F04D0002315
:1009F000324628461946C0472C86C5F8EC6085F873
:100A000045710020BDE8F0810E20BDE8F08100BFF7
:100A10002DE9F04782B004460E46904601F098F961
:100A2000002877D15D4D2F68D4F8E8A0D4F8EC9079
:100A30001FB1574500F090800027AE6001F0BEFE68
:100A40000128064604D001210022084618F028FF9C
:100A5000204619F0A4FA002860D12B68DAF80010BB
:100A6000D9F800201BB11868884200F08180204628
:100A700019F089FAB7B1B8F1000F13D1204601F08F
:100A800049FC0546D4F89830002B3CD1012E05D006
:100A900025B1434B002103205B689847284602B0EC
:100AA000BDE8F0873F4BC5F800A01A78C5F8049060
:100AB0008DF80780002A40D1D4F8FC50002D5FD07B
:100AC000114620460DF10703A847204601F022FCFD
:100AD000054617B1B8F1000FD4D0B5FA85F040F251
:100AE00005423321400900F0E7F84146204601F075
:100AF00077FD2D4B49461B68054620469847D4F89C
:100B00009830002BC2D000224FF40073204600F032
:100B100039FBBBE70023214D6B6084E794F8253057
:100B20009A079AD5D4F8A0305B0596D51F4B0122C1
:100B3000002120461B6898478FE7D4F8EC30B4F9C1
:100B4000481023B1B3F912309942A8BF1946424662
:100B5000204601F02BFBB8E76F68002F3FF46DAF24
:100B60004F457FF469AFAB68B34215D0012764E706
:100B7000696819B1096891423FF47CAF596876E71A
:100B800094F82A1094F845314246994228BF1946F4
:100B9000204601F0D9FA98E700257FE798C506209E
:100BA000B0C5062068010408A8C506201451052018
:100BB000F8B505460E461BF0F8F8314607462846BC
:100BC000FFF7C6FE044620B138461BF0E9F8204680
:100BD000F8BD01F0D3FD224631462846FFF718FF45
:100BE00004460028F0D1284619F0D9F90028EBD0A6
:100BF00095F8253013F002030DD0D5F8A0305B0531
:100C00000DD5B5F83631B3420BD0B5F838319B1B52
:100C1000B3FA83F35B09044A82F8D830D4E7234659
:100C2000F9E70123F7E700BF003E00B070B50446C6
:100C300000200D4619F038FA094B1B784BB9D4F84F
:100C4000FC6036B129462046B446BDE870401A46DD
:100C5000604729462046BDE8704019F083B900BFBF
:100C60006801040830B4064DBDF908402D781DB167
:100C7000029430BC19F079B90E2030BC704700BF27
:100C800012C00620024B1860024B1960FEE700BF3D
:100C9000D8500520ACC5062038B5044D044C054B92
:100CA000286021601A60FFF7EDFF38BDD85005209D
:100CB000ACC50620DC50052010B550B90548064BE0
:100CC0000160064802601868054B18601868FFF755
:100CD000E3FF10BDACC50620BC4E0520DC5005204E
:100CE000D8500520054B1B680BB918467047834246
:100CF00001D01B69F8E70120704700BFE4500520D0
:100D000018B10A4B1A680AB9104670471A6882422D
:100D100007D1026901201A60054A1368013B13607C
:100D2000704702F110031269EDE700BFE45005209F
:100D3000E05005202DE9F74F06461BF03FF8DFF89D
:100D40002081012398F800B0DFF818910190BBF1E1
:100D5000000F06D089F8003003B0BDE8F04F1BF05B
:100D600028B83D4F88F8003089F800B018F0E2FE4E
:100D700008B118F0DDFE3D6838495DB9DFF8E8A03C
:100D8000DAF800200024AA423B682ED84FF0FF3149
:100D9000324838E06B7D8BB12B68B34202D09A1B8E
:100DA0008A420BD96A6813442B60AB68003A18BFBB
:100DB0000122003B18BF01236A75AB752D69DCE782
:100DC000907D20B1107D88429CBF01461446126977
:100DD000002AF5D1002CD9D094E80B00A275411A55
:100DE000E268204698470135CAE71A46FF21EFE737
:100DF0005A7D3AB11A68B24228D0921B824225D855
:100E0000914226D21B69002BF2D15CB12046FFF73C
:100E100077FF38B13B683C602361DAF8003001337A
:100E2000CAF800303B685C7D1CB1186800F0DEF841
:100E3000044618F07BFE0646002C95D199F8003048
:100E4000002B91D1019888F8004085E71C460021CD
:100E5000D8E711461C46D5E7E4500520FCFFFFBF4C
:100E60000BC006200AC00620E050052038B5054614
:100E700010B3182200210DF0FDFE1AF09FFF02466C
:100E80002846FFF72FFF20B110461AF092FF0220EC
:100E900038BD0A4B1C6854B909491D600B681046DF
:100EA00001332C610B601AF084FF2046F0E71968CB
:100EB0000C6901F11003EEE72120E9E7E450052079
:100EC000E050052038B50446FFF70CFF1AF076FF16
:100ED00005462046FFF706FF637D23B928461AF032
:100EE00068FF0E2038BD00236375064B1B68A342C4
:100EF00003D118F01BFEFFF71DFF28461AF059FF1B
:100F00000020EFE7E45005202DE9F84FDDF82890A8
:100F1000984604460D469246FFF7E4FEDDF830B0F1
:100F20001AF04CFF074618F001FE06462046FFF770
:100F3000D9FE637D23B12046FFF7C4FF0023A375CC
:100F4000BAF1010F21D175B9B8F1000F1FD1B9F174
:100F5000000F03D05A4631462046C84738461AF09B
:100F600028FF002017E035440C4BAA1B9A420ED8EC
:100F7000012363759DF82C30304684E820032375E7
:100F8000C4F80CB0FFF7D6FEE8E7AE42ECD1384625
:100F90001AF00FFF2120BDE8F88F00BFFCFFFFBF54
:100FA0002DE9F04107468846FFF79CFE1AF006FF40
:100FB0003D68064618F0BAFD7B7D7BB185420DD0B9
:100FC000094B2C1A9C4209D830461AF0F2FEB8F1AF
:100FD000010F08BF25462846BDE8F08130461AF0CB
:100FE000E8FE0025F7E700BFFCFFFFBF0023024A31
:100FF000194600F09DB900BFF79A0308024B002282
:10100000196818F0D9BF00BF64010408024B01221F
:10101000196818F0D1BF00BF2451052090F827307F
:10102000FF2B0FD0012904D90239012906D921202B
:1010300070470222044B196818F0BEBF034B03220D
:101040001968F9E7022070475C0104085801040898
:10105000024B0422196818F0AFBF00BF5401040806
:1010600038B5094B5A68094B9A420AD11AF09DFECD
:10107000054606F0D9F9044628461AF091FE2046A6
:1010800038BD0024FBE700BFB0C50620B39B0308B2
:10109000024BD868C0F30360704700BF000002B87D
:1010A00038B54FF0FF35054C206800F0B9FE2560DB
:1010B000034C206800F0C2FE256038BDBCC5062088
:1010C000B8C5062010B5054C237823B103F094FD74
:1010D0000020207010BD0E20FCE700BF0DC00620D0
:1010E00008B503F057FD0122014B00201A7008BD1E
:1010F0000DC00620F8B504460F4616461AF055FEF8
:101100000546A047044620B128461AF049FE20466D
:10111000F8BD05F063FE04220549D1F8EC3E23EA50
:1011200007033343C1F8EC3E024B5A64ECE700BFBF
:10113000003000B0002002B800F01803182B0AD0CD
:1011400003070AD410F0100F40F2011308BF002368
:10115000034A936770470023FAE70123F8E700BFCB
:10116000003F00B038B10368044A002B08BF1346A3
:10117000034A13607047014BFAE700BFBB9B0308AB
:10118000C0C5062010B4D0E9564122400B4052EAB7
:10119000030104D003495DF8044B096808475DF872
:1011A000044B7047C0C506200F2938B505460C46CC
:1011B0000ED801F003FB01280CD1074A2846536ED4
:1011C00023F00F032343536618F0ECFE002038BDD4
:1011D0002120FCE70220FAE7003F00B008B50E4BE3
:1011E0005A6C12F0A00F13D19B6C5B0712D40B4BFF
:1011F000D3F8EC3E23F07F4323F0FF0353B1FFF716
:1012000047FF6FF4905343FA00F000F0010008BD6F
:101210000020FCE70120FAE7000002B8003000B02F
:10122000074A084B30B10221C2F864120422C3F805
:10123000642270470421C2F864120222F7E700BF5B
:10124000006001B8005001B870B50D46064620B9DF
:101250001A4B1B68EBB10E201AE001F0AFFA01281F
:1012600027D1174BD6F8F00093F9004018F046FE4E
:101270000022C4F11C04241A641BC4F12B03002BAC
:10128000B8BF5B42232B16DC3AB10D4B1D7000201A
:1012900070BD0122C1F11C04EFE786F828501AF056
:1012A00084FD054660B200F087FE28461AF078FDFE
:1012B000EDE70220ECE72120EAE700BFBC4E052065
:1012C0000CC0062008B518F079FC8022024B586744
:1012D000024B1A6108BD00BF003F00B0000002B819
:1012E000014B1868704700BFFC50052037B51AF055
:1012F0005CFD0123002200240093002305461946CB
:101300001046019405F044FB052002F0F1FC064B69
:1013100021461C60054B02205B68984728461AF05E
:101320003FFD204603B030BD04510520B0C5062066
:101330002DE9FF4102290C4615469846039005D138
:10134000FFF7D4FF002004B0BDE8F0811AF02DFDB6
:101350001E4E0746336853B1AB4208D000243846CE
:101360001AF01EFD002CEDD121203460EBE7184B64
:101370000022C3F800803560002301254FF00008EB
:10138000104619460195009505F002FB114B05200A
:1013900083F8008002F0ACFC22464346052003A9F6
:1013A00002F0C4FC0C4B039A04461A600028D5D006
:1013B000DFF82880D8F8003098472128CFD1294677
:1013C000D8F8043002209847C9E700BF045105202F
:1013D0000051052010C00620FC500520B0C5062095
:1013E000034B5B6E9B045ABF024B18780120704779
:1013F00000C001B810C0062090F82730023B022B35
:1014000005D84B7CE3B1012B1CD0022B1CD0D0F8AB
:1014100060311B0612D5D0F8A4300D2B03D0A3F1F8
:101420000F02022A0AD88A8A1A2A07D90F2B0848DB
:101430000CD0084A112B18BF1046704718F039BC61
:10144000054870470548704701487047704700BF1E
:1014500040420F0080841E0020A1070048E80100E0
:101460000A78022A11D0101F4242424152004B78A2
:101470001201022B0BD0191F4B424B415B00054957
:10148000054842EA8312FFF735BE0122EFE7012348
:10149000F5E700BFF0FFFF00052802080B78022BDC
:1014A00010D0181F434243415B004A78022A0BD0F8
:1014B000111F4A424A4152000F21044843EA820266
:1014C000FFF718BE0123F0E70122F5E731280208F3
:1014D000D0F8B03010B5994204460ED0C0F8B01024
:1014E00002F094F80649A4F840010123054AD1F816
:1014F000FC1004F5827004F0F3F8002010BD00BF6A
:10150000004F00B0A43F00B02DE9F74F04468B46D2
:1015100015461E46FFF762FE28B3A38A1BB320467A
:1015200018F05CFA78B91EB10E2003B0BDE8F08F58
:10153000714BD3F8EC3E03F03002102AF4D003F0E4
:10154000C003402BF0D06D4F04F00CF87B69DB0733
:10155000EAD51AF02AFC0646032002F0D5FC20B199
:1015600030461AF01DFC0220DFE77A6912F0060A05
:10157000F6D130461AF014FC5F4B4FF40061204660
:10158000D3F8EC9ED3F8C48E05F092FD48B14FF429
:10159000007601215A4F524608467E6418F080F9C1
:1015A0007E6494F825309F0707D5D4F8A0305E05F7
:1015B00042BF4FF40022534B5A6459462046FFF76E
:1015C000F7FA4D4BC3F8EC9EC3F8C48E0028ACD19B
:1015D00094F82430980601D4002D4ED0C5F3400075
:1015E00004F0A8FB022315F4807F1FBF454A0021A9
:1015F00053644FF03A420BBF414A916153645363C5
:1016000005F0ECFB4FF4806315F0040F14BF3E4A65
:101610003E4A3B4E1365042328467364FFF78CFD56
:10162000204618F06EFB38B14FF4807315F0010FAF
:1016300016BF344A73645364A90647D54FF6FF7248
:10164000B4F8423093420FD0314A3249526F100CF5
:10165000C2F301120132B3FBF2F308802A4A2B498C
:101660002D481B0448675367003D18BF012594F8B7
:10167000243065F3451384F82430204618F08FFC9D
:10168000F0B1204618F03DFBD0B14FF400312046B8
:1016900005F00EFD431C03229BB201A91F4818F060
:1016A000F6FC9DF804209DF8053002F0070105299D
:1016B00015D112070DD443F48073194AC2F8CC3007
:1016C000002003B0BDE8F04F18F0EEBC01F036F892
:1016D000CAE713F0040F09D19DF80630EBE703F0D9
:1016E0003002202A05D113F0010FF4E74FF4807384
:1016F000E3E79DF80630E0E7003000B000C001B835
:10170000002002B8001002B8005001B8006001B813
:10171000004001B87CC606200000FFFF0C0000BAA4
:10172000003E00B02DE9F0470B460646154611B9BC
:101730002120BDE8F087002AFAD0032905D800222D
:1017400001F09CFD03460028F2D01C889A78B4F57D
:10175000804F02F0070180F0A580A1F1070C1879F5
:10176000DF88DCF1000343EB0C0305292B7394BFE6
:101770000023C2F30013C2F3801C6B73930985F836
:1017800010C003F00203C2F3C00C43EA0C03C2F31F
:101790004012AA746B74E874D6F8A030AF82DA06EF
:1017A0006BD40639012968D80020B6F81280F76991
:1017B00008F1FF383C4B0A3C04EA08045B6D3B5DD2
:1017C000A860802B1CBF323BDBB2AB7396F827308E
:1017D0000134FF2B04EA08042ED1631D03EA080339
:1017E00017F80390013303EA0803304617F803A003
:1017F00018F049FA80B142F2107349EA0A2929F037
:1018000001094FEA09494FEA194903FB09F9642321
:10181000B0FBF3F0B9FBF0F0A860385DD6F8F83013
:10182000400100F47E60FF2896BFC0430020C0B294
:1018300013B195F90E109847631CE87303EA080387
:10184000F95C013303EA0803FA5C013303EA080395
:1018500041EA0221FA5C013303EA0803F85C41EA39
:101860000241002341EA00616A7C304603F0E0FF58
:10187000062328600020AB715BE70023EB730B4B62
:10188000DB691A0A1B0406D4D3B2323BDBB2AB735A
:1018900000232B60EEE762F0FF0352B28032F4D1F6
:1018A0008023F4E7022044E7004000B800C000B8FD
:1018B00070B504460D46FFF79FFD94F82740064695
:1018C000042C02D16B7C012B0CD9023C012C8CBF67
:1018D000002401243146204603F0D4FF431C03D1E9
:1018E000022070BD0124F5E7AA882B68AAB9AA686E
:1018F0009B1A03222B60AA71002EF1D0B0F5803F15
:10190000EED84FF22441720901FB00223609B2FBE6
:10191000F6F29B1A00202B60E3E700EBC200054AB9
:1019200004EB4404D2F8A820204402F01F02A3EBE9
:10193000C203DEE7003E00B0F8B507460D46144688
:101940008BB118F01EFB29463846BE8A01F0D2F84A
:10195000B44228BF3446A4B222462946044801F0C6
:1019600055FA2046F8BD18F0F5F90646F0E700BF35
:101970000C0000BA082310B1024A53647047024AAF
:10198000FBE700BF001002B8002002B8054A126849
:101990001AB190F82A1119B91047084602F0BEBED4
:1019A00001487047EC50052000FEFFFF314B2DE948
:1019B000F7431C6801F4007900F00103174653EA6D
:1019C000090206460D462FD04FF000080BB3002346
:1019D000002201200021CDF80480CDF8008004F021
:1019E000D7FF41462046FFF7D1FF012241466086DE
:1019F000104617F055FFD4F8A01094F8270002F015
:101A0000F7FEFFF74DFB94F8243043F0040384F80D
:101A10002430B9F1000F07D00121204618F0FBFB5C
:101A200025F4007506430D432B4632462046FFF74A
:101A3000A9FBFB070FD51049104A0868002113685D
:101A4000116001210E4A117003B198470D4B00211E
:101A500002205B68984717F00E0F08D04FF4EC7225
:101A60003B21002003B0BDE8F043FFF725B903B0E8
:101A7000BDE8F083BC4E052000510520045105202F
:101A800010C00620B0C5062008B55822002106481F
:101A90000DF0F0F81022FF2104480DF0EBF805F0EE
:101AA00011FB002008BD00BFF03E00B0343F00B085
:101AB00073B5314A3149137809784FF0FF350B433C
:101AC00086211370A0F820116F228221C0F80C210A
:101AD000C0E944126422C0E9462240F2FF420D23CD
:101AE00082854FF40042002680F83C314FF6FF73A8
:101AF0000446A0F84820224A0386026400F15402FA
:101B00000265204AC3844263C0F8B05045858563AE
:101B100080F8286003F07EFF2046FFF7B5FF012222
:101B2000194B2046C3F8382294F92810FFF78CFB94
:101B30006023164A41F6FF71D3644FF03A421163B5
:101B40001167134A2946D3644022124B20465A6437
:101B5000D4F8A02018F088F80E23002201930093F7
:101B600040F202231046194604F012FF01F0EAFC8D
:101B7000304602B070BD00BF12C0062068010408E4
:101B80000700FFFFFFFF4000005001B8004000B811
:101B9000005000B8002002B8044BD3F8EC3E13F01C
:101BA000806F14BF23200020704700BF003000B0BA
:101BB00002462DE9F843B0F8404100F58275FFF781
:101BC000EBFF0F68D1F804807E1C08BFD2F80C71BF
:101BD0008E6808BF0F60B8F1FF3F04BFD2F81881CC
:101BE000C1F80480731C48D1D2F81431D1F80CC06C
:101BF0008B60BCF1FF3F47D1D2F81061D1F810E003
:101C0000D1F814C0BEF1FF3F08BFD2F804E1D1F80B
:101C1000189008BFC1F810E0BCF1FF3F08BFD2F830
:101C200008C1CE6008BFC1F814C0B9F1FF3F08BFBA
:101C3000D2F81C91B9F1000F2DD1C0F164048C6170
:101C400017B16F2F38BF6F2716492846C2F80C719D
:101C5000C2F81061C2F81431C2F81881C2F81C41F0
:101C6000C2F804E1C2F808C107230F4AD1F8FC10FA
:101C700003F036FD0020BDE8F88304F16F031B1A62
:101C8000B34238BF3346B1E704F18606361A6645DB
:101C900038BF6646B2E76F34241A4C4538BF4C460D
:101CA000CDE700BF004F00B0A43F00B038B5054CF1
:101CB000054B417800782568236002F0C1FE00B131
:101CC000256038BD085105208C17040838B51AF076
:101CD0006CF8054600F072FD012805D028461AF080
:101CE0005FF80224204638BDFFF7D2F90028F1D171
:101CF000044BDC6814F08054ECD128461AF050F8FC
:101D0000F0E700BF000002B80A4B10B51B6804469C
:101D100073B1094B48B10121084A1A60022003F04F
:101D200037FC0020064B1C7010BD01461860F5E71B
:101D30000220F9E7085105200C51052084170408FA
:101D400011C00620014B1878704700BF11C0062053
:101D50004FF40022034B586C03F500535A64C0F350
:101D6000C0407047000002B8024B586900F0010003
:101D7000704700BF00C001B808B50B4B5A69D207C5
:101D800004D518B9BDE8084001F08CBF5B69DB07DA
:101D900008D438B101F078FF0323044A1364A2F594
:101DA0008052536408BD00BF00C001B800E0095074
:101DB00090F92430002B0CDA4FF08053064A29B1F9
:101DC0009360A2F58052D36000207047D360936087
:101DD000FAE70E20704700BF006001B84FF0806343
:101DE00010B1024A53617047014AFBE7001002B884
:101DF000002002B8202350B1064AC2F8F433064B43
:101E0000196C11F0010104D1032003F0C1BB034A96
:101E1000F3E77047001002B800C002B8002002B813
:101E2000431C07D06FF0FF02034B10405A62A3F52A
:101E300080535862704700BF00E000B8431C06D0D2
:101E40006FF07E42024BDA63A3F58053D86370478C
:101E500000E000B8024B586E00F00F00704700BF62
:101E6000003F00B0014B986E704700BF003F00B0CC
:101E7000014B002099667047003F00B003282DE910
:101E8000F74F0C4691467DD83F4B1E5C3F4B13F8F5
:101E900000A03F4B13F800B019F087FF804604F014
:101EA00069FF074640B100230022019300930120FF
:101EB0000023002104F06CFD04F064FF48B100230E
:101EC000002201930093002000234FF4004104F00E
:101ED0005FFD002E4ED02F4BDD6C05F0080506EBA4
:101EE0000A002D4B23305844DD64C0B201F030FEAF
:101EF0005146304604F08AFF5A465146304604F0B7
:101F0000F1FF264BDD649FB14FF0FF35244B1B687A
:101F1000D3F8A01093F8270002F06AFC2149086862
:101F2000FFF77EFF0D6020490868FFF787FF0D600F
:101F3000B9F1000F04D01D4B002103205B689847C6
:101F4000D4B14FF400521A4B1D6F03F50053C5F383
:101F500040351A67404619F023FF00F02FFC012896
:101F60000CD11DB14FF40052124B1A67002003B080
:101F7000BDE8F08F3546B2E72546EBE7002CECD103
:101F80000520F4E72120F2E7A4170408A0170408AD
:101F90009C170408004000B8006000B8005000B86A
:101FA000BC4E0520BCC50620B8C50620B0C506201D
:101FB00000C001B800D001B8034A136A60F3D2230D
:101FC00013620020704700BF00C000B8094A136DBB
:101FD00013F400130BD1D2F84001C00707D4D2F894
:101FE000800000F47060003818BF0120704741EA9B
:101FF00053507047004001B8F8B514460D4601F043
:102000000B0323EA0201484A2340D164A2F580521F
:10201000D3646B07064610D50121FFF7D7FF60B1E7
:1020200004F0DCFE4FF4007314F0040F14BF3F4AB9
:102030003F4A136504223F4B5A64EF0606D514F05D
:10204000100F14BF00221B223B4B5A65280618D5DF
:10205000210611D54FF40012344BDA6419F0A5FEB5
:102060000E210746032002F047FB40F20122324BCB
:102070003846DA6219F094FE214696F8270002F0FD
:10208000B7FBEA0503D5E30537D502F08BFBAF05B7
:1020900003D5A00534D502F091FB15F48C6F18D050
:1020A00014F4806231D096F8253099070CD5328E21
:1020B000B6F83631934226D0B6F838319A1A5342E0
:1020C00053411E4A82F8D8303046D6F8F010FFF758
:1020D000F9F828050FD504F081FE194A2105D2F838
:1020E000EC3E4CBF43F0006323F00063C2F8EC3ECB
:1020F0000422104B5A640020F8BD02F04DFBC6E7E5
:1021000002F056FBC9E70123DBE76B05DCD596F847
:1021100025309F07D8D5094B114683F8D820094BA5
:1021200030461B689847CFE7006000B8005001B800
:10213000006001B8002002B8004000B8003E00B0C6
:10214000003000B01451052070B5054690F83C01F0
:102150000C460D2822D0FF2901D1212070BD1AB1D3
:102160004FF0FF320F4B1A6017F0A1FF064695F8AB
:102170003C0101F03DFA844228BF0446E4B2B44277
:1021800038BF3446E0B285F82B0001F055FB064A13
:102190000346107820B9FF2BE0D1DEE70220DDE70F
:1021A0000020DBE7C4C50620680104087FB5204B8A
:1021B00004461B780E46154643B3D0F8EC30002297
:1021C0009BB34FF0FF36029602AEB3F91230009681
:1021D0000392E8F71DFBB8B902994B1C14D02046B6
:1021E000C1F3813117F09AFE70B9BDF90C30029934
:1021F00002460093C1F30D0103462046FEF732FD6F
:102200002946204617F05BFF04B070BD02A917F005
:10221000CFFB32469DF8081020460AF065FA2A46A0
:1022200001462046FFF790FFEEE71846ECE700BFB7
:1022300068010408F8B50D4690F83C1104460D29D4
:10224000174603D12E4B1B78002B51D02A4620462F
:10225000A4F848500AF048FAD4F8EC3084F82A0080
:10226000002B41D0274A1678D4F8FC204EB1002A22
:1022700040D1B4F94800B3F91210884206DC0026B8
:1022800007E0BABB94F84521824202D20126B3F995
:10229000125000222946204684F82D70FFF786FF51
:1022A00008BB76B1C4F8EC00204617F054FB4FF69B
:1022B000FF739842014615D02046BDE8F840FEF76E
:1022C00077BC114B1B7813F0FD0F0BD1204601F0AA
:1022D0009DF90E4901230E4AD1F8FC1004F58270D5
:1022E00003F0FEF90020F8BDFF2384F82B30F9E756
:1022F0000220F8E7B4F94410B3F912209142BDE787
:102300006801040812C006207EC60620004F00B0F7
:10231000A43F00B0F0B504468FB000F053FCD4F8F1
:10232000A8300546012B00D010B128460FB0F0BDF3
:102330006C49204617F007FFD4F8EC600146258E63
:10234000C4F8F0003EB133682BB15B681BB11A686A
:10235000032A00F2A28019F028FDD4F8F030002BF7
:1023600063D01A68032A60D99F6A7F0E19F018FD9E
:10237000D4F8F010B3898DF80E70B0687268EB1A5B
:102380009BB200FB03225848ADF80C300368029260
:10239000994202D02046FEF795FF544D544E00F06E
:1023A0000DFA0128FBD12B6CDB07F8D4736CDF012D
:1023B000F5D4D4F8F01020460D919DF80E20029926
:1023C00008AB02F007FF002841D100F0F7F901281F
:1023D000FBD1474A4549536CD801FCD40B6CDB0751
:1023E000F9D408A901A803F065F8054678BB228E48
:1023F000404B5A6494F8243060F3410384F824304D
:1024000000F096FC0246D4F8EC104B691E68586840
:10241000531EDBB2FD2B049605901CD8012A36D042
:10242000204604A900F010FC7FE7324BDB6BC3F3BE
:10243000C20213F0380F03F0070718BF574313F415
:10244000E07FC3F3821291D002FB07F78EE70225EB
:1024500028460FB0F0BDF71C15D9FF2A37D001363A
:102460007FF463AFD4F8EC10234B4A689A4217D834
:10247000D4F85C319B051AD494F8243043F002035D
:1024800084F8243051E7FF2A17D00022C8E7C61C81
:10249000C6D901307FF449AFE6E79F6A7F0E69E74E
:1024A000204600F0F7FB00283FF43FAFE0E720466E
:1024B0004FF4803117F0AFFE37E7C71CB0D90130B9
:1024C000E3D12A46204604A900F0BEFBCAE7C31C9C
:1024D00005D80122204604A900F0B6FBBFE7013071
:1024E000BDD1C1E7FC4F00B0F050052000C002B8DC
:1024F000000002B8008001B800CA9A3BF8B590F815
:102500004861044666B319F050FC1F23154F013E85
:102510003B651E40144B05461E65D4F84C21A3F5BF
:1025200080539A67D4F85021DA67D3F84031DB073B
:1025300011D5204617F001FC4FF0FF3318B1C0F160
:1025400020029340DB43C7F84431D4F8AC20134059
:10255000054AC2F844312846BDE8F84019F020BCCD
:10256000F8BD00BF006001B8005001B810B50423E9
:102570004FF03A4101240A4AD1F81801C2F8183143
:10258000C2F814314C634FF400511163410742BF4C
:10259000C2F81431A2F58052C2F8183110BD00BF44
:1025A000002000BA70B54FF03A434FF480640A4DF2
:1025B000D3F818610020C5F81841C5F8144104F09B
:1025C00069FC4FF400532B67730542BF034BC5F8FA
:1025D0001441C3F8184170BD002000BA001000BAC1
:1025E0002DE9F04104460D4619B990F824305906FA
:1025F00058D4464B464A5B6AA18EC3F3032313703B
:102600004FF6FF739942D4F8F06004D0414B1B6839
:102610000BB120469847404F3B68B34269D03F4BCF
:102620001B6833B1002E6CD0316801B1B16820460F
:1026300098474FF00708204600F0E8FF002D4DD0E6
:10264000374B93F90030C3F11C0316B196F92620DD
:102650009B1A06202D4994F928500A6A5B1B63F3E4
:10266000D2220A622F4BD4F8F0203A60986701F02A
:102670007FF9002201202C4B2C49087083F8802020
:10268000204617F08FFC2A4B5B6C5A0203D4D4F817
:10269000A0301B0603D54FF40012264BDA6400204D
:1026A000BDE8F0814FF6FF7C65F38613174A80F88A
:1026B0002430536A184F1649C3F30323D0F8F0604F
:1026C0000B703B68A0F834C0B34215D0134B1B68A5
:1026D000002BA7D100F09AFF4FF00708164A434697
:1026E000D2F8FC1004F58270A2F65C7202F0F8FFDA
:1026F000A6E74FF001089EE700F088FF4FF00108C1
:10270000ECE731462046984793E700BF00C000B889
:102710000FC00620F8500520F0500520F450052089
:102720000CC00620006000B8003F00B00EC00620BC
:10273000000002B8005001B8004F00B038B519F0E1
:1027400034FB4FF6FF710A4A13888B4203D119F00C
:1027500027FB0E2038BD074C074D1B046567A4F509
:1027600080546367118019F01BFB0020F2E700BF63
:102770007CC60620006001B80000FFFF08B50C4BC6
:10278000D3F84C21531C11D012F080420ED1094BCA
:102790001B681BB111460320FFF770FB4FF08062EE
:1027A000054B1A6501225A6102229A6208BD00BFD8
:1027B0000080E00FBC4E0520001002B80F4BDB6814
:1027C000C3F30363013B0B2B0FD8DFE803F00606CE
:1027D0000C06060606080A080808022070470420AE
:1027E00070470520704703207047054B5B6913F065
:1027F000060F14BF04200120704700BF000002B87C
:1028000000C001B8094AD368C3F303630B2B08D097
:102810006FF49050184100F0010080F0010040007A
:102820007047506C10F48030EDD17047000002B852
:102830000C4AD368C3F30363062B07D8042BD8B222
:102840000BD8C31E5842584140007047072B06D191
:10285000D2F868010028ECD17047022070470020B0
:10286000704700BF000002B8084BDA68C2F3036289
:10287000931E012B8CBF00230123037040F622031B
:10288000D34003F001030B70704700BF000002B893
:10289000024B1B6803B11847704700BF2051052049
:1028A000024B1B6803B11847704700BF1C5105203D
:1028B00011F0010311D09AB9552391FAA1F193FABD
:1028C000A3F34A081B0F490042EAC37201F0020356
:1028D000C0F8AC2080F82930704722B9AA23ECE771
:1028E0000023024AF4E7014AF2E700BFB756351267
:1028F00013B501910F21164B5967019911F0010F82
:10290000144922D00ABB01244C674FF0FF31C3F8B1
:102910004411D0F8AC400F49C1F844414FF0704425
:10292000C3F8484190F829301B07C1F8483152B12B
:102930000422006D0DEB02010CF0C8F94FF03A4390
:102940000222C3F8F42002B010BD0224DCE700BF6D
:10295000006001B8005001B813B590F82710044684
:10296000FFF786FA012001F0FFF84FF4F0620B4BFD
:10297000DA644FF40072A3F58053DA6494F82730D8
:10298000023B012B08D80421054B01229B6F0DEB64
:102990000100019300F000FB02B010BD006000B820
:1029A000004001B838B5184B05461C6844B1E368CF
:1029B00033B1206801F0E8FDA368186801F0E4FD78
:1029C000124B134A1B6813602BB1DA681AB19B686B
:1029D000186801F0D9FD0F4B1B682BB1DA681AB1EA
:1029E0009B68186801F0D0FD0B4B1B682BB1DA68AF
:1029F0001AB19B68186801F0C7FD21462846BDE85A
:102A00003840002217F0D8BA6401040860010408B5
:102A1000245105205C01040858010408F8B5D0F8D9
:102A20004C3104468B420D46164603D190F848318E
:102A3000202B0ED0324629462046FFF739FF2023AF
:102A400084F848310023C4F84C51C4F85031FFF7E2
:102A500055FD4FF00077074B32465F64294620460C
:102A6000FFF746FF8022044B1A6103F500535F64B1
:102A7000F8BD00BF001002B8000002B8072330B54F
:102A8000144CE363144BB9B14425144940F04000A1
:102A90004D6388630121D9634FF4804112B9C4F8B2
:102AA000081101E0C3F808110A4BC3F80C11C3F870
:102AB0001011C3F8141130BD4FF480424FF480411F
:102AC000C3F80811C3F80C21C3F81021C3F814216E
:102AD000F1E700BF006000B8005000B8004000B847
:102AE000034BD3F8F80780F00070C0F340607047E4
:102AF000000002B810B590F82700FF2814D02E4B24
:102B0000D3F8A02012F0060F01D001280DD94FF400
:102B100070622A4BDA604FF48072A3F58053DA605A
:102B20000022254BC3F89C2010BD12F004043CD0B9
:102B30000B7813F0200300D08B78920718D50B7810
:102B400003F00F03072B32D14B78022B2FD98B7850
:102B500013F03E0F2BD0CA7812F0040F27D012F0DA
:102B6000010F14BF0A230423920748BF0633CB5C2E
:102B7000EBB1002C14BF02210121012840F6FF70A7
:102B800003F01F0208BF5200013A40EA02320C482B
:102B900002654FF47060094A0902D060A2F58052C4
:102BA000D160054AC2F89C30BEE72346C5E7002342
:102BB000034A01211365ECE7003E00B0006000B855
:102BC000004000B810B590F82710012903D8174B22
:102BD000D3F898300BB1002010BD028E272A22D8DE
:102BE000134B14481B68834219D031241248181A19
:102BF000434243415B000D48A0F8B2405024634378
:102C0000282404FB01330D491944895CFA31A0F8EA
:102C1000B8100B490B449A5C0A4B1A70DBE76FF053
:102C200003040123E7E70E20D6E700BF003E00B013
:102C30004C51052000F04902005A6202E054040899
:102C4000F053040835C0062010B50B68104CC4F8CA
:102C50007832C4F87C32B8B1D0F8EC00A0B1406949
:102C600090B1541EE4B2FD2C10D95C1C04BF6FF06F
:102C700001030B600360FF2A06D14B685A1C02D186
:102C80006FF001034B604360002010BD012AF3E7A1
:102C9000004001B8184AF0B5D2F84832D0F8E84000
:102CA000D2F84C025A1C08BF0023411C10D0002B44
:102CB00008BF034600214FF0240C104A104FC2F801
:102CC0007832C2F87C32E5688D4203D10020F0BD35
:102CD0001846EFE7A2680CFB01225668BE4209D9EC
:102CE00052693AB116680136566808BF136001365A
:102CF00008BF50600131E7E70080E00F004001B8F5
:102D000000CA9A3BFF2818BFC3434FF0180108BF01
:102D10001023064A18BFDB00C2F8FC1318BF03F0EB
:102D20000803A2F58052C2F8FC337047002002B8B5
:102D3000024BD3F8F807C0F3C0407047000002B858
:102D40004FF03A43D3F81421D2031ED54FF480320A
:102D50000E49C1F81421A1F58051C1F818215A6D0E
:102D6000D1B2C2F30722C3F8A410C3F8A4200422EE
:102D7000C3F8A4200022C3F8A420C3F8A420C3F8F9
:102D8000A420C3F8A420C3F8A4207047002000BAF0
:102D9000F0220D4B016D9A64A022A3F580539A6432
:102DA000C38E4FF03A42B3FA83F30120C3F1190303
:102DB000DBB2C2F8F400C2F8CC304FF40053C2F8D2
:102DC000D010C2F8F0307047006000B8F8B54FF08E
:102DD0003A440D461746064618F0E7FF0123042241
:102DE0006363084BE76026616561C3F814214FF403
:102DF0000042054BC3F8842118F0D2FF0DB1022325
:102E00006363F8BD002000BA00E100E02DE9F8435B
:102E100005460124036803F00703063304FA03F0B0
:102E2000AB68EC68461EA34278D06C6803EA0607DC
:102E300007EB040CC41B13440643A24206EA030634
:102E4000634637D9101A3A189CB3631E062B40F21A
:102E5000978041EA0C039F0740F092804B1CACEB3B
:102E60000303022B40F28C800B4624F003084FEA48
:102E7000940901EB0807ACEB010E186843F80E004B
:102E800004339F42F9D144450CEB0800A4EB08033E
:102E900054D097F800E0012B0CF829E04ED00C44F8
:102EA000214697F801C0022B80F801C01CBFBB78F7
:102EB00083706B684AB3501E062801F1010040D9A7
:102EC0001C1A022C3DD941EA0304A40739D122F08F
:102ED0000307A1F1040C4FEA920ED8195CF8044FD5
:102EE00043F8044B8342F9D1BA42A2EB070001EB4D
:102EF00007040AD011F82E2001281A7005D0627834
:102F000002285A7001D0A2789A7018F04EFF02235E
:102F1000AE60AB62BDE8F84318F042BF042A1BD98B
:102F20000B78043AAB614B780431AB6111F8023C89
:102F3000AB6111F8013CAB61AB6876E70C4421460C
:102F4000B7E71144013B00E0013010F8012C884242
:102F500003F8012FF8D1D8E7013A032A0ED8DFE8A9
:102F600002F00B08050211F8013BAB6111F8013BBF
:102F7000AB6111F8013BAB610B78AB61BDE8F88345
:102F80000C44ACEB010E01EB0E0311F8010B8C426B
:102F90001870F8D121468CE738B50B461546014626
:102FA0004FF03A4468B101221048C4F8F4201A46A0
:102FB000FFF72CFF25B14FF03A430422C3F8F42069
:102FC00038BD73B1D4F8D8209A4284BF0122C4F826
:102FD000F4204FF03A42C2F8D4300223C2F8F43061
:102FE000E8E70123C4F8F430E4E700BFCC0000BAFE
:102FF00038B5044618F0D9FE4FF03A420121A38FAC
:10300000054651674BB3B3FA83F3C3F11903DBB23F
:10301000A069C2F8B410C2F88C300723C2F890003F
:10302000C2F8B0304FF4A02302F50052C2F81431B8
:10303000A2F58052C2F8183100220D4B1A600D4BD8
:103040005B6C5B0209D54FF480020B4B5A64D4F8D9
:10305000A01094F8270001F0CBFB0023E38707239F
:103060002846A4F84030BDE8384018F099BE00BFAB
:1030700028510520000002B8002002B82DE9F843CD
:1030800005460C46C1B1D0F81880878F18F08DFE28
:10309000B5F83EC0791EDFF80C9101EA0C0323F06D
:1030A0000702032C0646D9F800E042445FD1BEF186
:1030B000000F04D118F074FE0E20BDE8F8832EF046
:1030C00001042EF0010EA64556D10023C9F80030A8
:1030D000238894426FEA43436FEA5343238041D1EC
:1030E000B5F8403008EB07091846083880B202F1FD
:1030F00008044C4528BF4446082804D9B4F800E029
:10310000BEF5804F43D263440F431B1A3B409BB232
:10311000EB87A5F84000947811884FF03A42C1F34C
:103120000C019165C2F89830C2F8B0004FF48022CB
:10313000184B04F00704C3F814214FF40042164B57
:10314000C3F88421FFF7FCFD042C0BD14FF480025F
:10315000124B5B6C124B5A64D5F8A01095F82700FF
:1031600001F046FB304618F01BFE0020A5E7601E6C
:10317000012898BF1446A4E7B5F840004344E31A79
:1031800048BFDB1908389842A2DC304692E7224655
:10319000ABE700BF002000BA00E100E0000002B889
:1031A000002002B828510520164B10B51968B1F857
:1031B0004020CB8F888F13440138073B8C69034034
:1031C00023F007031C4402F108034FF03A429BB27C
:1031D000A1F84030C2F8B0304FF480220A4BC3F857
:1031E00014214FF40042094BC3F88421A07800F069
:1031F0000700042803D1064AD3681B03FCD4054BFF
:103200001C6010BDBC4E0520002000BA00E100E0AB
:10321000000002B82851052010B5064C216839B1CC
:10322000CB0703D4044B1868FFF728FF0023236063
:1032300010BD00BF28510520BC4E05204FF4803240
:103240000C4B0D49C3F818214FF03A43C1F8142133
:10325000D3F8AC10D3F88C20012302F00702063219
:103260009340C1F30C01083B994201D8FFF768BDB8
:10327000704700BF002000BA001000BA2DE9F041ED
:1032800006460C46878F1546D0F8188018F08DFD3D
:10329000F28F07F1FF3E02EA0E0323F00701032C31
:1032A000B6F840C0414419D14A4C24689CB96244E4
:1032B000073A02EA0E0222F0070208EB0204434436
:1032C000E31A48BFDB19634510DB18F069FD0024E1
:1032D0002046BDE8F08124F00104F0E7012C03D082
:1032E000022CECD1ACF1080C0C46E8E7002D37D0ED
:1032F0008C4238D14FF03A42926D4FF03A4CDCF8A4
:10330000AC70718AC7F30C079F423FDD2388B3F589
:10331000804FDAD2A77801F1FF3C07F00707C3F32B
:103320000C039B1A41EA0C0E052F2F7003EA0E03C3
:1033300024D81BB223EAE3776F80E7782F74F6690D
:1033400002EA0C02B718AF609FB212FA83F38B4205
:1033500091BF00238B1AAB80EE609CBFAF80EB6007
:1033600018F01EFDB4E7A4F10802904584BFFF08E1
:1033700002EBC7021288C2F30C02BEE7164F7F6D44
:10338000002F14BF0A270027DB1BD2E7DCF85430DC
:1033900001F1FF3CA3EB020E41EA0C030EEA030E1F
:1033A000DFF838800FFA8EF3002BD8F80C700FDCA2
:1033B00007F07067B7F1407F14BF00270127FF00B7
:1033C0002F70D8F84C70A5F802E03F0A2F74B6E7CA
:1033D0000827F5E728510520004000B8000002B892
:1033E000054BA822D3F84C013121431C0CBF01200E
:1033F000C0F38070FDF760BC0080E00F10B50F4B8C
:103400001C78ACB90E4BD3F8F8375B0309D490B1F4
:103410000F23441EB4FBF3F410300444E4B22046FE
:1034200010BD40F648023F212046FDF745FCF6E777
:103430000001C4B2F3E71024F1E700BF7EC6062006
:10344000000002B8014B5880002070477EC606205D
:1034500038B5264D0446297819B9202224480BF0A6
:1034600009FC4FF2F0012378224A1370224AC2F875
:10347000C811224A1BBB2249D1F8F81709031ED4F0
:10348000FF2313704FF040731B4AC2F834311C4BBA
:10349000D3F8F83713F480230BD14FF47F01C2F82F
:1034A00030111849C1F8303148F2C801164BC3F841
:1034B000F4100723C2F8FC330122124B0FE0002066
:1034C0001249022BC1F8DC004FF0FF011170D9D175
:1034D0000722094BC3F8FC230422A3F58053C3F849
:1034E000FC23012300202B7038BD00BF13C0062031
:1034F000E03F00B07EC60620002002B8A4C6062029
:10350000000002B8001002B8003F00B0004001B84F
:1035100010B5044600F03EFF094BD3F8F80734B964
:1035200000F44020B0F5402018BF012010BD022C4F
:103530000ABF80F400300020C0F34040F6E700BF2F
:10354000000002B82049D1F8FC37FF2B31D01F48CA
:10355000C3F303120270D1F8F81703F00F03090345
:103560005BBFC2EB02120F3B02F1FF32D2184ABF1F
:1035700003EB0213D3B2DBB2154A16491370097874
:10358000154B1A68E9B1B2F1A06F1AD3D3F85012F3
:10359000124A134BB1F1FF3F18BF1346114A136093
:1035A00041F66A02104B1B68B3FBF2F30F4A13603B
:1035B0007047D1F8F83713F4002F0CBFB4235A2307
:1035C000DAE7074BEAE700BF000002B8A5C606200D
:1035D00015C00620A3C606200080E00F5082E00F31
:1035E000A81704082C5105204C5105203051052006
:1035F00020B1022804D1034B18787047024BFBE737
:1036000000207047A5C6062015C006202DE9F74FFB
:10361000D0F8B0404C23022C38BF02247749013C3B
:10362000CA6CD1F8DCC07649C2F38212D3400A6872
:1036300003F00105A24206462B4690F83C71714A00
:10364000DFF8E4A1DFF8E491DFF8E48116D1107827
:10365000A84213D19AF80000B8420FD1D6F8B400AE
:1036600060B160450AD196F82BC099F800008445F6
:1036700004D1B8F8040003B0BDE8F08F0C601370FB
:10368000002D00F0988004234FF07F415E4AC2F87D
:10369000BC305E4BC3F8BC1096F82B301B06C2F84A
:1036A000BC30002040F27122594B19211B68B3FB3A
:1036B000F2F36343B3FBF1F1182B4FEA00448CBFE4
:1036C000B1FA81F32023002C00F09680B4FA84F242
:1036D0009B1A002B40F38E80C3F10F02012A38BFE2
:1036E0000122DC40A14201D2013A6408411C02F0EF
:1036F0001F054900A940474B091B8908C3F8B010B2
:10370000110241EA0211DFF82CB141EA020300EB99
:10371000002200EB0225DBF8000040F6C202003870
:1037200018BF01202B210193FDF7C6FAFA2202FBF4
:1037300004F0DBF8002040F6FF71B0FBF2F00A2243
:103740005043354A019BC2F8D810A2F58052C2F806
:10375000D8303249A2F58052C2F8DC50D1F8F817BF
:1037600000F57A744B0309D4D2F8DC20294B02F41B
:103770007F01C2F303520A43C3F8FC20C6F8B450D9
:10378000274D00F6B8302C6001F034FF4FF47A7208
:10379000204BC3F8A400C3F8F8002B68B4FBF2F088
:1037A000B3FBF2F3A8F8043096F82B308AF80070D7
:1037B00089F800305FE798F80000FFF719FF96F8E6
:1037C0002B30834228BF0346D8B22FB1022F7FF49B
:1037D00068AFFFF713FE65E7104BD3F8F8371A030D
:1037E000F7D418B10F230138B0FBF3F00D4B1B6871
:1037F000185C57E70F2275E70F2277E7004001B802
:10380000C4C5062014C00620001002B8002002B86B
:103810004C510520003F00B0006001B8000002B824
:10382000345105202C510520A2C60620A1C6062031
:103830007EC606203051052038B5254B05461A783E
:10384000244C0D2A02D1FF20207038BD104616F0FE
:103850002EFC01461046FFF7CBFEA84228BF2846A3
:10386000C0B2884238BF08462378C0B28342ECD049
:10387000207042BB184BD3F8F81711F4002122D165
:10388000F8B1431EDBB24FF2F005144AC2F8C8513A
:103890000F22B3FBF2F2551C18B1C2EB02129B1AB5
:1038A000591C0D4AD2F8C83143EA053343EA0113E3
:1038B000C2F8C831D2F8C821094BC3F8FC202078DF
:1038C000C3E70346DFE7074B1868FFF79FFEF6E7FD
:1038D0007EC60620A4C60620000002B8002002B85A
:1038E000003F00B0BC4E0520014B1870704700BF70
:1038F000A3C6062010B50446FCF728FF78B1154B87
:103900001B786BB964B1144B1B784BB1134B1B780C
:10391000013B012B04D84FF40042114B1A6510BD36
:10392000104B1B6D1B04FAD418F03FFA044603F049
:1039300055FA4FF400420C4B2046BDE810401A6582
:1039400002220A4BC3F814250422054B5A6418F0CE
:1039500027BA00BF16C0062017C006203851052020
:10396000002002B8000002B8001002B800D00350D6
:10397000054BD3F8843013F0030F4FF4802314BFAA
:10398000024A034A93647047004000B8005000B8F0
:10399000006000B837B5044600F0FCFC01213A2075
:1039A000E1F740F8354D364B00201C702B78002B8A
:1039B0000CBF002404F00104FFF79CFF2B78013BAF
:1039C000012B08D8EB7B01A88DF804302B7C8DF8F7
:1039D0000530DEF77BFD00222A4BC3F81425002CAE
:1039E00044D06A68002A37D0274B1B6803EB520388
:1039F000B3FBF2F3013B1B0243F0F8032A78022ADF
:103A00002CD0032A2ED0012A33D1072243F00203FF
:103A10004FF6FF701D49C1F88400A1F58051C1F82F
:103A20008430184BC3F8142593070BD5EB7B01A802
:103A30008DF804302B7C8DF80530DEF737FD012042
:103A4000FFF758FF4FF08043ACB1114A13650020D7
:103A5000FFF78EFF03B030BDF823CFE7062243F017
:103A60000103D5E7042243F00503D1E72246F823FA
:103A7000CEE70022CCE7074AE8E700BF385105202F
:103A800017C0062000C003504C510520006000B84C
:103A9000001002B8002002B8F0B52A4F06463D4695
:103AA00004460FCE85B00FC533682B6000F072FC62
:103AB00001213A20E0F7B6FF0022234BC3F814257A
:103AC000A17A627A42EA0142C3F82025217CE27B96
:103AD00042EA0142C3F81C25217B627B41EA024095
:103AE000C3F818053B78032B29D8DFE803F022023E
:103AF0000C178DF8041004218DF805200DEB010042
:103B0000002205F044FFE37B00228DF80830237C7F
:103B1000042102A88DF8093005F039FF637A0122EB
:103B20008DF80C30A37A042103A88DF80D3005F030
:103B30002EFF064B1878FFF72DFF002000E0212014
:103B400005B0F0BD3851052000C0035017C0062055
:103B5000034B1B6D002BBCBF024BC3F888007047A2
:103B6000000002B8004000B84FF0006338B1064AC8
:103B70001365064B4FF40032C3F884207047044AA3
:103B80001365044BF6E700BF001002B8005000B800
:103B9000002002B8006000B82DE9F04700F054FCA6
:103BA0004FF47A752F4BB0FBF5F518604FF4FA73AC
:103BB0006B4307462C48190E1B0218182B4A4FF06E
:103BC000000341F10001EBF789FD294BA0F580715D
:103BD00082460246196330B94FF0010A4A222B216E
:103BE000FDF76AF852464FF47A735A4329020023CC
:103BF0005008EBF773FD1E4B1E4AB7F57A7F9A60AB
:103C00001D4B4FEA0A6619601C4BA94688460446BC
:103C100018604FEA1A2A06D201259D222B21002086
:103C2000FDF74AF8A9464FF47A73A6FB030103FB9C
:103C30000A116D0840194FF0000341F100014A4696
:103C4000EBF74CFD0E4B023419600E4B48F10008A7
:103C5000A408186044EA8874054B013C9C63BDE8E5
:103C6000F08700BF4C51052020A1070040420F0003
:103C700000C001B8021101005C5105205851052017
:103C800054510520505105204FF40022034BC3F836
:103C900084215A600122024BDA60704700E100E0A3
:103CA00000C001B84FF40022064BC3F88421C3F8CA
:103CB0008420BFF34F8FBFF36F8F0422024BDA6073
:103CC000704700BF00E100E000C001B810B5044635
:103CD000A242A2EB0000A3EB010104D2034B013985
:103CE0009B6B0133184401F0030110BD00C001B803
:103CF00038B501250A4B02019D504FF480730446EC
:103D0000084A8340536618F050F8074AA5401378D4
:103D100023EA05031370BDE8384018F041B800BF2E
:103D200000E101B800E001B821C006202DE9F84FFC
:103D3000164604468A461F4618F037F8022E00F051
:103D40009380804618F03AF8604B614AD3F820908F
:103D500092F879505A6EEDB2520744BFD3F82090D2
:103D6000013505F0030518F024F84846294600F00F
:103D70003DF98446DAF80000012E04BF01306044AA
:103D8000ACEB000C08BFCAF80000BCF1804F7ED33A
:103D900000F040F98145A1EB050188BF4B4BDFF8EE
:103DA00054E188BF01F1FF3101F0030188BF9B6B33
:103DB000A0EB090C0EF80410A1B1F90742BF41F6BF
:103DC0001F72444B5A67BA0742BF424B424A5A6776
:103DD0007B0742BF00223D4B9A673D0742BF00224E
:103DE0003A4B9A6511254FF0010A384B04F1100245
:103DF000120103EB041BCBF80C0138499D501A6AE1
:103E00000AFA04F5586E0B78A2EB0902EDB22B43C7
:103E100062450B704FEA041925D34FF48073A34019
:103E2000034220D11EF80420002A4BD10EB32C4AA5
:103E3000F807536607D541F61F7140F20110254B74
:103E4000596750675967B90706D5224B224A24495A
:103E500024485A6748675A677A0742BF0122224BB3
:103E60001A613B0719D4404617F09AFF0120BDE8BC
:103E7000F88F1E4A42F809A042F89C3C17F095FFC3
:103E800016490B7823EA05030B7017F089FF4046AB
:103E900017F086FF0020BDE8F88F2120FFF758FEBD
:103EA0004FF48031094A124BD1601A78002ADAD0D7
:103EB00000222D201A70FFF74BFE1022084B4046BF
:103EC0005A66D1E7064A40465366CDE700C001B8BE
:103ED000003E00B000E001B800001F1F21C0062016
:103EE00000D001B800000101000002B800E101B8F3
:103EF00018C0062019C00620024B1878003818BFD9
:103F00000120704721C00620034B103000011858D3
:103F100000F00100704700BF00C001B870B5064650
:103F2000FDF722FF044608B1FFF7BCFE00230A4D4F
:103F30003046AB61EB612B6200F06CF8074BC9B205
:103F400083F8791028622CB1FFF79EFE4FF0806253
:103F5000034B5A64002070BD00C001B8003E00B0A1
:103F6000002002B810B504462120FFF7F1FD1CB176
:103F70004FF48032064BDA60064B1A783AB10022D1
:103F80002D201A70FFF7E4FD1022034B5A6610BD76
:103F900000C001B818C0062000D001B838B517F02D
:103FA0000DFF084B084A1D6A92F879405A6EE4B238
:103FB000520744BF1D6A013417F0FBFE284604F087
:103FC000030138BD00C001B8003E00B00346064AF8
:103FD000103302EB00111B01D1F80C01D158C1F3D1
:103FE000400116F087B800BF00C001B8074B084A6F
:103FF0001B6810B54343146803EB817300224FF034
:104000000041E4FB0012981810BD00BF5451052078
:10401000505105200C4A20F04043014610B50020C5
:1040200014684FF00042E4FB0320084A890F12682D
:1040300002FB0300064B9B6B984204D9013301310C
:10404000C01A01F0030110BD585105205C51052034
:1040500000C001B8044B01F0F071103041F00301D1
:1040600000011950704700BF00C001B808B52220F8
:10407000FFF76EFD4FF48022014BDA6008BD00BFF0
:1040800000C001B840B1836833B10649C26809680D
:1040900003F13043032A00D8704743F8041B043A65
:1040A000F8E700BF9051052070B51646054610B9D7
:1040B0002124204670BD0029FAD0002AF8D0426899
:1040C0000F4B006803321B68920800F1304098479C
:1040D00004460028EDD1EA68A86803323146920808
:1040E00000F1304016F026F804460028E0D1286997
:1040F00021466A6900F130400AF0BCFDD9E700BFF3
:10410000C8C5062070B50C68651C15D0C4F30266DE
:104110009E42C4F3074530D1A4B294422DD804EB9B
:104120008506B24229D2141BA50824F003040E59B7
:10413000340F04D0012C08D00022212402E06B1C93
:1041400051F82320C0E9002470BD0E4C34F8133020
:1041500042EA03431A686B1C51F8234001EB8301C8
:104160004B6822405E4036F0704404D11B0F032B95
:1041700004BF8B681A430024E4E7013501EB850195
:10418000C1E700BFBC17040807B501A8E2F7B6FDF8
:10419000264B2749D3F86022D2B2FF2A1DBFD1F89F
:1041A0007801130243EA0213D1F878311CBF20F4DE
:1041B0007F621343C1F8F8330C20E1F7F3FD0121CE
:1041C0003F20E0F72FFC4FF000421A4B42F2010172
:1041D0005A60C822184B5A654FF4C02203F51043A9
:1041E000C3F868214FF48032C3F86C21134AC2F837
:1041F000701202F52042D2F8F827120308D44FF4C7
:1042000070610F4AC2F8A0104FF42062C3F8A020DA
:1042100001220C4BC3F8002403F53043D3F8682186
:10422000094B1A6003B05DF804FB00BF0080E00F8B
:10423000000002B800900950008001B8006001B889
:10424000002002B8005001B818510520134B1B780C
:10425000002B20D0124B134A00201A60124B134A35
:104260001A60134B134A1A60134B1A68134B1A60E7
:10427000134B144A1A60144B144A1A60144B154A13
:104280001A60154B154A1A60154B164A1A60164BE0
:10429000164A1A6070470220704700BF22C00620ED
:1042A0009C510520C02004089451052028180408BA
:1042B0009851052048180408CCC5062090510520C7
:1042C000B451052010180408AC510520C41B040883
:1042D000B051052044180408A8510520F817040817
:1042E000A05105204C180408A451052040180408CA
:1042F0000022012138B51F4B5A649A64DA641E4AC1
:1043000051610221916242F20101DA68C2F3036253
:1043100021FA02F2D207F8D511220124174DDA63EF
:104320004FF0FF302C7008F0E3F900232B70144D90
:1043300040F2D55228685421C01A18BF0120FCF75A
:10434000BBFC104B28681A680F4B1968FFF7ACFECE
:1043500001F0C0FA0D4B1868FFF794FE0C4B18687B
:10436000FFF790FE4FF08062034B5A6103F58053D4
:104370005C6138BD000002B8001002B822C00620FF
:1043800094510520985105209C510520B4510520D9
:10439000A851052001230D4A0D49C2F880329166CB
:1043A0000C4A53600C4A53600C4A5360A2F5804299
:1043B0005360A2F54042536002F5C032536002F5EB
:1043C00080425360A2F50042536070470090005055
:1043D000FF0B001600D000B8001000BA005001B862
:1043E00010B50324FFF7D6FF114A124B1A65FFF7E9
:1043F000CBFE114BC3F8104100F0CEF901F0B2F83A
:104400004FF460720D4B5A614FF400721A65FEF75B
:104410008FFC0021FEF776FC4FF48002084B1C64F1
:10442000A3F580535C64074BC3F884215A6010BD28
:104430000048F000000002B8005001B8001002B8B7
:1044400000E0095000E100E008B516F0FDF9044B6A
:104450001B6FC3F300430133B0FBF3F008BD00BF93
:10446000008000502DE9F04F064687B002900F46BD
:1044700057F8044B631C06D1029B3460F01A80107D
:1044800007B0BDE8F08F3E4BC4F3016A5FEA147BCE
:1044900033F81A1008BFC4F30742A4B244EA014437
:1044A00004F06F4118BF0122B1F1804F02D0B1F189
:1044B000204F0ED124F070444FEAC209314B09F16C
:1044C0000401314499424BD901339E4248D800201F
:1044D000D6E704F06041B1F1204F08BF24F08054CA
:1044E000EAE7059B2BBB072015F0420F20FA0AF0E4
:1044F00000F001002CD115F0280F21D10022224418
:10450000BBF1010F48F8082C4FF0FF3218BF002212
:10451000019B043453F8041B08F108084A4048F88A
:104520000C2C0193039B9C42DBD104994E443944EB
:104530009DE740F6F30232210020FCF7BDFBDDE7EA
:1045400040F6F7023221FCF7B7FB4FF48052D6E772
:1045500040F6FC023221FCF7AFFB4FF40052CEE7ED
:1045600001259300049305FA0BF504EB82030393F2
:1045700005F0940306F1080801970593D2E700BF00
:10458000B4170408DF4F00B0F8B50646E0B10024C8
:10459000144B25461F46144953F8042BAAB9134857
:1045A000314600EB8500FFF75DFF30B940F6A822E9
:1045B0003621BDE8F840FCF77FBB0D4B01352818CC
:1045C00047F8246023F81400F8BDB242FCD001344F
:1045D0000C2C02D031F81450DEE740F6C22236210E
:1045E0000020E6E76051052004BE0620404000B0F0
:1045F00006BE062070B5A8B1002971D0002213466E
:104600003849394C51F8045B85420CD1374A116C5A
:10461000C907FCD49B0003F5804340331360344B3F
:1046200001221A6470BD01320C2A59D034F81230BC
:10463000E8E7C2F3016334F8131012F47E0F93B26B
:1046400043EA014321D00430C2F30742022A016841
:1046500008D946688568033AC3E900169D600C30A6
:104660000C33F3E70CD142680830C3E9001202684A
:10467000531CDED100221D4B1A6003F58053CFE797
:10468000012AF4D104301960F1E7120F00F1080596
:104690004068072A09D8DFE802F007040A0E11145F
:1046A000191EC04303F5005318602846DFE71A6857
:1046B00042401A60F9E703F58053F5E715F00FFD66
:1046C000F3E7012203F580538240F2E7012203F56C
:1046D00000538240EDE71A6830EA0202FBD1E4E7BA
:1046E000044CC4E76051052004BE062000C002B897
:1046F00000D002B8BC170408064BDB68C3F30363A1
:10470000984206D1044A536E23F0F00343EA0111A4
:1047100051667047000002B8003F00B02DE9F34732
:10472000054615F0D5FC00278046194EDFF864A039
:1047300017F03BFB0DF1070181460DF10600FEF776
:1047400093F89DF806300BB3DAF80C3013F4603FA1
:104750001CD0DAF8180015F035FD04466B1C03D0A8
:1047600015F0B6FCA0EB0807484617F019FB14F546
:10477000007F07D19DF8063013B99DF807300BB1C3
:10478000AF42D5D3204602B0BDE8F0873446E5E716
:1047900000FEFFFF00C000B80122014B1A65704700
:1047A000001002B80122014B1A657047002002B8C0
:1047B0004022014B1A657047002002B84022014B8D
:1047C0001A657047001002B80122024B98611A6105
:1047D000704700BF000001B8044BD3F8B03010B1EF
:1047E000C3F30332027003F00F007047000002B8F9
:1047F000064B01F080015B6C03F480030B4302BFA6
:104800004FF40012024BDA64704700BF000002B898
:10481000006001B80D4B1A7882B1012A10D10C4BFF
:10482000012112F0010F0B4A03F580539960084BE8
:1048300008BF13469A689207FCD47047054BEFE710
:1048400000224FF480539A60FFDE00BF23C0062091
:10485000004003B8000003B8094B10B59C69DB6940
:104860001C4006D0074B1B6823B120469847064BD7
:104870009C6110BD6305FAD5FFF7CCFFF7E700BFD9
:10488000000003B8B8510520002003B8094B10B54B
:104890009C69DB691C4006D0074B1B6823B120468E
:1048A0009847064B9C6110BD6305FAD5FFF7B2FF30
:1048B000F7E700BF004003B8B8510520006003B817
:1048C0004FF604014FF60502044B01201B6C9BB20E
:1048D0008B4208BF1346024A136670470080E00F00
:1048E00000C001B82DE9F74F81460E464FF0FF3466
:1048F000FFF754FB002501908A46A0462846DFF8C2
:10490000D0B005F110031B015BF8037007F003073B
:10491000012F15D12846FFF759FB02460B46019897
:104920005146FFF7D3F9DBF8643005F10802D340B4
:10493000DB0736D5002E3DD00024A0463560384632
:104940000135082DDDD148B300221146204DAF6856
:10495000AB6B0133E8FB034107F44033B3F5003F91
:1049600030D16B6B07F44057013342F10006B7F5C5
:10497000805F22D12D6B15F5807505FB06F642F19F
:10498000000203FB0266A5FB03323244594304FBD9
:104990000212A3FB04342244C9E9003203B0BDE88B
:1049A000F08FA04271EB0803C9D206B1356004460E
:1049B0008846C4E73446B046C1E7320242EA136291
:1049C0001B02E3E72B6B13F5807342F10002DDE776
:1049D00000C001B8F8B5062015F09DFB044615F09F
:1049E00077FB42F21073041B9C42054618D94FF026
:1049F00080624F240B4B5A6441F26F770A4E0BE0F2
:104A000015F066FB401BB8424FF4837221468CBF01
:104A100000200120FCF750F9736C5B01F0D5F8BD64
:104A20001A24E9E7002002B8000002B8034B1A6E0E
:104A3000596E03F500530A401A66704700C00A50C9
:104A4000FF28F8B56BD0FF2965D00F2865D800295D
:104A500063D10026344C354D84F8740084F87560B9
:104A6000686940F25F124B2100F00100FCF724F965
:104A700011234FF48012AB662D4B6E66C3F888216C
:104A80009A6001213B20DFF7CDFF94F87510294A89
:104A900094F874300A432849063341F82320274B01
:104AA0003E201D68DFF7D4FF6F08ED07024633464E
:104AB00028463946EAF712FE090241EA1061C0F3BE
:104AC000C05040EA41001E4B6066186B10F58070C4
:104AD00005D14FF4D7722B21FCF7EEF802200246E5
:104AE000002300200121EAF7F9FDA0663E20DFF750
:104AF000AFFF40F649435843000DFF2828BFFF2071
:104B0000022838BF0220002184F87800012000F03C
:104B10003FFD0020F8BD0F289BD92120FAE7FF298F
:104B20004FF0070093D194E7003E00B000C00A5058
:104B300000E100E0020D0C00008003504C51052004
:104B400000C001B82DE9F34105460F4668461146FD
:104B5000FFF7C8FE0646B0B1AFB1DDE900321B0A6F
:104B600043EA0263A5FB0384094B120A05FB0244D6
:104B70001A6812B9FFF768FC024600234046214636
:104B8000EAF7ACFD3860304602B0BDE8F08100BF06
:104B90004C51052070B5FFF71DFF0021022000F0E9
:104BA000F7FC15F095FA04460F4D104ED5F8F43386
:104BB0001B070BD517F0F9F8BDE8704002220C4B2B
:104BC000DA6001220B4B1A7017F0EAB815F080FA80
:104BD000001BB04240F216224FF045018CBF00206E
:104BE0000120FCF769F8E1E7000002B83F420F003E
:104BF00000C001B824C00620224910B50B78002B54
:104C00003ED00122204C94F875300133DBB202FA19
:104C100003F31E4A536613664FF400221C4BC3F87D
:104C2000882100230B7003231A4A39211364A2F54B
:104C300080525364184B40F2C522586CC0F3806018
:104C4000FCF73AF84FF48041144A154BC2F894101F
:104C5000144AE16ED26E914202BFD3F86C212267F2
:104C6000D3F86431206F08BFA4F87A30B4F87A1012
:104C700000F0DEF8BDE810400121022000F088BC01
:104C800010BD00BF24C00620003E00B000E00A5066
:104C900000E100E000E00950000002B800E001B8C7
:104CA00000C001B800C00A5010B504463E20DFF72E
:104CB000CFFE6043034B00F5F42000F59070B0FB8D
:104CC000F3F010BD40420F002DE9F74FFFF7ECFF66
:104CD0000446FFF77FFE17F068F800214B4D0646AB
:104CE00068462970FFF7FEFD494B80469F69494B96
:104CF000DB6813F0706F1CD1474B5B6913F0060A39
:104D000017D1E0B1454B611D1868A1FB00B93E20E9
:104D1000DFF79EFE5346024649465846EAF7DEFC58
:104D2000009B090241EA106100029842019B9941EF
:104D300005D3304603B0BDE8F04F17F031B800217D
:104D4000022000F025FC15F0C3F98146DFF8C4B05D
:104D5000DFF8D4A0DBF8F4331B0741D5B8F1000F1E
:104D60004DD0DDE900893E20DFF772FE4FEA1821C1
:104D700041EA09614FEA1923A0FB019800FB03886F
:104D8000264B1A6812B9FFF75FFB0246002348461C
:104D90004146EAF7A3FC0121214B013493F8753019
:104DA000DFF86CC001331F4A3F1BDFF880E0DBB245
:104DB00001FA03F30744CEF86030CCF86C70536608
:104DC000DCF81820DCF86C70241AD21BA24216D230
:104DD000CEF864300220CEF8603000F0D9FBA8E7AE
:104DE00015F076F9A0EB090050454FF41B724FF017
:104DF00045018CBF00200120FBF75EFFAAE70222DD
:104E0000054BDA6001232B7093E700BF24C0062016
:104E100000C00A50000002B800C001B84C51052083
:104E2000003E00B000D00A503F420F0000E00A50A0
:104E300001232DE9F74F934F044697F875208A46D2
:104E40009340914A0E46936697F874208F4B05461F
:104E5000C3F8F0204FF400328D4B4FF0000B1A6175
:104E60000223DFF83882C8F80C308A4B9B6903F1C3
:104E7000FF39A3EB0903002B40F3EA800BF1010B90
:104E8000BBF1020F6FD9EC220D210020FBF714FFBC
:104E90004FF08053804A814F53664FF40031794B75
:104EA000C7F86C511D670025C3F86C90C7F86461A2
:104EB000A3F87A601161754AC2F8F05093F8752032
:104EC00001239340704A936616F06FFF29464FF412
:104ED000807E3E6AD7F864C001F110031B01FB58C5
:104EE00003F00303012B10D10EFA01F313EA0C0FA8
:104EF0000BD107EB0112B442D2F80C2100F2BB80B7
:104F0000944202D2964280F0B98001310829E3D15F
:104F1000634C2268012A08D862490B78142B02BF1F
:104F20000023614E337001330B70BDB15549012A26
:104F3000B1F8763043EA0503A1F87630544B5D664C
:104F40000CD859490B780133DBB2022B0B7005D119
:104F5000002301322260534A0B70137003B0BDE886
:104F6000F04F16F01DBF012397F87520494D93406F
:104F7000454A936616F019FF4FF08052464B019058
:104F80005A66AB6903F10109C5F86C90D8F8301086
:104F9000D8F80830DD036BD5FA6E7B6EA9EB020200
:104FA000A2FB0326D7F868C001F58071A2FB0C5361
:104FB0000025E6FB0C35A1FB03EC01FB05CCB2EBB5
:104FC0000E0266EB0C06120A42EA06625244B2EB8B
:104FD000112F4FEA112603D3013345F10005921B2F
:104FE000043E964228BF1646C8F8186097F8792004
:104FF000D8F82010E318D2B245F100058C42D8F859
:10500000381084BF02F1FF32D2B2481C0ED04FF0EC
:10501000000E01F1010C99427EEB050008D201322D
:10502000B3EB0C03D2B265F10005F4E72A44D2B227
:105030001D4602F0030287F87920C8F820300123CA
:1050400097F8752001989340184A936616F0A8FEC9
:10505000104B9B6900BF00BF00BF00BF00BF00BF77
:1050600000BF00BFD8F86420D2007FF502AF0FE781
:1050700056462546E3E79442BFF444AF2B439DB226
:1050800043E700BF003E00B000E00A50008003503C
:1050900000D001B800C00A5000E001B800C001B85B
:1050A000E850052026C0062025C0062000D00A5062
:1050B0004FF40052014B5A60704700BF00E100E01E
:1050C0004FF40052034BC3F88420BFF34F8FBFF35C
:1050D0006F8F704700E100E037B50446FFF75AF9DB
:1050E00001213A20DFF79EFCE17822791B4841EA52
:1050F0000243C0F8BC35E579A37943EA0543C0F81B
:10510000C03523784BB18DF8041004218DF80520AB
:105110000DEB0100002204F03AFC63785BB104213E
:10512000A37900228DF80430E3790DEB01008DF8AE
:10513000053004F02CFC227801235AB1084AC2F849
:10514000B835627802233AB1054A0020C2F8B83572
:1051500003B030BD034AF2E7024AF6E700C003504D
:1051600000D0035000E00350F8B50B46002213F8BE
:10517000044B944225D91D68854224D106245A79CE
:105180001D79124B88181E6804FB0503104F33F875
:10519000063C7B43B3420ED900238A5A7A43964297
:1051A00002D804FB0300F8BD9D42FAD9013304FB89
:1051B00003F2825AF2E740F251423D210020FBF710
:1051C0007BFD0020EFE708330132D2E7BC51052018
:1051D00040420F0000202DE9F84FA2FB0179A64EB6
:1051E000DFF8C8C2BE19984669F10003B44570EBF8
:1051F000030307D240F243220E21FBF75DFD02209C
:10520000BDE8F88FD8F814A00C461546BAF1000F87
:1052100004D0DAF80030032B00F28D80974B984AC7
:105220009E6BA3F580431B6FD2F8FCA05A074EBFBC
:105230004FF440039B0503F0E073C6F314061E43CE
:10524000904BD3F8EC305B0048BF46F0807646EADE
:10525000456615F033FB012D8346D0D10028CED012
:10526000894B984275D003F5122303F5F8639842F1
:1052700000F0A780854B984200F0AD8002460023E5
:1052800000204FF00071EAF729FA0130A7FB007304
:1052900000FB0933C6F31301A1FB0B1B20339B0951
:1052A000C8F800307A4BC90C1C6041EA4B31794B8D
:1052B000F50258BF49421960774B0C441C60BAF1A3
:1052C000000F36D00023DAF81C70F001DAF8005035
:1052D00048BF6408C8F80830C8F8043017B3DFF8CE
:1052E000D091D9F83C21D20277D43E461CB1B4FA11
:1052F00084F3072B67DD2302B3FBF7F0430067025B
:105300000133E40D01E002330130A6FB03128F42AA
:1053100074EB0202F7D2C0F30E031B0343F00063E9
:10532000C8F808300023062DC8F80C30C8F8103033
:1053300011D8002064E7042BDAF8286089D1F10144
:105340004CBF4FF4400306F0E07326F0E0761E43B6
:105350007FE752489AE7DAF83030002BE9D015F0B1
:10536000ADFADAF83010FFF7FFFE044610B183788B
:10537000002B65D115F062FADAF83010FFF7F4FE71
:1053800004460028D5D08378002BD2D0407940F253
:105390007D52003818BF01203D21FBF78DFC20799C
:1053A00040F27E5200384FF03D0118BF0120FBF75C
:1053B00083FC237962791B0243EA0213C8F8103098
:1053C000B7E7374862E7C3F1080227FA02F204FAA6
:1053D00003F3571C90E7334858E7334AC6F3815626
:1053E000965D81EAE170A0EBE17046F3401100FBAD
:1053F00001F14FEAE07EB60606FB0E11A0FB0606A1
:105400004FEA540C10EB0C0041EB06012246EAF780
:1054100065F90E2D0FD9194B9A6BD9F84830D9F888
:105420003C11DB0607D502F4801201F400110A4397
:1054300008BFC0F58010C0F31300C8F8040054E79B
:10544000407940F26252003818BF01203D21FBF73D
:1054500033FC207940F2635200384FF03D0118BF11
:105460000120FBF729FC237962791B0243EA02132E
:10547000C8F80C307EE700BF006CCA88008001B815
:10548000004F00B0000002B800F04902005A62026A
:10549000C4510520C0510520BC5105200A3BB2DF94
:1054A000313641DCD694BFD6C4170408807C814ACB
:1054B000004001B810B5044686B059B9214B416887
:1054C000D3F8FC30827A2048059300686B46FFF7DA
:1054D00081FE69461D4B0A685A631A4BD3F8FC30AB
:1054E00033B34B6843B11A4B1A4AC3F83C214A689C
:1054F000A3F58053C3F83C218B6843B1144B164A83
:10550000C3F81C218A68A3F58053C3F81C21134AF1
:10551000C868D2F8983123F4EE630343C2F8983197
:10552000D2F89031096923F4EE630B43C2F890314D
:10553000002022890A4B9A6203F5A033186406B052
:1055400010BD00BF004F00B0BC4E0520008001B868
:10555000006001B8FFFF0F0000F0FF0F000002B86D
:10556000004000B8074BD3F88022D20707D55B6E06
:10557000002B4FF48043B4BF034A044A1365002054
:10558000704700BF00800050002002B8001002B831
:10559000064B1A6C9207FCD4022240EA01205860A4
:1055A000034B1A640122034B1A70704700C002B803
:1055B00000D002B827C0062010B590B10468012CB5
:1055C0000FD902696AB11168094B102C1960516832
:1055D0005960916888BFD268996094BFD960DA60D9
:1055E00010BD10220021024809F044FBF8E700BF7B
:1055F000CC510520084BC1171A68A2FB000302FB1F
:10560000013310F1807043F10003400E40EAC310F3
:10561000803820EAE0707047DC5105200722194BE2
:1056200070B51A64184B194A1E68194BF408E00546
:10563000C0184FEA163141F100010023EAF74EF895
:10564000144B154D18601548FFF7D4FF4042C5F8BC
:10565000DC0049F65800FFF7CDFFC5F8A800104858
:10566000FEF7D8FC024660B1E301500818184FEA73
:1056700016714FF0000341F10001EAF72FF8C5F869
:10568000B40070BD000002B84C51052065CD1D006E
:10569000B2E60E00DC510520003F00B070110100A1
:1056A00040420F0010B5044698B10B4BD3F8FC00F4
:1056B000FFF782FF4FF47A7303FB04F0074BA0F669
:1056C000AC50DA689B681044C01ABDE81040FFF780
:1056D00091BF4AF6C870F8E7004F00B0CC510520E2
:1056E0002DE9F0410546084614461E46FFF764FFC3
:1056F000002D00F0818072076BD5286900287DD0CD
:105700004FF47A735843454BA0F6AC509B68C01ACF
:10571000FFF770FFA062A88B002872D04FF47A7355
:1057200058433E4BA0F6AC509B68C01AFFF762FF8F
:10573000E0613B4BE9681F68002965D04FF47A733C
:105740005943364BA1F6AC519A685B68891AC91A5D
:10575000344BC8171A68DFF8D480A2FB011302FB90
:10576000003311F1807143F10003490E41EAC31186
:1057700080392D4B2162D3F8C4306362D8F80030F1
:1057800053B1384614F00BFC30B12246D8F8003043
:105790002249D7F8E40098470021A869FFF782FF63
:1057A0006063A86898B34FF47A735843A0F5FA5031
:1057B000FFF720FF6061286840B14FF47A72174B01
:1057C0001B6803F51C53103302FB0030FFF712FF78
:1057D000A061B30710D5284600F06CF820636B6910
:1057E000C3B10E4AD0684FF47A7202FB0300A0F5F1
:1057F000FA50FFF7FFFEE062BDE8F0814AF6C8709C
:1058000086E74AF6C87091E74AF6C871A0E747F202
:105810003050CDE747F23050EBE700BFCC510520C8
:10582000BC4E0520DC510520003F00B0C8510520CA
:1058300070B5064608461C4614F074FC0546D6F8BA
:10584000F00000F011F84368054A002BA8BF4FF4A0
:10585000FA721A44034B601992FBF3F2104470BDC4
:105860000CFEFFFF18FCFFFF40B10368012B05D9B8
:105870000069034B002808BF18467047004870476E
:10588000CC17040828B1094881420CBF2F20BC2046
:105890007047074A536F106DC3F301111B0C01FBD6
:1058A000033300F01F0001301844704748E801003E
:1058B000004001B8406840B14FF47A72044B1B6855
:1058C00003F51C53103302FB0030FFF793BE00BFFB
:1058D000CC51052070B588B06D46184C0FCC0FC563
:1058E00094E80F0085E80F00EC220021144809F02D
:1058F000C1F9B0220021134809F0BCF9202200218F
:10590000114809F0B7F914F076FC104B1B783BB145
:105910006D460A4E0FCD0FC695E80F0084E80F00C4
:105920000C220B490B4809F0D1F90B4B0B4AD3F869
:105930007831C3F38243136608B070BDE03F00B016
:10594000643E00B0503F00B0E04F00B013C00620EE
:10595000DC170408AC3E00B0000002B8003F00B005
:10596000064BD3F8EC0E064B9B6C1A0103D4054B87
:105970009B6E1B0401D500F580707047003000B0AD
:10598000000002B8004000B810B516F00EFA0E2163
:1059900004460320FEF7B0FE40F20122034B2046EE
:1059A000BDE81040DA6216F0FBB900BF004000B855
:1059B000064B00201B6893F82430DB0902BF03224A
:1059C000034BC3F85022FBF72BBC00BFBC4E052095
:1059D000006001B8012370B5074C2370074B1E68A7
:1059E000074B3240D3E9005319402840FBF7DEFF54
:1059F0000023237070BD00BF2FC00620E451052096
:105A0000B80D0020024B1879C0F3C000704700BFEA
:105A1000B80D002010B50446FEF7E2FC00F03CFF94
:105A20002046FDF7B5F9FEF763FCFEF7B5F8FEF783
:105A30002BF9FFF7F3FD15490723154AD1F8FC10A0
:105A400004F58270FFF74CFE4FF080710020FEF7E6
:105A500001FB4FF000720F4B4FF400110120C3F80F
:105A60000021FEF7F7FAFEF72BFF20B940F22112D2
:105A70001421FBF721F914F0BCFB0120FDF78AFF8C
:105A8000BDE81040002014F0DDBB00BF004F00B0A7
:105A9000A43F00B000D001B88023074A5364082314
:105AA00040B15364054AD2F8BC3E23F02003C2F84B
:105AB000BC3E7047024AF4E7001002B8003000B064
:105AC000002002B810B516F070F90121044600203C
:105AD000FFF7E2FF044B1961044B5B6898472046CF
:105AE000BDE8104016F05CB9000002B8B0C5062051
:105AF000F0B583B014460646FFF734FDFCF734F9E1
:105B000000285CD0584B5D6915F0060557D116F09A
:105B10004CF923790095022B054654D1237B022BA7
:105B200032D00320FEF7F0F920B9504BDB685B045C
:105B300040F19280A37B277B003B18BF0123A26822
:105B40004B49012F01920B707BD000F097FE04208F
:105B5000FEF7CEF80420444E0223716F3A4621F03E
:105B6000F85121F4F81141F0506141F4803171672E
:105B70000DEB0001FEF7DAF80446B0B10120302247
:105B80003C493D4B08701A653C4E336898472128C4
:105B9000044604D101210020736898470024284658
:105BA00016F0FEF8204603B0F0BD0320FEF7A0F883
:105BB0002846334A334B72671C7016F0F1F80E24F6
:105BC000204603B0F0BD0320FEF79EF9002843D124
:105BD0002179D6F80C31012922682FD0D01A00275C
:105BE000214B274A00905A679F67637B264823F022
:105BF0004007002FC3F3801303700CBF0123002361
:105C00002249234A0B70D2F8BC3E214A0CBF43F014
:105C1000200323F02003C2F8BC3E0320FEF768F8FF
:105C2000114B1C4A03205A67694601232279FEF76B
:105C30007DF898B10122134B1A706FE79342CED8CA
:105C4000CCE72379022B80D0009BD6F80C110027DB
:105C50000B441344019378E72846AEE7284616F034
:105C60009FF82124ACE700BF00C001B8000002B8D3
:105C70002EC0062031C00620001002B8B0C5062094
:105C8000000001012BC006202CC006202DC00620DC
:105C9000003000B0010C0100F7B50D4600240746A6
:105CA00016F083F81E4B064620461C70FFF7F4FEE4
:105CB0001C4B1D4A5A679C676879431E58425841DD
:105CC000FBF758FE40F60142164B9A672A7929687D
:105CD000012AD7F8143101D1994200D3CC1A0423F8
:105CE00003200DEB03010194FEF720F848B9882248
:105CF0000E4B30465A6416F053F82124204603B068
:105D0000F0BD0B4D2B6898472128044604D1012192
:105D100000206B6898470024304616F041F8EDE704
:105D20002BC0062000C001B800000101002002B80D
:105D3000B0C5062038B5164C054620784FF42072C1
:105D4000B0FA80F03E214009FAF7B6FF55B14FF4A2
:105D50004062104BD3F80831C3F3812323700E4BFC
:105D6000C3F8082160784FF42072B0FA80F03E2129
:105D70004009FAF7A1FF55B14FF44062054BD3F843
:105D80000C31C3F381236370034BC3F80C2138BD7E
:105D900028C00620004000B8006000B810B5104BC5
:105DA000104AD3F8B8001478596A9A6A00F00F00C4
:105DB00021F4706122F0E052844241EA042142EA77
:105DC00084624FF01F04084835BF9A6259625962D5
:105DD000C0F8B84034BFC0F8B8409A6210BD00BFE8
:105DE00000C000B80FC0062000E000B8A82238B5F7
:105DF0001C4B5D6C03F500535A6410229A60A3F5A6
:105E0000804302F100521A675A6600F0C1FF164B38
:105E10001B7813B90320FDF76BFF0024134B9C671D
:105E200000F0DCFF124A134BD2F8EC1E0B40C2F814
:105E3000EC3E0422104B5A64104BC3F8C440FFF7E9
:105E4000ADFFAB0607D50E4B5B6FB3F5817F22BF6D
:105E50008022044B1A61FCF771FC0022094B1A7076
:105E600038BD00BF000002B82BC0062000C001B83A
:105E7000003000B0DF0000FF002002B8003E00B09C
:105E8000003F00B02AC006200D4A10B5D2F8A0305D
:105E9000D2F8A4100B40B3F1804F0CD34FF0404028
:105EA0000849094CC1F8A400D467C1F8A0004FF418
:105EB0008021064AD161034AC2F8A03010BD00BF5C
:105EC00000400050006000500000FF01001002B8C8
:105ED0009B4B2DE9F04F9A6EDB6E87B002EA030808
:105EE000984BC3F868804FF03A43D3F81471D3F855
:105EF00018311F40944BC3F81471944B9A68DB68B7
:105F000002EA030A924BC3F808A003F52043DA69BA
:105F10001B6A02EA03098F4B09F47702DA618E4BA0
:105F2000D3F80422100305D4D3F8046116F4002634
:105F300000F0E18015F039FF884B5A695E6E02F07F
:105F4000060BBBF1000218BF01221B6F01921E401D
:105F5000834A26F0007323F400637107536606D565
:105F6000804A92F879300133DBB282F8793015F04B
:105F700017FFB8F1000F00F0DF8018F4004427D0BD
:105F800015F013FF0146FFF7EBFC0446764B1D6846
:105F90002A682B689A42FCD02A689A42FCD0FFF704
:105FA000DFFCA04240F0A980084615F0F9FE6F4BD7
:105FB0001C606F4B5D6C15F4E05B40F0A08024F03A
:105FC0007F4424F0DF040CB9FFF710FF4FF080741A
:105FD000002518F0020F12D0654B5E495B6C03F48C
:105FE00060424A64002A00F09E801A0400F19E80FC
:105FF0009D0440F19E804FF0006300251C43C8F3D0
:1060000040384FEA48085B4B3B40002B4BD017F41D
:10601000206F0AD040F2C95206210020FAF74CFE48
:10602000002000F037FF27F48027F80506D5FF226F
:10603000484B44F4C0649A60FFF7A6FC17F0090FC0
:106040000BD040F2DE5208210020FAF735FE00F0B6
:1060500015FF4FF03A4301225A6317F0106F0CD02E
:1060600040F2E75209210020FAF726FE00F006FF71
:10607000002211461046FCF78FFF17F4202F0AD09C
:1060800040F2EF5207210020FAF716FE002000F040
:1060900001FF27F48027F90301D5FDF7CFF8002F82
:1060A000B8BF48F008087A070ED54FF03A431B6B8B
:1060B00013F4005F4FF4005317BF234A2E4A1363B3
:1060C00044F4000408BF13637B0548BF44F0040494
:1060D00017F48023029300F0B780FDF765F80138CC
:1060E00006284BD8DFE810F077017A0177017D01AF
:1060F00080018301830101963BE7044648E7FFF7EF
:1061000075FE144BC3F844B015F4805305D115F453
:10611000806505D04FF080645AE74FF0804457E720
:106120004FF0805455E74FF0007366E74FF000439F
:1061300063E74FF0005360E74446454663E700BF1E
:10614000004000B8006000B8002000BA004001B86C
:10615000006001B8002002B800E100E000C001B812
:1061600000E001B8003E00B098170408E051052097
:10617000000002B8090B0B89001000BA4FF4C4628A
:1061800003210020FAF798FD4FF03A420121D2F89E
:106190008C30D2F8AC0003F00703063301FA03F3A6
:1061A000C0F30C001B1A9BB2072B12D99A4B5B6CE5
:1061B00058020ED49948D36CD26E406D58B103F09A
:1061C000070306339940C2F30C03C91A89B209299F
:1061D00001D844F40074924B1B78002B34D04FF05C
:1061E0003A43D3F8143113F4A02F2DD18D4BDFF89F
:1061F00070B21B7883B9F2040ED49BF800305BB107
:106200008949C4F3C003D1F8EC1E83F001035B009D
:1062100021FA03F39B0717D10420FDF769FD834B97
:106220008349596700F02AFB9BF8003043B9814B42
:106230001B782BB1804B814A1B682340134201D14C
:1062400044F4804426F48056BAF1000F31D01AF499
:10625000805F18BF44F480241AF4807F18BF44F490
:1062600000241AF4005F18BF44F010041AF4007FF1
:1062700018BF44F020041AF4806F06D04FF48062F7
:106280006F4B44F04004DA609A601AF4006F06D055
:106290004FF400626A4B44F08004DA609A601AF0AE
:1062A000805F06D0674B0021186845F48055FBF7E6
:1062B0007FFDB9F1000F39D019F4802F18BF45F4D4
:1062C000007519F4803F18BF44F4805419F4801FFE
:1062D00018BF44F4003419F4001F18BF44F002043E
:1062E00019F4003F18BF44F4801419F4800F18BF4C
:1062F00045F0100519F4002F18D04B4BD3F8BC3ED5
:1063000013F0C00F12D0444BDA6802F03062B2F1E1
:10631000407F05D19A6CD00602D4DB6C190769D591
:106320004FF40022484B29F40029DA61002E00F0D6
:10633000478132051ED54549DFF8F0B091F803A03A
:10634000434ABAF1000F00F08D804FF400600AF16B
:10635000FF3A50665FFA8AF2CA703AB93D4A12783B
:10636000002A4AD040F601423B4B5A6700221346AE
:1063700014431D43B30009D52E20FDF7E9FB4FF070
:106380000052334B45F008051A675A66F00608D5E7
:106390002B20FDF7DDFB10222D4B45F400151A676D
:1063A0005A6616F0306F40F0A580F10440F1FC8091
:1063B000019B002B40F0DC80244A1379002B00F075
:1063C0005681013BDBB2137113B9234B234A5A6741
:1063D00000231C43E8E044F48034D5E644F4006430
:1063E000D2E644F48064CFE644F48074CCE644F012
:1063F0000804C9E644F4001498E7DBF8782012F4A6
:10640000A05F15BF4FF4807240F60142CBF85820D0
:10641000CBF87820AAE700BF000002B8004000B81F
:1064200031C0062030C00620003000B000C001B8E6
:10643000000001012CC00620B80D0020088D0100CD
:10644000006001B8BC4E0520002002B819C006202B
:1064500000E001B82BC0062000D001B80000010DFB
:106460002DC006200320FDF743FC4FF40061A34A32
:106470005166DBF8141011F0060126D05046FDF7E6
:1064800071FDDBF86410DBF870309C4A0B4013F0B0
:10649000100F1FD010232D2013675366FDF758FBF4
:1064A0004FF4001A9649974AB1F8763013F4006F0A
:1064B0001CD023F40063A1F87630137803F0FF02B8
:1064C0005BB14FF40042534652E741F61F705067EC
:1064D000CBF878104FF0000AE4E70392FDF7C6FD11
:1064E000FFF784FC039A4AF0200341E713784FF446
:1064F0000052E8E7320115D52920FDF729FB824B30
:106500008249DB6803F48042C3F380330B70FFF7EA
:1065100079FA28B17E4B79497E484B660367D2B938
:1065200045F00405B30123D50420FDF7E1FB272046
:10653000FDF70EFBFFF75AFC4FF000726F4B5A66E7
:10654000754BD3F8EC2E510679D40222734B9A6026
:1065500045F0020523E00B6720204B66FDF7F8FAB3
:1065600045F400152D2045F00C05FDF7F1FAD9E7AB
:1065700016F0807FDFF8A8A14CD00420FDF7B8FB0F
:106580002820FDF7E5FADAF87830002B3ED1FFF746
:106590002DFC5A4B5E4A45F001051A675A66FFF713
:1065A00007FA00225E4B9A65B20409D55D4A537919
:1065B000002B00F09E80013B5371002348EA030842
:1065C000554BD3F8BC3E1B0603D520462946FCF7A5
:1065D00067F9424620462946FFF7FCF9029B0BB1BA
:1065E000FCF71AFE4FF400424F4B07F00437C3F894
:1065F00014714E4B19F4002FC3F884211EBF4FF4C1
:106600000022464BDA6107B0BDE8F08F0023CAF8DC
:106610007830BEE7F004C4D50420FDF769FB444B95
:10662000CAF87430FDF722FDDAF8643013F0407FC9
:10663000B7D12A20FDF78CFAFFF7D8FB80E7D3F813
:10664000BC3E9A0684D402223A4B9A603A4B1B68AD
:1066500093F825309B077FF57BAF294B93F8D83013
:10666000002B3FF475AF8022274B1A6170E704209E
:10667000FDF73EFB0320FDF73BFB294B2C4A5A67F5
:1066800015F093FB82460DF11700FEF7A5F82B4B92
:1066900083461B780BB1FFF777F9BBF1030F0ED1DF
:1066A000DFF864B00020FEF797F8032807D1DBF885
:1066B0002830D807F6D4DBF84830D903F2D49DF857
:1066C0001730032B06D101221D4B50461A7015F0CE
:1066D00067FB7DE64FF03A43D3F8143113F4A02F53
:1066E000F1D100F0CBF8504615F05AFB4FF480433F
:1066F0006FE60520FDF7FCFA01235FE700E001B833
:10670000003E00B02BC00620000002B82AC00620C0
:106710001000002000D001B8003000B0002002B806
:1067200000C001B819C00620002000BA00E100E056
:1067300000000101001002B8BC4E05202EC006204A
:1067400030C006200122024B1A62DA61704700BF96
:10675000002002B8094A08B5D369116A0B400849FC
:1067600023F47F00DB07C86106D5D1684FF0FF3006
:10677000C1F3036113F048FD08BD00BF000002B87B
:10678000002002B80C4A08B5936CD26C13400B4A37
:106790009364DB070FD50A4B40F67A021878122172
:1067A00000F00100FAF788FABDE808400022012055
:1067B0000021FFF70FB908BD00C000B800E000B825
:1067C000B80D002038B50C4C0C4DD4F88430DB07E4
:1067D00006D4A36FD4F884201340094A936738BDC8
:1067E000D5F804315A02F0D500F07EFE4FF4800354
:1067F000C5F88431E9E700BF008001B800E100E09E
:1068000000A001B808B515F0D0FA0E4B1A78A2B95D
:106810000D4A126812F4843F0FD10C4A1021116501
:106820001B7863B9084B1B68DB0508D4074B202293
:106830001A65BDE8084015F0B3BA054AEEE7044B07
:10684000F5E700BF31C00620B80D0020002002B8D7
:10685000001002B810B515F0A8FA0E210446032066
:10686000FDF74AFF40F20122034B2046BDE81040ED
:10687000DA6215F095BA00BF004000B80022044B60
:106880001A70044B197811B11A70FFF7BBBF70472B
:1068900030C0062031C0062038B515F086FA4FF416
:1068A0008043274C0546C4F88430BFF34F8FBFF3B5
:1068B0006F8F4FF40043C4F88430BFF34F8FBFF3A2
:1068C0006F8F4FF48033C4F88430BFF34F8FBFF322
:1068D0006F8F4FF40033C4F88430BFF34F8FBFF392
:1068E0006F8F4FF48023C4F88430BFF34F8FBFF312
:1068F0006F8FFEF7E5FB4FF40023C4F88430BFF33D
:106900004F8FBFF36F8F4FF48013C4F88430BFF301
:106910004F8FBFF36F8F4FF40013C4F88430BFF371
:106920004F8FBFF36F8F4FF40003C4F88430BFF371
:106930004F8FBFF36F8F2846BDE8384015F030BA4F
:1069400000E100E038B515F030FA05464FF4804319
:106950000E4C63604FF4004363604FF40033636098
:106960004FF480236360FEF7A3FB4FF400236360C2
:106970004FF4801363604FF4001363604FF400031F
:1069800063602846BDE8384015F00ABA00E100E02F
:106990002DE9F047DDF820A003EA0108099B06462F
:1069A0000D4602EA000703EA0A09BAF1000F40F0B7
:1069B0006881031F0B4300F02881052871F1000353
:1069C00080F0FE8050EA010300F0D081431E0B43AB
:1069D00000F03E81FFF760FFBD4AD2E9004323EAA1
:1069E000050324EA06043C4343EA0807B94BC2E91D
:1069F00000471E6826EA0A0646EA09061E60FFF7F7
:106A000001FF14F02A4F0CBF4FF4004348F2020379
:106A1000B14AB507D26EB14848BF43F4005383EA88
:106A2000020122EA0302C266AD4A0B408166D366C8
:106A3000C4F380421203200348BF42F48072E1068F
:106A400048BF42F40052A749A30648BF42F400726F
:106A500014F0400FD1F88830A34800F031815D0573
:106A600005D44FF480652B438560C1F8883014F05D
:106A7000800FD1F888309C4800F05C811D0505D45A
:106A80004FF400652B438560C1F88830974B9648DA
:106A9000D96817F4007F82EA010323F0805301EAEA
:106AA000030102EA0302C1608360914BDA608D4BFF
:106AB00007F4007200F0468101224FF4802583F82C
:106AC0008420E30448BF45F48035A00348BF45F463
:106AD0008015A10748BF45F4001514F4001FDFF826
:106AE0004C8206D0D8F8000013F0AAFB08B945F490
:106AF0000025E20248BF45F40035FB067D4B48BF48
:106B000045F480051A6A7C4985EA020323F00103F3
:106B10001A400A621D40CB61784B16F0010F1D62CE
:106B2000774B784A08BF1A46774B7D071B6F48BFE3
:106B300042F00062754882EA030123EA0203036718
:106B4000734B0A4041661A67724A04F00103D16C24
:106B5000A0F5803081EA030221EA0301C164826466
:106B60001A406D4B2002DA64D8F8002048BF6B4B06
:106B700092F8022158BF6A4B610748BF43F4806313
:106B800022B114F4C06F18BF43F4807332074FF082
:106B90003A42BDE8F047D2F8181148BF43F000432D
:106BA00083EA010222F4A0225E481140C0F81811C5
:106BB0001340C0F814215C4AC2F81831FFF7C2BE76
:106BC000A0F580630B4306D020F48063A3F5007327
:106BD0000B437FF4FFAE15F0E8F83D49D1E90032F0
:106BE00023EA060322EA050242EA08023B43C1E91E
:106BF00000324E4A126892F802114A4A09B313F45D
:106C0000C06F1ED04FF4807311E015F0CEF8304AFB
:106C1000D2E9003123F004033B4341EA080157EA7B
:106C20000807C2E900314FF480633E4A0BD0C2F836
:106C30001431A2F58052C2F81831BDE8F04715F0C2
:106C4000AFB84FF48073C2F81831C2F81431F4E7CA
:106C500015F0ABF81E4AD2E9003123F001033B43A3
:106C600041EA0801C2E900310123314A57EA080725
:106C70001BBF9364A2F58052D364D36408BF9364AE
:106C8000DBE750EA01037FF4A5AEBAF1010F7FF410
:106C9000A1AE15F08AF80F4A136823F0010343EA06
:106CA000090313604FF40053184AB9F1000F04D0E0
:106CB0005366A2F580521367BFE713675366BCE7BC
:106CC00023F48063C1F888304FF480638360CEE69C
:106CD000B80D0020E4510520004000B8006000B865
:106CE000005000B8003F00B0006001B8004001B89B
:106CF000005001B8000002B8002002B8001002B82D
:106D0000041800030438000300C001B800E001B813
:106D100000D001B800C000B800D000B80D0A0A09C0
:106D2000090A0A09002000BA001000BABC4E05206A
:106D300000E000B823F40063C1F888304FF400632A
:106D40008360A3E693F8841071B183F88420084B24
:106D5000D3F8A41003F50053C3F8A410C3F8A0108F
:106D60004FF05023C3F8A4200025AAE6BDE8F08721
:106D700000400050024B186800F00100704700BF4F
:106D8000B80D0020014B5879C0097047B80D00209C
:106D90000A4B197801F0FF0229B100211970084946
:106DA0009202C1F80821597801F0FF0229B10021AF
:106DB00059709302024AC2F80C31704728C006206D
:106DC000005000B84FF40062034B5A644FF4004285
:106DD000A3F5E0339A667047001002B8F8B5084C86
:106DE000084D636C0423084F6B64636C5B0300D431
:106DF000F8BD042602207E6413F071F96E64F4E796
:106E0000000002B8001002B8002002B838B50446ED
:106E100071B940B1154BDB6813F0606F04D04FF4CB
:106E2000C062134B9A6538BD124B1B6CD907F6D460
:106E3000FFF710FD0D4D0020FDF7CEFC032801D01B
:106E4000092805D1AB6ADA07F5D4AB6CDB03F2D4C1
:106E5000FFF7C4FF0122084B5A6102229A62042202
:106E600003F580535A64002CDDD0D8E7000002B847
:106E7000006001B800C002B8001002B808B50321D4
:106E80000920FDF739FC2022014B1A6108BD00BF23
:106E9000000002B838B5054614F087FF0E4B0446D3
:106EA0001868FCF7A5F835B1FFF7E8FC2046BDE807
:106EB000384014F075BF094B1B78002BF6D0084BF7
:106EC0001D78002DF2D1FFF7D9FC2A464FF48040FF
:106ED0000021FEF77FFDE9E7BC4E052030C006200B
:106EE0002FC006202DE9F84F584B07460E46154691
:106EF0005C6C002A40F0A78004F0A004003C18BF9E
:106F00000124FBF71BFCFEF749FFA0234FF0000A0A
:106F10004F4A03205364FCF7EBFE0420FCF7E8FE25
:106F2000DFF86081FFF7AAFC4A4B4FF0040BC8F86A
:106F30007430C8F878A0FFF751FF474B444AD3F8A4
:106F4000BC1EDFF8089141F02001C3F8BC1EFF21F0
:106F500091604FF48071C9F81010D3F8EC1E3F48CF
:106F60000840C3F8EC0EC2F844B0C3F8C4AED8F879
:106F7000143013F0060F04D0FDF778F85846FCF7EC
:106F8000B7FE0CB1FFF71EFF47B1FFF763FCFFF739
:106F900075FF0420FCF7ACFEFFF7FAFED9F81430B9
:106FA000D9074BD5294AD36813F0706FFBD1284B12
:106FB0002B4A5A642B4A536E23F0F003536616B1E2
:106FC0002846FFF767FF284BD3F84C315A1C01D0F5
:106FD0005B0002D501221E4B5A61002D2ED0234B9F
:106FE0002049DA6E03F500539A6603F5D0331B6A25
:106FF000174A23F00103D3611D4BD1F88800DB68E9
:107000001C4903438B601C4BC860D3F8841003F504
:10701000005399674FF03A43D3F8181103F5005322
:10702000C3F81411154BD96C03F500539964144936
:1070300003F5803359664FF6084353640020BDE8DA
:10704000F84FFBF725BC00245BE700BF000002B847
:10705000002002B800000101003000B0DF0000FF96
:1070600010003000003F00B00080E00F004000B88A
:10707000004001B8006001B8008001B800C000B84D
:107080005000002F00C001B838B514460D4614F06A
:107090008CFE064BD3F8BC2E54402C405440C3F811
:1070A000BC4EBDE8384014F07BBE00BF003000B0DD
:1070B000034BD3F8BC3E99430CBF0120002070471E
:1070C000003000B0174BD3F8BC2E12F0010312D0E1
:1070D000154B93F84830154A43F08073C2F8D0300E
:1070E0004FF4801302F50052C2F8B430A2F580527A
:1070F000C2F8B83070471106EDD40D4B93F8471124
:1071000021B1D20602D593F84431E4E74FF480125E
:107110000020084B0549C3F8B820C1F8D000C3F8D7
:10712000B4207047003000B0003F00B0004000B80D
:10713000003E00B0006000B870B5164E032804464B
:107140000D4633781ED023FA04F202F00102954274
:107150001DD053B10122A240A54023EA02032B43D4
:10716000DBB233704BB1012070BD2DB10A4B012051
:107170001B6898473378EDE73570074B00201B6894
:107180009847F0E79A07DED003F0FC03E9E7002018
:1071900070BD00BF33C0062020520520F8B505465B
:1071A0000C4614F002FE104F06463B7833B1012D19
:1071B00004D01CB90D4814F079FB3C7021462846D8
:1071C000FFF7BAFF0A4B04461B783BB93B782BB953
:1071D00012F092FE10B1074B1B689847304614F02E
:1071E000DFFD2046F8BD00BF34C00620F851052061
:1071F00033C00620B0C50620054A0B46117831B1D0
:1072000000211170034A0121526818781047704715
:1072100034C00620B0C5062038B5074D04462B788B
:10722000834207D0FAF7E6FD20462C70BDE83840CF
:10723000E3F7C4B838BD00BF32C006201B4B02299B
:1072400010B5187002D0032904D010BD184B1B785C
:10725000002BFAD1F9F77AFA0028F6D04FF4005251
:10726000144BC3F88420BFF34F8FBFF36F8FFAF72F
:107270007BFD0028E9D0FAF729FD0028E5D10E4B67
:107280001C6834B123689847BDE810400020FAF725
:10729000A5BD12F0BFFB094B186015F046F9084B6D
:1072A00018602046FAF768FDEEE700BFA7C6062083
:1072B00032C0062000E100E00C5105201C520520E0
:1072C0001852052038B504460D46F9F73FFA80B14B
:1072D0004FF40052124B5A60FAF746FD48B9012D9F
:1072E00007D80120FAF77AFD0E4B1B6823B15B68C3
:1072F00098470D4B1C7038BD15F017F90B4B1A68E9
:10730000801A186014F096FB4FF47A72084B1B68D1
:1073100002FB003012F080FB0120FAF72DFDE8E7B8
:1073200000E100E00C510520A7C6062018520520F8
:107330001C520520F0B585B014F037FD334D0446DE
:107340002B7823B1324814F0B1FA002847D114F059
:107350003DFB02AA03A912F0B9FD0346002837D06D
:1073600012F0C8FD029B98421BD10020294B0399C3
:107370001B68294E994230701FD90027C91A012372
:1073800023482B70254A33460197009715F0A5F83E
:1073900068BB234A1378D90701D5317861B32046F9
:1073A00011E012F0A5FD029B98421ED00023184662
:1073B0001849194A0968137003910121FFF7BCFEAF
:1073C000002320462B7014F0EBFC002005B0F0BD2C
:1073D00020462B7014F0E4FC212005B0F0BD2046BF
:1073E00014F0DEFC0E2005B0F0BD0220BEE7032342
:1073F00020462F703370F3E703F0FE031370002B69
:10740000CDD1084B1B6898472046DCE734C00620E6
:10741000F8510520E8500520A6C60620F97102089B
:1074200033C0062020520520114B10B55B6F00249D
:1074300003F44073B3F5007F04BF02220D4B0E49E5
:1074400008BF1A600D4B0E4A1C700E4B0E481A6096
:107450000E4A5A60E2F754FF0D490E48E2F750FF1A
:107460000D4B0E4A1A60E3F7B7F8204610BD00BF77
:1074700000400050E8500520E817040834C00620FA
:1074800035730208B0C50620E85105209D71020839
:10749000F0170408F0510520205205201972020847
:1074A00002220E4B10B41A640D4AA3F5005314685F
:1074B0005B687CB1DBB2042B07D100220121094BB0
:1074C000186823465DF8044B1847052B02D10022AB
:1074D0001146F4E75DF8044B704700BF00E0095027
:1074E00014510520BC4E05200C4B10B51C6C5A6C79
:1074F00014400B4A24F002011164E20705D540F262
:10750000BD1200201968F9F7D7FBA30704D5BDE821
:1075100010400248FFF7C4BF10BD00BF00C00950B3
:1075200000E00950014B1868704700BFC0C4062036
:107530002DE9F84F0E46884656F8041B05461446BA
:10754000002032461F4612F07FFED8F800804046E9
:1075500012F07BFE30B195B9416819B14FEA18635A
:107560000D683DB90F213B462246404612F085FE8C
:107570000D4617E04A799A4201D00831F0E7DFF86A
:107580003890DFF83880D9F800B0D8F800A030463D
:10759000C9F80040C8F80070A8470025C9F800B035
:1075A000C8F800A02246012052F8041B12F04CFE3D
:1075B0002846BDE8F88F00BF285205202452052038
:1075C00070B50C4B04020D4604F4E064C0F30721CF
:1075D0001B680C43084A04349C42126807D91D21D9
:1075E00012F04BFE0022134610462B6070BD106057
:1075F000043BF9E72452052028520520094A10B51A
:10760000116851B9B0F5006F09D2041D2046E2F7A8
:1076100051FD08B9044B1C6010BD1220FCE721206D
:10762000FAE700BF345205203052052010B5054C52
:10763000206818B114F025FF002323600022024BBC
:107640001A6010BD345205203052052038B504466A
:1076500008680D4612F0C0FE50B9094B1B680020A7
:107660002A68C4E900531A60064B1B68A36038BD42
:107670002028FCD1044B1B68002BF0D10920F6E731
:1076800034520520305205202C5205202DE9F84FA8
:107690001D460C6816464FEA042AC4F307230AF471
:1076A000E06A4AEA030A1F4B0AEB050B1B680BF161
:1076B00004029A420746DDF828802DD80123F20003
:1076C00093409D4228D215B1B8F1000F27D038461B
:1076D000FFF7BCFF8146E0B924F47F4424F0C704DF
:1076E00044EA1B244FEA0B2B7B681FFA8BFB44EA0E
:1076F0000B0443F8044B53442DB118462A46414627
:1077000007F0E4FA0346012E0CBF03F8015C23F8EE
:10771000025C4846BDE8F88F4FF01D09F9E74FF0CD
:107720002209F6E73052052038B50446054B0068BB
:107730001D684068D4E901231146A847636898880A
:1077400038BD00BFD0C5062010B5044C23781BB946
:1077500012F079FD0123237010BD00BF36C0062052
:10776000F7B50F461546064610B9222003B0F0BD06
:1077700000230360002AF8D00F4C226892B9182128
:10778000012001AB0192E2F79DFC0028EED1019BA4
:107790001F702A691D615A606A699A602360019BA3
:1077A0003360E3E723681A78BA4203D05A6903F1D9
:1077B0001404E3E72E20D9E738520520044A034693
:1077C000106810B102789A4200D170474069F8E71A
:1077D00038520520014B1868704700BF3852052009
:1077E000094A5168C84390FAA0F048B1B0FA80F055
:1077F000042805DC012383400B43536040B27047EB
:107800004FF0FF30704700BF645205200021034B4A
:1078100028220348C3E9001107F02CBA645205205E
:107820003C52052038B50546FFF7DAFF0446044808
:10783000294600EBC40012F03FFE204638BD00BFD1
:107840003C520520C3B2042B10B513D80A4A02EBF0
:10785000C00252E8003F0B4342E80034002CF8D14C
:1078600001220649824051E8003F134341E80030BD
:107870000028F8D110BD00BF4052052064520520F9
:10788000F7B501270026184A1849194D106800B3AA
:107890000B7807FA03F420421DD0E04352E8004F72
:1078A000044042E8004CBCF1000FF7D105EBC303E4
:1078B000043353E8000F43E80064002CF9D1019031
:1078C00048B1087801AA0B4905EBC00012F02CFE64
:1078D000012003B0F0BD0B78506883422EBF002317
:1078E0000133DBB20B70D1E76452052037C00620AC
:1078F0003C52052078563412024B1868003818BFE5
:1079000001207047645205202DE9F041194D0646CB
:107910002B680C4613B90020BDE8F08114F04EFA34
:107920002F680FB32A680125D2E9047814F041FAD0
:10793000002DF0D057EA080319D056EA04030CD101
:107940000D4DD5E9006456EA040306D10B4B1B68C4
:10795000984706460C46C5E90001BE4274EB080490
:107960002CBF01200020D7E7B8463D46DEE70120C6
:10797000D2E700BF7C520520C00D002074520520C4
:10798000F7B54FF0FF34274605460E4614F016FAB9
:107990001A4B1B6883B914F00CFAB7F1FF3F08BF0C
:1079A000B4F1FF3F04D054EA070315D10024274661
:1079B0002046394603B0F0BD5969DA68019119696A
:1079C0005B685218019941F10001A24271EB070C6A
:1079D0003CBF14460F46DDE755EA060304D1084BC9
:1079E0001B68984705460E46AC4277EB0603DDD38D
:1079F000651B67EB06062C463746D9E77C52052007
:107A0000745205202DE9F74FDDF840A00E46DDE960
:107A10000C7815469DF83CB008B1016891B9BAF1EF
:107A2000000F07D029463046D04740F2034003B04C
:107A3000BDE8F08F002DF8D0002EF6DB284608F0C8
:107A4000D9F8F2E7019014F0B9F981465846E9F700
:107A500085FE0446484614F0ACF9019A9CB9BAF187
:107A6000000F08D029463046D04703203146E9F7B9
:107A7000F7FD1A20DBE7002DF7D0002EF5DB2846B6
:107A800008F0B8F8F1E70E9BC4E90678E36000233C
:107A9000636057EA0803A6602562226084F824B078
:107AA000C4F828A001D10E9B33B1184B1B6898472E
:107AB000C019074648EB010814F080F9002205467A
:107AC0001349C4E904780B682BB1D3E904AB5745DB
:107AD00078EB0B0011D2A2B90B680C6063600D4B00
:107AE0001C682CB1094B1B689847FFF749FFA0475A
:107AF000284614F05EF9002099E758681A460346B4
:107B0000E2E7536863605460E9E700BF7452052000
:107B10007C5205206C5205202DE9F74F4FF00008EC
:107B200081460D4692461E4614F048F94746DFF856
:107B300074B00190DBF8004084B9B8F1000F07D0B1
:107B4000174B1C6824B100200021FFF719FFA04744
:107B5000019803B0BDE8F04F14F02BB922684A45F4
:107B600011D12DB1A268296822F000428A420AD1BF
:107B700026B9626857B9CBF8002008E05146206A60
:107B8000B0470028F5D027466468D5E77A60D4F876
:107B90000480204612F03CFC44464FF00108CBE73D
:107BA0006C5205207C520520014B1860704700BFC5
:107BB0006C52052070B50E46094904460846154624
:107BC00004F08DF90023074A30211360064A05208E
:107BD0001660064A15602246BDE87040E9F750BDC0
:107BE000D05504087C52052074520520705205209F
:107BF00070B50446164618460022002386B0CDE92B
:107C000004230B4B0D461B6813B9212006B070BD31
:107C100004A998470028F8D1DDE904230290CDE9B2
:107C2000002329463246204612F02CFCEEE700BF26
:107C300070520520F8B5054610200F461646E9F7A4
:107C4000F7FD044601461022074804F04DF944B1FF
:107C500001230020E3602B68C4E9017623602C60D7
:107C6000F8BD1A20FCE700BFD05504080020002111
:107C7000014BC3E900017047C00D00202DE9F0471A
:107C800006460D464FF0000950EA010318BF2B4B82
:107C9000DFF8B48018BFC3E90001294F30462946F8
:107CA000FFF732FEC0B9B9F1000F45D014F086F8E5
:107CB000002104460020FFF763FEB1F1FF3F08BF3B
:107CC000B0F1FF3F03D01F4B1B6803B1984720461C
:107CD000BDE8F04714F06DB814F070F8D8F8004023
:107CE00014B16368C8F8003014F063F83C60002CED
:107CF000D4D0A36833F0004307D1386812F088FB72
:107D000000234FF001093B60C8E72368002BF4D043
:107D100018680028F1D0A26832F00043EDD0D0E915
:107D2000009A236A21688068D0470028E5D1B9F11C
:107D3000000FE2D04846EEE7BDE8F087C00D002016
:107D4000785205206C5205207C520520F8B5044677
:107D50000D4614F033F8094B1B684BB1D3E90667A5
:107D6000C4E90067DB682B60BDE8F84014F021B877
:107D700000260027C4E90067F5E700BF7852052018
:107D800010B5064C237823B9D9F7BEFF18B90123E3
:107D90002370002010BD40F20740FBE738C00620EA
:107DA00038B50A4B05461B780C463BB908490948CB
:107DB000FFF7E6FF10B140F2074038BD29462046E4
:107DC00001F005FA0028F8D0F5E700BF38C006201A
:107DD000EFBEADDEBEBAFECA2DE9F0431D4600235C
:107DE0009DB00F46DDE925890146164606A82022EA
:107DF00001930DF06EF906A920222E4802AB12F075
:107E0000BBFB0446202106A80DF06DF9002C39D1EA
:107E100001A902A8F1F7A0FA044698BB264B10224C
:107E20000E93652339460DF13D008DF83C300DF081
:107E300050F9102231460DF14D000DF04AF92A4655
:107E400001250DF15E010DF15D0012F086FB249A13
:107E50000DF1650119A812F080FB4B4635220198FF
:107E60000EA98DF86C408DF86B50F1F7BFFA0446FF
:107E700040B94346352201980EA98DF83850F1F7E4
:107E8000B5FA0446102102A80DF02DF93CB11021DD
:107E900048460DF028F9102140460DF024F90198CC
:107EA0000DF068F80EA835210DF01DF920461DB023
:107EB000BDE8F083E55504080062746C73B5144D99
:107EC000144C2B68206803F0100200F002001043ED
:107ED0001CD01B074CBF0126A67AF2F725FF01969E
:107EE0008379C3F3C00383F00103DBB20093E3881B
:107EF000A288217A607A00F0D3F838B9236823F099
:107F0000020323602B6823F010032B6002B070BDC6
:107F1000F04D05208052052010B501210024094BA9
:107F20000948A3F10802C3E9004443F8081C4FF0D4
:107F30001013517253600DF087FF04480DF084FF59
:107F4000204610BD8852052039C00620F44D05207A
:107F5000014B187B704700BF80520520024BD87A36
:107F6000003818BF012070478052052010B5064C1C
:107F700023681B0707D5F2F7D7FEF6F707FE23683D
:107F800023F00803236010BD805205202DE9F04145
:107F9000354F3B68580707D50021084600F0A6F882
:107FA0003B6823F004033B60F2F71AF8064658B129
:107FB0002E4DAB7A13F0180F3CD1281DF2F7E4F8E0
:107FC0000446A0BB043500E0294DDFF8A88029460F
:107FD0004046F2F70DFFF8B976BB98F8066006F058
:107FE0001806003E18BF0126AB792846190725D58B
:107FF000F3F7BEFF0446D0B92B68C8F80030AB8851
:10800000A8F80430AB79532B88F8063019D11EB18B
:108010003B6843F008033B60FFF750FF044630B96C
:10802000FB7ADBB13B685A070FD5FFF79FFF20466D
:10803000BDE8F0810026C5E70126D5E7F3F77CFF10
:10804000D8E73B6823F00803E5E70121084600F084
:108050004DF838B93B6843F004033B603B685B076D
:10806000E5D5E2E70446E2E780520520F04D052021
:10807000FB4D052039C0062010B5044640B101284B
:1080800002D106480DF0E0FEBDE81040FFF77EBFCC
:1080900002480DF0D9FE204610BD00BFF44D05206A
:1080A000F8B507460E4642F24100082115461C4627
:1080B0000FF0A2FE9DF818304771C3709DF81C3078
:1080C00086710371A0F80750A0F809400648EAF746
:1080D00071FD0FF094FE407920B10FF090FE4079D1
:1080E00040F48050F8BD00BFBD2C010838B50546EE
:1080F0000C4642F2420006210FF07EFE0023C570BE
:1081000043718371C371037204710648EAF752FD2B
:108110000FF075FE407920B10FF071FE407940F408
:10812000805038BD252D0108704708B5E9F7A8FC37
:10813000BDE80840E9F7EABCF7F77ABEF7F728BDD3
:10814000002303600E20704770470F207047022302
:1081500007B5ADF8043028B101A8DAF7B7F903B0D4
:108160005DF804FB01A8DAF7A1F9F8E700207047F1
:1081700008B5024601217520D8F790FD002008BD02
:1081800013B50446012150200DF10702D8F786FDF2
:108190009DF8073003F0E003402B0CD003D86BB9F7
:1081A0004FF0685303E0602B0BD14FF06253002077
:1081B000236002B010BD4FF06453F8E74FF06653F0
:1081C000F5E70120F5E71FB5044601A8FFF7D8FF42
:1081D000062102AA1F20D8F761FDBDF808309DEDE9
:1081E000017ADBBA07EE903AF8EEE77A67EE877A23
:1081F000BDF80A30C4ED007ADBBA07EE903AF8EE2B
:10820000E77A67EE877ABDF80C30C4ED017ADBBA05
:1082100007EE903AF8EEE77A002067EE877AC4ED31
:10822000027A04B010BD1FB5044601A8D8F758FD66
:10823000062102AA2520D8F731FDBDF808309DEDB2
:10824000017ADBBA07EE903AF8EEE77A67EE877AC2
:10825000BDF80A30C4ED007ADBBA07EE903AF8EECA
:10826000E77A67EE877ABDF80C30C4ED017ADBBAA5
:1082700007EE903AF8EEE77A002067EE877AC4EDD1
:10828000027A04B010BD13B504460DF105020121B8
:108290002D20D8F703FD0DF1060201213720D8F774
:1082A000FDFC0DF1070201213820D8F7F7FC002072
:1082B0009DF807309DF806201B0443EA02239DF831
:1082C00005201343236002B010BD07B501210DF155
:1082D00007022D20D8F7E2FC9DF80700C0F3C0008C
:1082E00003B05DF804FB07B501211120D8F738FD74
:1082F0006420E2F7B1F901A8FFF7C5FF019BDB0697
:1083000007D530214C20D8F72BFD002003B05DF8B5
:1083100004FB0120FAE713B50446012138200DF1D2
:108320000702D8F7BBFC9DF807104CB121F00401FF
:1083300041F002013820D8F713FD002002B010BD33
:1083400021F0020141F00401F4E707B5D8F72EFC53
:10835000FFF7C9FF012175200DF10702D8F79EFC38
:108360009DF807304E2B36D10DF1070201214C202C
:10837000D8F794FC9DF807104C2041F003018DF8CC
:108380000710D8F7EDFC0DF1070201214D20D8F7B9
:1083900085FC9DF807104D2041F001018DF8071074
:1083A000D8F7DEFC0020FFF7B6FF1E20E2F754F9F5
:1083B00000211420D8F7D4FC01210DF1070264201C
:1083C000D8F76CFC64209DF80710D8F7C9FC002092
:1083D00003B05DF804FB1020FAE713B504460DF175
:1083E000070201214F20D8F759FC9DF8071004F02F
:1083F0000F0421F00F0121434F20D8F7B1FC0020DA
:1084000002B010BD13B504460DF107020121502042
:10841000D8F744FC9DF8071004F00F0421F00F0179
:1084200021435020D8F79CFC002002B010BD13B5AA
:1084300004460DF1070201215220D8F72FFC9DF8C8
:10844000071004F00F0421F00F0121435220D8F748
:1084500087FC002002B010BD13B504460DF10702E1
:1084600001215220D8F71AFC9DF8071024F00F04C0
:1084700001F00F0121435220D8F772FC002002B016
:1084800010BD13B504460DF1070201215020D8F7A5
:1084900005FC9DF8071024F01F0401F01F01214383
:1084A0005020D8F75DFC002002B010BD13B5044683
:1084B0000DF1070201214F20D8F7F0FB9DF80710BE
:1084C00024F01F0401F01F0121434F20D8F748FC7E
:1084D000002002B010BD73B5002304460D461646B9
:1084E00001214E200DF107028DF80730D8F7D6FB99
:1084F0009DF80730BCB143F003038DF80730ADB1F0
:10850000402143F00C0440F20E20D8F729FC8EB134
:1085100004F01F014E20D8F723FCC820E2F79CF896
:10852000002002B070BD03F03C03E6E7294603F0EB
:108530003304E8E744F02001ECE737B500230D46AB
:108540000446012166200DF107028DF80730D8F7A7
:10855000A5FBD5B19DF8071041F007016620D8F7BB
:10856000FFFB0023012165200DF107028DF8073084
:10857000D8F794FB5CB19DF8071041F00801652025
:10858000D8F7EEFB002003B030BD2946E6E72146D0
:10859000F5E72DE9F047002486B0224621468146C2
:1085A0002046FFF798FF6020FFF780FF0620FFF7C7
:1085B00014FF0E20FFF73BFF01A8D8F791FB2146DF
:1085C0001620D8F7CDFB012211461046FFF783FF96
:1085D0003220E2F741F840211620D8F7C1FB0F21E5
:1085E0005F202546D8F7BCFB0520E2F735F80221CD
:1085F0002E2002AA8DF808408DF80950D8F74EFBBE
:10860000BDF808309DF808405BBA9BB2B3F5FC7F1B
:108610009DF80950E8D300273C463D463E460021E0
:108620005F20D8F79DFB02212E2002AAD8F736FB47
:10863000BDF808809DF8083098FA98F89DF8091060
:10864000C8F30B18BAB24245C0F09C8096FBF8F70D
:1086500007EE907A9DED017AF8EEE77A95FBF8F552
:1086600067EE877AC9ED007A07EE905AF8EEE77A5E
:1086700094FBF8F667EE877AC9ED017A07EE906A07
:10868000F8EEE77A67EE877A02AAC9ED027A01214D
:1086900040F277208DF80830D8F700FB02AA0121BC
:1086A0004FF41E709DF80890D8F7F8FA9DF808A0CE
:1086B00002AA012140F27920D8F7F0FA4FEA0A2401
:1086C0009DF808304FEA0A1A02AA012140F27A20E6
:1086D0000AF4706A4AEA030A04F47064D8F7DEFA0E
:1086E00002AA012140F27B2044EA09049DF8089087
:1086F000D8F7D4FA3B1E9DF80880B8BF0333A4EB2B
:10870000A3042B1EB8BF03334FEA0821AAEBA30A28
:1087100001F47061331EB8BF033341EA0901A1EBD4
:10872000A30640F27720E1B2D8F71AFB4FEA2A23DA
:10873000C4F3032141EA0311C9B24FF41E70D8F704
:108740000FFB5FFA8AF140F27920D8F709FBF1B20A
:1087500040F27A20D8F704FBC6F3032608F0F001B4
:10876000314340F27B20D8F7FBFA00211620D8F7DE
:10877000F7FA002211461046FFF7ADFE002006B0C2
:10878000BDE8F0878DF8091002AA102130208DF87D
:108790000830D8F783FABDF80F209DF80830D2BA18
:1087A0001644BDF811209DF80910D2BA1544BDF841
:1087B00013200137D2BA144444E700234FF07E520D
:1087C000436002608360C360026143618361C3618F
:1087D0000262704791ED027AF1EE477A10B592B0DD
:1087E000CDED017A8DED037AD1ED017A91ED007A2C
:1087F00000230446CDED027AF1EE476AF1EE677A86
:108800006A46014609A8009304930893CDED056AD2
:10881000CDED067A8DED077A00F00BF9204609AB15
:1088200004F12402D0ED007A93ED007A77EE877A96
:1088300093ED017AC0ED007AD0ED017A77EE877A78
:1088400093ED027AC0ED017AD0ED027A77EE877A65
:108850000C3040ED017A904203F10C03E2D112B0EA
:1088600010BD30B52DED028B00F10C058BB0294603
:108870000446D8F701FDFEEE007A20EE278A29464D
:10888000B0EE480A01A800F009F9B0EE480A214606
:1088900004A800F003F901A92246084600F024F9D3
:1088A00004A92A46084600F01FF904AA01A907A84E
:1088B00000F034F901A90846D8F7DEFCB0EE088ACA
:1088C000F6EE008A38EE400A204620EE280A01A97A
:1088D00000F0E4F804A90846D8F7CEFC38EE400AC8
:1088E000284620EE280A04A900F0D8F807A908466F
:1088F000D8F7C2FC38EE400A07A920EE280A04F196
:10890000180000F0CBF80BB0BDEC028B30BD38B5D1
:10891000D0ED080A90ED070A04460D46E7F7F4FF8C
:1089200085ED000A94ED060AE7F7C2FFB1EE400AB2
:1089300085ED010AD4ED000A94ED030AE7F7E4FFA0
:1089400085ED020A38BD0023002243628362C362C0
:10895000036343638363C2630364C365036643665F
:10896000036043608360C360036143618361C361EB
:10897000036243648364C364036543658366C366BB
:108980000367704780ED140A704791ED007AD0EDCF
:108990000C7A77EE877AC0ED0C7AD0ED0D7A91EDF6
:1089A000017A77EE877AC0ED0D7AD0ED0E7A91EDEF
:1089B000027A77EE877AC36BC0ED0E7A0133C36318
:1089C000704710B5044686B090ED160A684600F070
:1089D00065F804F15C02694603A800F085F803A974
:1089E0002046FFF7F7FE2046FFF73BFF204604F145
:1089F0006801FFF78CFF06B010BD10B504462430A7
:108A000000F047F804F1300000F043F8002304F1CF
:108A10004400E36300F03DF804F1680000F039F829
:108A200004F15C0000F035F82046BDE81040FFF787
:108A3000C4BE70B501F1240502F10C0613460446CC
:108A4000F3EC017A91ED006AD1ED016A93ED027ABF
:108A500067EE867A46EE877AD1ED026A93ED057A63
:108A600046EE877AB342E4EC017AE9D10C31A942AF
:108A700000F10C00E2D170BD10B50446D7F774FDCB
:108A8000201DD7F771FD04F10800BDE81040D7F7AD
:108A90006BBD00230360436083607047D1ED007AB3
:108AA00067EE807AC0ED007AD1ED017A67EE807AC8
:108AB000C0ED017AD1ED027A67EE807AC0ED027ADC
:108AC0007047D0ED007A67EE807AC0ED007AD0ED85
:108AD000017A67EE807AC0ED017AD0ED027A67EE16
:108AE000807AC0ED027A704701F10C03F1EC017A53
:108AF000B2EC017A77EE877A9942E0EC017AF5D10F
:108B0000704701F10C03F1EC017AB2EC017A77EED7
:108B1000C77A9942E0EC017AF5D1704792ED016A8B
:108B2000D1ED027AD1ED016A92ED027A67EE867A92
:108B300056EE877AC0ED007A92ED026AD1ED007AA6
:108B4000D1ED026A92ED007A67EE867A56EE877A68
:108B5000C0ED017AD1ED017A92ED006AD1ED006AA3
:108B600092ED017A67EE867A56EE877AC0ED027A48
:108B7000704710B5044608B1D8F75EFC2046BDE842
:108B8000104013F082BC00F4E040B0F5805F04D0E8
:108B9000A0F5005358425841704701207047F0B586
:108BA0001E4620F47F0387B0B3F1106F1546DDE950
:108BB0000C7CDDF838E006D1D1E908234C68240AA2
:108BC00004D0012C0BD06FF0850006E0CDE903CE78
:108BD000CDE90167009502F008FF07B0F0BDCDE9CF
:108BE00003CECDE90167009502F06BFEF5E73AB1DF
:108BF000002918BF00232121D21A184406F03AB8E0
:108C0000704741F2052398421AD8B0F5905F09D217
:108C100041F2010398420CD0B0F5885F09D06FF0A3
:108C2000850070472923A0F5905080B2C340DB0730
:108C3000F5D511F0070F14BF6FF0860000207047C4
:108C4000B0F5105FEBD121F04003802B06D0B1F5D9
:108C5000807F14BF6FF086000020704700207047AF
:108C600070B5046A05460E463CB9012003F09AFA35
:108C7000286228B120466E6270BD6FF08A00FBE763
:108C80006FF08C00F8E7F8B50F461146064615461A
:108C9000FFF7E6FF044620B92A463946306A06F057
:108CA00015F82046F8BD2DE9F041089E88461F467C
:108CB0000488FAB12046FFF766FFD8B1316809B9D8
:108CC000D10031602046FFF79CFF044678B9CD1DE6
:108CD000B2EBD50F11D1069B9A4211D841463846C6
:108CE00005F0F4FF3368079A0733DB08136020466A
:108CF000BDE8F0816FF08504F9E76FF08604F6E7D0
:108D00006FF08904F3E710B50446006A10B1616A98
:108D1000FFF72FFF0020C4E9080010BD38B5044656
:108D2000FFF7F1FF237E012B0FD0023B012B0FD861
:108D3000E369012B14BF6FF096050025282200215E
:108D4000204605F097FF284638BDE369002BF1E780
:108D50006FF09605F2E713B50446C0B101A9D9F743
:108D6000A9F8044698B9019B1A7E022A12D103225F
:108D70001A761A79FF2A10D01AB1586900F05AFCF5
:108D80000446019800F02BFC002818BF044620463A
:108D900002B010BD6FF09604F3E76FF08404F0E7C3
:108DA00073B5054608460C4600F00DFB0023284627
:108DB0001A4601A9D8F7D6FC50B9019E35460FCD09
:108DC0000FC495E8030084E80300304600F01CFC63
:108DD00002B070BD70B5144602881D461046049E50
:108DE000FFF7D1FE68B944F2010322F440509842E3
:108DF00007D002F44F42B2F5824F02D0B2F5844F51
:108E00000ED1B4420FD82246284605F05FFF00215C
:108E1000321B281905F02EFF0020059B1C6070BD39
:108E20006FF08500FBE76FF08900F8E7F0B50F46BB
:108E30001E46154685B03AB300230122336003A9CC
:108E4000D8F790FC044678B903984368D0E9081233
:108E50001B0A0CD0012B11D06FF08604039800F090
:108E6000D3FB002C08BF0446204605B0F0BD3B46AE
:108E7000CDE90056FFF7AEFF0446EFE73B46CDE9EC
:108E8000005602F002FCF7E76FF08904ECE770B5DA
:108E900014460288049D02F4E040B0F5804F1CD1D6
:108EA00044F2010022F44056864207D002F44F42B9
:108EB000B2F5824F02D0B2F5844F0ED1AC420FD83A
:108EC0001846224605F002FF00212A1B204405F027
:108ED000D1FE0020059B1C6070BD6FF08500FBE794
:108EE0006FF08900F8E7F0B50F461E46154685B0CD
:108EF000FAB1002303A91A463360D8F733FC0446BD
:108F000088B9039803885B0410D5CDE900563B4629
:108F1000D0E9081200F01AFB0446039800F074FB35
:108F2000002C08BF0446204605B0F0BD6FF0860453
:108F3000F3E76FF08904F6E72DE9F3410C46194693
:108F4000002366680B6030461746D4F8148000F0A2
:108F50005DFB054688B9304600F05AFB054660B90E
:108F6000F6B276B9B8F1000F05D1A06820F47F40C1
:108F700020F0030060B16FF08605284602B0BDE81E
:108F8000F0810146606900F019FB0028EDD1F2E79D
:108F90004FF6F87362889A4219D894F80480B8F1B1
:108FA000000F00D101A83946D8F744FF0546002834
:108FB000E3D10FCC3F683E460FC694E8030086E835
:108FC0000300B8F1000FD8D1019B7B61D5E76FF0AA
:108FD0008505D2E738B50379044615464BB9636970
:108FE00000202B60237E012B0AD028606FF09600B2
:108FF00005E0D0E9081200F038FB0028EFD038BDBA
:1090000002232376FBE708B1FFF788BE704710B54F
:109010000446006858B104280AD005280DD06FF026
:10902000860000232360A3886FF30803A38010BD8C
:1090300004F1080002F0CCFCF3E704F1080002F0B0
:1090400033FCEEE70123D8F707BD38B505462B689A
:10905000D3B112B90024204638BD042B07D0052B0C
:109060000DD06FF086042846FFF7D1FFF3E705F136
:109070000800DFF78FFC04460028EBD0F3E705F18A
:10908000080002F0ECFBF6E76FF08804E3E72DE957
:10909000F041054600680F461646984668B36A795F
:1090A000D2072AD52A7942B3B24229D8042808D057
:1090B00005281DD06FF086040023C8F800602B71CE
:1090C00006E005F10800DFF79BFC04460028F3D119
:1090D00037B1324621463846D8F80030FFF787FDD1
:1090E0002846FFF794FF002C18BF2046BDE8F0810A
:1090F00005F1080002F0C6FBE7E76FF08804DBE744
:109100006FF08904D8E71FB501240394089C0294EA
:10911000079C0194069C0094D8F78EFB04B010BD08
:1091200003681943B1FA81F0400970472DE9F0470F
:1091300005469A46002386B0059305F0FE43B3F139
:10914000106F0846DDE90E679146DDF8408036D1A4
:109150002B464FF4804205A9D8F704FB044680BB98
:1091600005990B8823F0FF03B3F5E24F02D0B3F566
:10917000E44F04D14B880733B7EBD30F24D35346C6
:109180004A462846CDE901780096FFF708FD0446D7
:1091900066B90023C8F80030059800F035FA002CB5
:1091A00008BF0446204606B0BDE8F0870028F3D08B
:1091B00039463046D8F756FAC8F80070ECE76FF039
:1091C0008604002EE5D0F3E76FF08904F9E7D8F7BD
:1091D00049BA08B50088DDE90221FFF7D4FC20B1C7
:1091E000BDE808401046D8F73DBA6FF0850008BDCD
:1091F0002DE9F04F1E46002389B01746129ACDE99B
:1092000005331360438881460D46002B00F0D8805B
:10921000038803F4E043B3F5804F00F0D18031467A
:109220002846FFF77DFF002800F0CA80494601204C
:1092300006AB05AAFFF780FE0446002840F08B80AD
:10924000059B5B6AA3B1DDF81490CA46D9F80430D7
:10925000D9F820B01B0A5AF8248F00F08180012B26
:1092600000F0A7806FF086040598FFF74CFD72E0D0
:10927000D9F804301A0A67D1B9F800A0B9F8021079
:109280005046FFF780FC80B15046FFF7BAFC044619
:10929000002860D10AF4E043B3F5805F02D0B3F553
:1092A000005F0FD10731CA081CE00AF44F43B3F541
:1092B000824F04D10AF4E043B3F5E04F07D06FF0DA
:1092C000850448E00AF44F43B3F5844FEAD047F2EF
:1092D00001039A450FD149080131C90801EBC101C9
:1092E00001F13B02079207990598FFF7B9FC044684
:1092F0000028A8D02FE044F201039A4503D1C90801
:1093000001F11002EEE747F202039A4505D1C908C0
:1093100001EB410101F15A02E4E744F202039A45EC
:1093200005D1C90801EB410101F14A02DAE72AF04F
:10933000FF00B0F5E24FB5D0B0F5824F01BFCC1DB4
:10934000E4086400621CCDE7484607A900F03FF836
:1093500004460028C7D0DDE90501FFF754FE24E0EC
:10936000B9F800305B040BD433463A4629464846E8
:10937000CDE9018ACDF800B0FFF72BFF044609E0E4
:10938000534642465946484602F0FAF910F1860F14
:109390000446E9D0002C7FF467AFDDE90501129A9D
:1093A000FFF718FE04460028D5D1204609B0BDE8D5
:1093B000F08F534642465946484602F0B3F8DDE77F
:1093C0006FF08604F1E71822002105F053BC10B5B8
:1093D00044680288240A438806D0012C56D0002312
:1093E0006FF086000B6022E002F4E040B0F5805F91
:1093F00002D0B0F5005F05D10733DB0840D16FF034
:10940000850014E002F44F40B0F5844F03D10733D8
:10941000DB0853B9F3E747F20100824208D15B0849
:109420000133DB0803EBC3033B3300200B6010BDAB
:1094300044F20100824202D1DB081033F5E747F223
:109440000200824204D1DB0803EB43035A33ECE70A
:1094500044F20200824204D1DB0803EB43034A33A7
:10946000E3E722F0FF02B2F5E24FD0D0B2F5824F2F
:10947000C5D10733DB085B000133012BD5D1BEE733
:1094800022F0FF02B2F5824FF7D0CEE702F4E044BB
:10949000B4F5805F03F1070002D0B4F5005F08D196
:1094A000C308002B4AD022F0FF04B4F5824F43D00A
:1094B0000EE002F44F44B4F5844FF1D047F20104BA
:1094C000A24215D15B080133DB0803EBC3033B3336
:1094D000033310F0180F23F0030301D1072805D13F
:1094E00022F0FF02B2F5824F08BF04332C339CE711
:1094F00044F20104A24202D1DB081033E8E747F24C
:109500000204A24204D1DB0803EB43035A33DFE732
:1095100044F20204A24204D1DB0803EB43034A33C2
:10952000D6E722F0FF03B3F5E24FB9D0B3F5824F8F
:1095300004D1C3085B000133012B05D122F0FF04E5
:10954000B4F5824F0B68C3D1013BC1E72DE9F34766
:1095500045680446DDE90A672D0A884691469A4621
:1095600006D0012D16D06FF0860002B0BDE8F0875E
:10957000CDE9006702F017F910F1860FF5D15346D7
:109580004A4641462046CDE90A6702B0BDE8F047A9
:10959000FFF77DBCCDE90A6702B0BDE8F04701F0F6
:1095A000C3BF037E022B06D1C3695A1C03D001330B
:1095B000C361002070476FF09600704703466FF05C
:1095C00040420846591E914207D338B103F1404347
:1095D00093428CBF00200120704701207047034652
:1095E00068B1017E8A1E012A0BD80329C26903D102
:1095F000012A01D1FFF792BB1AB1013ADA610020CA
:1096000070476FF096007047FFF7E9BF0020704782
:10961000C0B2FF280CBF6FF086000020704707B56E
:1096200000216A4601F0C4FD8C3018BF012003B050
:109630005DF804FB13B500216A46044601F0B8FD4D
:109640008C3002D1002002B010BD00212046DEF790
:109650008FFC014610B16FF09800F4E76A4620468F
:1096600001F0A6FD8C30EDD0F5E72DE9FF4107466E
:109670001446884600293FD0002A3DD0B2F5005F4D
:109680003DD202F124063146012002F08BFD054651
:10969000C0B303463A4621464046D8F763FC7F698B
:1096A00000243846FFF7BBFF01281FD021462B4678
:1096B000324638460094DEF799FB0146C8B9384671
:1096C00002AA01F075FD044620B9029B9E4205D016
:1096D0006FF0980438460021DEF74AFC31462846F0
:1096E000FFF747FA204604B0BDE8F0816FF08A0426
:1096F000F4E76FF09804F1E76FF08604F2E76FF09B
:109700008D04EFE76FF08C04ECE7FFF732BA2DE938
:10971000F047D0F814A086B08146884617465046D8
:10972000002104AA01F044FD044610BB049E012060
:10973000314602F037FD0546002837D02146504615
:1097400004AA039401F034FD044670B903AB024649
:109750002146CDE9005350463346DEF7B5FB039B67
:1097600004469E4209D06FF0980431462846FFF720
:1097700000FA204606B0BDE8F0870028F5D13B4648
:10978000424631462846CDF80090D8F709FC0446F9
:109790000028EAD1D8F800302BB13B68002B08BF75
:1097A0006FF09104E1E76FF09104DEE76FF08C0455
:1097B000DFE77047704770B5002506462C46052C3C
:1097C00016D8DFE804F0031E0B0D0F115B210820F3
:1097D0000134D8F79DFD112CF1D170BDD121F6E7F0
:1097E0008021F4E70021F2E76B1C2946DDB2EEE7A9
:1097F000A4F10E03012B06D9102C06D0B31F195D5E
:10980000E5E70C21E3E75A21E1E75D21DFE70123EA
:1098100007B520F07F4040EA8170019068460093D0
:10982000FFF7C9FF03B05DF804FB00230360704736
:1098300003680B6001607047036813B90B60016037
:1098400070471846F8E70346006818B102681A60C6
:10985000002303607047036803B970478B4204D14B
:109860000B68036000230B6070471846F3E7D8F7D6
:109870002FBCFEE700239A4200D1704710B550F884
:10988000234041F8234001339A42F8D110BD436888
:1098900003B1184722207047436903B11847FF20DE
:1098A000704737B50D680C46AB88ADF804302B789F
:1098B000022B0CD00DF1030101A800F07CF89DF8FB
:1098C0000330204683F001032B70E1F70DFA03B05B
:1098D00030BD03681878704713B50468A388ADF8E5
:1098E00004302378022B15D00DF1030101A800F0FC
:1098F00062F8A2799DF80330012A13D1618843EA06
:1099000041034FF6E07163F03F039BB28B4203D1FA
:109910002270638002B010BD4FF6DF729342F8D11F
:109920000022F5E7002AF5D183F001032370F1E767
:1099300003681A78022A03D100225A80D8F748BC5B
:10994000704710B504682378022B07D0A379022B47
:1099500002D16079D8F712FE0223237010BD4FF0B8
:1099600060420123D2F8001E83400B430020C2F85E
:10997000003E70474FF060410122D1F8003E824026
:1099800023EA02030020C1F8003E70477047F8B593
:109990000E461746044660B112F010FA05463A46E4
:1099A00031462046DDF736FB284612F002FA002049
:1099B000F8BD2220FCE738B50D46044698B191B1B8
:1099C00012F0FCF930222378534303F1A04303F54E
:1099D00070335B6C6278D34003F001032B7012F09C
:1099E000E8F9002038BD2220FCE7416C436910B53E
:1099F000DA1CA1F11404B2FBF4F203EBC200033051
:109A0000B0FBF4F0B1F5805F00F1010002D1012854
:109A100028BF0120013010BD38B505460C46FFF7C0
:109A2000E4FF6B6CA3F11402B3F5805F02FB00F05E
:109A300005D140F6E8736969994288BFCC30E31DCF
:109A4000B3FBF2F3013304EBC304204438BD38B553
:109A5000054644692146FFF7DFFF6A6CE31D143AAF
:109A6000B3FBF2F3013304EBC304204438BDF7B574
:109A700007460E4600257C6CA819644280EA06035E
:109A80001C4003D02C46204603B0F0BDFB6B0122E6
:109A90005B6901A99847019B0133F4D10435EAE7DA
:109AA00070B505460C46DAF79FF8EB6B2046BDE82B
:109AB0007040DB68184770B50025044686B0056223
:109AC000E369AB4202D8206A06B070BD666C2068BC
:109AD000E36B05225B6901A906FB0500984701A815
:109AE00000F076FC00F099FC10B1236A0133236288
:109AF0000135E5E738B50446456C006804F14003DC
:109B000005FB0101E06B00F095FC05462046FFF7E0
:109B1000D2FF284638BD2DE9F04700254FF0FF3829
:109B20004FF6FF730446C1462F4686B0C0E908537E
:109B3000E369BB420DD8A5EB0805012D06D94FF608
:109B4000FF7300256362E369AB4226D806B0BDE827
:109B5000F0872368E26B606C566900FB07300522D2
:109B600001A9B04701A800F033FC824601A800F02B
:109B700006FC0646504600F050FC60B1B14588BF77
:109B80006762B04528BFB046B54238BF3546B146DA
:109B9000236A013323620137CAE7666C2068E36BEE
:109BA000052206FB05005B6901A9984701A800F0A2
:109BB000E6FB0135C7E7F0B50546002687B0EC693E
:109BC000013CB44203D80C46204607B0F0BD01B1B9
:109BD0004C1E6F6C2868EB6B05225B6901A907FBC3
:109BE0000400984701A800F0F3FB00F016FC0028E1
:109BF000EAD121460136E2E7F0B504460D46466C4F
:109C0000E36B006887B005225B6901A906FB0500CC
:109C1000984701A800F0DCFB00F0FFFB20B101A891
:109C200000F0ADFB07B0F0BD29462046FFF7C3FFAB
:109C30000646676C2068E36B05225B6901A907FB98
:109C40000600984701A800F09AFB431CEAD0B542F1
:109C500038BF0130E6E72DE9F0434FF6FF79D0F841
:109C6000248004460E46C84514BF454600250027FB
:109C700087B0E369BB4202D807B0BDE8F083E26B6E
:109C80002368606CD2F814C000FB0530052201A9DE
:109C9000E04701A800F09CFB022806D0C8450CD183
:109CA000721C29462046FFF725FFE3690135B5FB05
:109CB000F3F2013703FB1255DBE729462046FFF795
:109CC0009BFFB0F1FF3F14BF024632460132E8E786
:109CD0000368F0B5CC1A436C0646B4FBF3F40025D8
:109CE00087B0F36937685A1E9542706C08D3706C60
:109CF000336800FB043007B0BDE8F04000F098BBCB
:109D00000134B4FBF3F203FB1244F36B05225B69ED
:109D100001A900FB0470984701A800F059FB00F06E
:109D20007CFB0028E3D10135DBE710B423F003040A
:109D300022449B070A44436C18BF04325B4281EA09
:109D40000204234203D05DF8044BFFF7C1BF104665
:109D50005DF8044B70472DE9F041D0E90A369E4288
:109D6000044686B028D11422C369456802FB135506
:109D7000284606B0BDE8F0812068676C331AB3FB53
:109D8000F7F3E26B07FB0300D2F8148001A9052268
:109D9000C04701A800F01CFB012804D0636C1D44DF
:109DA000013B3340ED1A31462046FFF791FF06464E
:109DB000A36AB342E0D1DBE70025F9E708B5083034
:109DC0001346D1E90012D9F795FE012008BD13B55D
:109DD0000C46002121760093616813462246D8F78D
:109DE00043FC18B1E37D03B1A07EA075A07D02B055
:109DF00010BD73B5164600F108050C4628460968E3
:109E00000DF1070200F098F9032E06D16368834232
:109E100003D12846216800F076F9012002B070BD18
:109E2000D01E009B42424241187E824211D11A68E4
:109E30008A420ED85A688A420BD35A6901325A6153
:109E4000D3E9030282423FBF986840F822100132F2
:109E50001A610120704710B5032A029C07D1A26A3B
:109E60005340626C5242134201D100F04CF9012080
:109E700010BD08B5C36800209847BDE80840D9F771
:109E8000BBBE012814BF0420022070B50024424349
:109E90001C70CC7D101D02F002024CB91AB10122D7
:109EA00020F003001A7000F108034868184470BDE0
:109EB0001AB1012220F003001A7000230C7E01F178
:109EC0002005DAB2944201D80020F0E735F83320BB
:109ED0005E1C824206D901EBC30300F10802D86977
:109EE0001044E4E73346801AEBE773B5054690F873
:109EF00042601C4630460DF10303FFF7C2FFEB6BD7
:109F0000012E5B690DD1324601A998479DF80330B7
:109F100013B1BDF806300193BDF80430236002B0E0
:109F200070BD0122214602B0BDE870401847F0B56F
:109F3000054600244868EB6B87B00E4601225B693A
:109F4000029402A908309847274695F84230012B21
:109F500040F0AC80632C00F2AB80612C08D805ABDC
:109F6000224631462846FFF7C0FF9DF814305BB308
:109F7000224605AB314628468DF81070FFF7B5FF35
:109F800095F84220059B012A7FD14FF6FF7293423C
:109F900056D0082205A904A800F066FA059B9DF892
:109FA0001010C3F3072291424AD1DBB2029A1A443D
:109FB000029245E0DCD005AB224631462846FFF749
:109FC00094FFBDF81430D2E795F84230012B39D117
:109FD000612C2ED822463146284603ABFFF785FF79
:109FE0003146284604AB621CFFF77FFF3146284606
:109FF00005ABA21CFFF779FF102208230DEB02012D
:10A000000DF107008DF8073000F02EFA102205A997
:10A010000DF1070000F028FA039BDAB24AB99DF867
:10A020000720B2EB132F04D1DDE9043203EB024326
:10A03000029395F84230012B14BF012302231C44E4
:10A04000013482E7302CF4D822463146284603AB4F
:10A05000FFF74BFF3146284604AB621CFFF745FF74
:10A06000102320220DEB03010DF107008DF80730BE
:10A0700000F0FAF9039B9AB2002ADAD19DF8072082
:10A08000B2EB134FD5D1049BD2E70133D8D01022C5
:10A0900005A90DEB020000F0E7F9059B9DF81010F3
:10A0A000C3F307429142CBD19BB27FE7312C81D9D8
:10A0B000029807B0F0BD13B500240194049C0094ED
:10A0C000D8F77CFF02B010BD13B501240194049CA5
:10A0D0000094D8F773FF02B010BD00234FF0FF3299
:10A0E00030B544689C4202D10023037230BD016840
:10A0F00001EBC30541F833206A600133F2E7C0E9A0
:10A100000012FFF7EABF002370B545689D4210D0EA
:10A11000046854F8332004EBC306B2F1FF3F09D0C2
:10A12000C2F31302914205D14FF0FF3244F83320BD
:10A13000726070BD0133E9E70023F0B545689D42C8
:10A1400002D14FF0FF300EE00468DE0054F83340D7
:10A15000671C09D0C4F31307B94205D1240D14704C
:10A16000036833445868F0BD0133E8E7704770B5C1
:10A170009400224605460E4612F07EFA431C0AD091
:10A1800058B922463146284604F04BFD002814BF3A
:10A190003D20002070BD6E20FCE77120FAE713B56A
:10A1A000044601A8DCF7AAFDBDF8063023804FF471
:10A1B00080736380DCF7BEFD6060002002B010BDDC
:10A1C000DCF72ABD08B5DCF717FD002008BD10B587
:10A1D000044644EA010313F00303084609D19342FD
:10A1E00001D1002010BD54F8231040F82310013392
:10A1F000F5E72146920004F069FDF2E710B5044648
:10A2000012F03EFA431C10D088B9DCF793FD2346C8
:10A2100020F003002044984201D1002010BD53F8E3
:10A22000042B0132F7D03E20F8E76E20F6E77120CC
:10A23000F4E70A4601390144DFF7DEBF13B5002316
:10A24000044601461B220DF107008DF8073000F08F
:10A250000BF922689DF80730B3EBD26F0CBF0120D9
:10A26000002002B010BD13B5002304460146202291
:10A270000DF107008DF8073000F0F6F80DF107003A
:10A280001A22211D00F0F0F862689DF80730B3EB48
:10A29000926F0CBF0120002002B010BD0068431C6B
:10A2A000584258417047006810F07E0F0CBFC0F351
:10A2B000C160002070470068C0F3D3107047006889
:10A2C00000F07E00B0FA80F040097047036813F098
:10A2D0007E0F14BF042008207047036813F07E0F20
:10A2E00003D1406820F07C40704713F078001CBF19
:10A2F00003F07F03D81F7047006800F07F007047AD
:10A30000032809D0022803D1C1F10201C8B2704765
:10A3100000290CBF07200020704737B5054601F122
:10A320000C0443696946012220469847BDF8003075
:10A33000012201932046AB6901A9984703B030BDC3
:10A3400037B501F10C0443690122694605462046F0
:10A3500098474FF6FF72009B99B291420DD16FF36F
:10A360000F0343F4254343F0A50301930122204644
:10A37000AB6901A9984703B030BD0020FBE737B5B2
:10A38000044600251B22011D0DF107008DF8075022
:10A3900000F06AF860689DF80720B2EBD06F03D137
:10A3A00020F0784003B030BD0DF107001B2204F10E
:10A3B00008018DF8075000F057F8A0689DF80730A5
:10A3C000B3EBD06F01D1C043EAE74FF0FF30E9E7CC
:10A3D0004BF29A22036810B5B2EB134F044613D127
:10A3E0009BB2012B13D1FFF7CAFF01300CD04FF6FF
:10A3F000FF72E068B2EB104F4FEA104309D180B210
:10A40000C01A18BF012010BD2368013303D00420F7
:10A41000F9E70220F7E70320F5E701288CBF0020C9
:10A4200001207047033801288CBF002001207047AD
:10A43000143070472DE9F0410546984603690846F7
:10A440000E4617469847044638B943463A463146C1
:10A450002846D9F741FC044618B131462846FFF793
:10A460005CFF2046BDE8F0811F2A0B689EBF4FF0BD
:10A47000FF3191408B43590801F055315B1A03F0CD
:10A4800033319B0803F033330B44017803EB131390
:10A490000A444FF0013103F00F334B43A2EB136238
:10A4A0000270704770B5054611F088FCD5F8804001
:10A4B0000646013CC5F880404CB911F076FC0546D3
:10A4C0002146012010F02CFE284611F069FC304690
:10A4D000BDE8704011F06DBC70B50C461D46DBB98F
:10A4E00011F06CFC237F0646012B256784F874501D
:10A4F000A56603D104F1880011F0D8F9E36D1BB112
:10A500002046626E216F9847304611F052FC20467B
:10A51000BDE87040FFF7C6BF70BDF0B50446857A50
:10A5200090F808E0477AC27A90F80CC0467BE37B4B
:10A53000807B85B08DF8085084F86C200D4684F837
:10A540006D308DF800E08DF801C08DF804708DF845
:10A5500005608DF809008DF80C208DF80D3000296C
:10A5600037D0257FDDB92A4604216846FFF70FFA68
:10A570002A46012101A8FFF70AFAA37F0421012B33
:10A5800094BF2A46012202A8FFF701FAE37F23B90C
:10A590000122042103A8FFF7FAF905B0F0BD00225B
:10A5A00001216846FFF7F3F9042100220DEB0100B9
:10A5B000FFF7EDF9A37F0221012B94BF00220122B6
:10A5C00002A8FFF7E4F9E37F002BE6D10122022184
:10A5D000E0E70A4668460221FFF7D9F92A46022138
:10A5E00001A8FFF7D4F9A37F0221012B94BF2A46CB
:10A5F000012202A8FFF7CBF9E27F002ACDD1114654
:10A60000C8E770B5054614460E4611F0CEFB2B6820
:10A610005C4034405C402C60BDE8704011F0C0BB31
:10A6200008B510F043F9BDE808400021DAF7CEB9CB
:10A630000029CCBF01210021DAF7C8B902214FF46B
:10A640002070DAF7FFBD704770477047704770475A
:10A65000436D0B42FCD1704708B54368DA0714D547
:10A660008368DB0702D50369D90707D50A23502180
:10A670008363FFF7EDFF836C9A07FCD1012200F59D
:10A6800000535A6043689B07FCD408BD38B50A469E
:10A69000044619B9BDE83840FFF7DEBF012100F5D7
:10A6A0008053596002F00F0540F6FF71FFF7D0FFAD
:10A6B00078218563FFF7CCFF02F00103520748BF02
:10A6C00043F00203A26C02F003029A42FAD138BDB1
:10A6D000836C5B06FCD541647047836C5A06FCD5DD
:10A6E0004164836C1B06FCD5C06B80B270470023AD
:10A6F0001A46DBF72BBCFFF7FABF70B505461446C8
:10A700000E4611F052FB2B685C4034405C402C60DC
:10A71000BDE8704011F044BB022A10B54FF00004B0
:10A7200005D9033A022A0CD90360047110BD11F453
:10A73000000218BF4FF07F4221F07F4313430C0EFD
:10A74000F2E721F0FF03CCB2EEE730B4012500F5CB
:10A75000805344685D60CB784D785B0443EA052301
:10A760000D7889782B43090401F480310B43C0F83C
:10A770009830E30702D430BCDBF770BE30BC7047C2
:10A7800038B50C4605461146DBF768FE237862783B
:10A7900003F0070343EAC203E278284643EA0223B0
:10A7A000A278120102F0700213432B67EB6AA279C0
:10A7B00023F48B3323F4807343EA02432279120299
:10A7C00002F4E06213436279120302F480521343ED
:10A7D000EB62FFF7BAFF012305F580525360E2797F
:10A7E00002B1EB6038BD08B50A6F496F02F007028D
:10A7F000FFF792FF08BD036C0B42FCD1704719B103
:10A80000012903D000207047C0697047006A704773
:10A8100008B50121FFF7EFFF806908BD10B50C46B0
:10A820000121FFF7E8FF846110BD10B50C466021DF
:10A830000246FFF7E0FF14B10123136110BD0223AC
:10A84000FBE70A46012138B5157800F58053044628
:10A8500059603DB94369D90704D54021FFF7CBFFC3
:10A860000223036153789078D1681B0320B939B172
:10A8700043F40073616203E043F400730029F9D1EB
:10A88000D17843EA0123117909B143F040035179AA
:10A8900009B143F08003D17990790901127A41EA34
:10A8A00080010A431343E36045B16369DB0705D4C4
:10A8B00020212046FFF79FFF0123236138BD0A4373
:10A8C00092B20021DCF7FCB93AB122F0030202F1A6
:10A8D000A04202F5603209B9106070470002FBE740
:10A8E00038B50546144621B94FF42070DAF7B0F8B0
:10A8F000014601396400B1FBF4F10902E96138BD98
:10A9000038B50D46DCF742FA012200F580535A6053
:10A910002B8A826843F001031343AA7B044643EA6F
:10A920008223836083682A7D43EA42738360AB7C21
:10A9300013B1E97CDCF708FAD5E901122B7B20463C
:10A9400043F48053E360FFF7CBFF6B7B0BB1102325
:10A9500063616B7D1BB1A36843F48033A360AB7D5F
:10A960001BB1A36843F40043A360EB7D2A7E1B0761
:10A97000120503F0E04302F4E0021343A3652B78D1
:10A98000636138BD4368DB0702D5436D0B42F9D1E3
:10A99000704708B540F6FF71FFF7F4FF012300F59B
:10A9A0008052536008BD4368012B04BF00F500507E
:10A9B0004360704743689B07FCD4704708B540F676
:10A9C000FF71FFF7DFFF012300F58052936308BD9D
:10A9D00008B540F6FF71FFF7D5FF022300F580525E
:10A9E000936308BD08B540F6FF71FFF7CBFF042362
:10A9F00000F58052936308BD08B540F6FF71FFF77C
:10AA0000C1FF082300F58052936308BD836C836CFB
:10AA10001B0600D47047C36BF9E74FF48072836C58
:10AA200000F580539A63836C9B01FCD47047836C60
:10AA30005A06FCD54164836C1B06FCD5C06B80B202
:10AA40007047B0FBF1F00138704770B50546144609
:10AA50000E4611F0AAF92B685C4034405C402C6033
:10AA6000BDE8704011F09CB930B50022044600F0FA
:10AA7000FC05A31803F00303581921FA00F3DB07C0
:10AA800004D50132042AF4D14FF0FF3030BD0378F1
:10AA90002BB94078053818BF4FF0FF307047012BB5
:10AAA00009D14378012B19D0032B08BF042018BF0C
:10AAB0004FF0FF307047022B07D1437883B1052B4D
:10AAC00010D0072B08BF0820F1E7032B0CD14378E7
:10AAD000022B0CD0052B08BF0A20E8E703207047A3
:10AAE00006207047072070474FF0FF30704709205D
:10AAF00070470B781B0683604A788B7843EA0243E1
:10AB00008361FF2383620023836303644FF0FF3379
:10AB100000F50050036570472DE9F0410E4601270E
:10AB20001446054698468F4011F048F9B300226854
:10AB300003F1A04303F588235A60302202FB065636
:10AB4000637B3366E27AA37A120542EA0342237BEF
:10AB500042EA435228F00303F26533672279A3796E
:10AB600043EA024305F5005293616379E27942EAD0
:10AB7000034205F580539A61227A02B11F64627A1A
:10AB800002B19F6305F5005534352F60BDE8F041F3
:10AB900011F00FB9012303FA01F1BFF35F8F00F544
:10ABA000005300F580505963816470473AB122F038
:10ABB000030202F1A04202F5603209B91060704749
:10ABC0000002FBE770470020704708B111F0F6B9AA
:10ABD0002120704710B508B9212010BD0029FBD0F5
:10ABE000036813F0704205D1C3F30E030B60B3B1D9
:10ABF0000020F2E703F05044B4F1004F05D0B2F169
:10AC0000304F02D0B2F1404FE6D18268D20404D571
:10AC1000C369002BE0D01B68E8E7DBB2E6E74368D6
:10AC2000002BD9D00B60E3E737B50C46054610B9C9
:10AC3000212003B030BD0029FAD0002301A90193DF
:10AC4000FFF7C8FF0028F3D1296811F0704102D145
:10AC5000019B2360EDE7AA68B1F1204FC2F3803376
:10AC6000C2F34035C2F3003217D00ED8B1F1004F15
:10AC7000DED152B2002A18BF062203EB450308BFFB
:10AC800000221344019A5343E3E7B1F1304F02D05D
:10AC9000B1F1404FCCD12B44F4E752B2002A18BF97
:10ACA00005222B44EBE72DE9F7430D4690461F465E
:10ACB0000646E8B1E1B10468D1F800904C451BD0DC
:10ACC00004F03043B3F1004F12D184EA0903B3F129
:10ACD000805F3CD2002301A90193FFF77BFF38B9C5
:10ACE000019AC2F30E02144349EA02039C422ED099
:10ACF000212003B0BDE8F08314F0704427D4B4F1F0
:10AD0000805F29D00023694630460093FFF762FF39
:10AD10000028EDD1019001A92846FFF75BFF00282C
:10AD2000E6D1DDE900239A42E3D0E1E70023B8F160
:10AD3000000F06D043F48053B268A9684A401A4213
:10AD4000D6D1002FDED0AB689B04DBD4D0E7002F38
:10AD5000ECD14FF4C043EAE7002BF4D1B8F1000F77
:10AD6000D0D04FF4C043E7E7F7B50C4605460028BE
:10AD700000F0BF80002900F0BC8000230B60036856
:10AD800003F070430B60C268032A00F2B280012A0C
:10AD90006AD812B143F000632360AA68900166D4B8
:10ADA00002F08072EB6813B9002A40F0A280236899
:10ADB00023F0407313432360EA68022A08D12A690A
:10ADC000032A00F2968023F47F0343EA02432360C0
:10ADD000EB68032B04D12B69F62B40F28A80A37019
:10ADE000AB68190442BF236843F400432360EB6857
:10ADF000032B1FBF23682A6862F30E0323602A68AF
:10AE0000AB6802F07042B2F1805F03F4805703F444
:10AE1000806634D213F4F84F6BD10023284601A981
:10AE20000193FFF7D7FE002863D12B6813F0704120
:10AE30004ED12368019A62F30E03236097B1EA6949
:10AE4000002A56D0B1F1004F55D1117F19B116B17A
:10AE500043F400732360537F23B11EB1236843F48E
:10AE60008073236003B0F0BD43F0806394E702F089
:10AE70004072B2F1407F18BF4FF0007292E75A045F
:10AE800003F400511DD4002933D0226842F400524B
:10AE900022601B0542BF236843F4006323601FB197
:10AEA000236843F4805323602B6803F07043B3F1AD
:10AEB000404FB2D0002EB0D0236843F480632360AB
:10AEC000ABE7226842F4804222600029E1D0DCE74F
:10AED00003F05043B3F1004F05D0B1F1304F02D031
:10AEE000B1F1404F05D1019B5A1E236862F307035D
:10AEF000A3E72120B6E70F20B4E773B50C4605465B
:10AF000008B921201BE00029FBD00123C6684B6053
:10AF10009E4218D8002301A90193FFF785FE00285F
:10AF2000EFD1019B06B11C336A699A4209D32A69A1
:10AF3000002AE6D0226043F000530020A36002B054
:10AF400070BD1D20FBE7023E012EDAD80023F4E796
:10AF50002DE9F0410D46044698B018B9212018B0EB
:10AF6000BDE8F0810029F9D04FF0007303600023A1
:10AF700015A94360036283602846FFF7F5FE0028A9
:10AF8000EDD12046159911F023F8AB68DB043CD5D0
:10AF90002B68002B50DA4FF00108EE6969463768DC
:10AFA00073682046CDF804800093029700F0E0F823
:10AFB000B368204603A9CDF810800393059700F0ED
:10AFC000D7F8F368204606A9CDF81C8006930897A9
:10AFD00000F0CEF83369204609A9CDF828800993FE
:10AFE0000B9700F0C5F8736920460CA9CDF83480A2
:10AFF0000C930E9700F0BCF8B36920460FA9CDF86A
:10B0000040800F93119700F0B3F8284612A9DCF79F
:10B01000F1FC0028A2D1204600F0AAF8284615A984
:10B02000FFF76BFF00289AD1204615A910F0F6FF14
:10B0300020460FF01DFD92E70F2090E770B50E46F9
:10B04000154604468AB010B921200AB070BD002907
:10B05000FAD0002AF8D00023012229463046FFF713
:10B0600022FE0028F0D1F368002BEDD1EA68013A06
:10B07000012AE9D84FF08072636028462260A360FD
:10B08000236207A9FFF770FE0028DED1204607994A
:10B0900010F09EFF304601A9FFF72FFF0028D4D102
:10B0A000204601A900F064F8284604A9DCF7A2FCB8
:10B0B0000028C9D1204600F05BF8284607A9FFF711
:10B0C0001CFF0028C1D1204607A910F0A7FF204689
:10B0D0000FF0CEFCB9E770B50D46164604468AB0AF
:10B0E00010B921200AB070BD0029FAD0002AF8D08A
:10B0F0000023012231462846FFF7D5FD0028F0D174
:10B10000F368002BEDD1EA68013A012AE9D84FF043
:10B110008172636028462260A360236207A9FFF75B
:10B1200023FE0028DED12046079910F051FF284663
:10B1300001A9DCF75FFC0028D3D1204600F018F805
:10B14000284604A9FFF7D9FE0028CBD1204604A940
:10B1500000F00EF8304607A9FFF7CFFE0028C1D156
:10B16000204607A910F05AFF20460FF081FCB9E7EE
:10B17000436882B013B9416002B0704743680193DD
:10B18000019B5B68012B019B01D15960F4E75B686F
:10B19000F5E7FFF718BD012070470020704738B56C
:10B1A00005460C4619B10A46002103F063FD38BD7F
:10B1B00070B506460D4614468CB0CAB11022002167
:10B1C00008A803F057FD002207AB029305AB0193DB
:10B1D00006AB00933046294608ABCDE90522DCF7E3
:10B1E000E5FC18B9099B6360059B23600CB070BD3A
:10B1F0006FF08600FAE708B5FFF7E5FC002814BFFA
:10B200006FF09200002008BDFFF7F5BFF0B51C46B7
:10B2100000238BB023600F461646FFF7D4FC70B9AD
:10B22000684610F0CBFE054648B9324639466846B6
:10B23000DCF7C4FA10B926600BB0F0BD25606FF0E2
:10B240009200F9E720F0FF03B3F5824F06D14138B1
:10B25000C0B2012894BF0020012070470020704731
:10B2600010B50024436814601B0A04D0012B09D0D8
:10B270006FF0850010BD0088FFF7E4FF0844106000
:10B280000020F7E72C311160FAE738B50A460C4682
:10B290000021054603F0EEFC38BD406810B5000AF9
:10B2A000029C04D0012808D06FF08B0010BD93429F
:10B2B0000CD8C4E904120020F8E703F12C009042F6
:10B2C00004D810311C3321616361F4E76FF08C0006
:10B2D000ECE7F0B50B46C168044601298DB002D0F9
:10B2E00000200DB0F0BD2B2A02D86FF08900F8E7DE
:10B2F00013F003071A460DD001AD03F1280C2E46BA
:10B3000010685168083203C662453546F7D11068A7
:10B3100001AA306001211180002151802168516013
:10B3200061689160A168D160002FD9D001AA0BADEE
:10B33000144603CCAC4218605960224603F108035E
:10B34000F6D120682C21186001A8FFF79EFFC7E7FF
:10B350002DE9F0470F4690469A46054694B090B1C5
:10B3600089B182B14288D31D072B4FEAD3095CD043
:10B37000038803F4E043B3F5805F02D0B3F5005FC8
:10B3800004D1530705D06FF0860424E0B3F5804F55
:10B390004BD002AE20220021304603F06BFC324637
:10B3A00049462846DDF70EF80446A0B94B4642460A
:10B3B000394628460096FFF770FF044658B9282200
:10B3C00001460DEB020003F055FC0AA810F0F6FD53
:10B3D00028B16FF09204204614B0BDE8F0873146E2
:10B3E0000AA8FFF7B5FD58B1482814BF6FF09204C2
:10B3F0006FF085040AA8FFF7E8FB0028EBD0E8E728
:10B400006B681B0A012B06D0524649462846FFF7B7
:10B4100027FF0446EEE7424639463046FFF759FF1C
:10B420000028F1D06FF08904E4E76FF08504D2E7DB
:10B430002DE9F0439DB00D46DDE9248916461F46EF
:10B440000446002868D0002966D0002A64D0002B6A
:10B4500062D0B8F1000F5FD0B9F1000F5CD02022AC
:10B46000002102A803F006FC20463246294602AB22
:10B47000DDF716F80446F8B90AAD02AE0FCE0FC5D7
:10B4800096E80F0085E80F000C9A7B1C22F0807272
:10B490000E9322F4804208F1020323F0030342F4E6
:10B4A000005201A90AA80D940F930C920194FFF782
:10B4B000BBFB28B16FF0920420461DB0BDE8F083BD
:10B4C000019B01334345019329D82822214612A824
:10B4D00003F0D0FB12A810F071FD0028EAD10AAAEF
:10B4E00002A912A8DCF7A0FA012812D058B1482806
:10B4F00014BF6FF092046FF0850412A8FFF765FB8C
:10B500000028D9D0D6E704233B70019BC9F800304E
:10B51000F3E76FF08B04F0E76FF08604CCE76FF091
:10B520008904C9E7FFF714BFFFF782BF2DE9F04F89
:10B530009FB01546DDE928AB0F46994606462A9A84
:10B54000002800F09C80002B00F09980BAF1000FD9
:10B5500000F09580002900F09280002D00F08F808F
:10B56000BBF1000F00F08B80002A00F088800023E0
:10B57000B0F80080CBF8003008F44F41EB00B1F593
:10B58000824F13605ED15FFA88F112290DD128F045
:10B59000FF01B1F5824F02BF083B5B081360B3F5B2
:10B5A000047F04BF40F20923136000232A4603935B
:10B5B0003946304603ABDCF759FE044600283DD13E
:10B5C000039C40460734E408FFF73CFE08B1013D08
:10B5D00001370DF11008202200214046039403F0AA
:10B5E00049FB214642463046DCF7ECFE044628BBC8
:10B5F000C6460DF1300CBEE80F00ACE80F009EE827
:10B600000F008CE80F00EB1C214623F003032822D7
:10B6100014A8CDE90F47119303F02CFB2B4652469B
:10B6200049463046CDF80080FFF737FE044628B97A
:10B6300014A810F0C3FC38B16FF0920420461FB07C
:10B64000BDE8F08F2C46C4E742460CA914A8FFF7CA
:10B65000F5FC88B9524649464046FFF73AFE88B99C
:10B660005A4629463046FFF7FBFD044614A8FFF76B
:10B67000ACFA0028E2D0DFE76FF09204F6E76FF053
:10B680008604DBE76FF08904D8E72DE9F0479CB02A
:10B690000C46DDE9249A15461F468046002866D0F0
:10B6A000002964D0002A62D0002B60D0B9F1000FCD
:10B6B0005DD0BAF1000F5AD08368DB075AD520223B
:10B6C000002102A803F0D6FA21462A46404602ABE2
:10B6D000DCF7E6FE044638BB0AAD02AE0FCE0FC55E
:10B6E00096E80F0085E80F0001A90AA8B8F80050F5
:10B6F0000194FFF799FA01462846FFF7A3FD0128B8
:10B7000004BF042307F8013B4FF0000308BF09F111
:10B71000FF39CDE90D3709F1030323F00303054693
:10B720000F9329B16FF0920420461CB0BDE8F0875A
:10B73000019B4B4521D8282212A803F09BFA12A89E
:10B7400010F03CFC0028EDD10AAA02A912A8FFF7CC
:10B75000C2FC48B9019B2B44CAF8003012A8FFF77D
:10B7600034FA0028E0D0DDE76FF09204F6E76FF0DE
:10B770008604D9E76FF08404D6E76FF08904D3E735
:10B7800010B4048804F4E044B4F5805F06D0B4F546
:10B79000005F03D05DF8044BFFF7DABD6FF0850062
:10B7A0005DF8044B704770B40488DDE9035604F477
:10B7B000E044B4F5804F04D0CDE9035670BCFFF7E8
:10B7C00037BE6FF0850070BC7047F8B51E46038821
:10B7D0000F4603F44F43B3F5824F154610D1089B33
:10B7E000DCF744FD044648B9069B9D420BD82A4627
:10B7F0003946304603F06AFA079B1D602046F8BDC3
:10B800006FF08504FAE76FF08904F7E7DCF70ABC0C
:10B81000F0B5044617461E460D468DB0D1B1C8B1ED
:10B820002022002104A803F025FA3A4629462046A2
:10B8300004ABDCF735FE58B9169B31460293159BD5
:10B8400004A80193149B0093DDE91223DCF73CFF6D
:10B850000DB0F0BD6FF08600FAE7DDF75FB810B409
:10B8600013460C46014640B104B932B9224601F1F3
:10B8700060005DF8044BDCF7B3BF6FF086005DF845
:10B88000044B704713B50C46014650B14CB142B160
:10B890003BB10093603013462246DCF7DDFF02B077
:10B8A00010BD6FF08600FAE738B5044630B1982530
:10B8B00000212A4603F0DEF9002038BD6FF0860033
:10B8C000FBE7DCF731BCDCF7ADBBF0B50446154651
:10B8D0001F460E468DB019B96FF086000DB0F0BD51
:10B8E0000028F9D02022002104A803F0C3F92388FE
:10B8F000CDE90865B3F5105FEED16388C02B16D093
:10B90000B3F5807F15D0802B15D110208542CDE96D
:10B910000400E1D3169B39460293159B04A80193BA
:10B92000149B0093DDE91223DCF7CEFED6E7182046
:10B93000ECE72020EAE76FF08500CFE7F8B50E4688
:10B9400014461D46074600283DD0E1B302B9D3BBDB
:10B950005C220021384603F08DF931463846069ABC
:10B96000DCF71AFFA0B97288D208182ABA6510D07D
:10B97000202A1BD0102A26D10F2D24D907F13803F5
:10B9800004F1100254F8041B944243F8041BF9D14B
:10B99000F8BD172D17D907F1380304F1180254F830
:10B9A000041B944243F8041BF9D1F1E71F2D0AD977
:10B9B00007F1380304F1200254F8041B944243F8C1
:10B9C000041BF9D1E4E76FF08600E1E7FFF7B6BFAB
:10B9D00038B5044630B15C2500212A4603F04AF907
:10B9E000002038BD6FF08600FBE7DCF79DBB08B593
:10B9F00010F08EFB002008BD00F005B809B1DDF79E
:10BA00003BB82220704700207047DDF783B8DDF790
:10BA1000B5BBDDF7EFBB40B2DDF71EBC70B50C4621
:10BA2000154610B9DDF790FC38B143682BB12A46B2
:10BA30002146BDE8704000681847232070BDF7B567
:10BA40000D4616461C4638B9DDF77EFC04B901AC3C
:10BA500020B9232003B0F0BD03B901ACC768002FA3
:10BA6000F7D02346324629460068B847F2E7F8B5D2
:10BA70000E461746054690B9DDF766FC04460546B6
:10BA800030463946E4F712FAAC42064602D0204668
:10BA9000DDF74EFC002ED4BF37200020F8BDDDF7C7
:10BAA00053FC85420446EBD02846DDF741FCE7E72E
:10BAB0000EB403B503AA52F8041B0192FFF7D7FF97
:10BAC00002B05DF804EB03B07047D0F8A4301B68F7
:10BAD0009A6C120643BFDB6B00200B701B20704773
:10BAE000D0F8A43001221B6819B103F580531A6500
:10BAF000704703F500531A65DA64704708B5D0F84B
:10BB0000A4301868FEF7E4FD002008BD0068D0F8F6
:10BB1000A4301B68DA6CD20708D5012103F5005266
:10BB2000D1649B6C9B0601D500F0B4B9704700202E
:10BB30007047FEE74FF4005300204B607047012030
:10BB40007047012070474FF0FF307047002070476A
:10BB500007B5002001AB0190FFF771FF01980028A5
:10BB600008BF4FF0FF3003B05DF804FB10B514467A
:10BB70000020FFF753FF204610BD80F89910704752
:10BB800090F89900704790F89600704710B50446F9
:10BB9000DDF72EFF38B1236DD4E91202024493423F
:10BBA00018BF184610BD3022237D534303F1A04334
:10BBB00003F58023DB6EEFE792F8543037B5144677
:10BBC00033B1936D0BB1D06D9847002384F8543096
:10BBD00094F89A301BB32046DDF70AFFF8B1236EC4
:10BBE000132120465B6898471025236E20461B686A
:10BBF0000DF10701984778B99DF8073003F0FD0271
:10BC0000112A05D1A3F111025342534184F8A03007
:10BC1000013D15F0FF05E8D12046DDF74BFF002080
:10BC200084F8540003B030BD90F8943070B50546E8
:10BC30000C46C3B10B69B3F5006F16D810F0BEF80F
:10BC400095F88C30064665614BB1214605F19000B0
:10BC5000FDF7F2FD304610F0ACF8002070BD204634
:10BC6000DDF7B6FFF6E70E20F8E72120F6E7002320
:10BC7000506910B5903000F8043C1446FDF7E3FD20
:10BC800008B1DDF7A5FF63681BB100212046A2685B
:10BC90009847002010BD2DE9F04790F89490044695
:10BCA0000D461646B9F1000F40F0828090F8998059
:10BCB00010F084F894F89530074633B194F8983032
:10BCC0001BB184F8959010F00EFB384610F071F817
:10BCD0002E44B54205D1236E012120469B6898472A
:10BCE00050E094F89A30002B3DD0207DDDF79CFC8D
:10BCF0002046DDF79BFE0746207DDDF7B1FC97BBB4
:10BD000010F05CF80746207DDDF78EFC2046FFF73B
:10BD10003DFFA26C00F1FF39914538BFE36C94F808
:10BD200054A038BF03F1FF33207D38BF02EB030975
:10BD3000DDF796FCBAF1000F12D14B46D4F89C10F7
:10BD400099420BD013F80129112A01D0132A1CD1D2
:10BD5000A2F111035A425A4184F8A020C4F89C90E1
:10BD6000384610F026F894F8A030002BB9D0B8F17E
:10BD7000000F12D1236E20465B6815F8011B98470F
:10BD80000028A6D00020BDE8F087A26C9A4282BFAE
:10BD9000E36C03F1FF339B18D2E72B780A2BE9D130
:10BDA000236E0D2120465B6898470028E2D0E9E722
:10BDB0000E20E8E7F8B504460D460FF0FFFF94F8B3
:10BDC000963006466DB13BB994F8983023B110F027
:10BDD0008AFA012384F896303046BDE8F8400FF027
:10BDE000E8BF002BF8D00FF0E0FF074629460120FE
:10BDF0000FF096F938460FF0D3FF84F89650EBE732
:10BE000038B548B1002405680FF0D8FFC5E91644DD
:10BE10000FF0CFFF204638BD2220FCE770B5046844
:10BE2000054694F8946086BBFFF7EAFFDDF78CFACD
:10BE3000854202D13046DDF77BFA236E93F910007C
:10BE4000DDF768FA236E93F91000DDF735FA236EFB
:10BE500093F91100DDF75EFA236E93F91100DDF717
:10BE60002BFA207D0FF064F8207DDDF7B9FADDF7BD
:10BE70009DFA0023C5E90033C5E90533EB60236E65
:10BE80002046BDE87040DB6818470F2070BD006891
:10BE9000DDF710BE2DE9F04104460FF08FFF94F856
:10BEA0009530054603F0FF08A3B90127236E4146EC
:10BEB0009B682046984784F895700FF076FF0646F9
:10BEC000414638460FF02CF930460FF069FF022347
:10BED00084F8A1302846BDE8F0410FF06ABF0E207B
:10BEE00070470E207047704770477047F8B50C4692
:10BEF0008D18073552421540A5F108070646384609
:10BF000000F0BBFAA0883B1B618800EBE30080B225
:10BF1000A1EBE30125F8040C25F8061CA188DA1032
:10BF2000D1B1A4EBC101B1F802C0C88002EB0C0092
:10BF30004880E188B9B18A1A92B204EBC10125F8B0
:10BF4000022C8A80A2888AB9B2681344F268B3606E
:10BF5000934288BFF3600EE015F8081C41F002011F
:10BF600005F8081CE5E725F8021CEBE7A4EBC20482
:10BF70002278D207E8D43846F8BD2DE9F04F1746AD
:10BF80004FF0000887B07A1C109A054614BF3C4653
:10BF90000824CDF81480002A00F0CA80C2F800807E
:10BFA000002900F0C78042688A4240F2C38007310E
:10BFB00003F0010A21F007060FF000FF05AACDE902
:10BFC000008281463A4653463146284600F059FAE7
:10BFD000059F834607B130B948460FF0EAFE1920A5
:10BFE00007B0BDE8F08FB7F8028029694FEAC802B0
:10BFF000C0EBC8080139B8F1270F29617DD9BAF122
:10C00000000F54D1864206F108084BD0224639462B
:10C010002846FFF76BFF04460590A044404600F019
:10C020002CFA059906F10F004A88C308A2EBD0024A
:10C03000A8F80220CA88A8F80430002A34D0D31AFD
:10C040009BB201EBC202A8F8063093808B88F608F9
:10C05000A380B8F804303A46E380414600232846DE
:10C06000668000F075FAAB68EA6808339342AB600B
:10C0700088BFEB60237843F0010323702B69013301
:10C080002B616288AB68083403EBC203EA68AB60DB
:10C09000934288BFEB60109B48461C600FF089FEFE
:10C0A00000209DE73C46B8E7A8F80620CEE707EB5E
:10C0B00008042046039200F0E0F90BF10703DB08C7
:10C0C0000599638008F10703DB08A380CB8893B14F
:10C0D000DB00039AD81D821A5A44C2F3CF020B44E4
:10C0E000E2809A80A38808F1FF384FEAD808A1F8C7
:10C0F0000280CB80B7E7E380F4E7BAF1000F1BD0F2
:10C1000007F10803B3FBF4F204FB1233B3B1224688
:10C1100039462846FFF7EAFE044623783A4643F0BC
:10C120000103237021460123284600F011FAA8E7F5
:10C13000222055E7212053E78642E8D13C46ECE730
:10C1400007B500224FF0FF3101AB0192DDF7A4FFEC
:10C15000019803B05DF804FB07B5009313464FF058
:10C16000FF32FFF70AFF03B05DF804FB70B5049ED1
:10C1700015461A4696B1002333608DB181B14D4307
:10C1800033462946FFF7E8FF044628B9306818B15E
:10C190002A46214602F06EFD204670BD2224FBE7B0
:10C1A0002124F9E707B5002201AB0192DDF78AFFF0
:10C1B000019803B05DF804FB2DE9F74F06460D46E4
:10C1C00014469B46002B00F0408100221A60426812
:10C1D000A24240F23C8149B9002C00F038810A4665
:10C1E000214603B0BDE8F04FFFF7B6BF2CB90846B3
:10C1F00003B0BDE8F04F10F044B90FF0DFFD35F8A3
:10C20000067C07344FEAC70A24F00704A24580469B
:10C21000A5F1080180F0978035F8023C002B70D022
:10C22000DA1B012A6DD101EBC30911F83330D807AD
:10C2300067D4B9F80220AAEB040313EBC20360D45D
:10C240001F2B3CDD2F19C4F3CF0425F8064C013415
:10C25000384625F8024C009300F00FF935F8022C0F
:10C26000009BBA80B9F80620DB087B802AB3B9F8B6
:10C270000210511A11FA83F39BB209EBC202FB8040
:10C2800093804A4600233946304600F061F948461B
:10C2900000F0F3F8002235F8061CB368CBF8005024
:10C2A00003EBC103F168A3EB0A038B42B36048D8E8
:10C2B000002A41D0083BB3603EE0FA80E1E73369F1
:10C2C0000137013B3361B9F80630174425F8067C85
:10C2D000A3B1B9F802209A1A12FA87F7BFB209EB94
:10C2E000C30325F8027C9F804A460123304600F0B4
:10C2F0002FF9484600F0C1F80122CCE725F8023CAE
:10C30000F2E721465B4600223046FFF725FF044650
:10C3100030B140460FF04DFD204603B0BDE8F08F30
:10C3200052462946DBF8000002F0D0FC284610F007
:10C33000A8F804460028ECD140460FF03AFD00244E
:10C34000EAE7F360B4E776D935F8022CAAEB0409E2
:10C35000531EDB1B002A3CD001EBC20711F8322030
:10C36000D20737D4002B35D1C4F3CF03291925F8D0
:10C37000063C0133084625F8023C009100F07DF8A8
:10C38000009935F8022C7B888A80FA8803EBD90360
:10C390004B80DAB17888101A10FA83F39BB207EB5E
:10C3A000C202CB80938000233A46304600F0D0F89A
:10C3B000384600F062F80023B268CBF8005014440D
:10C3C000A4EB0A04002B39D1B460B5E70023CB807D
:10C3D000E9E71746B9F1270F2DD9C4F3CF02291980
:10C3E00025F8062C0132084625F8022C009101930D
:10C3F00009F1FF3900F041F8009935F8022C4FEAB5
:10C40000D909A1F802908A809FB1019B013313FAE8
:10C4100089F91FFA89F9A1F80690A7F80490336901
:10C4200030460133336100231A4600F091F80123AE
:10C43000C2E7CF80F3E7CBF800507DE7F36808341C
:10C440009C42B46088BFF46076E7222464E721242C
:10C4500062E7002307B501AA0193DDF741FE0198C9
:10C4600003B05DF804FB0846FFF76ABE084610F00B
:10C470000CB808461146FFF7ECBF00230360436089
:10C480007047F0B5D0E90554561C08BF0822002BB0
:10C490004FF0000008BF2C46069F3860002C38D0B3
:10C4A0009DF814606588F60006EBC505C2F1000C26
:10C4B0002078C00708D523BBE08898B104EBC004FE
:10C4C000658806EBC505F3E78D42F4D35BB904F14B
:10C4D0000800B0FBF2FE02FB1E00C0B10844A842F7
:10C4E000EAD83C60F0BD082A11D06088013004EB26
:10C4F000C000A0EB010E0EEA0C0EA0EB0E00854270
:10C50000EFD2A0880028EDD0A4EBC004D8E70846FD
:10C51000E7E72046E6E703460069C0B10AB951B92A
:10C520001A6810460378DB0711D531B9C3885BB1AF
:10C5300000EBC300F6E79A69F3E7012904D1838889
:10C5400023B1A0EBC300EDE7002070471846704709
:10C550002DE9F041D0E90554074688461646ABB1AF
:10C56000954200D00ABB424600213846FFF7D3FF70
:10C57000B442054600D02EB9424601213846FFF7A5
:10C58000CAFF0446C7E90554BDE8F081954208D0CA
:10C590008D4228BF0D46B44205D0444538BF4446BD
:10C5A000F0E70D46F7E74446ECE79442EAD1E3E7CB
:10C5B00038B51C46C3E900010023C4E90500C4E9FD
:10C5C0000233236122776362FFF757FF2369013942
:10C5D000C908013341802361A368E26808339342AC
:10C5E0004FF00000A36088BFE36038BD08B5DDF7F9
:10C5F00075FE08BD002307B5684600938DF804302A
:10C60000D9F7A6FA03B05DF804FB10B50FF0CDFB27
:10C6100004460EF023FD2046BDE810400FF0C0BBDD
:10C620004FF4C870DDF7F2BE70477047704708B529
:10C6300002F0EFF902F0FEF902F009FAFFF7F6FF57
:10C6400002F01EFABDE8084002F025BA08B5DDF791
:10C6500009FDFEF7B7FAFFF7E7FFDCF711FEDCF79D
:10C660007FFBFFF7D2F9DDF7BDFFDDF771FEDDF7E8
:10C6700069FDFFF7DAFF00F007F802F0D9F9BDE82D
:10C680000840FFF7D4BF704708B502F0BDF902F0CB
:10C69000BCF902F0BBF902F0BBF9FFF7F4FF08BDEB
:10C6A00008B502F0FAF902F0F9F902F0F8F9BDE87C
:10C6B000084002F0F6B900F000B807B513200DF1FC
:10C6C0000601FFF79BF9BDF8060003B05DF804FB17
:10C6D00010B504460A210DF062F940F6E441204607
:10C6E0000DF05FF9002010BDFF207047F4F7B8BCD3
:10C6F0000DF059BA13B5044650B3D0F804313BB32A
:10C70000D0F80C3123B3D0F814310BB3D0F810317A
:10C71000F3B1D0F80831002B1ADDD0F81831002B16
:10C7200016DD00F0C8FBA8B900F0A9F8D4F818315C
:10C7300020460193D4F814310093D4F80411D4E9BD
:10C74000432300F0CAFA80F00100C0B202B010BD6D
:10C750002120FBE70020F9E710B5044648B100F0BE
:10C76000AAFB40B1204600F063FB80F00100C0B29C
:10C7700010BD2120FCE71120FAE72DE9F041054624
:10C780000E4617461C4600F068F828B13146284688
:10C790003B46BDE8F04118471CB1314628462346C8
:10C7A000F7E70120BDE8F081FFF7E7BF002307B5F9
:10C7B00000930823DEF77EFB03B05DF804FB2DE950
:10C7C000F347D0F80CA00022054650460C46CF682F
:10C7D00001F0DBFA012280462146504601F0D5FAED
:10C7E000236806461B68032B27D1022221465046A8
:10C7F00001F0CBFA814621460022504601F0DAFAD8
:10C800003A46044649462846DEF75CFC90B9336850
:10C810007860012B0ED1736863B11B681B68012B14
:10C8200008DD0437CDE90037324623464146284625
:10C83000DEF774FC02B0BDE8F0874FF00009DAE7DC
:10C8400010B1836B49001847704708B5C068DEF720
:10C85000D9FC003818BF012008BD38B50546C068AE
:10C86000DEF7D0FC044648B12846DFF7FDF9014663
:10C870002046DEF75BFD003818BF012038BD08B543
:10C88000DEF72CFDBDE80840DEF7B8BF70B5064600
:10C890000D46DFF733F9044610B90024204670BD79
:10C8A000284600F0FBFA0546DEF718FE0146002890
:10C8B000F4D0284600F009F805460028EDD000F035
:10C8C00012F80028E9D0B560E8E738B50D46836B6B
:10C8D00014210446984728B10023C0E90045C0E967
:10C8E0000233038238BD38B50446006800F021FBEE
:10C8F000002100F0D8FA6368596821B91A68134416
:10C90000E360012006E020681944DEF747FD054694
:10C9100008B9002038BDD4E90012DEF763FD002815
:10C92000F7D0A560EDE70346806818B1D3E900129F
:10C9300000F030B80120704710B50446806818B187
:10C9400000F053F80023A36010BD10B404468068C3
:10C950000A4618B15DF8044B00F04AB8E3680120BC
:10C96000196803EB8101E16099795DF8044B11705E
:10C97000D91D5160998804310B44936070478068D9
:10C9800008B100F047B801207047806808B100F096
:10C9900048B87047134652682DE9F0410E4602B17F
:10C9A0001A4443685D6845B1536902F1160405EB0A
:10C9B000830534F9021F4B1C02D10120BDE8F08130
:10C9C000736D30469847804601F096FD0746024653
:10C9D000D8F80010284602F079F9C8F80050042170
:10C9E000384600F03DFC0544E3E74068DEF7A6BDAD
:10C9F00038B5054640680C46DEF728FE48B12B687E
:10CA00001A7A227003F109026260DA88063213444E
:10CA1000A36038BD037A13B14068DEF717BE01206A
:10CA20007047F8B5D0E900371A689D8803EB820398
:10CA300003600446C5F30D01384600F029F82B04C5
:10CA400005F480460DD56068DEF7DAFD26B1606832
:10CA5000BDE8F840DEF7E0BD97F82830002BF6D1AE
:10CA6000F8BD002EFCD0F2E770B5044640681646CB
:10CA7000DEF7ECFD054638B123682046DB883380BD
:10CA800001232372FFF7CDFF284670BD4420704775
:10CA9000C16370470068704737B501464A6A006B4A
:10CAA000148855882C44A04202DB002003B030BD1E
:10CAB000441C0C63157902EB80026C1C52F83400A4
:10CAC000C0F3C362AA42CDE900004FEA1064ECDA79
:10CAD0000BB1E0091870072C8ABFCB6A486B53F87A
:10CAE0002200009BC3F31A031844DFE710B5044685
:10CAF000DEF790FE204610BD0368C01A03888B4203
:10CB00008CBF405A002070472DE9F34792460279C6
:10CB100006469A42894604D00025284602B0BDE860
:10CB2000F0870C681021204600F090FBDAF8003006
:10CB30001C44211ADFF7D2FE3179036810225B6BA7
:10CB400089000446984707460028E5D00025A846F6
:10CB50003379AB4210DC23680422382120465B6B1A
:10CB6000984705460028D8D03B4622463146CDF8A6
:10CB70000080DEF773FED0E729463046DEF754FE2C
:10CB80000246FFF787FF0346101DFFF783FF5AF8A1
:10CB90002520034493420146BEDC75B92368102268
:10CBA00020465B6B984780460028B5D02368204616
:10CBB0005B6A984738600135CAE759F8253047F86D
:10CBC0002530F8E7436A18797047436A1B798B422E
:10CBD000C6BFC36A53F8210000207047F7B51E4650
:10CBE0000023446A3360238884468B42089F02DC1A
:10CBF000012003B0F0BD237904EB8104581C54F8E4
:10CC00003000C0F3C3659D42044601900090EFDA06
:10CC100029466046FFF7D9FFC4F31A042044306068
:10CC20000FB90020E5E71021A01800F019FB57F814
:10CC300025308342ACBF47F8253047F82500F0E7A0
:10CC400070B50446084615461E46DEF701FE08B9D3
:10CC5000002070BD32462946049BFFF755FF00288F
:10CC6000F6D0C4F8E0000120F3E710B5082104462F
:10CC7000FFF742FF10B123182058184410BD0023BD
:10CC800010B50446C0F8E030C0F8F03080F8F83055
:10CC9000C0E93A33043000F0E2F9D4F8DC0048B1DE
:10CCA0000368D4F8E410DB6801B10C319847002325
:10CCB000C4F8DC30D4F8E40030B10C30DEF78EFF7D
:10CCC00010B103685B689847D4F8E40020B1DFF73F
:10CCD000FFFB0023C4F8E43010BD2DE9F04393B00E
:10CCE0000446DDE91A9017460E4669B3421E072A2C
:10CCF0002AD84BB3B9F1000F26D00AAA00259046D6
:10CD000002A953F825E0BEF1000F1DD059F825C047
:10CD1000BCF1000F18DD0135854241F804EB42F803
:10CD200004CBEED10022211D3046DEF7FBFF236845
:10CD3000CDE900853A465D683146204602ABA847FA
:10CD400018B92046FFF79BFF002013B0BDE8F08321
:10CD50002DE9F743C0E93A21DDE90A850446894611
:10CD60001F46DEF751FDC4F8DC0028B103689B685C
:10CD7000984730B9C4F8DC000025284603B0BDE868
:10CD8000F083236800959E683A464346494620460C
:10CD9000B04718B92046FFF772FFEDE7D4F8E0007E
:10CDA00084F8F8500368E900DB699847002100EB3C
:10CDB0008503C4F8F400C4F8F030A9421ADB2368F4
:10CDC00020461B68984700F10C05C4F8E40028468B
:10CDD000DEF7D8FED4F8DC00294603681B699847C3
:10CDE000054688B92046FFF74AFF00250020DEF7F8
:10CDF000C9FEC2E757F8212040F8212058F8212029
:10CE000043F821200131D8E7036821461B68984781
:10CE10000028E7D0D4F8E40001F042F80028E1D17E
:10CE20002B6828469B68984705460028DED1D9E73D
:10CE300010B50446D0F8E40000B10C30DEF7A2FED5
:10CE4000DEF7E2FCD4F8E40048B101F001F9B0FAF1
:10CE500080F464090020DEF795FE204610BD0446EC
:10CE6000F8E7D0F8EC00704773B5044600F1080607
:10CE7000DEF7F4FD05462046DEF716FED4F8E03076
:10CE800002460BB9DEF7D2FD00213046CDE9001194
:10CE90002946DFF7E7FA304602B070BDD0F8E4006B
:10CEA00000B10C30704708B5D0F8E00011B908B9EE
:10CEB000DEF7BCFD08BDD0F8E400003818BF012043
:10CEC000704738B505461446FFF716FE00B12C5CD6
:10CED000204638BD10B50446FFF70EFE10B12318EA
:10CEE0002058184410BD10B50446FFF705FE10B1D8
:10CEF00023182058184410BD10B50446FFF7FCFD58
:10CF000010B123182058184410BD10B50C21044648
:10CF1000FFF7F2FD10B123182058184410BD10B5CA
:10CF200010210446FFF7E8FD10B1231820581844DB
:10CF300010BD08B5DEF752FEBDE80840DEF712BEB0
:10CF400008B5FFF7F6FFBDE808400021FFF7ABBFCB
:10CF500038B50446DEF742FE2046DEF785FE05467C
:10CF60002046DEF755FE01462846BDE83840DEF78C
:10CF7000ADBE2DE9F0470446894616460AB10023A6
:10CF8000136094B12046FFF7CAFF054660B1204602
:10CF9000FFF7BBFF074690B32B68013305EB830A0D
:10CFA00004355545A84603D100242046BDE8F08746
:10CFB000D8F80030042198444046FFF79DFF04351F
:10CFC00004460028F1D04946043001F075FE0028DF
:10CFD000E7D106214046FFF78FFD014608B158F81A
:10CFE00000103846DEF786FE0421FFF773FF044683
:10CFF0000028DAD00EB1036833600434D5E7044664
:10D00000D3E7034618B100681844FFF7B2BF704772
:10D0100038B50C461546FFF78CFFFFF722FF2A466E
:10D020002146BDE83840FFF7ECBF10B506210446A5
:10D03000FFF762FD10B123182058184410BD38B511
:10D0400005460C46084621B1FFF7EFFF08B1012065
:10D050002C6038BD09B10B681944FFF7F0BF0023FD
:10D060000360704701308000704703685B681847B1
:10D0700010B50C210446FFF73FFD10B123182058CE
:10D08000184410BD132832D8DFE800F00D3515190B
:10D090001D212311251B0F271F292B17132D0A2FA5
:10D0A0001323002025E00123FBE70B23F9E70723E7
:10D0B000F7E71123F5E70223F3E71023F1E7032352
:10D0C000EFE70923EDE70423EBE70D23E9E7052369
:10D0D000E7E70623E5E70823E3E70C23E1E70E2370
:10D0E000DFE70F23DDE71223DBE71423D9E7002373
:10D0F00001200B7070470A23D3E738B50546144664
:10D10000FFF7FAFC00B12C58204638BD08B50022C4
:10D110000A21FFF7D6FE08BD38B505461446FFF7CD
:10D12000EBFC00B12C56204638BD2DE9F84F904657
:10D130009A461368054601221B688B464046052126
:10D14000984700260446066006712846FFF7DEFF72
:10D150000828814633D12846FFF78AFF054670B379
:10D1600032460421FFF7D8FFC7B27B1E042B88BFCD
:10D1700037463246494628462770FFF7A2FE801BF5
:10D1800018BF012032460A21A0702846FFF799FEF9
:10D19000801B18BF012032460C21E0702846FFF7A3
:10D1A000BBFF5A46211DFFF76DFF024660B90621FD
:10D1B0002846FFF7B1FF10B1012805D160700020AB
:10D1C000CAF80040BDE8F88F40462146FFF74DFF02
:10D1D0000120F7E710B52DED028B0446B0EE408A32
:10D1E000FFF78AFC10B1044494ED008AB0EE480ABF
:10D1F000BDEC028B10BD38B504460D46DFF7F8F8DC
:10D20000294602462046BDE83840FFF73BBF2DE9DE
:10D21000F0410D46044616461F46DFF7E9F83B4647
:10D22000014632462846A446BDE8F04160470368FF
:10D23000C31A1A880A2A05D95B89C21813B1C358C0
:10D24000D058704700207047704770474B1E1844F5
:10D25000B0FBF1F048437047B0FBF1F04843704732
:10D26000431E0B44B3FBF1F301FB03F07047F7B52A
:10D27000144602680346821A17880D46042F26D9E1
:10D280009188461809B3405831183058012601EBEF
:10D290008000884214D1062F1AD9D08800B11856C0
:10D2A0000DF10701FFF7A7FF40B921469DF80700E0
:10D2B000DEF7A8FD10B9236873432B6003B0F0BDFF
:10D2C00051F804CF0CFB06F6E3E70126E3E701265D
:10D2D0000020E5E7436873B50D469BB100220124A9
:10D2E0001968914209DC007A01A9DEF78BFD10B9BB
:10D2F000019B63432B6002B070BD53F8046F013291
:10D300007443EEE70124EEE710B50E210446FFF763
:10D31000F3FB00B1205C003818BF012010BD10B530
:10D3200004210446FFF7E8FB10B1231820581844E5
:10D3300010BD10B504464068A1680368DB689847D3
:10D34000606821690368DB689847002010BD2DE9FB
:10D35000F843044600688846FFF787FC6368016865
:10D360001A681846956889000422A8470746206174
:10D3700050B300263546D4F800904846FFF775FCB8
:10D3800003689E4212D318216068C4E905550368FA
:10D390004544042269439B68E560C4F81C809847B3
:10D3A000A060B0FA80F04009BDE8F88347F8265045
:10D3B0004846FFF75AFC3146DEF788FBFFF7AFFF20
:10D3C000036801361D44D8E70120EDE72DE9F34756
:10D3D00008460C461746FFF72AFF002506464FF081
:10D3E000FF38B54201D1002027E00A212046FFF78F
:10D3F00083FB10B12318205818442946DEF7E0FDBE
:10D400004FF0000A814614214846FFF76CFDB8B181
:10D4100003689A4514D25146DEF7A6FD0C2301A9F4
:10D4200003FB0070CDF80480FFF754FF28B9019B7F
:10D4300013B90AF1010AE6E7012002B0BDE8F0875E
:10D440000135CEE72DE9F04F00260446B2464FF0F5
:10D45000FF3B836885B00093131D01910293206800
:10D46000FFF703FC03689E4211D3182263690099F9
:10D47000E06902FB0313012400224FF0FF319042C8
:10D4800003F1180365D1002005B0BDE8F08F3146E7
:10D49000DEF71CFB029B074653F8368023690146E2
:10D4A0004246204653F82650FFF790FF0028EBD164
:10D4B0001823009A03FB0529454680463846FFF7A6
:10D4C0002EFF0268904501D30136C8E74946284639
:10D4D000C9F80450FFF7FEFE0028D5D12A68C9E933
:10D4E00002BB52BB38460392FFF719FF4146DEF7F5
:10D4F0004FFDFFF709FF039A20B9D9F80020003A41
:10D5000018BF0122019B89F81420FBB153F82A208F
:10D510003846C9F810200392FFF701FF4146DEF7B5
:10D5200037FDFFF7F1FE039A48B90AF1010A08F145
:10D53000010809F118090C35C0E70246E2E701329B
:10D54000F3D04FF0010389F81430EEE7C9F810B0BA
:10D55000EDE743E9041103F8044C43F8081C0132D9
:10D560008DE72DE9F04F044689B000689846069291
:10D570000491FFF77AFB0499DEF7A8FA4FF0180937
:10D58000A368049A05932369064653F82270059B05
:10D590004FF0000A09FB0737FFF749FE0790062105
:10D5A0003046FFF7A0FC0546002800F0AA8003687B
:10D5B0009A4580F0A5805146DEF7D6FC09FB007045
:10D5C0008268236A013200D18360C3600AF1010AD4
:10D5D000E5E7236A0A210133304623620393FFF70C
:10D5E0008BFA10B13318305818442946DEF7E8FC9E
:10D5F0004FF00009834608215846FFF774FCE8B94C
:10D60000129B5946009320464346069ADEF7F0FCEB
:10D610004FF0000906215846FFF765FCF0B103689A
:10D6200099451BD24946DEF79FFC002803DB0AFB25
:10D630000070236AC36009F10109EBE702689145B4
:10D64000DED24946DEF790FC0AFB007082680132A8
:10D6500001D1039B836009F10109CCE74FF0000978
:10D6600008215846FFF73FFC38BBC646059B626958
:10D67000E0690AFB0232069B08EB800CE64529D1E3
:10D680000135079B9D42A4D100254FF018080821C1
:10D690003046FFF728FC002836D003689D4233D27D
:10D6A0002946DEF761FC08FB00708268236A0132BC
:10D6B00000D18360C3600135E9E702689145D4D2A7
:10D6C0004946DEF751FC0AFB0070226A09F10109A4
:10D6D000C260C5E75868A8420DD198680499814294
:10D6E00009D11868C2E9000E9068013004BF03999F
:10D6F0009160206AD06018320C330EF1040EBDE741
:10D7000000254FF0180ABCE7002009B0BDE8F08FF3
:10D7100000207047406803689B681847704770474F
:10D720008068102203689B68184770B505460C4650
:10D73000C9B10B68012B0AD140684E680368716853
:10D74000DB689847686831460368DB6898470023C0
:10D750006868C4E90033C4E9043303682146BDE8BE
:10D760007040DB68184770BD406803689B681847C5
:10D7700040680368DB681847406803685B691847BE
:10D78000406803681B6918478068042203682021E9
:10D790009B6818477047836910B50C46114633B132
:10D7A00080680422036889009B68984720600020F5
:10D7B00010BD10B508210446FFF79EF910B12318DB
:10D7C0002058184410BD10B50A210446FFF794F9FB
:10D7D00010B123182058184410BD10B50621044676
:10D7E000FFF78AF900B1205610BD2DE9F0411D4622
:10D7F000037D04460E4617468BB1036829461B6C11
:10D800008269984748B923683A46D3F83C80314644
:10D8100020462B68C04700B92075BDE8F081012083
:10D82000FBE7002310B504468361406804220368C7
:10D8300090219B699847E061B0FA80F0400910BDE3
:10D840000421C069FFF702BD036870B55B69044637
:10D850000D469847C8B92046FFF7F2FF0C23A2698E
:10D860005A438318984209D16068E169036890328D
:10D87000DD690423AC46BDE87040604741680C3068
:10D88000013108BF40F8085CECE770BD2DE9F843B2
:10D890000546894690461F46FFF7D2FF0C260446F0
:10D8A0000022A9694E4300EB060C64450ED10B2AF9
:10D8B00012D84FF0FF3340F806900020C4E9013839
:10D8C0003960AB690133AB61BDE8F88363680C3440
:10D8D000013308BF0132E8E70120F5E7C06870476F
:10D8E0002DE9F34180460F461E4614460025384672
:10D8F000FFF715FD03689D4201D3002019E029467A
:10D90000DEF746FBFFF700FDB0B11EB156F825303B
:10D91000013311D1204601A9FFF7DCFC48B9D8F842
:10D9200008001022036801999B689847206018B985
:10D93000012002B0BDE8F08101350C34D7E72DE9B4
:10D94000F04106460D46174600242846FFF78DF99C
:10D9500003689C4202D30020BDE8F0812146DEF737
:10D96000B5F8FFF764FCB36841011A681846D2F8AD
:10D9700008800422C04718B147F834000134E4E7B6
:10D980000120E9E72DE9F3470746DDF8289008462E
:10D9900016461D468846FFF768F94946DEF796F8B1
:10D9A0003B6838465B6B9847044620B90024204604
:10D9B00002B0BDE8F08700223B68CDE90092414605
:10D9C0000246D3F838A038462B46D0470028EDD180
:10D9D000002EECD00C235D4306EBC90673685A1980
:10D9E0005B59236153686361E1E72DE9F34707461B
:10D9F000DDF82890084616461D468846FFF735F99B
:10DA00004946DEF763F878680422036820219B68A2
:10DA10009847044620B90024204602B0BDE8F087AC
:10DA200001223B68CDE9009241460246D3F838A076
:10DA300038462B46D0470028EDD1002EECD00C23E1
:10DA40005D4306EBC90673685A195B592361536835
:10DA50006361E1E72DE9F04F9946436891B0CDE964
:10DA600007130546884616460021182209A801F02A
:10DA700001F90023A96907A80F93FFF768FC044682
:10DA8000002879D1059005A907A8DEF7F7F9044623
:10DA9000002871D1074606F1040A4046FFF7E5F871
:10DAA0000368059C9F423ED32146324607A8FFF7F4
:10DAB000C9FC044600285FD12846FFF7C1FE214675
:10DAC00002464B46009607A8FFF74BFD0446002888
:10DAD00052D1DDE9096A6868102103681B6B984719
:10DAE000074668681022036839469B689847804655
:10DAF000002800F08A803A46A14637462869414608
:10DB00000368DB699847D5F810B0CA451BD168682F
:10DB100000270368D5F810B05B6A984739468146FC
:10DB20004FF0FF3348E03946DDF7D0FF2B68014660
:10DB3000D3F830B0284623465AF83720D847044651
:10DB4000D0B90137A9E73B7D1BB909F101091837A5
:10DB5000DBE710213868FFF783FBD7E902233C6934
:10DB60000146B4F1FF3FDBF8000009D18468584654
:10DB7000A04704460028E8D0204611B0BDE8F08F49
:10DB80000094C4685846A047F3E7327D92B1DBF8B1
:10DB9000002058469469069306AA0391A0470446BC
:10DBA0000028E9D14FF0FF33069A706803994A4480
:10DBB0000260013101371836BA45E6D107A8FFF7F0
:10DBC000B8FB686841460368DB6898476868036883
:10DBD0005B69984704460028CED16868E969036804
:10DBE0001B6A984704460028C6D1286903681B6948
:10DBF0009847296A102281423CBF01462862686822
:10DC000003689B6A98470446B6E70124B4E72DE908
:10DC1000F047D0E901761C46084615468946FFF7CD
:10DC200024F80899DDF752FFFFF779FB2146DEF76C
:10DC3000AFF90C21044648469DF82480FEF75CFFAE
:10DC400020B109EB000359F800001844CDE908059C
:10DC50002346424639463046BDE8F047DEF702BB70
:10DC60002DE9F74F07460C46904600254FF00C0A69
:10DC70002046FEF7FAFF03689D4201D3002011E021
:10DC80002946DDF723FF0190FFF749FBD0F800B0EC
:10DC9000B868042203680AFB0BF19B689847814629
:10DCA00020BB012003B0BDE8F08F0198FFF737FBE0
:10DCB0003146DEF76DF90C2100902046FEF71CFF7F
:10DCC00090B12158221811440AFB06920098DEF701
:10DCD0003FFA0028E5D10136B345E6D108F1040248
:10DCE00042F835900135C3E70146EDE70026F3E73A
:10DCF0002DE9F843436805460F46904603BB0020D4
:10DD0000BDE8F8830134AB68A342F8D96B68EA68D0
:10DD100053F8346003EBC40952F8243041461E44E2
:10DD20003046FFF793FAEA68D9F8041052F8243025
:10DD3000861B3B4433448B42E4D842F82430DFE76F
:10DD40000024E0E738B5456804460DB1012038BD30
:10DD50000368C0E901129B6891009847E0600028C1
:10DD6000F4D023682046DB6B98472846EFE74368EA
:10DD70003BB182682AB10021C36803EB82029A4258
:10DD800000D1704743F8041BF9E70968002A10B472
:10DD900051F8044B0ADB944208DD51F822100029A7
:10DDA00004DB03685DF8044B5B69184700205DF8ED
:10DDB000044B70474968002A10B451F8044B0ADB41
:10DDC000944208DD51F82210002904DB03685DF855
:10DDD000044B5B69184700205DF8044B70470EB494
:10DDE00083B004AB019303B003B0704770470020C9
:10DDF0007047C06803689B681847C0680368DB68A1
:10DE00001847C06803681B691847C06803685B69E6
:10DE10001847C06803685B6A1847C0680368DB6A14
:10DE2000184708B5FEF721FF0021DDF74FFE062158
:10DE3000FFF759F8006808BD38B5054640680C463C
:10DE4000FFF7EFFFA0428ABFD5F8A030002053F8BB
:10DE5000240038BD08B5FEF708FF0021DDF736FEC7
:10DE60000821FFF740F8006808BD38B5054640684E
:10DE70000C46FFF7EFFFA0428ABFD5F8A430002080
:10DE800053F8240038BD10B500F17404204600F0AA
:10DE900079F920B92046BDE81040DEF741BC10BD3D
:10DEA0002DE9F04F4168044685B0006FDEF788F930
:10DEB000014638B9012384F899300125284605B078
:10DEC000BDE8F08F04F17407384600F07FFA23684C
:10DED00020461B68984705460028EFD104F1A806A4
:10DEE0000146304600F016F9384600F018F90546AC
:10DEF0000028E3D10121304600F00CF9384600F04B
:10DF0000DCF905460028D9D10221304600F002F99B
:10DF1000D4F884206168206F04F19C03FFF765FC4E
:10DF200005460028CAD1D4F89C10304600F0F0F81D
:10DF3000276F60683B68D3F81C80FFF772FF810091
:10DF40003846C047C4F8A00000283FD16068FFF7FA
:10DF500068FFB2E7D4F884203846D3F800B00392C3
:10DF6000FEF783FE0021DDF7B1FD0621FEF7BBFFC2
:10DF70002946DDF7F9FFD4F8A0A00346394640460C
:10DF8000039ACDF80090D847D4F8A0304AF825007D
:10DF900053F82530002B90D0013567683846FFF7DD
:10DFA00040FFD4F87080A842D8F80030D2D8384664
:10DFB000DD69FFF74FFF81004046A847C4F8A40081
:10DFC000002842D16068FFF745FF76E7A946E4E7FD
:10DFD000D4F87080D4F88420D8F800303846D3F8CC
:10DFE00000B00392FEF741FE0021DDF76FFD08212E
:10DFF000FEF779FF2946DDF7B7FFD4F8A4A0034662
:10E0000039464046039ACDF80090D847D4F8A4305A
:10E010004AF8250053F82530002B3FF44EAF013568
:10E0200067683846FFF716FFA842D1D82046FFF7A9
:10E030002AFF054600287FF441AF01230321304623
:10E0400084F8983000F066F838E70025A946E7E73D
:10E0500090F8993010B5044673B990F8983033B100
:10E0600004F174000021BDE8104000F0E3B8FFF7B0
:10E0700017FF0028F4D010BD0120FCE7406A70476C
:10E0800040697047704700690368DB691847036A95
:10E0900053F82100704737B50446D0E904025569AA
:10E0A0000B46016800954D681269A169A84703B045
:10E0B00030BD006903689B68184700690368DB6826
:10E0C0001847006903681B69184743690C20D3E9A6
:10E0D000043203EBC2035B6800FB0130704741620E
:10E0E00000207047816200207047806A7047C369D2
:10E0F0000BB9FFF727BE01207047FFF7F9BD10B439
:10E1000044691346006962695DF8044BFFF7BEBBC2
:10E1100001627047C1617047C069704770472DE95F
:10E12000F047D0E9059804460026236A1B689E4202
:10E1300004D30020C4E90598BDE8F0873146A06803
:10E140006661DDF737FE002507464FEAC60AAF4293
:10E15000A56101D80136E8E7236953F80A3003EBDB
:10E160004515EB69D5E904105A691B68202A0ABFD6
:10E1700001460022AA6913B160689847E860A56962
:10E180000135E4E72DE9F843D0E90576044600259A
:10E19000236A1B689D4204D30020C4E90576BDE8CC
:10E1A000F8832946A0686561DDF704FE00238046F8
:10E1B0004FEAC5099845A36101D80135E8E722690E
:10E1C00052F8092002EB4313DA6922B1126912B145
:10E1D000D96860689047A3690133EBE72DE9F843FC
:10E1E000D0E9057604460025236A1B689D4204D3C6
:10E1F0000020C4E90576BDE8F8832946A06865617A
:10E20000DDF7D8FD002380464FEAC5099845A36194
:10E2100001D80135E8E7226952F8092002EB4313DF
:10E22000DA6922B1526812B1D96860689047A3696F
:10E230000133EBE7036A2DE9F047D0E905981B6845
:10E24000044699420D46416135D28068DDF7B2FD42
:10E2500000230746ED009F42A36101D8002616E087
:10E2600022696068515901EB4311CB69DB6898471B
:10E2700006466068FEF75DFED0F8FCA00346BAF1E2
:10E28000000F08D1E06803685B69984786B13046A3
:10E29000C4E905980AE02269A0695159D3F8003110
:10E2A000324601EB4011D0470028EBD0BDE8F087A3
:10E2B000A3690133CFE70120F8E72DE9F74FD0E953
:10E2C00005B3044600254FF00C0A0193236A1B682E
:10E2D0009D4205D3019B0020C4F814B0A36126E041
:10E2E0002946A0686561DDF765FD00238146EE00E3
:10E2F0009945A36101D80135E8E72269975907EBF1
:10E300004317FB699B6863B923697A683344D3F880
:10E3100004C07AB9A169E068FFF796FAA3690133EE
:10E32000E6E73946606898470028EDD0012003B041
:10E33000BDE8F08F0021D2F800E07145EADA52F82A
:10E34000043F002B16DB0AFB03C35B681F68012F29
:10E3500001D1586870B1043303EB870047F39B0881
:10E36000B8F1000F08DCC71A082F21D00C2F1BD0E2
:10E37000042F21D00131E0E71F68002F03DD5F6823
:10E38000002F03DC04339842F4D0CFE79F68002FBE
:10E3900001DC0833F7E7DF68002F01DC0C33F2E71C
:10E3A000103308F1FF38DBE71F68002FEBDD043383
:10E3B0001F68002FE7DD04331F68002FDADCE2E777
:10E3C00008B58068FEF751FC006808BD0161704720
:10E3D00070B50C46164605468068FEF746FC214699
:10E3E000DDF774FB0621FEF77EFD3146DDF7BCFD4F
:10E3F0000C222B6903EBC4035B6802FB003070BD89
:10E4000070B50C46164605468068FEF72EFC214680
:10E41000DDF75CFB0821FEF766FD3146DDF7A4FD64
:10E420000C222B6903EBC4035B6802FB003070BD58
:10E4300010B50C468068FEF718FC2146DDF746FB58
:10E440000621FEF750FD006810BD10B50C4680682F
:10E45000FEF70BFC2146DDF739FB0821FEF743FDF3
:10E4600000B1006810BD002370B513600C4605466E
:10E47000164600F08FF8D12801461ADC202808D073
:10E48000236820461B6898473060B0FA80F0400946
:10E4900070BD2B68EB1A1A88062A0AD9DB88E9189E
:10E4A0003BB1EB5822680433204652681944904728
:10E4B000EAE70120ECE770B5054600241426AB68B6
:10E4C000A34201DC002070BD2B6806FB0433DA6830
:10E4D00093F91010986800F0CDFB0134EFE7034684
:10E4E00001680022012010B5914200DC10BD53F8F4
:10E4F000044F01326043F7E713B5044601A9007ADF
:10E50000DDF780FC6068FFF7EAFF019B584302B02B
:10E5100010BD2DE9F8430124814604FA00F00138CA
:10E5200088461546E0F75EFD0646A5EB09000F4656
:10E53000C0F12003A0F1200124FA03F304FA01F151
:10E5400004FA00F01943E0F789FD02460B46304615
:10E550003946E0F7B1FDC8F120030F46A8F12001CC
:10E5600024FA03F304FA01F10646194304FA08F009
:10E57000E0F774FD02460B4630463946E0F7C6FE2A
:10E5800041EC100BD2F768F951EC100BE1F72EF8C3
:10E59000BDE8F88301680246411A0B880A2B09D9A5
:10E5A0004B8903B1C358888800B110569842B8BF50
:10E5B00018467047042B4FF00003F4D81846F5E7CF
:10E5C0007047036810B4DC690022A44601235DF89B
:10E5D000044B6047C3695940036AC161013B036250
:10E5E000704701207047036810B51B6904469847BF
:10E5F00018B100202369A36110BD0120FCE78068E9
:10E600007047026983688069824234BFC01AD01A99
:10E610007047C2684069101A7047A0F10400FFF704
:10E62000F8BF2DE9F04104460F46806811461646B2
:10E63000FEF70CFE236805460146D3F81C803A46D7
:10E6400033462046C04700280CBF28460020BDE8BE
:10E65000F0812DE9F04104460E46806811461546CA
:10E66000FEF7F4FD23680146DF6932462B4620465B
:10E67000BC46BDE8F0416047F8B504460F468068E7
:10E68000194615461E46FEF7E1FD2269A3699A4226
:10E6900001D00120F8BDB842FBD13146A068FEF799
:10E6A000D5FD63691B1AAB42F3D328442061A061F6
:10E6B0000020EFE738B504460D4680691146FEF7A5
:10E6C000C5FD63691B1AAB4208D3E36905444340A7
:10E6D000E361236AA5610133236238BD0020FCE7B2
:10E6E0000B4610B5044640691146C01AFEF7B4FD4A
:10E6F000236983428CBF0020606110BDA0F104003B
:10E70000FFF7EEBF70B50446D0E9053098420E46DB
:10E7100008D2FEF79BFD314605466069FEF79CFD79
:10E72000401B70BD0020FCE7043870470438704778
:10E7300008B503460A44DEF7C1F8184608BD02468C
:10E740000023012030B552F8045BAB4200DB30BD42
:10E750008B420CBF012452F8234001336043F4E79D
:10E76000C31103F580739BB231F8132001EB430111
:10E770004B8840219B1A00F07F0013FB001302EB33
:10E78000E31000B2704708B50021DEF735FA08BD86
:10E7900008B5DEF7C7F808BD2DE9F04F0C461D4659
:10E7A000836887B00E680093C368013E0193836954
:10E7B0003146204605EB860502930592FFF7BFFF21
:10E7C00004EB86016C6800254B68AA469C42A8BFF2
:10E7D0001C460390039B9A4502DB07B0BDE8F08F0F
:10E7E000059B6FF07F0903EB050842460023A34217
:10E7F00019DB0027C3463E46A6421BDBB7FA87F665
:10E8000007FA06F000F10040DEF77EF94FF0000B4A
:10E81000109B0490C6F123065F19A3451DDB0AF186
:10E82000010A2544D6E712F9011B01338945B8BF17
:10E830008946DCE71BF9010B029BA0EB0900834230
:10E8400009DCDDE9001200F079F8DEF72BFA0C2183
:10E85000DEF7D2F907440136CEE718F9010B029B27
:10E86000A0EB090083421BDCDDE9001200F066F832
:10E87000DEF718FA01460498FFF78AFF3146DEF703
:10E88000BBF980387F2809DC6FF07F039842B8BF5E
:10E89000184638700BF1010B0137BEE77F20F8E70F
:10E8A0006FF07F033B70F5E7F7EE007A30EE270A52
:10E8B00087EE800A7047E2F729B83821836B184742
:10E8C0000B682DE9F34180460C4623B9012420460C
:10E8D00002B0BDE8F0811B68012BF7D14B68002B1B
:10E8E000F4D01B68012BF1D1C56800222846FFF740
:10E8F0004CFA06460028E9D043691B68002BE5DD89
:10E90000002221462846FFF755FA07460028DDD0A9
:10E91000E368002BDAD00093024631462369404673
:10E92000D1F796FE2B68314604469B6928469847E6
:10E930002B68394628469B699847C8E7012370B57C
:10E94000C2F11E05A5F12004C5F1200623FA06F642
:10E9500003FA04F43443AB40C0FB0134C2F11F009E
:10E960000132B0F1200104FA02F223FA00F040EA89
:10E9700002005CBF44FA01F1084370BD10B5C360EA
:10E98000039B0160036100230299C0E90533C0E9DC
:10E99000011210BD0B68002A194630B451F8045B0F
:10E9A0000BDB954209DD51F82210002905DB30BC54
:10E9B00003EB82035968426D1047002030BC70475A
:10E9C000FFF7E8BF4B6803EB82035968426D1047BD
:10E9D00010B5044609B1496819B9002323602046DF
:10E9E00010BD51F8042B40F8042B920000F06EF992
:10E9F000F5E710B50446DEF7D9FC2046DEF7DAFE6F
:10EA000010BD01207047704770477047D2F77CB83F
:10EA1000704708B5D2F7C4F8FCF7EEFFFCF7F7FF34
:10EA2000D2F7B2F8DEF70CFCBDE80840D5F7D2B853
:10EA3000DCF76EB908B5D3F705FCD3F71BFDDEF79D
:10EA400095FCDEF7A3FCBDE80840D3F71FBB08B573
:10EA5000F9F77BFBDAF7EAFADAF7C0FFFCF799FB84
:10EA6000D3F752F9FCF7AFF8FCF797FBFCF7BFFFC1
:10EA70000DF04EFBDEF760FCBDE80840DEF7E8BBBA
:10EA800008B5DBF71FFFFDF731FEDBF72BFFBDE815
:10EA90000840F9F751BBD3F7C7BA70477047DEF7A4
:10EAA000B5BB7047DEF756BC08B5FDF7CFFDDBF709
:10EAB00031FFFDF7F5FDDBF75DFF0CF095FBF8E7A7
:10EAC000DEF798BF7047002330B5046D00F13C02BB
:10EAD0009C4201D1002006E052F8045F8D4203D130
:10EAE000123350F8230030BD0133F1E710B504466E
:10EAF000DCF7AAFF204610BD2DE9F04104460F4681
:10EB000006460025D0F83C80A84501D100200BE046
:10EB1000B369202B0AD13946F06900F0CDF828B945
:10EB20001C2303FB05400430BDE8F08101351C3691
:10EB3000EAE72029F0B506D000231C25C46B00F1BC
:10EB40001806A34201D1002006E005FB03F2B758E6
:10EB5000B94202D104321044F0BD0133F1E72DE98E
:10EB6000F8430746884614460026D4E90195B9F1D2
:10EB7000010905D52468002CF7D13046BDE8F8839B
:10EB8000AB89012B07D9B5F90E30013303D02946E3
:10EB90003846C04706436835E9E710B50C46B1F979
:10EBA0000E10E1F7AFF90028ABBF636DA3891B1806
:10EBB00023F48053ACBF6365A38110BD2DE9F04100
:10EBC0001F468B8905460C46DB05164605D50223F4
:10EBD0000022B1F90E10E1F783F9A3893246B4F9A6
:10EBE0000E10284623F48053A3813B46BDE8F04134
:10EBF000E1F79AB910B50C46B1F90E10E1F770F9CA
:10EC0000421CB4F90C3015BF606523F4805343F403
:10EC10008053A38118BFA38110BDB1F90E10E1F795
:10EC20004FB90139024410B5904201D1002005E0EE
:10EC3000037811F8014FA34201D0181B10BD013019
:10EC4000F2E7884210B501EB020402D98442234660
:10EC500007D8431EA14207D011F8012B03F8012F5A
:10EC6000F8E70244824200D110BD13F8011D02F8FA
:10EC7000011DF7E702440346934200D1704703F8B1
:10EC8000011BF9E710B56AB10139841810F8012B9E
:10EC900011F8013F9A4203D1A04201D0002AF5D1D8
:10ECA000D01A10BD1046FCE77047704770470B46FE
:10ECB00001461846E1F7AAB910F8012B11F8013BFB
:10ECC000012A28BF9A42F7D0D01A70470A44431E3F
:10ECD000914200D1704710B511F8014B914203F8F1
:10ECE000014FF9D110BD062008B5E1F7A5FD0120BF
:10ECF000FCF71FFF2DE9F0471F468E6882460C4641
:10ED0000BE429046334653D8B1F90C0010F4906FD0
:10ED10002BD065692368096905EB4505A3EB01095B
:10ED200005EBD5757B1C6D104B442A46AB4284BF66
:10ED30001D462A46430527D511465046FDF793FB4D
:10ED4000064658B34A462169FFF7C0FFA38923F45A
:10ED5000906343F08003A38126614E4465613B4686
:10ED6000A5EB090526603E46A5601F463A4641468A
:10ED70002068FFF766FFA36800209B1BA360236841
:10ED80003B442360BDE8F0875046FDF772FB064622
:10ED90000028E1D121695046FDF768FB0C234FF0B4
:10EDA000FF30CAF80030A38943F04003A381E9E7AC
:10EDB0003E46DBE79368013B002B10B4936008DA12
:10EDC0009469A34201DB0A2903D15DF8044B00F0EA
:10EDD00011B91368581C1060084619705DF8044B8F
:10EDE0007047F8B506460F461446D518AC4201D117
:10EDF000002007E03A4614F8011B3046FFF7DAFF1F
:10EE0000431CF3D1F8BD2DE9F047164698468A68B1
:10EE100007460B690C46DDF820909342B8BF1346B5
:10EE2000336091F843200AB10133336023689906B7
:10EE300042BF336802333360256815F0060506D1FA
:10EE400004F1190AE36832689B1AAB422BDC94F890
:10EE500043302268003B18BF0123920630D404F1EE
:10EE6000430241463846C847013023D023681A344C
:10EE700054F80A2C03F00603042B0ABF54F80E5C66
:10EE8000002533684FF0000608BFED1A54F8123C15
:10EE900008BF25EAE5759342C4BF9B1AED18B54239
:10EEA0001AD1002008E00123524641463846C8479F
:10EEB000013003D14FF0FF30BDE8F0870135C1E7E5
:10EEC000E1185A1C30200233224481F8430094F8A0
:10EED000451082F84310C2E70123224641463846D6
:10EEE000C8470130E6D00136D9E738B50B69054689
:10EEF0000C4613B90025284638BD18B1036A0BB972
:10EF0000E0F7C0FEB4F90C30002BF3D0626ED007EE
:10EF100004D4990502D4A06DFFF7C7FE2846214608
:10EF2000E1F7B6FB636E0546DA07E4D4A3899B05D7
:10EF3000E1D4A06DFFF7BAFEDDE770B50C46B1F97C
:10EF40000E1096B0154600291E460ADAA18911F066
:10EF5000800113D14FF48062002031602A6016B026
:10EF600070BD6A46E1F770FC0028EFDB019901F4FF
:10EF70007041A1F5005359425941EBE7002140226D
:10EF8000EAE78B8973B59E0705460C4607D504F161
:10EF90004703236023610123636102B070BD01ABAD
:10EFA0006A46FFF7CAFF009E28463146FDF75BFA26
:10EFB000B4F90C3038B99A05EFD423F0030343F0C9
:10EFC0000203A381E3E743F080032060A381019B58
:10EFD000C4E90406002BE0D0B4F90E102846E1F78E
:10EFE00045FC0028D9D0A38923F0030343F0010393
:10EFF000A381D2E7F8B50E461446054618B1036A58
:10F000000BB9E0F73FFEA369A360A3891A0701D5F6
:10F01000236943B921462846E1F7BAFB18B14FF0FE
:10F02000FF373846F8BD2368F6B222693746981A8A
:10F030006369834205DC21462846FFF756FF002816
:10F04000EDD1A368013BA36023685A1C22601E70A7
:10F05000431C62699A4204D0A389DB07E1D50A2EDA
:10F06000DFD121462846FFF740FF0028D9D0D6E758
:10F070001F2938B505460C4604D9162303604FF006
:10F08000FF3038BDC26B12B152F821304BB928465F
:10F0900000F016F8224601462846BDE83840E1F760
:10F0A000F5BB012B0AD0591C03D1162303600120A4
:10F0B000E7E70021204642F8241098470020E0E7C7
:10F0C000FCF73DBDC9B20346024410B59342184651
:10F0D00001D1002003E0047801338C42F6D110BD49
:10F0E000F7B5044614F4004C4FF6FF7608BFFF2630
:10F0F00020F40040050205F4E065C0F306209E42BE
:10F10000019145EA000504F0380E0846897904D2D9
:10F1100001A800F0BBF900271AE06FF30F044EF0CE
:10F12000800EEE1844EA0E0444EA162436020C312E
:10F13000B6B2471834434450391D2944BCF1000F7E
:10F1400009D021F8023C1146E2F770F80028E2D11C
:10F15000384603B0F0BD01F8013CF4E770B5044651
:10F160000E4615680A460021FFF784FD25F4004588
:10F1700020462122314600F0D3F8290A04312046E6
:10F18000C9B200F053F9A3791C44E56070BD026870
:10F1900010B501F0040022F40044C2F3062200215D
:10F1A000043240F0290000F000FC10B183790344E0
:10F1B000DC6010BD0346002200681A600179E2F7A6
:10F1C00035B810B50021FFF7E2FF044608B900206A
:10F1D00010BD0179E2F72AF80028F8D1A3790C33A1
:10F1E000E018F5E72DE9F0411746056801F0040144
:10F1F00025F400452C0204F4E064C5F306252C43F5
:10F2000006461A46043441F0290507B18BB13B4646
:10F210002146284600F09CFC804650B1E1B200F047
:10F220007FF93B462A4641463068BDE8F041FFF78A
:10F2300057BF0020BDE8F0812DE9F341002401F023
:10F2400004010668074641F0290510682946146044
:10F25000019000F025F9019800F0A7F926F4004686
:10F26000310201F4E061C6F30626314380460122F3
:10F27000043101A800F017FB30B101A800F006F935
:10F28000204602B0BDE8F08143462A46019938681D
:10F29000FFF726FFF5E708B5F8F79CFA08B1C36851
:10F2A0001BB1003818BF012008BD4069F6E72DE901
:10F2B000F0478846164658B352B3E1F7FFFF0746BA
:10F2C00040B3B1460025BA469AF806109AF80740AE
:10F2D0003F68641AE4B2444584BF4446012544B102
:10F2E0000C31484622465144FFF7F0FCA144A8EBFC
:10F2F00004085046E2F742F8002FE4D165B93246DF
:10F30000022052F8041B0AF09FFF2846BDE8F08750
:10F310002220FBE71B20F9E71E20F7E77047704724
:10F3200038B514460A4600210546FFF7A3FC04231E
:10F3300024F01C0444F010042C716B7138BD2DE9CD
:10F34000F74F1F469DF830308946834601930028C9
:10F3500050D0002966D00D68002D65D04FF0000A0E
:10F36000EC79A979641AE4B2BC4207D30C31394470
:10F3700058462944E41B0BEB020836E02868AA46ED
:10F380003F1B002836D00546EAE70619464588BFE8
:10F39000A8EB0004224688BF4646FFF797FC019B76
:10F3A000002B3CD0A879E4B23FBB2044A871E97996
:10F3B000AA79914233D1D9F800202F68AA4208BF18
:10F3C000C9F80070BAF1000F01D0CAF800702846E1
:10F3D000E1F7D4FF67B1BA79FC7902F10C013D463F
:10F3E000394430460027A41AE4B24045CDD306463E
:10F3F000A6EB0B0003B0BDE8F08FEA793919121AB9
:10F40000D2B2914207DA0C302844D21B0144121BBD
:10F410003844FFF716FCEA79121BEA71C7E7AA46DF
:10F420002F68D7E70846E5E72846E3E710B5C47933
:10F430000246C4F14503D8B2884228BF08460444B6
:10F44000D47110BD38B50546C079C0F14504E4B2A9
:10F45000944288BFD4B20C3022462844FFF736FCD1
:10F46000EB7920462344EB7138BD1FB50391002191
:10F47000009103A9FFF763FF05B05DF804FB13B526
:10F4800001240094FFF75BFF02B010BD38B50446BD
:10F49000206800B938BD0568E1F770FF2560F7E71F
:10F4A000034601F0EC0103B970471A79834202F078
:10F4B000130242EA01021A715A790CBF42F00102AA
:10F4C00002F0FE025A711B68EDE710B578B10268D0
:10F4D00072B9002309E0194603600B68002BF8D0CD
:10F4E0005C79E407F7D500240C600360104610BD7A
:10F4F0001146F2E720B1006810B14379DB07FAD575
:10F500007047034658B10020DA7999791B68521A7E
:10F5100050FA82F01BB15A79D207F5D5704770477F
:10F5200070B50D460446E8B186798E4203D3751A4C
:10F530008571012070BDC27906F145039B1ADBB2CB
:10F5400099420FD806F10C010144921BA81BD2B2BC
:10F550000844FFF776FB0023A371E3791D44AD1B3C
:10F56000E571E6E70020E5E710B50C4698B191B1EA
:10F570008979E279C379521AC3F14503D2B2DBB279
:10F58000934208D30C312144FFF75CFF2046E1F79A
:10F59000F5FE012010BD0020FCE70346006818B10D
:10F5A00002681A600023036070470346002003B915
:10F5B0007047DA7999791B68521A50FA82F0F6E7A7
:10F5C0002DE9F84F894614468246FFF7EEFF0546BF
:10F5D0004846FFF7EAFFA542074601D3A04208D2FA
:10F5E000BD4208D10024A346A046264647B9384666
:10F5F00004E02746F6E738D24FF0FF30BDE8F88F39
:10F600005EB99AF806809AF80760A6EB080608F13A
:10F610000C08D044DAF800A0F6B2BBF1000F0BD111
:10F6200099F8064099F807B0ABEB040B0C344C4446
:10F63000D9F800905FFA8BFB5E45354628BF5D46E2
:10F64000BD4228BF3D4621462A464046FFF7E9FA1B
:10F650000028D3D1A8442C447F1BEDB2761BABEB22
:10F660000505F6B25FFA85FBC0E70120C6E703682F
:10F670000BB9016070471A461B68002BFBD1116063
:10F680007047036803B10B600160704739B10B46E6
:10F690001A461B68002BFBD103681360016070479A
:10F6A00070B5046806460D4644B12046FFF77DFF5D
:10F6B000A84211D8236813B9E379A37170BD20461D
:10F6C0003360E1F75BFE3468F4E7ED1A2368204607
:10F6D0003360E1F753FE3468002DEFD0A279E3796F
:10F6E0009B1ADBB2AB42F0D92A44A271E6E7F8B527
:10F6F000066805460C4646B13046FFF756FFA04265
:10F700001DD8336813B9F379B371F8BD30462B6057
:10F71000E1F734FE2E68F4E7064638460768002F06
:10F72000FAD1C2798379D31ADBB2A34202D9121B70
:10F73000C271EAE7E41AE1F721FE3EB13760002C1E
:10F74000E3D028680028E0D00026E7E72E60F6E73F
:10F75000F8B504460F46BC4200D1F8BDA179E57961
:10F760006D1AEDB2C5F14506B6B20EB92468F2E7DE
:10F7700049B10C312A46214404F10C00FFF761FA2B
:10F780000023E571A3712368BB42EFD05A79D207F9
:10F79000ECD49979DD79A0796D1AEDB2B54228BF24
:10F7A0003546E2790C3010440C312A461944204485
:10F7B000FFF78CFAE379206853FA85F3E3718379D4
:10F7C000761B53FA85F5C379EDB2AB42B6B28571BB
:10F7D00003D103682360E1F7D1FD002ED3D1C5E743
:10F7E00038B50C46016809B9046038BD0D46096892
:10F7F0000029FBD1236823B12046FFF7A9FF2C6025
:10F80000F3E721462846FFF7AFFE0028EDD1F6E7E3
:10F8100038B10023027903604360836004230271DE
:10F820004371704700221146E1F726BE38B5044601
:10F830000D46FFF775FEA8B994B12079FFF7F2FFE6
:10F8400068B104606279437992074CBF43F00203C8
:10F8500003F0FD03437145235D1BC371857138BD02
:10F860000120EBE72046FAE738B5036804460D4669
:10F87000ABB11879FFF7D6FF98B1226843790260DF
:10F88000527992074CBF43F0020303F0FD0343712A
:10F8900045235D1BC37185712060002038BD0120A8
:10F8A000E8E71920FAE770B50C461646054628B376
:10F8B000006818B309B9002070BD0AB145291FD8E6
:10F8C000E1B2FFF72DFE0028F5D11EB92B689A7919
:10F8D0009E71A41A442C08D8002CECD02846E1B222
:10F8E000FFF7C2FF0028E6D004E045212846FFF7D5
:10F8F000BBFF08B11920DFE7453CEBE72220DBE73F
:10F900002120D9E72DE9F84390F8078090F8069078
:10F910000446A8EB0907FFB2B9420D4602D3002006
:10F92000BDE8F8830079FFF77DFF06460028F6D092
:10F93000A17980790C317F1B29440C30BAB2214463
:10F940003044FFF7C3F9F37901203B44F371E379C5
:10F9500099444D442368A5EB0805E57133602660A2
:10F96000DEE7F8B5076806460D463C46002305B1BC
:10F970002CB90BB100221A6034603846F8BDE37927
:10F98000A2799B1ADBB2AB4207D8E379A2799B1A22
:10F99000DBB2ED1A23462468E9E72046E9B2FFF717
:10F9A000B1FF0028F1D10746E7E75318452B02DCE9
:10F9B000C9B2E1F761BD00207047F7B500260546E2
:10F9C0000F4601960DB9019C09E000223846114608
:10F9D000E1F752FD044628B901A8FFF757FD20467C
:10F9E00003B0F0BDA97943798171EA7923F003036B
:10F9F000C2716879521A00F00300034301F10C0050
:10FA000063712918D2B22044FFF760F9019B03B952
:10FA1000019406B1346026462D68D3E72DE9F74FEF
:10FA20000C4690460746002852D0002C53D0E2796D
:10FA3000A579521BD2B29A4207D9C2460C351D4451
:10FA40002544BAF1000F0ED13EE024689B1AECE782
:10FA5000254634E0002C39D0002238791146E1F7F0
:10FA60000BFD386007468CB387B3E679F8790C361E
:10FA70002644761B5645334628BF5346C0F1450BF6
:10FA80005FFA8BFB5B45994628BFD9460C304A4646
:10FA9000294638440193FFF719F9FA794E454A444B
:10FAA000019BFA714D44AAEB090A08D12468002C85
:10FAB000CED0A579E279AA42F8D00C3525445B4531
:10FAC000BFD3BAF1000FC5D14FF0000AA8EB0A006E
:10FAD00003B0BDE8F08F2046FAE72DE9F8430E4663
:10FAE0001546074680B389B35AB30446E279A37931
:10FAF0009A4202D1A146A84611E02368002BF9D012
:10FB0000D9799A799142F5D01C46EFE72AB9B979AB
:10FB10003879E1F7B1FC024688B1A1461446424665
:10FB200031462046FFF78EFC4C4518BFC9F800400F
:10FB3000A8EB000822680644B8F1000FE6D1A5EB57
:10FB400008052846BDE8F8830546FAE70D46F8E7BC
:10FB5000452937B515461C4611DC0022C9B2E1F72C
:10FB60008BFC019040B122462946FFF7B6FF844244
:10FB700002D901A8FFF78AFC019803B030BD00202C
:10FB8000FBE738B51546C9B2FFF742FE817129443B
:10FB9000C17138BD0B6803B11868086010B14379B2
:10FBA000DB0703D5003818BF012070470068F4E771
:10FBB0000B6813B90860012070471868086020B10D
:10FBC000407900F0010080F00100704713B5002477
:10FBD0000246019438B1104601A9FFF7E9FF28B9A0
:10FBE000002C18BF2246104602B010BD019CF2E75F
:10FBF000E1F71EBE0CF049BC2DE9F0410E46074668
:10FC0000E2F7A8F983683060D90703D400242046BE
:10FC1000BDE8F08100224321E6F7B2FE05780446F4
:10FC200005F00F05032D90F801800DD1BB8A9A06CF
:10FC30000CD4BB8A9B0702D4B8F1250FE6D8032D5C
:10FC4000E5D0052DE3D0E1E7052DF2D13068E2F7EC
:10FC5000FDFE0028EDD1D9E7838A9B0602D5084630
:10FC600002F0BEBB704702F0BBBB41773120E6F724
:10FC700057BF56280CBF0123022331204B77E6F7EC
:10FC80004FBF08B5E2F776FABDE808403120E6F745
:10FC900047BF38B500F12C050446284602F05AFB50
:10FCA00050B194F8203013F0180F05D02846BDE865
:10FCB0003840002102F064BBA06A38BD2DE9F8434A
:10FCC00090F823300546012B0E4602D90020BDE8EE
:10FCD000F88390F82030D90758BF86F00106002E2F
:10FCE0004AD1077EFFF7D5FF02F02EFC037841785A
:10FCF00007F1FF389A0601F102015FFA88F80BD587
:10FD0000B8F1010F08D8012F14BF04240824837808
:10FD100003F01F0304EBC306384602F04BFB95F8D3
:10FD2000213081465B0754BF022195F825103846E3
:10FD300048BF0231B8F1010F9DBF013189B24FF0C8
:10FD4000A0084FF0000802F035FB0746EC68E2F728
:10FD500097FAA4F59673A3EB09039B1BDB1BA3EB9C
:10FD600008031B1A002BB1DD95F8210000F00C00F0
:10FD7000003818BF0120AAE70120A8E738B50446DB
:10FD80002C3002F0E7FA94F8213001288CBF43F0C0
:10FD9000080303F0F70384F821302046FFF779FFCA
:10FDA000054602F0D1FB94F82030228CC3F3800189
:10FDB000C3F340039B0043EAC10394F8211042F4CB
:10FDC0000052C1F3C00143EA0113017842F0080276
:10FDD00001F023010B430370437803B122842846CA
:10FDE000BDE8384002F0B5BB5328F8B50C4615D035
:10FDF00009D8232800F0EA80512800F0C880BDE827
:10FE0000F840FFF73EBF5628F9D191F82030DA07C5
:10FE10005CBF23F0100381F82030F0E7E2F79AF896
:10FE2000054600220221E6F7ABFDAB680646D8077F
:10FE300035D494F82330013384F8233094F82630F5
:10FE4000013384F82630002601212046FFF736FFD3
:10FE50000746C0B194F82030D80740F1818094F86B
:10FE6000213059077CD404F12C0002F073FA0128E8
:10FE700094BF00230123580094F82210E1F7D4FF27
:10FE80002046FFF77BFF2846E2F79EF8032E69D154
:10FE9000284602F0A5FA2B7B84F8273064E0002383
:10FEA00094F8212084F8233042F0100384F82130A4
:10FEB000317894F82030C1F38001C3F3800081428F
:10FEC00018D083F0040343F0100184F8201042F0AE
:10FED0005002090784F821200CD523F0080343F0D1
:10FEE000100304F12C0084F8203002F051FA332082
:10FEF000E6F716FE327894F82030C2F3C001C3F35F
:10FF00004003994228D194F82130D2064CBF43F0E7
:10FF1000040303F0FB0384F821307378B3B994F839
:10FF2000203083F0020384F82030327897078AD09B
:10FF300072789AB143F0200384F8203094F821308D
:10FF4000032643F0200384F821307DE72846E2F7BA
:10FF50007DFD0028E3D176E7012675E7022673E7E9
:10FF6000022089E7002E96D194F82130DA070AD4CE
:10FF700094F8202043F00103D60748BF6A6884F84C
:10FF8000213048BF2260002F3FF439AFF8BD91F80F
:10FF90002030084623F0300381F8203091F82130DA
:10FFA00043F0020381F82130FFF773FE02F0CCFA30
:10FFB00000212046FFF782FE00283FF420AF94F88E
:10FFC00022100120BDE8F840E1F744BF91F820304D
:10FFD000DD06DBD518070BD46568E2F751F92D1A59
:10FFE000B5F57A7FD2DB2046BDE8F840FFF7C6BE04
:10FFF00091F821301907EFD504F12C0002F0AAF98D
:020000040803EF
:100000000128E9D9C2E7E7F755BA0A2802D8013032
:10001000C0B27047242801D80230F9E7252805D05E
:10002000262805D0272818BFFF20704700207047DA
:100030000C20704708B5E7F743FA20B1BDE8084047
:100040002020E2F7ABBA08BD704770477047704791
:100050008B69184700207047704770474FF00000C9
:10006000704700207047704770470020704700209D
:1000700070470020704700207047002070474FF005
:10008000FF3070477047704700207047002070476E
:100090007047704770477047704770477047F0F778
:1000A000B5BFF0F7BBBFF0F7D3BFD6F73DBE704783
:1000B00008B5E1F797FD18B1BDE80840E2F7E4BAEA
:1000C00008BD2DE9F8430E6A05460C461EB10660D0
:1000D0000020BDE8F883088B4B8B18440A3080B2AF
:1000E000E1F73EFE286090B32046E1F76DFFD5F8BA
:1000F00000800A2198F806704046FFF797F90C3700
:10010000A37B08EB070989F80730637B314689F840
:100110000630628B238B20461344A9F80830237BDA
:100120004FF6FF7289F80530636848F807302B688E
:10013000E1F77CFF238B628B1344984201D1266048
:10014000C6E72B681BB12846E1F7CEFD2E601920CB
:10015000BFE710461946704737B50C4605460DF106
:10016000060101A8E2F752FB43F6FF739C420DD053
:1001700047F6FF739C4209D0BDF904309C42B8BFDA
:100180001C46BDF906309C42A8BF1C46AC8103B09A
:1001900030BD70477047002070470020704770479F
:1001A000112070470020704700207047704770474B
:1001B000002070477047704701238371D31CC371BF
:1001C0004379417343F00303827343717047002006
:1001D0007047704770474FF0FF30704700207047FE
:1001E0007047704700207047002070474FF0FF3085
:1001F0007047112070470020704701207047002091
:100200007047002070470020704770477047704764
:1002100007B501A80191FFF739F9002003B05DF897
:1002200004FB7047704700207047002070477047FC
:1002300000207047002070477047704700207047CB
:10024000002070477047704770B515461A1D0E465E
:10025000D2B20E21FFF7B0FF83790C33184401238B
:10026000A0F803608370457170BD38B504460D4633
:10027000FF21FFF7A1FF83791C44A57338BD38B572
:1002800004460D463E21FFF797FF83791C44A57372
:1002900038BD70B50E4615460F210422FFF78CFFBE
:1002A00083790C33184401238680C370857070BD38
:1002B000FFF782BF10B504460023FFF7C5FF2046B5
:1002C000BDE81040E2F70CBC2DE9F0418046022069
:1002D0000F4616461D46FFF7A5FA044688B10C21C5
:1002E0000822FFF769FF83790B441C449DF81830FE
:1002F000A4F803806771E6802581A370E2F7F0FB24
:100300000120BDE8F08108B50220FFF78BFA30B17B
:1003100001221121FFF7B3FFE2F7E2FB012008BD44
:10032000F8B504460F461646132109221D46FFF76D
:10033000A6FF83790C331C441323E770A370267146
:100340002B68C4F80530AB88A4F80930BDE8F84044
:10035000E2F7C6BB70B5054602200E46FFF762FA0B
:100360000446B8B12846E5F7A1F901F0DEFA00F03D
:10037000010004221421A0602046FFF780FF142210
:10038000A3790C3323449A70A3F803505E71E2F70B
:10039000A7FB012070BD08B509F0F9F908BD2DE9EA
:1003A000F041074602200D4690461E46FFF73AFAF6
:1003B0000446E0B109222121FFF761FF0A22837977
:1003C0000C331C44BDF9183084F8038093FBF2F31E
:1003D00023729DF81C30A7806372BDF92030A6718E
:1003E00093FBF2F3E571A372E2F77AFB0120BDE81B
:1003F000F08137B50446FFF7D8F8FF22A379C0B2E1
:100400000C33E518E254831E6B700D23AB70AB798F
:100410001C38012BE8768DF8073009D10023E91D3F
:100420001A460DF10700FFF7DBFE9DF80730AB71B0
:100430002046E2F755FB03B030BD00F0F2B970473B
:10044000704738B5044602F009FD054658B9C82082
:10045000E2F7F6F9C82202212846E2F78FFA844231
:10046000A8BF044624B22046E2F7EAF902F0F6FCFF
:10047000BDE83840C8220221E2F780BAB0F9002076
:10048000B1F900302DE9F3479A4204460D464BDCA2
:100490000BF094FC8046E5F767FB002841D1E2F7BA
:1004A00081FA824602F0DAFCC8220221E2F766FAFB
:1004B0000DF10601814601A8E2F7A8F947F6FF739E
:1004C000B5F900209A4204BFBDF806202A80B4F98D
:1004D00000209A4204BFBDF804302380B5F9000023
:1004E000FFF7AFFF0746B4F90000B842C4BF384673
:1004F0002780E2F7F5F903F0FAF8064660B15046B6
:10050000E2F7EEF94846E2F79BF940460BF051FC62
:10051000304602B0BDE8F087E2F744FA20802F8031
:10052000F3E741F20C06F0E72126F1E730B190FA4B
:10053000A0F00123B0FA80F08340D8B2704770B5C4
:10054000064601F0F8F9C0F3801484F001040206B5
:100550000546E4B206D40821304601F084FE44EAA0
:100560004004E4B2EB0506D40B21304601F07BFEDB
:1005700044EA8004E4B2204670BD4B1E032B10B544
:100580000C4601D8032902D10023184610BDFFF7FD
:10059000D6FF04EA00038443F6D1F6E72DE9F743DA
:1005A000044688461646019301F0C5F9C0F340158C
:1005B000204601F03CFC21468146284601F0ACF97A
:1005C000074606B32046E5F789F88046204601F045
:1005D00031FC32460146019B1FFA88F0E2F7D4FB5A
:1005E0002146284603F078FD2021204601F0A9F994
:1005F00057E8003F43F4805347E80032002AF7D120
:1006000003B0BDE8F08301A8FEF740FF99F80110A0
:10061000404601F00F0101F0C1FE2A46062814BF32
:1006200001463146204601F0B4FBD9E7032970B5F5
:1006300006460D4614460CD0042919D0012915D1BF
:10064000222101F0BDF92846314603F075FD002056
:1006500070BD136812791B680021FFF79FFF00220D
:100660002368314601201A6003F066FD0120EFE7A0
:1006700013680C221B68EFE7012910B504460CD162
:1006800001F059F92146C0F3401001F045F900236B
:10069000817C1A462046FFF781FF012010BD2DE91D
:1006A000F7430F46054601F046F900F02009C0F374
:1006B0004018284601F0BBFBBB7900780C333B4463
:1006C0005E789B7800EA10101E403040FFF72EFF46
:1006D000044648B9B9F1000F06D12846FFF72FFFAD
:1006E0003040FFF723FF0446284601F0A3FBE6F75E
:1006F000F7F8A04223D01CB30221284601F063F989
:1007000000210646284601F025FA1821384603F054
:100710005AFC384603F048FCB6B23946447084703F
:10072000A0F80360284603F034FC234622462946FD
:1007300040460096E2F77CFB03B0BDE8F08300245E
:100740002646E2E770B504460D4603F025FD28B9BC
:1007500029462046BDE87040FFF7A1BF4028294642
:100760002046BDE870404FF0160314BF2A22232212
:10077000E7F75EBD38B505460C4601F0DCF88306A8
:1007800004D42046BDE83840E0F7F8BD21462846AD
:10079000BDE83840FFF783BF2DE9F3418C79064669
:1007A0000C340C440D4601F0C6F8A17807463046DB
:1007B000FFF7E3FE617880463046FFF7DEFEB4F8CF
:1007C000032003460092C7F3401042463146E2F749
:1007D0002FFB284602B0BDE8F041E0F7CFBD08B5D9
:1007E0008B790B441B7B162B03D0172B05D00020D5
:1007F00008BDFFF7A7FF0120FAE7FFF7BBFFFAE705
:1008000008B58B790B441B7B162B03D0182B05D016
:10081000002008BDE2F736FB0120FAE7FFF7BCFF36
:10082000FAE77047022805D0032805D0012806D131
:10083000E3F7DAB8E3F7C8B80020E3F713B8704776
:1008400010B1012803D070470120E3F70BB8002056
:10085000FBE7F7B51F468B1E012B04460D461646D7
:1008600005D9032D1DD8DFE805F012181218FFF77F
:10087000B2FC0023CDE90004F01A18BF01201A468B
:100880003946FFF7B6FC0028EBD1012003E02046F3
:1008900001F0E5FD002003B0F0BD204601F0EFFDC2
:1008A000F3E7FF20F7E72DE9F0471D4600239146C7
:1008B0000446DDF820A00F460AF10E01C380C9B23C
:1008C000FEF7B4FDB9F1000318BF0123A6790AF1C0
:1008D0000C0A0C3604EB060888F801A005F00F0599
:1008E00045EAC315A35D4A4603F040031D439DF846
:1008F00024103B46A55508F10200FFF7AAFFA35DAF
:1009000060F38613A3553B68C8F80830BB88A8F885
:100910000C30BDE8F0872DE9F0410F460446242154
:1009200018461E4615469DF8188001F07AFFC31937
:10093000B8F1000F37D1033E012E94BF03220222EB
:1009400040F27126520006FB023342F210726089B7
:1009500041007143A1F2E2469642A8BF16466A1AC8
:10096000921BD21A002AC2BFB2FBF1F202FB0112A3
:10097000AD1AEA1A09D55242B2FBF1F707FB011C86
:1009800001FB1722654402B96D1AEB1A8B4240F243
:10099000E2470AD8B3FBF7F3022298B2E271208152
:1009A0002846BDE8F0810122CAE75B1ABB42B8BF06
:1009B0003B46B342A8BF3346B3FBF7F107FB113305
:1009C000CAB2002BEAD00132D2B2E7E7C0F38453B7
:1009D00003EB830300EB830080B27047F8B500237C
:1009E0001360047D05468068FFF7F0FF14F00807E8
:1009F000034603D00B446B600120F8BD6E68701A8B
:100A0000B0EB030CF8D514F001000AD1D5E903745A
:100A1000E41B14EB0C0FF0D419448E1B16606960B4
:100A2000EAE73846E9E710B50446E3F7CFFA61682C
:100A3000E069E3F755FBBDE8104001F047BD38B56C
:100A40000C46C94301F001010546E3F789FBA30702
:100A500002D4E869E3F76EFBBDE8384001F036BD2B
:100A600010B50446E3F77CFB2046E3F7AFFABDE898
:100A7000104001F02BBD007D00F001007047012007
:100A8000704707B5036801A80193E0F79FFE03B024
:100A90005DF804FB01F0FCBCFFF7F0BC70B5044648
:100AA0000D460BF08BF9236A06462B432362A3699C
:100AB00073B16368C3F57A75E1F7E2FBE84202D5EA
:100AC0002046E3F735FC3046BDE870400BF071B9C5
:100AD000B5F5007F04D1E06AFEF767FD2085F2E7F7
:100AE000206BFEF762FD6085EDE702F00EBE2DE99A
:100AF000F04F85B09146139A8A46B2F900201D4600
:100B0000009200229DF83830139901930A809DF8D5
:100B10004830826902930446DDF840B09DF85030B9
:100B20009DF858609DF864809DF86870002A40F038
:100B30000C8105F01C021C2A00F0EF80EA0617D495
:100B400005F00302032A08BF05F0FD0505F0F705CF
:100B500000222046218D0393E4F7A2FA40F271228D
:100B600002FB09F29042039B08D941F24500D1E013
:100B7000012605F01403142B3346E9D1A80608F02A
:100B8000FD0248BF05F0FC05012A00F0CC80B8F159
:100B9000020F08BF4FF004089A0784F8718000F133
:100BA000C5805B0740F1C480B8F1030F14BF032177
:100BB000042107F0FD03012B84F8801000F0BA80B7
:100BC000022F08BF0427B00784F8727000F1B480C8
:100BD000720740F1B380032F14BF032304230020C6
:100BE000009A84F89030E1F7C9FEEF060646A4F8B3
:100BF0005C0008D402F032F9009A94F89010E1F702
:100C0000BDFEA4F85C00139B3146188004F1780007
:100C1000FFF7A2FA47F6FF7104F18800FFF79CFA8C
:100C2000E06C94F89010FFF7BAFAFF22236A84F878
:100C300062209DF8602023F09F0343EA021305F031
:100C40001802182A08BF43F0800323F060036807E6
:100C500023620CD4029AD10744BF43F020032362DD
:100C6000029B9A0742BF236A43F04003236229464E
:100C7000204600F0D9FB236AA4F8585023F007035C
:100C8000236204F16902BBF1000F59D0DBF80010B8
:100C9000C4F86910BBF8041091809DF83C20012A2B
:100CA00002D143F004032362019B03F0FD03012BF7
:100CB00002BF236A43F001032362019B023B012B25
:100CC0009EBF236A43F002032362FFF79CF994F866
:100CD00074309DF85C2084F8730023F00F03C0F398
:100CE0000320034362F3071384F874309DF8443003
:100CF000204684F86030EB0648BF236AA4F854A06D
:100D000048BF43F40023A4F8569048BF236200F084
:100D1000A8FC002005B0BDE8F08F01264FF0060AC0
:100D20003346D1462AE74FF0030835E7022140E772
:100D300001213EE7032746E7022350E701234EE760
:100D4000C4F869B0A2F804B0AEE741F20C00E1E7E4
:100D5000F8B51646026A044622EA06020262DA077B
:100D60000D46069F0ED50846FEF790FBA3694BB9CA
:100D7000B4F85830DB0605D4B6F5007F204608D11C
:100D800000F036FB1FB139462846FEF770FC002004
:100D9000F8BD00F03BFBF5E770B50446C06A0D46B0
:100DA000FEF703FC0646206BFEF7FFFBB1B282B2F2
:100DB0002046E4F775F9A36933B140F27122B4F823
:100DC00054305343984201D8002070BDB4F85630D7
:100DD000834205D22846FEF759FB41F24500F4E76D
:100DE00000F51C70B0FBF2F0A4F85400ECE7930798
:100DF00001D5FFF753BE7047F0B585B016460446DF
:100E0000039330B903A8FEF741FB41F2420005B05D
:100E1000F0BD01291BD0022906D059B103A8FEF765
:100E200035FB41F21200F2E703A8FEF72FFB41F277
:100E30000C00ECE74FF4007700F12C05B4F85830C3
:100E40005B0709D503A8FEF721FB0020DFE74FF47D
:100E5000806700F13005F1E7039B3A46294600938D
:100E600020463346FFF774FF2868FEF79EFB1F28D5
:100E700001DC032E01D02846D1E729462046FFF7A2
:100E80008BFF20B939462046FFF708FEDDE741F227
:100E90004500BCE783693BB1B0F85830DB070FD49D
:100EA00090F86130FE2B0BD0036A43F400530362C9
:100EB0000B68C0F863308B88A0F86730002070475B
:100EC00041F20C00704738B5B0F858300446DB07E3
:100ED0000AD4204600F075FB054618B100212046D3
:100EE00000F054FB284638BD836C002BF1D1E4F7A9
:100EF00053FEA0640028ECD141F20905F2E7A0B14D
:100F0000CB0742BF036A43F4805303628A0742BFA0
:100F1000036A43F4804303624B0701D40020704707
:100F2000036A43F400430362F8E741F2420070476A
:100F3000A0B1CB0742BF036A23F4805303628A0740
:100F400042BF036A23F4804303624B0701D40020AD
:100F50007047036A23F400430362F8E741F242005A
:100F600070471FB5436B0C4623B9836B13B9002040
:100F700004B010BD9A79002198180E306A4601F02D
:100F800066FE9DF80730002BF1D0009A0120D35A5D
:100F90002380EDE738B50546FF2190F8900001F079
:100FA0000FFE2B6A04469B0209D52846E3F798FA00
:100FB000FFF75FF8837903F01F0304EBC3042046B7
:100FC00038BD10B5044609B1012010BDC06C48B948
:100FD000206D60B9B4F858309B07F5D1206AC0F392
:100FE0008050F2E7FFF7D9F80028F1D0ECE7FFF7DF
:100FF0001CF90028EED0E7E710B50446FFF7E1FF43
:10100000002814BF18200020B4F858309A06C3F303
:10101000800103F0400358BF40F0010043EA410360
:10102000184310BD38B50C4600210546FFF7C9FF2F
:10103000D0B9E30615D504F0180095F88030012BDF
:1010400011D12B6AB5F858201C0444BF02F04001AE
:101050000843910607D4920704BFC3F380331843B3
:1010600001E004F05B0038BD1820E6E72DE9F04F01
:101070008BB01E46149B0F46D3F800A09DF85480F9
:101080009DF8585003908DF81F20BAF1000F45D1FC
:101090005046FEF7C7FB044618B919200BB0BDE84F
:1010A000F08F149B186063793A4623F00103637153
:1010B00003980023CDE900640DF11F01E3F746FC1E
:1010C0000246B8F1000F06D00720A3792344197B0C
:1010D00060F3030119731AB3D7B1002339462046D0
:1010E000FEF79CFC06462046FEF770FD8146002D6B
:1010F00014BF4FF00C0B4FF0080B4BF01002CBF36A
:101100008003049205933846FEF74FFAB0420CD89C
:101110006379002043F001036371BFE75446C2E7DF
:10112000002FF5D0A1461646E1E73846FEF73DFA16
:101130000021A0EB06085846E6F7A6FB059B03B185
:101140000730C0F1FF0323EAE3739845D1BF5A4645
:10115000C0F1FC03049A23EAE37398454FF00000C2
:101160000692A8BF9846FEF75DFB069A054638B979
:10117000BAF1000F2FD023682060099309A82BE053
:10118000437909A943F0010343710023C9F8000022
:101190008DF8242001903A46009303983346E3F7F4
:1011A000D5FB1FFA88F2904206D0EB79A879023B72
:1011B000434429181B1A4B735AB133463946284603
:1011C0001FFA88F2FEF72AFC06442846FEF7FEFCCA
:1011D0000546A94697E71498FEF758F95DE7B0F879
:1011E0005830D90608D45A07C3F3800005D513F048
:1011F000030018BF012070470020704710B5044657
:10120000C06C18B9206D68B900200AE0FEF7C5FF70
:101210000028F7D0B4F8580000F00300B0FA80F0CE
:10122000400910BDFFF704F80028F3D1ECE72DE9E1
:10123000F84F054690461F46FFF7DEFE014606467C
:101240002846FFF7EFFE83462846FFF7D7FFB5F89D
:1012500058A081461AF0030F06F0EF0407D11AF0E8
:10126000200F02D11BF0010F01D006F0EE042B6A13
:1012700044EA4914E4B2C3F3805628465B0254BFE3
:1012800044F0080444F00C04FFF7A9FF48B144F00F
:1012900002040A9B88F800403E7083F80090BDE885
:1012A000F88F1AF0040F08BF04F0FD04F1E72DE9F0
:1012B000F043B0F858300446C3F30016DB0687B09D
:1012C0005CD400F138052846FEF7E0F8B4F8583051
:1012D0000DF1170813F0020FC3F3400929D031466E
:1012E00020460DF116030DF11502CDF80080FFF731
:1012F0009EFF9DF81670012331462046CDE9016717
:101300009DF815200095FFF7B1FE48B9236A57B143
:1013100043F400139DF8172042B143F48013236275
:1013200007B0BDE8F08323F40013F3E723F4801340
:10133000F5E7E76A3846FEF738F90DF1160381B292
:101340000DF115022046CDF80080FFF770FF9DF8E3
:101350001660012339462046CDE901969DF81520F7
:101360000095FFF783FE88B9236A4EB143F400135A
:101370009DF817203AB143F4801323620020CFE791
:1013800023F40013F4E723F48013F6E71920C7E7EA
:1013900070B5B0F858300446DA0686B002D50020A1
:1013A00006B070BD9B07FAD500F140063046FEF747
:1013B0006DF8256B002DF2D0B4F87330204605A9E6
:1013C000ADF81030FFF7CDFD18B1BDF81430A4F81A
:1013D0007330002307222946CDE901232046092244
:1013E0000096FFF743FEBDF81030A4F87330D7E73E
:1013F00010B504463430FEF749F804F13800FEF722
:1014000045F8236A23F46013236210BD10B5044627
:101410003C30FEF73BF804F14000FEF737F8236A52
:1014200023F40023236210BDB0F8583070B5DA06FB
:101430000446C1F3001601D50EB170BDBEB1002542
:101440002046FFF7D5FF2046FFF7E0FF04F12C0010
:10145000FEF71CF8E562258504F13000FEF716F86A
:10146000236A2563658523F4C0632362E5E7C1F33E
:101470004005C3F34003AB42DFD0FFF7B9FF20467E
:10148000FFF7C4FF4DB104F12C00FDF7FFFF236A05
:10149000E662268523F40073E7E704F13000FDF7E8
:1014A000F5FF236A2563658523F48063DDE72DE975
:1014B000F84388461146054617469946FFF79CFDB6
:1014C000014606462846FFF7ADFD0021E6F7DCF9A8
:1014D000C11C95F88000042804D195F87130032BC5
:1014E00018BF032000F066FF4FF4FA7308F1FF34D1
:1014F0005C43F30600FB0844A5F85A0015D595F89F
:101500009080B8F1040F05D195F87230032B18BF05
:101510004FF00308B5F8580000F00300012807D089
:10152000022819D004F5487478B12046BDE8F88344
:101530002421404600F03EFF10210546404600F0C1
:1015400039FF04F58A642C4404443A464146304647
:1015500001F00CFB0444E8E70E21404600F02AFFAE
:1015600005464A464146304604F58A6401F0FEFAD3
:101570002C44EFE710B50446E2F7D4FE844204D1D0
:10158000BDE810402220E5F7CBBA10BD38B50446BF
:101590000D460830E6F75AFB2046FFF7EBFF85F0D3
:1015A000010100252046FFF74AFAA06CA56110B1A1
:1015B000E4F73EFBA56404F14400BDE83840FDF7C4
:1015C00065BF70B590F861300446FE2B09D16330D9
:1015D00000F055FF00F04CFF18B1236A43F40053AC
:1015E000236242F20103256A2B40012B36D0A90762
:1015F0002BD5C5F3800504F1690600223146284643
:10160000FEF7F4FD002184F86200FEF700FE0022E0
:1016100031462846FEF7EFFD18B194F96200002824
:1016200015DA236A23F002032362B4F85830DA078C
:101630000BD59B0709D4012231462846FEF7DBFD76
:1016400018B1236A43F008032362002070BDB4F888
:10165000581001F00101FEF7DAFDE6E741F2120051
:10166000F4E738B504460AF0A9FB628D0546218DE2
:101670002046E3F715FDB4F85410B4F85620E060A6
:10168000521A40F2712101FB020303F59C53083307
:1016900028462361BDE838400AF08BBB38B50446C4
:1016A000B4F85820B0F95C0012F0100F94F88030B4
:1016B000C2F3001104F1780514D002461946002047
:1016C000E1F75CF901462846FEF746FD47F6FF7153
:1016D00004F18800FEF740FDB4F98400BDE838400D
:1016E000E1F76EB994F8812001F0B3FB014628467A
:1016F000F0E710B590F85E200446AAB1A1B190F8C9
:101700005F300133DBB29A4280F85F300CD80121A0
:10171000FFF73CFF236A43F4803323624FF080508D
:10172000BDE8104000F0D0BE226AD1050CD5636A36
:1017300061685B1A002B07DA01212046FFF726FFBC
:10174000236A43F48023E8E7130624D4FEF75BFC06
:101750001123B0FBF3F394F9702003EB0313C01AC9
:1017600083B212FA80F0102888BFC3F110035BB275
:10177000083A1A4484F8702040F27121B4F85420D9
:1017800020461A44636801FB023301216360BDE80F
:101790001040FFF765B90023EEE773B50446FEF786
:1017A00032FCC0F30F23542B34D9A92B8CBF022356
:1017B0000123C0B27E288CBF0222012203218DF8B2
:1017C00004301344B3FBF1F000EB40001B1A8DF81A
:1017D00005301344B3FBF1F202EB42029B1A8DF881
:1017E0000630002319461A4601AD15F8010B44FADC
:1017F00000F6F60705D55600B04003430132DBB2D0
:10180000D2B20131C9B20329EFD143EA8210C0B28A
:1018100002B070BD0023CCE7C94350E8003F0B4045
:1018200040E80032002AF8D1704738B505460C462A
:1018300001F016FB20B149F640439C4228BF1C46EC
:10184000EA68A2420BD240F27121B5F87E304B43D8
:10185000934238BF1346A34228BF23461A462A6143
:1018600038BD826A034612F4007F00F1480005D0BB
:10187000D3F82821B3F84010E6F7C0B893F87310F6
:10188000E6F7B2B80020704770470020704700208C
:1018900070477047704700207047002070477047BE
:1018A00070477047704700207047002070477047AE
:1018B0000020704701207047C82070470020704703
:1018C0007047012070477047704790F8892010B525
:1018D000531C03F00F03072B28BF0023044663F3B8
:1018E0000302034480F8892083F8821090F889303D
:1018F0006F2B4FEA13129EBF013262F3071380F879
:101900008930FFF7E1FF204694F8301101F01AFD0D
:1019100010BD70477047704710B101F1B0007047BB
:1019200001F1D4007047F8307047806A7047836ACD
:101930000B4383627047C06A7047C36A0B43C3623C
:101940007047C36A23EA0103C362704700F59C70C5
:10195000704790F8891008B50F2904D90909823019
:1019600003F024F808BD7F20FCE770B540F2712633
:1019700006FB01F345685643826A1D44D2070446BC
:1019800045600ED500F14405294690F84220E6F75F
:1019900031FB334629462046BDE87040012202F063
:1019A00080BA05EB5605456070BDD0F8A40000B9BB
:1019B000704743799B0701D40068F8E7012070471E
:1019C00080F87B10704738B504460D46E3F786FE75
:1019D00080B2FFF75CFF80B14288022DB4F840006E
:1019E00011D0032D0BD0012D06D1A38FA26B1B01AB
:1019F000B3FBF2F3184480B238BD0122EDE74FF497
:101A00007A43A26BF4E7E38F5B00073313FB02001A
:101A1000F1E738B5044602F039FC04F1A400FDF703
:101A200035FD04F1A800FDF731FD04F1AC00FDF730
:101A30002DFD2046E3F752FEC4B22046FEF715FB0B
:101A400005462046FEF713FB01462846FEF70CFB31
:101A500038BDB0F8343110B5A0F832310446E3F7A0
:101A60003DFEC0B2FFF728FF94F8303194F83121E1
:101A700004F1480101F0EDF9014604F59470FEF718
:101A80006BFBB4F93221B4F934319A4209D0A36A1C
:101A9000DB0406D52046BDE810404FF40041E3F7D3
:101AA00033BE10BD806B7047836A0A4600F148015F
:101AB000C3F34020E5F754BF70B504460E46154603
:101AC0003AB9A36A23F440534EB9A36255B9002032
:101AD00004E0E6F749F80028F3D1112070BD43F483
:101AE0008053F2E743F40053A362F0E72DE9FF418E
:101AF000836A0446DB0428D5B0F93481B0F9327129
:101B00000020E0F74FFF8045CCBF0025012501F004
:101B1000A5F9C82294F83011E0F730FF06462046B8
:101B2000E3F7DCFDB045B4BF00260126002345EAFB
:101B30004605CDE90085A8EB07073FB202971A4694
:101B400094F8301180B2FEF72AFC04B0BDE8F081B1
:101B50008A307047F8B504460E4600295BD040F243
:101B60007123876B30465F43A7F28A277F08394687
:101B700000F029FC94F89230851FADB29D423946A1
:101B80003046A8BF1D4600F01EFC94F89320831F2A
:101B90009BB29342A6F10300A8BF13460128B4F8F4
:101BA0008A10B4F88C202BD8B1F5296F44F290201C
:101BB000B8BF4FF429618142A8BF0146B2F5296F31
:101BC000B8BF4FF429628242A8BF02461B2DB8BF9E
:101BD0001B251B2BB8BF1B23304684F8953084F897
:101BE0009450A4F88E10A4F8902000F0ECFB831F12
:101BF0009BB2AB42A8BF2B46DBB284F89630F8BD4F
:101C0000B1F5A47FB8BF4FF4A471B2F5A47FB8BFFB
:101C10004FF4A472DAE71B23EFE72DE9F341876B5A
:101C2000490089B28F42044616461D463FD040F215
:101C300071224368816302FB073302FB1133436067
:101C4000E3F74CFD4FF0000887B2334642460121CE
:101C500038460195CDF80080FFF721FE3846FFF7A2
:101C600026FE41463846FFF71BFE0123E28FB242B3
:101C7000A28F1CBF0123E687AA42A26A1CBF0123D0
:101C8000A587D20700D5A3B1A38FA26B1B01B3FB1D
:101C9000F2F3204694F83011A4F8A030FFF75AFF71
:101CA0000421204602B0BDE8F041E3F72DBD00233A
:101CB000DCE702B0BDE8F081F0B585B004460E4621
:101CC0006A4600F18A0300F19207154618685968C0
:101CD000083303C5BB422A46F7D11868314628604D
:101CE0009B882046AB80FFF735FF9DF80B2094F8CA
:101CF00095309A4211D1BDF80620B4F890309A423E
:101D00000BD19DF80A2094F894309A4205D1BDF881
:101D10000420B4F88E309A4207D04FF48141204617
:101D200005B0BDE8F040E3F7EFBC05B0F0BD37B556
:101D3000044694F89250BDF818008D420BD1B4F8C7
:101D40008A50954207D194F893509D4203D1B4F83C
:101D50008C5085421BD08DF80610ADF80420019DF3
:101D600084F8921084F89330A4F88C0094F8301121
:101D70002046C4F84051A4F88A20FFF79DFFB4F82C
:101D80008E30A4F88A30B4F89030A4F88C3003B0C8
:101D900030BD70B5044616460D4671B190F830312D
:101DA0008B420AD00126012201F09AFB002229462B
:101DB000204601F055FB84F83051204694F830114C
:101DC000FFF77AFF36B12046BDE870404FF48441FA
:101DD000E3F79ABC70BD30B4C56A15F0040F0DD19D
:101DE00045F00405C56280F89E10A0F89A204FF4D3
:101DF000006130BCA0F89C30E3F786BC30BC704773
:101E000010B511B190F89E400C7012B1B0F89A1054
:101E1000118013B1B0F89C201A8090F82C00C0F308
:101E2000800010BD836A43F480638362704700F5CD
:101E3000A270704790F830017047F8B5044609F079
:101E4000BDFF65680646E0F71BFA2B1AB3F5FA7377
:101E500004D53046BDE8F84009F0ABBF40F271222E
:101E6000A16B94F874505143B3FBF1F3B4F84020E4
:101E700098B2121AA4F8402094F8732000FB15229F
:101E8000252592FBF5F705FB1722002AB8BF52194A
:101E900084F87320B4F8A020121AA4F8A020626875
:101EA00000FB1122002120466260FEF7D9FDD0E739
:101EB000F0B5036B04469D0790F87B6087B001D5B1
:101EC000FFF7A7FD236BD90700F14D81236B9A041F
:101ED00011D52046E3F702FCA16AC0B2C1F340214C
:101EE000FEF738FA002800F063814FF4005104F146
:101EF0003000FFF791FC236BD80409D50021204660
:101F0000E4F7FCF84FF4805104F13000FFF784FC53
:101F1000236B590513D52046E3F7E0FB002394F823
:101F20009F50C2B21946284601F09FFC002800F0DD
:101F30003F814FF4806104F13000FFF76DFC236BAB
:101F40005A0712D52046E3F7C9FBA16BA38FE28F96
:101F5000C1F34F0180B201F0C8FD002800F02881D4
:101F6000042104F13000FFF757FC236B1B070AD54F
:101F7000204602F06DFB002800F01A81082104F1D0
:101F80003000FFF749FC236BDF0617D52046E3F747
:101F9000A5FBE16A80B211F4805100F01C810021A0
:101FA00001F038FE002800F00381E36A102123F4D9
:101FB0008053E36204F13000FFF72EFC236B5D06D3
:101FC00013D52046E3F78AFB94F87B3080B2009368
:101FD000D4E9082301F001FE002800F0E980402147
:101FE00004F13000FFF718FC0026236B180516D506
:101FF0002046E3F773FB00230093B4F89C30B4F859
:102000009A2094F89E1080B2FEF75EF9002800F046
:10201000CF804FF4006104F13000FFF7FDFB236B2C
:1020200013F480452FD1990513D52046E3F756FBCD
:102030002B462A4694F8301180B2E0F7A5FE00281E
:1020400000F0B6804FF4007104F13000FFF7E4FBBC
:102050002E46236B1A0616D52046E3F73FFBB4F84D
:10206000903080B2009394F89530B4F88E2094F8B4
:10207000941001F001FE002800F09A80802104F104
:102080003000FFF7C9FB236B9B0610D52046E3F712
:1020900025FB94F87B1080B201F0D3FD002800F0FE
:1020A0008780202104F13000FFF7B6FB0026236B68
:1020B000DF0508D504F130004FF48071FFF7ACFB69
:1020C000204602F0FDF8236B1D0408D504F1300012
:1020D0004FF40041FFF7A0FB204601F07EF8236B90
:1020E000580308D504F130004FF48021FFF794FB2A
:1020F000204601F0CFFA236BD90308D504F1300054
:102100004FF48031FFF788FB204601F067F9236B1D
:102110009A0308D504F130004FF40031FFF77CFB3F
:102120002046FFF7D0FB236B9B0718D500222046E3
:102130001146FFF7C6FB2046FFF7C5FB2046E3F735
:10214000CDFA94F87B1080B201F03BFE80B304F12D
:1021500030000221FFF760FB2046E3F769FD012014
:1021600084F87B6025E0A76AFB07C7F3803522D59A
:10217000002D0CBF012503252046E3F7AFFA94F8A4
:102180009F30294605930023049394F84230C7F307
:1021900040020393A38F80B20293E38F0193A36B5A
:1021A000C3F34F03009304F1750301F0BEFC20B9A3
:1021B000002007B0F0BD6D00DEE7012104F1300022
:1021C000FFF72AFB50E8003F43F4005340E8003299
:1021D000002AF7D17AE601F034FDE3E608B50220E3
:1021E000FDF720FB28B9BDE808404FF08060E4F718
:1021F000B3BDBDE8084001F0C0BD826A002122F0F5
:10220000C0028262E3F77ABF012310B5A1F1200278
:10221000C1F1200423FA04F403FA02F222438B40B2
:10222000D0E9084123400A40134314BF0120002095
:1022300010BDC36A10B5044613F0080012D0012384
:10224000A1F12002C1F1200023FA00F003FA02F20A
:1022500002438B40D4E9080103400A40134314BFF2
:102260000120002010BD10B50C46C9B2FFF7E1FFF8
:1022700070B1E4F707FEC4F12002A4F12003E040AE
:1022800001FA02F2104321FA03F3184300F00100AF
:1022900010BD70B504460E46E6F74EF809F08EFD07
:1022A00005460221204684F87B60E3F72DFA20469C
:1022B0000121FEF7C4FB2846BDE8704009F079BD56
:1022C00070B50D46044609F079FD06462046E3F751
:1022D0009FF9304609F06DFD29462046BDE8704063
:1022E000FFF7D7BF0B68C0F84031704738B540F6EC
:1022F0004805D0F840310C460B609BB2AB4204D984
:102300000B21FFF7B0FF08B9258038BD44F29023B8
:102310002380FAE708B5E3F749FB01F0CAFA00F0B9
:10232000C1FD01F0F4FDE6F7EDFCBDE80840E6F77D
:1023300069BD38B50546FDF798FE04462846FDF709
:1023400096FE214602460220FDF79CFE38BD002382
:102350000384704790F8203090F82120981AC0B27A
:10236000704710B590F8203090F821205C1C9A1A24
:1023700080F8204003F0070340F82310D0B210BDCE
:1023800090F82130194401F0070150F821007047FE
:1023900090F82130013380F821307047022808D0AE
:1023A000042803D0012818BF0620704701F001015E
:1023B000C81C704710B50C46E4F7A8FA02794088AB
:1023C00004FB020010BD10B50C46E4F79FFA4388E9
:1023D000A3429BBFE41A03790020B4FBF3F010BDC5
:1023E00037B50446DFF7F0FD2046E0F747FB002352
:1023F00001A80193DFF790FE054640B9A36832209B
:1024000043F00403A360019B2362E4F789FB2846A1
:1024100003B030BDE4F71ABE38B50546E4F744FE14
:10242000044609F0CBFC2B68A360AB88A381A37999
:1024300043F00103A37109F0BCFC012038BD38B59D
:102440000C460546E4F730FE014605B10831062288
:102450002046FCF7E6FBB0FA80F0400938BD10B525
:102460000446E4F721FE036823608388A38010BD3F
:1024700008B5E4F719FE807900F0010008BD10B539
:102480000446E4F711FE836823608389A38010BDAE
:1024900070B50E461546E3F7AFFA044648B9304624
:1024A000E2F77CF9044620B92846E5F79BF9044693
:1024B00040B10020E3F7A0FA0020E2F76FF9002016
:1024C000E5F790F9204670BDEDF76EBB4FF40010B4
:1024D000EDF76ABBE4F794BB112808B502D01228C7
:1024E00005D008BD1320BDE80840E4F719BBE4F7A8
:1024F0003FFDE4F7D1FDE4F7AFFB1420F3E7E4F789
:10250000BBBA08B5E4F7C0FDE4F7E6FCE4F76AFA05
:10251000BDE808401120E4F703BB132808B502D03A
:10252000142809D008BDE4F7BFFDFFF773FFBDE82D
:1025300008401220E4F7F4BA0020E4F78BFABDE873
:102540000840F5F7F2BD704783790C3318447047A3
:102550007047002337B5044601250193204601A9A1
:10256000FDF726FB08B903B030BD01982A468379F0
:10257000C1790025C91A0C33C9B21844DFF79EFF90
:10258000ECE70378024603F00F03072B10B50FD1D9
:10259000837813F03F000AD0D37813F0100006D0F0
:1025A000012103F00F00941CE4F766FF204410BDE6
:1025B0000020FCE7512810B50C4607D1DFF7DAFD03
:1025C0002046BDE810400021FDF74FBBBDE810409C
:1025D000FDF74FBB51280B4609D18A8A18461305CF
:1025E000C2F3C02101D5E4F76BBDFDF73EBBFDF79B
:1025F00040BB10B50C780378C4F38014B4EBD31F40
:102600001BD162B9023103F00F03032B13D1062251
:102610000830FCF706FB003818BF012010BD8A788F
:1026200094060AD0CC78E40707D502F03F02062AC8
:1026300003D90431E7E7052BE9D00120EEE72DE9C6
:10264000F0410D46848A11462846C4F340021E46D6
:10265000FFF7CFFF10B10120BDE8F08115F8027B34
:10266000FDF7CBFD04F4C07880F00103B8F100025F
:10267000C7F38017294618BF01223846DBB200F0A5
:10268000DAF8014630B14FF4C0703040B0FA80F053
:102690004009E1E7FDF7B7FD0028DCD1B8F1000FF4
:1026A000F1D0E04300F4C070EFE721B140780C387E
:1026B00018BF012070470120704770B586B00446EE
:1026C0009DF828600B9D11B9012006B070BD62B95C
:1026D000012204A90DF10F00FDF793FDD0B92046AA
:1026E00010F8021BC1F3801117E0002BF0D129462E
:1026F0003046FDF777FD0028EAD12378C3F3801335
:10270000B342E1D106222946A01CFCF78AFA002830
:10271000DAD1DDE79DF80F1004A8E3F7ABFA002843
:10272000D2D10123218B00930846638BA28B01F049
:10273000C2FB0028C8D0627D531E072BC4D8238B50
:102740009342C1D9E28A9A42BED8A37F5BB9E37FA4
:102750004BB994F8203033B994F821301BB994F870
:1027600022300F2BB0D994F823001B3000F01F004B
:102770000B2894BF00200120A7E71FB50023CDF848
:102780000A30ADF80E30D0E90023CDE900230389EB
:10279000B0F90C00ADF80830E0F712F96846DFF741
:1027A000BBFD05B05DF804FB1FB5CDE900120022AA
:1027B0008DF80B308DF8082000F00F03C0F34012A5
:1027C0008DF809208DF80C30C0F3001243068DF807
:1027D0000A2001D5DFF71EFB6846DFF75DFB05B079
:1027E0005DF804FB1FB50023CDE9003101238DF80E
:1027F0000830C0F340138DF80930C0F300138DF892
:102800000A3000F00F038DF80C3043068DF80B20D2
:1028100001D5DFF7FFFA6846DFF73EFB05B05DF84C
:1028200004FB10B50C4608B9DFF7B0FE2146BDE841
:102830001040FFF7BFBDF0B587B00E4617468DF8C4
:10284000070002B9B3B331469DF80700FDF7D7FC86
:10285000044680B931469DF80700FDF7D4FC38B92D
:10286000012587B9FDF7BAFC80F001000543ECB201
:10287000204607B0F0BD012204A90DF10700FDF7C5
:10288000C0FC0546EDE79DF80710003918BF01218F
:102890000CB105B104AE30460DF10F02E4F760FF54
:1028A00028B99DF80F40013418BF0124E0E74FF02C
:1028B000FF34F8E70124DBE783790C33C2189378FF
:1028C00013F03F0004D0D3781940081E18BF012030
:1028D00070472DE9F7434FF00009044686798DF8DB
:1028E00007100C360321A0F80690904687191D4664
:1028F000FCF79CFD072224F80690A35D18F0020F58
:1029000062F30303A355BA7808F0010318BF43F03C
:10291000020363F387129DF80730BA7003B935B12B
:10292000012220460DF10701FCF78CFD0125BB7843
:1029300065F30503BB7003B0BDE8F08310B501215A
:102940000446FFF7B9FF28B12046BDE81040062134
:10295000FCF76CBD10BD70B50D4602210446FFF7B3
:10296000ABFF00B3A07900F10C02A35CA11823F027
:102970008003A354E379D5F869601B1AD8B20E50CE
:1029800051FA83F3B5F86D10204699802B6A062121
:1029900013F00C0F1EBFA35C43F08003A354BDE8EB
:1029A0007040FCF743BD70BD38B50D4604210446A8
:1029B000FFF782FF30B12046A91D0122BDE8384053
:1029C000FCF740BD38BDF7B504460F4616461D4618
:1029D0000DF10701013301228DF80730FDF77DF875
:1029E0000DF10701012220468DF80770FDF775F8FB
:1029F0002A463146204603B0BDE8F040FDF76DB8E9
:102A0000F0B5054614889C420AD2281947782E5DF5
:102A10008F4204F1010416FA84F403D19C4203DDD1
:102A2000002002E0A4B2EEE71480F0BD37B50D46F9
:102A300004210446FFF740FF78B140F2FF23ADF8D0
:102A4000003000238DF80230AB886A46ADF80330C1
:102A5000FF2105232046FFF7B6FF03B030BD38B590
:102A60000D4608210446FFF727FF30B129462046CE
:102A7000BDE838400222FCF7E5BC38BD2021FFF755
:102A80001BBF37B50C4640210546FFF715FF50B177
:102A90000A2394FBF3F4012228460DF107018DF877
:102AA0000740FCF7CFFC03B030BD10B58479C37983
:102AB00004F10C021B1B02390244D8B251FA83F311
:102AC00053709378033860F30503937010BD8378D7
:102AD00073B59A0604460D4620D0C07843071DD52D
:102AE0000121E4F7D1FE0138ADF80600E61CA37819
:102AF000FF21304603F03F030DF10602FFF780FF90
:102B000060B10378062BF2D140F2FF2342889A424B
:102B1000EDD10379002BEAD1A0F8055002B070BDC9
:102B200038B5837804469A060D460CD0C078C306A3
:102B300009D5012100F00F00E4F7A6FE0444A378B4
:102B400065F30503A37038BD38B5837804469A064B
:102B50000D460AD0C078030707D5012100F0070011
:102B6000E4F792FE2B880444638038BD70B50546B7
:102B70000E4600F06B0000211446E4F785FE54FA7F
:102B800080F4FF2C05D821463046BDE87040FFF7A1
:102B900048BEFF213046FFF744FE05F04005FC3DEE
:102BA00000F5487061190446FF2904EB000304D8BE
:102BB0003046FFF736FE204470BD1C462944F3E73B
:102BC00008B50231C0B2FFF72CFE00F5FA7008BD5F
:102BD00037B50246136A084603F0020403F4805531
:102BE000DB0705D47CB9FFF73AFC204603B030BDC3
:102BF0004CB9B5FA85F4D2F8631064090160B2F8F3
:102C000067208280F1E7019092F96230B5FA85F48D
:102C1000009300231A4619461846FDF7EAFA64099C
:102C2000E3E710B50446A378084613F03F030CD041
:102C3000E37813F0010308D0211DFFF7C9FF2378C3
:102C400060F386130120237010BD1846FCE770B5B1
:102C50001446054610220E4620460021FCF70AF8CD
:102C60002B789A064FD06B1C23606A78D30743BF3A
:102C7000F34303F001032371012348BF07239007A7
:102C800007D516F0020F0CBF1946002106336171FB
:102C9000DBB2500707D516F0040F0CBF1946002110
:102CA0000133A171DBB2100707D516F0080F0CBF76
:102CB000194600210233E171DBB2D00607D516F0C8
:102CC000100F0CBF1946002103332172DBB29006AE
:102CD00007D516F0200F0CBF194600211233617280
:102CE000DBB2510607D516F0400F0CBF1A46002282
:102CF0000133A272DBB22A7802F03F029A4282BF0D
:102D0000D21AE372227370BD1FB50C466A460021C9
:102D10000230FFF79CFF9DF8063013B1A179009AAD
:102D2000D15404B010BD30B585B004460D46023014
:102D30006A460021FFF78BFF9DF8050088B12378D4
:102D4000009A23F080032370D5F8693011181350CE
:102D5000B5F86D308B802B6A1A0704D45B0702D458
:102D6000012005B030BD237843F080032370F7E7DE
:102D70002DE9F74F06468A46144699469DF830B02D
:102D80009DF83450FCF744FD0322B7790E990C37B7
:102D900006EB070888F8032008F10400BBF1000FD8
:102DA00016D1E5B9FFF75BFB9DF83C3008F10A0B43
:102DB00083F001031D40BAF1000F15D1ACB9D9F869
:102DC0000030C8F80A30B9F80430ABF8043017E026
:102DD0002DB931B10B68C8F804308B888380012588
:102DE000E2E7FFF74CFBFAE724B3FDF7F4F9012320
:102DF0000021CDE9000B1A460846FDF7FAF9012437
:102E00000D214B1C88F80130F35DAA0103F00F037C
:102E100042EAC4121A43F255304688F802100331D0
:102E2000FCF704FB0822F35D62F30303F35503B0E0
:102E3000BDE8F08F0124C2E7CB08C05C012301F09C
:102E400007018B401840003818BF012070477047B9
:102E50007047024619460020DFF790BD00207047FA
:102E60000020704707B500214FF0FF336A4608463F
:102E700000938DF80430E4F773FD03B05DF804FBB4
:102E800038B50546006807F0B0FA0446287900F026
:102E90001F0007F0AAFA2044C0B2012894BF002006
:102EA000012038BD704770B515460E461C46FEF72A
:102EB0003AFD2B684EB103606B6843602368C0F82D
:102EC00025302368C0F8153070BD83606B68C3601F
:102ED0002368C0F829302368C0F81930F4E770B5CA
:102EE0000546FEF720FD044608F068FF064640212F
:102EF0002846FEF71CFD4FF400612846FEF71DFD35
:102F0000304608F056FF00232846236123752362CC
:102F100084F82430FEF709FD802310F0010F14BF60
:102F2000237584F8243070BD10B50446FFF765F9A9
:102F30002046BDE810401021E2F7E6BB10B504467C
:102F40004FF46061FEF7FDFC2046BDE81040FFF73E
:102F500054B97FB506460C46FEF7E5FC4FF4C06158
:102F600005463046FEF7E9FC4FF400613046FEF7B7
:102F7000E8FC4FF48060E3F7FFFE224670B9694633
:102F80002846E4F7A9FB6B4605F1100213F8011B74
:102F900002F8011DAA42F9D104B070BD6C4602F1DD
:102FA0001006234610685168083203C3B2421C461B
:102FB000F7D1E8E737B50D46ADF80420FEF7B3FCCE
:102FC000044600F12003024601992846E4F7B0FACE
:102FD000236A0133236223B994F82430013384F83F
:102FE000243003B030BD37B50D46ADF80420FEF7F0
:102FF0009AFC01990446024600F110032846E4F7C2
:10300000FFFA30B123690133236113B9237D013302
:10301000237503B030BD013903291FD8DFE801F063
:103020000209101712B190F90000704790F90100E1
:10303000704712B190F90200704790F90300704791
:1030400012B190F90400704790F90500704712B171
:1030500090F90600704790F9070070477F2070478D
:103060000028ACBF05236FF0040318440A2390FB2B
:10307000F3F05843A3F5FF7300B29842B8BF184667
:10308000C828A8BFC820704708B5C822DFF776FC5B
:10309000BDE80840FFF7E4BF10B504464FF4005008
:1030A000E3F76AFE18B12046E4F7F2FC08B9002005
:1030B00010BD0720FCE72DE9F74F81464FF4005083
:1030C0000E461746E3F758FE002849D04846E4F775
:1030D000FDFCF31E012B81BF012506F1FF33DBB29E
:1030E0009D40044698BF0C2580464FF000034FF0EA
:1030F000060240F2EC4B88BFEDB202FB03FA14F873
:103100000A1045FA03F000F0010021F00C01013330
:1031100041EA800104F80A100020D9B20193FFF7B8
:10312000B3FFA8F802B0A8F8040014F80A10019B35
:1031300021F0030104F80A10FF21042B88F8011084
:103140004FF0060208F10608D7D1002004373146B7
:1031500027766083A083FFF797FFE083A9F8320109
:1031600003B0BDE8F08FF8B504464FF40050E3F724
:1031700003FE70B32046E4F7A9FC0622054694F846
:10318000303104F14801581EC0B202FB005094F8DF
:103190003121B0F90400FFF75CFEFFF761FF06463E
:1031A00008F00CFE31460746EE8304F59470FCF7F8
:1031B000D3FFB4F93221B5F91E309A4204D04FF44E
:1031C00000412046E2F7A0FA3846BDE8F84008F092
:1031D000F0BD2046FEF73DFCF8BD2DE9FF47044653
:1031E0004FF40050E3F7C8FD002865D008F0E6FD75
:1031F00081462046E4F76AFCB0F91E600546B4F843
:1032000032710020A4F8326194F830A1DFF7CAFBD4
:1032100094F83031864294F831214FF0C80004F11F
:103220004801B5F91E80A6EB0707CCBF0026012692
:10323000FFF70FFEFFF714FF6B8B8045B4BF4FF015
:1032400000084FF001083FB2D3B901210AF1FF3A5B
:10325000B5F91E305FFA8AFA01FA0AF148EA460225
:103260000093C9B23B46204601F0F7FA2046FEF72C
:1032700019FC830803F548724308B2FBF3F36B8330
:103280002046FEF752FBC30410D5204646EA480606
:10329000E2F724FA02970196B5F91E3080B2009346
:1032A000002394F830111A46FDF779F8484604B027
:1032B000BDE8F04708F07DBD2046FEF717FC04B0DE
:1032C000BDE8F08710B50C46E4F700FC447610BD6D
:1032D00010B54C1EE4B2032C07D8E4F7F7FB062325
:1032E0005C43005DC0F3800010BD0020FCE7F0B53A
:1032F00085B00646E4F7EAFB447E054604B30623A0
:10330000013CE4B25C43035D1B0710D53046E2F795
:10331000E5F90027697E02232222CDE90177009793
:1033200080B2FDF73CF82B5D67F3C3032B554FF4D8
:1033300080213046E2F7E8F92B7E23F002032B765A
:1033400005B0F0BD70B505464FF400500E46E3F7EA
:1033500013FD002841D021212846FEF76AFF0028EE
:103360003BD02846E4F7B2FB0622731EDBB2534380
:10337000C35C04465A0730D500212846FEF723FBDC
:10338000238C984212D9C31A9BB2208483B1A28B9A
:1033900093428EBF0022D21A92B2A283628B9342D2
:1033A0008DBF0023D21A6283638301E012D320848D
:1033B000A38B93B92846FEF7BEFA43040DD42846E2
:1033C0004FF48031E2F7A0F931462846BDE870405D
:1033D000FFF778BFC31A013BD6E770BD2DE9F8436C
:1033E0000746E4F773FB037E04465B0733D40623EA
:1033F000467E06F1FF395FFA89F903FB09F900EB14
:10340000090831463846B8F90220E4F76FFB051E7B
:1034100021D014F8093020DA13F0010F1BD13846FF
:10342000FEF740FB830803F548734008B3FBF0F355
:1034300005EB8505A3836A0031463846B8F90430A8
:1034400012B2E5F749FD30B9F11E01299EBF237E76
:1034500043F002032376BDE8F88313F0020FDDE7A3
:10346000F8B507464FF400500D461646E3F784FCC6
:1034700010B911263046F8BD21213846FEF7C4FEAA
:103480000028F6D03846E4F721FB6B1E0446DBB279
:103490000EB9828B12BB062202FB0343294600228F
:1034A0003846B3F90430E5F717FD06460028E1D1A8
:1034B0003846FEF7F7FA830803F548734008B3FB74
:1034C000F0F3033D012DA3839EBF237E43F002034F
:1034D0002376237E23F004032376CBE72326C9E754
:1034E0002DE9F34705464FF400500E461746E3F723
:1034F00043FCA8B13146284677B1FFF7E9FE78B919
:103500002846E4F7E3FA06F1FF38032E04465FFA93
:1035100088F808D1B1460CE0FFF7DAFE0028EFD1B9
:1035200002B0BDE8F087042E0CBF4FF002094FF047
:10353000FF09062303FB08F3E25C04EB030A67F3CD
:103540008202E2543FB1207E314600F00100FFF7D5
:103550009BFDAAF80400B9F1FF0F11D0062303FB6D
:1035600009F3E25CE61867F38202E25447B1207E79
:1035700009F10101C9B200F00100FFF785FDB0803B
:1035800022212846FEF740FE0028C9D02846FEF733
:10359000D2F90304C4D50123B9F1FF0F03FA08F1EE
:1035A0000CBF002303FA09F349B218BF5BB21943F9
:1035B000C9B2AFB1062303FB0848B8F904300122B1
:1035C00000932846002301F048F92846FEF76AFADE
:1035D000830803F548734008B3FBF0F363839FE768
:1035E00040F2EC43EBE72DE9F04F884685B0074603
:1035F000E4F76CFA062308F1FF34E4B25C4340F2CE
:10360000EC4300EB040BBBF902A005469A4525D11B
:103610003846FEF790F910F4103617D101224146D2
:103620003846FFF71DFF814680B13846E2F756F86D
:1036300002234A464146CDE90166CDF800A080B29A
:10364000FCF7ADFE2B5D66F3C3032B554FF48021D1
:10365000384605B0BDE8F04FE2F756B84FF0000924
:10366000035D3846C3F34002C3F3000646EA420650
:10367000E2F734F8F6B2CDE90169BBF902304A4607
:1036800000934146022380B2FCF789FE2B5D69F36B
:10369000C303DAE710B50446E4F718FA002106235D
:1036A00003FB01F2825C013112F0080F05D02046C5
:1036B000BDE81040C9B2FFF796BF0429F0D110BD94
:1036C00038B50C460546E4F701FA0622631EDBB264
:1036D0005343C25C110709D442F00802C2544FF4AC
:1036E00080212846BDE83840E2F70EB838BD0020FA
:1036F000704741F0004141F4E021016070470368E8
:1037000061F3DB43036070477047704710B5DFF724
:1037100021FA837900210C33C418E078E0F7D2FF56
:1037200068B1211DFDF7B6FB0446DFF719FAE2B2D6
:103730000023BDE8104042F23501FCF785BD41F29F
:103740004204F2E72DE9F041DFF704FA837900261D
:103750000C33C418E778DFF7FDF90568DFF7FAF9ED
:10376000A7F1FE025142066051413846E0F7AAFF38
:103770002279044690B1B0F85830DB060ED52B46BE
:103780003146FDF739FB0446DFF7EAF9E2B20023E0
:10379000BDE8F04142F23701FCF756BD2B4600214F
:1037A000204601F06EFAEEE770B5DFF7D3F98379C2
:1037B0000C33C418E678DFF7CDF90568DFF7CAF9EE
:1037C0000023A6F1FE025142036051413046E0F76A
:1037D00079FF2279044690B1B0F85830DB060ED557
:1037E0002B460121FDF708FB0446DFF7B9F9E2B2E9
:1037F0000023BDE8704042F23801FCF725BD2B469E
:103800000121204601F03DFAEEE710B5DFF7A2F9FD
:10381000837900210C33C418E078E0F753FF616826
:10382000FDF76DFB0446DFF79BF9E2B20023BDE82C
:1038300010404FF61941FCF707BD10B5DFF78AF9C4
:10384000837900210C33C418E078E0F73BFF61680E
:10385000FDF76EFB0446DFF783F9E2B20023BDE813
:1038600010404FF61A41FCF7EFBCFE282DE9F84353
:103870000646894690461F4616D00220FBF7D2FF27
:10388000044690B106221221FCF7F9FC1223A57917
:1038900020460C352544AB7085F803902E71A5F8B1
:1038A0000580EF71DFF71CF90120BDE8F8830020E7
:1038B0007047704710B5DFF7E9FB0446FCF7C0FC22
:1038C0002043C0B210BD38B5DFF744F98179C37920
:1038D00001F10C025B1A024400210220DBB2B2F8B3
:1038E0000350FCF735F9044640B9DFF739F90722F0
:1038F000BDE8384042F21901FCF7CBBC2846E1F79D
:10390000D5FE38B12146E5F711FA0446DFF728F96C
:103910002246EDE72046DDF731FD0224F6E770B5DB
:10392000DFF718F983791844B0F80F60B0B2E1F707
:10393000BDFE80B1002100F030FE0546DFF710F932
:10394000044602232A4642F21B01FCF77DFCA379C0
:103950001C44668270BD0225F0E770B5DFF7FAF807
:1039600083790C33C418B4F803502846E1F79EFE5F
:10397000A0B1611D00F011FE0646DFF7F1F8044624
:103980000223324642F21A01FCF75EFCE37923443B
:103990009D72E3792D0A1C44E57270BD0226ECE7A6
:1039A00010B5DFF7D7F883790C3318444479B0F8B1
:1039B0000300E1F77BFE60B12146E4F795FF044682
:1039C000DFF7CEF82246BDE8104040F20641FCF792
:1039D00060BC0224F4E770B5DFF7BCF883791844C3
:1039E000B0F80F5008F0EAF904462846E1F75EFE09
:1039F00080B11621FEF764FC0025204608F0D9F9B5
:103A0000DFF7AEF82A46BDE8704000234FF60441C8
:103A1000FCF71ABC0225F0E7F8B5DFF79BF88479CC
:103A200005460C340444B4F80300E1F73FFE0646B3
:103A300040B9DFF795F80222BDE8F84042F21301E1
:103A4000FCF727BCAA79EB7900219B1A0C320220E3
:103A5000DBB22A44FCF77CF8014618B9DFF780F89E
:103A60000722E9E78379033383713046B4F80D50B8
:103A7000B4F80F70E4F7DEFE04463A4629463046B5
:103A8000E2F722F9DFF76CF82246D5E738B508F0FF
:103A900095F90446FFF70EFF00280CBF0C25002502
:103AA000DFF75EF82A4642F20E01FCF703FCDFF76F
:103AB000F5FA2046BDE8384008F07BB910B5DFF7CD
:103AC00049F883790C330344B3F80300B3F80510C5
:103AD000C0B2E2F70FF9DFF743F8BDE8104000236A
:103AE00042F224011A46FCF7AFBB2DE9F8438146A8
:103AF0000220884617461E46FBF794FE044690B106
:103B00000A220321FCF7BBFB0023A57920460C35D4
:103B10002544EB70A5F80490A5F806802F816E81EE
:103B2000DEF7DEFF0120BDE8F8832DE9F043814692
:103B300085B002200E461F469DF844808DF80F2068
:103B4000FBF770FE0546002844D022222921FCF70D
:103B500096FB0022AC7930460C342C4404F10E0361
:103B600004F11401C4F80E209A806261228300914E
:103B70003A460DF10F01FCF734FB9DF84030A4F8F4
:103B80000490E37006F00103A3719DF80F3016F066
:103B9000FD0FE3713B68A360BB88A3814FF6FF7301
:103BA00004D0032E08BF43464FF0FF08BDF8302075
:103BB00028466283BDF8342084F82180A283BDF8B2
:103BC00038206384E2839DF83C2084F82020DEF7CF
:103BD00087FF012005B0BDE8F083F8B50746022055
:103BE00016461D46FBF71EFE044690B10C2204212A
:103BF000FCF745FBA1799DF818300C312144204693
:103C00008F80C1F80660C1F80A50CB70DEF768FFFC
:103C10000120F8BD70B5064602200D46FBF702FEF6
:103C2000044668B103223021FCF742FBA379204609
:103C30000C332344A3F803609D70DEF751FF01208D
:103C400070BD70B5064602200D46FBF7EBFD04463D
:103C500088B104220821FCF72BFBB5FA85F2A37981
:103C600052090C3323442046A3F803605A719D7017
:103C7000DEF736FF012070BD2DE9F84381460220B2
:103C8000884617461E46FBF7CDFD0446B0B10B2211
:103C90000721FCF7F4FAA579BDF820300C3525444E
:103CA0002046A5F80390A5F80580A5F80770A5F8AB
:103CB0000960A5F80B30DEF713FF0120BDE8F8839B
:103CC000F8B5074602200E461546FBF7ABFD044645
:103CD000A0B10D220521FCF7D2FAA37920460C33BE
:103CE0002344A3F80370A3F80D602A68C3F80520E5
:103CF0006A68C3F80920DEF7F3FE0120F8BD2DE95C
:103D0000FF41164680460F466A466D460A9C03F1FF
:103D1000100E9446186859680833ACE803007345E0
:103D20006246F6D124B90220FBF77CFD044608B3B5
:103D30001D22ED212046FCF798FAA3790C33234489
:103D4000A3F80380A3F80D702EB13268C3F80520E4
:103D50007268C3F809200F332A4603CA596004A9C0
:103D60008A421860154603F10803F5D12046DEF7B4
:103D7000B7FE012004B0BDE8F08137B51321827988
:103D800001900C328154851800220321C280FBF778
:103D90004DFB0198E2F7F4FA04460198FFF787FD1E
:103DA000204410F0FF0004D101A8FBF76FFB03B023
:103DB00030BDA8708000013068700198DEF790FE79
:103DC000F5E770B5064602200D46FBF72BFD0446CD
:103DD00078B104220521FCF76BFA0022A379204672
:103DE0000C332344A3F803605D719A70DEF778FE0C
:103DF000012070BD13B5837901900C33C418C05CE9
:103E0000E1F754FC20B901A8FBF740FB02B010BD5C
:103E1000019962788B7912F0300F03F104038B71F2
:103E20004B790CBF43F0010303F0FE034B71E2F743
:103E300065F9EBE72DE9F041DEF78CFE83790C3371
:103E4000C418B4F803801FFA88F0E1F72FFC074686
:103E5000E8B1A2796179FDF72FFE0646DEF780FE14
:103E600005460223324642F27A01FCF7EDF9AB79BE
:103E70001D44A5F8128066B9A37953B13846FDF701
:103E8000D9FF01463846BDE8F041FFF719BC0226CC
:103E9000E4E7BDE8F0814368143B4360A0230B6076
:103EA00070471AB94268A2EB530242600A6802EBFB
:103EB00083020A60704730B58842BDF80C4019D8BB
:103EC000052817D9B1F5486F14D8B3F5FA7F11D288
:103ED00040F67645A2F10A0080B2A8420AD803FB58
:103EE00004444C4312B26400B4EBC20F94BF0120EF
:103EF000002030BD0020FCE7C94350E8003F0B40E4
:103F000040E80032002AF8D170470020704708B519
:103F1000E4F7CEF8BDE80840E4F722BB2DE9F04114
:103F200004460F4600260125214686F00100FDF7D4
:103F3000F3FC4FF48051FFF7DFFF836880463BB10D
:103F4000028ABA420CD1002201212046984705403E
:103F5000731C022B4FF00106E6D12846BDE8F08124
:103F60000268D10502D500221146EEE79307EFD58E
:103F70002046FDF71AFD02460028E9D10521D8F8B0
:103F80000830E2E708B5FDF7E1FC00230380436059
:103F900008BD38B504460D46FCF751FA29462046BF
:103FA000BDE83840E2F7AAB810B583790446034467
:103FB000187BE4F76DF801462046FBF737FAA07945
:103FC0000C30204410BD07B540F20332C280427964
:103FD0008DF8071042F0030242710DF10701012232
:103FE000FBF730FA03B05DF804FB70B50C460546EC
:103FF000072120461646FFF7E6FF2046FFF7D4FFCD
:10400000214646702846BDE87040FFF7C2BF38B56C
:104010000C4600210546FDF7D6FC47F6FE73241A30
:10402000A4B29C4205D928462821FEF732F9002087
:1040300038BD0120FCE738B504460D460146002096
:10404000FDF76AFC03689B0505D429462046BDE8B8
:104050003840FFF7DCBF002038BD2DE9F0411546A0
:104060001F469DF81880FDF757FC044607F0A6FE92
:10407000B8F1010F064623D154E8003F43F48073A2
:1040800044E80032002AF7D105B354E8002F42F487
:10409000007244E80023002BF7D1FF212046FFF7F0
:1040A0002BFF54E8002F48EA020244E80023002BCB
:1040B000F7D13046A5602782BDE8F04107F079BE10
:1040C0004FF480712046FFF717FFDDE74FF40071D2
:1040D0002046FFF711FFE0E773B5064601200C46C6
:1040E000FDF71AFC002305461A4600932146304688
:1040F000FFF7B3FF6B6863B14FF480712046E1F7BF
:1041000003FB55E8003F43F4007345E80032002A02
:10411000F7D107F053FE05462046FDF717FC28B1FE
:1041200003881BB14FF40070FEF7CEF9284602B0A9
:10413000BDE8704007F03DBE38B505460C46FDF7BA
:10414000EBFB83684BB102212046002298472146B1
:104150002846BDE83840FFF7BFBF38BD012938B554
:1041600005460C4608D0CC1E012C03D80146012080
:10417000FFF7E2FF012038BD2221FDF721FC204698
:104180002946FFF7D9FF0020F5E708B5FDF7C4FB86
:10419000006800F0F00008BD10B50146044601209B
:1041A000FFF7F3FF20B92146BDE81040FFF7EDBF50
:1041B00010BD70B506460D4601460120FDF7ACFB6B
:1041C000314604460020FDF7A7FB2268036842EA57
:1041D0000301C90523D4920549BF248A4FF6FF7411
:1041E000641BA4B29B0554BF4FF6FF73038A30468D
:1041F00044BF5B1B9BB29C42A8BF1C46FBF73FFF22
:10420000002804DB411B89B28C42A8BF0C464FF644
:10421000FF739C4208BF4FF0FF34204670BD01245D
:10422000FBE72DE9F34104460191014601201546C3
:10423000FDF772FB214606460020FDF76DFB804628
:104240002046FDF772FB010706D501A8FBF71EF912
:104250000C2002B0BDE8F08107F0B0FD33680746DE
:104260009A0503D4D8F800309B0509D50199301D73
:104270008D60FBF7FCF9384607F09BFD0020E8E76E
:1042800007F097FD20460199A847E2E738B50146B7
:1042900004460120FDF740FB05460C30FBF7F6F81D
:1042A000281DFBF7F3F821460020FDF735FB0446F7
:1042B0000C30FBF7EBF8201DBDE83840FBF7E6B803
:1042C00070B5014605460120FDF726FB0646043081
:1042D000FBF763F9044670B14FF400713046FFF705
:1042E0000BFE21462846A368984720B12046BDE82A
:1042F0007040DDF743B870BD00238260C0E9003133
:104300000373704708B50B4601461846FDF704FBDA
:104310004078C0F3400008BDFFF720BFCB1E012B43
:1043200070B504460D46164606D81A21FDF748FB1F
:1043300040212046E1F7E8F9324629462046BDE80B
:104340007040FFF70BBF38B504460D46FDF72DFB57
:1043500028B1012D04D122212046FDF731FB002098
:1043600038BDF8B50C468B7907460B44D3F80D6081
:10437000D3F811303246E1F719FE09212046FFF744
:1043800022FE2046FFF710FEA579E2F77BFD0C35F3
:1043900066F0FF0625440640C5F80160E2F772FDAD
:1043A0003846C5F805102146FFF7F3FD02213846CF
:1043B000E3F7AAFEF8BD70B50E460546014600209B
:1043C000FDF7AAFA012E044603D0022E11D00120D7
:1043D00070BDC16828468B7919440D31FDF764FB27
:1043E000E068DCF7CBFF00202946E060FFF774FEB1
:1043F000EDE7C068DCF7C2FF0023E360E7E738B50C
:104400000D46044601460120FDF786FA012D08D12C
:1044100000F112012046FDF747FB21462846FFF731
:104420005BFE012038BD08B5FDF785FA00F00100FC
:1044300008BD38B50C4602210546FDF77EFA0C2171
:104440002046FFF7C0FD2046FFF7AEFD4FF0FF33DB
:1044500083700223C3700F2343706023037106230C
:10446000214643712846BDE83840FFF792BDF8B5B4
:104470000C460546FDF759FA00F0010787F00107E1
:1044800029463846FDF748FA012C0646C06803D095
:10449000022C21D00120F8BD83790C33C418238964
:1044A0002846E288A188FDF7B8FB61886278490058
:1044B0005200284689B2FDF758FAF068DCF75EFF33
:1044C000002328464FF48031F360FDF73AFA29467D
:1044D0003846FFF701FEDDE7DCF750FF00234FF41D
:1044E00080312846F360FDF72CFAD3E7042910B594
:1044F000044601D0002010BDFDF717FA00F00100BE
:10450000C0F10200E2F738FC0028F3D1FBF78AF98A
:10451000014608B90220EEE72046E4F7AFF900288B
:10452000F8D10120E7E72DE9F0410F460446904617
:10453000FDF7FBF900F0010585F00105214628464D
:10454000FDF7EAF9012F064603D0032F0FD0012013
:104550000BE02046FEF7F2FC22212046FDF730FA60
:1045600028462146FFF7E8FD0020BDE8F081C0683D
:10457000DCF704FF00232046F360FEF7DFFC204653
:1045800098F80410FDF71CFA20462021E1F7BCF84A
:1045900021462846FFF7D0FDD9E737B504460D463A
:1045A000FDF7C9F900054FD50220FBF73BF9019053
:1045B00000284BD0204655B3FDF7B7F9C1070AD5FF
:1045C00005210198FFF7FFFC0198FFF7EDFC20465D
:1045D0000199FFF7DEFC29462046FEF7BAFC20468B
:1045E000FDF7A3F9C2070FD44FF400612046FDF791
:1045F000A8F906210198FFF7E6FC0198FFF7D4FC23
:1046000020460199FFF7C5FC002003B030BDFDF73F
:104610008CF9C3070DD50199032306222046E3F741
:1046200007FE2046FEF78AFC21462846FFF784FD58
:10463000EAE701A8FAF72AFF20463D21FDF729FE07
:104640002046FEF77BFCDFE70C20DEE70720DCE7F7
:10465000F7B5014604460020FDF75EF9054600F176
:1046600012074FF48060E2F787FB50B92046E1F76C
:1046700035F83A46698B80B203B0BDE8F040FFF7E9
:104680001FBB2046E1F72AF8064620466D8BFDF752
:104690004AF900220346009229463A46B0B2FFF793
:1046A0002EFB03B0F0BD83781A2B09D81B2383702F
:1046B0000288B2F5A47F07D24FF4A473038007E009
:1046C000FB2BF5D9FB23F2E744F290239A42F5D86D
:1046D00070472DE9F04304468A884E888B790D880F
:1046E000C97987B043EA012303A8ADF80C308DF8EF
:1046F0000E20EDB2FFF7D7FF04A8BDF80C909DF88F
:104700000E80ADF810608DF8125005A9FFF7CBFFB1
:104710002046BDF810709DF81260FDF7E7FD0B21F3
:104720002046FDF7A0FD40F6480544F290230028FE
:1047300018BF1D464346BDF814209DF816104D4580
:10474000D4BF0095CDF80090FB2BA8BFFB23BA4245
:10475000A8BF3A46B142A8BF31462046FDF7E7FA66
:1047600007B0BDE8F08337B5144605461046FFF79D
:104770002AFC2046FFF718FC01A904462846FDF74D
:10478000B5FD0B212846FDF76EFD6FF00403637045
:10479000002344F29022A37040F64803002818BF7B
:1047A0001346A4F803309DF80630A4F80530BDF890
:1047B0000430A4F8073003B030BDFFF7CFBC0229A6
:1047C00073B505460C4603D00024204602B070BDE8
:1047D0000521FDF719FD0028F6D0E1F791FA1B2815
:1047E000F2D94FF40040E2F7C7FA0028ECD1FBF70A
:1047F00019F806460028E8D0284601A9FDF776FDFD
:10480000314628469DF80630BDF80420E4F714FB35
:104810000028D9D10124D8E7012910B504460FD0CA
:10482000033901290AD8FEF762FD4FF48041204682
:10483000FDF787F821460120FFF77EFC012010BD1F
:104840002221FDF7BDF84FF480412046FDF779F8AD
:104850002046FEF74CFD0020F1E72DE9F0478A469F
:104860002221804615461F46BDF92090FDF7CCFC5D
:1048700060B30220FAF7D6FF064648B32521FFF7BA
:10488000A2FB3046FFF790FB6B0003F00203C5F379
:1048900040051D4385700A2540F2EC4397FBF5F770
:1048A0009945044680F801A0C7700DD04846DEF750
:1048B000B9F890FBF5F35BB2404631462371FFF740
:1048C00068FB0020BDE8F0877E23F5E71120F9E7BB
:1048D0000720F7E77FB54A1E042A03460E464FF02D
:1048E000000451D8012902D1008804B070BD02290A
:1048F00005D100885B88984238BF1846F5E74A0022
:10490000014601A8ADF80440ADF80640ADF80840F6
:10491000ADF80A40ADF80C40FAF7D8F9032EBDF80F
:104920000400BDF80650BDF8081030D0042EBDF8C4
:104930000A3035D0A84298BF2C46BDF80C209CBF49
:1049400005462046934202D814461A462346AA42F8
:1049500038BF2A46834228BF034698B2814222BF0D
:104960000B460146184692B2904228BF104680B2CC
:10497000884238BF0846B8E723464FF6FF72E3E7A0
:104980001A464FF6FF73E2E74FF6FF70ADE7A84215
:10499000F2D82B462246054618464FF6FF73D6E757
:1049A000A842EDD82A4605461046E6E7F7B54A1E66
:1049B000062A05460C464FF0000300F286800129C6
:1049C00003D190F9000003B0F0BD022907D190F99E
:1049D000000095F901309842B8BF1846F3E70A463F
:1049E000033C014668468DF800308DF801308DF8A3
:1049F00002308DF803308DF804308DF805308DF8D5
:104A00000630FAF763F99DF900309DF901509DF9E0
:104A100002609DF90500032C41D8DFE804F05947F6
:104A200043027F2298429DF9044044DB9DF9031024
:104A30008B42DEBF0F4619463B46AA4202DA2F469A
:104A400015463A46A642DEBF274634463E468D42CC
:104A5000B8BF0D469842A2BF014618460B46944285
:104A6000DEBF114622460C468242B8BF024652B211
:104A7000A242A8BF2246B342A8BF33466DB258B285
:104A80008542DCBF0346284652B2D8BF1D4690423D
:104A9000B8BF104640B2A842A8BF284693E79DF988
:104AA0000620BFE77F226FF07F00BBE77F226FF019
:104AB0007F041046BAE7194603460846B6E77F204A
:104AC0006FF07F0102460C46BCE76FF07F007AE78B
:104AD00013F1800FF3D17F221C4619461046B1E72F
:104AE0002DE9F041446B05460E4604B9846B2B6AF0
:104AF000C3F340209B052ED50CB9EB6A4BB3284677
:104B0000FCF77CFB2B6AC3F30052904211BF0120DB
:104B10005F0D87EA935707F0010007469CB194F8B0
:104B20000680284608F10C08A044FCF758FB98F8CA
:104B3000023013F03F031CBF98F80330C3F3400367
:104B40002FB95840C0B206B13460BDE8F0810120F1
:104B5000F9E72046F9E7002CD1D1F6E7F7B5026A6C
:104B6000054692050B460CD5C26A52B1FCF79FFB75
:104B70000446F0B92846DFF7DBFB0024204603B0EB
:104B8000F0BD0026184601A90196E0F777F9044622
:104B900078B905F12C073846FAF778FC019B2846CE
:104BA000EB62FCF784FB044648B13846FAF76EFC2A
:104BB000EE6241F20703192C08BF1C46DEE72B6AA0
:104BC00043F400232B62D5E7B0F85830024613F0C7
:104BD000020013D0C3F30010DB060ED4D36B0BB965
:104BE000136C5BB19A790C321344987810F03F0043
:104BF00004D0D878C0F340007047002070472DE9FA
:104C0000F3410546C06B10B9286C002837D04FF02F
:104C1000000801A9CDF80480E0F730F9044600BB94
:104C200005F13C073846FAF731FC05F13006EC6334
:104C300005F14000FAF72AFC30462C64FAF726FC0E
:104C4000019B28462B63FCF7A3FB044668B1304662
:104C5000FAF71CFC41F20703192C08BF1C46C5F8E3
:104C60003080204602B0BDE8F0813846FAF70EFCED
:104C70002B6C3046C5E90F34FAF708FC2C6300248E
:104C8000EFE72DE9F04385B08946174605460393C3
:104C900040B903A8FAF7FAFB41F24204204605B0F6
:104CA000BDE8F083022910D1C06C28B903A8FAF737
:104CB000EDFB41F20C04F1E71946FBF771FA00280D
:104CC00000F0868040F48054E8E739B101292DD006
:104CD00003A8FAF7DBFB41F21204DFE74FF4007898
:104CE00000F12C06B5F85830980704D5B9F1000F3B
:104CF000EED0990702D4B9F1010FE9D0039B4246E7
:104D0000009331463B462846FCF722F8044600282B
:104D1000C4D13068FAF749FC40F2726398420AD96C
:104D20003046FAF7B3FB41F20704B7E74FF4806867
:104D300000F13006D6E7B9F1000F0BD1BF2809D931
:104D4000B5F858309A0705D03046FAF79FFB41F284
:104D50004504A3E731462846FCF71EF80446002820
:104D60009CD1BB072FD595F8743095F8739003F05C
:104D70000F02B8F5007F49EA022915D02846FCF752
:104D800007FB0446F8B195F87430304623F00F0362
:104D900043EA192385F8739085F87430FAF776FBA7
:104DA000192C7FF47BAFBEE709F1010285F873206F
:104DB00023F00F03C2F303221343284685F874300F
:104DC000FCF775FADDE73A4641462846FCF70FF84E
:104DD000002463E770B5044606F0F0FF00210646A4
:104DE0002046DFF76FFC054628B90024304606F060
:104DF000E0FF204670BDC06C30B9286D0028F4D0AB
:104E0000FBF713FA0446F1E7FBF7C7F9044600285D
:104E1000ECD1F2E7FCF74BBB002208B51146104677
:104E2000FBF730F908BD002238B50D46044611469F
:104E30001046FBF727F93DB1A07FFBF71AF90021D7
:104E400002460420FBF71EF938BD10B504460620C3
:104E5000D2F75AFE0122014623461046D5F732F911
:104E600008B10023236010BD07B50421019001AAF9
:104E700040F20740EAF74AF903B05DF804FB70B569
:104E800006460D461C461BB98A420BD06FF08304C0
:104E90002946304600F027F92046FFF7E5FF40F2AB
:104EA000074070BD00F005F92046FAE72DE9F34709
:104EB0000024074668468846164699460094FFF740
:104EC000C4FF054620B13460284602B0BDE8F08733
:104ED0003268DDF800A0002A3AD0DAF80430CAF8C7
:104EE0001420DAB22AB923F0FF0343F00103CAF811
:104EF00004300124F6F74FF90A9B44EA0024009895
:104F0000CAF8044014F0FF0408BFCAF81440C36094
:104F1000BDF82C30C0F8089003800C9B4380002320
:104F20000193BFB14246394601ABCCF7E5FC0446DC
:104F3000009F3846F4F747FA384607F0A2FA6CB1FA
:104F4000002320463360FFF78FFF40F20745BBE7A1
:104F50000446CFE701A9CCF7A3FEE8E7019B336045
:104F6000B2E708B5CCF7D0FE18B1FFF77DFF40F2ED
:104F7000074008BD08B5F3F7EEFE10F1880F05D025
:104F800018B1FFF771FF40F2074008BD0020FCE7B1
:104F9000002373B5054601A80193FFF756FF0446A9
:104FA000A0B928460199F3F7FBFE0546019E30465D
:104FB000F4F709FA304607F064FA3DB115F1880FAD
:104FC00007D02846FFF750FF40F20744204602B0C2
:104FD00070BD2D24FAE7F8B50D4617461E46F3F7C7
:104FE00025FF044658B1002339462846336000F0B7
:104FF0007AF82046FFF738FF40F20740F8BD284610
:10500000316800F056F82046F8E708B5F4F71DF8C7
:1050100018B1FFF729FF40F2074008BD2DE9F34121
:105020004FF00008076801AB1022044638460D46D1
:10503000CDF80480F4F72BF806463846F3F7E7FF7F
:10504000384607F01EFA334610212846019AC4F864
:105050000080FFF714FF02B0BDE8F08138B50568A5
:1050600004462846F3F7D3FF284607F00AFA002340
:10507000236038BD002313B501AA0193E4F76CFA4D
:10508000044610B90198FFF775FF204602B010BD25
:1050900070B505460E46F4F79AF8044640B131461D
:1050A000284600F020F82046FFF7DEFE40F20740D9
:1050B00070BD0B4630B5421E0844CC1AA34200D83E
:1050C00030BD12F8014F10F8015D013B15700470FE
:1050D000F3E70A4401388A4200D1704712F8013DD3
:1050E00000F8013FF7E700230144884200D17047F0
:1050F00000F8013BF9E741EA002040F49020FFF777
:1051000039BF034607B541EA032343F490230193D3
:105110008B1F10465A425A4101A9E4F7E5F803B043
:105120005DF804FB0120704770B50C460646114639
:105130001D46E4F76FFA40B144EA06202A46BDE86E
:10514000704040F40040EAF7A3BD40F2064070BD55
:1051500010B50446E4F75EFA38B141EA042040F4A1
:105160000040BDE81040EAF7CBBD40F2064010BD5C
:10517000837901461A0703D506220020E4F770BAA6
:105180009B0602D506220120F8E7FF20704770B584
:10519000064614461D46E4F73DFA10B900242046A1
:1051A00070BD41EA06202A46214640F40040EAF755
:1051B0008BFD0028F3D0F1E708B5E6F787FE002065
:1051C00008BD2DE9F0410D46DDE9064816461F46AB
:1051D00000F0E7FE012C0AD860B144EA08043B461F
:1051E000324629460694BDE8F04101F0AABF2120CD
:1051F000BDE8F0812520FBE70020704710B58379DA
:105200000C46532B03D1BDE81040E5F74FB8FFF72C
:10521000AFFF2070FF280CBF2D20002010BDA0F88C
:105220006E10704701238B4090F87110194380F87D
:105230007110704708B50120DCF7BCFAC0B208BD98
:1052400083790C331844704710B50446A1F114005B
:10525000FAF7ABF9201A20EAE07080B210BD70B501
:105260001C460D461646FFF7EFFFA04207D3224625
:105270003146A5F11400FAF730FC012070BD002082
:10528000FCE773B506460C46104601929AB90A46E9
:105290000821FAF78AFB019028B922460821292023
:1052A000FAF783FB0190019818B183790C33184405
:1052B000067002B070BD01A8FAF76FF9054601A8A3
:1052C000FAF7E4F82246082128460195FAF759FC36
:1052D000E9E72DE9F0411646069A074688461D463D
:1052E000FFF7CFFF0446F8B114382A46314606903E
:1052F000FAF7F3FB854218D9069B06A81C7904F03F
:105300002004FAF7C3F87CB9424608212920FAF7AD
:105310004CFB069040B12A463146FAF7DEFB854247
:1053200006D906A8FAF7B2F800242046BDE8F081B5
:10533000069A93790C33D418D754F6E711B114397F
:10534000E5F752B91A20704738B5002204460D46D9
:1053500002200321FFF795FF014608B1A0F8015094
:105360002046BDE83840FFF7E9BFF8B504460F46D0
:10537000164605210120069A1D46FFF782FF0146C9
:1053800038B14770468005712046BDE8F840FFF708
:10539000D5BFF8BD38B50D46032104460846FFF7D2
:1053A00070FFA0F8015001462046BDE83840FFF7E5
:1053B000C5BF73B50546084611466C891A46641A7E
:1053C000BDF81830A4B29C4228BF1C46079B089E1B
:1053D00000932346FFF77DFF014630B12846348015
:1053E00002B0BDE87040FFF7A9BF1A2002B070BD3F
:1053F000012110B5002204461320FFF742FF0146A9
:1054000020B12046BDE81040FFF798BF10BDF7B5AA
:105410004489054618460F4616460193FAF7C5F823
:10542000053CA4B2844203DA011B01A8FAF75FF934
:1054300005210198FAF7FAF9014628B901A8FAF707
:1054400025F81A2003B0F0BD83790C33C218172059
:10545000C8542846A2F80170A2F80360E5F7C4F822
:10546000F0E7012110B5002204461920FFF709FFDB
:10547000014620B12046BDE81040FFF75FBF10BDD8
:1054800073B50E46002144890546033CA4B2A342ED
:10549000009128BF234603211B20FFF71AFF014676
:1054A00078B110F80F3CA0F8016003F00F0343F04F
:1054B000100300F80F3C284602B0BDE87040FFF72B
:1054C0003DBF1A2002B070BD73B50E46002144895D
:1054D0000546033CA4B2A342009128BF2346032102
:1054E0001D20FFF7F6FE014638B1A0F801602846FE
:1054F00002B0BDE87040FFF721BF1A2002B070BDB6
:105500004B88042B07D1836C08885B8998428CBF39
:105510000020012070470020704770477047704797
:105520000020704710B50446806920B10021E4F7DF
:10553000AFFF0023A36110BD07B501228DF807104E
:105540000DF10701FAF7C9FA03B05DF804FB73B572
:1055500005464FF428500C4601F07FF8064600F04F
:1055600029FE90B3022C02D8002002B070BD0020AA
:1055700031460DF105030DF10602ADF8060000F00D
:105580003FFFBDF80630621E9A42064619DC072C22
:10559000EAD9023CA3B20824ADF806300133D9B2EF
:1055A0002846FFF7C9FF21462846FFF7C5FF3146C9
:1055B0002846BDF80620FAF790FABDF8060002303A
:1055C000D3E7002BD0D00924E8E74FF0FF30CCE739
:1055D00002292DE9F34104460D461746184603D823
:1055E000002002B0BDE8F08101F037F8064600F077
:1055F000E1FD0028F4D04FF0000831460DF105031D
:105600000DF106024046ADF8068000F0F9FEBDF847
:105610000630BDF820200646934228BF1346AB4211
:1056200028BF2B469DF80500ADF80630C0B9002B09
:10563000D7D001339AB2AA42D3D2D9B22046FFF7CB
:105640007BFF39462046FFF777FF31462046BDF8FD
:105650000620FAF742FABDF806000230C0B2C0E7F1
:105660004046BEE707B501A9E5F7A0F838B9019BA8
:1056700093F82500C0F3800003B05DF804FB002020
:10568000FAE7002008B5E5F717F908B9FF2006E0AA
:10569000C37B012BF7D1436ADB06F4D5007808BD44
:1056A00037B50D4601A91446E5F780F8A0B9019A6F
:1056B000536A13F010000DD0C3F3C0232B70D27BBC
:1056C0000120531E042B8CBF00230123032A08BF93
:1056D0000023237003B030BD0020FBE738B5436AD8
:1056E0000446580705D5002320781A461946E6F7E0
:1056F000F9FE636A990706D52046E5F76BF8636AF9
:1057000023F0020363621A0719D5E5799B04C5F3F8
:10571000C0022DD4532D2DD0A5F1140CDCF10005C1
:1057200045EB0C05214611F8010BE6F77DFEF0B9BB
:10573000636A0DB343F4802323F008036362D80641
:1057400014D513F400651AD02046FFF7E9FE70B9AE
:10575000636A590736D45B0308D5214611F8010B5B
:10576000E9F77CFA636A23F480236362002038BD82
:105770000025D7E70125D5E723F48023DCE71A06C7
:105780000FD5E37B03F0FB03012BE1D021692078E7
:10579000E6F770FE636A256123F0800363620028E8
:1057A000E5D1E27B023A012AD2D8D805D0D5616989
:1057B0002078E6F77BFE00236361636A23F480733D
:1057C0006362C4E7E17BA28D012903D192B1802AF3
:1057D00028BF802259064CBF012394F830300121A4
:1057E0002078E6F77FFE0028C1D1636A23F0040326
:1057F0006362B0E74022EDE713B501A9E4F7D6FFF5
:1058000090B9019C636ADA060ED59B040CD420463D
:10581000E4F736FF2046636A43F00603636202B092
:10582000BDE81040FFF75ABF0A2002B010BD0020AB
:1058300008B5E5F741F800B908BD436ADB06F8D5BD
:105840000120F9E72DE9F04F054600F1100987B076
:10585000484605F114080C461646F9F717FE40466F
:10586000F9F714FE0020F9F7DDFF0390002800F09F
:10587000EB80012E40F2726618BF1F26012C6BD000
:10588000022C0CBF062404240221FFF755FE01213F
:105890000398FFF751FE21460398FFF74DFE03984A
:1058A000F9F783FE012384B2311B0A22009389B2E7
:1058B00042F607230398FFF78BFE04230444A4B2A7
:1058C000311B0093122242F60423039889B2FFF79A
:1058D0007FFE00EB040A1FFA8AFA039BA6EB0A0775
:1058E000012F04933ADC0024E4F77AFB002840F00F
:1058F000A580391B039889B2FFF729FE0446484664
:10590000039FF9F7C3FD6B6A2F6143F0800203F434
:10591000006323436A6215D1E4F762FB90B9F9F79B
:1059200081FF039070B13146FFF711FE002840F36C
:1059300087804046039CF9F7A9FD6B6A6C6143F4CC
:1059400080736B62686A10F0100002D02846FFF77F
:10595000C5FE07B0BDE8F08F052495E70020F9F7F4
:1059600061FF05900028BED00221E5F7B3FDB41E0B
:10597000A4EB0A04A4B28442824654D224F001016A
:105980001FFA81FB411A05A8DA46F9F7B0FE4FF07D
:10599000020BBAF1000F14D00AF101010498C9B248
:1059A000FFF7CAFD59460498FFF7C6FD059904A8FC
:1059B000F9F716FF0020F9F735FFA4EB0A0405906C
:1059C000A4B20598002834D0022C38BF0224023C2F
:1059D000A4B20F2C2DD91021E5F77CFD844283461B
:1059E00024D224F00F018CB2411A05A8A346F9F77E
:1059F0007EFE06240BF101010498C9B2FFF79CFD5D
:105A000021460498FFF798FD059904A8F9F7E8FEE8
:105A10000AF102035B449BB2BAF1000F01D00233DA
:105A20009BB21C4660E74FF0030BB2E708B10724B6
:105A3000E0E705A8F9F72AFD5346EDE700245EE705
:105A400003A8F9F723FD7DE71A2082E713B50C467A
:105A500001A9E4F7ABFE024640B9022C06D8214664
:105A6000019802B0BDE81040FFF7ECBE212002B063
:105A700010BDF7B50E4601A915461F46E4F796FE80
:105A8000F8B94FF6DF73A6F120029A4219D8A5F1B2
:105A900020029A4215D8AE4213D8019CE369B34262
:105AA00002D1236AAB4205D0636AC4E9076543F0BB
:105AB000020363629DF82030A78584F8303003B07C
:105AC000F0BD2120FBE737B590F8393004465B077D
:105AD0000D462BD4E4F7D4FD6B1E042B14D8032DF4
:105AE00012D0E379142B23D0A3696BB9684600F078
:105AF000ABF9E5F719F96946E4F740FC18B91A253E
:105B0000284603B030BDA061636AE57343F0160315
:105B100020466362FFF7E2FD054618B12046FFF715
:105B200001FDEDE72078E4F765FBE9E70225E7E70B
:105B30002125E5E707B501A9E4F738FE30B901985A
:105B4000C17B03B05DF804EBFFF7BDBF03B05DF8A8
:105B500004FB37B50C4601A9E4F728FEE0B9052C93
:105B60001AD8019D2869F9F720FD1F2814D8686903
:105B7000F9F71BFD1F280FD8012C0DD0231F012B77
:105B80000AD9214628466B6A23F404636B6203B08A
:105B9000BDE83040FFF797BF212003B030BD37B5D7
:105BA00001A90546E4F702FE90B9019C2846636A04
:105BB00023F0500343F004036362E4F74BFB2046F9
:105BC000FFF7B0FC204603B0BDE83040FFF786BDCC
:105BD000212003B030BD37B5FFF753FDFF28044641
:105BE00016D001A9E4F7E2FD90B9019D20466B6A49
:105BF00023F010036B62E4F72DFB2846FFF792FCBD
:105C0000204605F1340103B0BDE83040E9F706B89D
:105C100003B030BD73B504464A7968460D46063177
:105C2000E5F7C4F8DDE90001A4F85010090C11F003
:105C3000800FE06484F8521004F1530312D0012263
:105C4000184605F11201E5F7B1F80C35284603F0C6
:105C5000F9FB28B10122294604F15A00E5F7A6F81C
:105C600002B070BDB4F8501094F85220C4F853003C
:105C700099809A71E9E7002337B580F8723040F6D1
:105C8000FF73A0F86E3083680446DA040D46C160E5
:105C900010D443F480636A46A36040F20321204697
:105CA000CDE9004504F040FC00212046E4F7F0FB7C
:105CB00003B030BD90F87600FFF73CFFA36823F4F3
:105CC0008053E8E71FB590F87420044602F0010302
:105CD00001908DF808300BB102F002038DF8093005
:105CE00094F8753020468DF80A30039102F0A3F93C
:105CF0004FF4017101AA204604F016FC2046E4F797
:105D00003FFC04B010BDE4F79BBB0A460021E6F758
:105D100085B9427A38B5C2F380120446B0F86E00F5
:105D20000D46E6F721FA20B9A3681DB143F40053EC
:105D3000A36038BD23F40053FAE710B50446B0F869
:105D40000300E4F759FB38B1617909B141F480519E
:105D5000BDE81040FFF78FBF10BD10B50446B0F886
:105D60000300E4F749FB38B1A17809B141F480514F
:105D7000BDE81040FFF7A6BF10BD10B50446B0F84F
:105D80000300E4F739FB90B1627990F874305AB1AE
:105D900043F0010380F87430A17809B141F48051D7
:105DA000BDE81040FFF78EBF03F0FE03F2E710BD21
:105DB00010B504468088E4F71FFBB8B1E278AAB9B1
:105DC000E179A27942EA0122A0F86220E17AA27A7E
:105DD00042EA0122A0F86420227A617ABDE81040EC
:105DE00042EA0122A0F86620E4F7CABB10BD10B554
:105DF00004468088E4F700FB20B1A179BDE810409B
:105E0000E4F7E0BB10BD532838B505460C4604D175
:105E1000BDE838400846E4F7B7B906212046FFF749
:105E200037F960B96379142D03F03F02627104D031
:105E3000722D07D163F03F036371A57138BD40F245
:105E40000740FBE72120F9E700230360838083718B
:105E5000704710B5044660B1806C50B1E5F710F89A
:105E6000A06C0028FAD12046BDE810400321E4F7D9
:105E70000FBB10BD438907B58B420CD050F80C2BDB
:105E800040F2014192F87020ADF806308DF8042000
:105E900001AA04F049FB03B05DF804FB436943F039
:105EA000040343617047436923F00403436170476F
:105EB000007DC0F38000704747F230530022006835
:105EC000F1F796BE006804F0C2BA38B543690446DB
:105ED0009B070D4603D540F20941FFF7F3FFE4F7B6
:105EE000A1FB08B1A3691D702046BDE8384040F20F
:105EF0000941FFF7E1BF07B5027C012A09D0012261
:105F0000027440F20942914206D040F20A429142A4
:105F10000ED003B05DF804FB4FF4816150F80C3BE8
:105F200001AA93F870308DF8043004F0FDFAF0E720
:105F300050F80C3B01AA93F870308DF80430F4E768
:105F400038B522F000430D46114640F20322934239
:105F500004461AD0B3F5017F09D240F201229342E0
:105F600013D040F20222934209D0002038BD6FF4D2
:105F700081621344012BF8D8FFF7BDFFF5E700F06D
:105F80003AF9204601F000F9EFE763699B0704D571
:105F900040F209412046FFF795FF2846FFF759FFD9
:105FA000E3E708B5E4F736FA00B1806C08BD08B540
:105FB00000B10068E4F73CFA08B9034602E0836CDC
:105FC000002BF7D0184608BD10B5044642F62A301B
:105FD00000F043FB031B5842584110BD022806D174
:105FE00042F62A330888C31A5842584170470020A5
:105FF000704710B5044642F6293000F02EFB031B13
:106000005842584110BD90F8200000F00100704740
:106010001FB504466846E5F757F81022694604F1B3
:106020002100F8F7FEFDB0FA80F0400904B010BD81
:1060300008B5FFF7EDFF80F0010008BD70B504461C
:1060400000F1210591B92846E5F73EF8236893F859
:106050007500E3F7DFFA78B120682B46BDE87040A1
:1060600010220D2190F87500FFF75EB81022002174
:106070002846F8F7FFFDE9E770BD38B50446002370
:1060800090F8202041FA03F0C50703D442FA03F048
:10609000C0071ED40133082BF4D101F00105236899
:1060A0002A4384F8202093F87500E3F7B3FA40B14F
:1060B000234653F8200B01220C2190F87500FFF7BE
:1060C00033F80DB9002038BD00212046FFF7B6FF98
:1060D000F8E71320F7E778B14B1C0CD03F290ADC16
:1060E00000EBA10090F8310001F0030149000841E4
:1060F00000F0030070470020704710B503680446A5
:1061000093F87500E3F786FA50B12346BDE81040D6
:1061100053F8310B10220B2190F87500FFF704B8EB
:1061200010BD10B590F87430DB0706D490F87530C8
:10613000FF2B14BF0F20052010BD847CE6F72CFB3D
:10614000844234BF0C200020F6E7F8B5044642F63E
:10615000021642F603070134A4B22046E5F794F98B
:10616000054670B1E5F760F958B1284600F0B4FB78
:10617000B04204D1287AC31F58425841F8BDB842F2
:10618000E9D10020FAE71FB504466846E4F79CFF12
:106190002046E5F779F96A46C3680633144603CC0E
:1061A000596004A98C421860224603F10803F5D116
:1061B00004B010BD08B5E5F767F908B1E5F734F9A3
:1061C000C0B208BD013810B580B2E5F75DF90446EC
:1061D00008B9002010BD408800F06FFB0028F8D0FF
:1061E000207BF7E708B5E5F74FF918B1007AC31F30
:1061F0005842584108BD70B5054655F8213B044644
:1062000093F87500E3F706FA20B92846BDE8704018
:10621000E4F75ABF234653F8310B10220B2190F8B4
:106220007500FEF7B4FF234653F8200B01220C2122
:1062300090F87500FEF7ABFF20682B46BDE8704074
:1062400010220D2190F87500FEF7A1BF01302DE955
:10625000F04185B228460E46E5F716F942F60217D8
:10626000044642F603089CB12046E5F7DDF878B114
:10627000204600F031FBB84205D10EB123883380AF
:10628000607BBDE8F081204600F026FB404502D14E
:106290004FF0FF30F5E70135ADB22846E5F7F4F8E9
:1062A0000446E0E7F8B5064608460D461746FFF7F0
:1062B0004CFF044658B939462846FFF7C7FF431C30
:1062C000014606D03046BDE8F840FFF704BF032082
:1062D000F8BD2046FCE770B5054608461446E5F7CC
:1062E000D3F8064608B9012070BDE5F79DF80028EF
:1062F000F9D0E3071FD4A0073DD4630740D5B38886
:1063000058073BD5B38813F4E06002D02868FFF744
:1063100008FFB388990540D50028E5D12A6892F88E
:10632000742092071AD55B052DD52B6893F875302C
:10633000FF2B28D11DE0B388D90731D513F07000A9
:1063400002D02868FFF7EDFEB3889A0608D500282A
:10635000CAD12A6892F87420900703D40520C3E7B5
:106360000028C1D15906C6D52B6893F87530FF2B8C
:10637000C1D10820B8E7B3889A07BED40320B3E799
:1063800014F0060FBED114F40060ADD0B38813F43E
:10639000006F0CBF06200020A6E70028A4D1C2E7AA
:1063A0000220A1E738B504460846E5F76DF8054632
:1063B00008B9012038BDE5F737F80028F9D0AB88D7
:1063C00013F4E04002D02068FFF7ABFEAB889904DD
:1063D00008D50028EED1226892F87420920703D4E1
:1063E0000520E7E70028E5D113F48040E2D02368D8
:1063F00093F87500A0F1FF0358425841C000D9E757
:106400002DE9F0474FF00009044683F80090084654
:10641000A2F80090884616461D46E5F735F807466F
:1064200020B9012300202B70BDE8F08774B1E4F798
:10643000FBFF0028F5D04046FFF7DBFD30B101231C
:1064400085F8009004F120003380EDE72B463246BA
:1064500039462046BDE8F047E4F7C2BD70B51646A0
:106460001C460D4609B9012070BDF0B9297A0729EB
:1064700007D8DFE801F0042225282A04042003209D
:10648000F2E70022BDF910309342B8BF1346B34281
:106490001DDB022908BFEB6804EB060008BF5B8820
:1064A0009842CCBF0D200020DEE70846E4F7BCFF91
:1064B0000028DBD1D7E78020D6E7EB685A88E1E7F0
:1064C000EB689A88DEE70222DCE70620CCE70720AB
:1064D000CAE72DE9F043064685B00846894690464E
:1064E0000393E4F7D1FF044638B903A8F8F7CEFFC9
:1064F0000127384605B0BDE8F083E4F795FF002892
:10650000F3D0039888B1F9F750F885B24FF0FF3314
:106510004246009321462B463046FFF79FFF074631
:1065200028B103A8F8F7B2FFE3E70546EEE7207AC3
:10653000022827D003282AD0012841D1E06806305C
:106540003B462A4603994044F8F78FFF002EE8D0D7
:10655000237A032B36D103A8F8F798FF00212046B1
:10656000E4F74AFF002836D00588617B3046FFF704
:10657000B2FD0122034629463046CDF8009000F0D6
:1065800079FCB6E7E06805EB08038380D7E7039B57
:106590009A79D979891AC9B24D1E012D1FD8134491
:1065A00002291A7B04BF5B7B42EA0322237B32EA87
:1065B000030315D101233046617BE4F7E7FCC5E70F
:1065C000002EAED0039B4946009330464346327FAF
:1065D00000F036FC8DE709F1FF35ADB2C5E70D20BF
:1065E00007469EE7884270B504460D46164611D808
:1065F000012838BF01242046E4F746FF10B1438844
:10660000B34208D00134A4B22046E4F71DFF08B11C
:10661000A542F0D20024204670BD70B50C46164647
:106620001D460146B8B1B3B1022C01D0102C12D1D5
:10663000E0B2E4F75DFE4FF6FF718842024602D1F8
:1066400041F20A1070BD3046FFF7CCFF0028F7D0AA
:1066500028800020F6E72120F4E7002307B5012277
:10666000ADF80400ADF8063002210DF1060301A8D3
:10667000FFF7D3FFBDF8060003B05DF804FBF8B5E3
:106680000F461646441CA4B22046E4F7FDFE10B99E
:10669000013CA0B2F8BD00F01FF90546304600F0FD
:1066A000F7F820B1284600F0F3F80028F0D1304682
:1066B00000F0E7F820B1284600F0E3F80028E7D121
:1066C0000134A4B22046E4F7BFFE08B1BC42DBD9D6
:1066D0004FF6FF70DEE72DE9F04F9A4687B08B88C2
:1066E0000D460C88814604A90220ADF81030904672
:1066F000E4F7FEFDAB680090A888AF89059300F031
:10670000C0F838B1102F05D105A8E4F7D7FD02284D
:1067100008BF02279DF840B00BF0010B38E020467F
:10672000009AFFF75FFF0646A8B3AA886988FFF7BB
:10673000A6FF04463046FFF73DFD40EA0B00C0B21D
:1067400000B30DF10F03314648460DF11202FFF779
:1067500057FE9DF80F302BB1A8F80060184607B01F
:10676000BDE8F08FBDF81220BA420BD13A46059928
:106770000193F8F756FA019B20B9A8F80060AAF82F
:106780000040EBE74FF6FF739C4201D00134A4B206
:106790006988A142C3D20A23E0E708B5E4F774FE92
:1067A000BDE8084000F098B838B505460846E4F75B
:1067B0006BFE044610B94FF6FF7038BD0DB9608806
:1067C000FBE7E4F731FE0028F9D1F4E770B50446A1
:1067D00042F60520FFF741FFB0B10021FFF736FD7B
:1067E000054601462046FFF776FC064610220021AA
:1067F00004F13100F8F73EFA324629462046BDE85A
:1068000070400023E4F7C2BB70BD7FB504460D465F
:10681000102200216846F8F72DFA0026AA57531CCB
:1068200019D031462046FFF756FC11460346002A90
:10683000B8BFD11C04A800EBA101504200F0030036
:1068400002F0030258BF42425200934011F8102C4C
:10685000134301F8103C0136402EDFD16B4604F1A2
:1068600031051A4603CA696004A98A4228601346A2
:1068700005F10805F5D1204604B0BDE87040FFF7EA
:106880003CBCA0F5205001288CBF0020012070479F
:1068900042F60303C31A58425841704708B503042F
:1068A00009D4E4F7F1FCA0F5205080B201288CBF98
:1068B0000020012008BD0020FCE7020408B507D431
:1068C000E4F7E2FC42F60303C31A5842584108BDFC
:1068D0000020FCE7C00B70470346B3F90230408844
:1068E000002B01DBE4F7D0BC0020704708B5FFF7B0
:1068F000F3FF42F60303C31A5842584108BD08B5D6
:10690000FFF7EAFFA0F5205080B201288CBF0020DD
:10691000012008BD1FB550F80C4BADF80A3094F8B3
:106920007040069BADF806108DF8082040F2035128
:1069300001AA8DF80440039303F0F6FD10B906A8F0
:10694000F8F7A4FD04B010BD2DE9F047089C0E46F1
:1069500017469846054610B1037C012B61D02846A6
:10696000FFF79CFA14F0800930460CBF4FF0100A74
:106970004FF0200AFFF726FC1AEA000F4DD03046F0
:10698000FFF70BFF42F6052398420FD114F00102E6
:1069900019D031462846FFF705FD08B300F58854A5
:1069A0002846FFF780FA2046BDE8F0872846FFF723
:1069B0002AFB0028EAD02846FFF73AFB0028E5D05A
:1069C00041F21214ECE7B9F1000F314628460CBF32
:1069D00001240224FFF766FC2042DAD10224DFE71B
:1069E000B9F1000F11D0EB8BCBB943463A46314693
:1069F0002846FEF769FD04460028D1D140F20A413D
:106A00002846EE83FFF758FACAE743463A4631462E
:106A10002846FEF735FD0446C2E72124C0E70524D9
:106A2000BEE70724BFE72DE9F047002586B09DF8B3
:106A3000389090F81CA004460F4690460F9E0577AC
:106A4000B9F1000F09D00A464B4651460096FEF7B1
:106A50008CFC284606B0BDE8F087BAF1080FADF807
:106A6000169026D145893246043DADB29D424FF085
:106A700002014FF00900A8BF1D46FEF702FC0222EA
:106A8000814605A93046ADF81470F9F726F82A4674
:106A900041463046F9F721F80546831C3146204629
:106AA00089F80130E3F7A0FDADF81650BDF81600E7
:106AB000D0E7BAF10A0F0DF1160214BF0D210B2118
:106AC000CDE90162009301224346FEF772FC1A28C9
:106AD000ECD111233A4651462046CDF80090ADF84E
:106AE0001690FEF742FCE1E7F0B5002589B01746A5
:106AF0000122039304460E46ADF81650FFF7EBFB58
:106B000003468DF81500002844D13046FFF75CFAA3
:106B100010B13046FFF737FB3046FFF763FBB8B1E3
:106B200003A8F8F7B3FC204650F80C2B237F92F80B
:106B3000702040F202518DF8182006AAADF81A60B4
:106B40008DF81C30ADF81E7003F0EEFC09B0F0BDFE
:106B50000DF115030DF1160231462046FFF750FCEA
:106B60009DF8153002465BB9BDF816108F428BBFF9
:106B70000723C91B8DF81530D21998BFADF8161030
:106B800003992046CDE900313146BDF81630FFF7B4
:106B90004AFFDBE72A46F3E72DE9F04F89B0029080
:106BA000184605930C461546FEF74AFB80460598A5
:106BB000F8F7FBFC0023B0F1010A8DF81D3000F05E
:106BC0008B801AF0010740F087805046B5F80A9094
:106BD000DAF72EFE0646002800F08480524608F1BF
:106BE0000101F8F773F801212046059AFEF749FBE9
:106BF000B8460AEBDA7A09F1FF3B03904FEA6A0ADA
:106C0000BA4544DD36F81740012221462846FFF7F1
:106C100062FB8DF81D0068B92046FFF7D5F910B169
:106C20002046FFF7B0FA2046FFF7DCFA78B1802360
:106C30008DF81D303046F8F7DDFF059B22460093A6
:106C400028469DF81D300299FEF78FFB26E00DF1D6
:106C50001D03214628460DF11E02FFF7D1FB9DF8CA
:106C60001D300490002BE5D1029B202B1BD1ABEBF8
:106C70000803012B0BDD0DF11E0102220598F8F728
:106C80002CFF012801460CD805A8F8F730FD304646
:106C9000F8F7B0FF28460399FEF750FB09B0BDE8AE
:106CA000F08F08F10208BDF81E20ABEB08039A42F2
:106CB000C2BF09F1FF32A2EB080292B2DDE9041073
:106CC000C8BFADF81E20F8F708FFBDF81E30984287
:106CD000DDD39844013793E7042300248DF81D3059
:106CE0002646A7E71123F8E700232DE9F04F89B0E6
:106CF00004460F46164605932AB943691A0726D556
:106D000023F00803436105A8F8F7C0FB04F1440031
:106D1000F8F7BCFB00232377002E7AD000933A4685
:106D2000334618212046FEF720FB06F588562046FC
:106D300050F80C3B40F2055193F8703006AA8DF8DC
:106D40001830079603F0F0FB09B0BDE8F08F406CF7
:106D50000590D8B9054604F144084046F8F7B5FB5C
:106D6000034605900028CED09979204601F10C0207
:106D70001A44B2F801700531B2F80320997139460E
:106D8000FFF7A7FB05950028E7D022E083794FF0B5
:106D9000FF3B0C331844B0F80170B0F803A038463C
:106DA000E4F772FB03900598F8F7ABFB656CA0F174
:106DB00005081FFA88F8059B9D420CD143465246B0
:106DC00020460399CDF800B0FFF748FBE8B1002357
:106DD0000593064697E7AB790C3305EB0309B9F841
:106DE0000120BA420CD12846F8F78BFBB9F80320F2
:106DF000431F12FA83F35B45B8BF5B460FFA83FB70
:106E00002846F8F777FB0546D5E70598F8F772FBB3
:106E10009EE72046FEF725FB89E770B504460D4640
:106E20001646FFF7D1F840B933462A462146FFF708
:106E300050FB08B100F5885070BD41F20310FBE72C
:106E40001FB550F80C4BADF80A3094F87040069B13
:106E5000ADF806108DF8082040F2015101AA8DF816
:106E60000440039303F060FB10B906A8F8F70EFB8B
:106E700004B010BD1FB550F80C4BADF80A3094F8B3
:106E80007040BDF81830ADF806108DF8082040F2BB
:106E9000045101AA8DF80440ADF80C3003F044FB16
:106EA00004B010BDF0B5122785B003920777022217
:106EB00005460E46FFF70FFA044668B103A8F8F737
:106EC000E5FA00232B770023324600931221234654
:106ED0002846FEF74AFA0FE0039A304693790333C7
:106EE0009371FFF77FF948B1039B3A46009331460F
:106EF00023462846FFF70EFD05B0F0BD42F62930C7
:106F0000FFF7ABFBB042039B1BD15BB90D2403A879
:106F1000F8F7BCFA00232B77002CD4D12846FEF7D3
:106F200067FAE9E71846F8F740FB80B20128EDD18F
:106F3000039B28469A791344197BFFF79EF8044671
:106F4000E5E7224631462846FFF7C3FA0446E1E763
:106F50002DE9FF410392042204460D46FFF7BBF9D9
:106F6000074628B103A8F8F791FA04B0BDE8F0810C
:106F70004FF05208039A284693790333937184F8AB
:106F80001C80FFF72FF9064640B1039B4246009351
:106F900029463B462046FFF7BDFCE6E742F629308E
:106FA000FFF75BFBA842039B0BD19A792046134461
:106FB000197BFFF762F803A8F8F768FA0023237734
:106FC000D3E7324629462046FFF783FAF6E72DE954
:106FD000FF418B7904460C330B44B3F801700D4626
:106FE0003846B3F80380FFF7E5F800285BD00222AB
:106FF00039462046FFF76FF90646E8B93846FFF7ED
:10700000F1F8064668B116222277AB793946053386
:10701000AB71204643460095FFF77CFC04B0BDE809
:10702000F081DAF7B1FB2A463346591C0ABBDBB2C2
:107030000633984220DC092604F14400F8F726FACA
:1070400033463A46162120460095FEF78EF9092E62
:10705000E4D1204650F80C3B40F2055193F87030D3
:1070600002AA8DF8083041F20913039303F05CFA89
:10707000D4E70B461268D8E701212846F8F79DFCB3
:1070800001460028D7D004F14400F8F7F0FAAB79B4
:1070900042460533AB7139462B46204604B0BDE865
:1070A000F041FEF7B4B90126C6E713B5044641B96D
:1070B0004430F8F7EBF9204602B0BDE81040FEF787
:1070C000D0B918224369027713F0080306D00023D1
:1070D00019460093FFF71EFC02B010BD1A46194670
:1070E00002B0BDE81040FFF7FFBD7FB5C58B044679
:1070F0002DB342F60520FFF7B0FAA84207D10021D0
:107100002046FEF79BFF636923F0010363610026BD
:1071100040F20A412046FEF7D5FE29460DF10E0247
:107120002046ADF80E60FFF7BDF8BDF80E2003460F
:107130000092294602222046FFF79CFEE68304B017
:1071400070BD2DE9F047DDF820900E4690461F46B1
:10715000044618B941F20110BDE8F0870846FFF770
:1071600029F80028F6D06589033DADB2AF4209D8B1
:107170003B46424631462046CDF82090BDE8F047D8
:10718000FFF7E2BB4920E7E7F0B5054689B042F6D4
:107190000520FFF762FA064604A8E3F795FF1022E0
:1071A00005F121010DEB0200F7F73BFD50B1012184
:1071B0002846FEF743FF2846FFF708FB6B6923F0DC
:1071C00001036B6142F60303022003A9ADF80C3002
:1071D000E4F78EF80124074620463A464FF6FF7141
:1071E000FFF700FA044608B909B0F0BDFEF7E2FF68
:1071F0000134A4B20028EFD0A64203D1314628467C
:10720000E4F79EF92046FEF7A0FF0028E4D1ADF890
:107210000E00214628460DF10E02FFF743F8034603
:107220000028D9D0BDF80E20214600922846012220
:10723000FFF720FED0E708B5E3F734FF0020E4F7BE
:10724000B1FD002008BD10B5044680691430F8F780
:107250001DF9A069BDE810401830F8F717B92DE9FD
:10726000F0410F46144605461E46FFF7ECFF234645
:107270003A4608210020D5F81880F8F769FCAA6979
:10728000C8F81400536923B1002054811682BDE868
:10729000F0811A20FBE737B504460D46FFF7D3FF10
:1072A000204640F20941FEF70DFE00222046A36968
:1072B00040F207411A7050F80C3B6A4693F8703060
:1072C00001958DF8003003F02FF903B030BD10B5F3
:1072D00050F80C4B86B094F87040ADF80E10ADF835
:1072E000102040F2064103AA01938DF80C4005934B
:1072F00003F01AF910B901A8F8F7C8F806B010BDE4
:1073000013B501910021044602F08FF904220023F5
:1073100020460DEB0201FFF7A2FF02B010BD70B5D1
:1073200004460846F8F741F9A16986B28A894D8971
:1073300012B1521B96420CDA6389581E80B225B9ED
:107340000A78082A04BF043B98B2831B584258416C
:1073500070BD0020FCE730B5044654F80C0B8DB02E
:107360009DF8405090F8700042EA01428DF8040008
:107370001946029203A82A460795F7F7A7FC40F2A0
:107380000241204601AA03F0CFF80DB030BDF0B5A0
:1073900004460F461E46154685B052B983691B78D0
:1073A000072B30D0082B14BF15460925002E18BF17
:1073B0000D250A98F8F7F9F8A3699A894AB15B890B
:1073C00081B2D21A914204DD92B2891A0AA8F8F762
:1073D0008EF9204650F80C3B40F2054193F870308E
:1073E00001AA8DF804300A9BADF806708DF808509C
:1073F000ADF80A60039303F097F810B90AA8F8F7FC
:1074000045F805B0F0BD0B25D0E7B0F80AC02DE96E
:10741000F041ACF1020C9C4504460D4617461E4651
:1074200003DDBDE8F04102F0ADB883693246198151
:1074300000233946FFF713FF024668B9A3692946BE
:1074400020460E3302F0B7F8054610B12046FFF78C
:10745000FAFE2846BDE8F0811A25FAE72DE9F04743
:107460001C4696B0836901921B780646062B03D012
:10747000112B5DD001A826E00129104614BF4FF062
:1074800010084FF0020803929CB9F8F78EF84FF6F7
:10749000FF7508F1020987B2A74219D8B369DA88E3
:1074A000AA420AD9691C304689B201F0E4FF0446B9
:1074B00040B141F20A139C4200D1002421463046DB
:1074C000FFF7E9FE03A8F7F7E1FF16B0BDE8F08784
:1074D00023464A46039904A8F7F7C7FFB369BDF8E6
:1074E00010509A88AA4220D8DB88AB421DD39DF861
:1074F0001330282BE1D0B2465AF80C3B424693F8A1
:1075000070300DF112010DA88DF83030ADF8325009
:10751000CDF844804C44F7F7D9FB40F20441504683
:107520000CAA03F001F8A4B2B6E741F20414C5E7CF
:107530000129104614BF12270427049284BBF8F7D0
:1075400034F842F602184FF6FF7185B2A5420DD805
:10755000B369DB888B4221D901314FF6FF72304687
:1075600089B201F088FF0446A0B119E023463A46EB
:1075700004990CA8F7F779FFBDF83220BDF8301058
:1075800042459DF8333007D1B269022330460A32B2
:10759000FFF73BFF04A896E7282B06D141F20A1417
:1075A00021463046FFF777FEF4E73C44A4B2CDE72E
:1075B000F0B5836987B003911B780546022B14460A
:1075C00050D108460491D2B9F7F7EFFF4FF6FF7696
:1075D00087B2A74221D8A869C288B24213D94369A9
:1075E0004089711C0190987989B20C300344009352
:1075F00028464FF4205301F052FF044640B141F2B7
:107600000A139C4200D1002421462846FFF743FE7E
:1076100004A8F7F73BFF07B0F0BD04220499234606
:1076200005A8F7F722FFAA69BDF814109088BDF8E5
:107630001660814213D3D388994210D886420ED364
:107640009E420CD85069927A837904340C330092AC
:10765000034432462846FFF77EFEA4B2B9E741F262
:107660000414D1E703A8D4E7F0B587B00546174660
:107670001C46039153B9FFF752FE38B1012322464D
:107680002846039900F083F807B0F0BDA9690B788C
:10769000082B05D8062B43D8032B0FD003A830E0C6
:1076A0000F2BFBD1039B0593002C6CD1002B6AD0D0
:1076B000224628460989FFF70AFE58E003980590FC
:1076C00010B314BB102683794A890C33098903440B
:1076D00000962846FFF73FFEAB699988DA88914209
:1076E00019D242F60203ADF81030022301310093A3
:1076F00028460DEB060389B201F0EDFE044620B9E1
:1077000005A8F7F7C3FEBFE71CB141F20A139C427C
:1077100001D141F21F0421462846FFF7BCFDEFE7E7
:10772000039805907CBB70B3F7F73FFF0FB386B2A9
:10773000B7421ED2394605A8F8F713F938B905A89B
:10774000F7F7A4FE1A212846FFF7A5FD9CE78379E9
:10775000F61BC218023391898371AB6900225B89E1
:10776000B6B200902846FFF712FEB742E2D9214692
:10777000E9E7AA69284653891189059A00920022EF
:10778000FFF705FEF3E705A8F7F780FEEFE7F0B592
:1077900085B006461F4614460391D2B90846F7F74E
:1077A00004FF0546A8B1B1690B784A89082B1BD89C
:1077B000062B21D8B1694B89EA1892B2B2F5007F45
:1077C0004A8123D82FB13046098901F0AEFE044624
:1077D00028B10022234611463046FFF745FF03A893
:1077E000F7F754FE05B0F0BD0F2BE3D13046039BF5
:1077F0000989FFF76CFD07E0039B09893046009378
:1078000013462246FFF7C3FD0394D3E741F2041465
:10781000DFE773B5836901911B780446082B154691
:1078200005D8062B05D801A8F7F730FE0CE00F2B82
:10783000F9D1019E20463146FFF771FD2A460346E5
:1078400031462046FFF7A3FF02B070BD30B5836913
:1078500087B003911B780546092B144611D1059179
:107860005AB9134600910F222146FFF790FD214699
:107870002846FFF710FD07B030BD05A8F7F706FE54
:10788000F5E703A8F7F702FEF5E770B5836986B060
:1078900003911B7805460A2B144631D1059132BB62
:1078A0000598F7F782FE08B9044620E0002302227B
:1078B00005A90DF11200F7F7E2FD012815D9BDF871
:1078C000126096B10598F7F770FE86420FD8BDF8A2
:1078D000121005A8F8F745F848B1002300902122BE
:1078E00019462846FFF753FDDAE741F20D1405A8C3
:1078F000F7F7CCFD21462846FFF7CDFC06B070BD5A
:1079000003A8F7F7C3FDF9E72DE9F04F1C469FB038
:10791000836903911B780646052B174604D8032B71
:1079200070D812D003A81BE0082BFBD10846139196
:10793000002C00F01A8113A8F7F7A8FD2146304665
:10794000FFF7A9FC1FB0BDE8F08F202A08460B9175
:1079500009D941F2041421463046FFF79CFC0BA8DC
:10796000F7F794FDEEE7002C3AD1A2F10608F7F7FD
:107970001CFE4FF6FF755FFA88F81FFA80F9A145E3
:1079800005D8B369DA88AA422FD80024E3E7234652
:107990003A460B9913A8F7F768FDB369BDF84C5048
:1079A0009A88AA42D5D8DA88AA42D2D3BDF84E1016
:1079B000BDF85020B8F1000F09D03046CDF8008056
:1079C0000DF152033C44FFF7C6FCA4B2D7E73046A2
:1079D0009D8019815A8101F097FD04460028BED090
:1079E00041F20A139C42D0D0B5E742F60203ADF84B
:1079F0001C300223691C0093304607AB89B201F0AA
:107A00006AFDEAE7202A0846049148D8002C40F095
:107A1000A680551FF7F7C9FD4FF6FF78EDB21FFAA4
:107A200080FA0DF11C0BA24506D8B369DA884245ED
:107A300000F28580002434E023463A4604990BA8DE
:107A4000F7F713FDB369BDF82C809A88424526D814
:107A5000DA88424523D35969F1B9B14659F80C1B6C
:107A6000BDF82F2091F870109DF82E308DF84C1035
:107A7000ADF84E200DF131012A4615A88DF8503091
:107A80001995F7F723F940F20341484613AA02F08B
:107A90004BFD3C44A4B2C6E75A89102A07D941F2EB
:107AA000041421463046FFF7F6FB04A858E70023EC
:107AB0005846F7F7DAFCB3690DF13101102DCDE925
:107AC000051B93F80A902BD1B9F1020F34D105A808
:107AD000E3F7F4FB0228DCD14A46DDE90510F7F7AD
:107AE000A0F80028D5D1334653F80C0BBDF82F1061
:107AF00090F870009DF82E208DF84C00ADF84E10D7
:107B00008DF8502059464A4615A80293CDF8649046
:107B1000F7F7DCF8029B40F20341184613AAB6E7D8
:107B2000022D09D1B9F1100F06D106A8E3F7C6FB63
:107B30000228AED12A46D0E72A465846CFE742F679
:107B40000303ADF84C30022308F1010100933046E5
:107B500013AB89B201F0BFFC04460028A5D041F266
:107B60000A139C423FF466AF9BE759B900210023FA
:107B7000B269304693815381118113993A46FFF7D8
:107B800073FDDFE6F7F711FD17B180B28742EDD143
:107B9000139A9379D118023389899371E7E72DE914
:107BA000F0431C468FB0836903911B780546012B77
:107BB000174659D108460591F7F7F7FC202F0BD946
:107BC00041F2041421462846FFF765FB05A8F7F7A4
:107BD0005DFC0FB0BDE8F0830CBB0598F7F7E5FC42
:107BE0004FF6FF76A7F104081FFA88F81FFA80F90C
:107BF0005FFA88F8A14518D8AB69DA88B24212D981
:107C00004FF42053ADF810300223711C0093284626
:107C100004AB89B201F09DFC04460028D6D041F2A5
:107C20000A139C42CED10024CCE723463A4605995C
:107C300006A8F7F71AFCAB69BDF818109A88BDF8CA
:107C40001A609142BCD3DB889942B9D89642B7D327
:107C50009E42B5D832462846CDF8008007AB3C445A
:107C6000FFF779FBA4B2C5E703A8B0E783691B78E7
:107C70000B2B02D0103B012B01D8FFF70CBB704738
:107C8000F0B585B00193836917461A7804460B3A1C
:107C90000A9E072A42D8DFE802F004412F4141043E
:107CA000412901980390F7F780FC85B203A8F7F704
:107CB000EDFB26B131462046FFF722FB0FE0A1691C
:107CC0007A194B8992B293420BD90A8201F10E03C1
:107CD0002046098901F06FFC01460028EBD105B070
:107CE000F0BD0121204601F0A0FCF5E726B91A8A73
:107CF000BA420BD04FF48166019B03A80393F7F7B8
:107D0000C5FB31462046FFF7C6FAE8E7DA8959692C
:107D10000198F7F755FC0028ECD1EDE701A8F7F73B
:107D2000B5FBDCE738B58269044613780D460E2BA7
:107D300012D0102B01D00B2B12D1536933B199798A
:107D400002F114000B44DD68F7F7A0FB294620463A
:107D5000BDE83840FFF78ABFBDE83840FFF79BBA5F
:107D600038BD07B5002300921B22FFF710FB03B0BC
:107D70005DF804FB07B583695980009200231D223A
:107D8000FFF705FB03B05DF804FB08B500F037F81A
:107D9000407940F4805008BD08B500F030F84079D3
:107DA00040F4805008BDF7B506460C46154601F074
:107DB0000AFD827901900C328652214687182646A8
:107DC000F7F734FB9DB12B465A7922F0010242F0BD
:107DD00002025A711B68002BF6D12846F7F7E5FB23
:107DE0002946261801A8F7F742FCFF2E00D8F4B266
:107DF0003846BC7003B0F0BD0022FFF7D4BF08B511
:107E0000DAF7AEFE83790C33184408BD08B5FFF7E6
:107E1000F6FF407940F4805008BD4B88052B05D112
:107E200008880E288CBF0020012070470020704772
:107E3000F8B505460F46164604210A220020F7F73A
:107E4000B4FD0246B8B1847905210C3403194FF012
:107E5000060C00209970D87002F804C013241C711D
:107E600002245F715870D8719C7128461E81BDE84C
:107E7000F840E4F7BFB9F8BD73B505461046019266
:107E80000C46F7F792FB042186B20198F7F7CEFC77
:107E9000024628B901A8F7F7F9FA1A2002B070BD16
:107EA000837901900C33C1184C80C6522146284674
:107EB000E4F7A0F90020F1E72DE9F04106468846F5
:107EC000174604210A220020F7F76FFD0246B8B1D9
:107ED000857900240C354319052106209970DC7042
:107EE00050550120187102205C70987183F805804C
:107EF0003046DC711F81E4F77DF92046BDE8F08152
:107F00001A20FBE7002070470020704707B501A842
:107F10000192F7F7BBFA03B05DF804FB704700204D
:107F200070470F2070477047E4F72CBEE4F744BE5B
:107F3000E4F74CBE07B58DF80710E2F76BFA68B1AD
:107F400045F2190200210DF1070300F0D5F9B0FA4E
:107F500080F04009400003B05DF804FB2120FAE7FF
:107F600007B58DF80710E2F755FA68B145F21D0222
:107F700000210DF1070300F0BFF9B0FA80F04009CD
:107F8000400003B05DF804FB2120FAE730B589B06A
:107F9000E2F740FA0446002849D090F8720002281F
:107FA00047D1A36813F4407F2CD094F87330012B91
:107FB00031D194F87500E1F72DFB10B9A368DB050A
:107FC00029D594F8741011F0010124D110220DEB81
:107FD000020001910291ADF80C10F6F74BFEA36878
:107FE00001AD13F4807F2B460ED0A06AE16A228E89
:107FF00003C31A802046BDF8042004AB0DF106012E
:10800000E4F782F809B030BD0A22022194F8750025
:10801000FDF7BDF8EEE7002345F2170219462046AA
:1080200000F06AF9B0FA80F040094000EAE7212048
:10803000E8E70220E6E738B545F21B020C460B469E
:108040000021054600F058F930B92CB121462846E8
:10805000BDE83840E4F728BC38BD01F098B901F01C
:10806000A1B9FF2313B504460DF107014C308DF87B
:108070000730FDF7C3F89DF80730204684F87530C7
:1080800001F060F902B010BD10B50446FDF74AF8E2
:1080900001280DD094F8733094F97000012B14BFAF
:1080A0000521032184F83210BDE81040FDF735BAF0
:1080B000A36843F40073A36010BD00F05FB910B56E
:1080C0000446B0F80300E2F797F930B1B4F80D10A8
:1080D000621DBDE8104000F074B910BD10B5044633
:1080E000B0F80300E2F788F940B1B4F80D1004F1DC
:1080F0000F03621DBDE8104000F005BA10BD10B5B9
:108100000446006C30B94FF4B070F7F771FD20648D
:1081100020B910BD4FF4B071FCF7E5FFFF22236CCE
:1081200083F85E21A268120603D5C02201201A70CE
:10813000EFE794F87320012A14BF80224022F5E76C
:1081400008B5D0B2E2F766F928B190F8773003F0BD
:108150007F0380F87730012008BD10B5044645F252
:108160001A0102F074F92046BDE8104047F230537E
:10817000002245F21A01EFF73BBD10B50A4604464E
:1081800008210020F7F711FC10B1837903441C7318
:1081900010BD38B505460C460D201121FFF7EDFF47
:1081A000024688B12146837903440D3304F110005F
:1081B00051F8044B814243F8044BF9D12846BDE8FD
:1081C00038400621FFF758BE38BD38B505460C4685
:1081D00004201121FFF7D1FF024688B1214683799F
:1081E00003440D3304F1100051F8044B814243F86D
:1081F000044BF9D12846BDE838400621FFF73CBEC4
:1082000038BD38B505460C4603201121FFF7B5FFF0
:10821000024688B12146837903440D3304F11000EE
:1082200051F8044B814243F8044BF9D12846BDE88C
:1082300038400621FFF720BE38BD37B5002205467D
:1082400008211046F7F7B1FB0446C0B10C23012208
:108250000DF107018DF80730F7F73FFC296C20225C
:1082600051312046F7F739FC296C20227131204624
:10827000F7F733FC224606212846FFF7FDFD03B041
:1082800030BD036C4BB983681B0608D490F873307B
:10829000012B14BF80204020704718787047C02001
:1082A000704770B50446FFF7ECFFE4F701FC0D469C
:1082B0000346002245F2010120469847236C03B192
:1082C0001D702846E4F7F4FB4FF4A041034600225A
:1082D0002046BDE87040184770B51546044648B1C1
:1082E000FFF7CFFFE4F7E4FB2A4603462046BDE84C
:1082F00070401847022070BD114608B51A4621F09B
:108300000041FFF7E9FFB0FA80F0400908BD10B561
:108310000446006838B11A21FCF7E5FE2068F7F73B
:1083200069FC0023236010BD002230B587B00546EC
:10833000084601A90192E0F7D7FF044670B9696BBE
:10834000019802AA0A3102F02FF904460198FCF7BD
:1083500011FE34B1102102A8FCF7C5FE204607B07B
:1083600030BD284602A9E3F71FFE02A81021FCF742
:10837000BAFE05F13400FFF7CAFFEFE710B5044677
:10838000E4F73EFB04F13400FFF7C1FFA3685A068F
:1083900006D523F0400300212046A360E3F704FE46
:1083A000236C6BB1D3F89400FCF7E4FD4FF4B0718B
:1083B000206CFCF798FE206CF7F71CFC002323646C
:1083C00010BD0021E3F7F0BD7FB5836804465D066C
:1083D00073D523F040038360FFF753FF802801D05B
:1083E00040287BD194F87550FF2D1CD1FCF79AFEE4
:1083F000012864D1636B04201A888DF800201A4686
:1084000032F8021B090A8DF80110D3F802306946D0
:10841000CDF8023053680A22CDF80630E1F720F992
:10842000FF2805464BD0A368D90548D42046FFF75E
:1084300028FF80284FEA052523D045F4902646F0F2
:1084400003063046FCF7A4FD024652B9616B6A464A
:1084500030460A3102F0A8F818B310216846FCF73C
:1084600042FE204641F20601E4F71EFA20460021B2
:10847000E3F79AFD04F1340004B0BDE87040FFF763
:1084800046BF45F4902646F005063046FCF780FDD1
:108490002D280246D1D02046FFF7F3FE4028D4D144
:1084A000CBE769462046E3F77FFD68461021FCF7DD
:1084B0001AFE04F13400FFF72AFF04B070BD94F8EF
:1084C0007430DA0702D4A368DB05CAD504F11801B9
:1084D0002046FFF729FF0028C3D1EEE7636B1A8817
:1084E000002ABED1882801D04B28BAD100220133FE
:1084F00013F8011F0029B4D10132082AF8D1216CE8
:1085000001F59871E4E7F8B51D46836804465B06FB
:108510000F4616462DD41A20F7F76AFB0146606312
:1085200020B92046BDE8F840E3F73EBD034623F8F6
:10853000027B326805F11001C0F8022072685A60AF
:108540002A46636B0A3352F8040B8A4243F8040B41
:10855000F9D110212846FCF7C6FDA36843F040027C
:1085600013F4407FA26004D02046BDE8F840FFF736
:108570002BBFF8BD38B504460D4605200221FFF794
:10858000FCFD0246B8B18379062103445D732046A1
:10859000FFF772FC45F490512046E4F785F994F812
:1085A00073302046012B18BF8021BDE8384008BF3A
:1085B0004021FFF776BE38BD0821FFF7DBBF37B596
:1085C0000446084611461A46B4B1236C93F85D314F
:1085D000013B022B10D89DF8185045F08003079DF1
:1085E000009502F061F8054640B114B12046FFF74E
:1085F000E3FF284603B030BD0023F0E70CB90020AC
:10860000F8E7024645F211012046FFF765FEF6E75E
:1086100010B50446002140F21B40E4F763F9204600
:10862000BDE81040FFF7C8BF2DE9F04790F8739000
:108630000446B9F1010F066C04D196F85031002BB5
:1086400040F0428196F85C3196F851A1032B00F27C
:10865000DC80DFE803F0027D9ABF1AF0010F72D0D0
:1086600011210620FFF789FD0546002800F02C8126
:1086700090F80680102108F10C08804408F10107E9
:108680003846FCF705FD014688B9A07CC0F1100210
:108690003844F6F7EFFAFCF745FD0346012B96F850
:1086A0005E010CD13A460521FCF72BFD00B32846AC
:1086B000D8F764FE2046BDE8F047FFF77DBF3B4694
:1086C00010220521FCF730FD002840F0F580B9F1BB
:1086D000010F0DD004F1180308F1110857F8042B0D
:1086E000474543F8042BF9D1A36843F48073A36092
:1086F0002A4606212046FFF7BFFB0B210720FFF784
:108700003CFD0546002800F0DF80877996F85E3151
:108710000C37074443F43F430821A7F80130F81C05
:10872000FCF7B6FC0028C2D10A22042196F85E01AB
:108730007B1CFCF7F9FC002840F0BE802A4606218D
:108740002046FFF799FB96F85C31013386F85C31DF
:108750001AF0020F14D011210820FFF70EFD054674
:10876000002800F0B1808079102128440D30E1F715
:10877000B5FC00289BD12A4606212046FFF77CFB4A
:1087800096F85C31013386F85C311AF0020F1CD088
:1087900008210920FFF7F1FC0746002800F094802B
:1087A00085790C350544E2F7BBFA83793A46C3F381
:1087B000C00383F001036B7003680621C5F8023023
:1087C00083882046EB80FFF757FB96F85C31013336
:1087D00086F85C311AF0040F12D011210A20FFF73D
:1087E000CCFC054600286FD0807910222844AB21AC
:1087F0000D30F6F73FFA2A4606212046FFF73CFBEC
:1088000096F85C31013386F85C31B9F1010F08D07C
:10881000236C93F85031002B56D196F85C31042B21
:1088200052D1A36C10220B2196F85E013133FCF774
:108830007BFC70B140F21B412046E4F735F8B9F1FA
:10884000010F2046BDE8F04714BF80214021FFF70B
:1088500028BDA36C01220C2196F85E012033FCF7A1
:1088600063FC0028E6D1A36C10220D2196F85E016E
:108870002133FCF759FC0028DCD1082296F85E0170
:10888000114604F11003FCF74FFC0028D2D1236CF1
:1088900093F85E2184F87520FF2283F85E21FCF7AF
:1088A00041FC012818BFA36820461CBF43F4807315
:1088B000A360E3F7D3FFC2E72846D8F75FFD204661
:1088C000BDE8F047FFF7A4BEBDE8F08710B5044649
:1088D000FCF728FC0246236C012A93F85E0103F59D
:1088E00098730CD11A460321FCF70BFC08B9002041
:1088F00010BD2046FFF760FE40F21B40F8E7102253
:108900000321FCF711FC18B12046FFF781FEF3E7C5
:10891000206C102200F59873052190F85E01FCF799
:1089200003FC0028F0D1236C04F1180103F59872C0
:1089300003F5A07352F8040B9A4241F8040BF9D1E5
:10894000A36843F48073A360D1E7016C10B501F50F
:108950009873044601F1C8021846B83101F07BFE55
:1089600020B12046FFF728FE40F2074010BDF0B5C9
:1089700087B0129F9DF838500597119F9DF83C6075
:1089800004970446109F084611461A469DF8343055
:10899000CDE90267CDE900350C9B01F0A6FE024649
:1089A00028B1204607B0BDE8F040FFF705BE45F20C
:1089B0001301204607B0BDE8F040FFF78DBC7FB53E
:1089C0000446084611461A46DDE90A63CDE901630B
:1089D000099B0093089BEFF7FFF9054628B1204655
:1089E00004B0BDE87040FFF7E7BDA07C2946C0F1A8
:1089F00010023044F6F73EF92A4645F212012046AD
:108A000004B0BDE87040FFF767BC38B505460846BE
:108A10001021FCF73DFB044610B12846FFF7CCFDC2
:108A2000204638BD2DE9F04786B099460E9B044696
:108A30000F46164690F873A073BB236C02AD10224C
:108A40000021284603F10108F6F714F9BAF1020FE4
:108A500004F15A020DF10E0304F1530124D192885E
:108A6000D4F85A000290AA80D4F85320CDF80E20F2
:108A70008A889A8031462B4642463846CDF8009087
:108A800001F0A2FD064610212846FCF72CFBB6B1EA
:108A90002046FFF791FD04E01146FFF7B6FF0028DE
:108AA000CBD006B0BDE8F0878988D4F8530092880F
:108AB0000290A980D4F85A10CDF80E10D9E73246AA
:108AC00045F210012046FFF707FCEAE7B1F5A04F99
:108AD00070B504460D4616460AD045F20603994283
:108AE00018D0324629462046BDE87040E4F7EEB87B
:108AF000836843F08003836090F87330012B14BFC8
:108B000080204020E3F7D4FF002203462046BDE842
:108B10007040184793791344597C41F49051E3F71E
:108B2000C3FEDEE7E4F730B970B5B1F5A04F0446F7
:108B3000154688B077D045F21B06B14240F0B480AC
:108B400090F87430DA0766D5056CB5F850312BB162
:108B50004C21FFF7A6FB002008B070BDD5F85831B6
:108B60005B0747D5AB79DE0744D56B7BD80741D58A
:108B7000A36C10220B2195F85E013133FCF7D4FA77
:108B800038B140F21B412046E3F78EFE40F21B4015
:108B9000E2E7A36C206C01220C2190F85E012033E7
:108BA000FCF7C2FA0028ECD1A36C206C10220D2136
:108BB00090F85E012133FCF7B7FA0028E1D10822D2
:108BC000206C114690F85E0104F11003FCF7ACFA3A
:108BD0000028D6D1236C93F85E2184F87520FF22FB
:108BE00083F85E2120464021FFF75BFB2046E3F738
:108BF00035FEB0E705F5987304F1180205F5A07588
:108C000053F8041BAB4242F8041BF9D1A36843F4A8
:108C10008073A360E6E74021FFF743FB2946204627
:108C2000E3F742FE97E7036CD3F8582151071DD5AF
:108C30000022CDE90122ADF80C209A79D20706D5A1
:108C40005B7BDB0703D5FFF741FE00289ED1102296
:108C500000210DEB0200F6F70DF8BDF8042004AB7F
:108C60000DF106012046E3F74FFA74E7FFF76DFEBA
:108C7000054610B140F207406EE7236CA07C03F577
:108C80009873C0F1100229461844F5F7F3FF10223B
:108C900029460DEB020001AECDE90155F5F7EAFFDB
:108CA0002A46314604ABDDE708B0BDE87040E4F782
:108CB0000DB8B1F5A04F13B504460FD0A1F5A043F0
:108CC000103B012B38D8016C9831FFF79AFA4421F8
:108CD0002046FFF7E6FA002002B010BD016CD1F883
:108CE000583101F1C80213F004031AD01146FFF7FE
:108CF0008CFE30BB216C204601F19803019391F862
:108D00005C21D1F82C31D34003F0010343F0800300
:108D1000009301F1110201F1C8035131FFF74FFC3B
:108D2000D9E781F85C310123009301F1980301F543
:108D30009871FFF777FECEE702B0BDE81040E3F789
:108D4000C5BF40F20740C7E7B1F5A04F70B5044674
:108D5000154676D045F21B06B14240F0958090F85A
:108D60007430DA0765D5056CB5F8503123B1892127
:108D7000FFF797FA002070BDD5F858315B0747D54B
:108D8000AB79DE0744D56B7BD80741D5A36C1022A5
:108D90000B2195F85E013133FCF7C6F938B140F28A
:108DA0001B412046E3F780FD40F21B40E3E7A36C44
:108DB000206C01220C2190F85E012033FCF7B4F9FD
:108DC0000028ECD1A36C206C10220D2190F85E01DC
:108DD0002133FCF7A9F90028E1D10822206C1146C3
:108DE00090F85E0104F11003FCF79EF90028D6D13B
:108DF000236C93F85E2184F87520FF2283F85E21AE
:108E000020468021FFF74DFA2046E3F727FDB1E722
:108E100005F5987304F1180205F5A07553F8041BC5
:108E2000AB4242F8041BF9D1A36843F48073A360FA
:108E3000E6E78021FFF735FA29462046E3F734FDBF
:108E400098E7036CD3F8582151070AD59A79D207CD
:108E500090D55B7BDB078DD5FFF738FD002889D0E7
:108E6000A2E7FFF772FD014690B9236CA07C03F5E1
:108E70009873C0F110021844F5F7FCFE216C2046EF
:108E8000B831FFF7A2F975E7BDE87040E3F71EBF00
:108E900040F207406FE773B545F20406B14204465D
:108EA00015461DD045F21006B14207D0B1F5A04FCE
:108EB0000FD002B0BDE87040E3F708BF016CA831E5
:108EC000FFF79FF985212046FFF7EBF9002002B05C
:108ED00070BDFFF742F9236CD3F85831D907F5D5A7
:108EE000236CD3F85821D2070BD4AA7998330C32CB
:108EF00015446A1D153552F8041BAA4243F8041B99
:108F0000F9D1216CD1F8583113F0040301D0832139
:108F1000D9E781F85C31012301F1B80200932046C2
:108F200001F1A80301F59871FFF77CFDCEE7B1F5DB
:108F3000A04F73B5044608D045F21105A94229D0C7
:108F400002B0BDE87040E3F7C1BE016CB831FFF775
:108F50005CFD40BB256C95F85D3105F1A806013B31
:108F6000022B01969CBFD5F82C0195F85C6105F1A8
:108F7000B8039EBFF04000F0010040F08000009078
:108F800005F11102204605F15101FFF718FB002001
:108F900002B070BD016CA831FFF733F9852120467E
:108FA000FFF77FF9F3E740F20740F1E745F21003DE
:108FB000F0B59942044685B000F087800CD8B1F531
:108FC000A04F1CD045F2050399421DD0204605B0A4
:108FD000BDE8F040E3F77ABE45F21103994200F094
:108FE0008D8045F212039942F0D1036C93F85D3104
:108FF000042B40F2B380052B03D148217BE0FFF71F
:10900000ACF8002005B0F0BD9179036C0C310A4436
:10901000511DB833153251F8040B914243F8040B3B
:10902000F9D1256C102205F1C80705F1B8063146C3
:109030003846F5F7F6FD20B904212046FFF79AFAE5
:10904000DFE7D5F8583113F0040332D095F85D31DD
:10905000042B13D105F1F803039305F598730293DC
:1090600004F15303019304F15A0300933A46334643
:10907000204605F1D801FFF7A2FCC2E705F5A07074
:1090800005F1510205F1110101900BB1052B06D13B
:109090000023009320463346FFF791FAB1E795F895
:1090A0005C01D5F82C31C34003F0010343F0800389
:1090B000EFE785F85C3132460093204605F5A07352
:1090C00005F59871FFF7AEFC9BE7056C102205F1E2
:1090D000A80105F5A070F5F7A4FD0028ACD14B213F
:1090E000D5F858319B0742BF94F8743043F002031F
:1090F00084F874302046FFF7D4F882E7056C10221C
:1091000005F1A80105F5A070F5F78BFD002893D1B6
:1091100095F85D31013B022B0FD895F85C31013396
:10912000DBB2142B85F85C3107D0D5F858314321D8
:1091300023F00103C5F85831DCE705F1F803039388
:1091400005F59873029304F15303019304F15A0354
:10915000009305F1C80205F1B80389E74921CAE780
:10916000B1F5A04F70B50446164607D045F2040588
:10917000A9420CD0BDE87040E3F7A8BDFEF7EDFFB3
:10918000236CD3F85831DA0701D4002070BD256C68
:10919000D5F85831DB0719D4B379A8350C331E4400
:1091A000731D153653F8042BB34245F8042BF9D13F
:1091B000256C102205F1A80105F19800F5F731FDA5
:1091C00020B904212046FFF7D5F9DEE7204605F156
:1091D000C801FFF71AFC48B9216C2046C831FEF7D8
:1091E000F4FF47212046FFF75CF8CEE740F2074046
:1091F000CCE7B1F5A04F70B50346144607D045F251
:109200001806B14207D0BDE87040E3F75FBDFEF736
:10921000A4FF002070BD1268551C03D10121FFF787
:10922000A9F9F6E7016CD1F85801400743BF0022C5
:1092300081F85C212268C1F8302148BFC1F82C2197
:1092400018464321FFF72DF8E3E7B1F5A04F70B5BD
:109250001346044607D045F20406B14207D0BDE8E4
:109260007040E3F733BDFEF778FF002070BD9979B9
:10927000026C0C310B44591DA832153351F8040B04
:10928000994242F8040BF9D1256C102205F1A8018E
:1092900005F19800F5F7C5FC20B904212046FFF739
:1092A00069F9E2E7204605F1C801FEF78EFF472184
:1092B0002046FEF7F6FFD8E770B545F20406B14246
:1092C0000446134625D045F21806B14206D0B1F542
:1092D000A04F33D1FEF741FF002070BD11684D1C37
:1092E00003D10121FFF746F9F6E7026CD2F85801E5
:1092F000400743BF002182F85C111B68C2F830119F
:1093000020464FF0840148BFC2F82C31FEF7C9FF58
:10931000E2E79979026C0C310B44591D98321533F0
:1093200051F8040B994242F8040BF9D1226CD2F89F
:10933000583143F00103C2F85831CDE7BDE8704021
:10934000E3F7C4BC002310B50446036490F875002D
:10935000FF2813D0E0F7F4FB082204F110031146B4
:1093600094F87500FBF713FF94F91330012B07D124
:1093700094F8743043F0020384F87430002010BD78
:10938000022BFBD194F8743043F00A03F4E74B88C6
:10939000062B05D1088841288CBF0020012070478A
:1093A0000020704707B58B790A460B440191197C60
:1093B0004B1E0D2B04D801F5A0410131FEF78CFFA7
:1093C00001A8F6F763F803B05DF804FB08B5E2F70F
:1093D00083FDE3F7A7F8BDE80840E1F74BBD08B50A
:1093E000E2F79AFF28B9BDE8084000200021EEF717
:1093F00045BC00200021EEF741FCE2F77BFDEFE7E2
:1094000037B5044642F60720FDF727F90546B8B1FF
:109410000A23002CCBBF0534053CB4FBF3F394FBCB
:10942000F3F38DF807300123002118460DF10702F0
:10943000F6F78EFB0022034629461046FDF749F851
:1094400003B030BD10B5411D441E002014F8013F8B
:109450005A0802F055029B1A03F03302C3F3850346
:1094600003F03303134403EB131303F00F03A14280
:109470001844EBD110BD70B504460E4615460521C3
:1094800000220420FBF7FDFE014618B1A0F80160A0
:10949000A0F803502046BDE87040FBF74FBFF7B57A
:1094A0001D460023044600930F461646072106205A
:1094B000BDF82430089AFBF70CFF014628B1A0F84C
:1094C0000170A0F80360A0F80550204603B0BDE885
:1094D000F040FBF733BF73B515461A460023044628
:1094E00000930E46082005219DF81830FBF7F1FE89
:1094F000014618B1A0F80160A0F80350204602B060
:10950000BDE87040FBF71ABF38B5002204460D468F
:109510000A200321FBF7B5FE014608B1A0F801506F
:109520002046BDE83840FBF709BF70B504460E463B
:109530001546052100220C20FBF7A3FE014618B1B9
:10954000A0F80160A0F803502046BDE87040FBF78A
:10955000F5BE73B515461A460023044600930E4621
:10956000102005219DF81830FBF7B3FE014618B115
:10957000A0F80160A0F80350204602B0BDE870409A
:10958000FBF7DCBE73B50E46002144890546033C5B
:10959000A4B2A342009128BF234603211220FBF767
:1095A00098FE014608B1A0F80160284602B0BDE867
:1095B0007040FBF7C3BE2DE9F34105469846836929
:1095C0000F4658691646F5F7F0FF6C8980B2053CE6
:1095D000A4B2844228BF0446A86921461430F6F795
:1095E000C0F9009048B1052208210020F6F7DDF906
:1095F000019030B96846F5F749FF1A2002B0BDE87E
:10960000F081009901A8F6F732F81620019A9379B3
:109610000C33D118D054A8F800402846A1F80170A6
:10962000A1F80360FBF78AFEE8E738B5002204469C
:109630000D4618200221FBF724FE014600B14570BB
:109640002046BDE83840FBF779BE70B58579044601
:109650000C354619F5F7A9FF625D431E013A9BB22E
:10966000202A43D8DFE802F0134218421A422B4264
:1096700031421142114211423542274242423B429D
:1096800027424042404242421100032070BD042B59
:109690000CBF03200120F9E7022BF9E743B37278EE
:1096A000022A0AD0012A23D10222013B0232B3FB53
:1096B000F2F102FB1133002BEAE71022F5E713F079
:1096C000030F0CBF03200120E0E78BB17278013B50
:1096D000EDE76BB17278032A0AD9013BE7E7032B68
:1096E0008CBF03200120D1E7012BF9E70020CDE753
:1096F0000120CBE70078E1F705B813B50C460DF172
:1097000007020DF10601FBF7CBFF30B19DF8060013
:10971000031B5842584102B010BD0120FBE7EEF791
:10972000FBBB7047FEF700BCE3F76CB8E5F716BF6C
:10973000FEF7FCBBFEF7FCBB70477047002070478C
:10974000704770477047E6F7BFB9704713B50C46CE
:1097500001A902F053F910B9019BC4E9003002B02D
:1097600010BD08B5E6F750F880F00100C0B208BDA2
:1097700008B5FFF7F6FF00280CBF0420012008BD44
:1097800008B5F8F7A7FE002008BDE6F755BAE6F7DA
:1097900063BA002280B21146E5F7B8BC00234FF04F
:1097A000FF3203604FF0FF334160C0E9022370478E
:1097B00007B502F0F1F86A4602F05EF9DDE9000152
:1097C00003B05DF804FB13B5D9F7C4F9019001A803
:1097D000F5F7E3FE044601A8F5F758FE20460322FC
:1097E00009210194F6F7CDF90198437943F0030379
:1097F000437102B010BD0E20704702207047022056
:1098000070470020704701207047002070470846CD
:109810001146012200F044B800F077BA00F07FBA98
:1098200000F09DB8431E042818BF012B94BF0120EF
:109830000020704700F036BC4FF4DC720021F5F7D1
:1098400019BA10B50446E8F733F9E8B9A169D9B1F6
:10985000238ACBB1204604F1100200F0FCFAB8B91B
:10986000E169A9B1638A9BB1204604F1120200F0BC
:10987000C7FA88B9216A79B1A28A6AB12046E38A17
:10988000BDE8104000F07BBA00232382A361E6E725
:1098900000236382E361ECE700236361236210BD70
:1098A000E8F7ECBA0A7838B505461046FFF7BAFF74
:1098B00060B14C782046FFF7B5FF38B1224353071B
:1098C00004D42846BDE83840E7F7CABD212038BD9A
:1098D000FFF7E8BF10B504460878FFF7A3FF58B1BB
:1098E0004A781046FFF79EFF30B1042A04D0204684
:1098F000BDE81040E7F7D2BD212010BDFFF7EABF59
:1099000000F075B9084600F079BB7047F8B5064617
:109910000D46E6F7A5FFD8B94FF6FF734FF0240CBC
:10992000EF68C1B28F4208D81C4621463046E7F79F
:109930003FF900F0BBFB2046F8BDAA680CFB0122F2
:10994000D4899C4202D2002CEFD023460130E8E7B4
:109950004FF6FF74EFE7008E704700F085B970B5E1
:1099600004460D46164600F039F858B129462046FF
:10997000E7F71EF938B9324629462046BDE870405F
:10998000ECF7B6B80E2070BD08B5E6F7DFFE18B1EB
:10999000BDE80840EBF7E6BD08BD00F0B3BAE7F755
:1099A00097BD00F0A2B9002070470846E9F79CBFB8
:1099B00000F0AABAE7F7C0BFE9F760BCE7F7B2BEAC
:1099C000E7F776BF38B50446154609B100F0D9FA75
:1099D00015B12046E8F7E6FD002038BD0346408A71
:1099E00018B1188A003818BF0120704700F05BBA20
:1099F00000F069BA0846EAF74FB810B5044600F01F
:109A000078F820B92046BDE81040E7F72FBA10BD1E
:109A100000F05EBB00F05CBBEAF780BA2DE9FF41C5
:109A2000984604460E46174602F0C8F905462046F9
:109A3000FFF7E3FF0A9B3A46029300233146019366
:109A40002046CDF80080E7F75FFA0446284602F08A
:109A5000B0F9204604B0BDE8F08138B5044602F004
:109A6000ADF905462046FFF7C8FF2046E7F72AFA7A
:109A70000446284602F09DF9204638BD38B5044614
:109A800002F09CF905462046FFF7B7FF204600F09C
:109A90003FF80446284602F08CF9204638BD38B518
:109AA000044602F08BF905462046FFF7A6FF204644
:109AB00000F034F80446284602F07BF9204638BD11
:109AC00070B504460E4602F079F905462046FFF7C8
:109AD00094FF31462046E7F763FA0446284602F031
:109AE00068F9204670BD01207047E8F7F9BF00F023
:109AF00083BAE7F7F7B810B502F060F9044600F052
:109B000015F8E7F717F92046BDE8104002F051B903
:109B1000024608B5E7F7E6F8507D08BD024608B5ED
:109B2000E7F7E0F8507D80F0010008BD00F0D0BA02
:109B3000E7F7DCBB00F0A4B838B503210546E7F72A
:109B400033FB04462846E8F72DFF204638BD38B5DC
:109B500090F827400D46FF2C17D0023C012C8CBFFB
:109B60000024012449682246E8F758FF286890FA43
:109B7000A0F0000AEAF728FEA97A2889224681F097
:109B80000101E8F77BFF002038BD0220FCE730B57B
:109B900005460FC985B08DE80F0069462846FFF7D6
:109BA000D6FF05B030BD013001D1EAF74FBB21200F
:109BB000704700207047002070477047D0F8A030F1
:109BC00003F06003402B0DD0602B03D0203B5842A4
:109BD0005841704749B10B68012B06D9486940F0DC
:109BE0000100704740F20110704700207047F7B540
:109BF00004461046D4E956C7DDE908268CEA02057A
:109C000087EA06010540194085EA0C057940C4E958
:109C10005651002523F4004106EA010320F001001B
:109C200043F40073024043F0020301950095ECF702
:109C3000AFFE94F824309A0713D5D4F85C319B0515
:109C40000FD54FF48811204600F0E5FA94F824303F
:109C5000024665F3410384F8243020460B46E7F7BB
:109C600091FA002003B0F0BD30B4D0F8A0300A4023
:109C700023EA01031343C0F8A03030BCE8F7BCB9B5
:109C80000520EAF741B908B5D0F8F0304BB11A68B1
:109C9000022A06D993F825204AB1186AB0FBF2F0DF
:109CA00008BD40F68C324C210020E7F705F8002073
:109CB000F6E7D0F8F02008B57AB11368022B0CD97A
:109CC000536A13F47F4FC3F3072106D0126ADBB245
:109CD00053438B42B3FBF1F006D2002040F6AB3287
:109CE0004C21E6F7E9FF002008BD0346B3F83E210A
:109CF00008468A4203D0A3F83E11E9F7A3BB00202F
:109D000070474FF48071EDF7D3B910B50023E7F732
:109D1000FBFB044608B9EBF7D5FE204610BD38B56D
:109D20001D4600230446E7F7EFFB28B929462046E5
:109D3000BDE83840EBF7B0BF38BDD0F8F00040B117
:109D40000368122B04D9006D202828BF20207047FB
:109D50000020704738B54FF03A430546DC6A808AE8
:109D6000C4F30C04A04234BF0020012041F2D042D1
:109D70000821E6F7A1FFA88A001B80B238BD2DE9B3
:109D8000F041884618F0030706461546194633D1B8
:109D9000B2F5805F30D89A422ED33F2A2AD9B2FA40
:109DA00082F40122C4F11F03DBB29A4092B2AA42AC
:109DB0002CBFC4F11904C4F11A04E2B20120931DAE
:109DC000DBB2984080B2A84214BF0120002002D02C
:109DD00096F8013193B996F8253060F3000386F8C0
:109DE00025304046E8F7F2FFC6F82080B5823846B5
:109DF000BDE8F0813A46E1E72127F8E70E27F6E7CC
:109E0000F8B511F0030607460D46144621D102B3FA
:109E100013883F2B1DD9B3FA83F3C3F11901C9B2DB
:109E2000062901D8192B12D0062928BF06210123A3
:109E30008A1DD2B293402846238000F01EF9238861
:109E40003846FD617B82E9F7D3F83046F8BD3146EC
:109E5000EDE72126F9E738B5148811F003054FEA3C
:109E6000C4041ED13F2C1CD9B4FA84F4C4F11903E4
:109E7000DBB2052B01D8192C11D0052B28BF0523E7
:109E800001240633DBB204FA03F3C3F3CF041480D6
:109E9000816104828387E9F7ABF8284638BD2B46F9
:109EA000EEE72125F9E770B50E4610210546EDF7DE
:109EB000FFF80446102128463201EDF7E5F8EDF7EA
:109EC00001F9204670BD1021EDF7F2B8F8B504464F
:109ED0000E46174601F069FF3A46054631462046D0
:109EE000EAF730FE0446284601F05AFF2046F8BD46
:109EF0000520704703207047E9F7FEBF08B190F9CD
:109F0000260070470020704708B50B46062200F572
:109F10009E711846F4F7DAFE002008BD0429F8B552
:109F200005460C460AD10026F7B23846E9F7F0FAA2
:109F300008B13C4602E00136042EF5D12046E9F78F
:109F4000E7FA58B195F83C31A34209D085F83C4175
:109F500005F59E70BDE8F840E9F77ABA2120F8BD12
:109F60000020FCE70022E8F765B9A0F84C30BDF905
:109F70000030C0F89410A0F84A20A0F84E3000201D
:109F80007047E8F7F3BA10B5144608460121EAF71E
:109F900031FB2046BDE810400121EAF72BBB8021B0
:109FA000EDF786B810B50446E7F75CFF014620469A
:109FB000BDE81040E7F75CBF70B504460D46164695
:109FC000E7F748FF032813D1A5B1B31E022B94BFB6
:109FD0004FF4BC7328232946C4F80831204684F87E
:109FE0002760FFF793FC2046E8F7B6FC002070BD21
:109FF0000220FCE72120FAE7E8F772BD10B5EBF785
:10A000006BF804460021E8F793FEE8F77BFE204654
:10A0100010BD2DE9F74F01251C469DF8303006464E
:10A0200001930368174603F0070306339D4005F1CB
:10A03000FF380B46A1B1416804EA080BA5EB0B0AF7
:10A0400041F00059524509EB0B0114D9524618460C
:10A05000F4F73CFE49467A1B5A445044F4F736FE66
:10A06000019B2BB13C4448EA050804EA0804F4606B
:10A0700003B0BDE8F08F1846F0E74FF03A430122F5
:10A080005A6741F6FF72D96418651A67704737B589
:10A09000002514460095FFF7BCFF204603B030BDF5
:10A0A000E8F76CBB0020704700207047704700F055
:10A0B000FD00003818BF01204042C0B270470A4678
:10A0C00090F89410A02901D8E8F73EB821207047F5
:10A0D00008B5E9F763FFBDE80840E9F787BF38B581
:10A0E0000446FFF7F5FF0546FFF7F2FF431BA342C7
:10A0F000FAD338BD38B50D460446E9F74FFF35B100
:10A10000844200D90139204601F0030138BD844260
:10A1100038BF0131F7E708B5E9F758FFBDE8084057
:10A12000E9F764BF08B50121FFF7E4FFBDE8084087
:10A13000E9F75CBF08B521B19200F4F7C7FD002034
:10A1400008BD2120FCE70B0C23F48053B3F5284F06
:10A15000F7B50D468FB2064699B217D04AF60103FD
:10A16000994215D04AF60203994213D0B1F5204F17
:10A1700014BF04240324D6F8EC300BB1196859B984
:10A18000D6F8E83093B9286803B0F0BD0024F2E7B0
:10A190000124F0E70224EEE723463A466846E9F751
:10A1A000B1FF019B002BEBD10098EDE71968002966
:10A1B000E9D023463A466846E9F7A4FF019B002B05
:10A1C000E1D1F1E702044FEA901309D4C3F3090384
:10A1D000A3F1C8006FF4FF739842B8BF184607E0B8
:10A1E0006FEA83536FEA935313F5007F18B2EFD1F0
:10A1F00070470E2070477047EBF76ABEEBF768BEFA
:10A20000EBF766BEEBF764BE08B50846ECF79AFAC2
:10A2100008BDEBF75DBE38B505460C4601F0C5FD3F
:10A22000D5F89C301C40D5F898302343C5F89830B9
:10A2300001F0B6FD211E18BF01210020490238BDE2
:10A240000020704770477047704710B5044600F013
:10A250003800EDF7B3FA78B1D0E901234178C4F3BF
:10A26000074411F0010F18BF1346043B53F8040FC5
:10A2700010B10278A242F9D110BD052B07D920F404
:10A280007F4020F0C70040F400701060918070475C
:10A290000368186800F0A8B838B50546EDF744FA29
:10A2A00004462846FFF7F4FF204638BDEDF788B98D
:10A2B00010B500F1080454F8083C0BB9184605E045
:10A2C00054F8040C984708340028F4D010BDF8B5B1
:10A2D0000446C0B100F10C073846D7F7A7F80023B1
:10A2E000666856F823207AB906EB8305B5420DD18E
:10A2F000236993B93846F5F7C9F80023638063787A
:10A3000023F007036370F8BD0133EAE755F8043D15
:10A31000DB68002BEAD09847E8E7DD68002DE9D03C
:10A32000043D55F8043F002BE4D09847F9E738B5D1
:10A33000054660B1046944B1206850B1FFF7B8FF29
:10A34000044610B12846FFF7C2FF204638BD22243C
:10A35000FBE70446F9E770B5054628B3437823F0D8
:10A36000060343F001034370036953B1586840B1D9
:10A37000FFF79EFF044620B12846FFF7A8FF2046BE
:10A3800070BD6E68043E56F8044F2CB9202005F1CC
:10A390000C01D7F739F8F2E7A368002BF3D0984700
:10A3A00004460028EFD0E7E72224E8E710B1407820
:10A3B00000F00100704730B1407800F00700B0FABB
:10A3C00080F0400970470120704707B501A9FFF7E9
:10A3D0006DFF03B05DF804FB08B500F025FA002816
:10A3E00014BF1420002008BD7047430803F0553304
:10A3F000C01A00F03333800800F0333018444FF0B7
:10A40000013300EB101000F00F305843000E70477E
:10A4100010B5044688B1836A016A7BB180689847A9
:10A42000002394F8240023620C28636005D8214699
:10A43000D7F7B2F90D2384F8243010BD0029EFD0EE
:10A440008368002BECDB0846F5F7D4FBE8E7002334
:10A4500007B51A46019101A9EDF75EFB03B05DF85F
:10A4600004FB002330B587B004939DF83430DDE958
:10A470000A4503930C9BCDE900450293EDF7C2FA20
:10A4800007B030BD052330B585B003930A9BDDE9E5
:10A4900008450293CDE90045FFF7E3FF05B030BD65
:10A4A00030B500230024002585B0CDE90045029396
:10A4B000FFF7E8FF05B030BD03680B60016070472F
:10A4C0002DE9F0410E46174600240546006808B9FC
:10A4D000BDE8F081D0E90083B3420BD18368BB4271
:10A4E00008D154B9C5F80080C368DB0701D5F5F77A
:10A4F00081FB204604464046E9E7C4F80080F3E7C4
:10A50000002370B51A46194605460468EDF704FBAA
:10A510000CB92C6070BDE3682668DB0702D52046C5
:10A52000F5F768FB3446F3E72DE9F8430E46174686
:10A53000054610B90020BDE8F8830468002CF9D066
:10A54000D4E900893B4632462946A068C84700281E
:10A55000F1D14446F2E73020704710B404469379B5
:10A560000846C3F3C00383F00103237011465DF86E
:10A57000044B0622FAF7ADBDF7B51F4600230D4682
:10A5800001A916460193DEF7E7FE044648B93B46AB
:10A59000324629460198DEF729FF04460198FAF76A
:10A5A000E9FC204603B0F0BD38B50B46154602461F
:10A5B00029461846DEF7F4FE044618B11021284655
:10A5C000FAF791FD204638BD2DE9F0419046002272
:10A5D00086B00E4601A91D460C9F0192DEF784FE4F
:10A5E000044648BB08F1FF320DF108084046731ECF
:10A5F0000F3613F8011F12F8014FB34281EA04012C
:10A6000000F8011BF5D102A90846019ADEF7C8FE41
:10A61000044688B96B1E0F3598F8002013F8011F07
:10A620004A40AB4208F8012BF6D13946019A02A8FC
:10A63000DEF7B6FE044618B110213846FAF753FD8E
:10A640000198FAF797FC02A81021FAF74CFD204672
:10A6500006B0BDE8F08170B50C460646516810683A
:10A66000002286B01D4602AB03C3206861680192D8
:10A6700003C3304601A9DEF737FE044640B9294638
:10A68000019A02A8DEF78CFE04460198FAF772FCE4
:10A69000102102A8FAF727FD1CB110212846FAF76D
:10A6A00022FD204606B070BDF0B50E4614461D468C
:10A6B00093B001462022189F01A8FAF70AFD202234
:10A6C000314609A8FAF705FD20463B46412201A97B
:10A6D0008DF84450FFF750FF044618B1102138465A
:10A6E000FAF701FD204613B0F0BDF0B516461D4641
:10A6F000044693B0102201A81D9FFAF7EAFC10222D
:10A70000314605A8FAF7E5FC1022294609A8FAF710
:10A71000E0FC9DF860301B9A8DF834309DF8643071
:10A720000EA98DF835309DF868300DF137008DF8A1
:10A730003630FFF712FF1C9A0DF13F010DF13E007C
:10A74000FFF70BFF204601A93B464122FFF714FF0C
:10A750000446412101A8FAF7C6FC1CB11021384675
:10A76000FAF7C1FC204613B0F0BDF0B50E461D4609
:10A77000144699B00146202204A81E9FFAF7A9FCAE
:10A78000202231460CA8FAF7A4FC1022294614A86E
:10A79000FAF79FFC6B465022204604A9FFF7ECFE17
:10A7A00018B100233B6019B0F0BD009B3B60FAE795
:10A7B0002DE9F0410D46804688B0002114460DF188
:10A7C00003000D22F4F756FA2A88AB7804AE6946E6
:10A7D000ADF80020404632468DF80230FFF7E4FE27
:10A7E000054610216846FAF77EFC35B10023238028
:10A7F000A370284608B0BDE8F081BDF81020B378FA
:10A80000102130462280A370FAF76DFCF1E700209A
:10A81000704783791A0705D413F0100F0CBFFF207F
:10A820000120704700207047034B5868C0F30800B0
:10A83000003818BF0120704700ED00E0014B186898
:10A84000704700BFE8C306200A4B1B6F03F00703E5
:10A85000013B032B03D8DFE803F00A030608FEE7F9
:10A86000054B18687047054BFBE7054870470548DE
:10A87000704700BF00800050E8C30620F0C30620E8
:10A8800080D54302002D310108B5FFF7DDFF054BF0
:10A890001B6FC3F303330133B0FBF3F0024B1860BB
:10A8A00008BD00BF00800050E4C306200048704788
:10A8B00000B4C40400487047002D3101014B1868F2
:10A8C000704700BFF0C306200048704780D54302A0
:10A8D0004FF400221B4B5A664FF0B4429368C3F307
:10A8E00004430C2B0AD8DFE803F00B0709092709FA
:10A8F000191B1D1F21232500134870470020704796
:10A90000936803F04073B3F1807F17D0B3F1007FF9
:10A9100016D0002B0D4818BF002070470C48704718
:10A920000C4870470C4870470C4870470C487047FB
:10A930000C4870470C4870470C4870470C487047EB
:10A940000C48704700900050404B4C0000093D00FF
:10A95000405DC6000024F400C0EA2101002D310151
:10A9600080BA8C010048E801005A62028096980083
:10A9700080841E0040420F00014B1868704700BFE2
:10A98000ECC306200122437801789A4030235943D2
:10A99000014B5A50704700BF40D00350034B5A68D8
:10A9A000D20702D5DA69002AF9D1704700C00A50EF
:10A9B00030B9044B5A68D20702D59A6D002AF9D1F2
:10A9C000704700BF00C00A5008B9014B5964704776
:10A9D00000D00A5008B9014B5964704700E00A5092
:10A9E00008B9014B1964704700E00A5010B9024BD6
:10A9F000186C70470020704700C00A5010B5FFF770
:10AA0000D7FF40B911B9054BD86C10BD0129FCD155
:10AA1000024B186DF9E70020F7E700BF00C00A50AD
:10AA200038B51446FFF7C4FF10B911B9034BDC6405
:10AA300038BD012904BF014B1C65F9E700C00A506D
:10AA400008B5FFF7B5FF10B9024B586D08BD0020DF
:10AA5000FCE700BF00C00A504FF48062034B9A66C7
:10AA6000BFF34F8FBFF36F8F0020704700900050EF
:10AA7000014608B5A8B1FFF7EFFF084601F0B1FAAB
:10AA80004FF098435A6CD202FCD54FF48062586D57
:10AA9000054B10F470209A6604D0BDE8084001F020
:10AAA0005DBA212008BD00BF00A0005030B5154B95
:10AAB00087B00293144B0390049346F611030D469E
:10AAC000059300F06FF91428044616D1684601F08A
:10AAD00044FB4FF0A843032202A95A6319601D6189
:10AAE0009A63DA6B9207FCD1142C02D1684601F00C
:10AAF00042FB00F08BF9044601E00028E9D0204633
:10AB000007B030BD1C170020040000202DE9F04FD5
:10AB1000B1B005468C46E9466F4F3B9EDDF8F8E044
:10AB2000409C07F1100AC846386879680837A8E8D9
:10AB300003005745C146F6D10EEB0208C8F10009E3
:10AB400009F00F09002E00F0AD80774207F00F07E3
:10AB50000121DDF8FCB0C4F1100ACDF810B0059168
:10AB600044F0005106914FEA0A2101F4F85141F0F6
:10AB70002101079106B96B460893002D40F094809F
:10AB8000002C00F0918004AB0993002E00F08E8021
:10AB900046F000530A93002D40F08B80002C0CBF30
:10ABA0002123012343EA07230B9308A842F0005313
:10ABB000CDF830C03D990D900E934FEA092343F034
:10ABC00041030F931091002A75D00CA91191002117
:10ABD000002A18BF412341EA0E01129113933C9BB6
:10ABE0003E4A149310AB15933D4B0021169340F64B
:10ABF000110317933B4B002D18BF1346189314AB4A
:10AC00001993394B10221A9311231B931CAB18462E
:10AC1000F4F730F801221D924AF080421E92002281
:10AC20000346239205B9EB46102C08BF01230DF112
:10AC3000900A102200215046CDF880B02193229432
:10AC4000F4F718F8002C3AD020AB002125938F425E
:10AC500018BF534647F0804226923A9A2CA8289271
:10AC60002993B2FA82F35B0946EA837310222B918F
:10AC70002A93F3F7FFFF26B328ABC8442D932CA9E2
:10AC800048F0804318A82E93FFF710FF38B935B964
:10AC900003460246A34216D1002A18BF2C2031B029
:10ACA000BDE8F08F102753E701236DE747F000530D
:10ACB00070E7212376E74FF00051119088E70123D8
:10ACC000C3E75346D9E703F1C001694411F8C01C3A
:10ACD00001330A43DEE700BF9BC80308A4ED030865
:10ACE00010000020A0ED030804000020F0B5C029EA
:10ACF0009FB0249E4FD0B1F5807F04D0802941D0F1
:10AD000029201FB0F0BD40F2144440F23445002E1B
:10AD100018BF2C4621271025019401240296039484
:10AD200004950597259F069706B102AC0794012468
:10AD3000089509940A9221220B940C950D92174ABA
:10AD40000AAC0E92164A0F94109242F6110211921A
:10AD5000129313941495159201AA1692CBB112ABCB
:10AD60001793042318931123199316AB1A901B936E
:10AD700040F61103C9081C911AA806A91D93FFF7F4
:10AD800095FEBEE7002E0CBF4FF482644FF486643C
:10AD9000C0E70EABE4E70F20B3E700BF9CED03086C
:10ADA0001000001038B5164B5A6E42F004025A6675
:10ADB000D3F8802242F00102C3F88022114B5B6875
:10ADC000C3F3080343B14FF0A842D36B13F0430F12
:10ADD000FBD11424204638BD4FF0A843DC6B14F09F
:10ADE0004304FBD1084D2B681BB904212846EEF71C
:10ADF000EEF92B68013343F000432B60EAE700BF14
:10AE00000080005000ED00E01C170020014B0020E6
:10AE10005B68704700ED00E0E0B1026812F4E07F8B
:10AE2000C2F382130FD0012B0FD0022B12D10A4B89
:10AE300069B103F58053012102F03F0201FA02F2E9
:10AE400000201A607047054BF2E7054BF0E703F569
:10AE50000053F0E70E2070476C8000506480005073
:10AE60006880005060B159B1074B1A6852B1074B66
:10AE70001B7803705269002052F823300B60704732
:10AE80002120704702207047481700202CBE062062
:10AE900070B506460D4600F091FF04460E4B1B6848
:10AEA000183B13F1180F04D12046BDE8704000F0A4
:10AEB00080BF1A681268B24201D09B69F0E7074A66
:10AEC00013601B69064A53F82530157003B1984783
:10AED0000022024B1A60E7E75017002048170020B5
:10AEE0002CBE0620014B53F8200070475417002059
:10AEF0000022024B43F82020704700BF5417002067
:10AF000070B5044601F0D3F900B1FEE7074A21010C
:10AF1000555802EB041345B19968204601315A682F
:10AF200099602B46BDE87040184770BDB4180020EA
:10AF300008B50B4B01461B785BB107280BD8094BB2
:10AF400003EB00131B7B43B1074800F0D4FF002044
:10AF500008BD1120FCE72120FAE72520F8E700BF13
:10AF600031BE0620B4180020000004500C4B10B570
:10AF70001B780C4673B107280ED869B1094B03EB57
:10AF800000131B7B53B10146074800F0C4FF20703B
:10AF9000002010BD1120FCE72120FAE72520F8E76A
:10AFA00031BE0620B4180020000004500C4B10B530
:10AFB0001B780C4673B107280ED869B1094B03EB17
:10AFC00000131B7B53B10146074800F0B3FF20601C
:10AFD000002010BD1120FCE72120FAE72520F8E72A
:10AFE00031BE0620B4180020000004500346064875
:10AFF00002689A4203D841680A44934202D3406AE5
:10B000000028F5D1704700BF401900200229F8B58B
:10B0100096BF104B00245C5C012805460E4608D004
:10B02000022809D008B944F002040B4B1F6837B955
:10B03000F8BD44F00804F8E744F02004F5E77B6825
:10B040001A68144203D0314628465B6898473F6827
:10B05000EDE700BFF8EF03087419002038B5104D74
:10B060002B78ABB10F4C23781BB100F08BFA002387
:10B070002370002000F0AEFA0B4C50B100F0B4FA8F
:10B080000023012120782B70FFF7C0FF01232370DC
:10B0900038BD0122054B1A702278054B1A70F7E76C
:10B0A00039BE062037BE06203FBE06203ABE062027
:10B0B0003BBE06200E490B78FF2B01D198B170479B
:10B0C0000BB990B97047002814BF0122FF22134426
:10B0D0000B7060B1074B1B78012B08D9064B1B780E
:10B0E0002BB9FFF7BBBF1A46F1E70122EFE7704724
:10B0F0003EBE06203FBE06203ABE062010B500F038
:10B1000054FE064B04461B781BB1BDE8104000F00E
:10B1100047BEFFF7A3FF2046F7E700BF36BE062075
:10B1200002282DE9F04147D029480378FF2B41D16F
:10B13000002941D11A461344DBB2037000293BD0E9
:10B14000244E3278012A37D9002B3ED000F02DFE54
:10B15000214F04463B780BB3204D2B781BB90122BD
:10B160002A701F4A1370DFF87C8098F8003023B1F2
:10B1700000F008FA002388F80030204600F010FEA6
:10B18000012000F027FA00F010FE2B7804461BB1D6
:10B1900000F02AFA00232B7000233B70204600F0B9
:10B1A000FFFD01243078A04206D02146FFF72EFF94
:10B1B000347001E013B931B9BDE8F081002914BF42
:10B1C0000122FF22B7E70122B5E70224EAE700BF28
:10B1D0003EBE06203FBE062039BE062036BE0620F3
:10B1E0003ABE062037BE06202DE9FF47EFF3108553
:10B1F00072B6AFF3008001F0FAF9002800F0A480E5
:10B200006B4E6C4F337823B10020FFF753FF0023C0
:10B210003370387878B903A900F08EFB044650B932
:10B22000654B039A1B689A4200F296800120FFF753
:10B2300041FF012333703B78002B40F0AB805F4B24
:10B240001B78002B00F0A3804FF002085C4CDFF865
:10B2500090912078DFF88CA140450AD0002389F82E
:10B2600000309AF8003013B94146FFF7CFFE84F85A
:10B27000008099F800303BB12378022B04D10023E1
:10B2800089F8003001F0E6F9B8F1020F0FD1DFF8CC
:10B290002C8198F8003053B94A4B1B7823B900F041
:10B2A0006BF90122484B1A70012388F8003020788E
:10B2B00000F016F99AF8003013B1444B1B78237054
:10B2C000AFF30080284601F0E2F8EFF3108572B684
:10B2D0003F4B1A7852B100221A703C4B20781B78F1
:10B2E000984203D101212170FFF790FE394800F008
:10B2F000DDFA01F085F98046002883D12F4F89F8C7
:10B3000000003B789BB1DFF8C0908AF8000099F804
:10B3100000301BB100F036F989F80080002000F001
:10B3200059F9002839D000F05FF900233B703378D9
:10B3300023B10020FFF7BEFE0023337000212078E8
:10B34000FFF764FE00232370AFF30080284604B0AB
:10B35000BDE8F04701F09BB81F4BD3F8008000F028
:10B36000AFF8039B80449845BFF460AF00F080F9CC
:10B370008200039942F0020292B2CDE900422346D4
:10B38000164AA1EB0801134801F089F853E700F0D1
:10B39000DDF859E74FF0010858E7012000F0A0F868
:10B3A000284601F074F8EFF3108572B6B6E700BFD7
:10B3B00038BE06203EBE06207C19002039BE06207D
:10B3C0003FBE06203DBE062037BE06203BBE0620FF
:10B3D00034BE06208019002078190020FDB0030833
:10B3E0003CBE06203ABE062010B500F0DEFC00226E
:10B3F000054B1C781A7000F0D3FC00F071FBE4B22E
:10B400002043C0B210BD00BF35BE062038B500F0E5
:10B41000CCFC094B05461B78012B04D800F0C0FC7E
:10B420000024204638BD054B1C6800F049F8044450
:10B43000284600F0B5FCF4E73FBE0620781900204E
:10B44000194B1A491A6F10B502F007020A60196FFA
:10B45000174801F4744101601649174C8969032AA1
:10B4600001F00200C1F3400121701AD0D3F820216D
:10B4700002F00702022A14D0D3F8283103F00703A0
:10B480009C1E634263410D4A137048B143B9064B99
:10B49000D3F8003103F00303591E4B424B411370A4
:10B4A00010BD0123EFE700BF00800050AC19002061
:10B4B000A819002000C0015043BE062044BE06204B
:10B4C00008B5054B187818B1CDF752FE00EBD00047
:10B4D000024B1B68184408BD44BE0620A419002076
:10B4E000012808B502D002281ED008BD134A1378DF
:10B4F00023B113490B6F43F474430B6711490B6974
:10B5000023F004030B61BFF34F8FBFF36F8F30BF86
:10B510001378002BE9D00A4A0B49136F096823F40A
:10B5200074430B431367E0E70020CAF7E7FA054AC4
:10B53000136923F004031361D7E700BF38BE062068
:10B540000080005000ED00E0A8190020074A0849DB
:10B55000D2F8203103F007030B60D2F82831054AF6
:10B5600003F007031360EFF770B800BF00800050CE
:10B57000B8190020B41900200122014B1A7070473D
:10B5800042BE06200F4B10B51B7883B10E4C2378BA
:10B59000A3B90E4B9A6DD10302D5DA6D920702D48E
:10B5A0009B6DDB0704D54FF48032094B9A6210BDC6
:10B5B000CDF76AFD4FF48032054B9A620023237069
:10B5C000F5E700BF44BE062041BE06200040005AF9
:10B5D0000050005A034B1B780BB1CDF7F9BD012089
:10B5E000704700BF44BE062008B5EFF72FF8174B91
:10B5F0001B7833B10122164B5A60164A9369DB0758
:10B60000FCD5154B15491A6F096822F007020A4349
:10B610001A671349D3F82021096822F007020A4368
:10B62000C3F820210F49D3F82821096822F0070226
:10B630000A43C3F828210C4B1B781BB14FF480320E
:10B640000A4B9A62BDE80840FFF71EB943BE0620C8
:10B6500000D0015000C0015000800050AC19002003
:10B66000B8190020B419002044BE06200060005A1A
:10B67000014B1878704700BF44BE062008B5164B32
:10B680001A7822B300221A70144B1A6F22F00702A4
:10B6900042F001021A67D3F8202122F0070242F09B
:10B6A0000302C3F82021D3F8282122F0070242F038
:10B6B0000302C3F828210A4B1B7833B10122094B3E
:10B6C0005A60094A53689B07FCD4FFF7DDF8012252
:10B6D000064B5A6708BD00BF42BE062000800050DE
:10B6E00043BE062000E0015000C001500060005A37
:10B6F0000D490B68A0B10022A3B1834203D1836836
:10B7000022B90B6003E01A469B68F5E793608368F3
:10B710000BB9002070475A6941690A445A61F8E739
:10B720002220704702207047C419002010B500F095
:10B7300097FA0A4C0A4B19682368C31A09B92060A2
:10B7400010BD002BFBD04A699A423ABF9B1A0022D7
:10B75000D21A4A6128BF00238968EFE7C019002088
:10B76000C419002038B5154D2B682BB35B69A3B104
:10B77000134A022014681C4400F0FDFE204600F02D
:10B78000ADFA00230F492A680B7022B1D0888007D8
:10B790000AD501230B70002038BD022000F0EBFE1B
:10B7A000022000F0E5FAECE79268002AF3D0506935
:10B7B0000344012BEAD9EEE72220EDE7C41900206B
:10B7C000C019002046BE0620C38870B504460D4649
:10B7D0003BB9FFF71BFE8542064602D2F0F715FF84
:10B7E00035460E4A6561136883B91460A3600CE0A6
:10B7F0002D1A986819466561034618B15869A84220
:10B80000F6D929B18C60A36023B970BD0021F5E79A
:10B810001460A3605A69521B5A61F6E7C4190020EC
:10B82000F8B516469DF81C20BDF820700271069AE6
:10B830000446026000220D46C0E903368260C780DC
:10B84000B6B900F00DFA2844A0613DB9E36865611E
:10B8500013B120462168984716B33546062F0BD101
:10B860000822104B28469A62BDE8F84000F000BA62
:10B8700000F0F6F93044E7E700F097FA0646FFF7E4
:10B8800055FF29462046FFF79FFF074B1B689C4248
:10B8900001D1FFF767FF3046BDE8F84000F080BAFD
:10B8A000F8BD00BF0050005AC4190020F8B5044686
:10B8B000F8B1C388062B01D100F062FA00F075FAE6
:10B8C0000646FFF733FF0C4B20461F68FFF710FFBB
:10B8D000054620B1304600F063FA2846F8BDA7427D
:10B8E000F8D1FFF73FFF2228F4D1022000F02EFA12
:10B8F000F0E72225F1E700BFC419002038B50C4657
:10B900000546A8B1A1B100230B7000F057FA012140
:10B91000084B1B6833B900F04CFA002038BDAB422D
:10B9200004D121702278002AF9D0F4E79B68F1E76E
:10B930002220F3E7C4190020F8B506460F4600F0B0
:10B940003DFA00250446124B1B6823B9204600F03F
:10B9500030FA1B2011E05A691544DA88B2420DD141
:10B9600000F07EF90B4E3368C01AA8420AD30023B8
:10B9700020463B6000F01DFA0020F8BDFF2EEFD0FE
:10B980009B68E2E700F06CF933682B441B1AEFE781
:10B99000C4190020C019002070B500F00FFA064647
:10B9A00000F05EF9084B044601201D6800F0CDFD53
:10B9B00018B100F055F904460135304600F0F9F9A8
:10B9C0002046294670BD00BFCC190020014B1868E5
:10B9D000704700BFC819002038B50021044640F266
:10B9E000E730054B4FF47A721D680023E4FB050134
:10B9F000D3F774FE38BD00BFC81900200B4B70B5DB
:10BA00001B68044683420D460ED340F2E730002106
:10BA1000074B4FF47A721E680023E4FB0601D3F74C
:10BA20005DFE2860002070BD2120FCE7BC190020CD
:10BA3000C81900200F4B10B51A689AB14FF47A71EB
:10BA4000531E1342A0FB01010ED1B2FA82F2C2F1E1
:10BA50001F04531CD243E04001FA03F3184321FAB8
:10BA600002F20243104610BD0023D3F737FE024610
:10BA7000F8E700BFC819002038B5164B14468342BA
:10BA8000154B8B4123D3154B1A6802B34FF47A75CB
:10BA9000A0FB050305FB0131531E134211D1B2FA7D
:10BAA00082F3C3F11F055A1CDB4301FA02F2E8409E
:10BAB00021FA03F310431843E940C4E900010020D0
:10BAC00038BD0023D3F70AFEC4E90001F7E72120BF
:10BAD000F6E700BFEFA7C64B37894100C819002021
:10BAE00010B500F06BF9034B1C7800F062F9E4B27A
:10BAF000204610BD45BE062008B5084B1B7803F054
:10BB0000FF004BB100F011FD054B1B689B69C01A8B
:10BB100002288CBF0020012008BD00BF46BE0620C1
:10BB2000C4190020014B1870704700BF45BE0620A5
:10BB3000C2072DE9F843044607D5464A1368013386
:10BB40001360FFF7F3FDFFF70DFEA3077FD500F0AD
:10BB500035F94FF0000805464646FFF7E7FD3E4F32
:10BB60003C680CB16369A3B100223C4B012E1A70F2
:10BB700003D118F0020F18BF1E70FFF7F3FD222843
:10BB800002D1022000F0E2F82846BDE8F84300F0B8
:10BB900010B923465A693AB91A792179914288BF76
:10BBA0001C469B68002BF5D1284600F002F9256958
:10BBB000002D38D000F054F8A269A0EB02084FEA3B
:10BBC000E873A84573F100032EDB23691344A361D6
:10BBD00001232269CAB1C3B9A38BB5EB080533B100
:10BBE000E28B13449BB2B3F57A7F28D2E38300F053
:10BBF000E5F8804629462046FFF7E6FDA36922695D
:10BC000040461344A36100F0D4F8E36813B1204622
:10BC100021689847B4F8068000F0D0F80136054650
:10BC2000FFF784FD9CE7A84600F0C8F8814620464F
:10BC3000FFF75EFD484600F0BCF80023C9E7A3F516
:10BC40007A73E383A369013D013BA361CFE7BDE8BC
:10BC5000F88300BFCC190020C419002045BE06207F
:10BC600008B5FEF79BFE014B986908BD00C00A505D
:10BC700038B5044600F099F80546FEF78FFE0E4BE6
:10BC8000022C9A694FF001018CBF12190332B2F1F4
:10BC9000FF3F38BF013A0020FEF7C2FE284600F001
:10BCA0007FF8064B1A7832B10221054A91640421CB
:10BCB000916400221A7038BD00C00A5097C6062051
:10BCC00000D00A5007B5044B01A9187900F07FFA9B
:10BCD000019803B05DF804FBBCEE0308F8B5044618
:10BCE00000F063F80746FEF759FE154B9D6900F01A
:10BCF0003EFC06460020FEF779FE830704D4731B42
:10BD0000032B01D8AE420FD10021631B022B98BF39
:10BD1000EC1C0846B4F1FF3F2CBF2246621EFEF722
:10BD20007FFE022000F027FC384600F039F8054B72
:10BD30001A7822B10121044A916400221A70F8BDD8
:10BD400000C00A5098C6062000D00A50830700F0B1
:10BD5000010106D50123044A41F002011370034A90
:10BD600093640020FEF736BE98C6062000E00A5015
:10BD7000830742BF0222014B1A64704700D00A5069
:10BD8000054B1A7832B90221044A91640421916466
:10BD900001221A70704700BF97C6062000E00A50C3
:10BDA00010B962B6BFF36F8F7047EFF3108072B6B1
:10BDB000704780F31188BFF36F8F7047EFF31180E6
:10BDC000302383F3118870474FF4004070474FF4DD
:10BDD0007A707047436BCB40DB070CD4302303FBF6
:10BDE0000100036FD06823F0030320F00300C31A9F
:10BDF0005842584170470020704708B50A460178FC
:10BE0000406800F075F8002008BD70B584680646EB
:10BE10000D4624B1097C890701D5C168A0472C7B58
:10BE20002B7C14F002041CBFEC6824F00304DB0735
:10BE300003D529463046FFF7E0FF204670BD2DE9C7
:10BE4000F0410446436890F800801F68056995B189
:10BE50002A4641463846FFF7BDFF38B90023294638
:10BE60001A462046FFF7D1FF0546F0E7384600F0B6
:10BE700052F80028F2D1404600F019FAF8B92561CD
:10BE8000A5B1BDE8F081711B4A424A410123314608
:10BE90002046FFF7BAFF0646002EF4D1302303FBFD
:10BEA000087340461E6700F004FA2661012307F577
:10BEB000805703FA08F3BB6200236375E1E72E465F
:10BEC000EAE713B501A90DF10300FEF7CBFF0198D6
:10BED000037D1BB9FFF7B3FF02B010BD012BFBD1EF
:10BEE0008468002CF8D00023C1681A46A047F3E705
:10BEF000104600F0CABA38B5044601258D40FFF758
:10BF00005DFF04F5005304F580545D65A562BDE84E
:10BF10003840FFF74EBF38B505460C46FFF74EFFD9
:10BF20006D6BFFF746FF0120A0402840003818BF86
:10BF3000012038BD70B50D460446FFF73FFF3023A2
:10BF4000666B03FB0544646EFFF733FFEE40F307B7
:10BF500056BFC4F30A100020013070BDB0F5802F29
:10BF600024D010D8B0F5003F22D006D828B3B0F5C1
:10BF7000803F14BF012048207047B0F5403F14BFF8
:10BF800001202C207047B0F5302F13D008D8B0F521
:10BF9000E02F11D0B0F5202F14BF012010207047E2
:10BFA000B0F57F0F14BF0120062070474B2070476B
:10BFB0002A207047112070472120704708B528B10A
:10BFC00028220021F2F756FE002008BD2120FCE7C0
:10BFD000036A042B9FBF00EB83020133D16003622D
:10BFE0007047036A052B14D84FF09842116CC902B0
:10BFF000FCD504339B0013650168103B1160416858
:10C00000116050F8081F11604FF0984203449842A5
:10C0100000D1704750F8041F1160F8E7836882B0C0
:10C0200013B9816002B0704783680193019B5B681C
:10C03000012B019B01D15960F4E75B68F5E7F0B58E
:10C04000154649228FB0149C8DF8242004F10C066B
:10C050000DF1250254F8047BB44242F8047BF9D177
:10C06000247814704FF48074ADF834409DF8544037
:10C0700000228DF8364004240694169CCDE9001564
:10C0800005941324049409ACCDE902340B461146FF
:10C090008DF832208DF83350FEF738FD0FB0F0BD2B
:10C0A00030B5C02A93B02FD0B2F5807F29D0802A36
:10C0B0002CD14FF4807480F0010020430190169839
:10C0C00001250290102421200395049405900693E5
:10C0D00001AB0795089409900A9306AB0B930423D0
:10C0E0000C9311230D930AAB0E910F9340F611039D
:10C0F000D20802A90EA810921193FEF7D7FC13B034
:10C1000030BD4FF48274D6E70F20F8E72920F6E718
:10C1100008B5FEF747FEBDE80840FEF777BE1FB53D
:10C12000079C02949DF81840CDE9003413460A4656
:10C1300001460020FFF783FF04B010BD1FB5079C28
:10C1400002949DF81840CDE9003413460A46014692
:10C150000120FFF774FF04B010BD10B50446FFF7CF
:10C1600024FE4FF0A8431A6822601B696360FFF742
:10C1700017FE002010BD10B50446FFF716FE4FF065
:10C18000A84322681A6062681A61FFF709FE00205E
:10C1900010BD10B40446084611469DF804200192D3
:10C1A000A2685DF8044BFFF7BABF10B40446084616
:10C1B00011469DF804200192A2685DF8044BFFF738
:10C1C000BDBF8068FEF792BD8968FFF769BF09B1FE
:10C1D00000F008B8222070470121FEF71DBE0021A3
:10C1E000FEF71ABE70B506460D46FFF7E7FD04469A
:10C1F000202E59D8DFE806F0111A581F222558289A
:10C200002B582E58313458373A3D584058435855DA
:10C2100058465849584C584F5200FEF715FB002617
:10C2200028602046FFF7C5FD304670BD4FF4C07052
:10C23000C8F70EFCF3E74FF42070F9E74FF44070B5
:10C24000F6E74FF46070F3E74FF40070F0E74FF457
:10C250008060EDE74FF44060EAE74FF4C060E7E745
:10C260004FF4F060E4E74FF4B060E1E74FF4D060E2
:10C27000DEE74FF41060DBE74FF4E060D8E74FF4FF
:10C28000A060D5E74FF41860D2E74FF42860CFE7FD
:10C290004FF48070CCE74FF42060C9E74FF448605A
:10C2A000C6E74FF40860C3E700202126B8E7FEF791
:10C2B00019BEFEF71DBE0720FEF722BE0620FEF7C0
:10C2C0001FBE0520FEF71CBE0420FEF719BE03208A
:10C2D000FEF716BE0220FEF713BE0120FEF710BEC9
:10C2E0000020FEF70DBE10B5FFF75FFD01210446EB
:10C2F0000846FEF715FF2046BDE81040FFF750BD89
:10C300002DE9F74F0D46002900F0B9800846FEF7E9
:10C310006DFE0446D0E90578FFF750FD15F808ECEE
:10C3200035F8061C1EF0010F019000D031B90198BC
:10C33000FFF73FFD012003B0BDE8F08FA668D4F8F9
:10C3400010A035F8049CA6EBC1060AF10103A5F183
:10C35000080C4A1CA6602361B9F1000F00F085802B
:10C360004FEAC9031846ACEBC90393F800B00EF0CE
:10C37000020E1BF0010F69D1BEF1000F69D1B3F8B5
:10C380000290B3F806E0AEEB090EBEF1010F6CD1DE
:10C390008A1C083E4A44C4F810A0A66035F802EC96
:10C3A000BEF1000F65D0D4E900600CEBCE0A06EBBD
:10C3B0000009CA455DD21CF83EC056461CF0010C6F
:10C3C00015D1AEEB0101012911D1BAF80210AAF87A
:10C3D00002C001310A44BAF80610002947D00AEB1E
:10C3E000C106216901392161A1680839A16015F8E8
:10C3F000081C013A21F0010105F8081C002125F86C
:10C40000061C5A801A7861F300021A709EB3C3F1B9
:10C4100007023244C2F3CF02DA80B2806FB3BB426C
:10C420002BD37A88002A08BF1F46B8F1000F06D028
:10C43000434504D8B8F80220002A18BF43460198A3
:10C44000C4E90573FFF7B5FC002074E7BEF1000FE7
:10C450000BD0361AA66015F8086C4A4426F002067E
:10C4600005F8086C00269E8098E7634696E70E461E
:10C47000B7E70026BBE7DE80D0E71F46D5E72220DE
:10C4800059E701460020FFF73BBFFFF7FABF10B99D
:10C4900062B6BFF36F8F704700230B7070472DE9B2
:10C4A000FF410E46174698460546A0B10024C461D8
:10C4B000FFF7FCF9BDF82C30284602939DF8283090
:10C4C0002246CDE9008331463B46FFF7A9F92046D5
:10C4D00004B0BDE8F0812220FAE72DE9F04198464A
:10C4E000002386B00E46174605468DF81730C0B1BA
:10C4F000C3610DF11701FFF701FA9DF8174094B9D8
:10C50000BDF83430284602939DF830302246CDE9FC
:10C51000008331463B46FFF783F9204606B0BDE86D
:10C52000F0812220FAE70320F8E738B5FFF746FC50
:10C530000546FFF795FB04462846FFF73AFC2046E0
:10C5400038BD00F021B800F030B810B50446002026
:10C55000FEF74CFA012C04D0022C05D1C0F34000A8
:10C5600010BD00F00100FBE70020F9E77047002153
:10C570000846FEF743BA00F00101830748BF41F0C7
:10C5800002010020FEF720BA002008B5FEF72EFABF
:10C5900010F0080008D000200821FEF721FABDE8BD
:10C5A00008400020FEF74CBA08BD04210020FEF729
:10C5B00017BA38B5FFF702FC04460020FEF716FA5A
:10C5C000830700F0010548BF45F0020500F00301B4
:10C5D0000020FEF705FA2846FFF7AAFA2046BDE834
:10C5E0003840FFF7E6BB012070470120704710B5C7
:10C5F000FDF7B7F80446FFF7F6FF2040C0B210BDC4
:10C6000038B5FEF7F1FE0446FDF7B2F804281BD05A
:10C61000022808BF44F001040025E4B2D0F7A0FED0
:10C62000042813D0022808BF44F00104E4B2FFF745
:10C63000DCFF04280CD0022808BF44F0010485F078
:10C64000010504EA050038BD0125E7E70125EEE70D
:10C650000020F8E702210120EAF7F0BD0000000009
:10C66000F8B500BFF8BC08BC9E467047F8B500BFDF
:10C67000F8BC08BC9E4670475FF800F075C1062004
:10C680005FF800F0D1C006204E0C0000FCC6030885
:10C69000CCC603080000000000000000A4C6030888
:10C6A0000000000010160408A01504080016040875
:10C6B000B4150408CC150408DC1504083016040869
:10C6C000EC1304080814040800000000C9F801086D
:10C6D00074C70308634F030800000000499901086C
:10C6E00000000000299703080000000071F3010812
:10C6F0009EC70308000000000000000039F8010890
:10C7000074C70308B9F0010874C70308559F0108EE
:10C71000000000002597030800000000D1EC01088C
:10C72000000000001F97030800000000F5960308B2
:10C730009CC70308B59F010800000000699F01081D
:10C740009CC7030841F301089EC7030831970308FB
:10C75000000000003597030800000000B9510308ED
:10C7600000000000F9510308000000000000000074
:10C7700000000000000000004E0C0000000000005F
:10C78000180204080000000000000000040000007F
:10C7900000000000E2FF5000000100000100040062
:10C7A000FB000E003B5D03087B5D03085B5D030837
:10C7B000B15D03089DAC0108BF80030841AC0108CE
:10C7C000EF5D030851A901084DEC0108D5AC010843
:10C7D0008DAB0108E5EC0108DD80030800000000D6
:10C7E000000500080030033E043E053E073E0C3EB7
:10C7F000123E133E213E293E0DFFEDFFFFFF0000DC
:10C8000000000000250B00080500000000000000EB
:10C810008096980002010000000000000000000067
:10C820000100000000000000000000000100000006
:10C8300000000000000000000104000002030202EA
:10C8400002010000010000000000000002000000E2
:10C8500000000000010000000100000001040000D1
:10C8600000000000000000000203020202010000BC
:10C8700075EC020810141400101C2030401C20001D
:10C88000001C203040000000000000005053410018
:10C890004B4559003F002800292000FFFFFFFFFF04
:10C8A000FFFFFFFFFFFFFFFFFFFFFF005B495D2072
:10C8B000003D3D3D20574F4D4243415245204150A0
:10C8C000502053544152544544203D3D3D0D0A00F3
:10C8D0004C4554494D45525F434E543D256C75209F
:10C8E00020494144435F49463D30782530386C58F3
:10C8F0002020494144435F5354415455533D3078BF
:10C900002530386C5820205343414E4649464F3D10
:10C91000256C750D0A00494D5520546F74616C20CB
:10C9200056617269616E63653A2025640D0A00578D
:10C93000494E444F573A206F6B3D2575206E7370FA
:10C940003D257520636F6E663D2575206668723DD6
:10C950002575206B69636B733D257520666C616777
:10C96000733D30782530325820626174743D2575EE
:10C9700025250D0A006D6963726F5F636F6E7465C4
:10C98000787420213D206E756C6C70747200737425
:10C9900061746963206E70755F746F6F6C6B69741E
:10C9A0003A3A54666C6974654D6963726F4D76707E
:10C9B0007631436F6E746578742A206E70755F747B
:10C9C0006F6F6C6B69743A3A54666C6974654D6943
:10C9D00063726F4D76707631436F6E746578743A1A
:10C9E0003A6765742854664C697465436F6E746564
:10C9F00078742A2900433A2F55736572732F726F2A
:10CA0000796D612F4465736B746F702F53696C6916
:10CA1000636F56656761732F7072655F66696E61DB
:10CA20006C20352F576F6D62636172655F3850728D
:10CA30006546696E616C2F6175746F67656E2F6DE9
:10CA40006C2F616363656C657261746F722F6D76B4
:10CA50007076312F74666C6974655F6D6963726F8F
:10CA60005F6D767076315F636F6E746578742E6873
:10CA70007070006D767076315F636F6E7465787478
:10CA800020213D206E756C6C7074720070726F673F
:10CA90005F696E666F2E6E5F72656769737465722B
:10CAA0005F67726F757073203D3D20320054664C95
:10CAB000697465537461747573206E70755F746FFB
:10CAC0006F6C6B69743A3A636F6D70696C65645F23
:10CAD0006D6F64656C5F70726F636573735F6C61BB
:10CAE0007965725F776974685F616363656C6572AD
:10CAF00061746F722854664C697465436F6E746517
:10CB000078742A2C20766F696420282A2928766F69
:10CB100069642A2C20696E74292C20766F69642A36
:10CB20002900433A2F55736572732F726F796D61C7
:10CB30002F4465736B746F702F53696C69636F5604
:10CB4000656761732F7072655F66696E616C203511
:10CB50002F576F6D62636172655F38507265466909
:10CB60006E616C2F6175746F67656E2F6D6C2F61D0
:10CB70006363656C657261746F722F6D7670763168
:10CB80002F636F6D70696C65645F6B65726E656C49
:10CB90005F6578656375746F722E6363006D767080
:10CBA00076315F636F6E746578742E75706461742E
:10CBB000655F61727261795F626173655F61646410
:10CBC0007265737365735F63616C6C6261636B2024
:10CBD000213D206E756C6C707472005F646D615FD6
:10CBE000636F6E7465787420213D206E756C6C7077
:10CBF00074720075696E747074725F74206E7075F3
:10CC00005F746F6F6C6B69743A3A436F6D70696CE7
:10CC100065644D6F64656C506167696E673A3A6729
:10CC200065745F626173655F6164647265737328C4
:10CC300075696E74385F742920636F6E7374004376
:10CC40003A2F55736572732F726F796D612F44653A
:10CC5000736B746F702F53696C69636F566567618E
:10CC6000732F7072655F66696E616C20352F576F28
:10CC70006D62636172655F3850726546696E616CA2
:10CC80002F6175746F67656E2F6D6C2F636F6D709C
:10CC9000696C65645F6D6F64656C2F636F6D70693F
:10CCA0006C65645F6D6F64656C5F706167696E670A
:10CCB0002E68707000636F6E746578742D3E416CE1
:10CCC0006C6F6361746550657273697374656E74BB
:10CCD00042756666657220213D206E756C6C7074BD
:10CCE0007200766F69642A206E70755F746F6F6C66
:10CCF0006B69743A3A636F6D70696C65645F7265F5
:10CD000067697374726174696F6E5F696E697428A4
:10CD100054664C697465436F6E746578742A2C2070
:10CD2000636F6E737420636861722A2C2073697A52
:10CD3000655F742C20696E742C20696E7429004321
:10CD40003A2F55736572732F726F796D612F446539
:10CD5000736B746F702F53696C69636F566567618D
:10CD6000732F7072655F66696E616C20352F576F27
:10CD70006D62636172655F3850726546696E616CA1
:10CD80002F6175746F67656E2F6D6C2F61636365BE
:10CD90006C657261746F722F6D767076312F636F70
:10CDA0006D70696C65645F726567697374726174D4
:10CDB000696F6E5F68656C7065722E6363005466A0
:10CDC0006C6974654D6963726F4D7670763141633D
:10CDD00063656C657261746F723A3A69735F6D6F07
:10CDE00064656C5F636F6D70696C656428636F6EFA
:10CDF0007465787429006F75747075745F6D756CE7
:10CE00007469706C696572006D76707631004D6181
:10CE10007472697820566563746F722050726F6304
:10CE20006573736F7220763100696E646578203C9B
:10CE300020636F6D70696C65645F6D6F64656C5FB6
:10CE4000646174612D3E6E5F6C617965727328292F
:10CE5000006E70755F746F6F6C6B69743A3A436FF4
:10CE60006D70696C6564416363656C657261746F54
:10CE7000724964206E70755F746F6F6C6B69743A81
:10CE80003A436F6D70696C65644D6F64656C436F98
:10CE90006E746578743A3A6765745F6C617965722F
:10CEA0005F616363656C657261746F7228696E742B
:10CEB0002920636F6E737400433A2F557365727344
:10CEC0002F726F796D612F4465736B746F702F5380
:10CED000696C69636F56656761732F7072655F6611
:10CEE000696E616C20352F576F6D62636172655F8B
:10CEF0003850726546696E616C2F6175746F676535
:10CF00006E2F6D6C2F636F6D70696C65645F6D6FF4
:10CF100064656C2F636F6D70696C65645F6D6F64C1
:10CF2000656C5F636F6E746578742E6363006C610B
:10CF30007965725F636F6E66696720213D206E754B
:10CF40006C6C70747200626F6F6C206E70755F74C1
:10CF50006F6F6C6B69743A3A436F6D70696C65649E
:10CF60004D6F64656C436F6E746578743A3A6265B0
:10CF700067696E5F6C6179657228290073746174EA
:10CF80006963206E70755F746F6F6C6B69743A3A89
:10CF9000436F6D70696C65644D6F64656C5061675B
:10CFA000696E672A206E70755F746F6F6C6B697441
:10CFB0003A3A436F6D70696C65644D6F64656C508F
:10CFC0006167696E673A3A63726561746528546691
:10CFD0004C697465436F6E746578742A2C20636F96
:10CFE0006E7374206E70755F746F6F6C6B69743ADA
:10CFF0003A506167696E67436F6E666967262900FC
:10D00000433A2F55736572732F726F796D612F4498
:10D0100065736B746F702F53696C69636F566567C6
:10D0200061732F7072655F66696E616C20352F5772
:10D030006F6D62636172655F3850726546696E61DB
:10D040006C2F6175746F67656E2F6D6C2F636F6DDC
:10D0500070696C65645F6D6F64656C2F636F6D7074
:10D06000696C65645F6D6F64656C5F706167696E44
:10D07000672E636300696E646578203C206E5F6D87
:10D08000656D6F72795F726567696F6E73282900CD
:10D09000636F6E7374206E70755F746F6F6C6B6905
:10D0A000743A3A436F6D70696C65644D6F64656C7A
:10D0B0004D656D6F7279526567696F6E2A206E706B
:10D0C000755F746F6F6C6B69743A3A436F6D70691A
:10D0D0006C65644D656D6F7279506C616E3A3A6D36
:10D0E000656D6F72795F726567696F6E28696E74BE
:10D0F0002920636F6E737400433A2F557365727302
:10D100002F726F796D612F4465736B746F702F533D
:10D11000696C69636F56656761732F7072655F66CE
:10D12000696E616C20352F576F6D62636172655F48
:10D130003850726546696E616C2F6175746F6765F2
:10D140006E2F6D6C2F636F6D70696C65645F6D6FB2
:10D1500064656C2F636F6D70696C65645F6D656D80
:10D160006F72795F706C616E5F696E746572666113
:10D1700063652E6870700069203C2073697A6528A9
:10D180002900666C6174627566666572733A3A5618
:10D190006563746F723C542C2053697A65543E3A2F
:10D1A0003A72657475726E5F7479706520666C6131
:10D1B00074627566666572733A3A566563746F7227
:10D1C0003C542C2053697A65543E3A3A476574289A
:10D1D00053697A65542920636F6E7374205B776995
:10D1E00074682054203D20666C61746275666665C3
:10D1F00072733A3A4F66667365743C74666C697410
:10D20000653A3A54656E736F723E3B2053697A6596
:10D2100054203D206C6F6E6720756E7369676E6574
:10D220006420696E743B2072657475726E5F7479E8
:10D230007065203D20636F6E73742074666C697432
:10D24000653A3A54656E736F722A5D00433A2F5502
:10D25000736572732F726F796D612F4465736B7490
:10D260006F702F53696C69636F56656761732F70B8
:10D2700072655F66696E616C20352F576F6D6263F2
:10D280006172655F3850726546696E616C2F6175B9
:10D29000746F67656E2F6D6C2F74686972645F7050
:10D2A000617274792F666C617462756666657273FB
:10D2B0002F766563746F722E68707000616C6C6F8E
:10D2C000775F6E756C6C207C7C205F616C6C6F632B
:10D2D00061746F7220213D206E756C6C70747200E9
:10D2E00074666C6974653A3A4D6963726F416C6C2F
:10D2F0006F6361746F722A206E70755F746F6F6CEC
:10D300006B69743A3A54666C6974654D6963726FFF
:10D310004D6F64656C3A3A616C6C6F6361746F72E7
:10D3200028626F6F6C2920636F6E737400433A2F0D
:10D3300055736572732F726F796D612F4465736BCE
:10D34000746F702F53696C69636F56656761732FD3
:10D350007072655F66696E616C20352F576F6D6204
:10D36000636172655F3850726546696E616C2F61EA
:10D3700075746F67656E2F6D6C2F74666C6974655C
:10D380005F6D6963726F5F6D6F64656C2F74666C3F
:10D390006974655F6D6963726F5F6D6F64656C2E34
:10D3A0006363005F666C61746275666665722021F6
:10D3B0003D206E756C6C70747200636F6E737420B8
:10D3C00074666C6974653A3A4D6F64656C2A206EB8
:10D3D00070755F746F6F6C6B69743A3A54666C6900
:10D3E00074654D6963726F4D6F64656C3A3A666C33
:10D3F00061746275666665725F6D6F64656C28291D
:10D4000020636F6E7374005F696E7465727072650D
:10D4100074657220213D206E756C6C70747200749E
:10D42000666C6974653A3A4D6963726F496E7465EA
:10D43000727072657465722A206E70755F746F6F9A
:10D440006C6B69743A3A54666C6974654D696372C1
:10D450006F4D6F64656C3A3A696E7465727072658F
:10D46000746572282920636F6E7374005F6F707328
:10D470005F7265736F6C76657220213D206E756CEE
:10D480006C70747200636F6E73742074666C697470
:10D49000653A3A4D6963726F4F705265736F6C767F
:10D4A00065722A206E70755F746F6F6C6B69743A69
:10D4B0003A54666C6974654D6963726F4D6F64654B
:10D4C0006C3A3A6F70735F7265736F6C7665722831
:10D4D0002920636F6E737400666C61746275666692
:10D4E0006572733A3A566563746F723C542C2053DC
:10D4F000697A65543E3A3A72657475726E5F7479F2
:10D50000706520666C6174627566666572733A3A1E
:10D51000566563746F723C542C2053697A65543E8F
:10D520003A3A4765742853697A65542920636F6EC7
:10D530007374205B776974682054203D20666C61A9
:10D5400074627566666572733A3A4F66667365749F
:10D550003C74666C6974653A3A53756247726170DF
:10D56000683E3B2053697A6554203D206C6F6E679E
:10D5700020756E7369676E656420696E743B2072F6
:10D58000657475726E5F74797065203D20636F6E8F
:10D5900073742074666C6974653A3A5375624772A5
:10D5A0006170682A5D007669727475616C20626FC3
:10D5B0006F6C206E70755F746F6F6C6B69743A3A44
:10D5C00054666C6974654D6963726F4D6F64656C08
:10D5D000436F6E746578743A3A696E6974286E7038
:10D5E000755F746F6F6C6B69743A3A54666C6974EA
:10D5F000654D6963726F4D6F64656C2A2900433A0B
:10D600002F55736572732F726F796D612F44657337
:10D610006B746F702F53696C69636F5665676173C4
:10D620002F7072655F66696E616C20352F576F6D64
:10D6300062636172655F3850726546696E616C2F16
:10D640006175746F67656E2F6D6C2F74666C69748D
:10D65000655F6D6963726F5F6D6F64656C2F746673
:10D660006C6974655F6D6963726F5F6D6F64656C23
:10D670005F636F6E746578742E636300766972748D
:10D6800075616C20766F6964206E70755F746F6F62
:10D690006C6B69743A3A54666C6974654D6963726F
:10D6A0006F4D6F64656C436F6E746578743A3A645D
:10D6B00065696E69742829005F6D6F64656C20214F
:10D6C0003D206E756C6C707472006E70755F746F57
:10D6D0006F6C6B69743A3A54666C6974654D696332
:10D6E000726F4D6F64656C2A206E70755F746F6F1A
:10D6F0006C6B69743A3A54666C6974654D6963720F
:10D700006F4D6F64656C436F6E746578743A3A6DF3
:10D710006F64656C282920636F6E73740054666CA7
:10D720006974654D6963726F4D6F64656C48656CB3
:10D730007065725F6765745F6163746976655F6366
:10D740006F6E746578742829203D3D206E756C6C71
:10D750007074720073746174696320766F696420F9
:10D760006E70755F746F6F6C6B69743A3A54666C67
:10D770006974654D6963726F4D6F64656C48656C63
:10D780007065723A3A7365745F6163746976655F58
:10D79000636F6E746578742854664C697465436F62
:10D7A0006E746578742A2900433A2F557365727335
:10D7B0002F726F796D612F4465736B746F702F5387
:10D7C000696C69636F56656761732F7072655F6618
:10D7D000696E616C20352F576F6D62636172655F92
:10D7E0003850726546696E616C2F6175746F67653C
:10D7F0006E2F6D6C2F74666C6974655F6D696372F2
:10D800006F5F6D6F64656C2F74666C6974655F6DB6
:10D810006963726F5F6D6F64656C5F68656C70657E
:10D82000722E6363007374617469632054664C697B
:10D830007465436F6E746578742A206E70755F74BA
:10D840006F6F6C6B69743A3A54666C6974654D69B4
:10D8500063726F4D6F64656C48656C7065723A3ABF
:10D860006765745F6163746976655F636F6E746525
:10D87000787428626F6F6C29007374617469632017
:10D880006E70755F746F6F6C6B69743A3A54666C46
:10D890006974654D6963726F4D6F64656C436F6E3B
:10D8A000746578742A206E70755F746F6F6C6B6925
:10D8B000743A3A54666C6974654D6963726F4D6F62
:10D8C00064656C48656C7065723A3A74666C69742C
:10D8D000655F6D6963726F5F6D6F64656C5F636FC9
:10D8E0006E746578742854664C697465436F6E7401
:10D8F0006578742A29007374617469632074666C96
:10D900006974653A3A4275696C74696E4F706572F4
:10D9100061746F72206E70755F746F6F6C6B697479
:10D920003A3A54666C6974654D6963726F4D6F6401
:10D93000656C48656C7065723A3A63757272656EB3
:10D94000745F6C617965725F6F70636F6465285492
:10D95000664C697465436F6E746578742A29006D2E
:10D960006F64656C2D3E69735F6C6F6164656428DC
:10D97000290073746174696320696E74206E707518
:10D980005F746F6F6C6B69743A3A54666C69746556
:10D990004D6963726F4D6F64656C48656C7065723C
:10D9A0003A3A63757272656E745F6C617965725F25
:10D9B000696E6465782854664C697465436F6E744B
:10D9C0006578742A2900637573746F6D004F702534
:10D9D000642D257300666C6174627566666572738A
:10D9E0003A3A566563746F723C542C2053697A65D9
:10D9F000543E3A3A72657475726E5F747970652040
:10DA0000666C6174627566666572733A3A566563F0
:10DA1000746F723C542C2053697A65543E3A3A47ED
:10DA200065742853697A65542920636F6E73742076
:10DA30005B776974682054203D20666C6174627560
:10DA400066666572733A3A4F66667365743C7466CF
:10DA50006C6974653A3A4275666665723E3B20535E
:10DA6000697A6554203D206C6F6E6720756E73690E
:10DA7000676E656420696E743B2072657475726EA2
:10DA80005F74797065203D20636F6E7374207466D7
:10DA90006C6974653A3A4275666665722A5D004142
:10DAA0005645524147455F504F4F4C5F324400430B
:10DAB0004F4E434154454E4154494F4E004445500A
:10DAC0005448574953455F434F4E565F32440044D4
:10DAD000455054485F544F5F5350414345004445BF
:10DAE0005155414E54495A4500454D4245444449DB
:10DAF0004E475F4C4F4F4B55500046554C4C595F6D
:10DB0000434F4E4E454354454400484153485441C9
:10DB1000424C455F4C4F4F4B5550004C325F4E4F7F
:10DB2000524D414C495A4154494F4E004C325F507E
:10DB30004F4F4C5F3244004C4F43414C5F52455372
:10DB4000504F4E53455F4E4F524D414C495A4154F0
:10DB5000494F4E004C53485F50524F4A4543544939
:10DB60004F4E004D41585F504F4F4C5F3244005272
:10DB7000454C555F4E315F544F5F310052454C5517
:10DB80003600524553495A455F42494C494E45413A
:10DB9000520053504143455F544F5F4445505448F1
:10DBA000005356444600434F4E4341545F454D4257
:10DBB000454444494E475300534B49505F475241F7
:10DBC0004D00435553544F4D00454D424544444943
:10DBD0004E475F4C4F4F4B55505F5350415253454A
:10DBE00000554E49444952454354494F4E414C5FBC
:10DBF00053455155454E43455F524E4E00424154A8
:10DC000043485F544F5F53504143455F4E44005378
:10DC1000504143455F544F5F42415443485F4E4437
:10DC2000004D45414E005355420053515545455A0C
:10DC30004500554E49444952454354494F4E414C85
:10DC40005F53455155454E43455F4C53544D00532A
:10DC50005452494445445F534C494345004249446A
:10DC60004952454354494F4E414C5F5345515545E8
:10DC70004E43455F524E4E0045585000544F504B56
:10DC80005F56320053504C4954004C4F475F534F3E
:10DC900046544D41580044454C4547415445004287
:10DCA00049444952454354494F4E414C5F534551B5
:10DCB00055454E43455F4C53544D005052454C55CD
:10DCC000004152475F4D4158004C455353004E456B
:10DCD0004700504144563200475245415445520096
:10DCE000475245415445525F455155414C004C45C2
:10DCF00053535F455155414C0053494E00545241D6
:10DD00004E53504F53455F434F4E56005350415270
:10DD100053455F544F5F44454E53450054494C456D
:10DD200000455850414E445F44494D53004E4F54B6
:10DD30005F455155414C00504F57004152475F4D90
:10DD4000494E0046414B455F5155414E54005245A6
:10DD5000445543455F50524F440052454455434556
:10DD60005F4D4158004C4F474943414C5F4F520073
:10DD70004F4E455F484F54004C4F474943414C5F1D
:10DD8000414E44004C4F474943414C5F4E4F540075
:10DD9000554E5041434B005245445543455F4D4914
:10DDA0004E00464C4F4F525F444956005245445531
:10DDB00043455F414E5900535155415245005A4524
:10DDC000524F535F4C494B450046494C4C00464C22
:10DDD0004F4F525F4D4F440052414E474500524510
:10DDE00053495A455F4E4541524553545F4E45494C
:10DDF0004748424F52004C45414B595F52454C55A4
:10DE000000535155415245445F44494646455245A9
:10DE10004E4345004D4952524F525F5041440053CA
:10DE2000504C49545F5600554E49515545004345A5
:10DE3000494C00524556455253455F5632004144C5
:10DE4000445F4E004741544845525F4E4400434FA3
:10DE5000530057484552450052414E4B00524556DB
:10DE6000455253455F53455155454E4345004D413D
:10DE7000545249585F44494147004D415452495812
:10DE80005F5345545F4449414700524F554E44004B
:10DE9000484152445F5357495348004946004E4F4A
:10DEA0004E5F4D41585F5355505052455353494F63
:10DEB0004E5F5634004E4F4E5F4D41585F535550A4
:10DEC0005052455353494F4E5F56350053434154CA
:10DED0005445525F4E440053454C4543545F5632BF
:10DEE0000044454E534946590042415443485F4D12
:10DEF00041544D554C00504C414345484F4C4445CE
:10DF0000525F464F525F475245415445525F4F5012
:10DF10005F434F4445530043554D53554D004341D6
:10DF20004C4C5F4F4E43450042524F414443415396
:10DF3000545F544F0052464654324400434F4E56AD
:10DF40005F334400494D4147005245414C00434F27
:10DF50004D504C45585F414253004841534854414D
:10DF6000424C4500484153485441424C455F464964
:10DF70004E4400484153485441424C455F494D503E
:10DF80004F525400484153485441424C455F534915
:10DF90005A45005245445543455F414C4C00434F60
:10DFA0004E565F33445F5452414E53504F534500D9
:10DFB0005641525F48414E444C4500524541445FF2
:10DFC0005641524941424C450041535349474E5FE7
:10DFD0005641524941424C450042524F414443410F
:10DFE00053545F415247530052414E444F4D5F538B
:10DFF00054414E444152445F4E4F524D414C0042B9
:10E0000055434B4554495A450052414E444F4D5F8C
:10E01000554E49464F524D004D554C54494E4F4D6B
:10E0200049414C0047454C550052454C555F305FC7
:10E03000544F5F3100554E534F525445445F534542
:10E04000474D454E545F50524F4400554E534F522A
:10E050005445445F5345474D454E545F4D4158002C
:10E06000554E534F525445445F5345474D454E54CA
:10E070005F53554D004154414E3200554E534F525F
:10E080005445445F5345474D454E545F4D494E00FE
:10E090005349474E00424954434153540042495466
:10E0A000574953455F584F520052494748545F53B0
:10E0B0004849465400535441424C45484C4F5F4CEC
:10E0C0004F47495354494300535441424C45484CEF
:10E0D0004F5F41444400535441424C45484C4F5FCC
:10E0E00044495649444500535441424C45484C4FDD
:10E0F0005F4D554C5449504C5900535441424C4586
:10E10000484C4F5F4D4158494D554D005354414285
:10E110004C45484C4F5F524553484150450053547D
:10E1200041424C45484C4F5F434C414D5000535485
:10E1300041424C45484C4F5F434F4E434154454E3E
:10E1400041544500535441424C45484C4F5F425264
:10E150004F4144434153545F494E5F44494D00533E
:10E160005441424C45484C4F5F434F4E564F4C55DF
:10E1700054494F4E00535441424C45484C4F5F5315
:10E180004C49434500535441424C45484C4F5F4332
:10E190005553544F4D5F43414C4C00535441424CF6
:10E1A00045484C4F5F524544554345005354414206
:10E1B0004C45484C4F5F41425300535441424C45FB
:10E1C000484C4F5F414E4400535441424C45484CEB
:10E1D0004F5F434F53494E4500535441424C4548CD
:10E1E0004C4F5F4558504F4E454E5449414C00539B
:10E1F0005441424C45484C4F5F464C4F4F520053A0
:10E200005441424C45484C4F5F4C4F47005354419A
:10E21000424C45484C4F5F4D494E494D554D00537A
:10E220005441424C45484C4F5F4E45474154450090
:10E23000535441424C45484C4F5F4F520053544158
:10E24000424C45484C4F5F504F5745520053544144
:10E25000424C45484C4F5F52454D41494E44455212
:10E2600000535441424C45484C4F5F525351525415
:10E2700000535441424C45484C4F5F53454C454335
:10E280005400535441424C45484C4F5F53554254FF
:10E290005241435400535441424C45484C4F5F5403
:10E2A000414E4800535441424C45484C4F5F534304
:10E2B000415454455200535441424C45484C4F5FE1
:10E2C000434F4D5041524500535441424C45484CF8
:10E2D0004F5F434F4E5645525400535441424C45B4
:10E2E000484C4F5F44594E414D49435F534C49435D
:10E2F0004500535441424C45484C4F5F44594E41B0
:10E300004D49435F5550444154455F534C49434543
:10E3100000535441424C45484C4F5F5041440053D8
:10E320005441424C45484C4F5F494F54410053546F
:10E3300041424C45484C4F5F444F545F47454E4522
:10E3400052414C00535441424C45484C4F5F52455A
:10E35000445543455F57494E444F5700535441423B
:10E360004C45484C4F5F534F525400535441424C1C
:10E3700045484C4F5F5748494C4500535441424C27
:10E3800045484C4F5F474154484552005354414221
:10E390004C45484C4F5F5452414E53504F534500EB
:10E3A00044494C41544500535441424C45484C4F1C
:10E3B0005F524E475F4249545F47454E4552415474
:10E3C0004F5200535441424C45484C4F5F434F4DD0
:10E3D000504F5349544500535441424C45484C4FCB
:10E3E0005F53484946545F4C45465400535441429C
:10E3F0004C45484C4F5F4342525400535441424CA9
:10E4000045484C4F5F4341534500556E6B6E6F77E7
:10E410006E2074797065004E4F5459504500464C3B
:10E420004F415433320055494E54380053545249E9
:10E430004E4700424F4F4C00434F4D504C455836CD
:10E440003400464C4F4154363400434F4D504C45F8
:10E45000583132380055494E543634005245534FE6
:10E46000555243450056415249414E540055494E7C
:10E470005433320055494E54313600494E5434001D
:10E4800042464C4F4154313600494E543200666C7E
:10E490006174627566666572733A3A566563746F45
:10E4A000723C542C2053697A65543E3A3A72657432
:10E4B00075726E5F7479706520666C6174627566E2
:10E4C000666572733A3A566563746F723C542C20D9
:10E4D00053697A65543E3A3A4765742853697A65B8
:10E4E000542920636F6E7374205B776974682054BD
:10E4F000203D206C6F6E6720696E743B2053697AF3
:10E500006554203D206C6F6E6720756E7369676E71
:10E51000656420696E743B2072657475726E5F74F9
:10E52000797065203D206C6F6E6720696E745D00A8
:10E53000666C6174627566666572733A3A566563B5
:10E54000746F723C542C2053697A65543E3A3A7287
:10E55000657475726E5F7479706520666C61746243
:10E560007566666572733A3A566563746F723C54A9
:10E570002C2053697A65543E3A3A476574285369AA
:10E580007A65542920636F6E7374205B77697468B1
:10E590002054203D20666C617462756666657273F6
:10E5A0003A3A4F66667365743C74666C6974653A92
:10E5B0003A4F70657261746F723E3B2053697A65A1
:10E5C00054203D206C6F6E6720756E7369676E65B1
:10E5D0006420696E743B2072657475726E5F747925
:10E5E0007065203D20636F6E73742074666C69746F
:10E5F000653A3A4F70657261746F722A5D00666C9D
:10E600006174627566666572733A3A566563746FD3
:10E61000723C542C2053697A65543E3A3A726574C0
:10E6200075726E5F7479706520666C617462756670
:10E63000666572733A3A566563746F723C542C2067
:10E6400053697A65543E3A3A4765742853697A6546
:10E65000542920636F6E7374205B7769746820544B
:10E66000203D20666C6174627566666572733A3A25
:10E670004F66667365743C74666C6974653A3A4FAC
:10E6800070657261746F72436F64653E3B205369BD
:10E690007A6554203D206C6F6E6720756E736967D4
:10E6A0006E656420696E743B2072657475726E5F6E
:10E6B00074797065203D20636F6E73742074666C8E
:10E6C0006974653A3A4F70657261746F72436F6432
:10E6D000652A5D00666C6174627566666572733A80
:10E6E0003A566563746F723C542C2053697A6554B2
:10E6F0003E3A3A72657475726E5F74797065206621
:10E700006C6174627566666572733A3A56656374D5
:10E710006F723C542C2053697A65543E3A3A4765EF
:10E72000742853697A65542920636F6E7374205B73
:10E73000776974682054203D206C6F6E67206C6F81
:10E740006E6720696E743B2053697A6554203D20C2
:10E750006C6F6E6720756E7369676E656420696E95
:10E76000743B2072657475726E5F74797065203DBC
:10E77000206C6F6E67206C6F6E6720696E745D0031
:10E780006578706F6E656E74203E3D203000496E76
:10E790007465676572547970652067656D6D6C6F1F
:10E7A00077703A3A526F756E64696E67446976693C
:10E7B00064654279504F5428496E74656765725498
:10E7C0007970652C20696E7429205B7769746820E4
:10E7D000496E746567657254797065203D206C6F71
:10E7E0006E6720696E745D00433A2F5573657273CE
:10E7F0002F726F796D612F4465736B746F702F5337
:10E80000696C69636F56656761732F7072655F66C7
:10E81000696E616C20352F576F6D62636172655F41
:10E820003850726546696E616C2F6175746F6765EB
:10E830006E2F6D6C2F74686972645F706172747989
:10E840002F67656D6D6C6F77702F66697865647082
:10E850006F696E742E68006578706F6E656E7420D7
:10E860003C3D2033310076636F6D005B435D2000DB
:10E87000433A2F55736572732F726F796D612F4410
:10E8800065736B746F702F53696C69636F5665673E
:10E8900061732F7072655F66696E616C20352F57EA
:10E8A0006F6D62636172655F3850726546696E6153
:10E8B0006C2F736C5F676174745F736572766963E4
:10E8C000655F6465766963655F696E666F726D61C9
:10E8D00074696F6E5F6F766572726964652E63002E
:10E8E00025733A2564203A25733A20007363005358
:10E8F00074617475733A202573203D20307825307B
:10E9000034782000417373657274696F6E2066619C
:10E91000696C656400576F6D624361726520424C9B
:10E92000453A206164766572746973696E67207315
:10E930007461727465640A00424C453A2070686FD5
:10E940006E6520636F6E6E65637465642028686110
:10E950006E646C65202564290A00424C453A20709B
:10E96000686F6E6520646973636F6E6E656374654E
:10E97000642C2072657374617274696E67206164BF
:10E98000766572746973696E670A00424C453A2075
:10E9900070686F6E65207375627363726962656417
:10E9A00020746F206E6F74696669636174696F6E3D
:10E9B000730A00424C453A20626F6E6465642061C0
:10E9C0006E6420656E637279707465640A005B57CB
:10E9D0005D2000424C453A20626F6E64696E67208C
:10E9E0006661696C6564203078253034580A0042CD
:10E9F000726F6B656E20626F6E6420646574656310
:10EA00007465642E2044656C6574696E6720737448
:10EA10006F72656420626F6E642E0A00444D41205F
:10EA2000303A204D3D257520463D257520503D2529
:10EA300075207C20444D4120313A204D3D257520E4
:10EA4000463D257520503D2575207C20444D4120B4
:10EA5000323A204D3D257520463D257520503D25F7
:10EA6000750D0A0052415720494D55202D20583A26
:10EA700025642020593A256420205A3A25640D0A3D
:10EA8000004144433A206E6F2066726565204C4415
:10EA90004D41206368616E6E656C0D0A002C206626
:10EAA000756E6374696F6E3A20006173736572747A
:10EAB000696F6E2022257322206661696C65643A55
:10EAC0002066696C6520222573222C206C696E6596
:10EAD000202564257325730A00232D302B20006820
:10EAE0006C4C00656667454647003031323334353B
:10EAF00036373839414243444546003031323334A9
:10EB00003536373839616263646566002F76617225
:10EB10002F6C69622F6A656E6B696E732F676974FB
:10EB20006875622F62676170695F70726F746F637E
:10EB30006F6C2F70726F746F636F6C2F6576656E7C
:10EB4000742F7372632F736C695F62676170695FA2
:10EB50006576656E742E630062676275665F696EC6
:10EB60000062676275665F6F7574006267627566E2
:10EB70005F6E6F666C6F77006267627566006163D7
:10EB80006C006C6C5F636F6E6E656374696F6E00B2
:10EB90006C6C5F6164765F736574006C6C5F76614A
:10EBA0006C696461746F720062675F6D6573736135
:10EBB000676500736F66745F74696D65725F6D651C
:10EBC0007373616765006C6C5F6164765F73796E07
:10EBD00063006C6C5F7363616E5F73796E63006773
:10EBE00061705F706572696F6469635F616476000C
:10EBF0006761705F706572696F6469635F73796E76
:10EC000063006C326361705F636F635F6368616E42
:10EC10006E656C006D626564746C735F636F6E74B7
:10EC200065787400131510801A8012808000060623
:10EC3000010203120100E69D350E480103CCDBFD05
:10EC4000F4AC1191F4EFB9A5F9E9A7832C5E2CBEC1
:10EC500097F2D203B020008BD28915D08E1C742479
:10EC600030ED8FC24563765C15525ABF9A32636DA0
:10EC7000EB2A65499C80DC00C5A10208C1A10208FD
:10EC80009FA102086DA10208FDA10208CFA1020800
:10EC90006FA102082C000000020202030000000025
:10ECA0000000000001000000000000000000000063
:10ECB000010000000000000000000000010400004E
:10ECC000050000000000000080969800020100008E
:10ECD00000000000050000000000000040420F009E
:10ECE000050100000000000000000000000000001E
:10ECF000030000000004000000000000000001020A
:10ED000002000403030000000000000103020000F1
:10ED100000000000010100000000030202010103E5
:10ED200000000402010103030206010504020000C1
:10ED3000000003000000000000000001000080410E
:10ED400000000042000080420000B8420000004382
:10ED500000008043030000000000000000000000ED
:10ED60000000000000070008000000000000000094
:10ED70000000000001020405000000000000000087
:10ED80000000000000060000090A0B00000000005F
:10ED900000000000DC984CA0D81018000000000013
:10EDA0000120000000200000FFFFFFFF0000000026
:10EDB000FFFFFFFFFFFFFFFFBCE6FAADA7179E8432
:10EDC000F3B9CAC2FC63255101260000040000000B
:10EDD0000000000000010000000000000B00000027
:10EDE0000C000000030000000000202000000000D4
:10EDF000030000003C3C3C0000000000000000005C
:10EE00000000000001031001010903008800000058
:10EE100087000000090000001E0000001B00000029
:10EE20005E0000001600000001000000000000006D
:10EE30001A00000086000000850000005700000056
:10EE40005600000000000450010000002CEE0308F2
:10EE500000000000000000000808000000800A50C8
:10EE6000030000000CEE03083CEF030838EF030832
:10EE700034EF030830EF03082CEF030800400A507A
:10EE80000300000010EE030850EF03084CEF0308E6
:10EE900048EF030844EF030840EF030800000A505E
:10EEA0000300000014EE030864EF030860EF03089A
:10EEB0005CEF030858EF030854EF030800C00A5042
:10EEC0001300000018EE0308004004500300000087
:10EED00028EE03088CEF030888EF03080040095070
:10EEE0000A00000034EE03086CEF030868EF030823
:10EEF000000009500A00000038EE030874EF030810
:10EF000070EF030800C008500A0000003CEE030840
:10EF10007CEF030878EF03080000015B1500000098
:10EF200040EE030884EF030880EF03080300160097
:10EF30000200160004001600010016000000160072
:10EF40000400150003001500020015000100150063
:10EF50000000150004000400030004000200040087
:10EF6000010004000000040001001400000014006F
:10EF70000100130000001300010010000000100049
:10EF800001000F0000000F0001000100000001005F
:10EF9000E1C20308DBC20308D5C20308CFC20308DD
:10EFA000C9C20308C3C20308BDC20308B7C203082D
:10EFB00000000020001000300500000000000000EC
:10EFC00000C201000002000000100000000000006C
:10EFD000000000000000000005000000000000002C
:10EFE00080250000800200000010000000000040AA
:10EFF000000000000000000001041000F0FB030806
:10F000000000000074F0030803000000000000008E
:10F01000C0175302F0FB030800000000E0F00308F3
:10F020000300000000000000C0175302F0FB0308BB
:10F03000000000004CF10308030000000000000085
:10F04000C0175302F0FB030800000000B8F10308EA
:10F050000300000000000000C0175302F0FB03088B
:10F060000000000024F2030803000000000000007C
:10F07000C017530290F20308809C2B8F80841E00DF
:10F08000000000002500FF7F28C4062000000000CB
:10F09000640004080000000090F20308809C2B8F9D
:10F0A00080841E00000026002600B70028C4062029
:10F0B00000000000640004080000000090F2030853
:10F0C000809C2B8F80841E000000270027008C006E
:10F0D00028C40620000000006400040800000000AE
:10F0E00070F40308809C2B8F80841E0000000000B9
:10F0F0002500FF7F28C406200000000068000408E7
:10F100000000000070F40308809C2B8F80841E0098
:10F11000000026002600B70028C4062000000000DA
:10F12000680004080000000070F40308809C2B8F26
:10F1300080841E000000270027008C0028C40620C1
:10F1400000000000680004080000000050F60308FA
:10F15000809C2B8F80841E00000000002500FF7F14
:10F1600028C40620000000006C0004080000000015
:10F1700050F60308809C2B8F80841E000000260020
:10F180002600B70028C40620000000006C00040818
:10F190000000000050F60308809C2B8F80841E0026
:10F1A0000000270027008C0028C406200000000073
:10F1B0006C0004080000000030F80308809C2B8FCE
:10F1C00080841E00000000002500FF7F30C4062060
:10F1D00000000000700004080000000030F8030880
:10F1E000809C2B8F80841E00000026002600A0003B
:10F1F00030C4062000000000700004080000000079
:10F2000030F80308809C2B8F80841E0000002700AC
:10F210002700FF7F30C406200000000070000408B3
:10F220000000000010FA0308809C2B8F80841E00D1
:10F23000000000002500FF7F30C406200000000011
:10F24000740004080000000010FA0308809C2B8F53
:10F2500080841E00000026002600B70030C406206F
:10F2600000000000740004080000000010FA030809
:10F27000809C2B8F80841E000000270027008C00BC
:10F2800030C40620000000007400040800000000E4
:10F29000FC4F0103C0FE03081040010000410000C4
:10F2A0003C4001000000000048400100200700032E
:10F2B00050400100000000005C4001000D0F000004
:10F2C00008410100FF4C000054C0070051113000FC
:10F2D0000E000DE62A000000080B0C0D0D000000CA
:10F2E000D1B60200E0040000404007010000207099
:10F2F0000000A01110000000000000461FC08100A7
:10F3000000000020008000006440050100000000B3
:10F31000B904F8004008000010000000910004004B
:10F3200088400F01B70312000000006000000000D9
:10F330000002050D1C2F42536269686053402E1F66
:10F34000110A08080808070605040303020202015F
:10F3500001010101000000000000000000000000A9
:10F360001C41010100302C8C38410701BC200BF0FE
:10F3700049C05100055BA0408E6E829421824852A4
:10F3800009084000C00D00805C410101FFDD000064
:10F39000684107014CD4E83B04190D50080E141ABB
:10F3A00020262C32383E10325476980A1D0040B484
:10F3B000D041030100000000D00000000400120052
:10F3C000E041130100000080E2CFDD2C7EB63A0060
:10F3D000600919005122E2004CB9510E3982A9048A
:10F3E000D8229B29E2CFDD2C7EB63A0060091900B5
:10F3F0005122E2004CB9510E3982A904D8229B292E
:10F400000000000000000000440000003C3C3C3CC8
:10F410004C420101080003046842010100000000A1
:10F4200038800101F1471000A0800201703803000C
:10F43000D0000000A8800111F0010000A880013177
:10F44000055AFD01AC800111F0010000AC800131D2
:10F45000053EFD00EC000112E00F0000EC0001325F
:10F460000C2051118401010200000000FFFFFFFF8A
:10F47000FC4F010314FF030810400100004100008D
:10F480003C4001001000000048400100201700032C
:10F4900050400100010400005C4001000D0F00001D
:10F4A0000841010003C0010054C0070051113000A1
:10F4B0000E000DE62A000000080B0C0D0D000000E8
:10F4C000D1B6020080050000404007010000207016
:10F4D0000000A01110000000300000461FC881008D
:10F4E00000200030008000006440050100000000A2
:10F4F000B904F800400800001000000092000A0063
:10F5000088400F01B70312000000006000000000F7
:10F510000002050D1C2F42536269686053402E1F84
:10F52000110A08080808070605040303020202017D
:10F5300001010101000000000000000000000000C7
:10F540001C41010100302C8C38410701BC200AF01D
:10F5500049C0510001000040B756351200780850EC
:10F5600009084000C00300805C4101010000000068
:10F57000684107014CD4E83B04190D700A10161CB1
:10F5800022282E343A4010325476980A1D6980A4FD
:10F59000D041030100000000D00000000000020084
:10F5A000E041130100000000E2CFDD2C7EB63A00FE
:10F5B000600919005122E2004CB9510E3982A904A8
:10F5C000D8229B29E2CFDD2C7EB63A0060091900D3
:10F5D0005122E2004CB9510E3982A904D8229B294C
:10F5E0000000000000000000440000003C3C3C3CE7
:10F5F0004C420101080000046842010100000000C3
:10F6000038800101F1471000A0800201703803002A
:10F61000D0000000A8800111F0010000A880013195
:10F62000055AFD01AC800111F0010000AC800131F0
:10F63000053EFD00EC000112E00F0000EC0001327D
:10F640000C2051118401010200000000FFFFFFFFA8
:10F65000FC4F010368FF0308104001000041000057
:10F660003C4001001000000048400100200700035A
:10F6700050400100000400005C4001000D0F00003C
:10F680000841010003C0010054C0070051113000BF
:10F690000E000DE62A000000080B0C0D0D00000006
:10F6A000D1B6020080050000404007010000207034
:10F6B0000000A01110000000300000461FC88100AB
:10F6C00000200030008000006440050100000000C0
:10F6D000B904F800400800001000000092000A0081
:10F6E00088400F01B7031200000000600000000016
:10F6F0000002050D1C2F42536269686053402E1FA3
:10F70000110A08080808070605040303020202019B
:10F7100001010101000000000000000000000000E5
:10F720001C41010100302C8C38410701BC200AF03B
:10F7300049C0510001000040B7563512007808500A
:10F7400009084000C00300805C4101010000000086
:10F75000684107014CD4E83B04190D70080E141AD7
:10F7600020262C32383E10325476980A1D6940B457
:10F77000D041030100000000D000000000000200A2
:10F78000E041130100000000E2CFDD2C7EB63A001C
:10F79000600919005122E2004CB9510E3982A904C6
:10F7A000D8229B29E2CFDD2C7EB63A0060091900F1
:10F7B0005122E2004CB9510E3982A904D8229B296A
:10F7C0000000000000000000440000003C3C3C3C05
:10F7D0004C420101080000046842010100000000E1
:10F7E00038800101F1471000A08002017038030049
:10F7F000D0000000A8800111F0010000A8800131B4
:10F80000055AFD01AC800111F0010000AC8001310E
:10F81000053EFD00EC000112E00F0000EC0001329B
:10F820000C2051118401010200000000FFFFFFFFC6
:10F83000FC4F0103BCFF0308104001000141000020
:10F840003C4001000000000048400100A007000308
:10F8500050400100000000005C400100000000007A
:10F8600008410100FF4C000054C007005121300046
:10F870000E000DE62A00000004050607080000003F
:10F88000D1B6020060050000404007010000505161
:10F890000000A02110000000000000861FC08100B1
:10F8A000000000200000000064400501000000404E
:10F8B0004902F00040080000020000009200080029
:10F8C00088400F01DA032A00000000E00000000079
:10F8D0000102071121374B5A676962544029150507
:10F8E00000000000010203040404030303030302F5
:10F8F00002020202020101010000000000000000FB
:10F900001C41010100B0B18C38410701BC200AF054
:10F91000B6555200055B98408E6E8294233C485247
:10F92000893B4000C00300805C410101FFDD000015
:10F9300068410701E853FA000000004000000000A1
:10F9400000000000000000000000000000000000B7
:10F95000D04103010000AAAAD00000000400120058
:10F96000E041130100000000FFAB000A5CF10F0052
:10F97000D341020095EDB100197BD80F1208B904EC
:10F98000EA1B6D1FC9B7C20A0B203B0043060000EB
:10F990005962F300727E9600A73D1900D022F13B18
:10F9A000000000A000000000400000000000000077
:10F9B0004C420101080003046842010101000000FB
:10F9C00038800101F1471000A08002017078030027
:10F9D000D5C00000A8800111F0010000A88001310D
:10F9E0000542CB01AC800111F0010000AC80013177
:10F9F00005228D00EC000112E00F0000EC00013246
:10FA00000C2051118401010200000000FFFFFFFFE4
:10FA1000FC4F0103100004081040010001410000E8
:10FA20003C4001000000000048400100A007000326
:10FA300050400100000000005C4001000000000098
:10FA400008410100FF4C000054C007005111300074
:10FA50000E0009E62D00000004050607080000005E
:10FA6000D1B602006435000040400701000050514B
:10FA70000000A01110000000000000861FC08100DF
:10FA8000000000200000000064400501000000406C
:10FA9000B904F800400800000200000092000400D1
:10FAA00088400F01B7033B00000000E000000000A9
:10FAB0000002050D1C2F42536269686053402E1FDF
:10FAC000110A0808080807060504030302020201D8
:10FAD0000101010100000000000000000000000022
:10FAE0001C4101010060B18C38410701BC200AF0C3
:10FAF000F6625200055B98408E6E82941C784852E4
:10FB0000893B4000C00300805C410101FFDD000033
:10FB100068410701E853FA000000004000000000BF
:10FB200000000000000000000000000000000000D5
:10FB3000D0410301000000AAD00000000400120020
:10FB4000E041130100000000FFAB000A5CF10F0070
:10FB5000D341020095EDB100197BD80F1208B9040A
:10FB6000EA1B6D1FC9B7C20A0B203B004306000009
:10FB70005962F300727E9600A73D1900D022F13B36
:10FB8000000000A00000000038000000000000009D
:10FB90004C42010108000304684201010100000019
:10FBA00038800101C2241000A08002017078030097
:10FBB000D0000000A8800111F0010000A8800131F0
:10FBC0000542CB01AC800111F0010000AC80013195
:10FBD000053EFD00EC000112E00F0000EC000132D8
:10FBE0000C2051518401010200100000FFFFFFFFB3
:10FBF0000C400100018101002040020000000000D3
:10FC00000100000030400300000000000000000080
:10FC10000000000040400200000000000040000022
:10FC20006040010001010000A84001000700000041
:10FC3000BC400400000000000000000000000000C4
:10FC4000000000000C410300FF4C0000FF4D0000CD
:10FC5000FF4D000020C0011000F8070020C0013057
:10FC6000F502280124C00110FF00000024C001306B
:10FC70000013000028C00800EC80B3034375405116
:10FC8000A00F00F800400000A8AA07000000000034
:10FC9000000000000000000070C00900BA10000061
:10FCA00000042000041880000B3C2001187C100286
:10FCB0002FFCE0067F0000000000000000000000B4
:10FCC000A8C00500BD4B721511A31805103254765B
:10FCD000980A000000000000CCC0040001000000F1
:10FCE0000000000001000A000100280008000101D6
:10FCF0000807000018000101AAAAAA0020000101BB
:10FD00000060DA005C4002010000000300000020F7
:10FD10007840040129417671000000008C000C003D
:10FD200000000000C44004010000000000000000CA
:10FD30000000000000000000E0400101000200009F
:10FD400010410201331E05000000000020410201A5
:10FD500000000000FF0483072C410301FF06660C2E
:10FD6000FF0483078813FF035841010100000000CE
:10FD7000644101010C010000844105010101000002
:10FD80000000000000000000000000000000000073
:10FD9000A44102010000000000000000B041020187
:10FDA0000000000058923EC0BC410301000000006A
:10FDB00000003C00699006002C42030160180040DE
:10FDC00000000000000000003C42010100000000B3
:10FDD00044420101140000008042020100000000C2
:10FDE00081000000984205013F000002FFFF000073
:10FDF000FFFF0000FF030000FFFF0000B44201010D
:10FE00000000000030430A0140002001A000000073
:10FE1000085000011F1F1F1F1F1F1F1B1815131144
:10FE2000100E0D0C45C1872F0000000000000000DF
:10FE300010800101030000003C800101010000006E
:10FE4000B080020100030002370000019C000102A3
:10FE5000000C0004D8000302050040AA880100003D
:10FE6000C0000000F00001022B010000100101128F
:10FE700000FF0F0010010132020000315001011299
:10FE800000C0010050010132C100A2007401010252
:10FE900069F11B0C7801011200001C00780101328D
:10FEA0001004E0CF800101127907000080010132C7
:10FEB000020000008801010250000000FFFFFFFF68
:10FEC000140000001CC7710000000000200104089D
:10FED000D0000408000000000000000000512502CE
:10FEE00040420F000108F600F14710020000000038
:10FEF000780004080000000000000000000000007E
:10FF00002A420F0000000000000000000000000076
:10FF100000000000140000001CC771000000000079
:10FF200020010408E00004080000000000000000B8
:10FF30000051250240420F000102F600F147100275
:10FF4000000000007800040800000000000000002D
:10FF5000000000002A420F00000000000000000026
:10FF60000000000000000000140000001CC7710029
:10FF70000000000020010408F00004080000000058
:10FF8000000000000051250240420F000108F60069
:10FF9000F147100200000000780004080000000093
:10FFA00000000000000000002A420F0000000000D6
:10FFB000000000000000000000000000140000002D
:10FFC00066666600000000003A01040800010408AB
:10FFD00000000000000000000048E80180841E00CE
:10FFE0000101F800F1475002000000007800040809
:10FFF0000000000000000000000000007C841E00E3
:020000040804EE
:1000000000000000000000000000000000000000F0
:100010001400000024499200000000003A01040886
:100020001001040800000000000000000024F4009B
:1000300040420F000101F800C224500300000000FC
:10004000780004080000000000000000000000002C
:100050002B420F0000000000000000000000000024
:10006000000000000305000003040000030300007B
:1000700003020000030A000002000000C017530240
:1000800006140000802FA60405380000A008000018
:100090000000580901040706100A01040707C80AEE
:1000A00000040807800B00040808380C0004090845
:1000B0006108000000008A0800000000C709010470
:1000C00004032C0B01040404920C01040504000039
:1000D00050C30000E62D0000D0070000D00700004C
:1000E000E5BF0000282300006B0300006B03000045
:1000F000F5DA0200A41F000090010000900100004A
:1001000050C3000076160000770100007701000060
:1001100050C30000F22B0000EE020000EE020000CF
:10012000193F01060410010000010106001027001C
:10013000000A0000000000000000193F0106041042
:1001400001000001010600102700000C0000000063
:1001500000000000FCEF030814F003082CF0030873
:1001600044F003085CF003080100000038C40620D6
:10017000000000000000010000000000000000007E
:1001800000000000008000000080000000800000EF
:10019000008000000080000000800000008000005F
:1001A000008000000080000000800000008000004F
:1001B000008000000180000001800000018000003C
:1001C0000180000001800000028000000280000029
:1001D0000280000003800000048000000580000011
:1001E00006800000088000000C8000000F800000E6
:1001F000090000000A0000000C0000000E000000D2
:100200001100000013000000160000001B00000099
:10021000220000002D000000380204082100210007
:100220008C040408100010007C0404080100010084
:100230000300FFFFFFFF0000010000000108FFFFB7
:100240000000000048040408020002000108FFFF4B
:100250000500000020000C0003000C000008FFFF58
:1002600001000000D8C5062004000F000308FFFFAE
:100270000300000002000000050002000108FFFF6B
:100280000500000002000D0006000D000108FFFF40
:1002900001000000E2C50620070002000108FFFF80
:1002A000050000000A000E0008000E000308FFFF12
:1002B00001000000F8C50620090000000108FFFF4A
:1002C000000000004C0404080A0002000108FFFFBF
:1002D00005000000020003000B0003000108FFFFFF
:1002E0000100000000C606200C0002000108FFFF0C
:1002F00005000000020004000D0004000108FFFFDB
:1003000000000000500404080E0000000108FFFF78
:1003100000000000540404080F0002000108FFFF61
:100320000500000002000500100005000108FFFFA5
:100330000000000058040408110002000108FFFF3B
:100340000500000002000600120006000108FFFF81
:10035000020000000EC60620130002000108FFFF85
:100360000500000002000700140007000108FFFF5D
:10037000020000001EC60620150002000108FFFF53
:100380000500000002000800160008000108FFFF39
:10039000020000002AC60620170002000108FFFF25
:1003A0000500000002000900180009000108FFFF15
:1003B0000100000038C60620190000000188FFFF78
:1003C00000000000660404081A0002000108FFFF94
:1003D00005000000120000801B0000807178FFFF04
:1003E0000100000046C606201C000F00030FFFFF9F
:1003F00003000000010100001D0000000108FFFFD4
:1004000000000000780404081E0002000108FFFF3D
:100410000500000012000A001F000A007178FFFFAB
:10042000010000005CC6062020000F00030FFFFF44
:10043000030000000102000021000B000108FFFF83
:100440000100000064C60620020001180200001826
:100450000200000002000A180C0053696C69636F07
:100460006E204C6162731000D0E6BA92A507BC956D
:10047000AE48F511035A3CCD02000F18F8F1707127
:10048000F664059E9C47EE9F971EDDD1002801284B
:100490000328002A012A292A242A272A262A232A4D
:1004A000192A0429052A2A2B292B022900000000D9
:1004B000000000009DB10008A5B10008D1B10008FE
:1004C00039B20008ADB100080000000000000000D3
:1004D0008DC8020831BB0008E5B20008736C5F707C
:1004E000616765645F646174615F763100736C5F3E
:1004F0006D6F64656C5F646174615F7631000000EC
:10050000000000000000000085D90208EBD90208B5
:100510002BD7020869D7020871D7020879D70208D9
:1005200081D7020821D7020815B80008EDCA0208D1
:100530003FD9020861DC0208E1D8020889D7020825
:100540000FDC020889B8000897D7020899CA020888
:10055000736C5F6D656D6F72795F706C616E5F76E5
:1005600031000000000000000000000069CE020819
:1005700051CD020841CC0208D2E003089FDA0308FB
:10058000AFDA0308C7DA0308BDDA0308CFDA0308D5
:10059000DEDA0308E9DA0308F9E10308FADA030806
:1005A0000ADB03081BDB03082CDB030837DB03082B
:1005B000BFE0030854DB0308B6DC030863DB030871
:1005C000F2DE0308BCDC03086FDB03087CDB0308F6
:1005D00016E1030882DB030874DC03088EDC0308E1
:1005E00092DB0308A1DB03089FE20308A6DB0308F4
:1005F000B8DB030896E10308C2DB0308C9DB030884
:100600001BE30308E1DB030885E30308FDDB0308C4
:100610000FDC0308A6DF030821DC030826DC03083F
:10062000A8DD03082ADC030832DC03084FDC0308DA
:100630005DDC030878DC03087CDC030884DC030849
:100640008ADC030896DC03089FDC030898E00308B3
:10065000BBDC030804E10308C1DC030817E203085C
:10066000C9DC0308CEDC0308D2DC0308D8DC0308AD
:10067000E0DC0308EEDC03087BE20308ECE203089D
:10068000F9DC0308FDDC03080CDD03081CDD0308AE
:1006900021DD0308E8DC03082DDD030809E2030877
:1006A0001ADF03086CE203086BE2030818E1030891
:1006B00037DD03083BDD030843DD03084EDD030897
:1006C0005ADD030892DD030865DD030870DD0308C9
:1006D00078DD030884DD030890DD030897DD030857
:1006E000A2DD0308ACDD0308B7DD0308BEDD0308A7
:1006F000C9DD0308CEDD0308D8DD0308DEDD03080D
:10070000F6DD030801DE030814DE0308B6E1030882
:100710001FDE030827DE03082EDE030833DE03088E
:100720003EDE030844DE03084EDE030852DE030803
:1007300058DE030825E003085DDE03086EDE0308CB
:10074000E0DA03087ADE03088ADE030890DE030895
:100750009BDE030875E303089EDE0308B5DE03088D
:10076000CCDE0308D7DE0308E1DE030869E00308F6
:10077000E9DE0308F6DE030817DF03081EDF0308BF
:1007800028DF030835DF03083CDF030844DF0308E4
:1007900049DF03084EDF03085ADF030864DF03085C
:1007A00073DF030884DF030893DF03089EDF030879
:1007B000B0DF0308BBDF0308C9DF0308D9DF030884
:1007C000E8DF0308FFDF030809E0030818E0030877
:1007D00024E00308FCE2030829E0030835E00308ED
:1007E0004BE0030860E0030875E003087BE00308C2
:1007F00090E0030895E003089DE00308A9E00308E2
:10080000B5E00308C8E00308D6E00308E7E0030802
:10081000FAE003080CE103081EE103082EE10308D7
:1008200044E103085FE1030875E1030885E103087B
:100830009BE10308ACE10308BAE10308C8E103083F
:10084000D9E10308EFE10308FFE103080DE2030823
:100850001FE2030830E203083DE203084DE203080B
:1008600061E2030871E2030882E2030895E20308EB
:10087000A4E20308B6E20308C8E20308DAE20308C8
:10088000F2E2030811E303081FE303082EE3030861
:1008900044E303085CE303086BE303087BE303081A
:1008A0008CE30308A0E30308A7E303084EE303086F
:1008B000C3E30308D7E30308ECE30308FBE30308FF
:1008C00000000000534C5F504152414D53763100BF
:1008D00017E403081EE403086EE4030826E4030893
:1008E00056E403082CE4030833E4030875E4030822
:1008F00038E4030827E4030881E4030842E403081A
:100900004AE4030855E403085CE4030865E40308CB
:100910006DE4030874E403087BE4030880E403083F
:1009200089E403084F66666C696E654D656D6F728C
:1009300079416C6C6F636174696F6E000000000038
:100940000000000085D90208EBD902082BD7020865
:1009500069D7020871D7020879D7020881D702083F
:1009600021D702081FD702081FD702083FD9020863
:1009700061DC0208E1D8020889D702080FDC02080E
:1009800055DA020897D7020811D7020800000000C4
:100990000000000015D702081DD7020895D70208ED
:1009A00095D70208000000000000000000000000D1
:1009B000EDDD0208EDDD0208EFDD020800000000B9
:1009C0000000000001C50008000000000000000059
:1009D00085E0020885E0020887E00208FFE00208DF
:1009E0008FE0020897E00208B3E00208BBE00208CB
:1009F000C3E00208CBE00208DFE002087DE0020865
:100A000081E00208EFE00208FBE002086FDD020867
:100A1000E5E00208EBE00208000000000000000032
:100A20001DE102081DE1020835E2020831E4020876
:100A3000D1E302084BE4020801E40208C1E3020822
:100A400019E102081FE10208BBE2020885E1020881
:100A5000DDE1020821C700080000000000000000DE
:100A6000C1E50208C1E50208B5E60208D5E50208BD
:100A7000E3E50208E7E5020823E6020879E6020852
:100A8000C3E50208FFE5020853E6020803E6020890
:100A900005E70208E1E6020813E60208FCFFFFFF93
:100AA0000000000029E702082DE70208FDE6020821
:100AB0001BE6020818EF03080000000000C2010056
:100AC0000002000040EE03080000050006000900D7
:100AD0000800000072C60620D1210008D99802083B
:100AE0003199020843990208D3980208736C5F6732
:100AF0006174745F736572766963655F6465766956
:100B000063655F696E666F726D6174696F6E5F6F4A
:100B1000766572726964655F6F6E5F6576656E7427
:100B200000413034004252443236303841003131D5
:100B30002E312E30000000000000030200000000F3
:100B400000000000BA0400000000000000000302E2
:100B50000000000000000000BA04000000000000D7
:100B600080FFFFFF0000803BC8FFFFFF84AE613DB8
:100B7000926A1D41730E623FD60FB440CA166D3F94
:100B80009B71363F1C2B3341577079412EC4E7418E
:100B9000CA4D0543AB98AA3F85000341BEBE423F04
:100BA0003204E83E408511404C9C0643F87696415D
:100BB000000000000000000033EB0208F9EA020820
:100BC000C7EA0208C5EA0208C5EA020820000000D8
:100BD00054464C33000000000000120018001400BE
:100BE00010000C00000008000000040012000000CB
:100BF00014000000E40000005C0300006006000038
:100C00000300000005000000AC0000007C000000B4
:100C1000540000002C0000000400000070FFFFFFE3
:100C2000010000000400000010000000736C5F7001
:100C3000616765645F646174615F76310000000024
:100C400094FFFFFF020000000400000011000000FC
:100C5000736C5F6D656D6F72795F706C616E5F76DE
:100C600031000000B8FFFFFF030000000400000097
:100C700010000000736C5F6D6F64656C5F6461747D
:100C8000615F763100000000DCFFFFFF0400000020
:100C90000400000013000000434F4E5645525349D4
:100CA0004F4E5F4D455441444154410008000C00F3
:100CB0000800040008000000050000000400000017
:100CC000130000006D696E5F72756E74696D655F0B
:100CD00076657273696F6E000B000000740200008D
:100CE0006C01000034010000EC0000007C000000FA
:100CF0005C000000540000004C00000044000000B4
:100D00002C0000000400000046FDFFFF040000006E
:100D100018000000D134207F1FF032C9D4F816A388
:100D2000F9067F2E46D8D6CFEA0A81126AFDFFFF68
:100D30000400000006000000242C9CA148AA00002A
:100D40002CFDFFFF30FDFFFF34FDFFFF8AFDFFFF9D
:100D50000400000010000000312E31342E3000005D
:100D60000000000000000000A6FDFFFF04000000DE
:100D7000600000000C00000008000E0008000400E5
:100D8000080000001000000028000000000006001D
:100D9000080004000600000004000000010000003C
:100DA000EB0300000C001800140010000C000400FD
:100DB0000C0000003A325756D870F6D802000000F6
:100DC000020000000400000006000000322E323055
:100DD0002E30000012FEFFFF04000000380000006B
:100DE00000000000100000002C00000002000100C4
:100DF000010000000100000400000000000C0000E1
:100E00003E00000000000000FFFF000000000001A5
:100E1000000000013E00010056FEFFFF040000003C
:100E20002800000003000100020000009001000003
:100E30001000000000800000000000000000000022
:100E40001000000000000000000000008AFEFFFF0C
:100E500004000000F8000000030000000000010092
:100E600000000000FDFFFFFF008032000205F0F1EE
:100E7000F2F3F4280E0F111718191B1C1D1F202147
:100E80002324252728292A2B2C2D2E2F3A3B3C3D85
:100E90003E3F40414243444546474852000000001F
:100EA0000000000000000000000000000000000042
:100EB000000200020017001700C400000010030029
:100EC00000000300020001000050040000000400C4
:100ED00003000100005000000200040003000100B4
:100EE00000200000000000000200010000200000BF
:100EF00000000000020001000000000000000000EF
:100F000002100100000000000300200000000000AB
:100F1000000000003C020000050000000500015038
:100F20001DBA08001000701D0506044000000000F6
:100F30002000701D50500440000000000000A0047C
:100F4000040203404A02C0200A00D09C08000000AE
:100F50003CFFFFFF01000000100000000C00140027
:100F600010000C00080004000C000000100000003D
:100F7000C4000000C8000000CC0000000200000017
:100F8000780000001C000000000016001C00180083
:100F9000140010000F000800000000000000040012
:100FA00016000000180000002000000000000009EA
:100FB00020000000240000000100000000000000EC
:100FC0000000060008000400060000000000803F4A
:100FD0000100000004000000010000000300000008
:100FE0000000160018000000140010000F00080098
:100FF00000000000000004001600000014000000C3
:101000001800000000000008140000001800000094
:1010100000000000040004000400000001000000C3
:1010200003000000030000000000000002000000B8
:1010300001000000010000000400000001000000A9
:101040000000000005000000B001000038010000B1
:10105000BC00000060000000040000007AFEFFFFFA
:1010600000000001140000001C0000000600000049
:10107000000000093400000002000000FFFFFFFF35
:101080000300000064FEFFFF0800000014000000E1
:101090000100000080FFFFFFFFFFFFFF00000000D6
:1010A000010000000000803B020000000100000081
:1010B00003000000D2FEFFFF00000001140000004A
:1010C0001C000000070000000000000934000000C0
:1010D00002000000FFFFFFFF03000000BCFEFFFF57
:1010E000080000001400000001000000FCFFFFFFEA
:1010F000FFFFFFFF0000000001000000DEF3CA3D1B
:101100000200000001000000030000009EFFFFFF3E
:1011100000000001100000000A00000000000009AB
:101120004000000004FFFFFF080000002400000052
:1011300003000000000000000000000000000000AC
:10114000000000000000000000000000000000009F
:10115000030000003DC8923C23AF5D3CD9B5A83CDC
:10116000020000000300000008000000000016005C
:101170001800140013000C0000000800000000001C
:101180000000070016000000000000011000000031
:101190000900000000000001400000007CFFFFFF8C
:1011A0000800000024000000030000000000000010
:1011B000000000000000000000000000000000002F
:1011C0000000000000000000030000000D66813AEE
:1011D0000D6E433AD6BA943A0100000003000000B5
:1011E000000016001C0018001700100000000C0082
:1011F00000000000080007001600000000000001C9
:101200001400000028000000080000000000000991
:101210004000000002000000FFFFFFFF0800000088
:101220000C000C0000000000080004000C0000008E
:10123000080000001400000001000000C8FFFFFFCC
:10124000FFFFFFFF000000000100000084AE613DD1
:101250000200000001000000080000000200000081
:101260002400000004000000F0FFFFFF1900000050
:1012700002000000000000190C0010000F00000028
:10128000080004000C000000090000000400000039
:10129000000000098007000000800000000000003E
:1012A00000000080DB0F4940DB0F49C0DB0F49BF66
:1012B000E4CB1640E4CB16C0D1F71737D1F717B7F8
:1012C0008071313F807131BF0000003F000000BFDE
:1012D0006937AC3168212233B40F14336821A2334B
:1012E0003863ED3EDA0F493F5E987B3FDA0FC93F26
:1012F00078EB03087EEB030882EB030890EB03080E
:101300009BEB0308A8EB0308B3EB0308C6EB030849
:10131000D2EB0308DFEB0308F0EB030802EC030851
:1013200014EC030862675F6D616C6C6F6300FFFF14
:10133000010000003C000000940000003C000000A0
:1013400096000000FFFFFFFFFFFFFFFF9600000079
:101350000102070B0F0E0C080C080D1810000101FC
:10136000020102020304030101020404F40100006B
:10137000FA00000096000000640000004B0000002E
:10138000320000001E0000001400000000000000F9
:10139000500040000800500024000400900150025A
:1013A00040009001AE01100000000102020B070195
:1013B000160C00000108080000050108FFFF02FFED
:1013C000FF0808020204FF010022FFFF23080F03A9
:1013D0000304040A0A030A2AFFFF1419191B011C3B
:1013E00015120400480C140403050600090000004F
:1013F000000000000000000000000000A00309063B
:10140000A0870908A08809070A0000000000000062
:101410000000000000000000A0010A05A0030A046B
:10142000A0080A03A0880A08A0060A01A003090070
:1014300020050A19619C010820060A17319C010841
:1014400001000200000000000000030000000D0089
:10145000030002000100050000497253144972079D
:10146000FF000102030405FF145300724907CDF683
:10147000000000FB349B5F80000080001000000033
:10148000000000001B7E0308015503085B80030871
:10149000057F0308000001000100050100050202AC
:1014A0000300020000000000020501000500000129
:1014B0000001000001000102020300020000000020
:1014C0000002020100020000ADE10108ADDC0108EC
:1014D000B99203082F8F0308978E030891DA010849
:1014E000CDD9010825D80108498D0308258B0308AB
:1014F00049DE01088DD30108E5D10108B38C03084A
:101500004B920308F391030861910308AD8F030820
:1015100059D1010889CF01083DD00108298B030862
:1015200089CD0108BF01FB9D4EF3BC36D874F53957
:101530004138684C8BD28915D08E1C742430ED8FC5
:10154000C24563765C15525ABF9A32636DEB2A65C9
:10155000499C80DCE69D350E480103CCDBFDF4ACF4
:101560001191F4EFB9A5F9E9A7832C5E2CBE97F28F
:10157000D203B020BD1A3CCDA6B8995899B740EB1C
:101580007B60FF4A503F10D2E3B3C974385FC5A3F4
:10159000D4F6493F01020C000000040000000800DE
:1015A0000200000000000000000000000000000039
:1015B000A00702000400000000000000000000007E
:1015C00000000000A0080403A00104015600000070
:1015D0000000000000000000000000000500000006
:1015E000000000000000000000000000A013050043
:1015F000A0880A07A0040903A0050902A0060901A2
:101600000F000000000000000000000000000000CB
:1016100001000000000000000000000000000000C9
:10162000A0010107A0000104A003010602040800B4
:1016300006000000000000000000000000000000A4
:10164000A0030601A0090609A0020608A0050607D6
:10165000A0050606A0070605A0020604A0010610C4
:10166000A0080602A00D0600000004020503060102
:1016700007010108090A0000A0015C04A0005C0346
:10168000A0015C02A0035C01A0025C00A0020F09A3
:10169000A0030F04A0030F03A0050F02A0010F0178
:1016A000A0050F00A0040108A00301060101020427
:1016B0002001040A05EC0108200C0403B1EB010829
:1016C00020000401DDEB010820025602B5EC010800
:1016D0002002560189EC01082001060585F3010866
:1016E0002000020561EB010820000F0791EF0108BF
:1016F00020020F0E1DF0010820020F0901F0010861
:1017000020040F10E9EF010820010F0079EF010814
:1017100020020F01CDEF0108A01201006D060208A2
:10172000B506020861060208C1060208A9060208F9
:101730001D9A03085B9A03087D9A03089F9A030881
:10174000C19A030831130208E1120208ED120208DF
:10175000E1130208819C0308FB970308FF97030825
:1017600003980308079803080B980308000000007B
:10177000B8010000800B002000021000D84E0520A8
:10178000380D0020E1100208C5100208414A020885
:10179000C94C0208F94B020820C001B80000000142
:1017A0000000010100010101C8C8C8C8C8C8C8C8F4
:1017B000C8C8C8C800A801A802A8000000B801B89D
:1017C00002B800B00304040808050000000000008F
:1017D00000000000000000000000000004000800FD
:1017E0007C0031003B001B0020000000C572020895
:1017F000100000003D7202082C3800007803000041
:10180000A83B000004000000283E00000400000087
:1018100030330000FC040000A43B00000400000082
:10182000243E0000030000000000000030330000F0
:10183000AC3B0000010000002C3E0000370000001F
:10184000A53A000031330000010000000006800FBF
:101850007047934909684143880B70479148006875
:101860000104C80F704730B5002081490A68002381
:101870008D4C521C6568AA4200D322681578AD06CB
:10188000AD0E9D40054328009B1D1E2BF1D30A6021
:1018900030BD84480168090408D584490A68744B3E
:1018A0001A604A68C2618868AF4908607047F3B53A
:1018B00083B01700C006000E00901038912833D274
:1018C000FFF7CCFF00282FD00024794D0126039884
:1018D000FFF7BCFF002802D0022803D003E02868ED
:1018E000304000D001240197724F04980C21695EAA
:1018F00040180E21695E4018FFF7ABFF01994018B0
:101900003860049800994018FFF7A3FF0199401828
:101910007860C0208001684908602003674908603A
:10192000FCF7C5FF9148067005B0F0BDF8B5644AF4
:10193000F0242405C025AD041069022804D28C4887
:1019400000682040A842F7D08A480068C01C8A4935
:1019500001438A4801608A488A4B04219E680E42EE
:1019600004D0117D8906CE0F710021E0B60721D584
:101970001669042E04D27E4E36682640AE42F7D059
:10198000167D3607360F072E14D1567D022E11DD37
:10199000967DB606B60E022E0CDBD67D00960E4264
:1019A00008D0F60700D50A21009EB60700D5891D8C
:1019B00000290BD17449714C2160002111608022F3
:1019C0009202724C226001601961F1BD4B1C1669D4
:1019D0009E4204D2664E36682640AE42F7D06C4B2B
:1019E000595C0091674E31610099C900F8230B40A2
:1019F00002D08021C904116066490F68012F00D10F
:101A00005B0053603268002A1ED15C4B1A682027A5
:101A1000F75F3F039205920D3A431A600127076072
:101A200002228260009880090AD10868002801D14A
:101A3000182000E01A20325E00210098FFF737FFDF
:101A4000307A000700D43760F1BD4C484E49016040
:101A500000211B4A1160802292024C4B1A60484AB6
:101A600011604D4A026142614048017070470000B8
:101A7000283E0000062049490860002048490860C7
:101A8000F0210901474A116080214900464A11604E
:101A90000849414A0A604A603449087070470000AA
:101AA000A43E0000C04101A87C3E0000843E00002E
:101AB000A03E0000C84101A8C06101A8C05101A812
:101AC000C44000A830B581B00400A00314D531484B
:101AD0000068002801D1162000E00C20FEF7DCFA97
:101AE0003248806E0007C10F31480170082031492B
:101AF0000860C003254908602F4D2868000406D5FA
:101B0000FFF7B1FEE861FFF7AEFE17490860A007D6
:101B100027D58020C0021D490860FCF7EBFE002895
:101B20001FD0264A1068C0B2002802D00621244BDC
:101B30001960810915D01D490B68012BFBD9496833
:101B40000905090D091DC900124B1B68012B00D1A5
:101B50004908002B01D1182300E01A23D25EFFF7B9
:101B6000A6FE01B030BD00005C4201A8623E00004C
:101B70000C0002A8204000A800F0FF3FB84101A8D7
:101B8000044003A8983E0000FFF3FF3F106001A847
:101B9000D84000A8683F0000FFFF0300006401A8D0
:101BA000504000A80C6000A80C5000A81C4000A8E1
:101BB000AC3B0000846000A8C04101A89C3E00002E
:101BC000005401A870B50822814B1A60814B1B6834
:101BD000DC0302D50020088070BD0C880019401E6F
:101BE00000787D4DA870641C0C8045076D0F052D95
:101BF00005D87A4E3668F60603D5022D0DD003209F
:101C000070BD9604AE401E4001D1082070BD052D68
:101C100003D1104201D1641E0C80AB484860002003
:101C200070BDF3B582B008886D490978491CC9B206
:101C3000814204D202990918491E097800E0002166
:101C4000654A517093785B075B0F01933023019CC9
:101C5000052C28D1194232D19478E5081E242C4055
:101C6000CD0702D5250001242C430125A24EE640D4
:101C70002E4073D0019EA14FE741402427403743B7
:101C80004C0602D53C0020272743947889080D4054
:101C9000A1080C260E402E43C021214031432024B0
:101CA0000C43977054704B490C68557802212326D9
:101CB0002E4008D0660302D52B40202B01D00520F2
:101CC00083E0434B196093789B0601D4202203E004
:101CD0009278120702D540223D4B1A603E4A927814
:101CE0006B461A70C022864B1E680E4001D1154209
:101CF00012D06E46377827263E40232E03D1E602C7
:101D000007D4012606E0252E03D0212E04D1260378
:101D100002D504262E4F3E601B6819402026019FE5
:101D2000002F1DD11E4028D02B4B5B781A40402A33
:101D300014D00C221A40042A10D02A073CD40122C5
:101D4000002903D0E200D10F01224A4069460978F8
:101D5000CB07DB0F1A422FD021012AD4072034E011
:101D6000022FE1D11E4008D00029DDD1CC232B4029
:101D700003D16B461B785B0601D5032025E0A30346
:101D800011D59D4E73691B051B0D5B1C3668F60251
:101D900005D59A4E36683607B60F9B1B5B1E9BB265
:101DA000052B04D1C0E7029B1B78052BBCD0062075
:101DB0000BE08021064A1160E90702D4401C039918
:101DC0000880AC4803994860002004B0F0BD0000D2
:101DD0004C1002A8BC3E0000243E0000480002A8AF
:101DE000403E0000F2B586494978CA0705D4009AFA
:101DF00012888018401E057800E000259E4C20685F
:101E000002229E4B1E68F60611D524696540EDB28C
:101E1000002D03D15E68E50975401540002D03D003
:101E2000040204D40A20F2BDD406954E3460744CEA
:101E30002D02C0270F402F43914D2F60A5786E07CC
:101E4000760F022E06D15B681A4003D1002000995C
:101E50000880F2BDA0230B40AE08102737401F4377
:101E60003B090E0702D41E0010233343CC220A4044
:101E70001A261E400A2E04D1CC2A02D01E00FD23B1
:101E80003340804EDE40F60705D4000416D5412DC0
:101E900010D1082912D17C48D840112101401143AA
:101EA0002020084320700D210140009808D000F048
:101EB000A9F8F2BD0B2D01D10029ECD00720F2BD0D
:101EC00000F020F8F2BD00008F33000038B50C00A0
:101ED0006E490A78130953399D004919258812075C
:101EE000120FAA1AD21A8018FEF76DFD010002D156
:101EF000200000F007F832BDF300A3E39814406817
:101F00004C0002A8F8B50400614805683C4F3878D9
:101F1000D026304202D00D21014005D008205D4975
:101F20000860EF20FEF713FD39782000314204D01D
:101F30000909397000F066F8F2BD052129401FD06B
:101F400001884D4AD160544BEC0705D5491C0180EE
:101F5000690607D4514B05E043242C40422C03D1A1
:101F6000491C018043600DE010214A4B19604C4927
:101F700012689300DB0F1A010A63802212030A60C1
:101F8000002101800020F2BD0A888018401E0078E0
:101F9000830601D4121D0A801822024004D008884A
:101FA00052088018C01E088039480068C00702D552
:101FB0000888401C08803948486000207047344A2F
:101FC0001368DB0708D51268920705D40A888018C1
:101FD000401E007804280CD110202E4A1060304892
:101FE000254A12689300DB0F1A0102638022120354
:101FF00002600020088070470C4000A8080001A87B
:10200000243E000031B581B026480021009108220D
:10201000254B1B7802240C252B4202D10022234899
:1020200003E01D40082D00D10222DD0703D5050085
:102030001E2068400094234207D01548006800061F
:1020400001D51B4801E00020C043019B194C2060D2
:102050001948FF248470009C15012543C570017048
:10206000188800994018801818801448586000207B
:1020700036BD000051350000BC3E0000480002A8FB
:10208000481002A80D0F0C0D07170850473F00001D
:102090004C0002A84C2002A8F53600002B370000A7
:1020A0001C1002A8DE1B2501243E00002084100025
:1020B00000FCFF01F03E0000443F00003936000004
:1020C000243E0000FD3200001533000015330000EF
:1020D0001533000015330000153300000000000028
:1020E00000000000000000000000000015330000A8
:1020F0001533000015330000292A000015330000B5
:102100005B2B00006B2B0000A12C0000212D000098
:10211000E12D0000712F0000112E00001D30000085
:10212000692E0000B12E0000292F00006931000047
:10213000413200002D2B00002F270000D922000083
:1021400015330000D527000015330000F9280000E2
:10215000C128000015330000153300003D290000A0
:10216000153300001533000015330000153300004F
:102170001533000015330000691200005F120000E3
:1021800000000000000400080214021803240000EC
:1021900049488068000200D4704780B580208002E2
:1021A000AB490860CF2000F071FA01BDF8B5894A4B
:1021B000906B894B8025AD031D60884C2168090513
:1021C00020D5290BA026064002D11268D20601D5DF
:1021D000196017E005403CD1814F80253D60814A60
:1021E0001560084035D0344E307A400705D50120BF
:1021F0007D49086000027D4908603078002801D0E0
:10220000062801DB0020F2BD00F0A1FB61688968AF
:102210004C683178052905D17460A468CC21890106
:10222000724A116000F09CFB012C00DA0224BC20F1
:10223000800588490860942080058749086000204F
:10224000C043386460427864844805604020386048
:10225000D8E783480160FFF79BFF0120F2BD81486A
:102260000168890504D5C06E0004000F022801D062
:10227000002070470120704738B58024584804601A
:1022800000F065FB05007848006800F07FF9280041
:1022900000F066FBFFF77CFF0748007A000705D5D2
:1022A000A0004D49086000F06BFC31BD60036C4933
:1022B0000860B148046031BD2C3E0000FEB5060048
:1022C000CC20800169494860012469480460FFF717
:1022D000C6FF00287DD0674D2878002879D02102DC
:1022E0000196052802D032460A4072D1CC27BF01A0
:1022F0005E4A1760914A126881231B02134001D085
:10230000032301E053075B0F022805D1022B5ED3A4
:10231000080136490860F7BD4E01032804D1022B9D
:1023200055D932480660F7BD042802D111404ED07D
:10233000F7BD05284BD10198002848D0C005C10F32
:10234000684641700198C004C10F6846017000F0F2
:10235000FEFA02906A6868464078002803D0146844
:1023600080202049086035048449684600780028A8
:102370000CD0D0680B68C01A814B1B682B4001D071
:10238000146800E05468844200DD04006846407828
:102390006A461278024308D008684242A01E824270
:1023A00002DA6042886000E00024029800F0D8FA67
:1023B0000198800501D5734805600198064001D059
:1023C00071480560002C02D008480760F7BDFFF790
:1023D00053FFF7BD0C0002A8442002A8BC3E000039
:1023E0000CC001A890E001A8C4D000A8145001A816
:1023F00038B580249648046001201D4908601D4DB1
:102400002878052802D0600092490860FFF727FF6E
:10241000002812D014480068000A80214140A868B2
:10242000000EC9B2814208D2444800684007400FFC
:10243000022802D2FFF720FF31BD87480168C02281
:102440000A4002D1C06F204001D00448046031BD71
:102450001C1002A808E001A808D001A894D001A887
:10246000441002A8440002A818C000A8106001A8E7
:10247000C4E000A82C3E0000F1B582B00F00A020FF
:10248000384003D175480068C00603D5802080001D
:1024900073494FE000F05BFA0090FB208001046874
:1024A000F80202D5A0680069029000F0CCFB802100
:1024B0000903606800F0A2F926780020761C617894
:1024C000B14200D200261821714365180C352978D5
:1024D0000829F3DA2670A56062492A780A70BA05DD
:1024E00008D5FB20800100688068C068FA0201D42A
:1024F0000322904388600127384003D100F0ACFCF0
:1025000001F0A0F8F904686900F078F93C2000F0C7
:10251000BDF8F0B200F0BAF860885349014061801C
:10252000009800F01DFA38054D4908604F480760D3
:1025300038024F4908600298FEBD0000184001A80B
:1025400010B54C480068800501D4FE2010BDC020A5
:1025500080034949086000F0FAF9FB218901096804
:102560008A78D20702D589688C7800E00C7800F070
:10257000F7F9200010BD0000100002A848C001A813
:102580004C0002A84C1002A84C2002A8FB21890193
:1025900009688A688B78DB0704D5927818235A4338
:1025A0008A180C3290607047F1B582B033480468E5
:1025B0000027200F000702D1E001029038E0012639
:1025C0002F480068304001D101F03CF800F0BFF91D
:1025D0000190F104606800F011F925786D1C6078B5
:1025E000A84200D20025E80020180C3000900068B6
:1025F0000290F1040098406800F000F9204800685B
:10260000304002D01E201F4908603D2000F03EF8F7
:10261000E8B200F03BF825700098A060019800F047
:102620009FF917480068064002D102A801F064F83B
:1026300015480068800408D51048C06901F02DFDD8
:1026400002990818029000D502970298FEBD00007A
:1026500094E001A8146001A814C001A80C0002A80D
:10266000442002A82C3E0000FEFF0000C0E000A8AD
:10267000106001A8440002A8441002A8C43E000053
:10268000784000A8841102A8FC0302A84E490968FA
:10269000002901D54D4908607047F3B581B04C4F12
:1026A000B8684C4C410060D50125000100D52125BA
:1026B0004949086849680E0022689206920E8023F4
:1026C0005B001343009380220D2905D00F2903D00E
:1026D000102901D0112908D140490968114004D0BE
:1026E0003F4909681B2900D31643694609799C466E
:1026F0003B689B001A4063461A4300920A0023D0AD
:10270000890601D5012008E0F021014007D1694682
:10271000097A0C220A4002D0022000F03FF8314929
:10272000096809040AD53968090701D5022605E0B8
:102730003968490301D5002600E003264835009991
:10274000294A1268930003E00099274A926B130903
:10275000402213400B439100002E02D00E43266608
:1027600008352366014321662566E06D4407640F42
:1027700000F0D7F8A0070BD0052C09D0B8680004EA
:1027800006D400F0E4F80221184A116000F0E8F8DD
:1027900000F0D0F8002000F001F8F7BD0E490A68FB
:1027A000F0239A43000110430860C0B270478020B4
:1027B000C0020F490968890701D10E4900E00E499E
:1027C0000860704700000000500002A8884000A880
:1027D000480002A8284000A8643F0000BC3E00005A
:1027E000448001A8684101A8184001A814D50350ED
:1027F000844000A8486000A8485000A880B56D4AF1
:10280000116001F075FCFFF7D2FF01BDFEB56A4D06
:102810002878000604D5287F002801D0182400E07D
:10282000462400F094F801906448C0684005C20D49
:10283000D52A01D2D52204E0D1204000824200D91D
:102840000200100001005E4B00932B6B5B011BD557
:102850005C4B1B78022B03D25B4E06277B43F25264
:102860000023009D2D7CDD40ED070AD5574D06263F
:102870005E43AD19AD888D4200D22900A84200D236
:1028800028005B1C022BECD309190904504B0B40A8
:10289000001BC005C00D184348490860C020000651
:1028A0004C4908604649087D00280CD04A48D52A82
:1028B00002D98023DB050360D1235B009A4202D258
:1028C00080231B0603600020444B186048880028C2
:1028D00000D10A80019800F043F800F063FDF7BDD5
:1028E00080B53F483F4908603F48C1680902090A6E
:1028F00019225143416005210160FFF787FF01BDA7
:1029000080B52D480178090604D5007F002801D044
:10291000FFF77CFF34480068C00301D5FFF776FF5E
:1029200001BD8020C002234908603048006840078C
:10293000FBD470478020C0022D490860704701E039
:102940002C4908602C4909680140F9D170472B488F
:10295000006820212A4A116010212A4A116070471C
:102960003021014002D110202549086070472348DA
:10297000006830210140102901D10120704700205A
:102980007047214801210160C160704701201F4943
:10299000086070471E4800780621014007D01D4896
:1029A0000068022803D0032801D0012070470020CE
:1029B00070470000441002A8BC3E00007C4000505C
:1029C000703F00004C3E0000543E0000503E0000AE
:1029D0000000FF01A0600050A450005018E000E08B
:1029E0007F1A0601540002A810E000E0440002A88B
:1029F000442002A8282002A8280002A8600002A8FB
:102A0000602002A8601002A8789001A884A001A804
:102A1000A03E0000683F0000F8B55B4880214902F5
:102A2000C1610221594A51600021594AD162594A73
:102A300011800321554A116002210160564DCC01DD
:102A4000A868204010D052480068F02109050140D4
:102A500090200005814207D00220504908600120E3
:102A600001F06AFB4E48046020204E490860802037
:102A70004D490860CC2080014C49086001244C4835
:102A80000460286800900004070F4A480068C505E4
:102A9000ED0D103DC0202843C0B2FFF7F7FD3C48C4
:102AA000C06B800309D5092F07D0FFF773FF0028FB
:102AB00001D003F02FF801F06DF93F480668032DAF
:102AC00041D000980007000F0090032803D002288F
:102AD00006D1032F37D000F03FFA0098032803D027
:102AE000062F30D1062D2ED034480068C00B204070
:102AF00001D001F051FC32480068000108D5052DD5
:102B000006D101252F4804606005FFF718FF00E09B
:102B100000253100380000F057FA0600002D06D0DD
:102B200000F00EFC28480460022028490860600577
:102B300025494865800926490860FFF72BFF0028D2
:102B400001D002F0D2FF114821040162002F08D108
:102B50000221416000200E49C863C020C000134913
:102B600048643000F2BD80B5FFF7DBFE19480078FD
:102B7000800602D4022018490860FFF7DBFE01BD81
:102B800002201649086070472C1002A8282002A8CD
:102B90000C0002A85C3E0000B00002A86C1102A864
:102BA000B82002A894E001A80CC001A8146001A8F4
:102BB000C4E000A804ED00E0B44000A800E200E09A
:102BC000EC3E0000645000A8646000A82C4000A8FF
:102BD00080E200E0BC3E0000081002A8082002A825
:102BE000F8B55B48046804275A4DBE01A0070FD50D
:102BF00059480121E022D2008368134002D02E60A0
:102C00002F6129610068024002D02E60AF60A96088
:102C1000FFF79DFE210506D52E602F61B7490D22D5
:102C20000A600F220A60FFF79BFEF1BD80B5FFF737
:102C30008EFE864901228A600A600021B04A116036
:102C4000FFF78EFE01BD012081498A680240FCD158
:102C50000422BE4B1A610B680340FCD1BB48826062
:102C60009101016070477B4908680122104200D140
:102C7000704710B5E023DB000340FF24A41CA342EF
:102C800007D3B34B9C6BA40602D41B68DB0600D5AC
:102C90004868024001D000F021F910BDF8B50400E9
:102CA000894D28683F218843884909780143296074
:102CB000FFF7D9FFC820A862062085490860802058
:102CC00040038449086080098349086020688D4D6D
:102CD000AF68874200D30700C01B2060012120009D
:102CE00000F0BDFB06002068C0192060FFF778FFE8
:102CF000854800682860002E11D184481021416267
:102D00000821834A12680A4001D0016000E0416056
:102D100093490968490002D5802149014162300088
:102D2000F2BD8C480178090610D5007F00280DD02F
:102D30008748C16BC90609D4816BA0220A4005D11E
:102D40000068C006C10F012048407047002070474E
:102D5000500002A8881102A8900102A880B5FFF7D0
:102D6000E0FF002803D00021042001F0ABFB01BDEF
:102D7000F1B57C487C49C860EE20C00408607B48FF
:102D80007B490860FFF7CDFF002803D00021042015
:102D900001F098FB774C8020C0012060082776481E
:102DA00087650125704845641D2073498862734E0C
:102DB0009B204000B061072001F0BEF902206E495F
:102DC000886253490A68D20603D56B496C4A0A6087
:102DD00008E00F220968394002D03100103101E0CB
:102DE000310014310A6067490968002900D4B761CD
:102DF000E32109013160C021C900634A1268F82348
:102E0000DB01134001D1F16201E0574A9165216C69
:102E1000294008D0616BC90705D45C49096808409E
:102E200001D101F06DFB0020C04359490860606B7F
:102E3000054001D1FFF7D4FE009801F06BF9606BFB
:102E40008001FCD4606A53490860F1BD902102A85A
:102E5000940102A8743F000010B53E4801780906AD
:102E600006D5007F002803D00021052001F02AFBB1
:102E7000154801683F229143474A12780A4302608D
:102E80003C4C606BC00701D4FFF7D0FE434997204C
:102E900040000860102008604148E3221201826669
:102EA000404ACA610021404A11600F210822184B94
:102EB0001B68134001D0816700E0C16703210160F6
:102EC00002631003206010BD2C8001A85E3E00004C
:102ED0000C9001A8982002A8A41002A8F0210901D2
:102EE000324A1160014032480160202031490860B7
:102EF000314909680840C6490860704700100C5005
:102F000000000C50A03F0000340002A8601102A88D
:102F1000FC0302A829482A4982680A4002D1C268F3
:102F2000114001D01149016014480821AB4A1368CF
:102F30000B4000D081611178C90602D58C210901AE
:102F400001601420B3490860FBE10000882102A859
:102F50000C0002A8BC3E0000044805490860704708
:102F6000EC0002A8000FFF00242102A801200000AD
:102F7000706201A8100002A8C01002A8501102A897
:102F8000BD03000028C000A8A88001A8343E0000AE
:102F9000B46000A89C3F00005F3E0000682102A8CA
:102FA000E82002A810100000C00002A8586001A884
:102FB000585001A8482002A8184001A8704201A852
:102FC0000080008070470000F8B586B005000C0056
:102FD00091480068400102D52000402404438F48F6
:102FE000C66AFFF7B4FC0590B00503D58C480068AD
:102FF000FFF7CCFA0020019001227006C00F02906A
:10300000884B986800219960B8214900864E31604C
:103010006608B82131401B78F0261E40402E02D1B0
:103020000B00402119430D2D02D103000420184349
:10303000430704D50B001421194310239C437B4BF9
:103040001B6803936B461A70039BDA0506D5802232
:103050005200774B1A600A0001211143029A002A9C
:1030600011D10C220A40082A0DD00A006B4B9B6B31
:10307000DD0601D41025AA439B0601D420239A43E0
:10308000B123134055D06A461278002A54D0A94D76
:10309000AA6BAB6D01265207520F921D9640DA04BF
:1030A000D20CB21A92B2082A09D2802106225B4BB6
:1030B0001A604A02A04B1A6000226B461A708122E5
:1030C0000A403CD00822029B002B00D12A62030058
:1030D0000820184310229443042213059C4E3360A9
:1030E000D304964E33606B461B78002B24D0062AFF
:1030F0002BD3494EF36CDB0627D5B36E9BB2DFB200
:103100002F611B0A2B61934B1B681B0E0193736984
:103110009BB2904EF66B360603D01E0080235B01F7
:1031200033432B611B0A2B61404B1B68DD058CD49C
:103130000BE008227F4B1A620490009132E000BF3E
:1031400027A24B06DB0ED25CCDE704900091334BF7
:10315000186B80490968774D2E686F463E810600DE
:10316000282737401743820CD2013A43000E3040E3
:10317000102630401043890040221140014302A82C
:103180008170586B000A02A9C870FFF7D9F902A92B
:1031900008710198487170480068C8800298E86614
:1031A0000398E8660598FFF7DBFB0825600601D564
:1031B00067488560FFF7EEFB002805D06748007878
:1031C000002801D0664805600498C1B20098C0B2DA
:1031D000FFF763FA200007B0F0BD0000F84F0000D1
:1031E0000301070603010706050106060501060699
:1031F0000302070603020706050206060502060685
:10320000081A03D2574909684018401C704700004B
:10321000481002A86C3F0000084000A8180002A84F
:103220001CC000A8643F0000B46000A81C0100AAF4
:103230001C2100AAF8B54C4F0F2401254B4910263C
:103240004B48806B30401BD0012008704948006813
:103250007969FFF7D5FF48490968401801285DDB07
:1032600001F0F6F945490968090B0C40022C53D1CD
:103270006905434A116043490E643D490D604BE0C6
:103280002E023B48006CC0001ED53F480068E0217C
:103290008905014042D0394D286821030140700161
:1032A00081423BD1FFF753FB384A39490968314025
:1032B00002D03849096811602968090B21400229A8
:1032C000F3D0FFF74DFBF1BD33480068002825D04F
:1032D0000D7000F01FFF002820D101F0B9F9274937
:1032E0000968090B2140022916D1264A116069029A
:1032F00039601F490E60214A1168090B21400229DB
:10330000FAD01168090B0C40032C02D029041C4A86
:1033100011600021204A116001F09EF9F1BD80206A
:1033200080041E4908607047802040041B490860E3
:1033300070470000540000AA141100AA4C5001A8C4
:1033400000BF17480168490701D0FF21416170475C
:10335000441002A8184001A8448001A8AC3B00001A
:10336000845000A838C001A80CC001A8613E00002C
:10337000100002A81CC101A8DC3E0000B00002A899
:103380001C1002A8082002A84C4001A8800000AA36
:10339000084000A8904000A8383E00003C2002A849
:1033A0000C4000A87047FF2808D0022806D2FE2152
:1033B00089010978C140C807C00F704700207047D5
:1033C000F0B58020000208219B4A11600A210122E9
:1033D0009A4C01238B400343C1A56D5C1D43A5603E
:1033E000F025974E3560944DC0A6765C0227374392
:1033F0002F6004262E60A74D2D68154006D1D502FA
:103400006D1E03D0A66C3603FAD401E00220F0BD95
:10341000A56CE66C6D036D0BAE4200D21800491E20
:10342000D7D50821864B1960A0609B4909684901DE
:1034300013D59A494B785D1C01262E404E701D0015
:10344000062675434D192468AC80E8800B70FE2079
:10345000800101789A400A4302700020F0BDF1B566
:1034600082B0FFF7E3FB8E48006B400101D40124DA
:103470001CE08C48806B0021884ACBB20624634351
:10348000D3189B8884B2A34204D0491CCBB2022B30
:10349000F3D3FF21117001248149096B490105D53E
:1034A0001078FFF780FF002800D000247C480078C7
:1034B000000608D57A48007F002804D07848407F6D
:1034C000002800D10124784DE86901907748006810
:1034D000E861774E02980068316D4718012F16DBBE
:1034E00000F08FFD3060C001381A01280FDBFFF7B4
:1034F000AAFB00F0A7F802980068316D401800F0B0
:1035000009FE002803D00021029A116010E0694FE3
:10351000C020C00038602868072832D00521084044
:10352000052808D029600C2000F006FE002802D0F3
:103530000199E961FEBD604EFF207A30706204207F
:10354000B062FFF780FB02203060E020C0045B49DE
:10355000486080208004786002203860012000F0FC
:10356000EBFD802080007062022000F0E5FD8020ED
:10357000C00070620820B062022000F0DDFD022071
:10358000B0624F4EE02040003060042000F0D4FDD7
:1035900007003ED10220494908608002B062C001A4
:1035A000B06210203F4908600120F065454800687E
:1035B00040061BD43A48006B400113D537480078C9
:1035C0006946087068460078FFF7EDFE002809D0CC
:1035D000324869460978062251434018C08831496B
:1035E000086403E0FFF7ECFE07001AD12D48012123
:1035F00001600021C167022000F09EFD324E402094
:103600003060C0303060022000F096FD8120C002A2
:10361000B062002C05D02B480068800101D4FFF770
:103620006FF9E969E020400308400199274A0A4000
:103630000243EA613800FEBD889001A8448001A8D9
:1036400088A001A838B5FFF7F1FAFFF7FCFA0224C9
:10365000144804601E4D0820A862C0016862012061
:1036600000F06AFD200268622C600620A8621948FA
:103670006862E0204000144908601048046000219E
:10368000094A1160C021C90001601348006813494C
:10369000086031BD140002A8EC3E00004C3E000062
:1036A000BC3E00000C8001A85C0102A8F80302A83F
:1036B0008C3F0000981002A85C1102A8982002A874
:1036C0002C9001A8500002A82CA001A8FFFFE3FF46
:1036D0005C2102A8F9610000340002A8943F0000B8
:1036E000000000010102040810202000505050404A
:1036F000404040302020200070B50600FFF7A3FABC
:10370000C020C00019490968F822D2010A4001D13D
:10371000174900E0174908601748AC214900816447
:103720000A21016015488021490301608909C160AF
:10373000134C6069AF21C90145183068854200D338
:103740000500401B306000213000FFF788FE316823
:10375000491931600B490968216070BD8020000162
:10376000094908600001094908607047AC8001A858
:103770007C1102A87C2102A80C8001A8981002A844
:10378000903F0000340002A8441002A8685000A82E
:10379000F1B584B0B84800680190B848C06BAF215B
:1037A000C90140180499884205D2081A00F0B2FCF9
:1037B000002800D048E2B24D6868C00700D543E257
:1037C0000420B049C8628003AF498862CF480468CA
:1037D000A86B8607B60F032E03D01020A949C86234
:1037E00024E08022920208468262E86B800601D5BE
:1037F000012061E0200610D5E86B022108400CD1C1
:10380000C34805230360EB6B10273B40194301605D
:1038100000210160A96B090A016004209A49C8626D
:10382000E86B002802D597488262002620060DD555
:10383000B648007F002809D020209249C862C948B4
:103840000068202108409049C8620EE0A86B40073C
:1038500005D5A86BC00080214900084003E08748D7
:103860000069C10701D5FFF739FBE00708D5CD484E
:10387000B1014018006AC004C00C401ECA4908606B
:10388000CA480168090404D5806FC10F012048406F
:1038900000E00020C649C02292000A6032020028DF
:1038A00002D0C020800000E01000C24B1860C02091
:1038B000800048605A600020296C942292050A40DA
:1038C000140000D0012480263602204300062DD0AB
:1038D0008E483021405CC0210140402902D1FFF7D1
:1038E00042F901E0FFF74CF920202860240600D1BE
:1038F000AAE1A86B400709D57008634988620220D5
:10390000D249086000F094FA002807D004205D49ED
:10391000C86240025C498862CC4806607B480078F7
:10392000000600D490E13001564938E16868C007CC
:1039300000D589E1B0005449C862FEF7F2FF9A4809
:10394000406E296C314008D1C00606D5FEF7FFFF56
:103950000221BF4A1160FFF703F8FEF7EBFFF00802
:103960002860C74CC0273F066760A86B4007C10F9F
:1039700068460170EE20C0040199C90700D485E0B3
:10398000C04908603009E0610320BF490864FE2097
:10399000C003486442204860A02020600820BB4942
:1039A00008660420AB490860286CC00238D5B848C6
:1039B0004068010C0391B7490004C00B085A0290FB
:1039C000039810282CD32D490889E72828D3088983
:1039D00095225200904206D8029B101A00094343D8
:1039E000980A434205E0029A9B4BC01800094243E3
:1039F000930A5BB20398C018CA6B94468A6C53430F
:103A00006246D218CA636F2801D36F2002E00F28E4
:103A100000D20F2001020143000408439E490860C0
:103A200098489E498164B90C61600221974A5167A8
:103A3000B90D8160F02109014165F00920610A207A
:103A400000F07AFB6760822040022066012000F0CF
:103A500073FB01206060062000F06EFB66600820AA
:103A600000F06AFB3001606080006060032000F0BD
:103A700063FB700046E000BFFC0302A8683F000043
:103A8000100002A81C2002A81C1002A801994907D6
:103A900040D57C4908607D4E8220C004F0668020BD
:103AA0008000E061C001B066B80C88647C4860604A
:103AB0000A2000F041FB7449002008640860486057
:103AC000A020206008203066022070670A2000F0E5
:103AD00033FB676073482066012000F02DFB062051
:103AE00000F02AFB08206060062000F025FBF80D9E
:103AF0006060082000F020FB60206060032000F080
:103B00001BFB02205349086009E000BFBC3E0000D7
:103B1000E40000AA644A4021002001F007F863484D
:103B20000021C943C16301229349097809061BD5C5
:103B3000A96B490718D4914909680D2905D00F29A7
:103B400003D0102901D011290ED10649896B4905EE
:103B50000AD58B4909681B2906D23C480261C26418
:103B600003E000BF184001A8026000F04AFA834E4B
:103B7000401DC001F16B47188020C0018149496F89
:103B800001400291804908600498874215D2F16B88
:103B9000401A00F0BFFA00280ED002987B49086056
:103BA00052E000BF0C0000AA204000A8684101A814
:103BB000086100A8085100A8049F0198400702D599
:103BC0008020800000E072486060012000F0B4FABC
:103BD000686AB063802040002C490860380000F01B
:103BE00099FA654C68460078002806D16548006857
:103BF00060628020C0038D490860029863490860B4
:103C000020480199490704D580218900816423490E
:103C100003E002218164C02189018164686A306304
:103C200068460078002809D0012000F085FA207845
:103C3000000603D58020000390490860286CC0026C
:103C400002D513480068F06305B0F0BD685000A8C5
:103C500014E50350C82102A8D6FEFFFF80B5FEF789
:103C600076FE8B4900220A600A22CA61FEF778FEBE
:103C70008848C021890201608749416001BD000078
:103C8000681102A8242102A8600102A8B81002A8A5
:103C9000F83F0000C0000000DC4001A80404000060
:103CA000040440000204000012070000786000A82D
:103CB0007A48806B800300D47047F8B5784807686D
:103CC0000024002001252F4202D0C020800102E004
:103CD000790700D57348744902220A6008640820F5
:103CE0007249086072480068C00403D471480068D3
:103CF0000007FBD5704E26487065042000F01CFAC2
:103D00008820C00470653D4007D0A0208003706506
:103D1000012000F011FA694808E0602070658020F9
:103D20004002B060012000F007FA65487065654DFB
:103D30002C606C60C02000067065C00C6249086091
:103D4000012000F0F9F9F0200001F0665F480460FE
:103D5000862040025E4908605E4870650820306039
:103D6000A02030652C646C64802080014B49086081
:103D7000000159490860F1BDBC3E0000683F0000E9
:103D8000448001A820C001A894E001A894D001A813
:103D900002400000F8B5514800680D240440082096
:103DA0000425002C01D1042404E009212140092923
:103DB00000D144404A49102706034A4A4A4B1B682F
:103DC0002B40126814D04A60204004D00220FEF735
:103DD000E5FC46480660254007D045480068074393
:103DE00043480760B008414908600220414915E096
:103DF0000A60204005D00220FEF7D0FCA8023B4913
:103E00000860254006D03A4801680F4307607009F2
:103E1000364908603748066030032F490860FFF7CD
:103E200047FF00210020FEF738FCF1BD1C1002A85E
:103E300010B5802030490A6802400AD02F4A136822
:103E400006241C4005D1546E2D4B2340126D940165
:103E500001D5002010BD096808400DD029488342D3
:103E600003D1100501D5012010BD27480068C10706
:103E7000C90F481E8041C00F10BD00001C2002A8C1
:103E8000224803210164A821C16310210160704709
:103E9000D80000AA442002A804000080100002A854
:103EA000FC0302A8040400002C1102A8106001A861
:103EB000D84001A8104001A8182102A801800000E4
:103EC00089050000600102A8B06101A8548001A822
:103ED000C82102A804340000482002A8B44000A869
:103EE000E43E00001CC101A8480002A8441002A83A
:103EF000643F0000685000A8440002A814C001A854
:103F00001F1F0000010C000030C101A8082002A8FA
:103F10006C4800680121084209D16B4A12686B4B5A
:103F2000000C1840F03291400B40984201D0022022
:103F3000704700207047F8B507000F386A461080B8
:103F4000604CE0680A0004D16B461B8882B29A423A
:103F50003AD200226B461A80012502263A0013D07D
:103F60002268324007D000292ED059480088401CD2
:103F70005749088000203900216156490E6080B2FF
:103F8000B84201D369460D805348456000E030BF18
:103F90002068304003D1FFF7BBFF0028F7D04D4821
:103FA0004560390010D02168314005D048490A8861
:103FB0006B461B88D2180A80066000202061E068EA
:103FC000B84201D244480660FFF7A2FFF2BD38B5FF
:103FD000040000F03DFB0500012199204443A009A5
:103FE0003E4A12688018123880B2FFF7A4FF04001E
:103FF0008020C0013A490860280000F02DFB200015
:1040000032BD334803883549096802889342F9D1A3
:10401000100408187047FEB51238070C694608806E
:1040200000F016FB0190274C294D2888B8421ADA77
:1040300001202C490860274E30BF02202168014032
:1040400006D030604003264908602888401C28803C
:10405000FFF75EFF002802D12988B942ECDB01217D
:10406000716000280DD12888B8420AD1E0686946FD
:104070000988884205D2002168460088FFF75BFF67
:1040800001E0FFF745FF04008020C00114490860EB
:10409000019800F0E1FA2000FEBD10B512490A684F
:1040A0000E4B1B680C689442FAD0DB014033141AA3
:1040B00002D288692418641C0C4800684443181B09
:1040C00010BD0000280002A804ED00E0FF3F000042
:1040D0005C3E0000282002A8281002A8340002A894
:1040E00080E200E02C1002A820C001A8B43F00002C
:1040F000F0B502E00A601C602E607EC84F1C07D03D
:104100005F1C04D06F1CF5D10A601C60F0BD0A6012
:10411000F0BD000010B5C409FFF773FF201A312865
:1041200006DAC000183801D4C01EFDD5002010BD2D
:104130002000FFF770FF10BDC32148436F3801D442
:104140001E38FDD50020704780B5FEF727FB012003
:104150008A49086001BD38B589490D680824894934
:104160000C60FFF7F1FF254001D08748046031BDA6
:1041700080B5EB2000F001F801BD30B583490A6835
:10418000104010231A4210D0814A824C24682340E8
:1041900008D0AF4B1C682402FF252D022540156373
:1041A00000241C6080235B031360086030BDF0B501
:1041B0000024A84D00270BE0BC46075D6F43A60016
:1041C00096597E400F5D6F43374066463743641C07
:1041D0009C42F1D338093843810801434808084319
:1041E0000540E90929430F208A0B0A430240504049
:1041F000F0BDF1B584B00E00954F00203860964DAB
:10420000E87A0090A87A02900F200099014001916D
:10421000009901420DD0019B904A91490498FFF703
:10422000C6FF0299014039608E4841438E480840DC
:1042300001D1012400E044010098001116D03200A1
:10424000009803061B0F29000498019E6D7A7519CA
:104250004019FFF7ACFF02990911014038680A01C3
:1042600002433A60002901D0480044437F48006877
:10427000204001D1042000E0002005B0F0BD80B551
:104280000A00002111807A4952888018FFF7B1FF97
:1042900002BDF0B50F22774B5C7905780F202040E6
:1042A000C5402009284001259C79C4402C4001D1FB
:1042B0000320F0BD374C2468254008D06E4D9E6821
:1042C0004700F65B761E2E608026B601EE60DD7834
:1042D000DE79C640F00711D5E0060FD5002D0DD0D0
:1042E000664848600888488008881C7800192A4079
:1042F00080185A7880182A09801800E00020088069
:104300000020F0BD10B55E4801685E4A08200142F9
:1043100000D09061C90602D58C21090111605A496B
:104320005A4A5B4B1B681B040CD54B685C0402D5D6
:10433000C303136006E0C024A4011C4043029C4256
:1043400000D010600B68034005D0524B1B689B0FD8
:104350009B0700D010600F480078C023034002D1B3
:1043600080204005106008682021084010604A48FD
:104370000068C00101D4FFF7FBFE10BD2C4000A86F
:104380004C4000A84C6000A84C5000A86C3F0000B6
:104390001C1002A8BC3E0000F8B5404F38687E688B
:1043A00006403F4830403F4908608024A4033E4D0A
:1043B000F00226D53D48016801200A0605D53C4992
:1043C0000968A9602870022014E0014202D039492E
:1043D000A9600FE00020C9060CD52849A96036491C
:1043E0008A7813071B0F0978591812098918A980B0
:1043F000E880A888A880002801D0264301E0FFF7C4
:10440000B7FE264023D0274E74603460A888002869
:104410000BD0396A814208D3291D2848AA689047E1
:104420000100F3D0FFF790FEF1BD01000CD0FC219C
:104430008902F16122490203CA6134604C603A6A20
:10444000824204D30C60F1BDEB20FFF796FEF1BD74
:104450003C3E0000010101013C3F0000F43E000031
:10446000343F00001111000021840000F03E0000E4
:10447000143F0000443F0000204000A8BF2100007E
:10448000F84F0000502102A8184001A8481002A8C7
:10449000684101A84C4201A8D04000A8B44000A83F
:1044A000FFFFDFFFB46000A8403E0000BC3E0000FC
:1044B000A43B0000D3210000453F0000D84000A8E5
:1044C000B45000A870B505000C0000F0C1F806005B
:1044D000FEF757FA20020543064805600220064908
:1044E0000860FEF753FA300000F0B6F801200349E7
:1044F000087070BD04C0095040D00950603E0000F3
:10450000FEB5C020C00433490860334833494865CC
:104510003348886533484024046044601020FFF726
:104520000BFE002854D1FF2000052F4908602F48BA
:104530002F4908602F4829490860A5032A480560CB
:104540002D4807680820FFF7F7FD002840D108260E
:104550002A4806600120FFF7EFFD27488068019098
:104560002748066027481D4908601F480560082045
:10457000FFF7E2FD00282BD1204806600120FFF75D
:10458000DBFD1D48806800901D480660134D1E48E5
:1045900028600199009800F03FF88606B60E019851
:1045A000C10B0098C00B00F037F80102FC2080011D
:1045B0000840304328601048076060030A490860DB
:1045C00012480460446012490164124941640020A9
:1045D000FEBD000020E000A8571400004C0102A816
:1045E000FF3FFF3F601102A8B42002A80000380E70
:1045F000B41002A830300000104101A8105101A8E9
:10460000106101A81010000020200000602102A805
:10461000F703F000FF3F000010B54904CA10400442
:10462000C310991A00209A18D30F9A1852105218D2
:104630008B115B0E5B18DB11D2182023541A01D4A6
:1046400022001843CC0F611849105B08F6D110BD49
:10465000EFF3108072B67047002800D162B6704741
:1046600010B5C30018221A40FF249440E343890781
:10467000090E9140020004D47348920892008018F9
:1046800006E0724A0007000F083880088000101802
:10469000026813401943016010BD80B57422542193
:1046A000002000F043FA01BD10B5FFF7D1FF6849C3
:1046B00001220A60674B684C2360684C2360032327
:1046C000674C2360674C2360674B1A60674B1A6026
:1046D000674B80241C601A60664A1A6011228A6344
:1046E000FFF7BAFF3F206449096801400A1D402ACC
:1046F00000D2081D614A1070AD48017010BD80B530
:1047000001001120FFF7ACFF01BDFFF7A1FF05007D
:104710000024012160B2FFF7A3FF641C0E2CF8D324
:1047200001210F20FFF79CFF01211320FFF798FFC5
:1047300001211720FFF794FF03210120C043FFF759
:104740008FFF01211E20FFF78BFF4D484D49086068
:1047500002204D4908600120A049086047044B4CE5
:1047600020693840FCD02068800101D4FEF7B8F8F9
:104770002800FFF771FF46480068000311D4972214
:1047800052005321002000F0D1F90AE000281CD08B
:10479000FEF7DDF819E020693840FCD02800FFF76B
:1047A0005BFF206E0004000F022801D1FEF742FDDE
:1047B000FFF74EFF0500714EFEF7D9F8002870781C
:1047C000E4D0002801D1FEF7CBF801212E48327841
:1047D000002A05D1774A1268920600D4016030BFE2
:1047E00000223270022202607C480160D3E77C48DC
:1047F0000168406808407B4901401748016088070C
:1048000000D4704710B578480188491C0180774C66
:104810002078000617D5764802680F21120B0A404F
:10482000032A10D1A94A12685207520F032A0AD844
:104830000068000B0140032905D10D20FFF78BFC18
:10484000E08A401CE08210BD00E400E01CED00E0C6
:10485000040002A80000FF3F282002A82C1002A894
:1048600040E002A844C002A804C001A8044001A876
:10487000145001A8200060062C8001A85E3E0000B4
:10488000FFFF9B4000E100E0602002A8500002A86A
:10489000F80702A8F8B5574C2068656805408C48B1
:1048A00005605548284007D0FEF774F8002803D06B
:1048B0002800884909688847874801210D4211D09E
:1048C0000222864B1A60864A12680A4007D10268A3
:1048D000F0231B051340902212059342F3D00902E6
:1048E000804A116080210D4220D0A36AF822D201B3
:1048F0001A401BD0C0231B019A4217D880263606C7
:10490000894A1660A76AF822D2013A40384F3F68B8
:104910003F043F0F022F01D0032F03D1002A01D003
:104920009A42EFD3904A1660694A11608F4909781C
:1049300006290DDACC20800128401DD0FFF788FE23
:1049400004002800FDF7BAFC2000FFF785FEF1BD4A
:10495000806B800510D58648284005D0FEF732FBD5
:104960002800FDF7ABFCF1BDA80205D58020400171
:10497000574908607F490860F1BD0000613E0000B2
:1049800010B57D4908684C6804407C48046080216B
:104990000C4205D041607A4801600020FDF78EFC92
:1049A000600403D5802040057649086010BD0000F2
:1049B0005F3E0000F40302A838B5734908684C68EC
:1049C0000440E00707D5FFF743FE0500FDF710FDA3
:1049D0002800FFF741FE6D48046031BD601002A859
:1049E000280002A8FFFF00C05C3E0000BC3E0000A3
:1049F000B00002A8104001A802000600FEB5644CF9
:104A0000206C676C074001252F4216D02E066148A6
:104A10000660206860490D60002802D00021FDF783
:104A2000EDFE5E480068A021C90188428041C04374
:104A3000C00F5B4948705B480660FDF788FF019036
:104A4000022007403ED06268D1B2120A564B0824B9
:104A50004A4E4703012924D0022931D1012A22D10B
:104A60005249C97800915149097801228A40504938
:104A70000A604E4909784905902252048918032298
:104A80000A434C490A6037604B490F601968009A25
:104A900089185965454909788D4048490D6048494C
:104AA0000DE00090DFE7002A0AD146490D600021A1
:104AB000596577603760C104434A116043490C600F
:104AC000354908600198FDF74BFFF7BD184001A874
:104AD000106001A8A83B00000C0002A86C1102A8FD
:104AE000B44000A8B82002A870B5FDF730FF04005C
:104AF000FFF7AEFD2F490A68D2070FD52A4A536D3A
:104B00001568334E3360CB6873604968F18180214A
:104B1000C904204B1960317B69185165FFF79CFD72
:104B20002000FDF71DFF70BDE06101A8002800D046
:104B3000704770B50C00FDF70AFF0500FFF788FD10
:104B40000600FDF71EFF234804600121224A116080
:104B5000026C0A40FCD1FDF719FF3000FFF77CFD25
:104B60002800FDF7FDFE70BDE05101A82C3E0000BD
:104B700000104006145001A890C001A890E001A8C0
:104B80000CC001A804ED00E0C0C000A8C0E000A86F
:104B900000C002A8441002A840E002A8404000A8BB
:104BA000613E0000442002A818C00A50753E000073
:104BB00068E00A5060C101A894D001A868D00A50EA
:104BC000F42302A860E101A880E200E0F41302A847
:104BD0006C3E000000C0095040D0095080B5FDF780
:104BE000D9FE002801D000F0A4FE01BD80B5FDF77C
:104BF00013FFB348006800030AD4FEF7ADF9FFF7CE
:104C000057F8FEF729F90120FFF728F8FEF71AFDFB
:104C100080208005FDF793FE01BD80B5FDF7FCFE09
:104C200080204002FDF78BFE01BDFEB505206949DD
:104C300008606948056801273D4201D1FDF7F6FF8C
:104C4000FDF7EAFE654908680090934849680160ED
:104C5000A905CA0F69460A7100243D4210D000948C
:104C6000984949680160974800688C490B681A1A8E
:104C7000984202D38B69D218521C934B9A42F5D3B7
:104C8000924E346068460079002804D029000098CC
:104C9000FDF7F2FB009000253068384003D16846EC
:104CA000FDF7FCFF0500FEF73CF8002846D08548DC
:104CB000407C002842D19948824EF16802690B6815
:104CC0009A4200D00124964A1378022B0DD2954ABD
:104CD0009446062253436246D25A8C46230018213A
:104CE0004B436146C9184A6000E0022500990191D2
:104CF000F1680122624018235A438C18216801612F
:104D0000A16801609648E1680160216901626069FB
:104D10009449086001A8FDF7C1FF002808D1804927
:104D20000978022904D27F4A06235943515A616007
:104D3000290005000D4301D1777401E0002D02D157
:104D40000098FEF715F88848076002208749086038
:104D5000C820C004AE4908607804FDF7F0FDF7BD37
:104D6000F8B59F4C0020E0638025EF02FDF7D9FFE6
:104D7000002808D09B480078002804D13800FDF7AF
:104D8000DEFD2560F1BD206CC00506D58020000643
:104D9000206000BF00BF40082060FEF7BBF89D48C0
:104DA0000068C021090181439B480160FDF734FE82
:104DB000FDF7FCF90600994899490860FFF70EFFD6
:104DC0003800FDF7BCFD002E00D025600120B94958
:104DD0000870F1BD5C1102A8440002A8B83F0000B1
:104DE000F8B5B54800688F49096801408E480160F0
:104DF0000120FFF784FCFDF70FFE8C484421405C46
:104E00000521014002D0FDF7AEFE01E0FDF7B8FE3E
:104E1000734F012402258548406C284000D03C6037
:104E20001020C043A54908600026A5480660FDF78C
:104E3000B1FD002802D000F0C9FD01E07B4806600A
:104E4000FDF76FFD9F480068396C090407D400071F
:104E500005D5FDF77CFD9C490D60FDF781FDFDF753
:104E600069FDFFF74FFA9948006804400CD0802094
:104E7000000697490968014006D08F49896A0840B1
:104E800002D10D20FFF767F9A804FDF758FD0020B7
:104E9000FFF735FCF1BD0000383E000020C001A83E
:104EA00080B5FDF7B9FD06480068000303D4FDF79F
:104EB000D3FFFEF7C7FB80204003FDF740FD01BD97
:104EC0000C0002A8C83E000001FF0000343E0000B4
:104ED00038B5FDF7A1FD424C2025FEF7A9FF0028BB
:104EE00006D0606B000704D5FEF7CAFFFEF736FC5C
:104EF0002560FDF7B1FFFEF7A5FB764800780C2191
:104F00000140042902D1FDF72EFE01E0FDF738FE35
:104F10006804FDF714FD4020206031BD348001A8F5
:104F20004C3E0000523E00001CB505206A49086056
:104F3000FDF772FDFEF7A4FFB548006800906846D3
:104F4000FEF7DAFB0400FFF749FE002C02D10098BF
:104F5000FEF71EFC80204004FDF7F1FC13BD0000AD
:104F60001C4101A8284000A8442002A8305201A8F2
:104F7000F8B5FDF751FDA74CA56A5020284002D096
:104F8000FDF7F1FD01E0FDF7FBFD154FFEF750FFCA
:104F900000281BD1B86B40071DD4786BE021490174
:104FA000014018D1A80611D4FDF7BBFCA56A9A4EA2
:104FB000354207D0FF20C0432D18A5628020000590
:104FC00096490860FDF7B6FC2E4002D001203860FB
:104FD00001E00020206080208004FDF7B0FCF1BDDE
:104FE000100002A8D93E000080B5FDF715FD8C48E1
:104FF0000068C00501D5FDF72FFF0120FEF72EFE4A
:10500000FEF720FB8020C004FDF799FC01BD0000E5
:10501000106001A80C4001A8086001A870012000E0
:10502000B46000A8883F00000C5001A8A83E000012
:1050300070B528480668FDF7EFFC8024A403794D7D
:105040002968090303D52000FDF779FC70BD032111
:10505000C00601D5314001E0B0080140012902D16C
:10506000FDF781FD0BE0300107D50E20FFF76CF84E
:10507000A0480421016008210160FDF781FDFDF7D2
:10508000F2FD9D4E30699D490860FFF7A7FD30682D
:10509000002807D04000122802D2FFF74DF801E0A7
:1050A000FEF795FF2000FDF74AFCA86B8000FCD4BA
:1050B00070BD0000613E0000084001A8482002A821
:1050C0003C3E0000844000A814E50350404101A884
:1050D000D44101A8EC3E00005C1102A8F8B584B0F0
:1050E000012400250295FDF797FC03904D4E306892
:1050F000000371D40320A2490864A2480068022773
:10510000FF2189010F220F230340032B03D0000B43
:105110000240062A3CD19C4800684A680092326CE2
:105120003A4001D089680091FEF7B7FF0099401816
:1051300001D5019500E00190B06B0007C10F6846F2
:10514000017003229148006B104002281AD1039885
:10515000C00617D58D480068C10512D5F36B8C4980
:105160000B408B4203D11020854908640AE080057A
:1051700008D4306C2821014004D100242748026063
:1051800000E00024684600780290200002D10EE082
:1051900008680190FEF74CFE002808D0FEF770FE6C
:1051A0000298002802D0FEF7D9FA00E000247448E3
:1051B0000760002C11D075483021405C0C21014063
:1051C000042902D0F06BC00602D5FDF7CCFC01E04B
:1051D000FDF7D6FC2020706014E0FDF73DFE802036
:1051E00000060E4908600020C0436A49086001A813
:1051F000FEF782FA0400FFF7F1FC002C02D10198BF
:10520000FEF7C6FA80200004FDF799FB05B0F0BD5B
:10521000CC3F0000C43E000000FFFF00481002A881
:10522000680102A80C0002A8FEB500240194FDF755
:10523000F3FBFFF7D3FC584EF06E584D0007000FFC
:1052400007280ED1706800280BD40020FEF706FD59
:1052500028682A490860FDF781FD3068800044D540
:10526000FBE701200321494A73685B070BD44C4BD1
:105270001B68034007D01368DF050BD55B0502D41C
:105280003368DB0503D40190106B800904E0102023
:10529000444B1860106B0009014000910020FEF79C
:1052A000DDFC0098002805D17068C00602D4FDF727
:1052B00067FC01E0FDF757FC00200199002903D1AC
:1052C00039480068FEF7E9FE6969401801D5009485
:1052D00000E000906846FDF7E1FC002805D1009849
:1052E000FDF746FDA8690549086080200005FDF727
:1052F00026FBF7BD80E200E0AC3F0000383E000036
:10530000F8B5FDF789FB002400252848466B802767
:105310007F05300606D5300709D5FEF7B1FDFEF74B
:105320001DFA29E001251E480068284019D00020F8
:10533000FEF794FC0220064002D01D490C60C861B3
:105340001C480468002D03D02000FDF72DF904004F
:10535000FEF796FD2000FEF71BFA3800FDF7EFFA86
:10536000F1BD15480078C0210140402902D1FDF768
:10537000FAFB01E0FDF704FC20200C490860ECE793
:10538000082002A8B00002A80CC101A8BC3E000081
:1053900010000010B46000A8440002A8BC3F000048
:1053A000B44000A8481002A81CC101A8100002A81F
:1053B000180000AAD83F0000EC3E0000FFF774F987
:1053C000024803494860FFF7A0F900BF4B260000E0
:1053D0000000000080B5EFF305800B2801D23A21D0
:1053E00000E02921922252000020FFF79FFBFEE7F8
:1053F0000203030303040404040505000000000184
:105400000101010202020203030303030404040472
:105410000400000001010101070708080303030558
:10542000040404050505060606070707080302022B
:10543000040404030405050606060607070702021E
:105440000203030303040404040505050505060619
:105450000606010202020203030303030404040418
:1054600004050505050606060C0C0C0C0B0B0B0BB6
:105470000B0B0B0B0B0B0B0B0B0B0B0B0B0B0C0C7A
:105480000C0C0C0C0C0C0C0C0B0B0B0B0B0B0B0B64
:1054900003040404040505050506060606060702BE
:1054A00002020203030303040404040405050505C2
:1054B00005060606020202020707030406070404A3
:1054C0000303030304050603030506070804050692
:1054D0000403040403030405060603040506070881
:1054E000C7BFBEBEBEB5B5B4B4ABABDCDCDBDBD294
:1054F000D2D1D1C8C8C8C7BFBEBEBEBDB5B5B4B491
:10550000B4DCDBDBD2D2D2D11B1B16162E2D2D2AFA
:1055100029292925242420201F1B1B1B162E2D2D55
:105520002A2A29292524242020201F1B1B1B2D2D3E
:10553000BEB5B5B4B4ABABABAAA2A1A1A1A09999D9
:105540009898C7BFBEBEBDB5B5B4B4B4ABABABAA3B
:10555000AAA2A1A1A1999999000000000303030345
:10556000030202020202020203030202020201011A
:105570000101010100000000030303030302020212
:10558000D0C7C6C6C6BDBDBCBCB3B3B2B2B2A9DB40
:10559000DBDADAD1D1D0D0C7C7C6C6C6BDBDBCBC68
:1055A000BCB3B3B2DBDBDADA1F1F2D2B221E2E2E8B
:1055B000323232312D2624303028231F1B2B262255
:1055C0002E322E2E31312D282424302C27231E1A42
:1055D00062675F6D65737361676520726563656996
:1055E0007665727300BE83605ADB0B376038A5F5B1
:0855F000AA9183886C00000001
:0855F800F8B3FB7F0100000085
:0C5600000C560408E0C30620B5000000B2
:10560C0000000000C0EA2101C0EA21010080000076
:10561C00C0175302F8C306200040310800A0000058
:10562C001C100020C8000000FE000000000000005C
:10563C0078EC0308C00A0020300000003D3E000852
:10564C003000000039970008FFFFFFFFFFFFFFFF4E
:10565C00FFFFFFFFFFFFFFFF78010408DEFE640081
:10566C000A002800B4040408000000000000000038
:10567C0054C40620D81A002066E803080200000073
:10568C0075D20008000000000000000000000000BF
:10569C000000000014150000D81A002003000000C0
:1056AC0015D3000800000A5000000000000102039E
:1056BC0040420F0008000000000000000001000044
:1056CC00000000000C1B0020AC3B0520ACBB0420F0
:1056DC00000040400000000003000000A44405202E
:1056EC00C4C4062000000000A44405200C4505207D
:1056FC0074450520000000000000000000000000C0
:10570C00000000000000000000000000000000008D
:10571C00000000000000000000000000000000007D
:10572C00000000000000000000000000000000006D
:10573C00000000000100000000000000100000004C
:10574C00100000000000000000FFFFFFFF00000041
:10575C001F7F0308237F0308277F03080000000036
:10576C002D9703080000000099F0010800000000CC
:10577C00000000000000000045F0010800000000DF
:10578C00000000000000000031F1010800000000E2
:10579C000000000000000000E5F30108000000001C
:1057AC000000000000000000C9FB01080000000020
:1057BC0000000000FFFFFFFF0000000000000000E1
:1057CC00FFFF00006C1704080B990308FFFFFFFF95
:1057DC00B79B0308B39B0308FFFFFFFFFFFFFFFF0F
:1057EC00BB9B0308FFFFFFFF35A10308DF2500006B
:1057FC0031750208FFFFFFFF2000040000000000CD
:10580C00000002001000000000000000000000007A
:10581C0000000000000000000A0001000000000071
:10582C00020008000000576F6D6243617265020050
:10583C000A000800303030303030303000000200C8
:10584C0005000300303030000000020008000500A5
:10585C00302E302E30000000020008000000000046
:10586C0000000000000012000F000000000000000B
:10587C000000000000000000000000001200010009
:10588C000000000002000700000000000000000003
:10589C00000000000000010202001700FFFF0D00D5
:1058AC0000000000BF8FAF7F8700370F101000047F
:1058BC00040F05140A280101010101FFFF01640A0C
:1058CC0001FF0D01FF0F0301CD090008D9EB000802
:0458DC00A509000812
:040000050802986FE6
:00000001FF
